Date,Bank,Open,High,Low,Close,Volume
,,LLOY.L,LLOY.L,LLOY.L,LLOY.L,LLOY.L
2015-01-02,Lloyds,76.10323970891521,76.38189557237641,75.30607893374007,75.78477478027344,54277932
2015-01-05,Lloyds,75.70515027458107,76.03356934006165,74.10287160180852,74.2621078491211,102525515
2015-01-06,Lloyds,74.2720689481366,74.69006038269325,72.52051544189453,72.52051544189453,133810250
2015-01-07,Lloyds,72.9683312582071,73.58834422504397,72.52049265317181,72.65982055664062,108980419
2015-01-08,Lloyds,73.15742423588785,74.06305563139401,72.8986691545426,73.74459075927734,79367070
2015-01-09,Lloyds,73.485840877412,73.69484034550261,72.70958317125373,73.38632202148438,98091442
2015-01-12,Lloyds,73.05790393187321,73.94363457708121,72.47869467596217,73.21713256835938,94250771
2015-01-13,Lloyds,72.78922194791456,73.93370809784864,72.66780541654056,73.6550521850586,91855732
2015-01-14,Lloyds,72.968368444907,73.41620727817336,72.05278244327504,72.55038452148438,120471280
2015-01-15,Lloyds,72.72951111274237,73.82423400878906,71.58502497891008,73.82423400878906,122202372
2015-01-16,Lloyds,73.27686455674136,74.31187758225721,72.91759586783454,74.0829849243164,111260890
2015-01-19,Lloyds,72.89865243841679,74.54073964330284,72.58018763932614,74.29193878173828,76693861
2015-01-20,Lloyds,74.64028415300987,75.5857247151604,74.37158247089208,75.13788604736328,102776867
2015-01-21,Lloyds,75.19760023860297,75.50611859423366,74.311869422327,75.22745513916016,144256028
2015-01-22,Lloyds,75.47625397262094,75.7350090914915,74.79952266493302,75.28717041015625,134647722
2015-01-23,Lloyds,75.35684631217717,75.93107487610764,74.75972544486369,75.16775512695312,135616839
2015-01-26,Lloyds,74.52082933639069,75.66531478764648,74.08294499481072,75.63545989990234,80665003
2015-01-27,Lloyds,75.79473500566401,75.87434554958836,74.56067666479372,74.76966857910156,111800401
2015-01-28,Lloyds,75.31702921999421,75.5260211216541,73.97350551343614,74.40144348144531,183992062
2015-01-29,Lloyds,73.96352001263372,74.60044961245492,73.48581901636796,74.50093078613281,99582304
2015-01-30,Lloyds,74.8691755261809,75.02840416531821,73.37437311258104,73.39627075195312,111287711
2015-02-02,Lloyds,73.36644414807394,74.122801355845,72.57027786696712,73.31668090820312,137679310
2015-02-03,Lloyds,73.51570522793683,74.80946557333696,73.40623220580576,74.61042785644531,114107640
2015-02-04,Lloyds,74.66017556257731,75.05825854689824,73.65502532834867,74.19243621826172,108405593
2015-02-05,Lloyds,73.64509425782242,75.27225488531478,73.38534444066394,75.16775512695312,129225243
2015-02-06,Lloyds,74.9289084051525,75.66535722279303,74.829389525926,75.4464111328125,97644894
2015-02-09,Lloyds,74.89904985898954,75.20159270394682,74.10288367828056,74.56067657470703,76965688
2015-02-10,Lloyds,74.4113912668804,75.13789344499651,74.21235352666389,74.6502456665039,97003461
2015-02-11,Lloyds,74.28200405164479,74.52384237911559,73.45598315291167,74.033203125,116919732
2015-02-12,Lloyds,74.03321949625062,75.13789646225909,73.81427341753854,74.07302856445312,171262869
2015-02-13,Lloyds,73.88392490520884,75.77481356492319,73.83416927296501,74.98860168457031,149400768
2015-02-16,Lloyds,74.8990437479418,78.47182191874094,74.85923468287406,75.36679077148438,68182943
2015-02-17,Lloyds,74.89905292152994,76.77003365205395,74.89905292152994,76.66056060791016,131302008
2015-02-18,Lloyds,76.97902132865748,77.51643235404724,76.48141937101548,76.9193115234375,115917224
2015-02-19,Lloyds,76.92926021784508,77.45671704058763,76.43165829558943,76.8595962524414,97685401
2015-02-20,Lloyds,76.80982910609386,77.99412405036479,76.68244466053791,77.60599517822266,163816073
2015-02-23,Lloyds,77.87469527557785,79.11869999244011,77.72541319099393,78.64099884033203,157129418
2015-02-24,Lloyds,78.94952057516277,79.22817642889888,78.38225470354212,78.83009338378906,190128527
2015-02-25,Lloyds,78.83009993186167,79.1386107108672,78.52158915285614,78.85995483398438,132596556
2015-02-26,Lloyds,78.86989214465876,79.62624907228283,78.12348937988281,78.12348937988281,212277882
2015-02-27,Lloyds,79.61630519432359,79.70586989312197,78.3225371977948,78.62110137939453,261336205
2015-03-02,Lloyds,78.37231813517334,79.61234455550638,77.95930754751497,79.60636901855469,203143672
2015-03-03,Lloyds,79.61630216396668,80.06414082651808,78.95946402656887,79.05899047851562,156582737
2015-03-04,Lloyds,78.91967255548938,79.4869384765625,78.52158947567594,79.4869384765625,134809615
2015-03-05,Lloyds,79.61632460386345,80.79066569548262,79.29388097965764,80.55181884765625,177584135
2015-03-06,Lloyds,80.73092562780388,81.42756516990019,80.41942335146554,81.03943634033203,179462230
2015-03-09,Lloyds,80.99962433907189,81.10909734782435,79.80836696896516,79.9845199584961,129158789
2015-03-10,Lloyds,80.08405094396855,80.15371490620697,78.23297126985909,78.37229919433594,145200911
2015-03-11,Lloyds,78.68080299849635,79.06893183854243,77.48656158186255,77.78512573242188,143166702
2015-03-12,Lloyds,77.76521591036979,79.62624954841459,77.65076961173757,78.82012939453125,191558975
2015-03-13,Lloyds,79.15851235059253,79.30779444139239,78.27278156272988,78.62110137939453,125446888
2015-03-16,Lloyds,79.01918461470636,79.23813066936778,78.4419645783813,78.96942138671875,149987027
2015-03-17,Lloyds,79.11868936678809,79.536673073246,78.62108754687118,79.0788803100586,138974548
2015-03-18,Lloyds,79.0191868834817,79.41726994040458,78.48177589555623,79.11870574951172,149980532
2015-03-19,Lloyds,79.27794200940198,79.49688047754692,78.86990478803527,79.11870574951172,158815738
2015-03-20,Lloyds,79.61630285186834,80.24327850341797,78.72061792622435,80.24327850341797,316386458
2015-03-23,Lloyds,80.01438364712159,80.64135928113812,76.63367332320843,80.09400177001953,141320482
2015-03-24,Lloyds,80.40251363279012,80.61150551372647,79.86510268489567,80.2034683227539,128294906
2015-03-25,Lloyds,80.34280707792854,80.62146293042048,79.88202267138415,80.11390686035156,138566887
2015-03-26,Lloyds,79.6163121864286,80.09401340038059,78.62110828409824,79.34761047363281,150315725
2015-03-27,Lloyds,79.36749988563147,79.72080056137851,78.4419600848205,78.67086029052734,123998202
2015-03-30,Lloyds,79.4570625817522,79.4570625817522,78.68678041819034,79.00922393798828,101321744
2015-03-31,Lloyds,79.00923315691598,79.26798828427032,77.92446460341208,77.90455627441406,161775894
2015-04-01,Lloyds,78.04387509989964,80.03428257049826,77.83488322662302,79.00922393798828,215994003
2015-04-02,Lloyds,78.05126013610978,79.33519534886928,78.05126013610978,78.70816040039062,99901518
2015-04-07,Lloyds,79.65369522961491,80.19115704399964,78.7081651966453,79.7233657836914,156773840
2015-04-08,Lloyds,79.39490152552993,79.71837786403692,79.16598728574422,79.30532836914062,110793916
2015-04-09,Lloyds,79.62382335883518,79.65368107763162,78.62055996486157,79.30532836914062,128618569
2015-04-10,Lloyds,79.22570116967145,79.37499735424538,78.40955729998926,78.92711639404297,116428510
2015-04-13,Lloyds,78.79771241772411,79.22768020892221,78.37968923093686,79.0266342163086,70990947
2015-04-14,Lloyds,78.63849268822389,79.55416497433576,70.56662575422497,79.52430725097656,141123486
2015-04-15,Lloyds,79.50439076077795,80.19114871788474,79.31528932993065,79.96222686767578,143981080
2015-04-16,Lloyds,80.22101277442674,80.22101277442674,79.26552765932905,79.52430725097656,117197029
2015-04-17,Lloyds,79.62382192460318,79.89254898245018,78.03930501314028,78.37969970703125,152657700
2015-04-20,Lloyds,78.74797325443883,79.18589917058635,77.9766158566448,78.220458984375,123389811
2015-04-21,Lloyds,78.6683400792437,79.12617616216723,77.96167954298005,78.64842987060547,117137665
2015-04-22,Lloyds,78.74796655533922,78.96692569802589,77.14553645148641,77.86215209960938,140516091
2015-04-23,Lloyds,77.93182568812382,78.68028858741988,77.3495697561369,78.61857604980469,118765641
2015-04-24,Lloyds,78.50909872908332,79.05651563318166,78.17070107456483,78.72806549072266,106686162
2015-04-27,Lloyds,79.10628096981486,79.10628096981486,77.71286238165767,78.28018188476562,103818289
2015-04-28,Lloyds,77.93181684966355,78.12091825853956,76.74741009743109,77.63322448730469,131563887
2015-04-29,Lloyds,77.95173123774576,78.62853411360368,77.05596160888672,77.05596160888672,115184472
2015-04-30,Lloyds,77.53372596779911,78.21052900100578,75.74218629356908,77.01616668701172,197184464
2015-05-01,Lloyds,79.62382400118874,82.97798032090587,78.93706608925221,82.48033142089844,465081912
2015-05-05,Lloyds,83.08748293221905,83.60503456696037,82.02251434326172,82.02251434326172,294966462
2015-05-06,Lloyds,82.94811421172322,83.22680397160734,81.6144188174014,82.29122161865234,219388501
2015-05-07,Lloyds,82.05234475259321,82.3011691773951,80.96746631182725,81.7437973022461,197116222
2015-05-08,Lloyds,88.58151966473181,88.58151966473181,86.06341700607975,86.4416275024414,520404024
2015-05-11,Lloyds,86.09325128944258,86.98902074063767,85.99670729077778,86.19277954101562,212055374
2015-05-12,Lloyds,85.95392431265661,87.63598013607246,85.68518963647344,86.6108169555664,204686323
2015-05-13,Lloyds,86.7899788812529,88.37250658275839,86.47148383850325,88.32273864746094,250038275
2015-05-14,Lloyds,88.3326579661333,88.73475750994112,87.77529376551209,88.40232849121094,142648470
2015-05-15,Lloyds,88.58150482177734,88.78056134576673,88.12366874178602,88.58150482177734,167482269
2015-05-18,Lloyds,87.83503115639081,88.52178907071267,87.1980411696504,87.72554779052734,156471363
2015-05-19,Lloyds,87.68571751185002,87.9843098308596,87.37717768412006,87.58618927001953,162949370
2015-05-20,Lloyds,87.58620906766507,88.03409005389861,87.23287499675475,87.3174819946289,154246010
2015-05-21,Lloyds,87.46676900046727,87.63597539961235,86.97011484545742,87.42695617675781,83029996
2015-05-22,Lloyds,87.41701848995709,87.99429310833914,86.85964648890659,87.56631469726562,120092903
2015-05-26,Lloyds,86.59091233832683,87.44885859298107,86.2326045073763,86.41175842285156,141183605
2015-05-27,Lloyds,86.2923171625327,87.65587789705236,86.26245944317061,86.99898529052734,113292743
2015-05-28,Lloyds,86.93927477503082,87.59617506965022,86.59092200978756,87.52650451660156,86598482
2015-05-29,Lloyds,87.28762162696415,88.14357841701545,87.02884964375443,87.35729217529297,176304098
2015-06-01,Lloyds,87.60611304936468,88.7606621954244,87.58621043359673,88.24311065673828,163897936
2015-06-02,Lloyds,87.77531820552593,88.83033147717727,87.44686809862775,88.233154296875,230294094
2015-06-03,Lloyds,88.11370495923579,88.92984877684195,87.36723167751605,88.51182556152344,129035516
2015-06-04,Lloyds,88.43222808683424,88.43222808683424,87.08857727050781,87.08857727050781,162118167
2015-06-05,Lloyds,87.28762089974163,87.31748621465108,86.29232302132486,86.68048858642578,129819608
2015-06-08,Lloyds,86.43165824167276,86.80987626961488,85.89420410615867,86.02359008789062,101934753
2015-06-09,Lloyds,85.6752435859324,86.83974028652752,85.56576021132737,86.0733642578125,139287778
2015-06-10,Lloyds,85.9041432613311,86.72028708303155,85.60555850325665,86.32217407226562,124622319
2015-06-11,Lloyds,86.35202701314326,87.03877723419798,86.03353206603306,86.71033477783203,114074378
2015-06-12,Lloyds,86.70038133928918,87.9445034368068,86.08229929430905,86.54113006591797,128697831
2015-06-15,Lloyds,86.13308248807121,86.58096351247931,85.57571808551526,85.97383117675781,106286305
2015-06-16,Lloyds,85.60555978865273,85.85438422087708,85.26715461219769,85.29701232910156,156841015
2015-06-17,Lloyds,85.51598374646917,86.590907175227,85.20744386347218,85.94396209716797,210422425
2015-06-18,Lloyds,85.99373313780183,86.49138204763457,85.20744694904373,85.7249984741211,209722060
2015-06-19,Lloyds,85.82452704201687,86.68047610819717,85.41645132572151,86.09325408935547,456391992
2015-06-22,Lloyds,86.74021803825295,86.98904252626083,86.18284602152117,86.67054748535156,182985461
2015-06-23,Lloyds,86.75016316412895,87.10846339960197,86.13307577119231,86.59091186523438,126154255
2015-06-24,Lloyds,86.25251515706225,87.0885617045362,85.89420732428198,86.72029876708984,124219844
2015-06-25,Lloyds,86.59089279349088,87.6260032277617,86.46150683677637,87.10844421386719,149211761
2015-06-26,Lloyds,87.04874012472085,87.2079914092825,86.33212453123184,86.65061950683594,123152398
2015-06-29,Lloyds,84.61026795642341,86.23260063392316,84.59035774808721,85.46622467041016,177170033
2015-06-30,Lloyds,85.08801208754502,85.85439569357835,84.66003370318772,84.83918762207031,201752094
2015-07-01,Lloyds,85.59561943111736,86.75016864042685,85.41547075414452,86.45157623291016,193879301
2015-07-02,Lloyds,86.3719305741252,86.44160110727356,85.63541242462563,85.80461120605469,119440609
2015-07-03,Lloyds,85.80463833956627,85.90416661932024,84.73966979980469,84.73966979980469,95315517
2015-07-06,Lloyds,84.10269396046623,84.36147360653082,83.62196325143552,83.75434112548828,124032492
2015-07-07,Lloyds,84.60031645638601,84.77947037144622,83.59108450670152,83.60501861572266,153219757
2015-07-08,Lloyds,83.555264256426,84.45103397720827,81.8433580710124,81.94288635253906,267941976
2015-07-09,Lloyds,81.91302146372956,83.60502488227212,81.61442905174184,83.1670913696289,164171079
2015-07-10,Lloyds,83.10736506611327,84.50078348412924,82.90830854647648,83.93346405029297,162764824
2015-07-13,Lloyds,84.89891815185547,85.27712863909645,84.40126917697594,84.89891815185547,148012113
2015-07-14,Lloyds,84.78941736627614,85.43635482601448,84.46992764045532,85.24725341796875,118023307
2015-07-15,Lloyds,85.23730719787142,85.71505350663544,85.0581532812749,85.25721740722656,106123146
2015-07-16,Lloyds,85.40651260366666,86.23261170472577,85.1089225331592,86.10322570800781,140625409
2015-07-17,Lloyds,86.30227859033195,87.06666511738406,85.98378357126688,86.9890365600586,148303785
2015-07-20,Lloyds,86.77006295205626,87.45682086749915,86.77006295205626,87.17813110351562,91428614
2015-07-21,Lloyds,87.51652852018333,87.70563751625433,86.84968087253785,87.23784637451172,123519916
2015-07-22,Lloyds,86.5112997083527,87.21796037199057,85.98379298715265,86.76012420654297,142269026
2015-07-23,Lloyds,87.2577550365613,87.55634740963353,85.88424682617188,85.88424682617188,126720509
2015-07-24,Lloyds,85.49607987051155,85.91012410687885,84.82325608803485,84.9586181640625,100363281
2015-07-27,Lloyds,84.84913618829079,85.10791573862822,84.25195903587475,84.42115783691406,142511602
2015-07-28,Lloyds,84.83919807955866,85.17760334294736,84.25197591354554,84.73966979980469,123839353
2015-07-29,Lloyds,84.86904439363848,85.40650614427433,84.65804325396543,85.19749450683594,204278366
2015-07-30,Lloyds,85.59561404699129,86.20274633550386,85.33683448298923,85.61551666259766,163613619
2015-07-31,Lloyds,85.59560594542599,86.04348689261649,82.7988217159725,82.80876922607422,319963946
2015-08-03,Lloyds,82.45046811289563,83.73440321735248,82.3907526733692,82.67938995361328,161848144
2015-08-04,Lloyds,82.24144277338138,82.67937617296846,81.59450537028768,82.08219909667969,171131219
2015-08-05,Lloyds,82.32108385061304,82.85854559814774,81.67413873264424,82.51019287109375,190309582
2015-08-06,Lloyds,82.35095316006844,83.24672286535264,82.31114032944237,82.9083251953125,128534193
2015-08-07,Lloyds,83.14717070301772,83.18698352220828,81.4850253677857,81.7437973022461,122413479
2015-08-10,Lloyds,81.95280459155369,82.11205585992845,79.932351583539,80.9177017211914,208706301
2015-08-11,Lloyds,80.62908280957161,81.08691891988181,79.99209277839914,80.6987533569336,145115289
2015-08-12,Lloyds,79.99209269655961,80.57533579152467,79.14210442609287,79.7830810546875,257973532
2015-08-13,Lloyds,79.8204036787049,80.66050781832472,79.05394838514049,79.08380889892578,123284110
2015-08-14,Lloyds,79.2629847046262,80.55699607674168,78.95043653960406,79.73081970214844,117583771
2015-08-17,Lloyds,80.25838795878735,80.25838795878735,79.19331970195636,79.63129425048828,104675414
2015-08-18,Lloyds,79.58148475603745,80.11899665431939,79.35851820757593,79.90996551513672,106553860
2015-08-19,Lloyds,79.73080510661245,79.8502547418466,78.4965225861107,78.54629516601562,103736520
2015-08-20,Lloyds,77.83958173864717,78.81407352326244,77.7480104953578,77.99884796142578,127096190
2015-08-21,Lloyds,77.04327120079857,77.8684451822509,75.48548172862576,75.50041198730469,158915757
2015-08-24,Lloyds,72.77303648345288,74.77377451615106,71.83736651502306,73.12142181396484,360853715
2015-08-25,Lloyds,75.1520221527051,77.54096212408759,74.65432664176004,76.32658386230469,262946020
2015-08-26,Lloyds,76.03792366169729,76.94373318577374,74.71405170846151,75.72935485839844,153043319
2015-08-27,Lloyds,77.6504565713467,77.78981070835758,76.80437571257183,77.32197570800781,175478368
2015-08-28,Lloyds,77.35184975625432,77.74005171930317,76.47590822833962,77.02336883544922,131473530
2015-09-01,Lloyds,76.18723279805828,76.70881978018583,74.54483602688465,75.21174621582031,180146654
2015-09-02,Lloyds,75.60989829741169,76.49579566638404,74.46519714599545,75.51036071777344,118535442
2015-09-03,Lloyds,76.15735391706028,76.94371357774217,75.83882915779172,76.56546020507812,118362763
2015-09-04,Lloyds,75.9383683491068,76.24494739226867,74.92008090396321,75.17191314697266,130486657
2015-09-07,Lloyds,75.73929038520937,76.11754378976107,74.83348860983386,75.32122802734375,59293677
2015-09-08,Lloyds,75.72934091372177,76.77449679416681,75.45063267893643,75.53025817871094,123969098
2015-09-09,Lloyds,76.64511108398438,76.95367988027245,76.10759900403572,76.64511108398438,151161680
2015-09-10,Lloyds,75.40085113433763,76.45596292467806,75.10223086443085,75.96822357177734,232823490
2015-09-11,Lloyds,76.18723205317177,76.21709256966335,75.26947682491904,75.43073272705078,105794400
2015-09-14,Lloyds,75.64970989556772,75.92841813800091,73.83809872552202,74.14666748046875,126163878
2015-09-15,Lloyds,74.24622383730474,75.57009591802166,73.61913013318028,75.2316665649414,197060721
2015-09-16,Lloyds,75.47053282013138,75.65965950897038,74.73394572847702,75.15200805664062,122397523
2015-09-17,Lloyds,74.92308061267985,74.92308061267985,73.69875388014837,73.95755767822266,190562453
2015-09-18,Lloyds,73.58924063704497,73.66887372202515,71.26997829804245,72.37486267089844,488941076
2015-09-21,Lloyds,72.27534223902423,74.08695358336551,72.12802175632294,73.88787841796875,129027864
2015-09-22,Lloyds,73.79827417643796,74.00730533560031,71.96675872802734,71.96675872802734,148376143
2015-09-23,Lloyds,71.81746884317828,73.43995359004032,71.81746884317828,72.61377716064453,127696559
2015-09-24,Lloyds,73.01191728740591,74.1566182831051,72.87355802008791,73.4996566772461,190165631
2015-09-25,Lloyds,74.31589880880514,75.53026950036585,74.06705104841278,75.16197967529297,209363990
2015-09-28,Lloyds,74.52491588300815,75.07237629551007,73.58924605122334,73.74850463867188,155013499
2015-09-29,Lloyds,73.03182950902044,73.44989184403846,72.7929302368134,73.0218734741211,145433068
2015-09-30,Lloyds,74.0670477554318,75.15202029727433,73.8878770721459,74.81359100341797,177155664
2015-10-01,Lloyds,75.5899966548585,76.00805906156066,74.51497252828365,74.8733139038086,141403257
2015-10-02,Lloyds,75.66961810902649,77.36178731257644,75.07736686172593,76.19718170166016,213498025
2015-10-05,Lloyds,77.39164751089882,77.62655983933847,76.65506032335323,76.91385650634766,152002576
2015-10-06,Lloyds,77.20253251268943,77.20253251268943,76.01802224894347,76.55553436279297,147725946
2015-10-07,Lloyds,76.79441885766998,77.3916519519579,76.00805903906908,76.32658386230469,142784021
2015-10-08,Lloyds,76.10759169662109,76.50574959845397,75.31128348718566,75.92842102050781,116667299
2015-10-09,Lloyds,76.38629864883754,77.26523206926704,75.99809678957459,76.85413360595703,112355384
2015-10-12,Lloyds,76.87405038235715,77.0432650299859,75.47054542510179,75.55017852783203,107223357
2015-10-13,Lloyds,75.24159653530297,75.55017288678472,74.12676355724277,74.40547180175781,163122263
2015-10-14,Lloyds,74.09692159832714,74.41544647099279,73.53949737548828,73.53949737548828,117123682
2015-10-15,Lloyds,73.66888088852293,74.35569542916063,73.25778245169435,74.28601837158203,117505616
2015-10-16,Lloyds,74.78370887231468,75.2027736284398,74.38256649711911,74.85338592529297,99311361
2015-10-19,Lloyds,74.82353392100154,75.41081851505551,74.63441480955203,75.12215423583984,84608098
2015-10-20,Lloyds,75.27148312310943,75.58403133366888,74.71405890298907,75.2316665649414,141071103
2015-10-21,Lloyds,75.5800290447221,76.0777244796026,75.14205463187376,75.9582748413086,121644119
2015-10-22,Lloyds,75.91847905341015,76.62919282453215,75.53027711559665,76.3763656616211,120998612
2015-10-23,Lloyds,76.9238148740738,77.64049760550924,76.4241296881819,77.47128295898438,141293852
2015-10-26,Lloyds,77.20252040487023,77.64546907817149,76.88399560153259,77.1427993774414,81160928
2015-10-27,Lloyds,77.34185606829142,77.44140121588272,76.72471868090516,77.04324340820312,112439327
2015-10-28,Lloyds,73.26077003151295,74.04712976788554,73.0616948856442,73.65892791748047,290695475
2015-10-29,Lloyds,73.43993999890768,73.9575475239897,71.73085854816513,73.87791442871094,251076921
2015-10-30,Lloyds,74.15662252214133,74.33579318905127,72.56399859084738,73.39017486572266,158094748
2015-11-02,Lloyds,73.1811528027438,74.81360124858406,72.93230501933722,74.65433502197266,104636464
2015-11-03,Lloyds,74.654333725509,74.78373183670986,73.69875916513027,74.12677764892578,105038860
2015-11-04,Lloyds,74.46518734548656,74.67421851348504,73.4697964916483,73.50961303710938,126411878
2015-11-05,Lloyds,73.82816170157426,73.82816170157426,72.48438513281575,72.56401824951172,120113210
2015-11-06,Lloyds,72.52418232908536,73.68878787147442,72.29523907826436,73.4001235961914,117274316
2015-11-09,Lloyds,73.67883918950756,74.0073200452926,72.65358766469122,72.66354370117188,109216829
2015-11-10,Lloyds,72.67352138229339,73.09158390822536,72.31517990457084,72.62374877929688,107057480
2015-11-11,Lloyds,72.70336668246664,73.42999793096959,72.36492976027088,73.1114730834961,69811562
2015-11-12,Lloyds,73.25082934391698,73.3503745319387,72.10613562398333,72.20567321777344,99712090
2015-11-13,Lloyds,72.23551712054547,72.673491545555,71.96676491970861,72.40473175048828,99304619
2015-11-16,Lloyds,71.9667630528205,72.85266032098703,71.90305506010144,72.34500885009766,80553107
2015-11-17,Lloyds,73.26076499976531,73.63403656830444,72.89247524578028,73.4996566772461,110125654
2015-11-18,Lloyds,73.42998466492438,73.74453007831943,73.20104900659832,73.65892791748047,84476077
2015-11-19,Lloyds,73.74851901041843,74.05709539899614,72.72924410711977,72.99202728271484,212597855
2015-11-20,Lloyds,73.26078449799746,73.34041760976177,71.44917297363281,71.44917297363281,208513417
2015-11-23,Lloyds,71.37949589939693,71.76769782645853,70.85193982386355,71.44917297363281,106890690
2015-11-24,Lloyds,71.42927050046605,71.56862465285464,70.22484812954644,71.27000427246094,261759820
2015-11-25,Lloyds,71.30981577321704,72.06631511413798,71.29985973611471,71.83737182617188,140668394
2015-11-26,Lloyds,72.06631463701316,72.89249104371812,71.73783376289224,72.7929458618164,83225081
2015-11-27,Lloyds,72.58390790522633,73.4598568214924,72.414693262486,73.06169891357422,65455736
2015-11-30,Lloyds,71.76771164854112,75.21176465622293,71.66817403678108,72.62374877929688,148974404
2015-12-01,Lloyds,74.80362842235238,75.17191819882893,74.05708523968265,74.36565399169922,219889534
2015-12-02,Lloyds,74.65429464733135,74.85336972869987,74.09986287555017,74.10682678222656,116393843
2015-12-03,Lloyds,73.9575550513508,74.29598434938578,72.66354370117188,72.66354370117188,170320753
2015-12-04,Lloyds,72.82281023198647,73.0417898759202,72.40474023447665,72.67350006103516,83265946
2015-12-07,Lloyds,73.2309229718724,73.65894144892596,72.07627324410579,72.14595031738281,86541385
2015-12-08,Lloyds,72.15589257341672,72.19073490418333,70.98133087158203,70.98133087158203,191576570
2015-12-09,Lloyds,71.46908081044896,71.63829546723976,70.34428405761719,70.34428405761719,127907874
2015-12-10,Lloyds,70.27460417310148,72.10612759056016,69.92621883653429,71.70796966552734,150274468
2015-12-11,Lloyds,71.40933884586055,71.76768016639039,69.5778232913566,69.68731689453125,124499131
2015-12-14,Lloyds,69.97598513061003,70.43386404523046,68.25395548728892,68.36344909667969,132788743
2015-12-15,Lloyds,68.79145878621932,70.59311370382194,68.79145878621932,70.01578521728516,148969299
2015-12-16,Lloyds,70.33433886999373,70.41396438648965,69.62760450507768,70.2049331665039,130989875
2015-12-17,Lloyds,71.2003111077053,71.76768362686335,70.67275513655152,71.00123596191406,110414313
2015-12-18,Lloyds,70.65284154384915,71.42326848592734,70.46868908381057,70.71256256103516,334819913
2015-12-21,Lloyds,70.42390307689892,71.568604080387,70.41394704195254,70.62297821044922,84476990
2015-12-22,Lloyds,71.10078052734228,71.56861551961477,70.61004892930228,70.98133087158203,55402909
2015-12-23,Lloyds,71.46907508890536,73.44990100405167,71.39342136500277,73.310546875,105693991
2015-12-24,Lloyds,73.16123962402344,73.32548005285445,72.36492377409687,73.16123962402344,18116240
2015-12-29,Lloyds,73.26077003151295,73.87791513447411,72.66353699967668,73.65892791748047,73868345
2015-12-30,Lloyds,73.22097140610137,73.6489899092941,72.8825420564397,73.26078796386719,43620349
2015-12-31,Lloyds,72.13598228975124,73.69377153350867,72.13598228975124,72.73321533203125,21470851
2016-01-04,Lloyds,71.8771862314152,72.29524864643919,70.43387225820953,71.04106140136719,131789192
2016-01-05,Lloyds,71.96675856649763,72.06629612860449,70.84196209142537,71.24011993408203,133545553
2016-01-06,Lloyds,71.17046318591481,71.20032370364306,70.18701781834308,70.67276763916016,128433516
2016-01-07,Lloyds,69.37873941978576,71.07090842650585,68.5625192240552,69.16970825195312,215183324
2016-01-08,Lloyds,69.50815624811268,70.3542370901669,68.55258178710938,68.55258178710938,128699010
2016-01-11,Lloyds,68.68196648224259,69.88638846142078,68.54261237517929,68.61228942871094,220833823
2016-01-12,Lloyds,68.45304241838951,69.7868704377432,68.33360034702417,68.98060607910156,132281416
2016-01-13,Lloyds,68.99054557527732,69.20754311498936,67.15902983903348,67.48751068115234,179968457
2016-01-14,Lloyds,66.80068672325568,67.01967394556627,65.30760031029821,66.22335815429688,242747694
2016-01-15,Lloyds,66.19350159738609,66.7409696858838,64.32216924855595,64.41175079345703,246968470
2016-01-18,Lloyds,64.29230049994253,65.34742011507807,62.04272232685201,63.66520690917969,170583545
2016-01-19,Lloyds,64.38188576403117,66.19349695589705,63.70501962672798,65.47681427001953,210170994
2016-01-20,Lloyds,64.16290142577648,64.16290142577648,60.718849558829234,63.75479507446289,189241743
2016-01-21,Lloyds,63.30685835664516,64.73026761673435,62.49063814000707,64.40178680419922,171673945
2016-01-22,Lloyds,65.70575338667217,67.00971299486102,65.5166266914156,66.55183410644531,142263043
2016-01-25,Lloyds,66.37267668428005,66.42244927534722,62.84899139404297,62.84899139404297,190843090
2016-01-26,Lloyds,62.01285925445434,64.91940298241376,61.57488857637404,64.4316635131836,163795325
2016-01-27,Lloyds,64.43166942875517,64.63074461163202,62.759408275087054,64.62078857421875,171526712
2016-01-28,Lloyds,64.95922175375539,65.39718864968509,62.95848362597605,63.77470397949219,109003837
2016-01-29,Lloyds,64.53119351867295,65.3971787366563,63.92400446543665,65.15828704833984,175574798
2016-02-01,Lloyds,65.45691723151556,65.72566947214617,63.29691668982977,63.8941535949707,145104318
2016-02-02,Lloyds,63.54575864385111,63.904096197650134,61.28622072302242,61.65451431274414,192112600
2016-02-03,Lloyds,61.316076233096155,62.142252479966345,59.97031038576075,60.41027069091797,171536717
2016-02-04,Lloyds,61.71424228790919,63.00824983452292,60.47000353210456,62.48069381713867,127439872
2016-02-05,Lloyds,62.83904307603413,63.167520174308144,61.21655447156288,61.51517105102539,142689278
2016-02-08,Lloyds,62.70963316442245,62.898756087956805,58.73304717218827,59.08641052246094,168444396
2016-02-09,Lloyds,58.79774191260465,59.9424430005861,56.73728299193008,57.86207580566406,269347254
2016-02-10,Lloyds,58.290095071339394,59.048580206676476,57.35442515344468,58.13083267211914,190492315
2016-02-11,Lloyds,57.513692398247905,57.514687242491554,55.58263517036955,55.74189758300781,167531274
2016-02-12,Lloyds,56.82687161282822,58.21046447753906,56.315240706146,58.21046447753906,153947298
2016-02-15,Lloyds,59.434791840793096,60.12161401636543,56.428710760263314,59.56419372558594,167523253
2016-02-16,Lloyds,59.95239500730712,60.61930890211549,59.086405965024056,60.27091979980469,119149806
2016-02-17,Lloyds,60.60935827545696,62.77931099119745,60.23310211226716,62.50060272216797,123795071
2016-02-18,Lloyds,63.087880169055055,63.247142570924595,61.78391664323148,62.1522102355957,107730262
2016-02-19,Lloyds,62.15222076644296,62.868903594845634,60.83830477911527,61.51517105102539,126240675
2016-02-22,Lloyds,62.16217230307435,63.36758941566832,61.744106084405594,62.82908248901367,142297476
2016-02-23,Lloyds,62.271660020116926,63.685113365140396,62.092489342985054,62.63995361328125,123837862
2016-02-24,Lloyds,62.709634508462464,63.301893382785984,61.61470590097039,61.91332244873047,131420354
2016-02-25,Lloyds,68.18430118136811,70.42393151214299,65.99444345119241,70.31443786621094,366769885
2016-02-26,Lloyds,71.4392050376937,72.27533738349558,71.36952797506272,71.79754638671875,174266595
2016-02-29,Lloyds,70.87183335858661,72.16584464508722,70.17506272384342,72.0663070678711,164944060
2016-03-01,Lloyds,72.06630522805574,72.9522025528543,71.34663800717574,72.73321533203125,146582931
2016-03-02,Lloyds,73.45986037311029,73.56636186599795,72.23552607605843,72.93229675292969,115633144
2016-03-03,Lloyds,73.14132140395215,73.24085896793493,71.85726632415505,72.24546813964844,109002364
2016-03-04,Lloyds,72.93230345041827,73.07166519282114,72.28530530286473,72.9024429321289,97930562
2016-03-07,Lloyds,73.02190024812332,73.04180473099059,71.62835102621226,72.41471099853516,106192800
2016-03-08,Lloyds,71.67810296121068,71.76768449963714,69.95607331167764,70.30445861816406,142440310
2016-03-09,Lloyds,70.55331763844194,71.07092525737443,69.38871188719081,69.44843292236328,128604013
2016-03-10,Lloyds,69.67737341677608,70.67276446558716,68.63220977783203,68.63220977783203,169304006
2016-03-11,Lloyds,69.91627987125676,70.68273539307863,68.64218027544302,69.82669830322266,109499300
2016-03-14,Lloyds,70.17505809668573,70.66279750884571,69.51809646076303,69.98593139648438,108051495
2016-03-15,Lloyds,69.55793969076859,69.90633271304436,68.72181466346538,68.89102935791016,99306004
2016-03-16,Lloyds,68.90095691346023,69.30806837516676,67.85579346716824,68.47293853759766,123553456
2016-03-17,Lloyds,69.08014366998314,69.11000418782449,67.37802580494446,68.98060607910156,115516162
2016-03-18,Lloyds,69.73708605324829,70.69266043374864,69.32897972137162,69.57782745361328,184138606
2016-03-21,Lloyds,69.23940234808354,70.07553481942026,69.10503001769752,69.46834564208984,79186291
2016-03-22,Lloyds,69.24935255176484,69.30907358246097,68.18428447037637,69.04032135009766,108207822
2016-03-23,Lloyds,69.07017503019979,69.35883930704917,68.13450513932456,68.58243560791016,80796592
2016-03-24,Lloyds,68.20417833790262,68.56251965478965,67.62685741112202,67.7363510131836,94958628
2016-03-29,Lloyds,68.17432391085416,68.77852846425958,67.16898452109136,67.68658447265625,87938073
2016-03-30,Lloyds,68.14446477115966,68.49285009118101,67.28842793097557,67.48751068115234,145228666
2016-03-31,Lloyds,67.31828769724333,67.9424043280293,66.92013738977285,67.70648956298828,126157038
2016-04-01,Lloyds,67.26852052086417,68.18925256976976,67.03957726669805,67.63681030273438,112775310
2016-04-04,Lloyds,67.43773913746523,68.3734090921831,67.3581060361636,68.00511169433594,96100743
2016-04-05,Lloyds,67.55718357358926,67.79607526481972,66.34280545230364,66.6314697265625,159802304
2016-04-06,Lloyds,66.85045468274046,68.01506018165433,66.57173885911905,67.7662124633789,127692393
2016-04-07,Lloyds,66.42204819644327,67.77617842171246,64.2982595762419,64.54020690917969,124142215
2016-04-08,Lloyds,64.71943799496275,67.00951345490836,64.61887601139325,65.61555480957031,85284392
2016-04-11,Lloyds,65.61555490019641,66.2328739094182,65.14758236322926,65.23719024658203,75068393
2016-04-12,Lloyds,66.00385303000317,66.71078732741987,65.31682905800238,66.35234069824219,123077568
2016-04-13,Lloyds,67.25841814465315,70.3749045184687,67.19867197378366,68.70215606689453,168643107
2016-04-14,Lloyds,68.95109109208346,69.339407098459,68.24415662928534,68.50303649902344,158864625
2016-04-15,Lloyds,68.65237944132619,68.796757813686,67.59695728294547,67.9056167602539,109183421
2016-04-18,Lloyds,67.16880131689896,68.33374907286642,66.90992150564126,68.15452575683594,82945056
2016-04-19,Lloyds,68.1445938601964,68.5528202210526,67.55713653564453,67.55713653564453,126877759
2016-04-20,Lloyds,67.13895185438994,67.75627847998638,66.50171489733854,67.467529296875,142050767
2016-04-21,Lloyds,67.52725131047484,68.52293476099582,67.41772552320057,68.40345001220703,132566193
2016-04-22,Lloyds,68.37360350333277,68.88040922244888,67.44761728199013,67.70649719238281,104940693
2016-04-25,Lloyds,67.93547735599448,68.34370357358436,66.82030928497689,67.29823303222656,106619451
2016-04-26,Lloyds,67.70648585728237,70.4794683728866,67.44760599023014,69.6978530883789,165360590
2016-04-27,Lloyds,69.56841450631501,69.67794030789027,68.25411248387474,68.95108795166016,125630137
2016-04-28,Lloyds,66.13330183346947,68.28398202145038,65.81468339041263,67.81600952148438,232367452
2016-04-29,Lloyds,67.62683190530217,68.02510688589317,66.41209663290816,66.78050231933594,160030652
2016-05-03,Lloyds,67.2086362680429,67.67660872860249,65.2770078466564,65.30687713623047,173798055
2016-05-04,Lloyds,65.21726452237388,65.61553941279523,64.49041227762031,64.51033020019531,112057722
2016-05-05,Lloyds,64.72939953701622,64.99823079387536,63.62419002105259,63.80341339111328,117537654
2016-05-06,Lloyds,63.52461296192669,64.92852668691621,63.375262700767856,64.7293930053711,117597896
2016-05-09,Lloyds,65.19238157004908,65.71014129113908,64.03240927551693,64.09215545654297,101074841
2016-05-10,Lloyds,64.23154337320607,65.39649122077365,64.14192790991358,65.13761138916016,102981024
2016-05-11,Lloyds,64.82898038732542,65.42638921771388,64.23157155693697,65.40647888183594,91514029
2016-05-12,Lloyds,64.9882608605005,65.61554634806544,64.03240558033667,64.62982177734375,98924084
2016-05-13,Lloyds,64.44061711437902,66.13327549464871,64.24844946914794,66.11336517333984,113245087
2016-05-16,Lloyds,65.5359030121302,66.56145604184134,65.29694104318393,66.38223266601562,70182237
2016-05-17,Lloyds,66.85019079166005,67.37790184077284,66.61122887434645,66.98958587646484,147608944
2016-05-18,Lloyds,67.07920881224756,69.44893311425078,66.71080313483588,69.20001220703125,249709373
2016-05-19,Lloyds,69.55844645105549,70.65369672717783,68.72605654506098,68.78181457519531,252701879
2016-05-20,Lloyds,69.59828894031425,70.04634354607022,68.85152619974534,70.03638458251953,156662345
2016-05-23,Lloyds,70.18572419416232,70.8428789168149,69.58831564404481,69.9168930053711,113598792
2016-05-24,Lloyds,69.67795109847295,72.10741424560547,69.43201557515974,72.10741424560547,210975875
2016-05-25,Lloyds,72.65501901787223,73.42169189453125,72.38618024546736,73.42169189453125,222609500
2016-05-26,Lloyds,73.68056255286403,73.68056255286403,71.68919599738122,72.49569702148438,143473865
2016-05-27,Lloyds,72.57535589510753,72.79440743885272,71.81863445211351,72.13725280761719,133488798
2016-05-31,Lloyds,72.68490260127194,72.95373383009321,71.32081333827483,71.7091293334961,560494066
2016-06-01,Lloyds,71.97796261830129,71.97796261830129,70.17477514378162,71.03205871582031,276181503
2016-06-02,Lloyds,70.93248978710868,71.64938311621704,70.13594755201441,70.22555541992188,279461684
2016-06-03,Lloyds,70.74332392328985,70.99224482717692,69.21992161047196,69.6978530883789,98812617
2016-06-06,Lloyds,69.6480530488593,70.01347324406518,69.09744630952552,69.33939361572266,155224212
2016-06-07,Lloyds,69.70780018491843,70.69352466949789,69.64805401256143,69.94676208496094,137756498
2016-06-08,Lloyds,69.5086539547914,70.32511401816171,69.03073018896849,69.55844116210938,97527172
2016-06-09,Lloyds,69.37921522360243,69.37921522360243,68.6822399263111,68.81167602539062,95480126
2016-06-10,Lloyds,68.51296380818152,68.72803479906675,66.66099230663194,66.76056671142578,122961296
2016-06-13,Lloyds,65.88436402191792,66.35233640173405,63.9129152855592,63.95274353027344,244673005
2016-06-14,Lloyds,63.73370469804672,63.78348431652532,61.91160202026367,61.91160202026367,213494426
2016-06-15,Lloyds,62.66832310860627,63.26573553507582,62.36961879448721,62.728065490722656,211708628
2016-06-16,Lloyds,61.73237921969797,62.24913997751204,60.925874188335435,61.09514236450195,186711784
2016-06-17,Lloyds,62.230222334972275,65.19736267834733,61.911603900475725,64.76921844482422,290521881
2016-06-20,Lloyds,67.95540676116944,69.77750960077393,64.24847708588516,69.6978530883789,255177180
2016-06-21,Lloyds,69.69785081708177,70.39482628666744,64.248474992171,70.02642822265625,205753514
2016-06-22,Lloyds,70.2952706570473,71.1515592827765,68.95109912480953,70.24549102783203,203259814
2016-06-23,Lloyds,70.86278889404925,71.93812883683722,69.70780004904356,71.83856201171875,216298506
2016-06-24,Lloyds,50.77985863936575,60.47781762720357,50.76093965008081,56.75395965576172,592322158
2016-06-27,Lloyds,55.33012974711005,56.023124586705336,50.77985662406685,50.9292106628418,766905666
2016-06-28,Lloyds,53.26906492989531,54.89203002771268,51.785494908289685,54.712806701660156,420713250
2016-06-29,Lloyds,55.70850548352917,68.95109834010513,54.55351250802853,55.28036117553711,343470214
2016-06-30,Lloyds,55.02146971378643,55.24052130389833,53.0500167974729,53.82665252685547,383279366
2016-07-01,Lloyds,55.29029748274016,55.65870307210924,53.19936388108583,54.11539077758789,251280167
2016-07-04,Lloyds,54.65307839069117,55.12105095116551,52.84392354569464,52.90067672729492,181211535
2016-07-05,Lloyds,52.34308681277543,52.940495456503186,50.79977798461914,50.79977798461914,320209315
2016-07-06,Lloyds,50.77986645270132,51.237880022855954,46.896698675260886,47.344757080078125,587332198
2016-07-07,Lloyds,47.792810823178655,50.68029466303824,47.09583157236103,49.4854736328125,323227768
2016-07-08,Lloyds,49.251481763709954,52.68161092821465,48.982646777745735,52.372947692871094,252660863
2016-07-11,Lloyds,53.00023305724323,54.87211912928634,52.38291034133636,54.61323928833008,234381468
2016-07-12,Lloyds,55.011518554687505,57.47981827475131,54.715799646154046,56.0072021484375,324797193
2016-07-13,Lloyds,55.987282926020015,56.544867055144074,55.061296964237265,55.08121109008789,187428800
2016-07-14,Lloyds,55.93750240754184,56.4054748936902,55.02147156212711,55.95741653442383,228354985
2016-07-15,Lloyds,55.56909819710393,57.108422537252785,55.379915898870806,55.748321533203125,154468586
2016-07-18,Lloyds,55.559136867617596,56.177458490282724,54.47384173336366,55.35004425048828,175656923
2016-07-19,Lloyds,55.19073486328125,55.509353268768166,54.34440543587494,55.19073486328125,102177048
2016-07-20,Lloyds,55.54917882584248,56.61455977970522,54.64310706699948,56.52494812011719,173751310
2016-07-21,Lloyds,56.34573251304424,56.90331667104587,55.94745757186717,55.95741653442383,175998607
2016-07-22,Lloyds,55.718455058075406,55.9673759657311,54.06562038317085,54.25480270385742,180048175
2016-07-25,Lloyds,53.88639032997088,54.75263771570108,53.18941111549403,53.567771911621094,193538131
2016-07-26,Lloyds,53.229233381516416,54.45392350149571,52.72143652132235,53.89634323120117,161405121
2016-07-27,Lloyds,54.17513763151474,56.02710949961042,53.82664993514449,55.50935363769531,170110918
2016-07-28,Lloyds,53.866476185436895,54.82233523838721,52.26840461320077,52.27338409423828,454732161
2016-07-29,Lloyds,52.54222100786881,54.36232964286646,52.22360257804026,52.92058181762695,179133676
2016-08-01,Lloyds,53.42837549194867,53.80673627861165,52.57806170716698,53.020145416259766,124451070
2016-08-02,Lloyds,52.77122682271164,52.78118198673947,51.199043964939754,52.50239181518555,197630512
2016-08-03,Lloyds,52.601955609667804,53.32880403262623,52.39883382688113,52.76126480102539,156900272
2016-08-04,Lloyds,52.950440014716875,53.737030760282,51.72574996948242,51.72574996948242,239779098
2016-08-05,Lloyds,51.62619017343826,52.92058181762695,50.461242251545976,52.92058181762695,234096939
2016-08-08,Lloyds,53.428379294020054,54.39419355571891,52.98032093559114,54.314537048339844,153955095
2016-08-09,Lloyds,54.43401972365041,54.89203705902642,54.01583444144835,54.802425384521484,210465324
2016-08-10,Lloyds,54.4340129060211,55.38987191376691,54.1602022336057,55.2504768371582,153385920
2016-08-11,Lloyds,54.960192676995504,55.46807121242531,54.273067139499375,54.99007034301758,163909389
2016-08-12,Lloyds,54.6016929034702,56.31452834066155,53.77514715159868,55.16931915283203,110381149
2016-08-15,Lloyds,55.418276614213674,55.637357957720425,53.97431361029478,54.27306365966797,103658205
2016-08-16,Lloyds,53.874730187764214,54.25314896028162,53.446520371213424,53.72535705566406,119051951
2016-08-17,Lloyds,54.073898051325756,54.33281755786707,52.88885449099434,53.2573127746582,129225730
2016-08-18,Lloyds,53.526187840597345,53.83489838455303,53.117895210882054,53.645687103271484,95364907
2016-08-19,Lloyds,53.48634766970309,55.009979248046875,53.23738868356728,55.009979248046875,216051135
2016-08-22,Lloyds,54.78094298464237,55.766822409429786,54.27306823774863,55.308738708496094,174467116
2016-08-23,Lloyds,55.746900230132184,57.599155844657886,55.32964621200976,57.350196838378906,242483214
2016-08-24,Lloyds,57.041489336616266,59.17257793589041,56.98174160317208,59.0232048034668,230985457
2016-08-25,Lloyds,58.78420866854344,58.873834076968535,57.98754048188347,58.126956939697266,128479249
2016-08-26,Lloyds,57.81823508180349,58.37590076768314,57.658901486007515,57.76844024658203,104221781
2016-08-30,Lloyds,57.53941286477322,58.933585026606536,57.26257053021982,58.61491775512695,135200600
2016-08-31,Lloyds,58.614913380111055,59.89954285921102,58.60395760271852,59.10287094116211,182699155
2016-09-01,Lloyds,59.60078932874913,61.791629518189374,59.262204901300976,60.38750076293945,247207454
2016-09-02,Lloyds,60.70616564303496,61.74183606290201,59.71032957750428,60.69620895385742,285039392
2016-09-05,Lloyds,59.999126744512495,60.720111129078965,59.04312497282966,59.40162658691406,137203669
2016-09-06,Lloyds,59.570910194945434,59.6505788996847,57.79832330143896,57.838157653808594,163462667
2016-09-07,Lloyds,57.858074407251884,58.05126684882334,56.71286520089788,57.38007354736328,175578169
2016-09-08,Lloyds,57.2406627726128,58.83400292882424,57.2406627726128,58.61491775512695,168368025
2016-09-09,Lloyds,58.48545113617552,59.431496149512654,58.003465330041536,59.06303787231445,161414372
2016-09-12,Lloyds,57.86803293517578,58.15682629870533,56.394196050739055,56.73278045654297,194354228
2016-09-13,Lloyds,56.732783905729356,57.02157348800344,56.00084376347602,56.15519714355469,133190485
2016-09-14,Lloyds,56.56348736398772,56.792529201589,55.93610958345452,56.583404541015625,105135458
2016-09-15,Lloyds,56.57345075565782,56.87220082878418,55.79669600695332,56.49378204345703,99538202
2016-09-16,Lloyds,56.03569401489191,56.76265386289244,55.6871491241653,56.27469253540039,237785600
2016-09-19,Lloyds,56.822404879824674,56.981738491663954,56.05561068571906,56.76265335083008,107995135
2016-09-20,Lloyds,56.76265999306406,56.99170184945917,56.1950336970385,56.20499038696289,107130067
2016-09-21,Lloyds,57.121159351196695,57.78836771531984,56.58340694503541,56.862239837646484,147731511
2016-09-22,Lloyds,56.76265615060678,57.260574187015614,55.83652829898131,56.91203308105469,147313222
2016-09-23,Lloyds,56.76265570803215,56.9020721493295,55.72698528866167,55.74690246582031,161776313
2016-09-26,Lloyds,54.87056805942774,56.093455438879815,53.516234142856014,54.02410888671875,204359020
2016-09-27,Lloyds,54.58177349903059,54.64152122885376,53.37979869626552,54.412479400634766,198895195
2016-09-28,Lloyds,54.65147979506398,55.52781272470792,53.86377316805043,55.298770904541016,171131999
2016-09-29,Lloyds,56.005814788714844,56.03568865121566,55.17926913727434,55.25893783569336,201010909
2016-09-30,Lloyds,53.82493130820552,54.64151646768134,52.7793043404682,54.32284927368164,284154079
2016-10-03,Lloyds,54.05397558996032,54.721187669612284,53.81497708293034,54.48218536376953,129772579
2016-10-04,Lloyds,54.58178458634578,55.56766031682046,53.54511871662879,54.54195022583008,268219093
2016-10-05,Lloyds,54.66143647301348,54.84068725377309,53.77713363428282,54.47222900390625,134537101
2016-10-06,Lloyds,54.64152141741307,55.189230469288795,54.502104982260654,54.761024475097656,154391630
2016-10-07,Lloyds,54.412479622612175,55.07969173259196,51.58430516878558,52.28139114379883,473927863
2016-10-10,Lloyds,52.2116867969712,52.607033088729516,50.62830725299168,52.161895751953125,261283857
2016-10-11,Lloyds,52.42081274482521,53.466439910979474,51.95276855284213,53.416648864746094,261431367
2016-10-12,Lloyds,53.26726865482965,53.575975379783856,52.32122370672937,52.809181213378906,187400002
2016-10-13,Lloyds,52.66977328876704,52.87093185647767,51.46182279457041,52.31127166748047,193486534
2016-10-14,Lloyds,52.410860811881804,53.14777748016991,52.00754456351604,52.211692810058594,141375428
2016-10-17,Lloyds,51.80339519122868,55.45811191218145,51.63410107618768,52.60006332397461,121994416
2016-10-18,Lloyds,52.99840124922698,53.8747343282409,52.53035704195326,53.71540069580078,127436181
2016-10-19,Lloyds,53.7751564411759,54.770992671568045,53.56204678889025,54.64153289794922,164528651
2016-10-20,Lloyds,54.651478853046434,55.637354331605714,54.27306012246991,55.32864761352539,151704372
2016-10-21,Lloyds,54.99006909979841,55.497943824932925,54.80085781491813,54.910400390625,111891635
2016-10-24,Lloyds,55.14940440533412,55.64433279041801,54.51206990771509,54.741111755371094,122407934
2016-10-25,Lloyds,54.81082294695104,55.30874102503277,53.75523525384495,55.119529724121094,210421610
2016-10-26,Lloyds,53.27722526790431,55.77677192207975,53.02826627132532,55.647315979003906,330319861
2016-10-27,Lloyds,55.49794772861186,57.38007742887003,54.70825039750881,57.26057815551758,263796895
2016-10-28,Lloyds,57.35019963801888,57.7087012323715,56.74273902523394,57.499576568603516,217273165
2016-10-31,Lloyds,56.971777257569926,57.444801641916406,56.750701541643615,57.021568298339844,190218692
2016-11-01,Lloyds,57.260576882053485,57.260576882053485,55.796696570492024,56.00582504272461,141662774
2016-11-02,Lloyds,55.56765558852284,56.714859241825515,54.74111357162843,54.92036437988281,140200454
2016-11-03,Lloyds,54.73115138151501,57.38007526704414,54.392566954094896,55.796695709228516,243908936
2016-11-04,Lloyds,56.165157113917175,56.548552337897526,55.06973513332018,55.229068756103516,176768811
2016-11-07,Lloyds,56.145243166659284,56.145243166659284,55.22907193383124,55.83653259277344,180323628
2016-11-08,Lloyds,55.94607350797054,56.165158669922135,55.32865617743178,56.00582504272461,179514481
2016-11-09,Lloyds,54.17348010631078,57.27052688598633,53.828920180531696,57.27052688598633,258542105
2016-11-10,Lloyds,57.26057801202906,60.09870948962166,55.5477386367446,59.381710052490234,471857582
2016-11-11,Lloyds,59.44145434462546,59.80991642997221,58.56512132794092,59.25224685668945,202086997
2016-11-14,Lloyds,59.75016472413321,60.377542517404294,58.99333097577198,60.31779098510742,211747685
2016-11-15,Lloyds,60.79579558685089,61.83146608415953,60.1305777747073,61.14434051513672,300876848
2016-11-16,Lloyds,61.14433812118887,61.492879237015075,59.511163724538704,60.1584587097168,176864797
2016-11-17,Lloyds,59.47132799061666,60.72707498616334,59.09290924150868,59.73024368286133,168726760
2016-11-18,Lloyds,59.7501706955129,59.7501706955129,58.86387710467296,59.192501068115234,124186149
2016-11-21,Lloyds,59.182539776437814,59.3617905784929,58.04728722929779,58.86387252807617,171223785
2016-11-22,Lloyds,59.31200176034299,59.889584745131394,59.20245917732793,59.5012092590332,166374138
2016-11-23,Lloyds,59.660542624338625,59.84078872143338,58.790181296363436,59.391666412353516,114416835
2016-11-24,Lloyds,59.361783636804944,59.51115675517452,58.97340821070612,59.43149185180664,76358717
2016-11-25,Lloyds,59.42154170549746,59.42154170549746,58.3659578095944,58.525291442871094,86340168
2016-11-28,Lloyds,58.306197437558936,58.427691071473994,57.250613701606,57.61907196044922,155050754
2016-11-29,Lloyds,57.10124536011497,57.67882835544586,56.73278704591354,57.469703674316406,136544887
2016-11-30,Lloyds,57.499576181442094,58.614911512841275,57.16099176670142,57.629032135009766,256722811
2016-12-01,Lloyds,57.2207370914462,58.30619851077509,56.69294521375491,57.350196838378906,205741088
2016-12-02,Lloyds,57.06141235392713,57.45974834545039,56.84233097752154,57.31037139892578,103073770
2016-12-05,Lloyds,56.842320006772425,58.575072498200655,56.692943089078035,58.0074462890625,146767858
2016-12-06,Lloyds,58.25640015199786,59.25223605203201,58.02735835084751,59.23231887817383,174633674
2016-12-07,Lloyds,59.501200692342735,62.01070785522461,59.426512232966346,62.01070785522461,370832250
2016-12-08,Lloyds,61.74183463661225,62.75758785584634,61.40823047408117,62.508628845214844,235906220
2016-12-09,Lloyds,62.399088975721874,62.514607086107546,61.08458564655112,61.4829216003418,164065362
2016-12-12,Lloyds,61.48292176562837,61.8414195664279,60.825670099276074,61.124420166015625,194936330
2016-12-13,Lloyds,60.76591895721274,62.458841078042305,60.58666815625354,62.289546966552734,199724112
2016-12-14,Lloyds,62.18000143935408,63.93267121150528,62.060502177319755,62.4986686706543,263286881
2016-12-15,Lloyds,62.81733001360896,64.10195922851562,61.940993363268085,64.10195922851562,284266833
2016-12-16,Lloyds,64.23142269908796,64.5650268510038,63.508444022960475,63.51441955566406,243881156
2016-12-19,Lloyds,63.6239674854639,63.733510063695995,62.140173831628886,62.289546966552734,134614659
2016-12-20,Lloyds,62.1401710164201,64.36088115242377,61.98083740043187,63.67375564575195,220154253
2016-12-21,Lloyds,63.663803239061856,64.27126387800675,63.30530162927055,64.01234436035156,127310426
2016-12-22,Lloyds,63.56420734000676,63.99241708104364,63.374996087708496,63.733497619628906,92060297
2016-12-23,Lloyds,63.673748699319184,63.803208435315405,63.384959163529736,63.534332275390625,29315559
2016-12-28,Lloyds,63.22563358434108,63.47459260116603,62.837254327091145,63.28538131713867,90475680
2016-12-29,Lloyds,62.80737473528707,63.06629421651774,62.23974853257501,62.51858139038086,97643313
2016-12-30,Lloyds,62.60821934369991,62.69784475152429,61.82549280806746,62.249717712402344,66003727
2017-01-03,Lloyds,62.359245938028934,64.72933655557763,62.359245938028934,64.35092163085938,199032680
2017-01-04,Lloyds,64.73931132608654,64.9285150313778,64.10197678719311,64.50030517578125,149207475
2017-01-05,Lloyds,64.31110536664406,64.65964652658782,63.93268273788157,64.38081359863281,134256032
2017-01-06,Lloyds,65.1973853012129,66.11355261416189,64.92850532173549,65.62559509277344,209162621
2017-01-09,Lloyds,65.52601199779824,66.12351207972063,64.42063342731021,64.94842529296875,186782487
2017-01-10,Lloyds,64.64967343113692,66.52185003543187,64.00237849023974,66.30276489257812,227609538
2017-01-11,Lloyds,66.59155833013466,66.84051733863993,65.87156930300448,66.06375885009766,178089909
2017-01-12,Lloyds,65.72519204629539,66.9699873502025,65.69730875304991,65.75506591796875,191814185
2017-01-13,Lloyds,66.03388704304881,66.82059844616327,65.52601612015786,65.7650146484375,152550662
2017-01-16,Lloyds,65.3766330293361,66.82059214853763,64.20154627940555,64.4206314086914,138991012
2017-01-17,Lloyds,64.09200218101573,65.95421813775648,63.5642103445258,65.17745971679688,206820805
2017-01-18,Lloyds,65.82475535570723,65.94425840590574,64.0850282946348,64.91854858398438,165490184
2017-01-19,Lloyds,64.7393008134271,65.28700605761045,63.982463322279706,64.47042083740234,143368219
2017-01-20,Lloyds,64.92851296925288,65.2571407172652,64.3011389392876,64.79905700683594,169862612
2017-01-23,Lloyds,64.33101539225925,64.92851557779684,63.623972619649926,64.13185119628906,148235562
2017-01-24,Lloyds,64.55010322650827,64.96835261385792,63.733517833175796,63.932682037353516,135566267
2017-01-25,Lloyds,64.55011691800347,65.47624509935964,64.00838317791766,65.26712036132812,156312987
2017-01-26,Lloyds,65.62560542007509,66.71106320343564,65.42643362659582,65.89447784423828,181340001
2017-01-27,Lloyds,65.77496916312684,66.22309231265852,64.8289204286564,65.59571838378906,124454836
2017-01-30,Lloyds,65.2073510030789,65.46626291812125,64.56005602022006,64.63972473144531,153568514
2017-01-31,Lloyds,64.72934567337661,65.66543402666281,64.58992922896714,64.65963745117188,152232343
2017-02-01,Lloyds,65.37664392109369,65.91439634685074,65.12768488681505,65.14759826660156,160896092
2017-02-02,Lloyds,64.92849581260216,65.28699733431698,64.28120857392936,64.61978912353516,137384817
2017-02-03,Lloyds,64.7293389676925,65.86459138177736,64.45448726357975,65.57579803466797,160854122
2017-02-06,Lloyds,66.04384686982341,66.43222232349936,65.74509301424523,65.78492736816406,117547095
2017-02-07,Lloyds,65.71521308955231,66.49196392529112,65.40650637217547,65.85462951660156,132980260
2017-02-08,Lloyds,65.82476963936307,65.92435173732463,64.65964313819599,65.30693817138672,185830936
2017-02-09,Lloyds,65.50607675646998,66.00399464923443,64.78907377526933,65.86457824707031,140079590
2017-02-10,Lloyds,66.27289849891005,66.33264623637858,65.12768541246,65.36668395996094,204865773
2017-02-13,Lloyds,65.39654725362163,65.82475703069755,65.03804569152899,65.57579803466797,101755755
2017-02-14,Lloyds,65.69531094850885,66.40235369164206,65.4861862721703,66.21314239501953,126997306
2017-02-15,Lloyds,66.47206835403647,67.6371949197328,66.23306978616664,67.18907165527344,162271697
2017-02-16,Lloyds,67.21893735977797,67.52764412233793,66.80068801741417,66.96997833251953,161150695
2017-02-17,Lloyds,67.18905694968176,67.31154587322393,66.0139701515394,66.58159637451172,160091153
2017-02-20,Lloyds,66.60151302564343,67.44797975560847,66.60151302564343,67.0695571899414,137256943
2017-02-21,Lloyds,66.62145272253511,67.34840899668531,66.26295103201807,66.49198913574219,232158414
2017-02-22,Lloyds,68.76248737799371,69.72844203594059,67.95585495144039,69.40977478027344,511975058
2017-02-23,Lloyds,69.55913745260526,70.75414511449537,69.14088818987501,69.26039123535156,235507878
2017-02-24,Lloyds,69.51930797191515,69.76727168024466,68.02555398817739,68.99151611328125,189023480
2017-02-27,Lloyds,69.2902648567407,69.90071123995435,68.66288336719849,68.9118423461914,165096352
2017-02-28,Lloyds,69.16080695335698,69.32014435973906,68.15202460213689,68.3840560913086,210406757
2017-03-01,Lloyds,68.7126821290844,69.12097852482762,68.13509544138081,68.5533447265625,267465647
2017-03-02,Lloyds,68.24465476745877,69.21759173596854,68.08532492343015,68.62307739257812,239742633
2017-03-03,Lloyds,68.2645572245905,68.76247519822682,67.69792632746835,68.13509368896484,252258610
2017-03-06,Lloyds,68.03551418182961,68.11518288404868,66.92017514363955,67.22888946533203,181756306
2017-03-07,Lloyds,67.22889359326412,67.38822340985966,66.5815986438344,67.21893310546875,207044814
2017-03-08,Lloyds,67.42805079594702,68.63301137538943,67.11934408482446,68.02555084228516,190201717
2017-03-09,Lloyds,68.01560550075713,68.50356303969174,67.75668599948267,68.26456451416016,242022026
2017-03-10,Lloyds,68.44380472749698,69.18072116592019,68.0454688481027,68.47367858886719,182739707
2017-03-13,Lloyds,68.3243163783606,68.78240007901174,68.01560961431076,68.25460815429688,148278152
2017-03-14,Lloyds,68.40398832051488,68.5244790864682,66.23804163159991,67.5674819946289,247649141
2017-03-15,Lloyds,67.76664916274696,68.81227250174466,67.6969409401471,67.9458999633789,210298371
2017-03-16,Lloyds,68.6330201206727,69.4974096586326,67.92597742269092,69.29027557373047,306375330
2017-03-17,Lloyds,69.39983357008713,69.81310654268097,68.74257797098524,69.05128479003906,539571870
2017-03-20,Lloyds,68.86205954585698,69.42271113034565,68.46372363427788,69.01143646240234,111064688
2017-03-21,Lloyds,69.31020090361199,69.76828466308409,67.91602864569003,68.45378112792969,202470795
2017-03-22,Lloyds,67.94590407125112,69.4655434158021,67.00981565606507,67.34839630126953,197340686
2017-03-23,Lloyds,67.45794351297766,68.31436327122586,67.05960750487638,68.14507293701172,163450943
2017-03-24,Lloyds,68.00564586740188,68.32431310465688,67.71685249651043,67.76664733886719,121205907
2017-03-27,Lloyds,66.12352118330779,66.80069006208292,64.72934906846172,66.67122650146484,207841474
2017-03-28,Lloyds,67.00981227753671,67.0795205008364,65.7251827930483,66.51189422607422,234262959
2017-03-29,Lloyds,66.70110979777442,66.77081802554801,65.85962702117587,66.262939453125,180701538
2017-03-30,Lloyds,66.34259317838143,66.77080293726381,66.16334240495102,66.37246704101562,156183334
2017-03-31,Lloyds,66.45215023180909,66.55173232818187,65.47921332044062,66.04385375976562,192894001
2017-04-03,Lloyds,66.46210873887267,66.56468430892913,65.6554838131817,65.75506591796875,161836745
2017-04-04,Lloyds,65.92435017150807,66.49197647379663,64.98826935575046,65.23722839355469,200125296
2017-04-05,Lloyds,65.57580967013712,65.82476871034085,65.2173080444336,65.2173080444336,179556183
2017-04-06,Lloyds,63.416220591011154,65.54802887875142,62.539589394189214,63.34648895263672,231595960
2017-04-07,Lloyds,62.90817450584135,65.00013123236451,62.559512518028,62.77867126464844,219200835
2017-04-10,Lloyds,62.738831585921986,63.216993076245416,62.43400358833968,62.808563232421875,192396695
2017-04-11,Lloyds,62.80856573780269,63.16718781987282,62.43998362015944,62.718910217285156,209863508
2017-04-12,Lloyds,62.91814282118874,63.32657266631955,62.25071025967072,62.30051803588867,172824062
2017-04-13,Lloyds,62.31048053604232,62.798605882503445,62.0813617163042,62.46986770629883,138411450
2017-04-18,Lloyds,62.6591389495322,62.6591389495322,61.5733127276057,61.96181869506836,225614785
2017-04-19,Lloyds,61.81239002809339,66.12580710301413,61.81239002809339,63.41622543334961,249608075
2017-04-20,Lloyds,63.366412094290894,64.49208212948105,63.35644826030062,63.8146858215332,193923045
2017-04-21,Lloyds,63.9342297914913,64.35261962193182,63.21300324563328,64.12350463867188,222720686
2017-04-24,Lloyds,65.458374142069,66.49439255608797,64.15339298987949,65.98634338378906,348651222
2017-04-25,Lloyds,65.98636120435957,66.89288041151194,63.213024701066956,66.69364166259766,224848928
2017-04-26,Lloyds,66.8131611455619,67.24151480312972,66.10588093891336,67.15186309814453,217330666
2017-04-27,Lloyds,70.42927334776533,72.07295670712148,67.15187806540074,68.70590209960938,470342830
2017-04-28,Lloyds,69.25377948850395,69.49286591402482,68.00856618958669,68.93500518798828,335905626
2017-05-02,Lloyds,69.4131704388512,70.87754249440651,68.66604245950083,68.93500518798828,188536170
2017-05-03,Lloyds,68.94498990530673,69.11433714121047,68.46683210979253,68.79556274414062,141685097
2017-05-04,Lloyds,69.17409569377612,69.73892581711324,68.68098846225433,69.73194885253906,199141128
2017-05-05,Lloyds,69.89133981228807,70.66735611713125,69.31355898346685,69.73194885253906,181079665
2017-05-08,Lloyds,70.01088273258125,70.03081040471756,68.98482802278383,69.1840591430664,117380741
2017-05-09,Lloyds,69.39326310532503,69.50283490357404,68.61325660922346,68.75570678710938,139357783
2017-05-10,Lloyds,68.9250588276751,69.71203465735152,68.81547943365814,69.61241149902344,170734667
2017-05-11,Lloyds,69.7319592100127,69.7319592100127,68.83540392870503,69.39326477050781,145129218
2017-05-12,Lloyds,69.20396810267789,70.34956573498708,67.75951627057394,68.4369125366211,218904556
2017-05-15,Lloyds,68.72582063052495,69.73195525583816,68.02850411803857,69.1242904663086,197415127
2017-05-16,Lloyds,69.4430606209201,70.50896299716321,69.14421396226605,69.88137817382812,259016319
2017-05-17,Lloyds,70.13041796104046,72.16260707675018,69.82159987961306,71.24612426757812,329178612
2017-05-18,Lloyds,71.2262236465852,71.92354027857716,70.61855875291452,71.00706481933594,208806030
2017-05-19,Lloyds,71.32583876563346,71.9235398178235,70.85763720136055,71.5051498413086,133588390
2017-05-22,Lloyds,71.96338004339692,72.32200215724914,71.47525845516824,71.51510620117188,129788766
2017-05-23,Lloyds,71.61471190254268,72.31202836111315,71.49516868099657,71.88368225097656,113739844
2017-05-24,Lloyds,72.02315148735826,72.93962679431787,71.82391276833661,72.2921142578125,207528813
2017-05-25,Lloyds,72.76030817936959,73.29824126450676,72.5311855763711,72.82007598876953,112329668
2017-05-26,Lloyds,72.87984669142095,73.04919387390302,71.32581534577614,71.46527862548828,242691892
2017-05-30,Lloyds,71.22620601445573,71.42543711708174,70.75800456308724,70.84766387939453,144667757
2017-05-31,Lloyds,71.08675030636203,71.22621361311457,70.10054332284629,70.31969451904297,757140910
2017-06-01,Lloyds,70.32966747126129,70.70821729595365,69.80169808438112,69.891357421875,216268677
2017-06-02,Lloyds,70.5487988204662,70.64940997987081,68.93499977570892,69.08442687988281,197022582
2017-06-05,Lloyds,69.29363767645815,70.41931553256043,68.47677793318267,69.1242904663086,135644260
2017-06-06,Lloyds,69.23387098023662,69.38728061546331,68.23770017476558,68.67601776123047,169367010
2017-06-07,Lloyds,68.36719341143966,70.12045599730145,68.30742560061712,69.8116455078125,162476652
2017-06-08,Lloyds,70.12045769397933,71.14750796240915,69.12826944931307,70.4491958618164,190671453
2017-06-09,Lloyds,68.7357858259781,69.85548236258816,66.7434442078338,69.7419204711914,310816785
2017-06-12,Lloyds,69.70205935731593,69.73194325982726,68.60627319755437,68.83538818359375,160524047
2017-06-13,Lloyds,69.15416261094141,69.53271231062612,68.23768746465606,68.32733917236328,161634765
2017-06-14,Lloyds,68.0882732132189,68.33432904445712,67.37102901536208,67.63999938964844,247984792
2017-06-15,Lloyds,67.83922416203976,68.00857135952317,66.74343789572787,67.72964477539062,282736367
2017-06-16,Lloyds,67.80935581361722,68.27755737304688,67.6997764018281,68.27755737304688,632154143
2017-06-19,Lloyds,68.73576673641584,69.13423646941618,68.20978881690525,68.4369125366211,28441840
2017-06-20,Lloyds,68.44688990999133,68.54650546290262,66.75340270996094,66.75340270996094,104496986
2017-06-21,Lloyds,66.72352872189751,67.43080913293123,65.86682115919623,66.91279602050781,54041362
2017-06-22,Lloyds,67.16183627929378,67.16183627929378,65.79409262011133,66.74344635009766,65506872
2017-06-23,Lloyds,66.59400691669235,66.89286115393699,66.2752326103816,66.4246597290039,47989727
2017-06-26,Lloyds,66.73347880529235,66.99248533762201,66.1357778539146,66.22643280029297,43722587
2017-06-27,Lloyds,65.8966853817373,66.68366105189543,65.72733820719372,65.81798553466797,36869932
2017-06-28,Lloyds,66.49439018969814,66.62388963677475,65.81699385079968,66.34496307373047,43732385
2017-06-29,Lloyds,66.93271578440658,67.46068507108276,66.75340474363168,66.89286804199219,66562397
2017-06-30,Lloyds,67.0422881422922,67.33017532073158,65.82695872678795,65.89669036865234,167436035
2017-07-03,Lloyds,65.92656726283847,66.97254937977242,65.89668336238519,66.45453643798828,118377851
2017-07-04,Lloyds,66.394775390625,66.394775390625,66.394775390625,66.394775390625,137581825
2017-07-05,Lloyds,66.36489270043197,66.43462434325016,65.09975169478581,65.4384536743164,253063632
2017-07-06,Lloyds,65.39860516807174,66.53423910931501,65.11967860007219,66.4246597290039,154390604
2017-07-07,Lloyds,66.54420839268909,66.72351942968237,66.14573857712851,66.27523803710938,111179995
2017-07-10,Lloyds,66.73348377865993,66.8231431081475,65.35877072802153,66.30513000488281,117499059
2017-07-11,Lloyds,66.65377322990615,66.70357719586562,65.2093214138789,65.29898071289062,105569511
2017-07-12,Lloyds,66.10589133923591,66.26527470656679,65.44841499852451,65.78711700439453,113112060
2017-07-13,Lloyds,65.99631641181207,67.84919473342603,65.94650483105184,67.14191436767578,177575363
2017-07-14,Lloyds,67.7396085689928,67.7396085689928,66.55416298697801,66.68367004394531,228877050
2017-07-17,Lloyds,67.00245476994304,67.06222259001898,65.92260591286929,66.8729476928711,114770867
2017-07-18,Lloyds,66.76335733685082,66.95263220294844,66.4137034864779,66.6438217163086,107035148
2017-07-19,Lloyds,66.95264167685329,67.82628241475052,66.49440399951499,67.8193130493164,136715742
2017-07-20,Lloyds,68.0384426917733,68.75567900966293,67.6798207327399,68.42694854736328,138097799
2017-07-21,Lloyds,68.47676688892415,68.47676688892415,67.37500697689272,67.84918212890625,112162050
2017-07-24,Lloyds,67.83923801058916,68.04843299139316,67.26145705397946,67.63004302978516,180762669
2017-07-25,Lloyds,67.73960058239923,68.83538671884351,67.6101011408795,68.73577117919922,139578142
2017-07-26,Lloyds,68.55646134680029,69.0346265855663,67.85914495711927,68.81546783447266,136794469
2017-07-27,Lloyds,68.98481467918113,69.18404576092682,66.59400369733986,67.24151611328125,283995738
2017-07-28,Lloyds,67.15186497942314,67.15186497942314,66.10588279088847,66.24534606933594,213330895
2017-07-31,Lloyds,66.06603682943465,66.4894123933559,65.2790611083749,65.32887268066406,241629022
2017-08-01,Lloyds,65.54801597082997,65.67751538797289,65.12961862279693,65.31889343261719,139583894
2017-08-02,Lloyds,65.43847468298557,65.60284380815095,64.68038697970977,65.30896759033203,163188958
2017-08-03,Lloyds,65.23921177018043,66.74343153430205,65.02005301777055,66.25531005859375,178880725
2017-08-04,Lloyds,66.3847986593081,66.89284772052606,65.99629278901715,66.55414581298828,161938204
2017-08-07,Lloyds,66.95262629579913,66.95262629579913,65.99630341493993,66.24534606933594,84903112
2017-08-08,Lloyds,66.33500128107445,67.12197702256037,66.15569785660888,67.00244140625,116258680
2017-08-09,Lloyds,66.56412638977305,66.70358968084774,65.96642548514163,66.6537857055664,169432544
2017-08-10,Lloyds,65.36853592326882,66.33496724549538,64.33236252631025,64.5914077758789,143407432
2017-08-11,Lloyds,64.18289286997427,64.76075993680256,63.61499112535024,64.40208435058594,129037319
2017-08-14,Lloyds,64.51168872988109,65.25892836767893,64.42501093864361,64.62128448486328,81838354
2017-08-15,Lloyds,64.76078490991986,65.51799006185065,64.56949017666193,65.3486099243164,79994858
2017-08-16,Lloyds,65.3785000107309,65.60764927994767,65.09852834338561,65.10948944091797,92208792
2017-08-17,Lloyds,65.20913333098756,65.47814395625565,64.14307135975346,64.16300201416016,109602244
2017-08-18,Lloyds,63.61500125853896,64.06334961338365,63.405775066804054,63.674781799316406,183023393
2017-08-21,Lloyds,63.37588584887184,64.35227473057216,63.33404061108468,64.33235168457031,111460206
2017-08-22,Lloyds,64.51169506164455,65.03974324130546,64.11117415080052,64.80062866210938,153700027
2017-08-23,Lloyds,64.78068786921754,65.6176001673268,64.61131538553012,65.15929412841797,114591688
2017-08-24,Lloyds,64.95006628100843,65.32866492914135,64.41205287493699,64.49176025390625,238366855
2017-08-25,Lloyds,64.6511890378748,65.03975313869122,64.49178182792485,64.6711196899414,70358529
2017-08-29,Lloyds,64.53162544814708,64.62129817636568,62.91559700785032,63.615013122558594,146204453
2017-08-30,Lloyds,64.36224055731239,64.36224055731239,62.96739548618043,63.36592102050781,141010533
2017-08-31,Lloyds,63.565186678265206,65.0198161131608,63.02717320785139,63.585113525390625,135726116
2017-09-01,Lloyds,63.48548528117924,63.89397235904519,63.28223371388067,63.45559310913086,95812758
2017-09-04,Lloyds,62.76813097287413,63.41574019365088,62.76813097287413,63.16666030883789,62712884
2017-09-05,Lloyds,63.37588862974996,63.41574232481715,62.644588907962905,62.86776351928711,105547455
2017-09-06,Lloyds,62.41942942578139,63.06703493690436,62.269979953629495,62.817955017089844,104623681
2017-09-07,Lloyds,62.827912508289295,63.10688076748668,61.97107708286019,62.84783935546875,145478705
2017-09-08,Lloyds,62.78805397047263,63.74451975735994,62.47919356400275,63.53529357910156,99328329
2017-09-11,Lloyds,63.79434619868915,63.95376099188393,62.83788024346762,63.39582061767578,103940299
2017-09-12,Lloyds,63.45559129478926,64.78069433087984,63.41574140096016,64.60135650634766,136120817
2017-09-13,Lloyds,64.59139528067173,64.96002863237909,63.983639775013316,64.7408447265625,139312075
2017-09-14,Lloyds,64.65114980919648,66.40467366255152,63.9537294363739,66.15559387207031,282109541
2017-09-15,Lloyds,66.68366485690663,66.68366485690663,65.029770827912,65.07958984375,274177581
2017-09-18,Lloyds,65.40838748629051,65.74713252354543,65.00985810027852,65.05967712402344,129148893
2017-09-19,Lloyds,65.35855838296861,65.96631389261297,65.1194438287639,65.75708770751953,161681506
2017-09-20,Lloyds,65.83678819464737,65.83678819464737,64.82053814345431,65.46814727783203,151531185
2017-09-21,Lloyds,65.55783050557842,67.2515707278273,65.35856203152174,67.20175170898438,168702589
2017-09-22,Lloyds,67.2017479116946,67.24160160425397,65.55782680117974,66.66374206542969,113526781
2017-09-25,Lloyds,66.5142794271382,66.53420246880931,65.52393474680147,65.62755584716797,106611008
2017-09-26,Lloyds,65.67737850987763,65.71723220136435,64.54157490710625,64.75080108642578,143891567
2017-09-27,Lloyds,65.15931897552417,67.18184703200731,65.05968851191106,66.95269012451172,217557626
2017-09-28,Lloyds,67.74973089416685,67.74973089416685,66.31502827810483,66.97260284423828,150290142
2017-09-29,Lloyds,66.9128262958001,67.81947315623303,66.62389270693474,67.48072814941406,133132730
2017-10-02,Lloyds,67.39104814316077,67.79954277328216,66.69362755675145,67.2515640258789,144501789
2017-10-03,Lloyds,67.33128087089416,67.66006816554679,67.0224166238044,67.35120391845703,130893169
2017-10-04,Lloyds,67.15194303756684,67.65010284110767,66.90286313579642,67.35120391845703,170084457
2017-10-05,Lloyds,67.43090581224845,67.57038993775953,66.38476726960073,67.05230712890625,128618354
2017-10-06,Lloyds,67.25157814487716,67.25157814487716,66.01215318389052,66.35488891601562,151534010
2017-10-09,Lloyds,66.24529987297447,67.20276171963224,65.91652012342313,66.30508422851562,194580385
2017-10-10,Lloyds,67.35120239481031,67.69991272913715,66.38477118159365,66.85304260253906,248575803
2017-10-11,Lloyds,67.00249638951811,67.05231541249012,65.85672727300299,66.25525665283203,344455772
2017-10-12,Lloyds,66.5840479854878,66.59400570963149,65.79695450311701,66.05599975585938,173345122
2017-10-13,Lloyds,65.92648134210253,66.38478755185098,65.59769397381004,65.65747833251953,102670510
2017-10-16,Lloyds,65.74713935171769,65.74713935171769,64.94012277218462,65.3486099243164,122810223
2017-10-17,Lloyds,65.35855986099212,66.65377829474413,65.15929899486787,66.08587646484375,357858465
2017-10-18,Lloyds,66.24528517889057,66.70957349757765,65.58771822432828,66.58403778076172,130916766
2017-10-19,Lloyds,66.33496685881894,66.78330767929475,66.01614486171447,66.74345397949219,125914574
2017-10-20,Lloyds,67.00249788654384,67.30836723505783,66.65378752189564,66.75341796875,138803272
2017-10-23,Lloyds,66.75341796875,67.02541585383352,66.24529280808213,66.75341796875,107803109
2017-10-24,Lloyds,66.75341005062907,67.39105395644033,66.64381429169448,67.15193939208984,136997585
2017-10-25,Lloyds,65.90652879607713,67.97887493987379,65.29877336350874,67.68994140625,280165114
2017-10-26,Lloyds,67.94899860234473,68.75602270570762,67.06925271016519,68.67631530761719,265369616
2017-10-27,Lloyds,68.94532098563246,69.40363474201659,68.54280849115858,68.6563949584961,160741169
2017-10-30,Lloyds,68.52685925374101,68.86561186242638,67.71984282921709,67.81947326660156,126623027
2017-10-31,Lloyds,67.63015592342606,68.06555156128898,67.46078345528134,68.03865051269531,108824286
2017-11-01,Lloyds,68.4869990103161,68.80582094025216,68.05858132934128,68.37740325927734,135551958
2017-11-02,Lloyds,68.24787782907462,68.52983335675627,66.80321776226931,67.68994140625,185023391
2017-11-03,Lloyds,67.74973095034474,67.84936138736164,66.932749204702,67.14197540283203,104694992
2017-11-06,Lloyds,67.27149258607362,67.67002192583098,67.02839493372892,67.55046844482422,127244876
2017-11-07,Lloyds,67.78958144965256,67.78958144965256,66.75340823063125,67.05230712890625,111706273
2017-11-08,Lloyds,66.83311900973813,66.9197968061384,66.23532878415658,66.5740737915039,136851943
2017-11-09,Lloyds,66.63383878150651,67.05229870679375,66.1157560377271,66.43457794189453,91080495
2017-11-10,Lloyds,66.33498203414067,66.73351152202106,66.11579043574055,66.2353515625,93188086
2017-11-13,Lloyds,66.34491590507162,66.59399579527172,65.67738362365091,66.18550872802734,99826393
2017-11-14,Lloyds,66.15563654056855,66.63386579000199,66.00618704962677,66.40471649169922,156369509
2017-11-15,Lloyds,66.06594892255963,66.18551000864245,65.51797771430574,66.00617218017578,124349495
2017-11-16,Lloyds,66.15561659777646,66.26022588897914,65.50800739979692,65.81686401367188,90998842
2017-11-17,Lloyds,65.66743155293193,66.07591865533446,65.35856729360589,65.74713134765625,93419375
2017-11-20,Lloyds,65.8567173025211,66.22535825328224,65.71723318089572,65.87664794921875,60123171
2017-11-21,Lloyds,65.68735273354805,65.93643263810401,65.4781265258789,65.4781265258789,97851330
2017-11-22,Lloyds,65.47814045902518,65.96633504746984,65.40839837496165,65.65747833251953,127260474
2017-11-23,Lloyds,65.49804957366459,65.69731805809862,65.22904662132295,65.4781265258789,63132580
2017-11-24,Lloyds,65.50802616043224,65.87666721902582,65.23902316184329,65.84677124023438,81512455
2017-11-27,Lloyds,65.50801526228447,65.9165099566579,65.21908165923593,65.24897003173828,100896844
2017-11-28,Lloyds,64.81059932541268,65.15930969907276,63.326081304706854,64.5914077758789,275912637
2017-11-29,Lloyds,65.3087518072873,67.14197619421421,65.00985289139847,66.85304260253906,290268300
2017-11-30,Lloyds,66.28513583199079,67.16190186626574,65.63752662975986,65.75708770751953,244466005
2017-12-01,Lloyds,65.63753430408958,65.83680279032079,64.4519191166048,64.5116958618164,195578128
2017-12-04,Lloyds,64.97995898264372,65.41834199490539,64.60135270793972,65.13936614990234,136726361
2017-12-05,Lloyds,65.358573386161,65.4681691656033,64.3622536467338,64.91023254394531,175591028
2017-12-06,Lloyds,64.76076767651084,65.01981287558495,64.25264260175783,64.57146453857422,87029408
2017-12-07,Lloyds,64.79065819241991,64.86040025586854,64.0633491880721,64.27257537841797,123945668
2017-12-08,Lloyds,65.14931672900798,67.23162796467835,65.00983263873105,66.55413055419922,338056730
2017-12-11,Lloyds,66.97260443342448,67.50065260288979,66.31502985168751,66.39473724365234,171407547
2017-12-12,Lloyds,66.28513864451128,67.15193939208984,65.85672093267107,67.15193939208984,222198306
2017-12-13,Lloyds,67.02241102962917,67.49068242208268,66.34491344930987,67.19477844238281,162442751
2017-12-14,Lloyds,66.63384264419352,66.96262988979512,66.0659408569336,66.0659408569336,117402428
2017-12-15,Lloyds,65.99620826966527,66.2851418662348,65.60764423321686,66.16558837890625,197475486
2017-12-18,Lloyds,66.64378705081506,66.75338276495202,65.99617808581807,66.50430297851562,79383451
2017-12-19,Lloyds,66.16558817442443,67.14197712406157,66.16558817442443,66.90286254882812,108599553
2017-12-20,Lloyds,66.68364960839315,66.87295270371219,66.08585956160651,66.3249740600586,91752258
2017-12-21,Lloyds,66.46448086706552,67.29142797509814,66.18551258997391,67.06227111816406,112134016
2017-12-22,Lloyds,66.63383638149146,67.19178039467383,66.49435227852426,66.9626235961914,32595445
2017-12-27,Lloyds,67.25158739360157,67.6600821656615,66.89291165273035,67.53055572509766,90808192
2017-12-28,Lloyds,67.48073437539406,67.67999526822315,67.20175848359118,67.32131958007812,52007287
2017-12-29,Lloyds,67.3312877035459,67.84937060722366,67.13201920111895,67.80951690673828,56245874
2018-01-02,Lloyds,67.94899599864334,68.47705178977128,67.181833225038,67.45083618164062,125462019
2018-01-03,Lloyds,67.56041701013056,67.64012438754138,66.97259220468212,67.22167205810547,109305648
2018-01-04,Lloyds,67.77962853170327,68.1881232606914,67.30139932851088,67.80951690673828,115241609
2018-01-05,Lloyds,68.00877641855266,68.00877641855266,67.46079761096534,67.81947326660156,125031209
2018-01-08,Lloyds,68.10841585972062,68.17815793524102,67.67999808114787,67.80951690673828,86290911
2018-01-09,Lloyds,69.07484728725224,69.13462403740394,67.92907810100925,68.14826965332031,150469987
2018-01-10,Lloyds,67.9091383384066,69.00508822892358,67.85931932466363,68.72611999511719,190385573
2018-01-11,Lloyds,68.91543859047478,69.71249746925267,68.45713239563838,69.57301330566406,197471936
2018-01-12,Lloyds,69.74237212052583,70.41986975374925,69.43351547641296,70.24053192138672,186339433
2018-01-15,Lloyds,70.24052612349051,70.45971763398693,70.06118830593114,70.34015655517578,106507856
2018-01-16,Lloyds,69.90178823431005,70.30031000152266,69.40362842397882,70.2305679321289,206626672
2018-01-17,Lloyds,70.43979458065827,70.68887448738099,69.67263181253112,70.17079162597656,179104014
2018-01-18,Lloyds,70.08110526498243,70.66893768310547,69.82206768536186,70.66893768310547,152312343
2018-01-19,Lloyds,70.95789656009218,71.40623742443414,70.29036412604817,71.2169418334961,170729923
2018-01-22,Lloyds,71.09735452073032,71.69514465332031,70.9080513982398,71.69514465332031,184549567
2018-01-23,Lloyds,71.9442335920633,72.41250499546359,71.64534228868845,71.85456848144531,221113266
2018-01-24,Lloyds,72.34276377877136,72.34276377877136,71.50585139662387,71.7350082397461,175500334
2018-01-25,Lloyds,71.73500205592106,71.90437454201543,70.7984593188815,70.98776245117188,178643920
2018-01-26,Lloyds,71.39626341462528,71.93426928859445,70.88813830997105,70.99773406982422,166801152
2018-01-29,Lloyds,70.9977332883496,71.49589306353892,70.9279912238757,71.28666687011719,151379791
2018-01-30,Lloyds,70.98777660478295,71.17707977481679,69.87189583606565,70.26045989990234,218841312
2018-01-31,Lloyds,70.26045828042392,70.44976144609437,69.0848007909274,69.25418090820312,244962199
2018-02-01,Lloyds,69.7025166625796,70.3800142786794,69.06487274169922,69.06487274169922,183544852
2018-02-02,Lloyds,69.05491535433315,69.214330153533,68.32760623660278,68.49697875976562,168047640
2018-02-05,Lloyds,67.91910596779289,68.35748902847445,67.68995671430235,67.85932922363281,229642126
2018-02-06,Lloyds,66.20543617486256,67.14197905668104,65.78698375583045,65.92646789550781,339647012
2018-02-07,Lloyds,66.51429324368002,67.45082842302439,65.94639142167317,67.1120834350586,273219771
2018-02-08,Lloyds,66.89289781135732,68.40730787085803,66.25525387093028,67.35120391845703,239365224
2018-02-09,Lloyds,66.99253970604722,67.44088816668088,66.04603895801507,66.30508422851562,282515581
2018-02-12,Lloyds,67.46079885428881,67.69991342868154,66.2253646850586,66.2253646850586,209040664
2018-02-13,Lloyds,66.15564414466037,66.53424297742198,66.04604834546032,66.2353515625,183833286
2018-02-14,Lloyds,66.75342690301878,66.93276477188553,65.69733034264615,66.40471649169922,192710269
2018-02-15,Lloyds,66.75340723882574,67.57038893381551,66.57406942278826,66.83311462402344,148097204
2018-02-16,Lloyds,67.01245673302245,67.74973109004588,67.01245673302245,67.48072814941406,108788553
2018-02-19,Lloyds,68.01874265462014,68.27778790529408,67.5803671549982,67.69992065429688,133783936
2018-02-20,Lloyds,67.93904870073654,68.00879078176646,67.36118140002189,67.60029602050781,168348235
2018-02-21,Lloyds,69.54311682267937,70.13094178624644,68.3176402696183,69.46340942382812,407942401
2018-02-22,Lloyds,69.73241633564837,69.73241633564837,68.59661244241093,68.92539978027344,229178380
2018-02-23,Lloyds,68.84567962573095,68.90546396783436,68.05858626631795,68.3973388671875,146637944
2018-02-26,Lloyds,68.83571245932947,68.91541984579057,68.14825715471804,68.2977066040039,113405882
2018-02-27,Lloyds,68.8456743713805,68.93534707703427,68.30766094140095,68.77593231201172,158229616
2018-02-28,Lloyds,68.74604430327108,69.154538939791,68.43718769606829,68.54678344726562,156739497
2018-03-01,Lloyds,68.44717948279893,68.61655965614669,67.87927739910354,68.0685806274414,163539220
2018-03-02,Lloyds,67.72981459108084,68.02870593164394,66.67371057074017,66.75341796875,160091353
2018-03-05,Lloyds,66.65378752189564,67.05231691062895,66.27518118200685,66.75341796875,179249527
2018-03-06,Lloyds,67.25156038088286,67.40100981310316,66.31501770019531,66.31501770019531,148686910
2018-03-07,Lloyds,66.45452354448159,67.18184029846192,66.1954858853139,67.00250244140625,167530628
2018-03-08,Lloyds,67.15193359943676,67.61023964212207,67.01244948215489,67.2515640258789,137180708
2018-03-09,Lloyds,67.34124210596589,67.54051059856359,66.87297825132174,67.04235076904297,122553657
2018-03-12,Lloyds,67.34122912928255,67.53053226044264,67.02240720387911,67.2515640258789,98945124
2018-03-13,Lloyds,67.40103543197482,67.51063121717237,66.54419980296672,66.69364929199219,128533846
2018-03-14,Lloyds,66.4744379291895,67.05230506066219,66.29510011601919,66.44454956054688,127914593
2018-03-15,Lloyds,66.80321037273842,67.25155100558385,66.32497377656551,66.55413055419922,150465094
2018-03-16,Lloyds,66.354874985271,67.38108282012227,66.29509824966857,67.2515640258789,343019327
2018-03-19,Lloyds,67.2216948679927,67.4508441541621,66.81320012113594,66.88294219970703,129800953
2018-03-20,Lloyds,66.82315008157074,67.87924634318254,66.82315008157074,67.62020874023438,174692409
2018-03-21,Lloyds,67.54051283700544,68.05859573229836,66.79327306795933,66.91283416748047,171923947
2018-03-22,Lloyds,66.29510072025641,66.8630025335861,65.44823066196682,65.81686401367188,187460991
2018-03-23,Lloyds,65.28883032367708,65.44824512821278,64.35228735032051,64.52166748046875,258338435
2018-03-26,Lloyds,64.81057894651018,65.05965879242095,64.09322777407695,64.40208435058594,163744190
2018-03-27,Lloyds,65.16926332516255,65.56778505133619,64.60135390260427,64.79065704345703,159950175
2018-03-28,Lloyds,64.36225539344167,64.83052689989135,63.87406083624196,64.6711196899414,172972658
2018-03-29,Lloyds,64.8105916153609,65.10948292809142,64.42202758789062,64.42202758789062,168602118
2018-04-03,Lloyds,63.96372686554145,65.05968470510999,63.96372686554145,64.89030456542969,173947230
2018-04-04,Lloyds,64.73087053274477,65.01980406152231,63.884000590500875,64.92017364501953,154622961
2018-04-05,Lloyds,66.21539249679707,66.26521151190076,65.38844549448832,65.9364242553711,144514450
2018-04-06,Lloyds,65.86670149200843,66.35489605753042,65.73718265663389,66.075927734375,132735222
2018-04-09,Lloyds,66.54420065622705,66.73350385150775,66.04604075396571,66.40471649169922,119562427
2018-04-10,Lloyds,66.81318664550781,66.9825667461464,66.46447632298411,66.81318664550781,135789930
2018-04-11,Lloyds,66.4345870569603,67.08219627652426,66.40469868704909,66.76337432861328,107427024
2018-04-12,Lloyds,66.93274639008372,67.89917755126953,66.75340857046868,67.89917755126953,154328790
2018-04-13,Lloyds,67.25157189809107,68.35748724407601,67.23164885099624,67.92906951904297,159963953
2018-04-16,Lloyds,67.59031538022623,68.16818255001262,67.16688412752373,67.430908203125,206881712
2018-04-17,Lloyds,67.73975987873769,68.07851245743115,67.37112653292105,67.41098022460938,186650543
2018-04-18,Lloyds,67.43090863860729,67.59031581673801,67.13200972780399,67.37113189697266,209028504
2018-04-19,Lloyds,65.33850627351806,65.90658025190542,65.02955602670254,65.86671447753906,192120158
2018-04-20,Lloyds,65.65743481255781,65.90659023738272,65.24882386972742,65.47804260253906,184916736
2018-04-23,Lloyds,65.32855298343515,66.27534052085659,65.32855298343515,66.21554565429688,171860623
2018-04-24,Lloyds,66.37500348996024,66.56436404552153,65.77703199256999,65.8966293334961,313856998
2018-04-25,Lloyds,65.40827199954164,65.91655113778543,64.41165041281538,64.78040313720703,258350779
2018-04-26,Lloyds,64.78039334994244,65.0395170523553,64.20235109210537,64.68073272705078,221351964
2018-04-27,Lloyds,64.5611452415343,64.83023732826891,64.12262930974123,64.57111358642578,206835402
2018-04-30,Lloyds,64.70069030961018,64.90001924681228,64.36184252179885,64.44157409667969,161362263
2018-05-01,Lloyds,65.77703834334223,65.77703834334223,63.993084421292835,64.12264251708984,189061461
2018-05-02,Lloyds,64.11267852783203,64.48142370628558,63.85355474573622,64.11267852783203,180534574
2018-05-03,Lloyds,64.16250488235976,64.95980531578884,63.95321522939923,64.46149444580078,169570856
2018-05-04,Lloyds,64.30202345251095,65.32855010616709,64.30202345251095,65.15911865234375,255074918
2018-05-08,Lloyds,65.29866332385252,65.98633486570982,65.17907356257065,65.6574478149414,188613022
2018-05-09,Lloyds,65.69729268913356,66.44475887368304,65.69729268913356,66.31520080566406,170706007
2018-05-10,Lloyds,66.63412475585938,67.11249889434488,66.22550622576733,66.63412475585938,252940013
2018-05-11,Lloyds,66.7138671080849,66.93312512520929,66.51453818178042,66.8533935546875,117237731
2018-05-14,Lloyds,66.76368180554327,67.23209519482346,66.325173452625,66.44476318359375,140367832
2018-05-15,Lloyds,66.48461912360375,66.84340347065765,66.13580312052873,66.55438232421875,205128937
2018-05-16,Lloyds,66.42482674383332,66.85337430748201,65.38833943631978,65.46807098388672,253910646
2018-05-17,Lloyds,65.42822127653515,66.00626373291016,65.25879739906615,66.00626373291016,133604802
2018-05-18,Lloyds,65.96638601804703,66.1756756412348,65.34847788985977,65.80692291259766,164882427
2018-05-21,Lloyds,66.00625057194547,66.54441953382155,65.7969533490146,66.24543762207031,148342299
2018-05-22,Lloyds,66.45473139301836,67.23209505720287,66.32517331686084,66.7935791015625,182892124
2018-05-23,Lloyds,66.8135334871338,67.12248384481848,66.00627217647553,66.40491485595703,248668726
2018-05-24,Lloyds,66.27534178531532,66.5444262935877,65.64747286359975,65.77703094482422,269840059
2018-05-25,Lloyds,65.74714787522522,65.96640590952337,64.92991822241859,65.44815826416016,227984725
2018-05-29,Lloyds,65.4182528193306,65.4182528193306,64.07281494140625,64.07281494140625,580293929
2018-05-30,Lloyds,63.783802438126436,64.01302882373203,63.076201792263085,63.983123779296875,332573425
2018-05-31,Lloyds,64.33192147874081,64.42161376485754,62.637660350444136,62.99644470214844,509096045
2018-06-01,Lloyds,63.53463270997907,63.85355134649612,63.02635732109565,63.135982513427734,225987089
2018-06-04,Lloyds,63.48480447382194,63.80371931901779,63.18581871748008,63.37517547607422,225446030
2018-06-05,Lloyds,62.86689947982208,63.01639045568343,62.239026736136104,62.278892517089844,287325427
2018-06-06,Lloyds,62.73733706474227,63.54459821230737,62.239026212443775,63.46487045288086,213146222
2018-06-07,Lloyds,64.03294288431876,64.16250096530291,63.3652081841682,63.42500305175781,168782156
2018-06-08,Lloyds,63.18581848876393,63.39510813726464,62.518079960267656,62.68750762939453,208842564
2018-06-11,Lloyds,63.235643275271975,63.25557616411797,62.67753379301367,62.78716278076172,174599747
2018-06-12,Lloyds,63.135988600073176,63.14595694694348,62.787172495820556,62.95659637451172,231696680
2018-06-13,Lloyds,62.836997524996775,63.14595162114184,62.597810445628404,62.637672424316406,235529342
2018-06-14,Lloyds,62.50811801846237,63.41504366820299,62.25896257840384,62.91673278808594,215309268
2018-06-15,Lloyds,62.81706498513025,62.986492652287126,61.59122074155209,61.870277404785156,421644565
2018-06-18,Lloyds,61.531423357253196,62.219090938427904,61.142737713831025,61.361995697021484,190136275
2018-06-19,Lloyds,60.83379717424193,61.5115003200976,60.295620475742915,61.322139739990234,210980007
2018-06-20,Lloyds,61.73075445607625,62.1593021448616,61.40187123085176,61.461666107177734,200827959
2018-06-21,Lloyds,61.61115120100691,62.04966336619982,60.98327848576823,61.152706146240234,178607363
2018-06-22,Lloyds,61.54138822252115,62.1493280504988,61.391893451054194,61.91013717651367,138679138
2018-06-25,Lloyds,61.53142239770218,61.68091336424721,60.97331290456168,61.033111572265625,174898228
2018-06-26,Lloyds,61.48158983466371,61.48158983466371,60.91351578338802,61.212501525878906,133788794
2018-06-27,Lloyds,61.49156182219758,61.63108825683594,60.67433230347846,61.63108825683594,500855092
2018-06-28,Lloyds,61.28227130548228,62.338687896728516,60.95338431263835,62.338687896728516,264273689
2018-06-29,Lloyds,62.72736898957113,63.175849518938556,62.298821350598935,62.836997985839844,301868604
2018-07-02,Lloyds,62.28886315350872,62.44832249110928,61.83041803313341,62.09950637817383,182252374
2018-07-03,Lloyds,61.79054967629823,62.308793452381195,61.33210457500533,61.800514221191406,213545107
2018-07-04,Lloyds,61.59122388054971,62.538015310958144,61.491563225479474,62.089534759521484,140568578
2018-07-05,Lloyds,62.18919918106755,62.73734038726301,61.96994117786525,62.159297943115234,106156648
2018-07-06,Lloyds,62.149330629895246,62.40845060247432,61.89020685550606,62.278892517089844,174613187
2018-07-09,Lloyds,62.33868555278392,63.23564658880499,62.229056559291344,62.72736740112305,216918131
2018-07-10,Lloyds,62.70743579720147,63.20574664925225,62.26892361604841,62.288856506347656,178454489
2018-07-11,Lloyds,61.92010925000359,62.37855433411394,61.55135647200117,62.11943435668945,187843749
2018-07-12,Lloyds,62.05962310059132,62.687495728707326,61.880230921129595,62.3486442565918,159367860
2018-07-13,Lloyds,62.508119465715794,62.86690391599667,62.109469231668065,62.19916534423828,114956549
2018-07-16,Lloyds,62.53801386475143,62.83699962485832,61.7905475635791,62.136375427246094,135601881
2018-07-17,Lloyds,62.25896182184376,62.69747402236633,62.06960125654176,62.23902893066406,203635331
2018-07-18,Lloyds,62.45828691915654,62.567915926390576,62.00981014674166,62.30879592895508,125406106
2018-07-19,Lloyds,62.2988270642723,62.63767862844844,62.00980963155978,62.24899673461914,118629491
2018-07-20,Lloyds,62.19916469236523,62.468253027255734,61.830415700912475,62.41842269897461,130668189
2018-07-23,Lloyds,62.268919884649804,62.498142406640035,61.96993415169775,62.07956314086914,121017539
2018-07-24,Lloyds,62.31875427265085,63.09612179121931,62.16926329732584,62.767234802246094,190289426
2018-07-25,Lloyds,62.66758481602237,62.86690995218451,61.85035517938729,62.229068756103516,129152788
2018-07-26,Lloyds,62.448304888821895,62.727357700513714,62.03969021378341,62.3486442565918,102417119
2018-07-27,Lloyds,62.69747339458579,62.8071023940713,62.05963609046307,62.388519287109375,257665519
2018-07-30,Lloyds,62.14933611357718,62.36859412635862,62.069604544634664,62.17923355102539,233622476
2018-07-31,Lloyds,62.02973931054497,62.557947620765276,61.9400432010915,62.16926574707031,293848483
2018-08-01,Lloyds,63.33530049093218,63.73395064266338,62.886820020686976,63.19577407836914,267136450
2018-08-02,Lloyds,63.68412442928618,63.68412442928618,62.32871838820091,62.49814224243164,227474286
2018-08-03,Lloyds,63.03632386188612,63.12601996886082,62.129398247724275,62.338687896728516,145839521
2018-08-06,Lloyds,62.32871844254438,62.368584220683964,61.89020248662866,62.35861587524414,126290150
2018-08-07,Lloyds,62.36858867497383,62.49814676046558,62.11943324652183,62.13936233520508,166596050
2018-08-08,Lloyds,62.1991627298559,62.258961402992696,61.91014151241008,61.969940185546875,161457459
2018-08-09,Lloyds,61.86030740759946,61.989869290577765,61.72078098061204,61.90017318725586,154894806
2018-08-10,Lloyds,61.60118591292413,61.86030587063272,61.39189247583307,61.65101623535156,149858511
2018-08-13,Lloyds,61.381931401260196,61.69088550066761,61.0929101923123,61.17264175415039,179648712
2018-08-14,Lloyds,61.34206084393407,61.48158726447637,60.584630074500254,60.77398681640625,236060440
2018-08-15,Lloyds,60.744094521543694,60.79392484712193,59.926865016268174,60.265716552734375,297418610
2018-08-16,Lloyds,59.57862466506563,60.15676560296742,59.21977672999682,59.90756607055664,207051961
2018-08-17,Lloyds,59.75805000953201,60.18667351935344,59.53875319916295,59.967376708984375,177799776
2018-08-20,Lloyds,59.99728043209308,60.43587406010725,59.79792384025018,60.17670440673828,158469270
2018-08-21,Lloyds,60.04711780592953,60.79471636336027,60.0271813881001,60.59535598754883,175610608
2018-08-22,Lloyds,60.34616504688737,61.12366644034618,60.34616504688737,60.804691314697266,175839001
2018-08-23,Lloyds,60.75484665356618,60.784749380607394,60.18667202488461,60.565452575683594,230949635
2018-08-24,Lloyds,60.38602918103539,61.02397934034595,60.1667323878413,60.64519500732422,145231507
2018-08-28,Lloyds,61.06384849785039,61.44263283164384,60.43586844739625,60.59535598754883,128154783
2018-08-29,Lloyds,60.57541576616857,60.72493318677673,59.68826614211911,60.26640701293945,198641536
2018-08-30,Lloyds,60.28634708261101,60.2963171927453,59.70820617675781,59.70820617675781,164324033
2018-08-31,Lloyds,59.598555390622714,59.688267365819904,59.010444398215064,59.11012268066406,234373294
2018-09-03,Lloyds,59.249687488856146,59.48892074549301,59.070263496999395,59.42911148071289,88667594
2018-09-04,Lloyds,59.70821265864543,60.19664163872806,59.40917016187923,60.156768798828125,126489581
2018-09-05,Lloyds,59.947439176534594,60.94423731063722,59.91753644930611,60.41593551635742,161518537
2018-09-06,Lloyds,60.306296568230586,60.4857205646984,59.61850711675978,59.71818542480469,125861914
2018-09-07,Lloyds,59.70821137401704,59.70821137401704,58.422340833534584,58.55192565917969,256651456
2018-09-10,Lloyds,58.51204823262831,59.419134336059486,58.32265416326914,59.179901123046875,157919339
2018-09-11,Lloyds,59.07025077768796,59.349356817413025,58.67153383912512,59.040348052978516,136044338
2018-09-12,Lloyds,59.15000883040589,59.15000883040589,58.37250740532199,58.69148254394531,131846860
2018-09-13,Lloyds,58.56189450778268,59.23971759096505,58.53199177844573,59.05032730102539,166210400
2018-09-14,Lloyds,59.189881673354705,59.25965724727333,58.55193139610806,58.69148254394531,112187987
2018-09-17,Lloyds,58.33262371850038,59.14003152694281,58.292750882963816,59.10015869140625,146670785
2018-09-18,Lloyds,58.84099006979577,59.37926195130171,58.641633493667314,59.309486389160156,127509209
2018-09-19,Lloyds,59.12010188141084,60.495680642649546,59.090195350091165,60.3361930847168,183710750
2018-09-20,Lloyds,60.51561216388154,61.46257112603608,60.445836600589594,61.39279556274414,182512192
2018-09-21,Lloyds,61.721743172473275,61.911137265454705,61.25325060071847,61.66193771362305,310071093
2018-09-24,Lloyds,61.38283974961822,61.861302466488816,61.362903327771484,61.462581634521484,110037633
2018-09-25,Lloyds,61.462574388899895,61.7018076203746,60.59536105446011,60.70500946044922,145138063
2018-09-26,Lloyds,60.53554304352783,60.96416649452251,60.37605551309837,60.54551315307617,168066649
2018-09-27,Lloyds,60.33619493531391,60.88443699735121,59.95741435015797,60.804691314697266,143964308
2018-09-28,Lloyds,60.50565246583112,60.535555195513524,58.84099746798111,59.080230712890625,259498425
2018-10-01,Lloyds,58.8110804768176,59.05031366371391,58.24290593573169,58.35255432128906,165370525
2018-10-02,Lloyds,57.90400160947693,57.9239380277158,56.93710623854817,57.285987854003906,205670378
2018-10-03,Lloyds,57.51524797953714,58.402397631537575,57.32585391732394,58.20303726196289,200021465
2018-10-04,Lloyds,58.222974670898864,59.01044605276659,58.222974670898864,58.741310119628906,219596568
2018-10-05,Lloyds,58.73134000961482,59.16993359064639,58.46220787895997,58.741310119628906,276962014
2018-10-08,Lloyds,58.47218451965205,58.73135038857526,57.814297834326304,57.973785400390625,158270554
2018-10-09,Lloyds,58.22298177948364,58.232948088231694,56.986950358143034,57.11653518676758,175387553
2018-10-10,Lloyds,56.94707837417144,58.920738220214844,56.837429971199626,58.920738220214844,223081847
2018-10-11,Lloyds,58.342587257496646,58.50207478959154,57.67473440512513,57.71460723876953,287951933
2018-10-12,Lloyds,57.704644134070946,58.910768979609145,57.54515658261534,57.96381378173828,265655201
2018-10-15,Lloyds,58.00368848081954,58.00368848081954,57.02682665746953,57.545162200927734,158381218
2018-10-16,Lloyds,57.764456920075524,57.91397436980096,56.747722291512275,57.17634582519531,180151641
2018-10-17,Lloyds,57.39563661624266,57.525217631890754,56.89723756456629,57.13646697998047,107704589
2018-10-18,Lloyds,57.04676271192075,57.63487382451719,56.71782127062905,56.807533264160156,130190368
2018-10-19,Lloyds,56.58823327896392,56.837432824598345,55.87053737074211,55.95028305053711,257236402
2018-10-22,Lloyds,56.81749563604855,57.664772558750705,56.24932098388672,56.24932098388672,255473511
2018-10-23,Lloyds,55.820695290989896,56.66797218066347,55.790792563878604,56.20944595336914,247560366
2018-10-24,Lloyds,56.1994706305676,56.80751800085168,55.830652643766854,56.478572845458984,193205149
2018-10-25,Lloyds,55.82069284206308,57.84419174079333,55.82069284206308,57.535186767578125,258840220
2018-10-26,Lloyds,57.43550455350857,57.54515295118044,56.24931620206812,56.64803695678711,190597551
2018-10-29,Lloyds,56.81749375591835,57.664770650583534,56.48854854582377,56.996917724609375,167402439
2018-10-30,Lloyds,56.887272515539365,57.29595962217654,56.33903427041388,56.6380729675293,160228004
2018-10-31,Lloyds,57.24611563045459,57.575057028710425,56.93710684816806,57.03678894042969,225151166
2018-11-01,Lloyds,56.76765354641839,59.13006401996079,56.69787798239904,58.66156768798828,347598725
2018-11-02,Lloyds,59.608527386473035,59.68827306202876,59.0204163379404,59.299522399902344,202402278
2018-11-05,Lloyds,59.369301049871446,59.51881849558339,58.382469177246094,58.382469177246094,121546449
2018-11-06,Lloyds,58.681504638181394,58.70144105700794,57.48534612596995,57.52521896362305,133337077
2018-11-07,Lloyds,57.78438955808434,58.45224248860511,57.77441944726523,58.06349182128906,140171380
2018-11-08,Lloyds,58.71141623325392,59.787956325389395,58.53199225081744,59.459014892578125,151772901
2018-11-09,Lloyds,59.55868482157111,59.887630010630986,58.83102268506995,59.7580451965332,147606743
2018-11-12,Lloyds,59.96737617649154,60.00724901483789,57.73454666137695,57.73454666137695,172257366
2018-11-13,Lloyds,57.98374559057455,58.671538736160976,57.91397002544015,58.591793060302734,219114593
2018-11-14,Lloyds,58.591787891268,59.34935653515525,57.97377416782098,58.20303726196289,216024891
2018-11-15,Lloyds,58.282775867254216,58.80111124433607,54.32548688985913,55.27244567871094,420661315
2018-11-16,Lloyds,55.34223896824972,55.75092609622782,53.906850865652245,54.325504302978516,328867915
2018-11-19,Lloyds,54.42517998971692,55.91041097509821,54.42517998971692,55.6512451171875,231396747
2018-11-20,Lloyds,55.65123554623314,55.7110409941284,54.405238015312456,55.1827392578125,204217084
2018-11-21,Lloyds,55.65124410039603,56.18951222660421,55.2325868883638,56.04996109008789,163905716
2018-11-22,Lloyds,55.88050322501658,56.55832624170476,54.69431104457077,55.82069396972656,328898379
2018-11-23,Lloyds,56.069890604887604,57.276015339081304,55.98017862782047,57.016849517822266,208362237
2018-11-26,Lloyds,57.71461637870012,58.4422785967739,57.06669603806069,57.11653518676758,201403211
2018-11-27,Lloyds,57.22618050246729,57.28598975917298,56.20944595336914,56.20944595336914,269492144
2018-11-28,Lloyds,56.817493548902775,57.08662950095871,56.049958530628395,56.15960693359375,141686523
2018-11-29,Lloyds,57.016854438383966,57.016854438383966,55.96024703979492,55.96024703979492,189508991
2018-11-30,Lloyds,56.07985519858577,56.319088397614934,54.67437013580655,55.1827392578125,291340727
2018-12-03,Lloyds,55.41200323222015,56.41876758019128,55.16280372205591,55.770851135253906,189110480
2018-12-04,Lloyds,55.950277934886536,56.299155745882786,55.20267936633775,55.232582092285156,164174397
2018-12-05,Lloyds,54.42518203755301,56.797562898390154,54.116177018703816,56.02006149291992,250730843
2018-12-06,Lloyds,55.59143646699925,55.85060232775597,54.17598103560719,54.514892578125,298560745
2018-12-07,Lloyds,54.82389296319265,55.34222840750623,53.87693405151367,53.87693405151367,175550884
2018-12-10,Lloyds,53.47821838765316,53.86696902954475,52.37177191304913,52.72064971923828,232310937
2018-12-11,Lloyds,52.601034852284066,52.81036153535156,51.57433405225339,52.162445068359375,240335317
2018-12-12,Lloyds,51.37496317390541,53.33865239370419,51.37496317390541,53.17916488647461,326764810
2018-12-13,Lloyds,53.5480003589008,54.156047867459804,52.67081688085748,52.9399528503418,172636406
2018-12-14,Lloyds,52.182379822198584,52.92997840877727,51.5942687819907,52.5312614440918,215821924
2018-12-17,Lloyds,51.86339905724635,52.47144644955986,51.664042497948415,51.73381805419922,211308330
2018-12-18,Lloyds,52.082697220072355,52.33189672830237,51.69394659563078,51.79362487792969,276934731
2018-12-19,Lloyds,51.66404546050992,52.351834755485854,51.62417262537086,52.082698822021484,202887599
2018-12-20,Lloyds,51.12577511768717,51.703916034507024,50.73702446969946,50.82673645019531,269522865
2018-12-21,Lloyds,50.83670073628621,51.6241721112677,50.288462567273804,51.34506607055664,319108058
2018-12-24,Lloyds,50.33830382259785,50.9064784328325,50.128977135139394,50.776893615722656,47165810
2018-12-27,Lloyds,51.30520383265685,51.434784859004516,49.50598280334392,49.86981201171875,149302511
2018-12-28,Lloyds,49.555816090606484,51.115803697751346,49.35645571655864,51.04602813720703,121289991
2018-12-31,Lloyds,51.56436432927045,51.68397903442383,50.73702389844206,51.68397903442383,69463330
2019-01-02,Lloyds,50.49779274035673,51.205518494828375,50.00935998717528,50.83670425415039,142576767
2019-01-03,Lloyds,50.766928201131485,51.51452678590862,50.42801669059986,51.03606414794922,146329323
2019-01-04,Lloyds,51.85344193244714,52.82033738668633,51.51453039815076,52.630943298339844,133867623
2019-01-07,Lloyds,53.29878336875838,53.47820728970191,52.929965418773264,53.17916488647461,246624166
2019-01-08,Lloyds,53.42837120234487,54.04638869924558,53.29879020031828,53.528053283691406,124666165
2019-01-09,Lloyds,53.926782984204365,54.32550379913638,53.35860829454052,53.63771438598633,227722026
2019-01-10,Lloyds,53.32869864085912,54.69431098061205,53.049596388131434,54.60459899902344,153030891
2019-01-11,Lloyds,54.55475697399476,55.35219465574622,54.076294364943884,54.534820556640625,130562143
2019-01-14,Lloyds,54.325500165596594,55.48178588858153,54.13610988253711,55.3621711730957,196170863
2019-01-15,Lloyds,55.87053656577288,56.0399942316541,55.1329080507132,55.3621711730957,190851794
2019-01-16,Lloyds,55.61137151637496,56.319097313380745,55.61137151637496,55.95028305053711,277861184
2019-01-17,Lloyds,55.49175299668246,56.24932174480177,54.754124470995194,55.95028305053711,124980675
2019-01-18,Lloyds,56.39883763351827,57.88406465496569,56.11973158324289,57.81428909301758,201327841
2019-01-21,Lloyds,57.91396738080547,58.033585889130464,57.46541128327703,57.81428909301758,145100964
2019-01-22,Lloyds,57.01685352567055,57.734545590173056,56.9670143799039,57.246116638183594,140766858
2019-01-23,Lloyds,57.00688677812245,57.276022744119594,56.79756007206355,57.11653518676758,146442088
2019-01-24,Lloyds,57.335828005528256,57.69467593516551,56.937107238712855,57.49531555175781,167223328
2019-01-25,Lloyds,58.382469177246094,58.581829574011984,57.834230938002364,58.382469177246094,161191407
2019-01-28,Lloyds,58.38247011918186,58.43230926855661,56.76765810404322,56.81749725341797,163908543
2019-01-29,Lloyds,57.106560826127605,57.325853810014756,56.64803463870209,56.65800094604492,151469487
2019-01-30,Lloyds,56.79755082727932,58.14323043823242,56.3788974833046,58.14323043823242,176529115
2019-01-31,Lloyds,57.41556478891924,58.13326058458761,57.29595009046874,57.71460723876953,159990620
2019-02-01,Lloyds,57.91397532514502,58.18311130207053,57.136473926793634,57.99372100830078,128811389
2019-02-04,Lloyds,58.08343088657486,58.133270035491506,57.08663269830856,57.62490463256836,125292838
2019-02-05,Lloyds,57.66476624386903,58.15319896630949,57.33582486139512,57.85416030883789,143074568
2019-02-06,Lloyds,57.63486601409916,58.222977046997435,57.47537846971063,58.073455810546875,107778567
2019-02-07,Lloyds,58.033583990422166,58.1033595500874,57.016849517822266,57.016849517822266,144946786
2019-02-08,Lloyds,57.01685873096377,57.50528772754383,56.66797707378029,56.69788360595703,128208909
2019-02-11,Lloyds,57.21621168410783,57.78438628919448,56.807524620756325,57.535186767578125,119433380
2019-02-12,Lloyds,57.485345511029216,57.973778260847055,57.435506365737524,57.774417877197266,142065300
2019-02-13,Lloyds,57.81429096606383,58.163168787107196,57.545155017337635,57.674739837646484,108059771
2019-02-14,Lloyds,57.84418944336477,58.023613396000904,57.20623930176198,57.216209411621094,99242295
2019-02-15,Lloyds,57.046759033365475,58.51205356572548,57.046759033365475,58.25288391113281,150699070
2019-02-18,Lloyds,58.093397423388716,58.472181801112015,57.894040826939616,58.133270263671875,81593214
2019-02-19,Lloyds,58.19307939473756,58.631669229427295,57.80432870904931,58.183109283447266,118794509
2019-02-20,Lloyds,59.30949440878215,61.6220659874133,58.61173489053508,60.93427658081055,306810513
2019-02-21,Lloyds,61.77158152069058,61.8014842478869,59.51881561065126,60.13683319091797,190984741
2019-02-22,Lloyds,59.83778694162223,60.40596153747853,59.60852384175766,59.807884216308594,131184842
2019-02-25,Lloyds,60.18667563805172,60.53555348275356,59.738115693089824,60.3361930847168,85832634
2019-02-26,Lloyds,59.93747569264526,61.84136006639633,59.89760285280633,61.70180892944336,209868444
2019-02-27,Lloyds,61.70180724140109,63.00761038929382,61.33298918670607,62.67866897583008,240784994
2019-02-28,Lloyds,62.43943186263678,63.42626364662206,62.05068121522781,63.336551666259766,245232956
2019-03-01,Lloyds,63.795081134394486,63.795081134394486,62.60889271344577,62.64876174926758,171206611
2019-03-04,Lloyds,62.299882625629465,63.326583474505256,62.279946206891296,62.86805725097656,136351739
2019-03-05,Lloyds,63.29667726641648,63.29667726641648,62.29987919922882,62.71853256225586,145853502
2019-03-06,Lloyds,62.45937284652621,62.70857238769531,61.911134616450816,62.70857238769531,309846908
2019-03-07,Lloyds,62.22013617170851,62.80824720843089,61.07382062723813,61.95100402832031,122464541
2019-03-08,Lloyds,61.23330430191141,61.84135171868574,61.123655908396984,61.67189407348633,83771793
2019-03-11,Lloyds,62.10052466017883,62.27994863332968,61.512413593180646,61.592159271240234,124104547
2019-03-12,Lloyds,62.299883668255475,63.695402583417646,62.040717825288105,62.14039611816406,180937320
2019-03-13,Lloyds,62.02077400849809,62.509202908807794,61.582180446198954,62.369651794433594,129937091
2019-03-14,Lloyds,62.598916523173486,63.91469344206982,62.569013798590426,63.5957145690918,235452116
2019-03-15,Lloyds,63.79505590732144,64.75198083333567,63.61563200838357,64.63236236572266,266245288
2019-03-18,Lloyds,64.79187988296694,65.9980047343462,64.64235863916682,65.16069793701172,230980421
2019-03-19,Lloyds,65.37999616188333,65.86843279934448,65.17066943367173,65.22051239013672,151164191
2019-03-20,Lloyds,65.33014952920674,65.4497680410866,64.17386006259981,64.84172058105469,170356284
2019-03-21,Lloyds,64.28350838642993,64.28350838642993,62.34972140983318,63.017578125,234832882
2019-03-22,Lloyds,62.9777098806681,63.476108975132085,61.75164856458469,62.110496520996094,162465030
2019-03-25,Lloyds,62.0008442249478,62.33975574003608,61.41273317824998,61.83138656616211,122917718
2019-03-26,Lloyds,61.50244351365787,62.250042088453185,60.974137935114086,61.26321029663086,265806949
2019-03-27,Lloyds,61.54232012254537,62.59892373943263,61.293120582338645,62.2002067565918,176883290
2019-03-28,Lloyds,62.509203641711814,62.87802165114814,61.741668701171875,61.741668701171875,188014586
2019-03-29,Lloyds,62.10051995121027,62.29988032875889,61.053882722183715,61.94103240966797,202373154
2019-04-01,Lloyds,62.6985969543457,62.83814806869361,62.28990991840567,62.6985969543457,159692671
2019-04-02,Lloyds,62.99763822347023,63.665491099230884,62.42946363282875,63.196998596191406,152924737
2019-04-03,Lloyds,63.91470294713776,65.33015455764875,63.72530885665858,64.6722640991211,231702090
2019-04-04,Lloyds,63.187931551145724,63.197904950390615,62.17086164119375,62.440086364746094,193406609
2019-04-05,Lloyds,62.27057739507945,62.71928527328809,61.901641496880075,62.03126525878906,218007230
2019-04-08,Lloyds,61.821868742368856,62.679398498038395,61.67229818359401,62.440086364746094,153082037
2019-04-09,Lloyds,62.20078162051786,63.18793519337317,62.19080822069809,62.739227294921875,196743600
2019-04-10,Lloyds,62.908747078751766,63.068287258005896,62.51986812955343,62.61957931518555,87176298
2019-04-11,Lloyds,63.118132242890724,64.11526295031896,62.94862249505715,63.955718994140625,233880132
2019-04-12,Lloyds,63.915852218308856,64.86312762605259,63.81614101946131,64.61384582519531,260549860
2019-04-15,Lloyds,65.2519860887326,65.2719252792355,64.81324782292405,64.98275756835938,126818436
2019-04-16,Lloyds,65.23205680837708,65.82036578710436,65.0525736157541,65.65084838867188,184243974
2019-04-17,Lloyds,65.8103763662742,66.50836216353271,65.62091981810062,66.37873840332031,182495258
2019-04-18,Lloyds,66.47846262834804,66.59812062029424,65.40156352326062,65.71067810058594,144065217
2019-04-23,Lloyds,66.33885565701416,66.33885565701416,64.92293719479707,65.3816146850586,210044429
2019-04-24,Lloyds,65.08248105374484,65.33176282332136,64.22495876527948,64.5739517211914,187763318
2019-04-25,Lloyds,64.08534978117035,64.11526998184105,63.04834057844327,63.427249908447266,180110127
2019-04-26,Lloyds,62.81899642944336,62.898768409433416,62.40020494570767,62.81899642944336,215912309
2019-04-29,Lloyds,62.88879839232207,63.62667403196469,62.83894280401566,63.417274475097656,120116774
2019-04-30,Lloyds,63.018423120958055,63.566842175054184,62.39023208618164,62.39023208618164,169705538
2019-05-01,Lloyds,63.06828155321521,63.62667403196469,62.82896940411184,63.417274475097656,156951339
2019-05-02,Lloyds,61.622452243912726,63.187941441512024,61.432999469716535,62.61957931518555,161617098
2019-05-03,Lloyds,62.928680471210406,63.02839164162264,62.19080487745295,62.46002960205078,94752838
2019-05-07,Lloyds,61.92159118277455,62.410185133795956,61.343259444639784,61.63242721557617,243023316
2019-05-08,Lloyds,61.35322346020533,61.76204538050397,61.01420012602565,61.642391204833984,108851675
2019-05-09,Lloyds,61.253510669700525,61.31333965783042,60.505665434895846,60.71506118774414,203996415
2019-05-10,Lloyds,61.10394585667484,61.62245239142647,60.64526831568844,60.87460708618164,164567482
2019-05-13,Lloyds,60.87460346202465,60.894546458759095,59.48859752075121,59.61822509765625,148131182
2019-05-14,Lloyds,59.747849490590994,60.635295737659646,59.747849490590994,60.465782165527344,125797544
2019-05-15,Lloyds,60.96434210335651,61.01419769091777,60.1267552996198,60.80480194091797,107710092
2019-05-16,Lloyds,60.63529281538746,61.41305063992657,60.53557783548658,61.33327865600586,111906585
2019-05-17,Lloyds,60.71506030549172,61.22359718786237,60.14669823959806,60.16664123535156,136223068
2019-05-20,Lloyds,59.92733045743911,60.415924355204744,59.019945050506585,59.32905578613281,156254630
2019-05-21,Lloyds,60.62532089947779,60.72503588181944,59.957247634608194,60.346126556396484,283484190
2019-05-22,Lloyds,60.36607033277544,60.4258955192157,58.980064392089844,58.980064392089844,201471774
2019-05-23,Lloyds,58.48149671141547,58.48149671141547,57.35474220110709,57.68379211425781,200628753
2019-05-24,Lloyds,57.982935571885406,58.65100882457394,57.933076179754856,58.351871490478516,138195707
2019-05-28,Lloyds,58.641038068744784,58.75071883954532,57.384655965156746,57.46442794799805,209288770
2019-05-29,Lloyds,57.3348025126174,57.424544094786654,57.07555116620491,57.324832916259766,101608167
2019-05-30,Lloyds,57.63393973421011,57.893194883830674,57.37468838832718,57.47439956665039,110846710
2019-05-31,Lloyds,56.826268563223834,57.31485865590485,56.457328839989096,57.095489501953125,220107865
2019-06-03,Lloyds,56.38753343361745,57.095492720154496,56.33767784229219,56.8860969543457,173879898
2019-06-04,Lloyds,56.66673768966875,58.052743817843215,56.51716709585988,57.723690032958984,306188567
2019-06-05,Lloyds,57.773540863694016,57.95302403996314,56.76644420017317,57.643917083740234,174438974
2019-06-06,Lloyds,57.693761830143615,57.972956139080324,56.726547540274034,57.06557083129883,149129859
2019-06-07,Lloyds,57.255035758342984,57.883226890927176,57.135381572430084,57.44449234008789,108314123
2019-06-10,Lloyds,57.87324754630736,58.42166659342301,57.414570074446075,58.22224044799805,151504565
2019-06-11,Lloyds,58.04276466314291,58.4117044103058,57.823399298701496,57.88322448730469,168740392
2019-06-12,Lloyds,57.23509147314947,58.052735311016946,57.18523208002724,57.81342315673828,144580954
2019-06-13,Lloyds,57.53423154132663,57.962996477092716,57.195208192203175,57.88322448730469,125037677
2019-06-14,Lloyds,57.56414187168962,57.8632792141543,57.24506153256227,57.53422927856445,122736113
2019-06-17,Lloyds,57.74363171493941,57.982943898825965,57.49434993343756,57.77354431152344,87310580
2019-06-18,Lloyds,57.46442940437814,58.27209983055971,57.075550487514775,57.90316390991211,122185152
2019-06-19,Lloyds,57.87325899230664,59.02992630004883,57.85331599344614,59.02992630004883,179242463
2019-06-20,Lloyds,59.02991462528736,59.229340770712334,58.11255587782745,58.22224044799805,144781402
2019-06-21,Lloyds,58.112558108570354,58.680920172419725,57.703736206437696,57.933074951171875,330848339
2019-06-24,Lloyds,57.93308092522222,58.06270850865219,56.83624267578125,56.83624267578125,199501916
2019-06-25,Lloyds,56.227991005795964,56.73652790665232,56.06845083770602,56.53710174560547,208930102
2019-06-26,Lloyds,56.33767618508823,56.985810264464845,56.11830702522457,56.746498107910156,164591829
2019-06-27,Lloyds,57.14535560081502,57.464435969244484,55.99865791170178,56.69664764404297,176256674
2019-06-28,Lloyds,57.01572284429284,57.26500459726588,56.3476457683815,56.42741775512695,170597189
2019-07-01,Lloyds,57.60402025888007,57.60402025888007,57.01571524809402,57.06557083129883,127996955
2019-07-02,Lloyds,57.314859399090665,57.69376872344662,56.95589307114689,57.47439956665039,106078456
2019-07-03,Lloyds,57.72368490240736,58.21227883551641,57.47440313737452,58.092620849609375,115161927
2019-07-04,Lloyds,58.032795660393724,58.50144279211372,57.76357089770971,58.092620849609375,94645427
2019-07-05,Lloyds,58.3219640355194,58.51141680959581,57.57411873253759,57.66386032104492,117305878
2019-07-08,Lloyds,57.9430532370111,58.381787767794584,57.294919135779814,57.5442008972168,102724417
2019-07-09,Lloyds,57.49433484493487,57.803445542221546,57.15531155891427,57.62396240234375,87187735
2019-07-10,Lloyds,57.823394533889584,58.5512967639039,57.80345153808594,57.80345153808594,106680043
2019-07-11,Lloyds,57.99291134759783,58.08265293776278,57.564146395002865,57.594058990478516,147146062
2019-07-12,Lloyds,57.87325237221053,58.341899478740544,57.48437344825975,57.514286041259766,125528165
2019-07-15,Lloyds,57.434510378580406,57.903161258849906,57.15531605181768,57.68379211425781,88722455
2019-07-16,Lloyds,56.81629615409622,58.12253389690287,56.73652797182843,57.81342315673828,187328132
2019-07-17,Lloyds,57.813421580996625,58.03279073279488,57.28494550119633,57.524253845214844,118861933
2019-07-18,Lloyds,56.90604398753387,57.604033726804055,56.90604398753387,57.22512435913086,97928427
2019-07-19,Lloyds,57.27497275801981,57.50431150855761,56.4772719292497,56.6268424987793,205563566
2019-07-22,Lloyds,56.93594282589331,57.085513378073074,56.36758081358963,56.557037353515625,102059589
2019-07-23,Lloyds,56.82627307878104,57.0655814441648,56.397508136752435,56.83624267578125,172662622
2019-07-24,Lloyds,56.34764649757738,57.24506234138887,56.34764649757738,56.80632781982422,153509630
2019-07-25,Lloyds,56.856181007137046,57.324831906178446,56.42741610029864,56.60689926147461,141117891
2019-07-26,Lloyds,56.746498556787735,56.746498556787735,55.79922712702789,55.82914352416992,187793173
2019-07-29,Lloyds,55.64966071443717,56.43040831572154,55.64966071443717,56.01859664916992,187141724
2019-07-30,Lloyds,56.13825299168717,56.46730674888994,54.79213297560174,54.92176055908203,229492365
2019-07-31,Lloyds,52.558563039252235,55.712477735553,51.990200955907056,53.17678451538086,458817307
2019-08-01,Lloyds,52.86767362323706,53.79500203098973,52.408996119372055,52.68819046020508,435612035
2019-08-02,Lloyds,52.219543589870995,52.23948658771917,51.11273193359375,51.11273193359375,238558440
2019-08-05,Lloyds,50.30505618864813,50.73481766749684,49.69182143099651,50.035831451416016,192297247
2019-08-06,Lloyds,50.08568394949635,50.97312628577776,49.70677466079355,50.09565734863281,188055938
2019-08-07,Lloyds,50.19536851757379,50.65404598068191,49.73170435489743,50.09565734863281,168489502
2019-08-08,Lloyds,48.67065261379213,49.68296170127411,48.40635561710998,49.62312316894531,210952357
2019-08-09,Lloyds,49.12943176252031,50.48084360236511,48.825243683402526,49.368797302246094,195395641
2019-08-12,Lloyds,49.742799172162194,49.82258894691024,48.585874070416644,48.610809326171875,345722098
2019-08-13,Lloyds,48.22184671802973,49.114474975504166,48.10316264516302,48.840206146240234,166263474
2019-08-14,Lloyds,48.565931618019526,49.099513426581055,48.2816871742921,48.55097198486328,325393292
2019-08-15,Lloyds,48.7803638961886,48.87012550337826,48.028360759991976,48.45124053955078,229528782
2019-08-16,Lloyds,48.451231019198666,49.538338108261385,48.386400879497586,49.518394470214844,185436621
2019-08-19,Lloyds,49.69792159357464,50.04699235587793,49.45855606757669,49.802642822265625,168080218
2019-08-20,Lloyds,49.513409097161635,50.23648585641186,49.508421285111496,49.58821105957031,211205623
2019-08-21,Lloyds,49.5682617180907,49.832558677840915,49.39372634887695,49.39372634887695,134553553
2019-08-22,Lloyds,48.9997769670814,49.907364766671535,48.97982952258001,49.5732536315918,166396754
2019-08-23,Lloyds,49.7577533320835,50.21653307267664,49.59817760472131,49.85749053955078,207661242
2019-08-27,Lloyds,49.45855758940595,51.16402417414055,49.21919205604277,49.62810516357422,250178843
2019-08-28,Lloyds,49.72285367702071,49.80762746257323,49.084550672365935,49.38375473022461,135079497
2019-08-29,Lloyds,49.114475610413756,50.015082097219235,48.291661502812524,49.67299270629883,236282407
2019-08-30,Lloyds,49.862473855551364,50.91467760109194,49.588205099134086,49.697914123535156,180755944
2019-09-02,Lloyds,49.70789157522472,50.635426771714954,49.69791975577879,50.18661880493164,86314017
2019-09-03,Lloyds,49.77771247334135,50.1666781624227,49.094526708809795,49.458560943603516,203790505
2019-09-04,Lloyds,49.1194524019324,50.2863492419295,49.07457351020279,49.463539123535156,158644239
2019-09-05,Lloyds,49.1194571562899,50.49580037133397,49.0097481153289,49.89738845825195,189957996
2019-09-06,Lloyds,49.43860468663537,50.266406435017885,49.1294250327963,49.9073600769043,225712227
2019-09-09,Lloyds,49.21918767483364,50.11979399370678,48.65069886385905,50.04698944091797,296353560
2019-09-10,Lloyds,50.037017463247174,52.28105360837891,49.877441711776804,52.18132019042969,357985069
2019-09-11,Lloyds,52.81961764327002,53.32826791325921,50.74912029798087,52.4605712890625,282265743
2019-09-12,Lloyds,52.24115852407863,52.98318590183143,50.78502562324181,51.80232238769531,225150096
2019-09-13,Lloyds,52.29102550112503,54.79437063702267,52.271078058041546,54.116172790527344,284918073
2019-09-16,Lloyds,53.98652668095564,54.535068116391976,53.757136764485395,53.9765510559082,245083921
2019-09-17,Lloyds,53.87681750643885,54.00647399964756,53.01909637451172,53.01909637451172,160744086
2019-09-18,Lloyds,52.54036864472744,53.30832816775609,52.500473754147365,52.84954833984375,103292108
2019-09-19,Lloyds,53.35818531623846,54.46524360162681,53.05898129968133,53.91670227050781,147625369
2019-09-20,Lloyds,54.65474826243846,55.71194003290621,54.61485337194847,55.36286544799805,359872566
2019-09-23,Lloyds,55.08360205929529,55.08360205929529,53.56763064811735,54.15606689453125,306814617
2019-09-24,Lloyds,54.36550976850542,54.73453175627043,53.16869362796876,53.35818862915039,161251870
2019-09-25,Lloyds,52.58025989211569,53.4589252026419,52.07160958392864,53.22853469848633,106061396
2019-09-26,Lloyds,52.949277591292244,53.83293070556995,52.949277591292244,53.44795227050781,166932777
2019-09-27,Lloyds,53.29834851614076,54.79437255859375,53.068958619514945,54.79437255859375,146690192
2019-09-30,Lloyds,54.59491045291795,55.09358517687575,53.9765510559082,53.9765510559082,163689803
2019-10-01,Lloyds,54.36551217419771,54.73453417829206,53.118825468817604,53.23851013183594,181102214
2019-10-02,Lloyds,52.92933504301822,53.456932232818744,51.45325831256781,51.46323013305664,152383943
2019-10-03,Lloyds,51.20391676446616,51.7225388929757,50.91468453431135,51.48317337036133,163121213
2019-10-04,Lloyds,51.48317294327589,52.16835222812976,50.984498262836524,51.892086029052734,80988599
2019-10-07,Lloyds,51.42333327966683,52.02174136112983,51.049327277606004,51.56296157836914,151764633
2019-10-08,Lloyds,51.98184531854683,52.07160690922881,50.819936256133985,50.84486770629883,150573376
2019-10-09,Lloyds,50.844869393429775,51.13410161795631,50.46587557524279,50.56561279296875,126165900
2019-10-10,Lloyds,50.685300483834894,52.68997507769104,50.65538121677584,52.5303955078125,177329976
2019-10-11,Lloyds,54.40541190925789,59.382187354571414,53.91671280777511,58.97327423095703,577268717
2019-10-14,Lloyds,57.59691923429872,59.38217530634979,53.918695471240234,57.63681411743164,238084353
2019-10-15,Lloyds,59.043081902325774,61.91544907719184,58.33496478146691,60.65878677368164,414215450
2019-10-16,Lloyds,61.14748931425721,61.6561358028842,58.84361097262719,60.868228912353516,339229273
2019-10-17,Lloyds,59.94069883932277,63.999910689197314,59.63152295292746,60.79841995239258,422661563
2019-10-18,Lloyds,58.89347139765467,60.98790706792497,58.789746986200825,60.03044891357422,275527472
2019-10-21,Lloyds,60.60891934499566,61.875553452826615,60.381523058193764,61.27714157104492,208820352
2019-10-22,Lloyds,60.83831038400255,61.36989853138694,60.19003178430589,60.249874114990234,226387761
2019-10-23,Lloyds,59.1128952207706,60.369553702023964,58.773796296529895,60.120216369628906,180666862
2019-10-24,Lloyds,59.751198989168664,60.41942502738814,59.362233354117926,59.69135665893555,148795844
2019-10-25,Lloyds,59.5018625225297,60.2937566341272,58.70398379736289,59.84096145629883,125517754
2019-10-28,Lloyds,59.74123002265255,60.29375863272209,58.34493935388751,58.773799896240234,165849265
2019-10-29,Lloyds,58.564351496783,58.64413746155831,57.61686891084289,58.105567932128906,173093174
2019-10-30,Lloyds,58.574328711698634,58.70797240264566,56.769124961756006,57.447322845458984,190908171
2019-10-31,Lloyds,56.519788094119235,56.908757551995905,55.710940721781775,56.649444580078125,243006993
2019-11-01,Lloyds,56.83894480520998,57.30769644289685,53.597559208151296,57.15809631347656,95425617
2019-11-04,Lloyds,57.666733377488605,58.359890802434975,57.63681411743164,57.63681411743164,135441291
2019-11-05,Lloyds,58.364880392746514,58.40477527709531,57.08827453026976,57.93601989746094,178387949
2019-11-06,Lloyds,58.33496691548763,58.60424790007631,56.83894284535248,57.25782775878906,123499131
2019-11-07,Lloyds,57.33761785505642,57.71660788230165,56.868862426333244,57.04838562011719,117904893
2019-11-08,Lloyds,56.92869602845749,59.47193581091381,56.10588215056666,56.13081359863281,94560112
2019-11-11,Lloyds,55.811667386791704,58.80371536569944,55.26312601824244,58.384830474853516,268318851
2019-11-12,Lloyds,58.54440471399079,59.45199242547511,58.02578262105894,59.432044982910156,242523901
2019-11-13,Lloyds,58.963289594097866,59.54175401472458,58.41474823961141,59.432044982910156,144150286
2019-11-14,Lloyds,59.45199482968498,59.8010655772238,58.53443145751953,58.53443145751953,198271969
2019-11-15,Lloyds,59.04307995730991,59.481912284389004,57.886154909023475,59.01315689086914,137014297
2019-11-18,Lloyds,59.1128943845345,60.368556046555504,58.81369035081025,59.58164978027344,152286421
2019-11-19,Lloyds,59.9008025458706,60.499210626196316,59.142814919233174,59.32233810424805,208022904
2019-11-20,Lloyds,58.703986015435596,59.00319007310505,58.315020360006706,58.95332336425781,301277076
2019-11-21,Lloyds,58.74387751935002,58.973267410498,58.025784778653176,58.54440689086914,119287563
2019-11-22,Lloyds,58.58429575214518,59.970610580398194,58.39280335976461,59.63151168823242,125003884
2019-11-25,Lloyds,60.120216240961476,61.00785653365446,59.936705851785995,60.70865249633789,163456376
2019-11-26,Lloyds,61.017829114814404,61.34695239807502,60.239897895666076,61.05772399902344,222672714
2019-11-27,Lloyds,61.21730556684317,61.67608536522377,60.668764172728466,61.53645706176758,182874222
2019-11-28,Lloyds,61.656145053796294,62.52383804321289,61.50654110873748,62.52383804321289,136719335
2019-11-29,Lloyds,62.34430307668079,62.34430307668079,60.788440603423474,60.987911224365234,174083857
2019-12-02,Lloyds,60.7884453018428,61.1275442422775,59.562702825942125,59.78112030029297,262730384
2019-12-03,Lloyds,59.91077279237831,60.32966148127782,58.68403359670624,59.01315689086914,236341970
2019-12-04,Lloyds,58.89348276370939,60.54908265641808,58.88351094348095,60.409454345703125,148789571
2019-12-05,Lloyds,60.41943497011544,61.117576581460156,59.97062693097496,60.34961700439453,106188347
2019-12-06,Lloyds,60.549087743515194,61.376889661711274,60.16012204396242,61.30707550048828,124861666
2019-12-09,Lloyds,60.997890431396456,62.583676162845634,60.997890431396456,61.9653205871582,192451264
2019-12-10,Lloyds,61.93539504070639,62.0351322615619,60.51716714279051,61.317039489746094,227490773
2019-12-11,Lloyds,61.167437699815494,61.307066000625305,60.179063363960516,60.23990249633789,253463553
2019-12-12,Lloyds,60.319689564340024,61.137515745044745,60.080327845618896,60.95799255371094,194555350
2019-12-13,Lloyds,69.61499524823782,73.46476476685177,60.55906033869136,64.15949249267578,704768575
2019-12-16,Lloyds,64.81774243548752,67.6701626389116,64.50856652274662,67.0717544555664,377850950
2019-12-17,Lloyds,65.07704560130146,65.07704560130146,62.77316721496079,63.1322135925293,738728534
2019-12-18,Lloyds,63.01252775922927,63.41146899271188,62.434063351138036,63.19205093383789,219003810
2019-12-19,Lloyds,63.11226919349091,64.12956984873566,62.833012577281636,63.750572204589844,381375356
2019-12-20,Lloyds,64.0298257215347,64.15948600790736,62.16478729248047,62.16478729248047,362116302
2019-12-23,Lloyds,61.83565891872223,62.31438614412333,61.60626902767081,62.03512954711914,284390412
2019-12-24,Lloyds,62.32436072185193,63.5810191918616,62.18472862110799,63.25189208984375,64065960
2019-12-27,Lloyds,63.83036129493937,64.3390116170766,62.79311701079597,63.012535095214844,77395979
2019-12-30,Lloyds,63.202023633068166,63.44138913740941,62.87290034475778,62.95268630981445,62060981
2019-12-31,Lloyds,62.71332915122155,62.983610737890004,62.13486469318438,62.33433532714844,51827760
2020-01-02,Lloyds,63.58101732127655,63.67077890967825,63.07237085672401,63.54112243652344,157613349
2020-01-03,Lloyds,63.63088938130598,63.63088938130598,62.284469246525916,62.882877349853516,198856652
2020-01-06,Lloyds,63.03247735043666,63.156149213124536,61.907465164226636,63.08234405517578,136196286
2020-01-07,Lloyds,62.942718505859375,63.52117915432203,62.72330042993258,62.942718505859375,107254282
2020-01-08,Lloyds,62.414119424585806,62.7033478227066,61.84562683790051,62.62356185913086,157679455
2020-01-09,Lloyds,63.28181934587603,63.33168605429292,61.58233361690863,61.686058044433594,173659260
2020-01-10,Lloyds,61.336978888847575,61.59628801988852,59.930716598213515,60.170082092285156,224795444
2020-01-13,Lloyds,59.59162601888425,61.58632479775903,58.48955540010625,58.58430480957031,250375742
2020-01-14,Lloyds,58.59427261352539,58.849594557145856,58.125517215149756,58.59427261352539,235807714
2020-01-15,Lloyds,58.713952817857994,58.7538477033609,57.53708032762215,57.65676498413086,237998772
2020-01-16,Lloyds,57.80636333263237,58.02777499445076,57.088274438437104,57.746524810791016,152237722
2020-01-17,Lloyds,58.15544615257776,58.574331083516356,57.736557417053056,58.295074462890625,185978030
2020-01-20,Lloyds,58.55437529233388,58.55437529233388,57.6078933217997,57.746524810791016,72762048
2020-01-21,Lloyds,57.367530723727754,58.48456084584364,57.07829852103262,58.344932556152344,266967743
2020-01-22,Lloyds,58.22525210211132,58.40477527709531,57.686682577159345,57.93601989746094,163118813
2020-01-23,Lloyds,57.80636550810075,58.69400579161805,57.24785232543945,57.24785232543945,167221590
2020-01-24,Lloyds,57.94599171625534,59.1029167302713,57.69665439595376,57.93601989746094,146725561
2020-01-27,Lloyds,57.04838357242985,57.63681984102573,56.57962816053212,56.958621978759766,156667186
2020-01-28,Lloyds,57.34758484127709,58.08562499846947,56.67038381327204,57.487213134765625,114274583
2020-01-29,Lloyds,57.80636352781743,58.29107534021403,57.27776962531093,57.34758377075195,105528590
2020-01-30,Lloyds,56.848908356524646,58.110554573598044,56.848908356524646,57.77644348144531,134419233
2020-01-31,Lloyds,58.324988138317856,58.324988138317856,56.20063300827548,56.639469146728516,179297410
2020-02-03,Lloyds,56.828968887786516,57.04838697530941,56.041061941305266,56.400108337402344,153681928
2020-02-04,Lloyds,57.168060595450584,57.437345358402645,56.6793615773634,57.34758377075195,113644729
2020-02-05,Lloyds,57.507170461321884,58.173399178809085,56.988548278808594,56.988548278808594,194283019
2020-02-06,Lloyds,57.49719086029482,58.115546384600485,56.69432433879941,56.79904556274414,142821635
2020-02-07,Lloyds,56.66939728039082,56.92871027635933,56.05104166664385,56.76913070678711,124996718
2020-02-10,Lloyds,56.50981091098838,57.00848555856314,56.330287733494615,56.72922897338867,203893458
2020-02-11,Lloyds,57.34758357787943,57.34758357787943,56.20063038448762,56.57962417602539,164536871
2020-02-12,Lloyds,56.60954855363874,57.487217064312816,56.056023153640204,57.28774642944336,125454586
2020-02-13,Lloyds,57.28775005328434,57.995871042093704,56.05103888711791,57.87618637084961,171006145
2020-02-14,Lloyds,57.975921020523884,58.04573517335409,56.40010716044546,56.4599494934082,141080959
2020-02-17,Lloyds,56.51978672070496,57.05835629121389,56.380158418258766,56.71925735473633,82623091
2020-02-18,Lloyds,56.05102782444606,56.83893463399118,55.731876373291016,55.731876373291016,166751570
2020-02-19,Lloyds,56.0510336288638,56.25050425763842,55.482544809836895,55.632144927978516,115708021
2020-02-20,Lloyds,55.84159510310562,57.97592223036484,55.7618053241569,56.400108337402344,250479278
2020-02-21,Lloyds,55.53240849283702,55.911402286418735,55.02375822692211,55.20328140258789,325612555
2020-02-24,Lloyds,53.737190195831985,54.2358649279269,52.16137621621065,52.96923065185547,290401275
2020-02-25,Lloyds,53.3781347284708,53.705264414588505,51.842215900968945,51.872135162353516,328451066
2020-02-26,Lloyds,51.96190254929488,52.181320636160656,50.88476716881552,51.77240753173828,323387690
2020-02-27,Lloyds,51.03436750241952,51.15405217096586,49.448585592334226,50.2165412902832,318291781
2020-02-28,Lloyds,48.66566182282712,50.366144364708155,47.75408682092055,50.06694030761719,616992296
2020-03-02,Lloyds,51.35351958022488,51.930983421941704,48.50409024191213,49.408687591552734,354681470
2020-03-03,Lloyds,50.37611367882431,50.665345901612575,48.41632206617098,48.54597854614258,276224597
2020-03-04,Lloyds,47.87775100011502,49.01572531848497,47.55361173844135,48.23679733276367,271341849
2020-03-05,Lloyds,48.23679923282241,48.42828782774853,46.08252495665851,46.87541580200195,255914487
2020-03-06,Lloyds,45.33949613142772,46.53631599602792,44.72712527275076,45.55891418457031,345739690
2020-03-09,Lloyds,40.641986850835394,43.89733513551114,39.26265324963048,41.125701904296875,496506848
2020-03-10,Lloyds,42.17791072535233,44.88072692247156,41.47976532341884,42.42226028442383,494209542
2020-03-11,Lloyds,42.52697245155112,44.09380730940152,41.51466354677193,42.00835037231445,372371693
2020-03-12,Lloyds,39.754345900147435,41.055887112825765,36.512960496306626,36.89693832397461,543757343
2020-03-13,Lloyds,38.44282476232998,40.02761341020547,36.98171177308721,37.7895622253418,408864062
2020-03-16,Lloyds,35.405902904385066,35.86668011259543,32.11465071926082,35.016937255859375,536586936
2020-03-17,Lloyds,35.90457338140514,36.45710572400169,31.51623701524751,35.226375579833984,441849428
2020-03-18,Lloyds,33.53586558473749,34.34371977590895,32.06477709207376,33.54583740234375,358206359
2020-03-19,Lloyds,33.191788418150175,34.12730192661809,30.61862882021608,32.289188385009766,698106099
2020-03-20,Lloyds,33.660547573079974,34.4534386452665,31.316775731977227,32.01491928100586,675068283
2020-03-23,Lloyds,29.870614261451635,31.906202779644037,29.737965471827327,30.488969802856445,380314599
2020-03-24,Lloyds,31.28685455479398,33.555824279785156,30.668497029706337,33.555824279785156,386440167
2020-03-25,Lloyds,35.14658879114187,38.389967414629226,32.91252482591094,36.63263702392578,431074933
2020-03-26,Lloyds,35.04685784091684,37.83943544252159,34.308821404247105,37.460445404052734,337909827
2020-03-27,Lloyds,35.40590757352983,36.87899398552146,33.431156002035436,34.303836822509766,391858874
2020-03-30,Lloyds,34.04452438116136,36.87899459386765,32.30415052433373,33.41120910644531,266071926
2020-03-31,Lloyds,31.925150118150896,36.87898706078954,31.6309338944086,31.915178298950195,434167505
2020-04-01,Lloyds,29.92048036308037,30.91782970851638,28.13522412164931,28.195066452026367,633114108
2020-04-02,Lloyds,27.87092616521702,29.721008678825196,27.75523442138572,28.82838249206543,480846533
2020-04-03,Lloyds,28.409495949058712,28.78250323978265,27.62657688614103,27.65151023864746,319660657
2020-04-06,Lloyds,28.44939116960487,29.860641479492188,28.073391542648206,29.860641479492188,334338098
2020-04-07,Lloyds,30.5587845189074,32.2393196007018,30.16981886785721,31.13724708557129,470424722
2020-04-08,Lloyds,29.93544187428927,31.77555274963379,29.833712949928984,31.77555274963379,257197311
2020-04-09,Lloyds,32.01490934060502,35.261282208295164,31.93512337914537,33.301490783691406,371893146
2020-04-14,Lloyds,32.92748964959632,33.311471297034295,31.620962475486504,31.70075035095215,286063632
2020-04-15,Lloyds,31.351675773151143,31.606000918536235,29.60132852946439,29.666156768798828,333883339
2020-04-16,Lloyds,29.646209686168763,30.818094406637957,29.0577734199275,29.356977462768555,246071360
2020-04-17,Lloyds,30.169814971527575,31.217030928630447,29.81076863090134,30.369285583496094,313340055
2020-04-20,Lloyds,30.56875309252117,30.858982079641855,29.52153717654986,30.040159225463867,184756278
2020-04-21,Lloyds,29.222335480111123,30.0910270616124,29.04780010306994,29.142547607421875,307829234
2020-04-22,Lloyds,29.451726982887255,30.100003679764946,29.322070502135965,29.83570671081543,158235468
2020-04-23,Lloyds,29.865625498459238,30.34435272216797,29.381910462797123,30.34435272216797,180356670
2020-04-24,Lloyds,29.571407559679347,30.26955285881224,25.606943551495696,29.65618324279785,204121119
2020-04-27,Lloyds,30.598677616956035,30.818093783785415,29.920479771110667,30.45406150817871,173245463
2020-04-28,Lloyds,30.498940779403377,35.665208430380794,30.38923175032618,33.15687561035156,464384721
2020-04-29,Lloyds,33.11199937814422,34.66786193847656,32.67316322659541,34.66786193847656,419861412
2020-04-30,Lloyds,34.667861853064856,34.83641642004856,31.513247643761417,32.154544830322266,612396060
2020-05-01,Lloyds,31.895231313852722,31.998955736123442,30.314433529139404,31.60101318359375,348622494
2020-05-04,Lloyds,31.28685178949582,31.36165185377625,30.269554936020512,30.518892288208008,315203318
2020-05-05,Lloyds,30.917828202276503,31.625945289937768,30.242622682655632,30.49894142150879,342698821
2020-05-06,Lloyds,30.46902259503143,30.673479140477173,29.930454922612896,30.090030670166016,244033168
2020-05-07,Lloyds,30.020211941606785,31.202070236206055,29.940424079994443,31.202070236206055,178698841
2020-05-11,Lloyds,32.274229325006374,32.309136404129156,30.10000718499441,30.33438491821289,245474742
2020-05-12,Lloyds,30.284513373574487,30.668493109068876,29.8057861328125,29.8057861328125,229354893
2020-05-13,Lloyds,29.32207111454177,29.686103406527675,28.828384241389596,28.93310546875,317689230
2020-05-14,Lloyds,28.424453396137086,28.703711868713985,27.048112279227663,28.539148330688477,351891252
2020-05-15,Lloyds,28.823400690239453,29.256250396277277,28.005574389832237,28.429447174072266,202822408
2020-05-18,Lloyds,28.92313368808241,29.6063175201416,28.105307453682837,29.6063175201416,252925271
2020-05-19,Lloyds,30.30445903541018,30.485975818612836,29.022865323280016,29.50657844543457,244544366
2020-05-20,Lloyds,29.042814856114074,29.980321906035893,28.412490076795457,29.785839080810547,294630047
2020-05-21,Lloyds,29.56143351860488,29.587365575146674,28.314746856689453,28.314746856689453,407927400
2020-05-22,Lloyds,27.845998619534,28.783507699125813,27.526847078130807,28.045469284057617,277027472
2020-05-26,Lloyds,29.247271097755895,30.169818506031408,28.92313179090614,29.995283126831055,417226860
2020-05-27,Lloyds,30.28950138505314,31.96005892658365,30.03019031902719,31.730670928955078,591610487
2020-05-28,Lloyds,32.29915881691351,32.74298280249517,30.88292448757606,31.296823501586914,299899964
2020-05-29,Lloyds,30.80313383660638,30.982657017758072,29.79082489013672,29.79082489013672,492167786
2020-06-01,Lloyds,30.424139700650844,31.10732534397147,30.194749817136817,30.778200149536133,197136712
2020-06-02,Lloyds,30.98764446178012,32.38393509441608,30.688440413239814,31.845365524291992,532592449
2020-06-03,Lloyds,32.50860402520234,33.884943420420306,32.354012285293635,33.67051315307617,396549439
2020-06-04,Lloyds,33.62064969292227,34.00961537716826,32.80282343256242,33.79518508911133,337816563
2020-06-05,Lloyds,34.41852259022704,35.86467983283512,34.1193185618288,35.45077896118164,457376990
2020-06-08,Lloyds,35.10669839889766,38.01895671766527,34.90722776503741,36.78224563598633,513534214
2020-06-09,Lloyds,36.85206388682275,37.20312828470224,34.68182893196215,35.13163375854492,425439479
2020-06-10,Lloyds,35.839745240291734,36.872001520725924,34.573111286713136,34.92716979980469,305961335
2020-06-11,Lloyds,33.411201354125346,33.45608024616113,31.915177412895854,31.96005630493164,315551500
2020-06-12,Lloyds,31.157193929897748,32.84271488915028,30.57873137437166,31.845365524291992,338964066
2020-06-15,Lloyds,30.364301333527138,32.852686951985746,30.808121499807754,31.446426391601562,224145197
2020-06-16,Lloyds,32.847703518102165,33.98966902581316,32.27422685813048,33.0621337890625,343539819
2020-06-17,Lloyds,33.007281072552416,33.64558410809281,32.19443884061184,32.4886589050293,183578500
2020-06-18,Lloyds,32.149553305194104,33.04716533690895,31.810454411990165,32.34403610229492,140368209
2020-06-19,Lloyds,32.852676686237324,32.852676686237324,31.99495968997971,32.1495475769043,320598770
2020-06-22,Lloyds,31.74064225809628,32.12462006487715,31.227006074637796,31.561119079589844,442958262
2020-06-23,Lloyds,31.78054025359176,32.86465900800135,31.675819017043224,32.658206939697266,171134869
2020-06-24,Lloyds,32.398893349428924,33.06711556928798,31.526212692260742,31.526212692260742,183221384
2020-06-25,Lloyds,31.21703095107544,31.81544088511851,30.43411193731911,31.536184310913086,238814859
2020-06-26,Lloyds,31.98499521396195,32.094704257588646,30.910850236222952,31.002605438232422,165673375
2020-06-29,Lloyds,30.907852718345172,31.401541429138312,30.319416514580407,31.172149658203125,219927377
2020-06-30,Lloyds,31.182128771545237,31.49629436910934,30.558785388763393,31.09236717224121,216798060
2020-07-01,Lloyds,31.08738302111498,31.26690622988048,30.38923763198097,30.618629455566406,214762975
2020-07-02,Lloyds,31.077409461200876,31.999956963838827,30.833059905327175,31.765581130981445,246512863
2020-07-03,Lloyds,31.70075004293172,31.95507520133375,30.64356022771086,30.942764282226562,133792963
2020-07-06,Lloyds,30.748281727655584,31.915180594223603,30.663507942302818,31.12228775024414,239588682
2020-07-07,Lloyds,30.818095493655896,31.30679646209,30.62660497557507,30.658519744873047,151273183
2020-07-08,Lloyds,30.399207174185513,30.972683800839974,30.24960515488653,30.63857078552246,170320859
2020-07-09,Lloyds,30.917829549553986,31.027538585721615,29.551460116322886,29.65618324279785,218302938
2020-07-10,Lloyds,29.396875120354945,30.4291316384274,29.16748520573731,30.374277114868164,225317607
2020-07-13,Lloyds,30.91783087145914,31.187115661406036,30.1997400005604,30.55878448486328,147069644
2020-07-14,Lloyds,30.040167147928685,30.738310641932724,29.840696491188577,30.025205612182617,204167953
2020-07-15,Lloyds,30.219682938725274,30.404193928324418,29.58636780913659,30.304458618164062,193431901
2020-07-16,Lloyds,30.154861348546397,30.56876038273821,29.97035032991684,30.449079513549805,126076131
2020-07-17,Lloyds,30.21968889883208,30.618630218155072,29.800802035377487,30.48398780822754,205731994
2020-07-20,Lloyds,30.070082329228406,30.61862560958683,30.02520153267447,30.32939338684082,116012735
2020-07-21,Lloyds,30.65851671292657,31.087377208728572,30.08504201691802,30.42413902282715,178419771
2020-07-22,Lloyds,30.41915483821129,30.708387059609628,29.96536096507723,30.23963165283203,284988418
2020-07-23,Lloyds,30.349337988718574,30.449073294199636,29.920477506754917,30.085041046142578,148677270
2020-07-24,Lloyds,29.92047907305489,30.154856767860856,29.576394248540176,29.616287231445312,151008724
2020-07-27,Lloyds,29.606315793345104,29.74793960305119,28.64387349008949,28.823396682739258,352244425
2020-07-28,Lloyds,28.798462763129425,29.15252132929465,28.484297182162354,29.142547607421875,165473357
2020-07-29,Lloyds,29.371937045587536,29.461698632936336,28.21999794280647,28.289812088012695,222117317
2020-07-30,Lloyds,26.92843282904748,27.534821044544604,25.64185123633682,26.135540008544922,714742095
2020-07-31,Lloyds,26.429754638844607,26.908481813488525,25.365583571747877,26.21532440185547,344278032
2020-08-03,Lloyds,25.896177893049167,27.900850459438722,25.821375925485885,27.79612922668457,430663048
2020-08-04,Lloyds,27.666465322353837,28.4394105367669,27.60163709465818,28.080366134643555,190376551
2020-08-05,Lloyds,28.34965818584445,28.534169209150797,27.806102643579106,28.10032081604004,162668620
2020-08-06,Lloyds,28.04546468103437,28.20504042554525,27.40715980069793,28.085357666015625,142120571
2020-08-07,Lloyds,27.995593878841046,28.080369556511123,27.412145465358872,27.711349487304688,106901984
2020-08-10,Lloyds,28.14021289588976,28.484297747005407,27.860954384793235,28.339683532714844,178864436
2020-08-11,Lloyds,28.653845868198363,29.551459887053177,28.57405799768444,29.376924514770508,206300339
2020-08-12,Lloyds,29.376927511023645,29.990297184838987,29.202392120939514,29.611305236816406,197218699
2020-08-13,Lloyds,29.207374725616837,29.606314073726477,28.943077764174113,29.10265350341797,106759883
2020-08-14,Lloyds,28.938088738918832,29.02286441687725,27.94273496444816,28.873262405395508,137246251
2020-08-17,Lloyds,28.76355785945777,59.781123768144504,28.32971138784656,28.54912757873535,80176621
2020-08-18,Lloyds,28.11528024699924,28.893211565083273,28.025518648406003,28.110292434692383,122824092
2020-08-19,Lloyds,28.06540994307035,28.58403205871582,28.015543236766824,28.58403205871582,77516764
2020-08-20,Lloyds,28.00058437501978,28.409497465286282,27.925782411215412,28.0604248046875,96885196
2020-08-21,Lloyds,28.13522747221059,28.274857690759063,27.646526463023786,28.02552032470703,122047261
2020-08-24,Lloyds,28.239948387331683,28.544140254321917,27.656498007533873,28.524192810058594,193878351
2020-08-25,Lloyds,28.748595099121978,29.187427433159232,28.090344695773226,28.12525177001953,167338907
2020-08-26,Lloyds,28.10530465055623,28.48429656200555,27.955702630307627,28.39952278137207,91481211
2020-08-27,Lloyds,28.244932623923194,28.519203308269695,28.005569013823,28.12525177001953,94257788
2020-08-28,Lloyds,28.16015971221934,28.668808112719663,27.995596155163533,28.27485466003418,184729851
2020-09-01,Lloyds,27.736284154782574,27.915807337385193,26.78381562690124,26.86859130859375,259148859
2020-09-02,Lloyds,26.92843407485646,27.20769259453232,26.5793614008349,26.94339370727539,174328488
2020-09-03,Lloyds,27.207689485559346,27.771190468269758,26.669119952502914,26.808748245239258,192771558
2020-09-04,Lloyds,26.728961109740123,27.55177506257116,26.649173239949278,26.86859130859375,198721877
2020-09-07,Lloyds,26.93342097329795,27.09698774353105,26.290132025867294,26.89352798461914,353944866
2020-09-08,Lloyds,26.948375153255824,27.18275091571929,26.113594000674567,26.38985824584961,163059131
2020-09-09,Lloyds,26.245249461987285,26.529493883045856,25.88620307652679,26.40482521057129,169263018
2020-09-10,Lloyds,26.33999614213129,26.723975869585203,25.926097151689355,26.3499698638916,177914370
2020-09-11,Lloyds,26.280156797791506,26.429758825780723,25.801429547308814,25.8114013671875,184051169
2020-09-14,Lloyds,25.975963040105004,26.40482355082724,25.741585341851493,26.295114517211914,160823985
2020-09-15,Lloyds,26.10561791937265,26.424771302501828,25.886201751870914,26.08567237854004,145267013
2020-09-16,Lloyds,26.09564905723641,26.659150122190262,25.836337974098818,26.51453399658203,211594957
2020-09-17,Lloyds,26.110605673086674,26.389862267049395,25.956015842648117,26.185405731201172,119767296
2020-09-18,Lloyds,26.13055398497495,26.245248933064936,25.173097610473633,25.173097610473633,414288810
2020-09-21,Lloyds,24.933735939269,24.983602650230303,23.577340095438977,23.916439056396484,307397183
2020-09-22,Lloyds,24.195699099947767,24.67442640343049,23.522487046025308,24.22562026977539,252300413
2020-09-23,Lloyds,24.175747773605433,25.212992000318064,24.14084069888846,24.519832611083984,223024340
2020-09-24,Lloyds,23.97628101058496,25.0833375751042,23.82667707549666,24.514848709106445,194865701
2020-09-25,Lloyds,24.75421148494609,25.16312458149828,24.559728658816756,24.654476165771484,196214677
2020-09-28,Lloyds,25.13320470006017,26.6541620976648,24.483929290991654,26.524505615234375,313030166
2020-09-29,Lloyds,26.369917277199995,26.489598133600794,26.035804256637523,26.06073760986328,170484572
2020-09-30,Lloyds,25.6967028729104,26.699039936605054,25.529148929029613,26.285139083862305,221981207
2020-10-01,Lloyds,26.669123020449202,26.898512928416697,25.866256440269932,26.459680557250977,147912748
2020-10-02,Lloyds,26.050765858107198,27.122915267944336,25.94105682087726,27.122915267944336,167305647
2020-10-05,Lloyds,27.74126909121087,27.870923652822047,26.63421084810686,26.913469314575195,159558443
2020-10-06,Lloyds,27.42211779135611,27.880897521972656,27.028164390744504,27.880897521972656,277883984
2020-10-07,Lloyds,27.756229938534712,28.743605481530878,27.52684006438558,27.8260440826416,182387381
2020-10-08,Lloyds,27.955700799743575,28.539149211196275,27.64153524618832,28.299785614013672,186415374
2020-10-09,Lloyds,28.424457236838773,28.70870165702372,28.105305740651666,28.15018653869629,171781390
2020-10-12,Lloyds,28.3696000051849,28.63888476771439,27.95570104259427,27.995594024658203,149113706
2020-10-13,Lloyds,28.08037032961777,28.12924023244074,26.564398931491063,26.798776626586914,257931793
2020-10-14,Lloyds,26.80875048632037,27.252572558163195,26.6990433481249,26.888538360595703,142900459
2020-10-15,Lloyds,26.49957045611507,26.704026985439192,25.91612203180945,26.51951789855957,142107014
2020-10-16,Lloyds,26.78880586632152,27.00822205255594,26.040793805889994,26.93840789794922,163889626
2020-10-19,Lloyds,26.993260258871377,27.596656149425048,26.699042129233103,27.048114776611328,133608836
2020-10-20,Lloyds,26.94838217840156,27.367269017009104,26.689071097140403,27.102970123291016,157730479
2020-10-21,Lloyds,27.092998504638672,27.471990455584226,26.77384508527709,27.092998504638672,165557147
2020-10-22,Lloyds,27.078035562966633,27.845995049956638,26.84365974983324,27.84100914001465,157125926
2020-10-23,Lloyds,28.324718349933082,29.62326712048141,27.87591232832716,29.207372665405273,293985333
2020-10-26,Lloyds,28.79347638151589,29.765890469515107,28.13023815504165,28.972997665405273,242786482
2020-10-27,Lloyds,29.616287377130917,29.735970131020714,28.070396711669147,28.249919891357422,180792193
2020-10-28,Lloyds,27.666471342951763,28.005570281516494,26.963340111988146,27.576709747314453,312479477
2020-10-29,Lloyds,27.417134941566875,28.99294692689205,27.282492543487106,28.205041885375977,246260835
2020-10-30,Lloyds,27.880899963797564,28.40251436966465,27.601641471382475,27.950714111328125,178083538
2020-11-02,Lloyds,27.74127358334098,27.841008901964948,27.02816862327511,27.75623321533203,164977085
2020-11-03,Lloyds,28.000585399616345,29.317086314237272,27.801114757034313,29.167484283447266,191093059
2020-11-04,Lloyds,28.095330056762755,29.04281265941356,27.80111193508006,28.44440269470215,160111489
2020-11-05,Lloyds,28.53416885258259,28.668811258869635,27.147851800234374,27.636552810668945,280894568
2020-11-06,Lloyds,27.79612770576972,28.215014516159233,27.292465209960938,27.292465209960938,189650158
2020-11-09,Lloyds,27.641540976290653,31.735660133052942,27.29246827800999,30.69841766357422,555165909
2020-11-10,Lloyds,31.19709603041988,32.98733863033967,30.738314227321517,32.049827575683594,434823444
2020-11-11,Lloyds,32.029880307679875,33.610678324498316,31.785528847434158,33.291526794433594,342572026
2020-11-12,Lloyds,32.80281837722018,33.645579766263495,32.204410309769806,33.381282806396484,242164742
2020-11-13,Lloyds,32.98234365232664,34.90722825776454,32.53353567095248,34.62797164916992,335666802
2020-11-16,Lloyds,35.00695984511139,36.34839590698173,34.93216168927797,35.495662689208984,335834224
2020-11-17,Lloyds,35.625320985432744,36.05418152216875,34.98502058488043,35.50065231323242,265795860
2020-11-18,Lloyds,35.4507842297729,35.904580053877446,34.76062087855356,35.57046890258789,253504305
2020-11-19,Lloyds,34.90723079609327,35.66521470507622,34.73269540303005,35.56049346923828,330453203
2020-11-20,Lloyds,35.505632013504666,36.16887018225126,34.907223981372475,35.720062255859375,236741478
2020-11-23,Lloyds,36.054182358169854,37.280921664515596,35.45577043498113,37.10139846801758,269962523
2020-11-24,Lloyds,37.350732666117956,39.76331938453766,37.201128746799554,39.39529800415039,383355000
2020-11-25,Lloyds,40.572162531341576,40.71079399823492,37.40458303301772,38.02892303466797,367835127
2020-11-26,Lloyds,38.03890311758771,38.048878741529194,35.6781766577961,37.22107696533203,294316183
2020-11-27,Lloyds,36.10903320552698,37.32080895171282,35.73502721830843,37.19614028930664,361581226
2020-11-30,Lloyds,37.59508597612003,37.879330407832036,35.52558517456055,35.52558517456055,343886051
2020-12-01,Lloyds,35.39093685101729,38.17852602938682,35.15655918107647,38.17354202270508,244156813
2020-12-02,Lloyds,37.75466306292125,38.83678630564216,37.26097614928217,38.642303466796875,222719388
2020-12-03,Lloyds,38.79689198893528,39.45514242051242,38.05885178161016,39.09609603881836,305393067
2020-12-04,Lloyds,38.697152502420614,39.385325961883886,38.19847784696523,38.92155838012695,242276964
2020-12-07,Lloyds,38.42786647654679,38.492696614572935,36.721403322286825,37.23603439331055,291946176
2020-12-08,Lloyds,36.89693821267309,37.939170263917994,36.747338092621696,37.09640884399414,209227033
2020-12-09,Lloyds,37.14627256433342,37.86935306916751,37.09640586165862,37.15126037597656,159190277
2020-12-10,Lloyds,36.82712149740944,36.901923454518155,34.47337658184703,35.57544708251953,400382461
2020-12-11,Lloyds,35.66521351320235,36.07412662239364,33.15189632791052,33.97969436645508,356533901
2020-12-14,Lloyds,34.89726313132219,36.29055984156157,34.5132814162706,35.63529968261719,280361772
2020-12-15,Lloyds,35.53555590855456,36.91688298721526,35.12963326023276,36.552852630615234,380477148
2020-12-16,Lloyds,36.926858205924276,37.622009246317845,36.18383026123047,36.18383026123047,242091960
2020-12-17,Lloyds,36.418205291914035,36.90192026082334,35.85969217695506,36.12398910522461,177087736
2020-12-18,Lloyds,35.80483665587202,35.93349250711318,34.80748748779297,34.80748748779297,332540166
2020-12-21,Lloyds,33.27157921171405,35.93350369150716,31.915183312211255,33.490997314453125,343560165
2020-12-22,Lloyds,33.82011962348442,35.0967256992299,33.64558423103269,34.6030387878418,178730216
2020-12-23,Lloyds,34.63295244563587,37.600068855189924,34.63295244563587,37.02659225463867,403869991
2020-12-24,Lloyds,38.75699543159511,39.94383976032831,38.32314710497191,38.50267028808594,269729556
2020-12-29,Lloyds,38.697155169849715,38.994365619791644,36.59075376699703,36.65757751464844,326575929
2020-12-30,Lloyds,36.847073356595146,37.525271254396976,36.68250979214631,36.712432861328125,142842833
2020-12-31,Lloyds,36.18382714543608,36.911891592549566,35.96540971359463,36.34340286254883,104467778
2021-01-04,Lloyds,36.901934736534564,37.14429071672742,34.513282017984146,34.742671966552734,396174544
2021-01-05,Lloyds,34.54817989221481,35.500650320563935,33.97969108325775,35.116668701171875,218145818
2021-01-06,Lloyds,36.37333088871875,37.460441798831,35.50862845067467,37.061500549316406,397870600
2021-01-07,Lloyds,37.400600972525496,37.84940894511298,36.24367586795881,36.79221725463867,200698783
2021-01-08,Lloyds,37.0265981768389,37.32580224967389,36.14892959921488,36.727394104003906,191583629
2021-01-11,Lloyds,35.97439197898543,36.727391829241256,35.96940416678102,36.06914138793945,153132933
2021-01-12,Lloyds,36.37830971750292,36.98370292039384,36.22870962367005,36.6475944519043,158929668
2021-01-13,Lloyds,36.95178840530027,36.95178840530027,36.05916038319632,36.148921966552734,112024586
2021-01-14,Lloyds,36.607712908547754,36.88696953341929,36.125991426058185,36.358375549316406,119276836
2021-01-15,Lloyds,36.11900496845749,36.70245339451254,35.609357894624196,35.83974838256836,185923864
2021-01-18,Lloyds,35.839743707539725,36.33841829134227,35.58641540582393,36.079105377197266,70657203
2021-01-19,Lloyds,36.507975105863196,36.57878606253992,35.5455327622379,35.904579162597656,163559665
2021-01-20,Lloyds,35.93948090347662,35.98934760621382,34.93714381874107,35.69014358520508,177987106
2021-01-21,Lloyds,35.90457542250353,36.10404604687903,35.046854400898894,35.22138977050781,156158062
2021-01-22,Lloyds,34.90722726588022,35.11666971637491,34.35170446903136,34.67783737182617,185598595
2021-01-25,Lloyds,34.98202650953244,35.1725183031542,30.733318378503174,33.74531173706055,160164594
2021-01-26,Lloyds,33.70542266779139,34.637945768523444,33.56579435422428,34.31879425048828,115446667
2021-01-27,Lloyds,33.54086290348866,34.253967908907796,32.792850819674996,33.161869049072266,261696512
2021-01-28,Lloyds,32.7529516723636,33.4560809613885,32.15952761218889,33.381282806396484,230268973
2021-01-29,Lloyds,32.852682852483916,33.57576333988144,32.27921007867421,32.91252517700195,203699900
2021-02-01,Lloyds,33.446109972460725,34.1292956401698,32.98733018905509,33.43613815307617,232310879
2021-02-02,Lloyds,33.830090001458984,34.248978730068295,33.502960279185665,33.90489196777344,139364758
2021-02-03,Lloyds,34.52822586388939,34.90721959910635,33.81512108275282,34.089393615722656,159443235
2021-02-04,Lloyds,34.33375099800579,36.56282742899641,33.740330715216885,36.014286041259766,412023812
2021-02-05,Lloyds,36.88696450252099,37.420546226319075,36.263621189458476,36.90192413330078,380657321
2021-02-08,Lloyds,37.9990084074076,38.21842648010953,37.415559955452906,37.60007095336914,286839716
2021-02-09,Lloyds,37.624999705026134,37.82945813166474,37.111365439489894,37.44547653198242,129770297
2021-02-10,Lloyds,37.899275105794274,38.115698970097974,37.074467532374356,37.40060043334961,177399859
2021-02-11,Lloyds,37.380649953969616,37.65990653039088,36.652585447881684,36.971736907958984,213707092
2021-02-12,Lloyds,36.56781863061197,37.320814728803974,36.173865139875964,37.00166320800781,135270378
2021-02-15,Lloyds,37.72473167301219,39.08112710105708,37.20112185695875,38.98637771606445,290453462
2021-02-16,Lloyds,39.395294578598175,39.395294578598175,38.353066459618525,39.37534713745117,247123172
2021-02-17,Lloyds,39.37036450780808,39.54988769717395,38.457792733881746,38.82182312011719,172194425
2021-02-18,Lloyds,38.69715215302916,38.87168751994555,37.01163320245914,37.38563919067383,270616682
2021-02-19,Lloyds,37.50032801647964,38.485711785788276,36.81215844513467,38.08876419067383,225045181
2021-02-22,Lloyds,38.00399732850251,38.44282968212735,37.43151748072429,38.31816101074219,153693215
2021-02-23,Lloyds,38.82681086351082,39.485061288492425,38.51763119246421,39.11604309082031,311824333
2021-02-24,Lloyds,40.741719435696886,40.89132336006806,38.26829350363819,39.230735778808594,486094094
2021-02-25,Lloyds,39.475089661529275,39.81917260506241,38.72208982626865,39.1060676574707,301035350
2021-02-26,Lloyds,38.397958364242164,39.13599871850807,37.93419066298408,38.89663314819336,541710054
2021-03-01,Lloyds,39.49004757965662,39.614716244772765,38.886651697044776,38.901611328125,162494230
2021-03-02,Lloyds,38.67222578756658,39.16591269163223,38.58246418641045,38.776947021484375,158880732
2021-03-03,Lloyds,39.14596733697986,40.35774711500868,38.956472304235376,40.30788040161133,303428714
2021-03-04,Lloyds,40.153282412894384,40.8614033297573,39.76930459427772,40.238059997558594,270262448
2021-03-05,Lloyds,39.9189023754981,41.35209341836553,39.564840069235764,39.96876907348633,311713141
2021-03-08,Lloyds,40.392648362327954,41.92357945054387,40.185199516513656,41.669254302978516,289188721
2021-03-09,Lloyds,41.838801074513306,41.838801074513306,40.78659732960192,41.02595901489258,275427000
2021-03-10,Lloyds,40.71180422335523,41.185543690023145,40.39863731800953,40.67190933227539,156387940
2021-03-11,Lloyds,40.716789919396874,40.86439644321612,39.968777871170055,40.39265060424805,149291863
2021-03-12,Lloyds,40.19816156562926,41.2154582506,40.19816156562926,41.10076141357422,169006682
2021-03-15,Lloyds,41.5495676435285,41.684208111911865,40.65693965032051,40.991050720214844,195027863
2021-03-16,Lloyds,41.2104709816079,41.97344255423362,40.96911188319459,41.36505889892578,325544367
2021-03-17,Lloyds,41.36008472584829,41.88867874010097,41.011010120262284,41.3501091003418,263694247
2021-03-18,Lloyds,41.75901743569989,41.818859768094065,40.85641746512368,41.494720458984375,252168435
2021-03-19,Lloyds,40.79159489641462,41.330160719410046,40.276959921251816,40.916263580322266,528920741
2021-03-22,Lloyds,40.671905016529415,41.81885828355983,40.31285864408213,40.89132308959961,220892629
2021-03-23,Lloyds,40.74172010990746,41.484748127438145,40.54225328022616,41.23042297363281,256548257
2021-03-24,Lloyds,40.89131992226634,42.187873207665,40.65494863311726,42.123046875,299872737
2021-03-25,Lloyds,41.88867075540597,42.21779785182814,41.16758763494436,41.654293060302734,260442706
2021-03-26,Lloyds,42.18788045489279,42.37737928299588,41.62936720470138,42.143001556396484,194305088
2021-03-29,Lloyds,41.68920387291495,42.48708262652086,41.62936534426076,41.948516845703125,150612982
2021-03-30,Lloyds,42.387347825879154,43.04061043961052,42.337481118765886,42.985755920410156,187260463
2021-03-31,Lloyds,42.985761375021546,43.30491290654777,42.42226028442383,42.42226028442383,229740496
2021-04-01,Lloyds,42.377371083963226,42.92591240766534,42.27264606522801,42.6566276550293,115971556
2021-04-06,Lloyds,43.384698709291044,43.743745100446525,42.566872509252896,42.71647644042969,215733220
2021-04-07,Lloyds,42.87106556885061,43.51435640342294,42.77132834376995,43.2350959777832,167501972
2021-04-08,Lloyds,43.40465181616065,43.60412248222322,43.09547209353435,43.299930572509766,129551520
2021-04-09,Lloyds,43.51434867975107,43.51933268668087,43.060552946500266,43.140342712402344,158452410
2021-04-12,Lloyds,43.384694779527855,44.421938970115974,42.94586245485703,44.272335052490234,200067947
2021-04-13,Lloyds,44.39700871351441,44.89568342228952,43.55923505058878,43.634037017822266,256620647
2021-04-14,Lloyds,43.63403544909333,43.878384982324185,43.2450697989666,43.71382522583008,132548085
2021-04-15,Lloyds,43.390342828195614,43.51003926023003,42.677145086977205,42.702083587646484,143216883
2021-04-16,Lloyds,43.03124418328261,43.66464548990377,42.91154776666871,43.35043716430664,214002182
2021-04-19,Lloyds,43.16092112424752,43.81227485494548,43.16092112424752,43.64469909667969,100797545
2021-04-20,Lloyds,43.78434143530614,43.8042914720405,41.939002990722656,41.939002990722656,233591142
2021-04-21,Lloyds,41.88913685015493,42.617296190625126,41.12107742950199,41.51009750366211,167730389
2021-04-22,Lloyds,41.67467447175066,41.9090826628279,41.30560827999113,41.86918258666992,140802562
2021-04-23,Lloyds,42.238249393778055,42.55744236877577,41.64973663267343,42.52751541137695,126375282
2021-04-26,Lloyds,42.707063920996966,42.86666041591583,41.614826954709976,42.78187561035156,200403336
2021-04-27,Lloyds,42.861678338853565,43.465152740478516,42.55245844662325,43.465152740478516,133293458
2021-04-28,Lloyds,44.88655620494071,45.61172464459232,44.35789353837495,44.99129104614258,469783830
2021-04-29,Lloyds,45.58478577171947,45.74438224099794,44.886549791721144,45.34040451049805,194506124
2021-04-30,Lloyds,45.335426665844956,45.604746484265526,45.02620676949226,45.320465087890625,195838257
2021-05-04,Lloyds,45.98877143015856,47.33537043909647,44.862619767418856,44.93144226074219,236622072
2021-05-05,Lloyds,45.58479781012545,46.17331065946161,45.28555482683677,46.113460540771484,140325502
2021-05-06,Lloyds,46.19326253750878,46.37280909564411,45.64165514661645,46.08852767944336,314984716
2021-05-07,Lloyds,46.57229532618677,46.73688028213138,45.928920884378336,46.43763732910156,137431750
2021-05-10,Lloyds,46.83164875812072,47.87900114719948,46.672052239833306,47.72937774658203,194072250
2021-05-11,Lloyds,47.190736241131745,47.4251406266597,46.51245016812487,46.557334899902344,205425959
2021-05-12,Lloyds,46.477540137378476,47.300457355333265,46.14837020613191,47.1707878112793,173579940
2021-05-13,Lloyds,46.382777127139015,47.05607474377489,46.178292089709664,46.886505126953125,181473943
2021-05-14,Lloyds,47.57476715204352,48.14831841704249,47.14086235746219,48.12836837768555,321795123
2021-05-17,Lloyds,48.12836474235676,48.33284977650911,40.028835824195156,47.94881820678711,114563454
2021-05-18,Lloyds,48.377731649068565,48.911382763509714,48.193196663670996,48.47747802734375,121810917
2021-05-19,Lloyds,47.84906536005926,48.5871976354141,47.22065257043975,47.839088439941406,145964512
2021-05-20,Lloyds,47.98373411570118,48.36277725861015,47.45606831436846,48.098445892333984,137951837
2021-05-21,Lloyds,48.04358501678529,48.43260128330484,47.54484543302566,48.347816467285156,257504751
2021-05-24,Lloyds,48.66700264032503,48.69692579350913,48.15828620571229,48.5971794128418,76212516
2021-05-25,Lloyds,48.876477272038215,49.19567028859199,48.68495994007359,48.9463005065918,189379841
2021-05-26,Lloyds,48.572246432871154,49.06101288585749,47.601699655520946,48.29295349121094,213999790
2021-05-27,Lloyds,48.1981903985099,49.77919387817383,48.1183940481736,49.77919387817383,395645113
2021-05-28,Lloyds,49.87395212428711,50.074445624911256,49.38020106367922,49.76422882080078,221615971
2021-06-01,Lloyds,50.053507522445344,50.43255069115336,49.37522134900205,49.65451431274414,234369961
2021-06-02,Lloyds,49.669469731941355,50.07345135305717,49.39017680283869,49.87395477294922,175429504
2021-06-03,Lloyds,49.90387647032117,49.97569736790713,49.0360707480461,49.425086975097656,131813661
2021-06-04,Lloyds,49.29541586594498,49.499900910249806,48.68695680417254,48.811641693115234,125488064
2021-06-07,Lloyds,48.89642379407079,49.70438319946374,48.89642379407079,49.504886627197266,170434798
2021-06-08,Lloyds,49.375223245594256,49.799151169009846,48.712895557471796,48.776737213134766,105375649
2021-06-09,Lloyds,48.577231237848935,48.811639426991526,47.734360210101485,48.1134033203125,148918120
2021-06-10,Lloyds,48.11341259958158,48.89144520289052,47.864042785179336,48.15331268310547,100447688
2021-06-11,Lloyds,47.923886435447194,48.39669440819331,47.77925529962321,48.273006439208984,124037199
2021-06-14,Lloyds,48.43758464110576,48.62211583240246,47.68448688355357,47.719398498535156,128931040
2021-06-15,Lloyds,48.06353599309253,48.07051831696054,47.46006154159654,47.79421615600586,164741804
2021-06-16,Lloyds,47.87899183537208,48.312896568709085,47.400202373628005,47.57476043701172,238985854
2021-06-17,Lloyds,47.878997645548196,48.71189179553781,47.74433963890567,47.829124450683594,225143933
2021-06-18,Lloyds,47.38026406446748,47.879003686198715,46.05162098159985,46.31296157836914,374567463
2021-06-21,Lloyds,46.03864334276354,46.9363759904452,45.455119024310726,46.87652587890625,162030532
2021-06-22,Lloyds,47.15083800148633,47.210688117934694,46.350857806807454,46.64710998535156,114201711
2021-06-23,Lloyds,46.71693054592346,47.264546333075295,46.68700739195164,46.88151550292969,124173209
2021-06-24,Lloyds,47.0710384554651,47.43512000968018,46.77678394055064,47.076026916503906,165329025
2021-06-25,Lloyds,47.46004898423863,47.58473384961747,46.84360697936503,47.100955963134766,99477481
2021-06-28,Lloyds,47.00120759273021,47.10095777191197,46.387760162353516,46.387760162353516,102798517
2021-06-29,Lloyds,46.28303043236593,47.200709351563134,46.133407049632154,46.67204666137695,106743496
2021-06-30,Lloyds,46.482526681931446,46.92840226500811,46.03466104150706,46.57229995727539,121885912
2021-07-01,Lloyds,46.861560674235854,47.52488509005222,46.6321409720525,47.49994659423828,142068363
2021-07-02,Lloyds,47.539860656359394,47.72439568648209,46.66706631713379,46.706966400146484,87010694
2021-07-05,Lloyds,46.80171986776328,47.87401071448424,46.7817736332447,47.58972930908203,81200498
2021-07-06,Lloyds,47.62962841118265,47.81914807586922,46.21320987439888,46.32292938232422,100673719
2021-07-07,Lloyds,46.332903624916966,47.16579773626934,46.151363225389254,46.67204666137695,123009564
2021-07-08,Lloyds,46.26309011457851,46.26309011457851,44.82671751479889,45.50001907348633,171421651
2021-07-09,Lloyds,45.639656464562776,46.6221739691937,45.475071502805356,46.592247009277344,165241110
2021-07-12,Lloyds,46.47255430521749,47.20669902925866,45.77232426840941,47.051090240478516,102046957
2021-07-13,Lloyds,47.48000447051027,48.1882175357899,46.59723712576685,46.63214874267578,172623882
2021-07-14,Lloyds,46.63214591283667,47.659548123878714,46.4924994536753,46.816680908203125,95471802
2021-07-15,Lloyds,46.78675080248009,46.926397252249785,46.09350320892312,46.442623138427734,114491702
2021-07-16,Lloyds,46.617188496582095,46.8416197823971,45.49502445734512,45.6047477722168,121824323
2021-07-19,Lloyds,44.87158801352428,45.09601923943184,43.255673293782,43.39033126831055,218332880
2021-07-20,Lloyds,43.554929888980375,44.093569566585764,42.67415633966242,43.97386932373047,283626711
2021-07-21,Lloyds,44.00379468862551,45.719456251340446,44.00379468862551,45.52494812011719,113299851
2021-07-22,Lloyds,46.16333051184222,46.25310378106472,44.96137020150387,45.1159782409668,96907443
2021-07-23,Lloyds,45.47008229764765,45.98877186843197,45.22769485423694,45.769325256347656,79890316
2021-07-26,Lloyds,45.44015828228178,46.542372172407966,44.88655710689035,46.43763732910156,113182682
2021-07-27,Lloyds,46.20822091078486,46.49250230726342,45.50001165009524,46.40272903442383,116360165
2021-07-28,Lloyds,46.243131831140474,47.18973700390282,46.203231753794824,46.662071228027344,148437402
2021-07-29,Lloyds,47.380260205285204,47.77925339220423,45.624698554019766,46.08353805541992,229195738
2021-07-30,Lloyds,45.88902851444209,46.283033228031755,45.260615596114704,45.51995849609375,177334015
2021-08-02,Lloyds,46.29300060075291,46.627155155153524,45.51496819227855,46.11844253540039,131446292
2021-08-03,Lloyds,46.357836991038624,47.20070799981115,46.1433788446383,46.73189163208008,128068426
2021-08-04,Lloyds,47.006210112201536,47.18575668334961,46.43764723859309,47.18575668334961,119502780
2021-08-05,Lloyds,45.90051078883879,46.21975280312034,45.10740443452485,45.79576110839844,209014249
2021-08-06,Lloyds,45.89053277019734,46.728533955617024,45.591247448037315,46.469154357910156,189035870
2021-08-09,Lloyds,46.38934834108105,46.63376427214332,45.88754692670958,46.529014587402344,145241106
2021-08-10,Lloyds,46.47414516125901,46.88815853829698,46.05514642229513,46.529014587402344,146480424
2021-08-11,Lloyds,45.84564822892559,46.593863543943996,45.84564822892559,46.374385833740234,93376765
2021-08-12,Lloyds,46.50407627546382,46.89314761967817,46.27462023622069,46.444217681884766,120589951
2021-08-13,Lloyds,46.46915688733523,46.663692547609244,45.99528494630349,46.11998748779297,97244160
2021-08-16,Lloyds,45.686023997456424,46.12996857279953,45.07248958789262,45.521419525146484,129649585
2021-08-17,Lloyds,45.07748169898085,45.26203904784474,44.51382370543646,44.8829460144043,142452591
2021-08-18,Lloyds,44.8929177390209,45.04256232039889,44.044941926198426,44.5587158203125,210746042
2021-08-19,Lloyds,43.47630288471694,44.30931508250729,43.46632454864582,43.7257080078125,121780565
2021-08-20,Lloyds,43.670833580690946,44.184607466597,43.41643931866047,43.880332946777344,94540376
2021-08-23,Lloyds,44.394104077746746,44.61358176514283,43.76859723541129,43.85040283203125,84657085
2021-08-24,Lloyds,44.03995068036503,44.10978380021399,42.93758065346983,43.65586471557617,130225067
2021-08-25,Lloyds,43.74564686060856,44.53077656227908,43.60598063316557,44.40906524658203,104292224
2021-08-26,Lloyds,44.049929294329374,44.597622702574824,43.98009616800445,44.1197624206543,60504059
2021-08-27,Lloyds,44.005033582366956,44.169641850977996,43.55610367052754,43.98508071899414,86397494
2021-08-31,Lloyds,43.436395984036835,43.795539960539344,43.15705966585707,43.67083740234375,180138382
2021-09-01,Lloyds,43.96013996052286,44.892916370692554,43.84242072715031,43.91524887084961,114135172
2021-09-02,Lloyds,43.87534158853854,44.06488808092093,43.35159319947423,43.52118682861328,124161702
2021-09-03,Lloyds,43.511208004602715,43.92023214666554,43.17500819085067,43.30669403076172,104016579
2021-09-06,Lloyds,43.21192909591273,43.77558709455364,43.21192909591273,43.67083740234375,55784411
2021-09-07,Lloyds,43.59102406612977,43.67582088871186,42.97748963730652,43.1470832824707,86413291
2021-09-08,Lloyds,42.73306563600588,42.892684735512084,42.144469493023095,42.3040885925293,132109308
2021-09-09,Lloyds,41.78532700828967,42.71012302836585,41.2516002691386,42.40385437011719,189086621
2021-09-10,Lloyds,42.633304401218254,43.381519630988684,42.26917131492409,42.463706970214844,151608361
2021-09-13,Lloyds,42.85777166640201,43.72071499081618,42.75701407579898,43.5241813659668,18630685
2021-09-14,Lloyds,43.471311660744426,44.02997667446003,43.34660910509434,43.451358795166016,192641762
2021-09-15,Lloyds,43.3416196153225,44.37415661621,43.32665591765485,44.03496551513672,221126861
2021-09-16,Lloyds,43.97012150817753,44.86299225568829,43.97012150817753,44.66346740722656,185598411
2021-09-17,Lloyds,44.892917899276746,45.34683700695582,44.249452286046065,44.937808990478516,385392982
2021-09-20,Lloyds,44.214534879401675,44.55073474327508,43.04233169555664,43.04233169555664,204629300
2021-09-21,Lloyds,43.44636692846539,44.12474909351016,42.154450358882315,42.373924255371094,181988223
2021-09-22,Lloyds,42.797911583342746,43.9202343996302,42.797911583342746,43.87533950805664,129583974
2021-09-23,Lloyds,44.294341014547584,45.022603346823246,43.985077364285615,44.9527702331543,205133028
2021-09-24,Lloyds,44.843034484122306,45.700988574707274,44.39410457560464,45.32189178466797,324395421
2021-09-27,Lloyds,45.676053268432696,45.860614426220955,45.2371016297175,45.73092269897461,195196130
2021-09-28,Lloyds,45.73092237331426,46.06013514860124,44.76322930223362,45.39173126220703,166065990
2021-09-29,Lloyds,45.89054238528203,46.47913862462241,45.54337088216196,46.32450866699219,205461578
2021-09-30,Lloyds,46.66868211448921,46.81832670000871,46.234719666598444,46.45918273925781,191716362
2021-10-01,Lloyds,45.62616812334655,45.795761759149514,44.52878343556035,45.132347106933594,215095589
2021-10-04,Lloyds,45.01263193474294,45.3518230271297,44.36418095015817,44.69339370727539,152963709
2021-10-05,Lloyds,44.892918283560086,46.53400430860017,44.73828833838173,46.4093017578125,281471241
2021-10-06,Lloyds,46.364409998353274,46.61381511680729,45.5413761519511,45.94042205810547,191400085
2021-10-07,Lloyds,46.444212681854204,46.608820942260564,45.491483482792574,46.38934326171875,154291815
2021-10-08,Lloyds,46.58388111170671,46.91808300967427,46.38934545136025,46.74848937988281,208191732
2021-10-11,Lloyds,46.78839690761826,47.91071982464473,46.65870519385501,47.81594467163086,244678652
2021-10-12,Lloyds,47.08269370267496,48.40953063964844,46.83827777425028,48.40953063964844,174980639
2021-10-13,Lloyds,48.61902529436827,48.833513808291535,47.082689139086256,47.64634323120117,378238931
2021-10-14,Lloyds,48.14017638454461,48.53922228535222,47.88578210155647,48.32473373413086,202565119
2021-10-15,Lloyds,47.885778577627086,49.11285119700441,47.840887486908045,48.99812698364258,221566294
2021-10-18,Lloyds,49.20263263319782,49.40116038098848,48.83850335675667,49.15774154663086,140189076
2021-10-19,Lloyds,49.292429975110394,49.39219050533614,41.790323172401536,49.28245544433594,121304250
2021-10-20,Lloyds,49.34230516567666,49.37722172822676,48.374615944022764,48.93328094482422,114000700
2021-10-21,Lloyds,48.883399261597134,49.127815192331575,47.67129033176335,48.20501708984375,146037620
2021-10-22,Lloyds,48.274845053416136,48.75869150125351,48.020450814792696,48.609046936035156,108911852
2021-10-25,Lloyds,48.54919669619811,48.82154587252949,48.23494384096524,48.658935546875,175889841
2021-10-26,Lloyds,48.53423055558173,49.0529897780103,48.2977912189746,48.88339614868164,140396860
2021-10-27,Lloyds,48.93826575003909,49.20263452944047,48.48434667173141,48.84349060058594,158926004
2021-10-28,Lloyds,49.88102345907933,50.220214570825874,49.03104963198316,49.4620246887207,197110071
2021-10-29,Lloyds,49.706441465598786,50.35988166599263,49.51190577531939,50.100502014160156,261931165
2021-11-01,Lloyds,50.748938465766,51.281668047902556,49.51189154995256,50.98836898803711,160606916
2021-11-02,Lloyds,51.42732470918354,51.45725590542583,41.34537515706924,50.90856170654297,200088158
2021-11-03,Lloyds,50.728991177856884,50.87863574641766,50.180300769166465,50.379825592041016,174756403
2021-11-04,Lloyds,50.56937368769154,50.60927941465848,47.91071837264719,48.13518142700195,307214200
2021-11-05,Lloyds,47.985534463115236,49.217596131097984,47.985534463115236,48.98814392089844,252705505
2021-11-08,Lloyds,48.778653340095914,49.44207186603243,48.399556495900754,49.04302215576172,144957324
2021-11-09,Lloyds,48.71879263465628,48.928292010957975,47.970577314476,48.26487731933594,149628755
2021-11-10,Lloyds,48.130194228275826,49.39717256914936,48.10325805175242,49.1627311706543,185145255
2021-11-11,Lloyds,49.70644114657669,50.12045455887108,49.19266720859165,49.76131057739258,135785483
2021-11-12,Lloyds,49.81118907586524,50.10049991798853,49.11285400390625,49.11285400390625,129816197
2021-11-15,Lloyds,48.883396167332315,49.73636109276142,48.82154343287108,49.511898040771484,102041060
2021-11-16,Lloyds,49.70144870792783,49.895984384156954,49.41712704223758,49.85109329223633,122565303
2021-11-17,Lloyds,50.010709944457766,50.87065821164921,49.86605453491211,49.86605453491211,185774937
2021-11-18,Lloyds,49.70144526167782,50.12044778531646,49.41213444840585,49.771278381347656,92350825
2021-11-19,Lloyds,50.18030302890668,50.27008901296253,48.22995721638734,48.93826675415039,257598027
2021-11-22,Lloyds,49.08291865707093,49.696452999623425,48.82353525249022,49.611656188964844,101510147
2021-11-23,Lloyds,49.17769566263688,50.18030522758726,48.993138324716426,49.71641159057617,129421977
2021-11-24,Lloyds,49.84610478848996,50.030665937512616,49.292425147041925,49.39717483520508,104335977
2021-11-25,Lloyds,49.39717881046984,49.57675080623495,48.983165386588055,49.566776275634766,121090724
2021-11-26,Lloyds,47.386971763942555,47.85585459708945,45.29695568623973,45.890541076660156,499035260
2021-11-29,Lloyds,46.713571180069756,47.307152669115034,46.13993874802449,46.688629150390625,288599389
2021-11-30,Lloyds,45.89053367371084,47.07271509598052,45.39671269214326,46.688629150390625,347879561
2021-12-01,Lloyds,46.30455147936617,47.908722971471455,46.30455147936617,47.576515197753906,160559657
2021-12-02,Lloyds,46.99789272868963,47.352047476908645,46.324499790368414,46.813331604003906,161779350
2021-12-03,Lloyds,47.30715802528762,47.651338284607164,46.21975543155775,46.3693962097168,159110425
2021-12-06,Lloyds,46.369389018669025,46.86320997956497,46.04516167450974,46.164878845214844,187595223
2021-12-07,Lloyds,46.63874634597235,47.741116257475575,46.454185231050936,47.37199783325195,187536547
2021-12-08,Lloyds,47.691244245653074,47.75608820260782,46.57590459118834,47.25229263305664,117947392
2021-12-09,Lloyds,47.142550137473435,47.142550137473435,46.4591788359246,46.58388137817383,93239410
2021-12-10,Lloyds,46.29956136381423,46.75846582209614,46.154905953038906,46.22473907470703,82200068
2021-12-13,Lloyds,46.219756689168065,46.22374497888037,44.19458461352402,44.24446487426758,315907539
2021-12-14,Lloyds,44.64351072618788,45.434622934187495,44.50883365321838,45.082462310791016,143831905
2021-12-15,Lloyds,45.067491305243244,45.41666065498385,44.24944305419922,44.24944305419922,114000489
2021-12-16,Lloyds,44.892912299032815,47.317129867630136,44.24944676607236,46.299556732177734,323349438
2021-12-17,Lloyds,46.24469130529018,47.21238427174785,45.611204051516744,46.05015563964844,359113278
2021-12-20,Lloyds,44.962754339185,45.80574485527211,44.718338389278465,45.35182571411133,209209569
2021-12-21,Lloyds,45.835665758322804,46.339465090556416,45.80074919899688,46.24468994140625,135939459
2021-12-22,Lloyds,46.36440863301896,47.03281630971497,46.18783167149594,46.8482551574707,104721929
2021-12-23,Lloyds,47.08269300004576,47.60145604848488,46.942029684956395,47.521644592285156,97487752
2021-12-24,Lloyds,47.65133384002949,47.99052490008711,47.32710647583008,47.32710647583008,52779157
2021-12-29,Lloyds,48.35465544728019,48.61902420852372,47.6114256100409,47.885772705078125,95297983
2021-12-30,Lloyds,47.58649575471369,48.44943530426787,47.58649575471369,48.22996139526367,69823271
2021-12-31,Lloyds,48.0354258470725,48.21998319340911,47.686256408691406,47.686256408691406,50362743
2022-01-04,Lloyds,49.10287260792787,49.88101522768148,48.48434527905862,49.791229248046875,238638895
2022-01-05,Lloyds,50.08054134918644,51.1180674061922,49.88101652197463,50.55939865112305,268522660
2022-01-06,Lloyds,49.81617417155436,51.876258850097656,49.55080450641757,51.876258850097656,320456504
2022-01-07,Lloyds,52.634444836707445,53.053447337515344,51.98599393144627,52.714256286621094,226744765
2022-01-10,Lloyds,52.82400004600367,53.06342680679941,52.265331261447365,52.68433380126953,254924966
2022-01-11,Lloyds,52.7541665534754,52.92376019071408,52.255356365427915,52.76414108276367,184117239
2022-01-12,Lloyds,53.18314325165442,53.28290376632576,52.50476109615421,53.05345153808594,139325708
2022-01-13,Lloyds,53.12328393405331,53.988221360785886,52.814020253803825,53.84157180786133,142086003
2022-01-14,Lloyds,53.65202079377476,54.909024556282496,53.292876861629686,54.83919143676758,212668176
2022-01-17,Lloyds,55.15843274066897,55.86773938257059,54.78931045321615,54.99881362915039,229444944
2022-01-18,Lloyds,54.78930626073463,55.71709346469824,54.24061584472656,54.24061584472656,220513159
2022-01-19,Lloyds,54.07102732176736,54.74940950926561,53.40261966395884,53.75178909301758,236887004
2022-01-20,Lloyds,53.372694522021234,53.58219390492709,51.79645237112187,52.85393142700195,221857195
2022-01-21,Lloyds,52.005950747542016,52.49478259575745,51.22780427420489,51.626853942871094,187327605
2022-01-24,Lloyds,50.94846767535973,51.62684977394028,49.10785703083844,49.15275192260742,282598008
2022-01-25,Lloyds,50.2700971960126,51.19788458040998,49.7463487084465,50.78886032104492,277583398
2022-01-26,Lloyds,51.287657834752906,52.79406276522763,51.287657834752906,51.90618133544922,149908245
2022-01-27,Lloyds,51.317589896517745,53.15321150928754,50.928518565410066,52.12566375732422,249529611
2022-01-28,Lloyds,51.82637841629661,52.335163124964254,50.63920775337269,51.078163146972656,358298322
2022-01-31,Lloyds,51.34752659188722,51.716645098655015,50.68909723669219,50.928524017333984,156167834
2022-02-01,Lloyds,51.67673508998242,52.26533126831055,51.16795036900986,52.26533126831055,179517363
2022-02-02,Lloyds,52.91378675858491,53.4824300803002,52.5247154127397,52.734214782714844,212887878
2022-02-03,Lloyds,53.06342551929882,54.370309559466875,52.06081979866122,53.17316436767578,261163021
2022-02-04,Lloyds,53.67197969408416,53.84157715028139,51.18790689338251,51.25774002075195,310615405
2022-02-07,Lloyds,51.96604123272054,52.64442333664672,51.4772056145075,52.46485137939453,170499842
2022-02-08,Lloyds,52.85392597852375,53.13325846026973,52.195496696108464,52.37506866455078,165211945
2022-02-09,Lloyds,52.574589890781546,52.963661193847656,51.87625492869448,52.963661193847656,170858759
2022-02-10,Lloyds,52.85393138883179,53.27293395996094,52.38504855594489,53.27293395996094,184243619
2022-02-11,Lloyds,52.89383455975746,53.83159637451172,52.44490461443154,53.83159637451172,177202605
2022-02-14,Lloyds,52.39501838966166,52.823995421285325,51.08813443220125,51.586944580078125,224580586
2022-02-15,Lloyds,51.15797468633305,52.65440533875499,51.101111113109965,52.504764556884766,151011097
2022-02-16,Lloyds,52.52471489839968,52.714261401908736,51.457261388747035,51.806427001953125,213579368
2022-02-17,Lloyds,51.776498710944715,51.94609234710041,50.79882739966946,51.16794967651367,189461870
2022-02-18,Lloyds,50.88861085417861,52.04585027327779,50.53944526438901,51.098114013671875,182220365
2022-02-21,Lloyds,51.18789942755392,51.80342793107457,50.419731332908455,50.798824310302734,118166880
2022-02-22,Lloyds,49.24253646731263,51.57397299727128,48.49931044183015,51.187896728515625,175512574
2022-02-23,Lloyds,51.23778153376151,52.43492670901773,51.08813695974713,52.075782775878906,185341500
2022-02-24,Lloyds,47.88578183717204,49.41513493839049,45.89054092728988,46.434242248535156,706276732
2022-02-25,Lloyds,47.24231459616086,49.95983164966841,46.434240684847516,49.56178283691406,518677124
2022-02-28,Lloyds,47.461793727857334,48.90335497541887,46.9230777708504,48.31974792480469,396856621
2022-03-01,Lloyds,48.40953735740519,49.342310109976616,45.67106628417969,45.67106628417969,438016914
2022-03-02,Lloyds,45.25704919363617,46.46915808025495,45.092440921295676,45.96535873413086,402627643
2022-03-03,Lloyds,46.02521778572999,46.80336432454234,44.89192317702555,45.047550201416016,282139905
2022-03-04,Lloyds,44.593628762616085,44.9607530683306,42.52655706844686,42.9276008605957,490561743
2022-03-07,Lloyds,40.72785608977058,44.99667337347266,38.00435268735852,41.1518440246582,652244747
2022-03-08,Lloyds,40.30387140361251,43.492265802164454,40.03451340070123,41.86015701293945,384654494
2022-03-09,Lloyds,44.69338919583257,45.57628530269167,43.16204216984467,45.272010803222656,331892436
2022-03-10,Lloyds,45.76084333421741,45.85062931587279,44.03994979237891,44.483890533447266,259040367
2022-03-11,Lloyds,44.89291411070484,46.55494991845396,44.44199006386516,45.356807708740234,212963198
2022-03-14,Lloyds,46.48910908551122,47.92568489611161,46.03020461517823,47.62141036987305,297152997
2022-03-15,Lloyds,46.88815463870644,47.89275826190356,46.73352470822809,47.2822151184082,160710514
2022-03-16,Lloyds,48.48434875368881,48.91632084255921,47.865825186112524,48.48933792114258,277001718
2022-03-17,Lloyds,48.783632465546056,49.09987562341121,47.172474063600625,47.885772705078125,294112234
2022-03-18,Lloyds,48.00548670488273,49.0230598449707,47.80596188818755,49.0230598449707,393533448
2022-03-21,Lloyds,48.88339687370544,49.41413238870855,48.28981155101217,48.514278411865234,202484121
2022-03-22,Lloyds,48.883401853362706,50.32795811629443,48.64896043965657,50.120452880859375,242793033
2022-03-23,Lloyds,50.37982720830798,50.56937370302906,49.392181396484375,49.392181396484375,247762719
2022-03-24,Lloyds,49.332325251712085,49.851088271280375,48.88339534962227,49.37721633911133,190132342
2022-03-25,Lloyds,49.28743134187535,49.382206491323615,48.43646055834744,48.63399124145508,236818957
2022-03-28,Lloyds,48.78363854292391,49.42710034486473,48.52425511064441,48.66392135620117,151203320
2022-03-29,Lloyds,49.16273169235792,50.110471825735296,47.84587307957118,49.881019592285156,339933264
2022-03-30,Lloyds,48.61903139196886,48.958222484303306,47.79599379087295,48.0054931640625,222324698
2022-03-31,Lloyds,48.06535042888224,48.823540246617284,46.75846635518526,46.94302749633789,243453766
2022-04-01,Lloyds,46.888154185573796,48.14615496930741,46.7335242565898,47.277225494384766,224342983
2022-04-04,Lloyds,47.357045009612435,47.596471791674276,46.05514998958842,46.77842330932617,297778711
2022-04-05,Lloyds,46.13994334838892,46.95799176925131,45.396717218404625,46.1948127746582,315833767
2022-04-06,Lloyds,45.890539593280764,46.49509656671729,42.02476044275983,45.07748031616211,314994133
2022-04-07,Lloyds,43.94813655525513,45.19552914272214,43.853333500450816,44.24251937866211,287353573
2022-04-08,Lloyds,44.7265071746975,45.10571557753494,44.450084557986784,44.49199676513672,218503989
2022-04-11,Lloyds,44.86620950128413,45.39510647420639,44.597773455143894,44.9859619140625,222249258
2022-04-12,Lloyds,44.69157541111807,45.05581567223144,44.02796173095703,44.02796173095703,182370333
2022-04-13,Lloyds,43.908224293831594,44.47703507673517,43.77849438343975,44.04793167114258,173041476
2022-04-14,Lloyds,44.11279214813197,45.18654406605648,43.87828173868233,44.886173248291016,271041803
2022-04-19,Lloyds,45.250414539816525,45.4879170520854,44.51694709224611,45.275360107421875,238670995
2022-04-20,Lloyds,45.50488343038629,46.67743559463542,45.290331737219475,46.23336410522461,394130211
2022-04-21,Lloyds,46.353114025869736,47.05364943924459,46.04076716428669,46.82712173461914,384394005
2022-04-22,Lloyds,46.2433366050893,46.956845293478146,45.66454463666648,46.013816833496094,280705858
2022-04-25,Lloyds,44.9360669247697,46.18845008080504,44.9360669247697,45.3052978515625,208369479
2022-04-26,Lloyds,46.37307021849666,46.931899687502245,45.78928756713867,45.78928756713867,228502090
2022-04-27,Lloyds,46.383048145534275,47.1314837404516,45.145636760378856,45.674530029296875,157498181
2022-04-28,Lloyds,47.23127849788698,47.33605902671977,45.69947662475047,46.21340560913086,180513125
2022-04-29,Lloyds,47.00674113869744,47.00674113869744,45.27535964291479,45.784297943115234,236270368
2022-05-03,Lloyds,45.99884978838879,46.51277491992584,45.355194763236355,46.08367156982422,263640585
2022-05-04,Lloyds,46.30820531639838,46.38804027632992,45.55478286743164,45.55478286743164,153014211
2022-05-05,Lloyds,46.50778271069389,46.62354186446949,43.80842725069441,43.93316650390625,278830409
2022-05-06,Lloyds,43.828385379059625,44.16767632482058,42.9142995061231,43.27953338623047,249267152
2022-05-09,Lloyds,42.91030826752842,43.4871017606119,42.256675720214844,42.256675720214844,217928445
2022-05-10,Lloyds,42.76061564677356,43.38631046838032,42.34648420791627,42.50115966796875,285482325
2022-05-11,Lloyds,42.53608681132286,43.27454489075485,42.11197409713275,43.02506637573242,283221789
2022-05-12,Lloyds,41.91238769685517,43.209675126124154,41.91238769685517,42.870384216308594,225911923
2022-05-13,Lloyds,43.299488872703584,44.008006915805645,43.23761792915828,43.783477783203125,198089223
2022-05-16,Lloyds,43.778487787229544,43.778487787229544,42.94023984292397,43.573917388916016,183524453
2022-05-17,Lloyds,43.673706584334695,44.25748537386225,43.53898986626676,43.70863342285156,164574627
2022-05-18,Lloyds,44.24251727260358,44.362269696152744,43.643770381817355,43.70863342285156,274192408
2022-05-19,Lloyds,43.389299998161725,43.713622807528665,43.01508225044751,43.33940505981445,367472497
2022-05-20,Lloyds,43.84833937094437,44.161687348436786,43.20967502612021,43.50904846191406,143042487
2022-05-23,Lloyds,44.08783997565837,44.41216278076172,43.5769069820628,44.41216278076172,153652513
2022-05-24,Lloyds,44.21258426927099,44.47703089528237,43.62381480114105,43.91819763183594,209869467
2022-05-25,Lloyds,44.62671609464894,44.66662976223906,43.64876081400329,44.19761276245117,136685508
2022-05-26,Lloyds,44.05291638503611,45.285340851207295,43.987052169307546,45.24043273925781,141324775
2022-05-27,Lloyds,44.96601367055869,45.449001477198365,44.611754598593755,45.140647888183594,115937021
2022-05-30,Lloyds,45.5398153366066,45.55478724808881,44.73649786380393,45.04584884643555,222809031
2022-05-31,Lloyds,44.91112562828905,45.22646456874583,44.49299708813389,44.796363830566406,210154728
2022-06-01,Lloyds,45.40508627429233,45.91402073119254,44.79635813494324,45.03086853027344,167384483
2022-06-06,Lloyds,45.050834873183184,45.739394268008574,44.97499318441276,45.49989700317383,116237977
2022-06-07,Lloyds,45.305301257575024,45.714445882646835,45.16160062348059,45.494903564453125,151939551
2022-06-08,Lloyds,45.494909809926824,46.00384439127602,45.27437009553726,45.83919143676758,233965670
2022-06-09,Lloyds,45.53481930693621,46.103630012640224,44.696571350097656,44.696571350097656,179885942
2022-06-10,Lloyds,44.42713008746489,44.80633845927404,43.28451814307524,43.60884094238281,189741358
2022-06-13,Lloyds,42.90531556645085,43.28951462585532,42.441285358732074,42.73567199707031,267597316
2022-06-14,Lloyds,42.73068139340132,43.993042118930425,42.70074518860306,43.27953338623047,207140046
2022-06-15,Lloyds,43.8483480373279,44.70655484783262,43.8483480373279,43.973087310791016,200365636
2022-06-16,Lloyds,43.78348150806609,44.05192140821747,42.067068023382184,42.151893615722656,356451945
2022-06-17,Lloyds,42.511139244242244,43.207685145483644,41.87547073225006,42.17184829711914,462801860
2022-06-20,Lloyds,42.58098923017943,43.99603438053694,42.41134567471571,43.65374755859375,178986967
2022-06-21,Lloyds,43.623815010245565,44.03295963875532,43.27454659812998,43.35437774658203,135749198
2022-06-22,Lloyds,42.71571329007669,44.332333063730864,42.650850244101804,43.74855422973633,364845777
2022-06-23,Lloyds,43.40926480029912,43.60385775176123,42.22174835205078,42.22174835205078,171396421
2022-06-24,Lloyds,42.31155807300015,43.48410634341174,42.10698386150047,43.304481506347656,154135548
2022-06-27,Lloyds,43.28452858014964,43.80843505972376,42.88536137602263,43.21966552734375,174288024
2022-06-28,Lloyds,43.3893028039295,43.89824110550559,43.33441722617639,43.344398498535156,144944851
2022-06-29,Lloyds,42.82049057693363,43.55395799295595,42.68577385878703,42.92028045654297,140907259
2022-06-30,Lloyds,42.286611400291385,42.610934254975014,41.06915493945942,42.22174835205078,202685856
2022-07-01,Lloyds,41.90739797348553,43.42422773235043,41.76769062053243,42.321533203125,164077179
2022-07-04,Lloyds,42.51612781465279,43.02506611397667,42.47122350945716,42.57600402832031,121946765
2022-07-05,Lloyds,42.995132730389045,43.184738866189186,41.24878286670071,41.268741607666016,240981322
2022-07-06,Lloyds,42.17184569168767,42.261658107634474,41.009278727210635,41.208858489990234,236946426
2022-07-07,Lloyds,42.05209639490272,42.406355416888736,41.83255409129564,42.20677185058594,298265424
2022-07-08,Lloyds,42.21176651283476,42.33151514134232,41.31364608891758,42.111976623535156,186397848
2022-07-11,Lloyds,41.91737544099942,42.38639239666849,41.85749923513678,41.92735290527344,244353890
2022-07-12,Lloyds,41.60802628287672,42.336503087341775,41.28869408932327,42.331512451171875,286282528
2022-07-13,Lloyds,42.11696788157251,42.45625503289436,41.428404692326765,41.827571868896484,122084806
2022-07-14,Lloyds,41.692842067627524,42.05708232084352,40.87954359894617,40.93442916870117,160376313
2022-07-15,Lloyds,40.85958946074677,42.11696326437996,40.80769978912103,41.812599182128906,198862299
2022-07-18,Lloyds,42.01217971198905,42.765605880778544,41.96228477115808,42.69076156616211,133752465
2022-07-19,Lloyds,42.74066550233226,44.25749168278002,42.68078928202231,43.97807693481445,162523267
2022-07-20,Lloyds,44.28743166232247,44.357285349260266,42.980162737111556,43.359371185302734,280399425
2022-07-21,Lloyds,43.30447943503693,43.484104263509316,42.551053282652184,43.23961639404297,171479713
2022-07-22,Lloyds,43.429219901617245,43.553959157835095,42.88036793560668,43.13982391357422,105003022
2022-07-25,Lloyds,42.95022220001081,43.95811372902421,42.720702422250135,43.7186164855957,347369205
2022-07-26,Lloyds,44.13275137868224,44.167678221360006,43.209681559277904,43.43920135498047,121457791
2022-07-27,Lloyds,45.40010189179938,45.91901769178872,44.689589047249555,45.225467681884766,430832156
2022-07-28,Lloyds,46.163504049484644,46.303215219507436,44.06688862084695,44.332332611083984,146966969
2022-07-29,Lloyds,44.966011645532404,45.33823090212433,44.68160627342551,45.1506233215332,171585264
2022-08-01,Lloyds,45.23046253275619,45.80027069651566,44.8213178570881,44.96102523803711,92978858
2022-08-02,Lloyds,44.961016297867,45.57173918842955,44.70455242619496,45.3052978515625,466951554
2022-08-03,Lloyds,44.98596243006203,45.95892700292423,44.84126445134977,45.734397888183594,279571303
2022-08-04,Lloyds,45.18345949845728,45.882122096233765,44.664453106034884,45.0137825012207,278450384
2022-08-05,Lloyds,44.968865706935894,45.160499988153255,44.25523246702068,44.82414245605469,156912354
2022-08-08,Lloyds,45.23335994354845,45.54775637690231,44.60955477684307,45.15351486206055,166802613
2022-08-09,Lloyds,45.01877546781414,45.47290750367669,44.894014421575626,44.90898513793945,101392930
2022-08-10,Lloyds,45.14352905495776,45.50284141794004,44.921953351612316,45.38307189941406,100816356
2022-08-11,Lloyds,45.73241142976948,45.80726882329061,45.21540007105791,45.517822265625,91697725
2022-08-12,Lloyds,45.597671377243316,46.06178265032443,45.3281870437699,45.567726135253906,90989004
2022-08-15,Lloyds,45.71244268655947,45.81225379949143,45.24633640175139,45.777320861816406,85931463
2022-08-16,Lloyds,45.91206626378636,46.07176025501637,45.60764899809711,45.642581939697266,87539860
2022-08-17,Lloyds,46.25640628589726,46.25640628589726,45.53778144796527,45.69747543334961,79019125
2022-08-18,Lloyds,45.70246282000089,45.82223234638768,45.40103821291854,45.62760543823242,158308286
2022-08-19,Lloyds,45.10360938841479,45.527799966372434,44.60955674070753,44.734317779541016,171102566
2022-08-22,Lloyds,44.539687623721655,44.864067062574186,44.15242890000404,44.42989730834961,127196550
2022-08-23,Lloyds,44.36502421236946,44.859076838268955,44.03066555683166,44.28517532348633,123505002
2022-08-24,Lloyds,43.940836366711814,44.32509866453376,43.56655327604955,44.03565216064453,121580935
2022-08-25,Lloyds,44.135471762829916,44.60457073769976,43.87596663788427,44.23527908325195,109529064
2022-08-26,Lloyds,44.64947607038135,44.83212487009676,43.586509704589844,43.586509704589844,256994629
2022-08-30,Lloyds,43.217222269699306,44.74429994505564,43.217222269699306,43.66636276245117,254222677
2022-08-31,Lloyds,44.14045375132205,44.2901685199853,43.62145118340683,43.79611587524414,315293103
2022-09-01,Lloyds,43.4717350734311,43.72125714190107,42.55848338905389,42.618370056152344,161709467
2022-09-02,Lloyds,42.91779451770891,43.87097061885405,42.69322618563619,43.63142776489258,162211138
2022-09-05,Lloyds,42.91779902594846,43.57154567646253,42.643323206890315,43.366939544677734,149622550
2022-09-06,Lloyds,44.040644722640806,45.54276862854581,43.92087519683382,45.143531799316406,255655427
2022-09-07,Lloyds,44.69938229709045,44.95489340788715,44.414927297034836,44.58959197998047,361075744
2022-09-08,Lloyds,44.83911457369502,45.25332211772472,44.509747425874664,45.143531799316406,114521842
2022-09-09,Lloyds,45.14353503493732,46.09171971676396,45.043727724178666,45.8921012878418,136190480
2022-09-12,Lloyds,46.533877838755174,47.04489634170022,46.21149341874977,46.87023162841797,294550070
2022-09-13,Lloyds,46.99000093186194,47.03990458744162,46.27137610781904,46.37617492675781,166685872
2022-09-14,Lloyds,46.256406200458414,46.490957573928256,45.7134436052306,46.12166213989258,276837791
2022-09-15,Lloyds,46.36619126933385,47.80343697209762,46.296321589341105,47.528961181640625,298191736
2022-09-16,Lloyds,47.029923504981625,48.21765111658407,47.00297469223184,47.71361541748047,539075195
2022-09-20,Lloyds,47.94816244767779,48.90632629394531,47.94816244767779,48.90632629394531,465744186
2022-09-21,Lloyds,48.15276814478221,49.75469938202617,47.3213604223306,48.37234878540039,373021503
2022-09-22,Lloyds,47.708622665692104,49.33051624454475,47.512000660642364,47.868316650390625,233704494
2022-09-23,Lloyds,47.6088175030057,48.2426019625665,45.991915358989615,46.136634826660156,214101887
2022-09-26,Lloyds,45.63758789933746,45.68350139463795,43.68133566346549,44.61355209350586,521330757
2022-09-27,Lloyds,44.654473718171666,45.14353486946322,43.05253859231173,43.207244873046875,414152355
2022-09-28,Lloyds,42.528544016393475,42.93376610855434,41.04638224880212,41.774986267089844,644489235
2022-09-29,Lloyds,41.8997461531465,42.15824989447294,40.36268926558534,40.63716506958008,432440428
2022-09-30,Lloyds,40.841772210384384,42.297986510571384,40.83179300244651,41.310874938964844,370821211
2022-10-03,Lloyds,40.92162276021203,42.18420392643378,40.352712699601476,41.700130462646484,453429229
2022-10-04,Lloyds,42.154260653883604,43.32701366421563,41.97959595998816,43.037567138671875,280583748
2022-10-05,Lloyds,43.18229116847129,43.62943660019085,42.25906022084948,42.773075103759766,173548316
2022-10-06,Lloyds,43.06252214451501,43.46674670627034,42.079404514532634,42.44869613647461,152321129
2022-10-07,Lloyds,42.718181097327665,43.172313129222175,42.234107632967124,42.598411560058594,244851276
2022-10-10,Lloyds,41.91970907394356,42.59840943020931,41.85483470437578,42.109344482421875,388395654
2022-10-11,Lloyds,41.929694883699845,41.934686392115516,41.23602370272988,41.415679931640625,145955871
2022-10-12,Lloyds,40.92162265842338,40.997477586809765,38.67592385399771,39.01527404785156,331850142
2022-10-13,Lloyds,38.83062639064998,41.90174393640938,38.4313933314711,41.69015121459961,295253645
2022-10-14,Lloyds,43.017605843240815,43.52363660012878,42.30896403706429,42.36885070800781,237548984
2022-10-17,Lloyds,41.82987927215385,43.16232619974255,41.48953156782001,42.58842468261719,298575085
2022-10-18,Lloyds,42.97768780442749,43.5316271701146,42.47764225770596,42.523555755615234,266762423
2022-10-19,Lloyds,40.72699845914693,41.635258772985864,40.37267752540041,40.532371520996094,264598142
2022-10-20,Lloyds,40.222955751059104,42.63333979083579,39.92852154458848,41.96461868286133,330100240
2022-10-21,Lloyds,41.760021205259626,42.03449705397617,40.84976578104118,41.30588912963867,186908554
2022-10-24,Lloyds,41.894756846370676,42.92279043291434,41.780976358682224,42.45867919921875,158492206
2022-10-25,Lloyds,42.79803315622228,42.95273564526803,41.83986536505367,42.89284896850586,114760954
2022-10-26,Lloyds,43.38190630276273,43.59649543061051,42.05444709156376,42.46865463256836,444133025
2022-10-27,Lloyds,41.1811208391251,43.097452320371914,40.78687931826015,42.69821548461914,276735104
2022-10-28,Lloyds,42.29399592815503,42.52754977108554,41.036406220062815,41.19110870361328,180666966
2022-10-31,Lloyds,41.525463007036265,42.358865818589685,41.525463007036265,41.93967056274414,167719157
2022-11-01,Lloyds,42.249082028657284,42.49860411819841,41.82489143051343,42.12432098388672,390847972
2022-11-02,Lloyds,42.45369016607098,42.49660723647602,41.470572477690396,41.69514465332031,134009654
2022-11-03,Lloyds,41.52047239920544,42.149269104003906,40.881696486510705,42.149269104003906,163806074
2022-11-04,Lloyds,42.37384349941439,43.050545006772914,41.90973225590597,42.668277740478516,172539079
2022-11-07,Lloyds,42.4137551678223,43.157333586156525,41.93467330932617,41.93467330932617,208317356
2022-11-08,Lloyds,41.889766711961066,43.00263302216267,41.69014829265983,42.76808166503906,267421913
2022-11-09,Lloyds,42.72317402393087,43.07150589885669,42.15925545179968,42.4836311340332,103256571
2022-11-10,Lloyds,42.32892237631075,43.33698982988778,42.24209070918602,43.217220306396484,145619544
2022-11-11,Lloyds,43.20724393914464,43.91089421923605,42.91779741489495,43.43181228637695,179249179
2022-11-14,Lloyds,43.66636021363005,43.880949336118924,42.85790737386638,43.521636962890625,98066350
2022-11-15,Lloyds,43.52163744880209,43.74121808098307,43.19725800782688,43.63142776489258,81569717
2022-11-16,Lloyds,43.45676240834941,43.61146486548892,42.91280234364513,43.04754638671875,202488766
2022-11-17,Lloyds,43.10743107604108,44.67942086515718,42.75810170397288,44.335079193115234,217856455
2022-11-18,Lloyds,44.569636957058286,45.58269608918035,44.44986741332204,45.38806915283203,183817838
2022-11-21,Lloyds,45.49286813823286,45.77233165367178,45.21140573525163,45.4279899597168,92791927
2022-11-22,Lloyds,45.43298742095381,45.88711569305052,45.2982433459213,45.48289108276367,83314627
2022-11-23,Lloyds,45.467918100110886,45.61763288548822,45.22338750423938,45.39805221557617,69709484
2022-11-24,Lloyds,45.368107022775234,46.09171954153666,45.34914233928554,45.852176666259766,81675544
2022-11-25,Lloyds,47.26447031010116,47.26447031010116,45.71244272132192,46.22146987915039,110335789
2022-11-28,Lloyds,45.991909769909874,46.25141104745158,45.63758507999414,45.727413177490234,84750573
2022-11-29,Lloyds,45.447951872853054,46.51590607944788,45.36311527873216,46.23644256591797,159989227
2022-11-30,Lloyds,46.70054867764302,47.1047731879414,46.56680217589333,46.81532669067383,322356192
2022-12-01,Lloyds,47.084819137667075,47.20259359839869,46.036827087402344,46.036827087402344,145222762
2022-12-02,Lloyds,46.14161867966028,46.58077613270399,45.74238566982177,46.56081771850586,81679736
2022-12-05,Lloyds,46.396140585089924,46.855260342258504,46.18254896369606,46.28635025024414,123022931
2022-12-06,Lloyds,45.58768405207955,46.66062977633179,45.477893725773995,46.33625030517578,153067676
2022-12-07,Lloyds,46.006882319121104,46.51091417928395,45.98192858816442,46.14661407470703,100195784
2022-12-08,Lloyds,46.30630851653748,46.510914644289684,45.812255859375,45.812255859375,97466662
2022-12-09,Lloyds,46.11167632294741,46.35121536254883,45.72741022778873,46.35121536254883,90398849
2022-12-12,Lloyds,46.25141087604945,46.32626825825289,45.557739828613144,45.68749237060547,88878353
2022-12-13,Lloyds,46.05179314673896,46.69056904392159,45.757358928389486,46.28135299682617,104218283
2022-12-14,Lloyds,46.27137476309968,46.27137476309968,45.87213791525499,46.06676483154297,164442396
2022-12-15,Lloyds,45.91205933492454,45.941003223967286,45.088635770154234,45.378082275390625,92514730
2022-12-16,Lloyds,45.138540073871454,45.55773912327783,44.534697132947194,45.0936279296875,310458569
2022-12-19,Lloyds,45.11858086469066,45.278274831318086,44.82414285307491,44.913970947265625,58932758
2022-12-20,Lloyds,44.589593757238276,45.70246387991373,44.51473637373375,45.432979583740234,256626712
2022-12-21,Lloyds,45.54277490166273,46.17655936240272,45.321199154327175,46.15659713745117,68006226
2022-12-22,Lloyds,46.895181658363924,46.90017316617925,45.87713108611591,46.011871337890625,56008053
2022-12-23,Lloyds,46.12665287138066,46.2544065343399,45.76234895134342,45.9420051574707,21260125
2022-12-28,Lloyds,46.43106336069966,46.50292430972694,45.97194370406068,46.1515998840332,163534062
2022-12-29,Lloyds,45.902087250577324,46.136634826660156,45.353135583943846,46.136634826660156,57363872
2022-12-30,Lloyds,45.857169720522776,46.08173808015195,45.32319259643555,45.32319259643555,70883064
2023-01-03,Lloyds,45.96196829001758,47.0399055480957,45.6775132592589,47.0399055480957,207335617
2023-01-04,Lloyds,47.26446954139566,47.39422208249327,46.88519493294358,47.35429763793945,151327410
2023-01-05,Lloyds,47.28443924027556,48.37734728646795,46.76543280122455,48.22264099121094,227269311
2023-01-06,Lloyds,48.31246393978922,48.371353069636044,47.7385662013738,47.913230895996094,307068898
2023-01-09,Lloyds,48.13281070230072,48.591934251680144,47.763519067008716,48.15776443481445,213765647
2023-01-10,Lloyds,47.65372592731544,48.217648266688606,47.65372592731544,47.943172454833984,101136392
2023-01-11,Lloyds,47.95814715799542,48.028013041839294,47.247510223067714,47.98310089111328,207144770
2023-01-12,Lloyds,48.05794792470451,48.74662740590194,47.69863556672174,48.65679931640625,163754936
2023-01-13,Lloyds,48.8963478535451,49.88445314569942,48.66179649212729,49.5201530456543,176454914
2023-01-16,Lloyds,49.65988729033127,49.8095982595038,49.28061264843198,49.6548957824707,185729358
2023-01-17,Lloyds,49.80461332241409,49.811599910844556,49.22572021542712,49.40537643432617,366897570
2023-01-18,Lloyds,49.36046222831315,49.974284444492454,49.066024178940296,49.37044143676758,118916752
2023-01-19,Lloyds,48.75162488576575,49.192777453084595,48.32244660641689,48.711700439453125,142937793
2023-01-20,Lloyds,49.00613669828288,49.40537356316945,48.77857572114675,49.18080520629883,233192896
2023-01-23,Lloyds,49.43531159100984,49.714778900146484,49.203756662061146,49.714778900146484,91787188
2023-01-24,Lloyds,49.904415696523905,50.163916982887734,49.57804115292026,50.0341682434082,147224990
2023-01-25,Lloyds,50.03416798898732,51.40154790604569,49.85451178880099,50.85260009765625,174361498
2023-01-26,Lloyds,51.102125017433366,52.569312324027884,50.90250658307757,52.39963912963867,183069130
2023-01-27,Lloyds,52.66912000459705,52.75894810381941,52.315796655309754,52.489463806152344,107285597
2023-01-30,Lloyds,52.429582601611216,52.96855125311526,51.88262982160717,52.87872314453125,236093951
2023-01-31,Lloyds,52.689086016927824,52.89169707291541,52.060289277147575,52.479488372802734,262819310
2023-02-01,Lloyds,52.64916326868437,52.978534269294094,52.26988860939577,52.87872314453125,360728092
2023-02-02,Lloyds,52.94858739763916,53.66721224418154,52.689086096057174,53.38774871826172,233055500
2023-02-03,Lloyds,53.31787452275413,53.397723413356374,52.29982781940811,53.228050231933594,113217034
2023-02-06,Lloyds,53.43764951366849,53.6372679389518,52.379674524850266,52.729007720947266,189494435
2023-02-07,Lloyds,53.028439914978414,53.59735002152614,52.85876290022624,53.34782791137695,187980494
2023-02-08,Lloyds,53.62728466047398,53.86682753111952,53.12824050341682,53.54743957519531,187038913
2023-02-09,Lloyds,53.50751650693704,54.22614132997702,53.37975903683411,53.86682891845703,248265487
2023-02-10,Lloyds,53.38774785780499,53.99657855697416,52.90866209622823,53.18812942504883,225038197
2023-02-13,Lloyds,53.32786023209948,53.5973445403904,52.93860638925866,52.96854782104492,72370911
2023-02-14,Lloyds,53.01844701099737,53.936690184953626,52.89767994654688,53.68716812133789,139594661
2023-02-15,Lloyds,52.8986789335132,53.14221195645669,50.82165593987353,52.27986526489258,217595392
2023-02-16,Lloyds,52.549348192988255,52.95856422558687,52.34972978033916,52.83879089355469,88714159
2023-02-17,Lloyds,51.1420541232622,51.70098122147367,50.19386932927521,50.81268310546875,382886231
2023-02-20,Lloyds,50.99233439171263,51.84070797353641,50.922468511205025,51.44147491455078,112028222
2023-02-21,Lloyds,51.461438522837575,51.461438522837575,50.6380148433864,50.87256622314453,232515990
2023-02-22,Lloyds,50.004220333468176,51.44146986548173,49.34049453379173,51.16200256347656,256234450
2023-02-23,Lloyds,51.20192645292152,52.2099977173594,50.97935319964689,51.90058898925781,221996856
2023-02-24,Lloyds,51.90058748257966,52.0602814456145,51.40154337217024,51.56123733520508,340229657
2023-02-27,Lloyds,51.740897916496195,52.20001762331188,51.60116616289183,51.69099426269531,124339369
2023-02-28,Lloyds,51.301743952306545,52.83879715481086,51.22189505482321,52.5194091796875,301689386
2023-03-01,Lloyds,52.5194063211365,52.78889062436765,51.86066818237305,51.86066818237305,363460753
2023-03-02,Lloyds,51.70097149592154,51.770837370055396,50.92246386562742,51.241851806640625,307246676
2023-03-03,Lloyds,51.21191233287832,51.69099426269531,51.14204645607614,51.69099426269531,106907605
2023-03-06,Lloyds,51.64109052115558,51.89061259714079,51.07217668509698,51.6710319519043,112701267
2023-03-07,Lloyds,52.0303463656456,52.08623906915711,51.112103110605986,51.251834869384766,207997923
2023-03-08,Lloyds,50.78273699956162,51.78082536303427,50.66296365461334,51.50135803222656,243927689
2023-03-09,Lloyds,51.471415999272786,51.591185535418994,51.19794152704805,51.36162567138672,148173542
2023-03-10,Lloyds,49.604990331704265,50.141960051486066,48.81649964407447,49.679847717285156,255384226
2023-03-13,Lloyds,49.90441244774733,49.96429911335025,47.089803890286746,47.13471603393555,389541898
2023-03-14,Lloyds,47.34432183654994,48.67577131822974,46.44604080648784,48.142791748046875,225025720
2023-03-15,Lloyds,48.182718160712746,48.48713542179431,45.485883687785055,45.92703628540039,259713819
2023-03-16,Lloyds,46.76043398663357,47.823400432288615,46.65563517503744,47.37425994873047,323320146
2023-03-17,Lloyds,47.72359367798089,48.609896631149034,45.712446236909,46.16158676147461,587411174
2023-03-20,Lloyds,44.72434584631322,46.64067388694081,43.57454749897452,46.016868591308594,275273771
2023-03-21,Lloyds,46.55582897135467,48.60190921436844,46.55582897135467,48.06793212890625,185822724
2023-03-22,Lloyds,47.72857832313568,48.9462471685613,47.608808802941084,47.673683166503906,220510728
2023-03-23,Lloyds,47.518982402533815,48.02800573703444,46.760433197021484,46.760433197021484,238689623
2023-03-24,Lloyds,46.36120092623512,46.515903389793245,44.814164868440066,45.62760543823242,256017626
2023-03-27,Lloyds,46.27137357243534,46.710531047840206,45.757358714060246,46.231449127197266,154546828
2023-03-28,Lloyds,46.865241538518745,47.09978910873804,45.99690190977283,46.311302185058594,238545475
2023-03-29,Lloyds,46.24642142230541,47.089807271601664,46.24642142230541,47.034912109375,94511578
2023-03-30,Lloyds,47.35929624511748,48.00306373228946,47.14969859089548,47.67868423461914,250162359
2023-03-31,Lloyds,47.60880840351784,48.04297433835737,47.32235452852146,47.58385467529297,151161530
2023-04-03,Lloyds,48.02800991354816,48.741643229818365,46.6985555120182,48.142791748046875,134199094
2023-04-04,Lloyds,48.29249447535136,48.73664721422857,47.94316513848638,48.013031005859375,186226167
2023-04-05,Lloyds,48.21265275779005,48.8713908441671,47.93318926884357,48.3374137878418,122312644
2023-04-06,Lloyds,48.27752969099312,49.20874853603595,48.21365286260791,48.92628860473633,143126790
2023-04-11,Lloyds,48.81650382546912,49.80760564390466,48.81650382546912,49.33551025390625,189565733
2023-04-12,Lloyds,49.48022784685574,50.20384033573243,49.38041673319382,49.784645080566406,251841134
2023-04-13,Lloyds,48.2031702436396,48.72234321849687,47.948578770380536,48.42781448364258,163910295
2023-04-14,Lloyds,48.26806689368131,49.111719604162815,48.14326581374822,48.85712814331055,154711084
2023-04-17,Lloyds,49.12669379752195,49.25149486440891,48.16422726890251,48.372894287109375,152695130
2023-04-18,Lloyds,48.717348159721666,49.16663281312727,48.61750881835453,48.7473030090332,100322887
2023-04-19,Lloyds,48.70736340785207,49.30141774372474,48.64246821994537,49.17661666870117,100329243
2023-04-20,Lloyds,49.49111287228824,49.75569053589367,48.75728195858928,48.9270133972168,132038364
2023-04-21,Lloyds,49.47114621061055,49.51607657886137,48.55760141198542,48.78224563598633,111401952
2023-04-24,Lloyds,48.62749677938008,49.28644635843462,48.522660515974856,48.83216857910156,145956656
2023-04-25,Lloyds,48.522661804400016,48.64646503293805,47.76886597022199,48.15325164794922,181788757
2023-04-26,Lloyds,48.23311989328234,48.607523110956045,47.59713259158089,48.52265548706055,134294890
2023-04-27,Lloyds,48.56259571016352,49.18859683146065,48.43779462998377,48.7423095703125,111447928
2023-04-28,Lloyds,48.48272253233103,48.53863316965448,47.16981279812531,48.123294830322266,227729312
2023-05-02,Lloyds,47.92361260789441,48.67741216428818,47.604122161865234,47.604122161865234,227428509
2023-05-03,Lloyds,47.52424685134151,47.97852458306479,45.22790788067139,45.90682601928711,359768316
2023-05-04,Lloyds,45.831945624267334,46.286223366003064,44.97830672718448,45.28282165527344,199743764
2023-05-05,Lloyds,45.51744758617639,46.291215763744546,45.437573071159015,45.737098693847656,177734509
2023-05-09,Lloyds,45.70714572927913,46.34612664123449,45.54041167136969,46.05659103393555,438134925
2023-05-10,Lloyds,46.45594714624889,46.76545515808404,45.82695252181556,46.096519470214844,144013742
2023-05-11,Lloyds,46.07655437340978,46.46093997491076,45.26284899823533,45.8019905090332,183347019
2023-05-12,Lloyds,45.96673107473557,46.221322515647266,45.48749542236328,45.48749542236328,236333824
2023-05-15,Lloyds,45.84192698289658,46.19636154174805,45.53741208709265,46.19636154174805,288425062
2023-05-16,Lloyds,46.046603341387886,46.301198599563726,45.62727355957031,45.62727355957031,236238207
2023-05-17,Lloyds,45.42759190128903,46.2213249206543,45.06317108166979,46.2213249206543,267678810
2023-05-18,Lloyds,46.77544466532537,46.9102319686043,46.31118448143748,46.43598556518555,152617500
2023-05-19,Lloyds,46.585750691428046,46.84633695156109,46.37109266442778,46.64565658569336,143678822
2023-05-22,Lloyds,46.70056469720411,46.95016685206115,46.54580877132663,46.865299224853516,383664314
2023-05-23,Lloyds,47.08495095115571,47.51426696777344,46.810387053797854,47.51426696777344,162101962
2023-05-24,Lloyds,47.13986310099311,47.384472146245955,46.52584012447901,46.69057846069336,382800439
2023-05-25,Lloyds,46.3660908242057,47.10491481319098,45.75706481933594,45.75706481933594,268083564
2023-05-26,Lloyds,45.92679402890284,46.02164406141864,45.232900380330186,45.43258285522461,261876412
2023-05-30,Lloyds,45.143043518066406,45.946762719348484,44.86349033801227,45.143043518066406,324448861
2023-05-31,Lloyds,45.00327098169444,45.31377689672411,44.099708557128906,44.099708557128906,409055760
2023-06-01,Lloyds,44.4191971158894,45.427588054040676,43.965917267294856,44.59391784667969,411702007
2023-06-02,Lloyds,44.70873799965166,45.42958916475446,44.608898658389506,45.3726806640625,120367137
2023-06-05,Lloyds,45.69217006468007,45.7970025131573,44.45913480474886,44.658817291259766,121146438
2023-06-06,Lloyds,44.49408136412732,45.372682067186055,44.079744657312204,45.103111267089844,302399488
2023-06-07,Lloyds,45.32775073546955,45.71712946954059,45.04120491563536,45.43757247924805,149262992
2023-06-08,Lloyds,45.657227080348484,45.89185372233942,45.19296690602914,45.25786590576172,94021170
2023-06-09,Lloyds,45.42759693536496,45.702160857875676,45.118088859864436,45.192970275878906,97731521
2023-06-12,Lloyds,45.33274314452044,45.492488374801184,44.90342712402344,44.90342712402344,122260019
2023-06-13,Lloyds,44.983299718559906,45.32775190386763,44.68377790067894,45.22291564941406,276655969
2023-06-14,Lloyds,45.28282470347311,45.30279333387863,44.93837249407478,45.21293640136719,173033551
2023-06-15,Lloyds,45.16301419124635,45.16301419124635,44.70873644446406,44.883460998535156,173716601
2023-06-16,Lloyds,45.03821901315071,45.11010304108317,44.688773667869825,44.97332000732422,413600501
2023-06-19,Lloyds,44.793602016475866,45.06816208711606,44.7686402788602,44.96832275390625,457173034
2023-06-20,Lloyds,44.92838600464437,45.09312433406509,44.68876627015729,44.74367904663086,143254729
2023-06-21,Lloyds,43.75525904015054,44.41420858463972,43.35290048350508,43.675384521484375,216406659
2023-06-22,Lloyds,43.21112691550749,43.49068393877478,42.84171676635742,42.84171676635742,241900678
2023-06-23,Lloyds,42.58712102299783,42.69195347735364,42.10588959319874,42.252655029296875,190268748
2023-06-26,Lloyds,41.963114925318614,42.12286015919892,41.174374975387174,41.893226623535156,307235863
2023-06-27,Lloyds,41.983080786628896,42.62705478941173,41.97309837644399,42.43236541748047,175392127
2023-06-28,Lloyds,42.48727658544896,42.7318856162909,42.20772340734388,42.58212661743164,139013995
2023-06-29,Lloyds,42.58212685297771,42.93156832754202,42.43236404466362,42.701934814453125,153320601
2023-06-30,Lloyds,43.14123355836595,44.03480968892185,42.86168037647188,43.5206298828125,198448419
2023-07-03,Lloyds,43.845116879577446,44.29939083588547,43.80517961941525,44.15462112426758,90072762
2023-07-04,Lloyds,44.25446072996455,44.36428628230036,43.8101692199707,43.8101692199707,167430547
2023-07-05,Lloyds,43.63045971252091,44.1945592408935,43.450745846935035,43.76025390625,191321250
2023-07-06,Lloyds,43.28100639358826,43.9399558427483,42.96051812235212,43.23108673095703,218259259
2023-07-07,Lloyds,43.14123545145222,43.206134449115794,42.61707321240002,43.02642059326172,92266441
2023-07-10,Lloyds,42.91658795110722,43.27601560347962,42.831724146693176,42.97649002075195,84664497
2023-07-11,Lloyds,42.91159709195364,43.30097579956055,42.652012556424424,43.30097579956055,237726887
2023-07-12,Lloyds,43.48069287401478,44.81556694243239,43.415797687455026,44.45414352416992,376682366
2023-07-13,Lloyds,44.309375469689314,44.778624929610025,44.00486053694604,44.65382385253906,128402399
2023-07-14,Lloyds,44.593920748500814,44.76864149066055,44.289405822753906,44.289405822753906,135149204
2023-07-17,Lloyds,44.13964017089969,44.98329659700685,44.066758298269825,44.768638610839844,83672031
2023-07-18,Lloyds,44.92339302321653,45.75706708267638,44.67379087803578,45.617286682128906,113536894
2023-07-19,Lloyds,46.685584580151016,47.050005395882984,46.10650957114904,46.620689392089844,178293923
2023-07-20,Lloyds,46.69058083372873,46.95016922070726,46.02663815424254,46.26126480102539,145067305
2023-07-21,Lloyds,46.341134552180144,46.510862180432405,45.71413180879345,45.78202438354492,113659310
2023-07-24,Lloyds,45.412611508586686,45.981704052364165,45.239886501875134,45.971717834472656,78816082
2023-07-25,Lloyds,45.90682593009282,46.35611055163125,45.707143452895025,46.021644592285156,95683621
2023-07-26,Lloyds,44.18956514695959,45.38765628797338,43.635451850475285,45.25786590576172,313097530
2023-07-27,Lloyds,45.11309693405802,45.65423424809289,44.82855061665779,44.978309631347656,186380226
2023-07-28,Lloyds,44.79360376233576,45.39863837180192,44.73869098434218,45.05318832397461,245836995
2023-07-31,Lloyds,44.99327760622466,45.22291110380587,44.78361273564522,44.863487243652344,113386275
2023-08-01,Lloyds,44.52902043342718,44.85350397847052,44.1646034403777,44.26943588256836,111305751
2023-08-02,Lloyds,43.610484221895824,44.009849151181534,43.0663496009597,43.1911506652832,144873986
2023-08-03,Lloyds,42.14181161315282,43.125454016229035,41.90214087054775,42.86581039428711,409948546
2023-08-04,Lloyds,43.08050537109375,43.215321326987834,42.666076779917766,43.08050537109375,119146267
2023-08-07,Lloyds,43.1953555043452,43.43003206560314,42.85582418773655,43.110469818115234,107514647
2023-08-08,Lloyds,42.83085209438519,43.09548603760399,42.25664428412436,42.626136779785156,165406529
2023-08-09,Lloyds,43.13543696050471,43.370113522262265,42.636126423807646,42.72100830078125,306523528
2023-08-10,Lloyds,42.96067340698988,43.21532281399041,42.81587291318317,42.94070053100586,162978357
2023-08-11,Lloyds,42.86581053627755,43.145427038482545,42.66109518891179,42.890777587890625,135777375
2023-08-14,Lloyds,42.75096833838086,43.02059647785587,42.6261407076667,42.78092575073242,574256117
2023-08-15,Lloyds,42.696044096967924,42.9057536033876,42.176760693378476,42.41642761230469,98089646
2023-08-16,Lloyds,42.20671745300454,42.36150249447661,41.96006022101313,42.031959533691406,168642832
2023-08-17,Lloyds,41.937083589146475,42.6111519341209,41.900135865376605,42.35650634765625,121142791
2023-08-18,Lloyds,42.19173886177449,42.561227579247095,41.897147484050414,42.186744689941406,139696325
2023-08-21,Lloyds,42.01198665585034,42.65310346340659,42.01198665585034,42.031959533691406,114254017
2023-08-22,Lloyds,42.28161501138498,42.34153364521829,41.66746139526367,41.66746139526367,283173044
2023-08-23,Lloyds,41.84720743836632,42.19173286659246,41.705404977726225,41.812255859375,137362304
2023-08-24,Lloyds,42.2766185500894,42.57620408415827,41.97703301602054,42.071903228759766,88778714
2023-08-25,Lloyds,42.05193379722243,42.44638957634838,41.67745089659569,41.73736572265625,89999773
2023-08-29,Lloyds,42.1118420301856,42.90075346492426,42.1118420301856,42.845829010009766,192034758
2023-08-30,Lloyds,43.03557356389478,43.51491119065933,42.74597255727552,42.76594543457031,110852442
2023-08-31,Lloyds,42.90076183966282,43.16040546075076,42.29659652709961,42.29659652709961,321802013
2023-09-01,Lloyds,42.34152973047751,42.52128180592127,42.01198298901841,42.056922912597656,313465005
2023-09-04,Lloyds,42.26163587008192,42.516285264337135,41.74035640412997,41.917110443115234,64586808
2023-09-05,Lloyds,41.627518123500295,42.201722156014625,41.40782028254306,41.70241165161133,66880505
2023-09-06,Lloyds,41.40282688931247,41.64249761208455,41.17314451010089,41.43777847290039,102192028
2023-09-07,Lloyds,41.14318674358575,41.60954181470592,40.973419189453125,40.973419189453125,75967110
2023-09-08,Lloyds,41.00338443759274,41.35789447701408,40.6488743981714,41.282997131347656,147483289
2023-09-11,Lloyds,41.542632184202596,41.91711506017595,41.220079550795866,41.52266311645508,156914685
2023-09-12,Lloyds,41.892149355123394,42.43140557905081,41.60754253851225,42.421417236328125,165061570
2023-09-13,Lloyds,42.68106227306812,42.83085313409625,42.41642451398867,42.54125213623047,111797115
2023-09-14,Lloyds,42.57121240378499,43.29521107281889,42.326547526869106,43.17038345336914,174804740
2023-09-15,Lloyds,43.46497921265274,43.6347429489045,43.01060484309063,43.14042663574219,410881995
2023-09-18,Lloyds,43.10547984678308,43.160404310956295,42.03695559558312,42.09687042236328,95176139
2023-09-19,Lloyds,41.90713117735369,42.840843200683594,41.57259405055177,42.840843200683594,192122023
2023-09-20,Lloyds,42.94070405988732,44.63836056367722,42.900758304636526,44.49855422973633,301530724
2023-09-21,Lloyds,44.1090895814073,45.53212761331639,44.06914763491315,44.363739013671875,228768917
2023-09-22,Lloyds,44.27885251240378,45.991487572256325,44.18198615958339,45.27747344970703,341794656
2023-09-25,Lloyds,44.9379448917325,45.41228834181496,44.3737253994891,44.688289642333984,157412846
2023-09-26,Lloyds,44.71325768615612,44.8630485534668,44.37372638704029,44.8630485534668,115017094
2023-09-27,Lloyds,44.778165417354714,45.237530159242645,44.21893629064108,44.50853729248047,146505711
2023-09-28,Lloyds,44.63835498455305,44.63835498455305,43.72461594693844,44.19895935058594,194582788
2023-09-29,Lloyds,44.393704509023266,44.79315067847722,44.15403375980103,44.30881881713867,93860934
2023-10-02,Lloyds,44.36373699473743,44.62837094922317,43.210330963134766,43.210330963134766,102276009
2023-10-03,Lloyds,42.97565640546733,43.44001534254094,42.616152220708805,42.755958557128906,77914964
2023-10-04,Lloyds,42.39146657596416,42.93072288574384,42.14181130026288,42.401451110839844,254168072
2023-10-05,Lloyds,42.466353047464324,42.536256202007685,41.98202132710234,42.111839294433594,121200278
2023-10-06,Lloyds,42.12182952301806,42.84582814583528,41.80726531348218,42.56621551513672,80179745
2023-10-09,Lloyds,42.25165826171341,42.59617993570558,41.940088217881154,42.05193328857422,199447444
2023-10-10,Lloyds,42.46635994568448,43.56983570386565,41.812260594153955,43.3101921081543,101122156
2023-10-11,Lloyds,43.125448361343345,43.52988863892955,42.95767695880045,43.21532440185547,100458208
2023-10-12,Lloyds,43.35013814665755,43.59479922890405,42.93570951080552,43.36012268066406,159233092
2023-10-13,Lloyds,43.430027035109134,43.789527379197644,42.730991604303206,43.17038345336914,166940735
2023-10-16,Lloyds,43.35013637451194,43.751582433138665,43.180372637283185,43.44999694824219,111510390
2023-10-17,Lloyds,43.739601135253906,43.96928351913385,43.3551337079724,43.739601135253906,141280133
2023-10-18,Lloyds,43.93932058325254,43.93932058325254,42.7909049987793,42.7909049987793,91714127
2023-10-19,Lloyds,42.6211464390813,43.155408544948074,41.82225036621094,41.82225036621094,153457095
2023-10-20,Lloyds,41.48770698681994,41.98202711711223,41.297970371096774,41.527652740478516,285516284
2023-10-23,Lloyds,41.5576122185511,41.807267454297815,41.11322239424028,41.357887268066406,122817827
2023-10-24,Lloyds,39.94483896148853,40.87754906175868,39.36563696801733,40.519046783447266,154084778
2023-10-25,Lloyds,40.823622460230425,41.59256099155708,39.48347038050996,41.4028205871582,294434604
2023-10-26,Lloyds,41.34790056998717,41.45275531603906,40.54900454570846,41.113224029541016,195470449
2023-10-27,Lloyds,40.69880108218707,40.87355900028301,39.55038537566476,39.70018005371094,210222754
2023-10-30,Lloyds,39.72514411441958,40.48908860747581,39.69019253007835,39.979793548583984,128456500
2023-10-31,Lloyds,40.11460440425032,40.32431771288721,39.81501886118788,39.88492202758789,130698761
2023-11-01,Lloyds,39.944837264132794,40.4641206056989,39.73512778276086,40.089637756347656,100469078
2023-11-02,Lloyds,40.28436584061273,41.80227001232411,39.7401154883601,41.71738815307617,312062950
2023-11-03,Lloyds,41.94208240662756,42.76095132981154,41.427793196151434,42.37648391723633,139741423
2023-11-06,Lloyds,42.37148876282863,42.52627379671958,41.94707560544468,42.071903228759766,77853902
2023-11-07,Lloyds,42.04194231172429,42.53126827479796,41.85220569431524,41.99201202392578,83864994
2023-11-08,Lloyds,41.62252828699824,42.13681755058942,41.44277618193607,41.93210220336914,106611374
2023-11-09,Lloyds,41.852202459120335,42.48133470317232,41.642492980915165,42.2216911315918,90991161
2023-11-10,Lloyds,42.10685723641062,42.14180882057471,41.43578301102319,41.69242858886719,345691791
2023-11-13,Lloyds,41.9570572203741,42.15678216567153,41.70240781988396,41.96205139160156,70595867
2023-11-14,Lloyds,41.91212094480925,42.2866037872484,41.397831784035986,42.19672775268555,139219947
2023-11-15,Lloyds,42.45637382246799,43.21532796253394,42.421422237691075,43.03557586669922,157686991
2023-11-16,Lloyds,43.00062553521844,43.28523239367906,42.51129952464267,42.71601867675781,262838706
2023-11-17,Lloyds,42.71102030358414,43.45499187630604,42.35651030840207,43.315185546875,131097373
2023-11-20,Lloyds,43.27025139923229,43.44500931897132,42.63113073507148,42.99063491821289,68951425
2023-11-21,Lloyds,42.74097680652686,43.215324053520575,42.32155782714212,42.4913215637207,97882442
2023-11-22,Lloyds,42.56622129699529,42.86580684335655,42.18175387756176,42.241668701171875,71422387
2023-11-23,Lloyds,42.08188670931792,42.57620301863246,41.95705908912681,42.28660583496094,109460887
2023-11-24,Lloyds,42.296594152841585,42.56122812181456,41.95706284316529,42.41642761230469,123445468
2023-11-27,Lloyds,42.316564608771266,42.77093898944229,41.93708756451639,41.99201202392578,113174343
2023-11-28,Lloyds,42.33153798053318,42.5162842124907,42.081882763559584,42.391456604003906,121684970
2023-11-29,Lloyds,42.24166392280493,43.53987034980889,42.101857604280326,43.390079498291016,111953267
2023-11-30,Lloyds,43.38009965884287,43.74959221243852,43.01061091468445,43.41006088256836,290285051
2023-12-01,Lloyds,43.59978890147391,44.45061510774327,43.54486444651373,44.428646087646484,160245655
2023-12-04,Lloyds,44.34376181195795,45.12268873891716,44.07912787123226,45.06776428222656,187178392
2023-12-05,Lloyds,44.54349287808012,45.107712417665724,44.53350834341859,44.947933197021484,103673064
2023-12-06,Lloyds,45.06277394323184,45.9665247556497,44.67331235134872,45.74183654785156,171340246
2023-12-07,Lloyds,45.317421349983796,45.65195846557617,45.11769639116678,45.65195846557617,121355246
2023-12-08,Lloyds,45.93656578609605,46.63560124472834,45.307433492383296,46.27110290527344,218162800
2023-12-11,Lloyds,46.22117442235804,46.35798654023038,45.34238684549063,46.05141067504883,102125509
2023-12-12,Lloyds,46.16624335271122,46.47082302934591,45.50215954565942,45.836700439453125,153936602
2023-12-13,Lloyds,45.906603728402345,46.405914175535074,45.8416909322358,46.121307373046875,162422114
2023-12-14,Lloyds,46.58566948014172,48.003709420058875,46.464834149299115,47.47444152832031,267269452
2023-12-15,Lloyds,47.649204114745736,48.07861147606191,46.885259612001406,46.95016860961914,256590061
2023-12-18,Lloyds,46.80037613089402,47.23477383982576,46.515769290428196,46.93518829345703,102858584
2023-12-19,Lloyds,46.73545793822712,46.91521000721325,46.515763927916886,46.660560607910156,71350424
2023-12-20,Lloyds,47.36958635258892,47.784011153573815,46.78039983700068,47.39954376220703,152355344
2023-12-21,Lloyds,46.85529937129315,47.16986745038031,46.625616979406864,47.12492752075195,78173737
2023-12-22,Lloyds,47.23976333816546,47.998713567845584,47.08996867508186,47.97874069213867,84428889
2023-12-27,Lloyds,47.85891001961357,48.30829022545867,47.67915793727553,48.063629150390625,69861559
2023-12-28,Lloyds,48.103571707730396,48.16349033908562,47.74407134790946,47.90385055541992,61253154
2023-12-29,Lloyds,47.70911980377878,47.86889901141807,47.53435808121102,47.64420700073242,63185526
2024-01-02,Lloyds,47.774029325011135,48.15849673814538,47.64420752692145,48.00371170043945,104802741
2024-01-03,Lloyds,48.068623334338014,48.16349355462507,47.234775658517535,47.389564514160156,101964262
2024-01-04,Lloyds,47.25973800851552,47.6242325280576,47.020067300367806,47.49940490722656,103495456
2024-01-05,Lloyds,47.22977579947287,47.414522045828924,46.68552921258301,47.19482421875,103322339
2024-01-08,Lloyds,47.21979225558479,47.49940490722656,46.869274559188135,47.49940490722656,85029299
2024-01-09,Lloyds,47.60925249587227,47.72409557998749,47.3745759657421,47.53435516357422,54516475
2024-01-10,Lloyds,47.37957123480238,47.46944727375504,46.83532463907106,46.93019104003906,62875455
2024-01-11,Lloyds,47.050030511096985,47.17186011042428,45.16263360432413,45.177616119384766,225123886
2024-01-12,Lloyds,45.33739536973,45.95653932917782,44.910982248104,44.917972564697266,103407389
2024-01-15,Lloyds,44.13904737570271,44.72323972544429,43.75457617123449,43.764564514160156,158625054
2024-01-16,Lloyds,43.400067459193096,43.72462004393765,42.955681421882026,43.055545806884766,115578446
2024-01-17,Lloyds,42.5112974341232,42.641119236167334,41.917116695379804,42.21171188354492,150656184
2024-01-18,Lloyds,42.12683054521467,42.790910651123234,42.0719060824756,42.4413948059082,162393003
2024-01-19,Lloyds,42.7309944674132,43.0605374239339,42.321560000562094,42.60616683959961,215285260
2024-01-22,Lloyds,42.90075792762745,43.81449707141584,42.90075792762745,43.36012268066406,92429369
2024-01-23,Lloyds,43.619765751377045,43.789529493495856,43.0006217956543,43.0006217956543,163007851
2024-01-24,Lloyds,43.190361724346374,43.45499570112434,41.92511052219392,42.09687042236328,232089944
2024-01-25,Lloyds,41.93209417141871,41.94207870448201,41.19810718458044,41.467735290527344,180477468
2024-01-26,Lloyds,41.46773856870896,42.60616589974633,41.34790130585685,42.04194259643555,227073805
2024-01-29,Lloyds,42.066906108550334,42.39145866830775,41.817250879419475,42.2216911315918,89192868
2024-01-30,Lloyds,42.36649431656337,42.99562660063462,42.341531077724255,42.95568084716797,144582087
2024-01-31,Lloyds,42.43140132342583,42.7559500500676,42.30657371796786,42.47633743286133,142008721
2024-02-01,Lloyds,42.0669139934048,43.348145814193614,41.94208635544218,42.27163314819336,168984386
2024-02-02,Lloyds,42.78091887647003,42.975649644338795,42.2266839804016,42.25664138793945,89965838
2024-02-05,Lloyds,41.692427097300374,42.55623594564814,40.983407095659025,41.83223342895508,364068881
2024-02-06,Lloyds,42.04693857721177,42.311572544215366,41.562606761629965,41.82225036621094,666773634
2024-02-07,Lloyds,41.77231836710398,42.126828365893005,41.432787073844004,41.52266311645508,131726564
2024-02-08,Lloyds,41.52266503398917,41.95706275213938,41.37187228041774,41.4577522277832,69825516
2024-02-09,Lloyds,41.34790494394582,41.647494317999325,41.1731470153727,41.34291458129883,233075851
2024-02-12,Lloyds,41.587575681301196,41.86219419493406,41.12821089492696,41.34291458129883,163174147
2024-02-13,Lloyds,41.173140458993274,41.8122572442523,40.943458102380596,41.128204345703125,141459585
2024-02-14,Lloyds,41.03333483951106,41.707403216436475,41.03333483951106,41.382850646972656,207374101
2024-02-15,Lloyds,41.6275178645952,41.672453981182336,40.993391394662375,41.52266311645508,139218909
2024-02-16,Lloyds,41.612533962292886,43.2552659139274,41.2180820317228,43.14042663574219,249754009
2024-02-19,Lloyds,43.24528260791395,43.38009476644428,42.57620455858247,42.82086944580078,74502420
2024-02-20,Lloyds,42.755950480308506,43.695654593132446,42.711014370420834,43.58980178833008,138030229
2024-02-21,Lloyds,43.72462105453667,43.872415776432554,43.020595218820006,43.23030471801758,202506236
2024-02-22,Lloyds,42.94070862471017,46.14129117747719,42.3065858828,45.89163589477539,565618186
2024-02-23,Lloyds,45.92657871413078,46.13628819729969,45.32240969302953,45.43225860595703,208409892
2024-02-26,Lloyds,45.42227345245498,46.13129339602227,45.42227345245498,45.851680755615234,269141007
2024-02-27,Lloyds,45.497173782116974,46.46084319209639,45.43226097957576,46.24613952636719,205541890
2024-02-28,Lloyds,46.15126854431654,46.68652868635496,46.15126854431654,46.510772705078125,229599208
2024-02-29,Lloyds,46.51077343795689,47.43949126474607,46.47881607293177,46.50577926635742,467442708
2024-03-01,Lloyds,46.955164013590014,47.68415695067734,46.955164013590014,47.30467987060547,207501949
2024-03-04,Lloyds,46.97512946179435,47.564315962875945,46.83532314110322,47.32963943481445,344381130
2024-03-05,Lloyds,47.08997405328213,47.88687398065121,46.89025289227565,47.73408508300781,148437130
2024-03-06,Lloyds,47.908838814204366,48.52299237796163,47.83194533586471,48.333255767822266,311140311
2024-03-07,Lloyds,48.48804502104405,48.982361370415774,48.20343817632252,48.5379753112793,225634715
2024-03-08,Lloyds,48.642825953554116,49.007324279403505,48.27333726570873,48.488040924072266,149173020
2024-03-11,Lloyds,48.35821892898143,49.06224852998519,48.19344555732906,48.982357025146484,154132465
2024-03-12,Lloyds,49.291933758767726,49.951023474269306,49.03728433408123,49.48167037963867,212228896
2024-03-13,Lloyds,49.60649939149821,49.94103652557525,48.882500661398716,49.18708038330078,246059054
2024-03-14,Lloyds,49.13215254182671,49.55157152117464,48.887491470540425,49.2619743347168,145097694
2024-03-15,Lloyds,49.07223300541488,49.85515222850107,49.07223300541488,49.50164031982422,350528629
2024-03-18,Lloyds,49.326882141348676,49.63146183498276,49.06125012747689,49.3218879699707,119224181
2024-03-19,Lloyds,49.13215148897812,49.5315975832112,48.72770741391749,49.4766731262207,126334621
2024-03-20,Lloyds,49.47168634567402,50.16073347947804,49.41176771295489,49.97099685668945,134881078
2024-03-21,Lloyds,51.039517872144245,51.81844100187926,50.57016480195179,51.41899490356445,184094142
2024-03-22,Lloyds,51.698609216285526,52.59736582348106,51.3590779266063,52.1080436706543,162388748
2024-03-25,Lloyds,51.92828900022853,52.17794423580655,51.59874226073598,51.658660888671875,237240308
2024-03-26,Lloyds,51.458938295892075,52.03814029749854,51.41899635154147,51.5388298034668,260161808
2024-03-27,Lloyds,51.38903774950577,52.18793381876911,51.27320039083253,51.59874725341797,211685995
2024-03-28,Lloyds,52.15797076283305,52.467544622803615,51.498881100828406,51.68861770629883,248468932
2024-04-02,Lloyds,51.24922701053362,52.32773946845742,51.24922701053362,51.888343811035156,174801073
2024-04-03,Lloyds,51.48889709375829,52.40762653102726,51.48889709375829,52.30776596069336,145222987
2024-04-04,Lloyds,52.7471622405163,54.045368811246355,52.42760381724235,53.885589599609375,177550360
2024-04-05,Lloyds,53.32636291354363,53.66389425153734,52.80707953651084,53.2464714050293,121464585
2024-04-08,Lloyds,53.22649701093168,54.20514510571978,53.16658219069031,53.64591979980469,162777728
2024-04-09,Lloyds,53.54605582820284,53.765753662606144,52.62732635603762,52.787105560302734,131247089
2024-04-10,Lloyds,53.0467414855957,53.62594343988381,52.38565569500084,53.0467414855957,148196613
2024-04-11,Lloyds,51.207044667019844,51.566673382159365,50.26801709696618,50.607666015625,276328543
2024-04-12,Lloyds,50.98727321969208,51.666571039589336,50.92733383178711,50.92733383178711,180436946
2024-04-15,Lloyds,50.90736067122289,51.693550311486945,50.8674010740778,51.107154846191406,160595956
2024-04-16,Lloyds,49.96832787528497,50.327956591173105,49.368945411885896,49.648658752441406,190548937
2024-04-17,Lloyds,49.61868707250362,50.78947723368295,49.56873948665647,50.36791229248047,154369436
2024-04-18,Lloyds,50.66760189154678,51.2470007062828,50.567702916070736,50.94731140136719,102401053
2024-04-19,Lloyds,50.647623363619076,51.02723185841306,50.14813990601091,50.867393493652344,139824478
2024-04-22,Lloyds,51.36687917615059,51.85437782612216,51.04321638145764,51.0871696472168,167919394
2024-04-23,Lloyds,51.32692019223496,51.63260381857462,50.82743674414987,51.28696060180664,199643448
2024-04-24,Lloyds,50.20807882472666,53.165023986805394,49.558752573059884,51.72650909423828,309563793
2024-04-25,Lloyds,51.36688012898052,52.1860365560294,50.8673966404727,51.14710998535156,133826433
2024-04-26,Lloyds,51.06719035223864,52.545661008024744,51.02723456968182,52.2459716796875,196220536
2024-04-29,Lloyds,52.62557734067756,52.87032316762507,51.66657001770433,51.8264045715332,174654445
2024-04-30,Lloyds,51.826406159625165,52.56563956470204,51.426817857430414,51.84638595581055,128009937
2024-05-01,Lloyds,52.04617341230374,52.086133002460365,51.926298452590096,52.14607238769531,32667879
2024-05-02,Lloyds,51.946282381235676,52.6855196149323,51.64659305272602,52.006221771240234,106053192
2024-05-03,Lloyds,52.325892795990875,52.86533208258876,51.68655452242545,52.1260986328125,86284744
2024-05-07,Lloyds,52.92527155788618,54.1470077802804,52.86533216561153,53.66450881958008,376963776
2024-05-08,Lloyds,53.78438217039668,54.323825252320425,53.50467263640212,53.88427734375,369327358
2024-05-09,Lloyds,54.10405129803521,54.38376083202978,53.54462841928949,53.88427734375,236469110
2024-05-10,Lloyds,54.22392431766626,54.58355302601218,53.54462649318095,54.24390411376953,87842052
2024-05-13,Lloyds,54.12402914790638,54.48365785625229,54.0441099634933,54.24390411376953,274070760
2024-05-14,Lloyds,54.12402912869579,54.583553006638496,53.82433980876604,54.48365783691406,141611290
2024-05-15,Lloyds,54.703428613839286,54.98314195170886,54.14400955961314,54.44369888305664,267073545
2024-05-16,Lloyds,54.46368177878735,55.162959447120784,54.104053045886914,54.963165283203125,128477030
2024-05-17,Lloyds,54.94318320406398,55.50260607765044,54.863264017513096,55.462646484375,207520212
2024-05-20,Lloyds,55.942150727646705,56.38169482577727,55.60250180294144,56.141944885253906,188240464
2024-05-21,Lloyds,55.922173150137596,56.48159605148769,55.602504009582326,56.12196731567383,221100062
2024-05-22,Lloyds,55.88221036899158,57.3317116413141,55.54256145017065,56.32175827026367,280264588
2024-05-23,Lloyds,56.361712185890006,56.68138510839024,55.50559908433511,55.722373962402344,345190110
2024-05-24,Lloyds,55.16295723813997,56.06202522363148,54.16399026931168,54.74338912963867,210793024
2024-05-28,Lloyds,54.9032245484326,55.98211072075544,54.76336978033666,55.522586822509766,327523091
2024-05-29,Lloyds,55.422686016346454,55.862230103169146,54.623513217234056,54.68345260620117,167372186
2024-05-30,Lloyds,54.16399546291715,55.653452673486605,53.62455233344289,55.48263168334961,166530625
2024-05-31,Lloyds,55.60250125008248,55.902190578135155,55.103017766409174,55.462646484375,352448889
2024-06-03,Lloyds,56.141946276983276,56.48159521010826,55.3427734375,55.3427734375,137984236
2024-06-04,Lloyds,55.44266857547794,56.14194623858125,54.86326588552595,55.582523345947266,262438113
2024-06-05,Lloyds,55.862230103169146,55.90218969581389,54.56357382826694,54.68345260620117,147742816
2024-06-06,Lloyds,54.6035361419053,55.68242233253727,54.30384680364865,55.582523345947266,135516703
2024-06-07,Lloyds,55.602501332552045,56.04204542696413,54.4436998011415,54.74338912963867,116265881
2024-06-10,Lloyds,54.06408723021211,55.08303391926873,53.544623988099545,54.16398620605469,157631432
2024-06-11,Lloyds,54.483661188712404,54.60353616190764,53.24494042983934,53.324859619140625,166452852
2024-06-12,Lloyds,53.76440847221812,55.06306492690436,52.98521536155778,54.92321014404297,254086293
2024-06-13,Lloyds,54.523621323352444,54.74339147459415,53.66450908363865,54.00415802001953,94191527
2024-06-14,Lloyds,53.90425711272287,54.52361938161455,53.23694790439111,54.12403106689453,162745999
2024-06-17,Lloyds,54.46367804081789,54.6634721910232,53.86429559020194,54.48365783691406,99062882
2024-06-18,Lloyds,55.003124878138,55.083040257251035,54.343806804739444,54.963165283203125,102463660
2024-06-19,Lloyds,54.8832466956332,55.36275040784371,54.72341212489636,55.162960052490234,184600116
2024-06-20,Lloyds,55.123000003657275,56.059032367879034,54.76337126976862,56.022071838378906,179094450
2024-06-21,Lloyds,56.16192733666748,56.36171769296147,54.9102194904628,55.50260925292969,246172446
2024-06-24,Lloyds,55.66244189398035,56.36171573827124,55.322792965000495,55.62248229980469,104466620
2024-06-25,Lloyds,55.702401846250396,56.04205080065008,55.28283750827504,55.48263168334961,98819622
2024-06-26,Lloyds,55.52258520781593,55.8822101107084,55.322791054593544,55.74235534667969,317766913
2024-06-27,Lloyds,55.90219305324487,56.22186219208884,55.40270954745657,56.022071838378906,120670478
2024-06-28,Lloyds,56.32175779707071,56.54152793510381,54.20394511597724,54.68345260620117,201729056
2024-07-01,Lloyds,55.10302185189895,56.02207351159227,54.34380857715824,55.56254577636719,129712755
2024-07-02,Lloyds,55.34277510646116,55.90219420559141,54.8233117924425,54.88324737548828,194390185
2024-07-03,Lloyds,55.46264833909963,55.982111636782015,55.16295900102506,55.8222770690918,323106648
2024-07-04,Lloyds,56.082003491611395,57.2208251953125,55.482624850954956,57.2208251953125,154028902
2024-07-05,Lloyds,58.039980863158526,58.50150541335042,56.8611995046456,58.21979522705078,302017954
2024-07-08,Lloyds,58.05995836741245,59.29867906855492,56.86119725905831,58.95903015136719,156999918
2024-07-09,Lloyds,58.87910882097371,59.27869711278794,57.54049299737933,57.78024673461914,176111990
2024-07-10,Lloyds,58.0599616395612,58.659344132896585,57.42062336194218,58.039981842041016,85646094
2024-07-11,Lloyds,58.13988317091406,59.337642166042194,57.68035924171511,59.07891082763672,101253674
2024-07-12,Lloyds,59.49847577434944,59.63833054435212,58.55944435731996,59.03894805908203,69605254
2024-07-15,Lloyds,58.439568479882695,59.39857586856072,58.15286620581554,58.7392578125,82739750
2024-07-16,Lloyds,58.439571380615234,59.09888946940216,58.13988203312242,58.439571380615234,76128129
2024-07-17,Lloyds,58.57941785855406,59.13484320587236,58.43956310358273,58.71927261352539,73138654
2024-07-18,Lloyds,59.0389445560477,59.758201971392516,58.3596467328346,59.13884353637695,123711870
2024-07-19,Lloyds,58.77922147427901,59.51845876926778,58.35965333097271,59.07891082763672,99192792
2024-07-22,Lloyds,59.298679711602375,59.438534477121614,58.89909140089894,58.919071197509766,266395315
2024-07-23,Lloyds,58.93905187981832,59.45851516723633,58.385623318727156,59.45851516723633,175542241
2024-07-24,Lloyds,59.01897073426512,59.93102578410456,58.87911215667721,59.59836959838867,115546240
2024-07-25,Lloyds,56.94111897703708,60.73719281335488,56.64142963930927,60.57735824584961,233616653
2024-07-26,Lloyds,59.758207176058896,64.60319572668864,59.47849762828847,60.59733963012695,140446548
2024-07-29,Lloyds,60.8370901472768,61.65624275983563,58.87911198507504,61.03688049316406,173073957
2024-07-30,Lloyds,60.75717437191416,60.8370935633619,59.63833236694336,59.63833236694336,177951229
2024-07-31,Lloyds,59.93801981491228,60.317628340751924,59.118867182302345,59.518455505371094,164947185
2024-08-01,Lloyds,58.330071558269964,58.84962728551805,48.99805944304147,56.111968994140625,307162236
2024-08-02,Lloyds,55.49250091801862,56.33178266937321,54.99292853772267,55.29267120361328,323675617
2024-08-05,Lloyds,53.294382157882005,64.61469041443348,52.63494676246575,54.51333999633789,347972476
2024-08-06,Lloyds,55.432549496939295,56.05201816606911,54.93297712893,55.112823486328125,170607703
2024-08-07,Lloyds,56.13195357581022,57.15108170025811,55.55244777876865,56.95125198364258,183281204
2024-08-08,Lloyds,56.55159609037146,57.05116850746462,55.75128238932189,57.03118896484375,128445480
2024-08-09,Lloyds,57.37089108159012,57.43084114013412,56.53161313058313,56.911285400390625,302571827
2024-08-12,Lloyds,57.151082319642526,57.35091203842375,56.47166356264729,56.75142288208008,90262928
2024-08-13,Lloyds,56.911283678156416,57.23100969117928,56.43169465862211,56.85133743286133,66305320
2024-08-14,Lloyds,57.37088997113495,57.590703036773476,47.38943600856471,57.27097702026367,81031467
2024-08-15,Lloyds,57.47080324045735,58.42998123168945,48.99805669503807,58.42998123168945,126352321
2024-08-16,Lloyds,58.25013929992175,58.909574695338414,58.01034668964377,58.84962844848633,69518709
2024-08-19,Lloyds,58.82964411667144,59.16935348510742,58.45096663928226,59.16935348510742,96623948
2024-08-20,Lloyds,59.4291281757463,59.4291281757463,58.13024078700677,58.33007049560547,58791998
2024-08-21,Lloyds,59.34919882523386,59.34919882523386,58.07029097176055,58.25013732910156,98362099
2024-08-22,Lloyds,58.569863339611224,58.62981339586979,58.000351145176225,58.25013732910156,140728100
2024-08-23,Lloyds,58.449969379669874,59.58899381416207,58.290106368011934,59.34920120239258,126472239
2024-08-27,Lloyds,59.349197992757055,59.349197992757055,58.523904239203596,59.14936828613281,108241900
2024-08-28,Lloyds,59.36917873971033,59.429128796346376,57.14308742566455,58.13024139404297,125480332
2024-08-29,Lloyds,57.97037790250712,58.74970957507838,57.85048160167339,58.290103912353516,113812197
2024-08-30,Lloyds,58.25014052497055,58.66978331893468,58.23015717178798,58.44997024536133,133560923
2024-09-02,Lloyds,58.50991956812438,58.829645592149525,57.93041376743202,58.07029342651367,81091257
2024-09-03,Lloyds,57.990364581450685,58.54988322506404,56.91128637773652,57.211029052734375,195841719
2024-09-04,Lloyds,56.37174789107764,57.61068912240718,56.3118016422848,57.01120376586914,106283233
2024-09-05,Lloyds,56.77140574157231,58.370035855055036,56.65150943591981,57.530757904052734,120454423
2024-09-06,Lloyds,57.47080759649518,57.61068725438948,56.27083451493788,56.37174606323242,187178475
2024-09-09,Lloyds,56.351767734123165,57.510775539167135,56.351767734123165,57.211029052734375,177753259
2024-09-10,Lloyds,57.35090916655129,58.020334307796524,56.19190142937987,56.43169403076172,181486740
2024-09-11,Lloyds,57.310943357425096,57.550735962551336,56.69546906444755,57.390872955322266,233586461
2024-09-12,Lloyds,58.44996827015277,58.44996827015277,57.45082351339802,57.85048294067383,205053215
2024-09-13,Lloyds,57.91043066264081,58.41999663597578,57.550737931212566,57.99036407470703,70242228
2024-09-16,Lloyds,57.75056728063756,58.230156315663365,57.630670974739814,58.110260009765625,51960051
2024-09-17,Lloyds,58.41000329327423,58.949542392629105,58.30509354808326,58.529903411865234,88268139
2024-09-18,Lloyds,58.29010724540175,58.410003553091194,57.610688482770094,57.830501556396484,75864264
2024-09-19,Lloyds,58.66978331893468,58.749712920230046,58.21017381860541,58.44997024536133,133526447
2024-09-20,Lloyds,58.21016902149293,58.37003202234423,57.69061712730215,58.15022277832031,243847294
2024-09-23,Lloyds,58.37003424139668,58.46995100287389,57.710598861386,58.05030822753906,70463054
2024-09-24,Lloyds,58.390019683365416,59.32921821768977,58.37203733366027,59.22930145263672,374555807
2024-09-25,Lloyds,58.90957307313807,59.60897515481982,57.95039503556953,58.13024139404297,166563532
2024-09-26,Lloyds,58.8496282010147,59.16435742996912,58.62082395828551,58.92955780029297,77995421
2024-09-27,Lloyds,59.08942142630165,59.62896051993527,58.669782449987615,59.34920120239258,101433954
2024-09-30,Lloyds,58.82964349187783,59.36917875601158,58.60983042892,58.74971008300781,138802196
2024-10-01,Lloyds,58.74970807865404,59.329213838886616,57.63066707269494,58.15022277832031,188839955
2024-10-02,Lloyds,57.950392792749405,58.27011879289808,57.41085373821054,57.61068344116211,148415314
2024-10-03,Lloyds,57.590702667217286,58.05030833657152,56.85133768807086,57.390872955322266,150665222
2024-10-04,Lloyds,57.49078938478277,58.84962684409533,57.49078938478277,58.74971008300781,138628645
2024-10-07,Lloyds,59.14936840657402,59.34919811360516,58.4899330413755,59.10940170288086,113145255
2024-10-08,Lloyds,58.60983016553424,58.769693171121155,57.93041143893119,58.21017074584961,105422259
2024-10-09,Lloyds,58.31009020691732,59.249284931806635,58.19019390003323,59.18933868408203,77641000
2024-10-10,Lloyds,59.18933426351219,59.74885286147341,59.00948791090048,59.38916015625,99900763
2024-10-11,Lloyds,59.249284675656384,59.888736724853516,59.10940501632387,59.888736724853516,88510516
2024-10-14,Lloyds,59.768839434815916,59.92870244448418,59.249283700535344,59.588993072509766,92973497
2024-10-15,Lloyds,59.82878814843267,60.068580751829764,59.48907878409121,60.02861785888672,141352890
2024-10-16,Lloyds,59.94868858251773,61.14766311645508,59.888738521818624,61.14766311645508,164722219
2024-10-17,Lloyds,61.14765919432182,61.966957580816654,60.987796187479766,61.80709457397461,172317713
2024-10-18,Lloyds,61.567300970072324,62.216746608963525,61.247574941784784,62.12682342529297,180387256
2024-10-21,Lloyds,61.94697249757554,62.486511559879375,61.50735019390275,61.74714279174805,244248601
2024-10-22,Lloyds,61.4074366177421,62.36661468170238,61.28754031260577,61.94697570800781,159162198
2024-10-23,Lloyds,62.94611582156552,63.41471645229836,60.767980080285476,61.56729507446289,213089101
2024-10-24,Lloyds,61.84706214397648,62.56644377911472,61.647232429769,62.14680480957031,263067192
2024-10-25,Lloyds,62.326647660506985,62.46652730914271,57.530753846842224,57.61068344116211,312290651
2024-10-28,Lloyds,56.55159143444101,57.45082323574836,55.432550379485555,56.07200241088867,302863589
2024-10-29,Lloyds,56.23186843939753,56.3317852068183,54.22858584840666,54.49335861206055,239820524
2024-10-30,Lloyds,53.71402199328611,55.042886387535304,53.12352782142464,53.61410903930664,305260035
2024-10-31,Lloyds,53.034605950361744,54.3264993995815,53.034605950361744,53.354331970214844,224377667
2024-11-01,Lloyds,53.154501053751694,54.91299412320497,53.154501053751694,54.37345504760742,143210419
2024-11-04,Lloyds,54.2735446705889,55.612398841219616,54.15364836302888,54.77311706542969,197160827
2024-11-05,Lloyds,54.353474178493336,55.0728557836079,54.08070504823881,54.813079833984375,135871229
2024-11-06,Lloyds,55.11282471106582,56.091986116751166,54.39343926548688,54.713165283203125,159048486
2024-11-07,Lloyds,55.07286061736122,55.35262375470444,54.273545535169795,54.49335861206055,155565870
2024-11-08,Lloyds,54.41342007661125,54.633233132812705,52.64493347978446,53.034603118896484,187872236
2024-11-11,Lloyds,53.6141101159325,54.81308464493711,53.47423045297837,54.49335861206055,143481639
2024-11-12,Lloyds,54.01376785796873,54.63323655068611,53.81393814086914,53.81393814086914,115216990
2024-11-13,Lloyds,53.89386737099378,55.07285850121205,53.85390447699598,54.55330276489258,123684486
2024-11-14,Lloyds,54.71316822683741,54.9929313659668,54.193616278672074,54.9929313659668,105138172
2024-11-15,Lloyds,54.75313057535004,56.43169403076172,54.75313057535004,56.43169403076172,163161083
2024-11-18,Lloyds,56.95125435639568,57.03518215481261,55.71231311090936,56.1919059753418,102346631
2024-11-19,Lloyds,56.15193443178989,56.41171038383463,54.83306369678039,55.27268600463867,140555210
2024-11-20,Lloyds,55.452533965399276,55.69233038390257,55.19275800583591,55.37260055541992,128349164
2024-11-21,Lloyds,55.41256849738805,55.47251855621084,54.59327008398426,54.97294616699219,75605300
2024-11-22,Lloyds,55.35262024914432,55.37259978992819,53.81393643122601,54.37345504760742,156356317
2024-11-25,Lloyds,54.453383924714934,55.05286919564262,53.77396525156521,54.61324691772461,352150566
2024-11-26,Lloyds,54.43340432358195,54.51333773130987,53.194466995276414,53.37430953979492,119880964
2024-11-27,Lloyds,53.27439732368923,53.43426032990732,52.85475836165475,53.134517669677734,100322878
2024-11-28,Lloyds,53.45424726730937,53.71402324054902,52.81479519954872,53.21445083618164,65853223
2024-11-29,Lloyds,53.11453468490861,53.514194108935975,52.88473185009504,53.01462173461914,112998910
2024-12-02,Lloyds,52.954672411967664,53.35433184153756,52.49506673596663,52.77482604980469,111970703
2024-12-03,Lloyds,53.074568345770814,53.47422777255084,52.81479238636813,52.89472198486328,114764926
2024-12-04,Lloyds,52.9746571202232,53.514196220519054,52.69489779922604,52.954673767089844,123358921
2024-12-05,Lloyds,52.77482726700054,53.65407574547238,52.75484391391767,53.61410903930664,212730770
2024-12-06,Lloyds,53.654071772859695,53.79395142264804,52.95466971248337,53.034603118896484,104208608
2024-12-09,Lloyds,53.374312004728296,53.53417882756711,53.15450274619459,53.1944694519043,77299528
2024-12-10,Lloyds,52.97465539479319,53.28439164111945,52.734858976438225,52.89472198486328,111467937
2024-12-11,Lloyds,52.61496257298404,55.496494914229146,52.4950662697518,54.17362976074219,490155283
2024-12-12,Lloyds,54.53331821909259,55.65235918846765,54.431404273022515,54.95295715332031,100438646
2024-12-13,Lloyds,55.052878458150325,55.57243422570432,54.93098495411816,55.3326416015625,118032599
2024-12-16,Lloyds,55.35262495548016,56.07200663934066,55.1128285199033,55.3326416015625,89541373
2024-12-17,Lloyds,54.952961448903885,55.55244677649984,53.75398698227721,54.17362976074219,222377220
2024-12-18,Lloyds,54.29352802375472,55.372602414664684,53.99378534913722,54.77311706542969,141994525
2024-12-19,Lloyds,53.793953442718134,54.27354246490252,53.67405714003072,54.25355911254883,152444095
2024-12-20,Lloyds,53.81393899543142,54.273544684054606,53.314366600466684,54.153648376464844,349339807
2024-12-23,Lloyds,54.03374898914391,54.453387947507615,53.67405627544091,53.913848876953125,193151547
2024-12-24,Lloyds,54.53332248187367,54.53332248187367,54.13366305585319,54.17362976074219,70289585
2024-12-27,Lloyds,54.09369402407883,54.413420026568026,53.970798126977265,54.313507080078125,63634119
2024-12-30,Lloyds,54.03374949419569,54.63323481501426,53.93283413720706,54.37345504760742,43336037
2024-12-31,Lloyds,54.67320042346113,55.0129097814977,54.35347441724256,54.73314666748047,32226362
2025-01-02,Lloyds,54.5333256672017,55.232723986437726,54.053732803389885,54.9929313659668,42442125
2025-01-03,Lloyds,54.793096083811925,55.11282208630112,54.11367737566373,54.313507080078125,131283503
2025-01-06,Lloyds,54.35347710315632,55.712310791015625,54.1936140921473,55.712310791015625,185826184
2025-01-07,Lloyds,55.512484270602634,55.8721731828105,54.85304888106937,55.29267120361328,169652241
2025-01-08,Lloyds,55.472518313356524,55.69233138330956,52.83477671965946,53.81393814086914,171903554
2025-01-09,Lloyds,53.33434898541748,53.99378438234229,52.81479324671386,53.853904724121094,101445847
2025-01-10,Lloyds,53.73399810151535,54.09369078564055,52.390151137935945,52.83477020263672,195490326
2025-01-13,Lloyds,53.414276977700716,53.59412333612541,52.674912003230055,53.134517669677734,155457937
2025-01-14,Lloyds,53.614105344769065,54.013764756016236,53.15449968983905,53.57413864135742,175172666
2025-01-15,Lloyds,54.653219416504214,57.1111146240519,54.653219416504214,57.07114791870117,209760980
2025-01-16,Lloyds,57.81051821416499,57.930414521877154,56.671493762312195,57.211029052734375,103256947
2025-01-17,Lloyds,57.99036065229002,58.86960526451883,57.45182018286629,58.489933013916016,180340227
2025-01-20,Lloyds,58.390019691957676,58.949542142032506,58.250140032297686,58.609832763671875,108078956
2025-01-21,Lloyds,60.94783020019531,61.787111948852115,60.48822452654474,60.94783020019531,271182833
2025-01-22,Lloyds,61.44740234266924,62.00692477676778,60.668070654567686,61.64723205566406,211020378
2025-01-23,Lloyds,60.98779788501839,62.486515045166016,60.98779788501839,62.486515045166016,213818158
2025-01-24,Lloyds,62.36661331469911,62.36661331469911,61.2675556169307,61.767127990722656,100919100
2025-01-27,Lloyds,60.96781073834857,61.80709244826286,60.30837538137553,61.2475700378418,162717101
2025-01-28,Lloyds,61.26755634872731,61.747145375923765,61.12767669222436,61.52733612060547,169466479
2025-01-29,Lloyds,61.827077819923005,62.58642614825805,61.58728140435499,62.466529846191406,138268536
2025-01-30,Lloyds,62.16678963680885,62.50649901558947,61.88702650570813,62.286685943603516,89430194
2025-01-31,Lloyds,62.246719237527,62.54646191023111,62.006926623937666,62.286685943603516,122019963
2025-02-03,Lloyds,61.06772564708392,61.64723142772255,60.24842726244186,61.22758865356445,113008056
2025-02-04,Lloyds,61.46738606291787,61.66721577710842,60.82393583156951,61.52733612060547,76487003
2025-02-05,Lloyds,61.14766259841934,61.92699432373047,61.00778293607477,61.92699432373047,75820898
2025-02-06,Lloyds,62.54646262627557,63.305814804683045,62.326653363208074,63.285831451416016,167947965
2025-02-07,Lloyds,63.30581146072837,63.52562452361977,62.36661296396311,62.50649642944336,124271192
2025-02-10,Lloyds,62.48651614562194,63.345781275735426,62.47552396736372,62.74629211425781,107969780
2025-02-11,Lloyds,62.7862588206433,63.12596820205014,62.326653131514895,62.74629211425781,94599581
2025-02-12,Lloyds,62.90615365200932,63.84535217285156,62.80624069982538,63.84535217285156,204042858
2025-02-13,Lloyds,63.86533832840226,64.16508483886719,63.086006548637954,64.16508483886719,111306322
2025-02-14,Lloyds,64.24501271669372,64.36490521224223,63.42571048657508,64.10513305664062,170368157
2025-02-17,Lloyds,64.32493461761159,64.76456073569975,61.24757084816772,62.86618423461914,141336733
2025-02-18,Lloyds,63.08599816881603,63.625537242262745,62.68634256034175,63.205894470214844,114328877
2025-02-19,Lloyds,63.12596424291343,63.30581059893362,62.36661211495385,62.7862548828125,101806411
2025-02-20,Lloyds,64.04517951724937,67.54218628240352,63.76142581192252,65.84364318847656,666438787
2025-02-21,Lloyds,65.84364110696445,67.24244529337975,65.32408156375928,67.14252471923828,283408993
2025-02-24,Lloyds,67.08258191303167,67.58215431787872,66.52306325892135,67.2624282836914,177521351
2025-02-25,Lloyds,67.34235959443727,69.17079636855284,66.82280004081822,68.56131744384766,227974016
2025-02-26,Lloyds,70.04004729887161,71.93842389854606,69.54047491068727,71.6986312866211,301841650
2025-02-27,Lloyds,70.7194699373578,71.81852772717653,70.7194699373578,71.6586685180664,155728220
2025-02-28,Lloyds,71.71861650932581,72.91959210168568,71.07117564355394,72.91759490966797,338012901
2025-03-03,Lloyds,72.93756109105621,73.25728708133512,71.67863666932783,72.27812194824219,244900531
2025-03-04,Lloyds,72.01835643973901,72.89760108808393,70.93927826481371,71.35891723632812,134878965
2025-03-05,Lloyds,72.97752750017688,74.07658511092589,72.3980217629727,73.01749420166016,295216104
2025-03-06,Lloyds,74.25643833263096,74.39631798934144,72.26614520081498,72.67778778076172,257764007
2025-03-07,Lloyds,71.89845594657946,72.84764804139984,70.85934448242188,70.85934448242188,188578570
2025-03-10,Lloyds,71.11912385754377,71.55874998839273,69.00093423593545,69.12083435058594,349889268
2025-03-11,Lloyds,68.32151772074907,68.56131795784935,67.00264690817664,67.16251373291016,196281942
2025-03-12,Lloyds,67.40230523206445,68.34150375466172,67.22245886864943,68.14167022705078,206727078
2025-03-13,Lloyds,68.18164037642211,69.38061873403906,67.96182729638217,68.2615737915039,112868480
2025-03-14,Lloyds,68.12168658542906,69.7602832988621,67.74201434012551,69.50050354003906,102579078
2025-03-17,Lloyds,69.68035101630599,70.13995667525434,69.48052512036995,69.76028442382812,81117818
2025-03-18,Lloyds,69.86019824854517,70.75943003728139,69.68035189079794,70.0999984741211,355043864
2025-03-19,Lloyds,69.88018603337478,70.93927702570797,69.84021932875682,70.51963806152344,123062339
2025-03-20,Lloyds,71.35890544585479,71.55873893941713,69.84020900912266,71.47880554199219,153445921
2025-03-21,Lloyds,70.93927702570797,71.21903633516432,69.94013227886701,70.51963806152344,267646157
2025-03-24,Lloyds,71.15909412514473,72.3380852981931,70.99922729760671,72.2981185913086,100425696
2025-03-25,Lloyds,72.51792664033674,73.55703807868649,72.4379932321092,73.3172378540039,154240079
2025-03-26,Lloyds,73.59700293160554,73.99665471695195,72.9175842244998,73.29725646972656,170809473
2025-03-27,Lloyds,72.59786381794932,73.93671417236328,72.13825050821194,73.93671417236328,145705643
2025-03-28,Lloyds,73.37719357279785,74.2164715117524,73.09743425981299,73.33722686767578,122117702
2025-03-31,Lloyds,72.67778790271679,72.85763426491341,71.2190374639528,72.01835632324219,138963541
2025-04-01,Lloyds,72.597864332569,73.33722934513018,71.88247324559528,72.53791046142578,115463759
2025-04-02,Lloyds,72.27813301879479,72.83765930463497,71.71861435582467,72.39803314208984,84774862
2025-04-03,Lloyds,70.67949998026332,71.35891873920657,69.40059587469243,69.64038848876953,167018827
2025-04-04,Lloyds,68.56131111027476,68.84806057362495,63.66550062339252,64.94440460205078,325638829
2025-04-07,Lloyds,61.16764718188953,67.22246235987127,60.72802102118298,63.965248107910156,334145339
2025-04-08,Lloyds,65.08429160794637,67.42229440189084,64.86447853247033,66.2632827758789,193350831
2025-04-09,Lloyds,64.70461765498469,65.73673133963128,63.48365880857977,64.34492492675781,180728014
2025-04-10,Lloyds,69.20345608079157,69.20345608079157,65.96516814340042,66.30498504638672,191915978
2025-04-11,Lloyds,66.82470765145976,67.44438312117597,65.74527591403174,66.72476196289062,398027737
2025-04-14,Lloyds,67.924132960523,68.96358501197962,67.50435644706016,68.70372009277344,86826609
2025-04-15,Lloyds,68.72371008965159,70.92254586294848,68.72371008965159,70.76263427734375,115490880
2025-04-16,Lloyds,70.32286116090661,71.0624684176123,69.98303666434408,70.74263763427734,106517222
2025-04-17,Lloyds,70.92255196804129,71.06247747700326,66.90467676359226,70.28289031982422,84202176
2025-04-22,Lloyds,70.28289335055705,71.36232528798365,70.02302841183538,71.24238586425781,197232243
2025-04-23,Lloyds,71.96200200538748,73.50119018554688,71.96200200538748,73.50119018554688,152942297
2025-04-24,Lloyds,73.30128444321883,73.34126424460239,72.26184010871627,72.62165069580078,120151468
2025-04-25,Lloyds,72.72160036157186,73.20134275366253,72.40176955838879,72.96147155761719,86609543
2025-04-28,Lloyds,73.04143179418409,73.5611539943223,72.86152648925781,72.86152648925781,77187035
2025-04-29,Lloyds,73.40124523282651,74.00092706390245,73.10140050460444,73.1413803100586,109899014
2025-04-30,Lloyds,73.44121675374461,73.4811889293215,70.30286719524457,73.24131774902344,467866561
2025-05-01,Lloyds,71.96200060829827,72.8215473367046,71.06247407562094,71.3023452758789,77820492
2025-05-02,Lloyds,71.4022941726776,72.08193555241432,69.66320710885961,70.5427474975586,191448540
2025-05-06,Lloyds,70.94254508327204,71.64217262215934,70.5427546501786,71.58220672607422,88777942
2025-05-07,Lloyds,71.72213894438778,72.56169206960362,70.76264639041153,72.2018814086914,137274246
2025-05-08,Lloyds,72.64163385250461,73.0814040246102,72.12191170622566,72.60165405273438,168990983
2025-05-09,Lloyds,72.82154897597334,72.98146057128906,72.4617383548028,72.98146057128906,74741640
2025-05-12,Lloyds,73.90097607995403,74.23779619448241,72.5216995791754,73.00144958496094,96104258
2025-05-13,Lloyds,71.66215218100335,73.76104985710516,71.66215218100335,73.36125946044922,81960193
2025-05-14,Lloyds,73.48119529251929,74.90045166015625,73.40124330907462,74.90045166015625,121072846
2025-05-15,Lloyds,74.64058622375177,75.00039683553194,74.27077875459771,74.74053192138672,132893628
2025-05-16,Lloyds,74.76053491049912,75.04038594874088,74.48067624688846,74.9604263305664,104857710
2025-05-19,Lloyds,74.56062156229636,75.79996490478516,74.50065567285306,75.79996490478516,98566048
2025-05-20,Lloyds,76.29969966764605,77.97881317138672,75.95988279950876,77.97881317138672,243945017
2025-05-21,Lloyds,78.03879610403136,78.6584640266882,77.91885668737123,77.93885040283203,181142677
2025-05-22,Lloyds,77.81890785096421,78.55851516048348,77.27919193579028,78.43858337402344,173830624
2025-05-23,Lloyds,78.3386326873562,78.9383221413059,75.7999722418384,77.7789306640625,265113370
2025-05-27,Lloyds,78.37860985542551,79.1482077369277,78.13873865713751,78.43858337402344,103375583
2025-05-28,Lloyds,78.45857205062724,78.69844325682543,76.5795669555664,76.5795669555664,116810465
2025-05-29,Lloyds,77.23920325205872,77.57902773381944,76.29969703083631,77.17923736572266,198915839
2025-05-30,Lloyds,77.17924969699651,77.81891133800615,77.01933047405997,77.15925598144531,241372205
2025-06-02,Lloyds,76.85941512865614,77.91885324016127,76.85941512865614,77.75894165039062,102317832
2025-06-03,Lloyds,77.87887671627036,78.07877574361233,76.39966204078083,76.99934387207031,118194151
2025-06-04,Lloyds,77.09928327895723,77.35914818060327,76.27971639718209,76.53958129882812,107346909
2025-06-05,Lloyds,76.17977008363223,76.6395263671875,75.69003085500972,76.6395263671875,121681757
2025-06-06,Lloyds,76.61955247451628,77.23922043885231,76.31970772538234,76.87940979003906,80805117
2025-06-09,Lloyds,76.99934272568038,77.13926823005241,76.31770344713438,76.93937683105469,78074284
2025-06-10,Lloyds,76.77945818338729,76.91938368880143,75.46015511421963,75.64006042480469,103482213
2025-06-11,Lloyds,76.01985168457031,76.83941856838342,75.68003480303766,76.01985168457031,137687116
2025-06-12,Lloyds,75.44017544856108,77.0793094733113,75.42018173158894,76.77946472167969,132619247
2025-06-13,Lloyds,75.77998382584465,76.49960504820132,75.30023380248424,76.45962524414062,85908285
2025-06-16,Lloyds,76.6795153356247,77.61902172867053,76.49961001834716,77.1192855834961,103355633
2025-06-17,Lloyds,77.1392699722879,77.27919547982023,75.65605196707705,75.70002746582031,109818169
2025-06-18,Lloyds,76.01985440016747,76.95936072445384,75.87992889978881,76.5595703125,71508436
2025-06-19,Lloyds,76.51959454431052,76.6195478715963,75.44017028808594,75.44017028808594,41980242
2025-06-20,Lloyds,75.66004421453911,76.51959093616209,75.44016673083587,75.5201187133789,202054195
2025-06-23,Lloyds,75.08035581249455,75.85994292300734,74.7005514891601,74.8404769897461,81415546
2025-06-24,Lloyds,76.17977476061131,76.87940227302494,75.74000453831245,76.61954498291016,100002889
2025-06-25,Lloyds,76.39966545008782,76.57957077003971,75.440172952134,75.9798812866211,63065900
2025-06-26,Lloyds,75.91990787059214,76.43963768804048,75.58009098064866,75.72001647949219,86863304
2025-06-27,Lloyds,75.9998712173333,76.95936366749423,75.83995199628905,76.5795669555664,98600772
2025-06-30,Lloyds,76.85942204717101,77.09929326610296,75.91991563708204,76.6595230102539,86783208
2025-07-01,Lloyds,76.7994445615529,77.25920851006008,75.93990543594046,76.3197021484375,103026972
2025-07-02,Lloyds,76.93937716592208,77.55904508073287,72.81255081610102,73.50119018554688,270311976
2025-07-03,Lloyds,73.50118918825814,75.93990388546922,73.50118918825814,75.83995056152344,113286062
2025-07-04,Lloyds,75.5600921253387,76.01984839388179,74.98039645507544,75.32022094726562,65462622
2025-07-07,Lloyds,75.46015511421963,75.79997202012021,75.12033820831907,75.64006042480469,152870985
2025-07-08,Lloyds,75.40018630387847,76.01985419664851,75.28024689300305,75.62007141113281,82252537
2025-07-09,Lloyds,76.01985482477049,76.31969954175261,75.26026142572017,75.5201187133789,184166593
2025-07-10,Lloyds,76.07982227242884,76.93936892546236,75.99986267089844,75.99986267089844,178289236
2025-07-11,Lloyds,75.83995182529112,76.1597826412903,75.0203848827077,75.64006042480469,60673496
2025-07-14,Lloyds,74.78051160043105,76.49960504820132,74.78051160043105,76.45962524414062,64842231
2025-07-15,Lloyds,76.71949026515978,77.07930087684139,75.7999700212135,76.19976043701172,81239796
2025-07-16,Lloyds,75.99986956163852,77.31917260503917,75.99986956163852,76.35968017578125,75069499
2025-07-17,Lloyds,77.71896693354371,78.91833062411303,77.55904770793799,78.15872955322266,105260269
2025-07-18,Lloyds,78.3186436526397,78.47855524241034,77.1792459335653,77.75894165039062,150515034
2025-07-21,Lloyds,77.44310324339446,78.77839660644531,77.11927675949455,78.77839660644531,170174629
2025-07-22,Lloyds,78.15872380666285,78.47855460899058,77.2991770956506,77.85888671875,75529349
2025-07-23,Lloyds,78.15872391009334,78.25867723156438,77.21922521628176,77.5990219116211,134766315
2025-07-24,Lloyds,77.9588376377072,79.25815464848299,75.97987917328027,77.99881744384766,140580670
2025-07-25,Lloyds,78.23868238121226,79.95777578055298,77.03931879465105,78.99828338623047,280158764
2025-07-28,Lloyds,79.65793616686268,79.77787558333829,77.9588363729834,78.1987075805664,112590183
2025-07-29,Lloyds,78.15872618281838,79.51800904037766,77.95883478479945,79.17819213867188,102168223
2025-07-30,Lloyds,79.75788035668167,79.75788035668167,78.43857742805443,78.65845489501953,135023233
2025-07-31,Lloyds,77.91094328601724,79.4303732134401,77.59106289989927,77.77099609375,198367912
2025-08-01,Lloyds,77.15122707325786,77.47110747000748,74.37226469651723,75.71176147460938,164670629
2025-08-04,Lloyds,80.68991016283022,82.53322452002591,79.65029694214013,82.52922058105469,466266950
2025-08-05,Lloyds,83.88871459960794,83.88871459960794,80.54996334047449,80.72989654541016,258192353
2025-08-06,Lloyds,81.10975040077547,81.3096727901625,79.99016519117734,80.92981719970703,163354662
2025-08-07,Lloyds,81.00979339812825,81.38964900824027,80.09013815687769,80.45000457763672,86656239
2025-08-08,Lloyds,80.33004257839087,80.9897925660324,80.27506277720822,80.90982818603516,194250259
2025-08-11,Lloyds,81.22971080436581,82.40927124023438,81.12974960672621,82.40927124023438,169210484
2025-08-12,Lloyds,82.70915723374056,83.30893206353683,82.54922083818524,83.00904846191406,72394771
2025-08-13,Lloyds,83.1689813767839,83.86872500438703,82.90908379156457,83.40889739990234,52548412
2025-08-14,Lloyds,83.1290017892696,83.94869578994822,83.1290017892696,83.54884338378906,57366305
2025-08-15,Lloyds,83.9486950868487,84.12862828678581,82.74913787841797,82.74913787841797,85740480
2025-08-18,Lloyds,82.78912976838629,83.38890460197578,82.36928814752872,82.9490737915039,238602929
2025-08-19,Lloyds,83.28893660671032,83.70777911524866,82.82910901758267,82.8490982055664,79553556
2025-08-20,Lloyds,82.64917840645069,83.70878081340827,82.52922039514307,83.42888641357422,184896809
2025-08-21,Lloyds,83.78875073292764,84.08864194044818,83.26894794998226,83.66879272460938,86999236
2025-08-22,Lloyds,83.90871289952538,84.58845972724812,83.60882167714307,84.06864929199219,129810324
2025-08-26,Lloyds,84.02866490991265,84.24858412703311,82.94907326689966,83.00904846191406,270173252
2025-08-27,Lloyds,83.32892488122923,83.92869968224669,82.16935365625181,82.58920288085938,145282073
2025-08-28,Lloyds,82.96906127673601,83.08901929161,81.7415221933831,82.26932525634766,129086340
2025-08-29,Lloyds,81.2497025602456,81.56958297872882,77.9109511689864,79.4903564453125,237182612
2025-09-01,Lloyds,79.77025378573317,80.31004576355387,79.63030658754998,80.0301513671875,83956870
2025-09-02,Lloyds,80.29005480540773,80.39001599811374,77.99090924041916,78.47073364257812,140465038
2025-09-03,Lloyds,78.53071385312084,79.03052747515252,77.35115340006406,78.7706298828125,171791383
2025-09-04,Lloyds,78.81060886831737,80.60994097211258,78.65067247384152,80.45000457763672,71708142
2025-09-05,Lloyds,80.76988716957815,80.86984837213797,79.15048823252587,79.3304214477539,88938849
2025-09-08,Lloyds,79.75025645463978,80.15010885823956,79.49035124831738,80.09013366699219,84965111
2025-09-09,Lloyds,80.70989267655919,81.62955543616326,80.31004029758566,81.5495834350586,156255088
2025-09-10,Lloyds,81.72952392234633,81.94944313174705,81.22270913730277,81.5895767211914,583767076
2025-09-11,Lloyds,82.1893542915993,82.3492906869145,81.32967424044675,82.14936828613281,143717980
2025-09-12,Lloyds,82.2693226499347,82.84910063708085,82.18935064255233,82.56920623779297,166467992
2025-09-15,Lloyds,83.46887137442287,84.42851257324219,82.94506464610662,84.42851257324219,96521867
2025-09-16,Lloyds,84.42851045881142,84.68841566027955,82.89708394203562,82.9090805053711,519724867
2025-09-17,Lloyds,83.0690153319615,83.38889571756529,82.42925456075392,83.0890121459961,61959943
2025-09-18,Lloyds,83.22896108911087,83.8887110616837,83.0290310773084,83.76876068115234,74695669
2025-09-19,Lloyds,84.34853772172058,84.34853772172058,81.3296670289174,82.109375,252775174
2025-09-22,Lloyds,82.12937320084833,82.5492147882811,81.66953798426938,81.9494400024414,124710281
2025-09-23,Lloyds,82.1693583501097,82.96906321484906,81.4896115030465,82.04940795898438,80462567
2025-09-24,Lloyds,81.5295950857866,82.96906074891456,81.00979227774071,82.32929992675781,82081022
2025-09-25,Lloyds,82.02940961516632,82.32930084049653,81.14974038157536,81.34966278076172,89039714
2025-09-26,Lloyds,81.66953680313091,83.14898837158592,81.47961282673438,82.96905517578125,115990917
2025-09-29,Lloyds,83.38889849933203,83.58882851359759,82.56920450721881,82.76913452148438,69134985
2025-09-30,Lloyds,82.92907726335284,83.98867972725931,82.52922483072088,83.78875732421875,99152808
2025-10-01,Lloyds,83.44888357601458,84.02866156670487,82.72915075827441,83.38890075683594,171949071
2025-10-02,Lloyds,83.90870822250396,84.90833540599226,83.56883101431185,83.72877502441406,91325825
2025-10-03,Lloyds,84.12862985423887,84.85835344840453,83.78875263622511,84.32855224609375,63734323
2025-10-06,Lloyds,84.46849961807796,84.68841882549735,83.22896400763732,84.30855560302734,139393600
2025-10-07,Lloyds,84.0486594361638,85.60108192962268,83.0290353893927,83.26895141601562,132788497
2025-10-08,Lloyds,84.26858227413025,86.6077064352484,84.22559903348423,86.3478012084961,168075543
2025-10-09,Lloyds,84.46849155997087,84.78837193300582,82.7891176949,83.46886444091797,333028579
2025-10-10,Lloyds,83.58882763936084,84.28856361559633,82.86909484863281,82.86909484863281,72798782
2025-10-13,Lloyds,82.98904610363654,84.4085225121037,82.98904610363654,83.6488037109375,108901859
2025-10-14,Lloyds,83.46886621560373,84.16860216319843,82.9890418325746,84.14861297607422,87298233
2025-10-15,Lloyds,84.16860392408145,85.28818909020555,83.78874834837595,84.82836151123047,105188882
2025-10-16,Lloyds,84.26857601523672,85.0482840110314,83.76876241520934,84.4485092163086,65744751
2025-10-17,Lloyds,82.1693552140387,84.00867328211957,81.789499612388,82.40927124023438,125348100
2025-10-20,Lloyds,83.4488795734437,83.85772366960342,82.74913597795887,82.96905517578125,65265746
2025-10-21,Lloyds,83.46886581639286,83.74876019409207,82.88908024741602,83.30892181396484,90882361
2025-10-22,Lloyds,83.56883239926822,84.70840679720662,83.54884321094924,84.4485092163086,225710283
2025-10-23,Lloyds,83.82873675439438,86.50773792836463,83.49086532673206,85.42813873291016,262060724
2025-10-24,Lloyds,85.46812888434012,85.82799530029297,83.9426967423229,85.82799530029297,189509936
2025-10-27,Lloyds,85.56808814856802,87.8072509765625,85.38915402276326,87.8072509765625,194368221
2025-10-28,Lloyds,87.74727561214823,87.8272476196289,86.1278844066916,87.8272476196289,100561949
2025-10-29,Lloyds,87.96719618809342,88.90684822423513,87.72728778846914,88.54698181152344,150424830
2025-10-30,Lloyds,89.02679651653938,89.10676852338308,87.8472361085209,88.7868881225586,139509667
2025-10-31,Lloyds,88.62695708461068,89.22673191903795,88.24709384245114,89.04679870605469,85541900
2025-11-03,Lloyds,89.26671513238071,89.5066235333365,88.72691551031726,89.3666763305664,110062034
2025-11-04,Lloyds,88.96682063053468,89.00680663364456,87.36741863889131,88.86685943603516,325730720
2025-11-05,Lloyds,88.48699810477274,89.526611328125,88.38703690814376,89.526611328125,195068630
2025-11-06,Lloyds,91.20597925634372,91.984688136985,90.52623248759903,91.10601806640625,196133174
2025-11-07,Lloyds,91.44589996492147,92.04567476192824,90.3463039394337,90.56622314453125,125847700
2025-11-10,Lloyds,91.7058002770376,92.92534672230438,91.26396369750383,92.88536071777344,106639986
2025-11-11,Lloyds,93.20524158549449,95.08454567493116,93.20524158549449,94.58473205566406,153595500
2025-11-12,Lloyds,94.48475856007515,95.82526203738148,94.48475856007515,95.12452697753906,188622617
2025-11-13,Lloyds,95.44440876833696,95.70430635019193,94.08491516113281,94.08491516113281,80264328
2025-11-14,Lloyds,90.24634257044205,91.74578337334452,90.08640618393862,91.46588897705078,150556292
2025-11-17,Lloyds,91.42590873477216,91.94571918340114,90.54623948719724,90.80613708496094,226193713
2025-11-18,Lloyds,88.2870798482864,89.10677390153218,87.86723822684239,89.04679870605469,111242007
2025-11-19,Lloyds,88.8468661369184,89.0867821650712,87.40740810075444,87.58734130859375,119681922
2025-11-20,Lloyds,88.44701538205868,88.66692695321824,87.38740539550781,87.38740539550781,84605418
2025-11-21,Lloyds,86.0679003991416,87.28744680345272,85.78800600337517,87.0875244140625,90232708
2025-11-24,Lloyds,87.92721301023182,88.12714303847109,86.98756094388413,87.34742736816406,322917616
2025-11-25,Lloyds,89.1067676606478,90.66618364625003,88.68692606860878,90.64619445800781,105398180
2025-11-26,Lloyds,90.80612682597398,95.26447063521069,89.78151509642477,93.76502990722656,237528005
2025-11-27,Lloyds,93.60509208188734,96.5639877319336,93.3851728736828,96.5639877319336,255834317
2025-11-28,Lloyds,96.56398408184583,96.90386128891932,95.88423729424898,96.10415649414062,110022728
2025-12-01,Lloyds,95.46439361572266,95.80426318879381,94.40479126844204,95.46439361572266,303224784
2025-12-02,Lloyds,95.62433684649417,97.70355552268045,95.20448764724269,97.32369995117188,99174451
2025-12-03,Lloyds,96.78390485256298,97.0438100590669,95.50438326139025,95.92422485351562,81719120
2025-12-04,Lloyds,96.62396743339474,97.2857155663186,95.8842378248385,96.9238510131836,115038191
2025-12-05,Lloyds,97.16376220209357,97.42366741330655,95.72430419921875,95.72430419921875,88627417
2025-12-08,Lloyds,95.72430471866588,95.96421311602181,94.98457508478022,95.66432189941406,180313050
2025-12-09,Lloyds,95.50438220178246,96.16413217829533,94.28483581542969,94.28483581542969,198866911
2025-12-10,Lloyds,93.80501450532432,95.50438535237902,93.6990588401635,94.80464172363281,281700134
2025-12-11,Lloyds,93.6850625777809,95.064545370778,93.04530177871989,94.98457336425781,85150003
2025-12-12,Lloyds,95.2844682830311,95.96421511180172,93.68506622314453,93.68506622314453,111083279
2025-12-15,Lloyds,94.16488588852172,95.62434841571606,94.16488588852172,95.10453796386719,101837649
2025-12-16,Lloyds,94.96458417590291,95.064545370778,93.9849461624062,94.98457336425781,131272370
2025-12-17,Lloyds,95.54436943835258,96.92385222636858,95.33944403234086,95.90423583984375,161980289
2025-12-18,Lloyds,96.10415476661161,96.3040771484375,95.04155518099256,96.3040771484375,70326403
2025-12-19,Lloyds,96.84387504817335,97.38367462158203,96.12414991017832,97.38367462158203,331404971
2025-12-22,Lloyds,97.12377998777379,97.30370555779315,96.21311651967856,97.04380798339844,54035416
2025-12-23,Lloyds,97.34369537825383,97.93747571287892,96.30408216024621,97.483642578125,131618177
2025-12-24,Lloyds,97.54362994096286,97.99345915771052,96.94385510978239,96.9638442993164,24322694
2025-12-29,Lloyds,96.96383442723808,97.84350358163854,96.51400525628841,97.22373962402344,47048532
2025-12-30,Lloyds,97.16376267715147,98.58323912490836,97.0638014805194,98.30333709716797,38062581
2025-12-31,Lloyds,98.50326798912137,98.68320119527237,97.96346837066837,98.20337677001953,27897581
2026-01-02,Lloyds,98.20337571218325,100.18763634905321,98.16338970829703,99.2030029296875,132175167
2026-01-05,Lloyds,99.86275430338733,100.28459403417503,97.86349999351592,99.9227294921875,132608434
2026-01-06,Lloyds,100.46253377889605,101.71206778112112,99.80277616497706,100.26261138916016,120174189
2026-01-07,Lloyds,100.26260822575628,100.51251501831644,98.52325145842151,98.86312866210938,94973475
2026-01-08,Lloyds,98.80314733629307,100.4635312027422,98.26835075795292,100.01270294189453,152869111
2026-01-09,Lloyds,100.26261138916016,100.46253377889605,99.42192149576859,100.26261138916016,54519625
2026-01-12,Lloyds,100.01270613226104,101.16227133080967,99.28297490801715,100.96234893798828,70742254
2026-01-13,Lloyds,101.16227210336598,101.56212451861278,100.6624584909451,101.31221771240234,287130200
2026-01-14,Lloyds,101.46216254659218,102.81165776451263,100.81240333009703,100.96234893798828,106333877
2026-01-15,Lloyds,101.41217535956633,102.61173256331533,101.26223738232915,102.16189575195312,450477104
2026-01-16,Lloyds,102.21188867046851,102.29785515165398,101.06231578113841,102.06194305419922,182061276
2026-01-19,Lloyds,100.9623453220477,102.2618637084961,100.06968050651061,102.2618637084961,210707596
2026-01-20,Lloyds,101.91198723188586,102.36182403564453,101.1622668521715,102.36182403564453,218968670
2026-01-21,Lloyds,102.11191826318563,102.11191826318563,100.21262509027929,101.36219787597656,96371059
2026-01-22,Lloyds,102.91161877070572,103.51140120116212,100.41255073230538,101.86201477050781,206313045
2026-01-23,Lloyds,102.11191992283851,102.31184231205691,101.31221511286428,101.61210632324219,92585999
2026-01-26,Lloyds,101.96197406065117,103.561376050018,101.66208285102914,102.96160125732422,85482133
2026-01-27,Lloyds,103.9112436228914,105.21076202392578,103.21150763867304,105.21076202392578,111204857
2026-01-28,Lloyds,105.21076472524251,105.46067152981553,103.8112850943235,104.46104431152344,181089543
2026-01-29,Lloyds,104.91086909012952,107.06006904424004,103.2115059412329,105.41068267822266,213085093
2026-01-30,Lloyds,106.36033332240048,108.90937805175781,105.66058972148954,108.90937805175781,158372522
2026-02-02,Lloyds,107.90975210091565,111.408447265625,106.66021811351945,111.408447265625,270945497
2026-02-03,Lloyds,111.9082623380755,113.5586478266164,111.30848754151673,112.55802154541016,158690388
2026-02-04,Lloyds,113.40770411177762,114.55727693049235,112.00823211669922,112.00823211669922,165261509
2026-02-05,Lloyds,110.55876498767746,111.60837658114235,105.5606290693688,105.76055908203125,349818456
2026-02-06,Lloyds,105.96048466774005,107.35996429243538,105.66059345296591,106.710205078125,121026827
2026-02-09,Lloyds,106.96010961102193,107.12904532531535,100.7124396571071,105.21076202392578,293309438
2026-02-10,Lloyds,105.9105002244532,106.81016624195361,101.81203017422953,102.76168060302734,329522328
2026-02-11,Lloyds,104.11117747742964,104.56100668008311,101.66208618923152,103.01158905029297,218042089
2026-02-12,Lloyds,104.96085316001097,105.9104959236958,102.31183962637687,102.36182403564453,297147110
2026-02-13,Lloyds,103.71132917196982,103.96123598925168,98.14340558799212,100.36257934570312,485862767
2026-02-16,Lloyds,101.31221346620923,102.31184064915466,101.06230667047286,101.36219787597656,132302732
2026-02-17,Lloyds,101.26223644876055,102.7116928100586,100.56249284638724,102.7116928100586,105445006
2026-02-18,Lloyds,103.11154823481999,105.26074826158859,102.31184341621528,104.56100463867188,371033596
2026-02-19,Lloyds,105.46067032159543,105.81053831867928,101.71206829594631,101.96197509765625,406997141
2026-02-20,Lloyds,103.61136193167587,104.81091153409614,102.46178911386873,104.11117553710938,156634925
2026-02-23,Lloyds,104.76093396608718,105.86052236450816,102.76167955930346,103.76130676269531,136108917
2026-02-24,Lloyds,103.76130957181182,103.81128635740423,100.96235027591861,102.56175231933594,240678629
2026-02-25,Lloyds,103.56137828975048,104.51602411359153,102.51177428647404,104.46104431152344,394306624
2026-02-26,Lloyds,104.81090883963321,105.13178831189876,103.66133605137911,104.86089324951172,158508762
2026-02-27,Lloyds,104.46104302204162,105.06081782030309,101.66208379475434,102.41180419921875,206585507
2026-03-02,Lloyds,99.562871054789,100.16264587032285,98.46128446563895,99.88275146484375,397858960
2026-03-03,Lloyds,98.24335877005585,98.62322198230882,95.42441040628741,96.90386199951172,290600128
2026-03-04,Lloyds,96.46402718697668,98.82314804747652,96.08417158713536,98.24336242675781,223619573
2026-03-05,Lloyds,98.4632783232213,99.54287751997995,96.3640627472241,96.86387634277344,208235062
2026-03-06,Lloyds,97.56361763181047,98.16339245377772,94.45577536643248,95.38442993164062,242372375
2026-03-09,Lloyds,93.5651033764555,95.12452697753906,92.32556779737898,95.12452697753906,220609636
2026-03-10,Lloyds,97.84351119249546,99.28297685398466,97.64358879575553,98.98308563232422,305639713
2026-03-11,Lloyds,98.28334756144885,99.12303838860443,97.68357275722367,98.34332275390625,172123493
2026-03-12,Lloyds,98.10340870345738,98.38330308752774,94.54473846047722,95.46439361572266,166278234
2026-03-13,Lloyds,94.34481222056287,95.92422502409102,93.96495663080495,94.14488983154297,128896609
2026-03-16,Lloyds,94.20486640222161,96.08417044334537,93.86100049819676,94.8646240234375,169978969
2026-03-17,Lloyds,94.92460313429363,97.06380484794681,94.6247195339936,96.16413879394531,127819237
2026-03-18,Lloyds,96.66394945146004,98.30333748770013,96.10416064685624,96.50401306152344,142687818
2026-03-19,Lloyds,95.20448901404062,95.36443302110882,91.58584355944781,92.74540710449219,204305277
2026-03-20,Lloyds,94.30483305777211,94.70468549136517,90.74616241455078,90.74616241455078,320796400
2026-03-23,Lloyds,88.88684646823926,94.08491234818166,87.58333177936716,92.64544677734375,484030756
2026-03-24,Lloyds,92.74541108878174,93.72504910778409,88.88684945782504,93.16525268554688,269225011
2026-03-25,Lloyds,94.20486999460218,96.02419128627896,94.20486999460218,95.32445526123047,146150315
2026-03-26,Lloyds,94.34480530351948,94.80463286579246,92.28557586669922,92.28557586669922,136235560
2026-03-27,Lloyds,92.64545098259677,93.04530339559584,90.2263549424506,90.40628814697266,184502356
2026-03-30,Lloyds,89.7465308454423,91.8257572993011,89.47463669473797,91.2459716796875,192654015
2026-03-31,Lloyds,91.16599810543892,93.22523533514975,90.02642370111221,92.30557250976562,177706237
2026-04-01,Lloyds,95.96421103233911,97.66357421875,94.4647702349588,97.66357421875,271379348
2026-04-02,Lloyds,95.74428979604278,98.32332974316184,95.42440940445398,97.90348815917969,538057257
2026-04-07,Lloyds,98.36331578263396,98.69818997188091,95.6943130493164,95.6943130493164,177714148
2026-04-08,Lloyds,103.50140067977581,105.21276042411212,101.72206549302201,102.10192108154297,400162167
2026-04-09,Lloyds,100.526431390823,101.06635942435615,99.5665618739968,100.6064224243164,130290302
2026-04-10,Lloyds,100.90637700076091,101.86624651419488,100.64841621694889,100.88638305664062,147792950
2026-04-13,Lloyds,100.04649818482754,100.64642333984375,99.05663388443514,100.64642333984375,371164805
2026-04-14,Lloyds,101.20634069037398,102.98609924316406,100.46644269583128,102.98609924316406,134499764
2026-04-15,Lloyds,102.64614843425355,103.66600741625042,102.59615213102147,103.26605987548828,184197318
2026-04-16,Lloyds,103.64601785706574,105.02582892128956,102.84612274169922,102.84612274169922,87423412
2026-04-17,Lloyds,103.12608349204567,105.34578518482705,101.76626637625824,105.10581970214844,122946430
2026-04-20,Lloyds,103.52602811340135,103.78499584633819,102.22620049804729,102.76612854003906,164941696
2026-04-21,Lloyds,102.96610451381763,103.32604890780824,100.6064224243164,100.6064224243164,249510693
2026-04-22,Lloyds,101.24634030135218,103.00609735259033,100.14448397719319,100.24647521972656,149549392
2026-04-23,Lloyds,99.25660020178951,99.67654932053628,98.10676149646282,98.86665344238281,105076459
2026-04-24,Lloyds,97.9867777445786,98.64669235835125,96.94691714698742,97.75680541992188,126546373
2026-04-27,Lloyds,97.93677550136971,98.69167847241847,97.3068632859862,97.4868392944336,368096376
2026-04-28,Lloyds,98.13676015297646,98.66169085113383,96.69695198165694,98.55670166015625,116713493
2026-04-29,Lloyds,98.04676156057165,99.43657333009332,96.29699777306517,97.03690338134766,230506680
2026-04-30,Lloyds,97.51683959412692,99.67655181884766,96.36699323161533,99.67655181884766,326409592
2026-05-01,Lloyds,98.71667733102623,99.26659851807099,97.68680994686254,98.22673797607422,392552213
2026-05-05,Lloyds,97.17688358001585,97.43984856807214,93.4743804875641,94.88719177246094,254011089
2026-05-06,Lloyds,96.13702803778091,100.24647408710122,96.13702803778091,99.44657897949219,208957934
2026-05-07,Lloyds,99.80652828379577,100.26646528815665,97.95677947998047,97.95677947998047,163570389
2026-05-08,Lloyds,97.21688399727886,100.08649186262177,96.75693935266308,98.9366455078125,154902984
2026-05-11,Lloyds,98.96664949344982,100.08649350676392,98.06676939106157,98.32672882080078,143750152
2026-05-12,Lloyds,96.8469273804088,98.28673546415538,93.90732175221447,94.04730224609375,430174656
2026-05-13,Lloyds,95.70708716415315,96.26700917071966,93.20742445145949,95.04717254638672,130769782
2026-05-14,Lloyds,95.44711432123185,96.58695983886719,95.38712486083992,96.58695983886719,125794431
2026-05-15,Lloyds,94.70721682726587,95.00717175913654,93.2874103159962,94.04730224609375,312591198
2026-05-18,Lloyds,93.46738539185142,95.70708089988909,93.32739727100714,95.22714233398438,113148046
2026-05-19,Lloyds,95.64709715235551,96.86692614133729,95.60710163377763,96.2870101928711,253517435
2026-05-20,Lloyds,95.6670907767956,100.13648888705313,95.40712372109341,99.84652709960938,142214573
2026-05-21,Lloyds,99.14661924055736,99.8365209184314,97.62682013527262,98.50669860839844,115922191
2026-05-22,Lloyds,99.30659449304302,100.1864729733963,98.56669650664675,99.58655548095703,87415656
2026-05-26,Lloyds,101.18634266260291,101.83625648782206,84.62857944139719,101.4863052368164,125740938
2026-05-27,Lloyds,101.43630773548091,102.36118597142837,101.21133962165628,101.98623657226562,114692992
2026-05-28,Lloyds,101.43630748062002,101.73627005054257,100.23647245765987,101.1363525390625,118880616
2026-05-29,Lloyds,101.13635454561421,102.23620460987627,100.98637325767729,101.8862533569336,261739739
2026-06-01,Lloyds,101.63628064627584,101.63628064627584,99.2466038625633,100.08648681640625,189165876
2026-06-02,Lloyds,101.03636316090734,101.48629936784253,99.10662337025614,100.08648681640625,271000478
2026-06-03,Lloyds,99.94651225617864,100.78640288823594,98.88665771484375,98.88665771484375,158041376
2026-06-04,Lloyds,99.4265804519015,100.98636744864545,98.84665690703244,100.48643493652344,66317235
2026-06-05,Lloyds,100.38645222621388,101.03636603231865,99.14662170410156,99.14662170410156,149365664
2026-06-08,Lloyds,98.42671940146927,100.661418431146,97.98677633196324,99.046630859375,200022948
2026-06-09,Lloyds,99.2466041001421,100.78639714757153,97.92678257782612,98.166748046875,142096164
2026-06-10,Lloyds,98.52670018605187,98.6866746228267,96.38698964918093,97.20687866210938,146610619
2026-06-11,Lloyds,97.40685338822345,98.74667655014373,96.82692981622267,98.14675903320312,193790160
2026-06-12,Lloyds,100.78640297519375,102.53616686276055,99.82652578676719,102.33618927001953,137096021
2026-06-15,Lloyds,104.73586157640011,105.03582413584073,102.08621772922396,102.63614654541016,122036349
2026-06-16,Lloyds,102.83612228887453,104.6858711672551,102.63615232356618,104.03596496582031,104141542
2026-06-17,Lloyds,104.73586706984673,105.83571713154203,103.88598327800788,105.78572845458984,105409865
2026-06-18,Lloyds,105.83571272304285,106.08567898248714,104.5358927509514,106.03569030761719,143177282
2026-06-19,Lloyds,104.98583045016986,105.18580040920514,103.98596539826347,105.0858154296875,272953521
2026-06-22,Lloyds,105.03583057378678,109.18526458740234,104.22093808577236,109.18526458740234,223116460
2026-06-23,Lloyds,107.53548838576809,109.92516522737495,104.06695478311798,109.03528594970703,129195238
2026-06-24,Lloyds,108.43536085271754,109.03528598115807,107.53548841678652,107.73545837402344,177262180
2026-06-25,Lloyds,107.38550478908483,110.33510354990901,107.38550478908483,110.03514862060547,197719671
2026-06-26,Lloyds,109.28525719892123,110.13514099827506,108.13541082174122,109.18526458740234,193811050
2026-06-29,Lloyds,108.73532779117674,109.88517416245763,108.28439223927022,108.78532409667969,106141480
2026-06-30,Lloyds,109.98515667281207,112.10487334762676,109.18526157293653,111.08500671386719,157247918
2026-07-01,Lloyds,110.98501849524396,112.18485348168446,110.23511972162744,112.1348648071289,176089442
2026-07-02,Lloyds,111.43495638775879,114.98448035439253,111.28498273346673,114.63452911376953,247137631
2026-07-03,Lloyds,114.98448092996249,115.43441715182071,113.28471339364816,115.03447723388672,134138615
2026-07-06,Lloyds,115.18445322283065,115.98434833163626,114.18458815100621,115.33443450927734,135372893
2026-07-07,Lloyds,115.7343779684527,115.7343779684527,113.83463287353516,113.83463287353516,84064881
2026-07-08,Lloyds,113.68465739157581,113.98461996915653,110.48509216308594,110.48509216308594,117518740
2026-07-09,Lloyds,111.83490254544583,112.50281165594362,111.5849362869051,111.68492126464844,92279275
2026-07-10,Lloyds,111.88489854925673,113.03474486114169,111.58493598846421,112.1348648071289,104607880
2026-07-13,Lloyds,111.88489945635814,112.63479823605442,110.38510189696558,110.78504943847656,90678286
2026-07-14,Lloyds,110.13513821076063,112.48481958304455,109.08527684330619,111.93489074707031,131358848
2026-07-15,Lloyds,111.68492241794657,112.83476874478058,110.93502363458069,112.48481750488281,93655434
2026-07-16,Lloyds,112.48482248298896,113.20972314665073,111.03502115566542,112.63480377197266,149375768
2026-07-17,Lloyds,111.38496985307982,111.48495483398438,108.93529586491046,111.48495483398438,131512154
2026-07-20,Lloyds,110.68506180504183,112.4348257029522,110.23512556835381,110.93502807617188,223925928
2026-07-21,Lloyds,111.1350032172765,113.2347183227539,110.28412012404466,113.2347183227539,125532585
2026-07-22,Lloyds,113.33470555041278,115.53441330844106,113.13473558530347,114.83450317382812,122777033
2026-07-23,Lloyds,114.78451105817356,114.78451105817356,112.3348371029601,112.43482208251953,178840138
2026-07-24,Lloyds,112.43481884968142,114.13459396677806,112.08486761710307,113.48468017578125,80805596
2026-07-27,Lloyds,115.03447577303375,115.4344156858888,113.93461812758778,114.68451690673828,170584786
2026-07-28,Lloyds,115.13445929203195,115.13445929203195,112.08486791079117,113.03474426269531,118337711
2026-07-29,Lloyds,113.48467988779892,113.78464244545617,111.33496856689453,111.33496856689453,82994855
2026-07-30,Lloyds,109.4852203489836,116.18431297195907,107.58547527387623,115.63439178466797,180358508
2026-07-31,Lloyds,116.98420954747913,117.68411202334032,113.83463314937401,114.68451690673828,171072558
2026-08-03,Lloyds,116.18431910540397,116.73424795009093,115.03448036747422,116.58426666259766,111049507
2026-08-04,Lloyds,117.08419888186243,117.88409399406271,115.58440126776078,117.03421020507812,186249486
2026-08-05,Lloyds,117.33416426517692,117.43414924635594,115.88436296716861,117.08419799804688,275724367
2026-08-06,Lloyds,115.94999694824219,117.0999984741211,114.69999694824219,114.69999694824219,103069655
2026-08-07,Lloyds,114.4000015258789,116.25,113.9000015258789,115.1500015258789,212351175
2026-08-10,Lloyds,114.9000015258789,115.05000305175781,114.3499984741211,114.6500015258789,125890758
2026-08-11,Lloyds,114.19999694824219,114.5,112.96900177001953,113.80000305175781,167448882
2026-08-12,Lloyds,114.0999984741211,115.19999694824219,113.9000015258789,115.19999694824219,76063752
2026-08-13,Lloyds,115.9000015258789,116.55000305175781,114.94999694824219,115.30000305175781,178883815
2026-08-14,Lloyds,115.5,115.80000305175781,114.19999694824219,115.19999694824219,89453469
2026-08-17,Lloyds,115.55000305175781,116.05000305175781,114.55000305175781,114.69999694824219,76457161
2026-08-18,Lloyds,114.5,114.6500015258789,112.69999694824219,112.75,205098198
2026-08-19,Lloyds,112.44999694824219,112.9000015258789,110.3499984741211,110.3499984741211,115206024
2026-08-20,Lloyds,110.25,110.8479995727539,109.30000305175781,109.75,86253702
2026-08-21,Lloyds,109.8499984741211,111.63899993896484,109.5,111.25,92666524
2026-08-24,Lloyds,111.1500015258789,111.94999694824219,110.8499984741211,111.5999984741211,73937357
,,BARC.L,BARC.L,BARC.L,BARC.L,BARC.L
2015-01-02,Barclays,241.40728411427705,244.79616514846484,240.75941762700091,242.3541717529297,20219711
2015-01-05,Barclays,241.50693925697442,242.35414802594218,233.43344500445886,233.9318084716797,39050852
2015-01-06,Barclays,233.28394067104827,235.078052184224,229.49637530075412,229.59605407714844,37573308
2015-01-07,Barclays,231.34032045825677,232.69586965579464,229.3966908287473,229.84523010253906,37219841
2015-01-08,Barclays,233.53315522432356,237.56990289408867,230.7921557855612,236.27415466308594,41082776
2015-01-09,Barclays,234.6295039785433,234.6295039785433,227.5527521801429,230.24391174316406,46867721
2015-01-12,Barclays,230.59279971797284,233.00785818981032,227.45310051292185,230.6426239013672,34490093
2015-01-13,Barclays,229.496366770994,234.13114073299383,228.8983245525477,232.23736572265625,25844745
2015-01-14,Barclays,230.24389482923297,232.05694115350252,222.17040152441047,222.8182830810547,60864512
2015-01-15,Barclays,226.75536388781768,228.49963591772396,218.82541120330615,227.20388793945312,56132853
2015-01-16,Barclays,226.0576700678636,226.3995497155427,222.61896521174907,223.61569213867188,43987461
2015-01-19,Barclays,223.41636353873284,229.5462440589868,222.31997290234403,229.24722290039062,55228983
2015-01-20,Barclays,230.64260621077116,237.00372126891884,229.89506101102728,234.48001098632812,50977535
2015-01-21,Barclays,234.48000243922556,237.2210014050401,233.48327554256574,237.12132263183594,28672971
2015-01-22,Barclays,237.71942142356608,242.63229031801532,235.92530954086368,242.60337829589844,65363101
2015-01-23,Barclays,243.40073817832368,245.36131071400064,240.28497762816107,242.3541717529297,43954371
2015-01-26,Barclays,239.56333616483272,240.958747855847,238.41709101042755,239.96202087402344,30093855
2015-01-27,Barclays,240.11146471526948,240.7095068406468,236.92194220055748,238.6662139892578,24688504
2015-01-28,Barclays,240.95873927874408,242.2046479616745,234.43017473841942,236.0747833251953,29917309
2015-01-29,Barclays,234.13114828657424,236.8223231475603,232.93507901993928,235.7757568359375,27623329
2015-01-30,Barclays,236.97179802302392,238.5665669954652,233.38357543945312,233.38357543945312,30434587
2015-02-02,Barclays,235.77578511210734,237.17119688905643,232.48658282775858,235.0780792236328,37110013
2015-02-03,Barclays,239.16467534846197,248.03555606232356,238.0184452155034,247.63685607910156,66603907
2015-02-04,Barclays,247.935791015625,249.18169951319098,244.24790490459858,247.935791015625,45978031
2015-02-05,Barclays,245.24465775248783,248.03549612524662,243.3010433316034,247.98565673828125,26413977
2015-02-06,Barclays,247.23814802577337,256.7568944039559,246.1417421862076,254.61392211914062,50807751
2015-02-09,Barclays,252.570611954883,254.28498358605833,248.58370401426072,252.81979370117188,31406863
2015-02-10,Barclays,252.47092511075724,253.60320844324846,247.58695420835548,252.37124633789062,52510700
2015-02-11,Barclays,252.17184381371,253.6170944222574,248.2846159412251,250.1783905029297,34724177
2015-02-12,Barclays,250.77649512991422,255.85980842385197,250.22829229094518,252.52076721191406,41779731
2015-02-13,Barclays,254.8630810494162,259.39819176664463,253.7666905169208,255.6106414794922,41448524
2015-02-16,Barclays,253.46762551714068,258.3146992540492,253.46762551714068,257.952880859375,18762501
2015-02-17,Barclays,255.76009802374458,257.25518819486814,253.38887199357237,256.70697021484375,26978599
2015-02-18,Barclays,259.4480396838506,262.8449054338942,257.35493720706995,259.4978942871094,47455508
2015-02-19,Barclays,258.25199643557795,261.4485009597323,256.60740281212827,259.5477294921875,36082492
2015-02-20,Barclays,258.2519653470649,263.35121787521797,257.1057354091715,260.64410400390625,39275392
2015-02-23,Barclays,263.13585366609743,263.3850353457055,259.49780722735704,261.9896240234375,39601203
2015-02-24,Barclays,261.9398407381959,263.8336463528685,260.24542310624383,263.13592529296875,26668647
2015-02-25,Barclays,262.08931381714825,269.0554203550977,261.6407746078886,262.0394592285156,25320216
2015-02-26,Barclays,262.33850149226856,264.08277336278184,259.64732701068743,261.2420959472656,23202372
2015-02-27,Barclays,260.1457605808627,262.8369357884327,255.16212532069295,256.0591735839844,41803803
2015-03-02,Barclays,254.16535091672367,263.1358927137845,253.37693960043637,261.8899841308594,44514567
2015-03-03,Barclays,256.65717437591525,262.20295817272756,252.57058804017805,253.4676513671875,66495839
2015-03-04,Barclays,254.2151446339138,261.54107666015625,252.0721731309448,261.54107666015625,48202782
2015-03-05,Barclays,261.34184391931035,265.12939453125,261.1534367132008,265.12939453125,59603687
2015-03-06,Barclays,265.12935629790684,267.292267062016,263.58444176475115,264.13262939453125,36330501
2015-03-09,Barclays,262.8866386451729,263.9830439799308,259.1987380876277,261.840087890625,40265273
2015-03-10,Barclays,258.5892388035216,260.1344125293768,253.50518798828125,253.50518798828125,41894665
2015-03-11,Barclays,251.36188937131425,263.15590479696607,249.71705259435316,254.20298767089844,39519142
2015-03-12,Barclays,254.20296599682283,257.0440640541668,251.21234286744843,253.70452880859375,35839890
2015-03-13,Barclays,255.199875,255.59861872024834,247.37440399856865,249.2186279296875,38870903
2015-03-16,Barclays,250.81366281240545,255.91665211421036,250.61427571766882,251.06288146972656,29822569
2015-03-17,Barclays,251.96003283691405,253.90393509254605,238.03669127760082,249.2186279296875,35199431
2015-03-18,Barclays,250.5145580582099,252.50830700382065,249.41799005368506,251.561279296875,37933134
2015-03-19,Barclays,252.4086314283622,253.9288742341983,251.31207855692628,252.0098876953125,44500418
2015-03-20,Barclays,252.25910746188336,254.5020751953125,250.31520513513115,254.5020751953125,61802208
2015-03-23,Barclays,255.05032785709045,257.1437702351487,245.76742152440374,256.34625244140625,27104068
2015-03-24,Barclays,256.39614923052454,259.0876922916169,256.04723704977255,257.6422424316406,36456067
2015-03-25,Barclays,257.6422481890961,259.18739162413004,249.86063022515182,251.11270141601562,41860488
2015-03-26,Barclays,249.36815302200614,250.99107068983466,245.67972037086636,249.2186279296875,40638745
2015-03-27,Barclays,250.16565905990862,252.4664441255229,242.3900347210299,243.48660278320312,45277658
2015-03-30,Barclays,246.62676898900477,248.171927655169,244.2342760428209,247.02552795410156,34875856
2015-03-31,Barclays,247.72333561271708,247.72333561271708,241.2436507777768,241.84178161621094,46741243
2015-04-01,Barclays,242.63925927801805,251.361911586652,242.63925927801805,248.5208282470703,49780346
2015-04-02,Barclays,249.86657454402086,254.71138497434512,249.16876547197765,253.95376586914062,38046988
2015-04-07,Barclays,256.3962074075717,258.19056985544603,255.19994549418604,257.1936950683594,35822684
2015-04-08,Barclays,257.1936509367299,257.2933444827731,254.90083627763215,255.15005493164062,29089328
2015-04-09,Barclays,257.09393684798806,258.063887740426,255.4989315053406,257.143798828125,28388642
2015-04-10,Barclays,258.68890595456685,259.0876496288252,254.95062696678409,256.2465515136719,44749195
2015-04-13,Barclays,255.1001764211381,259.2371994785441,255.1001764211381,258.63909912109375,28900664
2015-04-14,Barclays,259.1375219344444,263.3243763143862,259.08765995930383,261.33062744140625,50441866
2015-04-15,Barclays,262.47702553035225,262.47702553035225,258.52941130155176,258.83843994140625,36941797
2015-04-16,Barclays,260.63282280200497,261.2807850744666,256.69515677196586,259.5362548828125,34927443
2015-04-17,Barclays,259.8852068822015,260.5331692540861,253.2808977893395,254.5020751953125,41661498
2015-04-20,Barclays,254.75126983904696,257.9243198885131,253.20611139265975,256.4459533691406,26487252
2015-04-21,Barclays,257.8415733707685,258.83844783222304,252.857201063496,254.20298767089844,31108276
2015-04-22,Barclays,254.45220291309738,255.94751458545642,251.561273097642,252.50830078125,34203659
2015-04-23,Barclays,253.80426928776362,260.72057330911457,252.38371999627154,257.6422424316406,38191193
2015-04-24,Barclays,258.19051025157444,264.42097623254875,257.79176651323155,260.9319152832031,51429607
2015-04-27,Barclays,262.42725237082533,263.37429545994195,257.8416228831344,262.9256896972656,34999068
2015-04-28,Barclays,263.67332507934395,264.17176236682855,258.1616138291772,260.5830078125,34098106
2015-04-29,Barclays,259.18736663777423,263.3243896746689,253.15627294879116,256.14691162109375,50518060
2015-04-30,Barclays,257.2933269724662,257.39302051172467,252.00988882483568,254.5020751953125,38686597
2015-05-01,Barclays,253.70457881243848,257.0740197365168,251.21239238009628,253.5550537109375,28669658
2015-05-05,Barclays,254.8509778940147,257.1438076597543,249.4180145263672,249.4180145263672,22382946
2015-05-06,Barclays,249.31829609685903,252.2590725649822,246.87594162278234,248.67031860351562,43993493
2015-05-07,Barclays,246.08944602154176,249.32943257124685,242.30115101337756,248.13311767578125,44742242
2015-05-08,Barclays,261.69124570619255,264.4327730421622,256.50725457421,257.25494384765625,96188190
2015-05-11,Barclays,257.205098963315,262.23952768445474,256.02874185885645,259.9964599609375,45026160
2015-05-12,Barclays,258.25181461189067,258.4242857096677,255.6099857575135,256.6567687988281,38611349
2015-05-13,Barclays,258.4512317082151,261.19275875622895,257.0156660200983,259.4481506347656,42586838
2015-05-14,Barclays,259.49797767582976,262.2395046526812,257.85306757442896,261.2924499511719,24223492
2015-05-15,Barclays,262.18962689241937,264.13363059202845,260.4948528761681,260.8437805175781,37139540
2015-05-18,Barclays,260.1958356797532,262.98719646015405,258.00260190690204,260.3453674316406,23762274
2015-05-19,Barclays,260.74405269629085,263.7348085540508,260.7291147372438,261.8905334472656,34247039
2015-05-20,Barclays,261.1928133376039,271.31454840408804,261.1928133376039,270.71337890625,89154839
2015-05-21,Barclays,270.1152677222046,272.55770149281267,269.3177141130506,270.2149353027344,41727032
2015-05-22,Barclays,270.8629001501945,271.46102720181386,269.1182919280143,269.3176574707031,29614695
2015-05-26,Barclays,268.42049747340025,269.5669484809609,262.6383782209274,264.0838928222656,42622520
2015-05-27,Barclays,264.831435861507,269.7163312092714,263.1865261577298,268.42034912109375,36448458
2015-05-28,Barclays,267.8221856086794,271.1120353632261,266.37667183989237,270.2646484375,36484250
2015-05-29,Barclays,269.3177447019628,271.16205150462963,267.1245404806954,269.168212890625,39224439
2015-06-01,Barclays,269.1680763672626,270.81298630479745,264.9810052321306,265.57916259765625,29111023
2015-06-02,Barclays,266.42655593758747,268.2209976528742,261.94042122582266,266.8253173828125,33553754
2015-06-03,Barclays,266.4265987575565,272.5078106511393,266.22720279112315,270.36444091796875,31894286
2015-06-04,Barclays,269.81606750343724,270.11516139797374,264.77166080243825,265.57916259765625,38019254
2015-06-05,Barclays,264.98103839858925,266.67581274244776,262.38907352946626,264.63214111328125,40717019
2015-06-08,Barclays,264.6819342110903,265.34787522123787,261.1428847366318,261.1927185058594,31704736
2015-06-09,Barclays,262.5386744541245,264.5823466217325,259.6476148913281,260.74420166015625,35781703
2015-06-10,Barclays,260.8936542205517,267.1742303007401,258.0524296419726,266.32684326171875,46584538
2015-06-11,Barclays,266.2271618517471,270.5139310824386,265.1804092478198,267.92193603515625,33185579
2015-06-12,Barclays,267.32386715249373,269.766331268332,265.6789566202321,268.8691101074219,31896396
2015-06-15,Barclays,266.5262354034214,267.77636933249096,263.385947407884,264.1336364746094,39522320
2015-06-16,Barclays,262.43897644630925,263.784823435874,260.64453407592913,262.8377380371094,28754554
2015-06-17,Barclays,262.68815508942674,263.68507408407356,259.84692986997277,261.09307861328125,35525683
2015-06-18,Barclays,260.04637648213463,266.67588300291584,257.4045467165372,260.74420166015625,30685643
2015-06-19,Barclays,260.1460145446818,265.6789025982258,259.12913773533376,264.93121337890625,68268596
2015-06-22,Barclays,268.1711225651745,272.10896348601364,266.22711898682746,271.6105041503906,40009875
2015-06-23,Barclays,272.15879725015856,273.22051806891903,271.16187857891254,271.6105041503906,29674041
2015-06-24,Barclays,270.9127981231996,275.7667858809243,270.61373452652634,273.6044921875,51287874
2015-06-25,Barclays,273.0062281258716,275.747754912847,271.1619222026513,272.05914306640625,40061655
2015-06-26,Barclays,270.61364334654013,275.3111003043332,268.8690352987967,271.5108642578125,31441420
2015-06-29,Barclays,262.68807149001077,268.2708221680556,261.0780575615737,263.4357604980469,54158099
2015-06-30,Barclays,261.6912256046815,264.48258650837727,259.6973876953125,259.6973876953125,48682385
2015-07-01,Barclays,261.9902832517404,266.6259806260016,260.84383256424996,265.7287292480469,37900544
2015-07-02,Barclays,265.87825649219275,266.7754773287075,264.43271206080146,265.57916259765625,15356017
2015-07-03,Barclays,264.6819933298872,265.3020861939061,260.54478558288776,262.1398620605469,20630344
2015-07-06,Barclays,258.40135532026187,260.39519284457396,256.1084239131753,258.0025634765625,33628335
2015-07-07,Barclays,258.85001577018437,258.85001577018437,251.024210641287,251.3731231689453,39396892
2015-07-08,Barclays,258.2019763246207,261.4668794000004,256.48128128536877,256.5072021484375,87780445
2015-07-09,Barclays,257.20507894780206,261.6413802696166,255.70970058182644,260.3453674316406,34329384
2015-07-10,Barclays,262.1896924014699,269.6167509906286,261.44200316458364,267.22412109375,45805231
2015-07-13,Barclays,271.21177941749585,274.459767294241,270.01549497026895,272.8567199707031,53933584
2015-07-14,Barclays,273.40504986306894,275.1795645577266,271.6115812936231,275.149658203125,32793529
2015-07-15,Barclays,274.15267756775165,277.1932678222656,272.5725697447274,277.1932678222656,33663508
2015-07-16,Barclays,278.09057628685343,280.3834778921945,277.8911803109305,279.1373291015625,39786031
2015-07-17,Barclays,279.08743725508583,279.7354284066887,277.49236105022237,279.2369689941406,34270713
2015-07-20,Barclays,279.23705187020516,281.08135832872296,278.5391963160988,279.9847412109375,22794355
2015-07-21,Barclays,279.984595720544,282.8756535843632,279.3864384740715,282.2774963378906,32384446
2015-07-22,Barclays,280.1341975281195,281.97850348979375,278.7385172194507,280.532958984375,28637984
2015-07-23,Barclays,282.22771289369825,283.87262279710205,279.536020016458,280.8818664550781,28649144
2015-07-24,Barclays,279.93488426820244,282.0284205613151,279.13736112013953,281.2807312011719,35596813
2015-07-27,Barclays,279.23699422893924,280.58284084915357,274.85055708682114,275.9471435546875,41053743
2015-07-28,Barclays,276.44559370872827,279.9846739926722,276.44559370872827,278.738525390625,31760658
2015-07-29,Barclays,282.6264971815205,287.8104874297547,282.47696543703375,283.7231140136719,57312024
2015-07-30,Barclays,285.1188355924812,287.96006084306106,284.96930382635674,286.16558837890625,42573711
2015-07-31,Barclays,286.61420871762385,288.55821291139074,285.46775796746397,288.05975341796875,40987558
2015-08-03,Barclays,286.6640206055254,289.0067861304064,285.51756994291793,287.3120422363281,33963175
2015-08-04,Barclays,285.6671693626339,286.7139527209692,278.98782933282246,281.2807312011719,50299034
2015-08-05,Barclays,281.38033321732325,283.87263023430575,280.2338826742208,281.131103515625,60374911
2015-08-06,Barclays,279.14829551750887,281.7902286579925,278.5002787735789,281.1422119140625,32879931
2015-08-07,Barclays,281.8898153483073,282.3384585240616,280.04543735038243,280.3943786621094,20205652
2015-08-10,Barclays,281.3416097769587,281.9896265071917,277.15437326280096,281.7403869628906,45503931
2015-08-11,Barclays,280.9427831217877,281.1421869136111,277.4534297381082,277.5032958984375,27438960
2015-08-12,Barclays,275.3099549641985,275.45949258432785,268.58048823567503,270.3251647949219,55583256
2015-08-13,Barclays,274.06380575841814,276.7057389291426,273.4157890070706,274.7118225097656,35524505
2015-08-14,Barclays,275.6588955762694,276.2570764798287,271.9203029599547,273.51544189453125,22866367
2015-08-17,Barclays,276.05773837259204,276.3568441078955,271.5445002604312,273.1167297363281,21732772
2015-08-18,Barclays,272.66808527105024,274.3130603221044,271.4218874407438,273.2164001464844,20907881
2015-08-19,Barclays,271.82060317419155,272.16954457269526,266.73611109173066,267.0850524902344,26889552
2015-08-20,Barclays,264.6923862582847,269.2285336268985,263.44618858286907,264.34344482421875,30765978
2015-08-21,Barclays,261.15321905888726,263.89485417606505,256.01885986328125,256.01885986328125,38649169
2015-08-24,Barclays,246.8468611811394,251.08393361312162,236.57818847997797,243.95567321777344,95800341
2015-08-25,Barclays,249.18975422105896,260.0067439586424,248.34234869085836,255.57029724121094,64279552
2015-08-26,Barclays,253.82555680613342,258.01276287582834,250.03711270811849,251.23345947265625,48887274
2015-08-27,Barclays,258.0127193078447,263.5458544858033,257.3148669597759,261.8011779785156,45542709
2015-08-28,Barclays,259.70763210217956,262.648671199917,256.9659968304675,260.6547546386719,43554775
2015-09-01,Barclays,265.0911920256723,265.1410581929169,249.98728065527865,252.37997436523438,43535518
2015-09-02,Barclays,253.2273732091139,258.1124621191431,249.5386310512985,253.02798461914062,28381044
2015-09-03,Barclays,255.57021153954258,258.01274059643174,254.7227910811336,256.5173034667969,27927333
2015-09-04,Barclays,253.82555238792563,254.22432956503874,249.2395387892537,250.1367950439453,31456305
2015-09-07,Barclays,251.48268911489856,253.9252334989114,250.88450814999285,252.23040771484375,18072664
2015-09-08,Barclays,253.77576249926506,259.20918270974374,253.0429974704174,257.7137451171875,29842241
2015-09-09,Barclays,264.1939953031994,265.59971040087794,261.2031198846726,261.70159912109375,34297916
2015-09-10,Barclays,258.01281946830517,260.50521544626315,256.61708380559986,257.8134460449219,32064628
2015-09-11,Barclays,258.2620300221692,258.7605091617022,255.81950049330857,257.66387939453125,18996962
2015-09-14,Barclays,257.6638576353595,259.45837021623475,252.1307213989531,253.72586059570312,26097874
2015-09-15,Barclays,254.2243193075489,260.2060679971383,253.07782356032706,258.86016845703125,43010829
2015-09-16,Barclays,262.698557593936,262.94779721214655,259.4584425571987,261.70159912109375,31479147
2015-09-17,Barclays,262.2000687568209,262.74838372690385,258.26207076338414,259.6578369140625,37409872
2015-09-18,Barclays,257.66385475956895,257.8133924021813,249.4389345312734,252.4796600341797,71056711
2015-09-21,Barclays,251.0340725610167,256.41765585603525,249.6383219827343,254.1246337890625,25774865
2015-09-22,Barclays,254.62311876665345,254.7726716244141,245.8997344970703,245.8997344970703,41528376
2015-09-23,Barclays,246.79700583694824,250.83468959571331,245.3514194871712,247.4450225830078,24949647
2015-09-24,Barclays,248.04317497110696,250.1367778253958,245.15198739274643,245.7003173828125,23852360
2015-09-25,Barclays,250.03715893343644,255.47057893564096,247.4699942070952,254.17453002929688,31433038
2015-09-28,Barclays,253.37688854545675,254.42369756614076,244.45411682128906,244.45411682128906,35400077
2015-09-29,Barclays,240.26695743065997,242.60981559014206,235.9301826120023,238.27304077148438,41888256
2015-09-30,Barclays,242.75934707880586,246.45706506407961,242.26086792669332,243.40736389160156,40715567
2015-10-01,Barclays,246.79700101842414,249.0401569281227,245.00247324819034,246.39820861816406,34456601
2015-10-02,Barclays,247.79396057128906,252.68902892339148,244.00551641592136,247.79396057128906,32907386
2015-10-05,Barclays,252.9282893895234,255.86931300323448,250.78483536911736,255.4207000732422,30445454
2015-10-06,Barclays,256.567219785317,257.1155346701478,253.5763449413259,254.57330322265625,22825541
2015-10-07,Barclays,255.32098733456777,258.610937047229,253.52645962887814,254.9720458984375,34680485
2015-10-08,Barclays,252.2304208323111,255.46055561614108,251.63223983629646,253.97509765625,24812157
2015-10-09,Barclays,255.96905265244064,258.7106880752029,253.72589639745334,256.2182922363281,24011025
2015-10-12,Barclays,256.06871325119835,256.9659695234595,254.52342503797132,255.7696075439453,14712630
2015-10-13,Barclays,256.41766021627103,256.60906231624347,246.82890484612193,250.63528442382812,40728752
2015-10-14,Barclays,247.49487976316226,250.6851430459324,245.05233515037148,245.30157470703125,29455900
2015-10-15,Barclays,244.25476135746126,248.5416847013121,241.05652684463197,247.24563598632812,48316260
2015-10-16,Barclays,249.53866075212736,251.6322640145949,248.34231385752074,250.03713989257812,24683825
2015-10-19,Barclays,250.73501465838467,253.87542724609375,250.53562603910382,253.87542724609375,33340057
2015-10-20,Barclays,254.2243279941265,254.97204660587394,251.18360259721214,251.83163452148438,25404848
2015-10-21,Barclays,252.5295326221034,252.57938357803687,245.35143612658678,247.29550170898438,40003127
2015-10-22,Barclays,246.74713078143142,250.91440835491193,245.50093315122217,249.88754272460938,25943995
2015-10-23,Barclays,252.18052810610396,253.48454785752133,250.10785761566564,250.48570251464844,34709267
2015-10-26,Barclays,251.2334852564343,252.33014544369456,249.58851018791998,250.18667602539062,19325332
2015-10-27,Barclays,249.43894312846015,251.71200664875923,248.72612165348207,250.08697509765625,23323226
2015-10-28,Barclays,250.08698256501665,253.0778573086491,246.39822487796948,252.37997436523438,24344309
2015-10-29,Barclays,245.25168827486993,248.24256252212444,235.13256982327474,236.52830505371094,86342195
2015-10-30,Barclays,233.28824339241817,235.61614772826255,229.99827794312674,231.29432678222656,60170767
2015-11-02,Barclays,229.6991476388963,237.08661105155744,229.05113093773258,235.33197021484375,49312915
2015-11-03,Barclays,235.23229379213976,235.58920654600757,231.04507222471705,232.7897491455078,44068449
2015-11-04,Barclays,232.9891646820507,233.53749482015513,231.39404044037462,231.64328002929688,40623102
2015-11-05,Barclays,230.80684877205368,231.40505835303182,227.10098286244755,227.4668731689453,40421368
2015-11-06,Barclays,228.06508216766207,232.90056649776895,226.02121718649002,231.7041473388672,54794204
2015-11-09,Barclays,234.29638044316792,237.736047666628,233.24952123260988,233.34922790527344,41307714
2015-11-10,Barclays,234.84472161590102,234.86366192708263,228.7131267558149,229.9095458984375,33506822
2015-11-11,Barclays,231.15583884102867,234.19669486077711,228.71316205872048,231.40509033203125,25897944
2015-11-12,Barclays,231.00628208445409,231.45493173198085,224.57559656829355,225.0242462158203,41604332
2015-11-13,Barclays,224.3263187192867,225.87168084641777,222.48185179124283,224.426025390625,40145721
2015-11-16,Barclays,222.33230155175906,224.77496280869838,221.7191374855611,223.7281036376953,25005955
2015-11-17,Barclays,225.87169793486086,228.31435943642907,224.92454533789808,226.7689971923828,32216671
2015-11-18,Barclays,225.32330074063043,227.2176055908203,225.02419597136347,227.2176055908203,21167614
2015-11-19,Barclays,228.81284028277898,230.85670529742416,226.76897526813377,229.26148986816406,28447540
2015-11-20,Barclays,228.81283059277956,229.560584941122,220.6373860935227,221.23558044433594,58492815
2015-11-23,Barclays,219.8398103565354,222.28247187343177,217.48687572333358,219.88966369628906,28477143
2015-11-24,Barclays,218.84278753005037,219.88964673169838,214.75505739527324,219.39114379882812,40258237
2015-11-25,Barclays,220.28845096236037,222.23260942826985,218.04518768328722,220.83680725097656,33440257
2015-11-26,Barclays,221.3851788544314,225.02424456253868,220.58757103518622,224.52574157714844,21186962
2015-11-27,Barclays,223.22962172752395,225.35324922743285,222.43202915370006,223.62843322753906,15829447
2015-11-30,Barclays,222.83079728883035,223.82780309325466,220.83678567998174,222.5316925048828,27498730
2015-12-01,Barclays,227.8158434065302,233.8477320185577,226.32033458766895,232.80087280273438,68770791
2015-12-02,Barclays,233.79785244000226,235.51071066067468,233.00024478351432,234.04710388183594,32691724
2015-12-03,Barclays,234.3960429345192,237.38705999342108,229.61041259765625,229.61041259765625,41233133
2015-12-04,Barclays,229.36121676362112,233.7121490509583,226.6194504618052,228.91256713867188,28696589
2015-12-07,Barclays,231.15580018207007,231.55459641573722,226.3203159800747,227.31732177734375,19533483
2015-12-08,Barclays,226.6693093253947,227.36721044933702,220.9365251000554,221.43502807617188,28836435
2015-12-09,Barclays,221.33531476452,224.5755840121988,218.94250663609074,221.28546142578125,27506177
2015-12-10,Barclays,219.9893341912149,222.73110027215873,216.00131080075116,217.34727478027344,59328192
2015-12-11,Barclays,217.29741626406854,217.6463743876544,208.75507718084702,210.567626953125,48587947
2015-12-14,Barclays,213.20976278892954,214.10706220302464,208.4241304165085,208.47398376464844,42068185
2015-12-15,Barclays,210.51776485931205,215.75204521668311,210.3313283074508,214.15684509277344,31559019
2015-12-16,Barclays,215.65237544307448,216.79892612279198,213.11000739989385,215.10401916503906,25341801
2015-12-17,Barclays,219.19174426883458,220.03919012144206,217.0731068176627,218.09503173828125,29172437
2015-12-18,Barclays,215.40312416612736,221.23559945656032,215.40312416612736,216.948486328125,54977089
2015-12-21,Barclays,215.65238373108534,220.03920369775926,215.10402743197534,215.7520751953125,22814632
2015-12-22,Barclays,217.89561923432748,220.6174407911925,217.0581380188461,218.34426879882812,18438800
2015-12-23,Barclays,220.03921429614076,222.38218440832424,218.7431034939351,221.63442993164062,20864400
2015-12-24,Barclays,222.23259782473966,223.1299122173787,219.8896432056809,221.03619384765625,5576663
2015-12-29,Barclays,221.03614223777393,224.1767190590621,220.6871993996964,221.93345642089844,17024340
2015-12-30,Barclays,222.1329183114003,222.3323164494519,218.443999511586,220.03919982910156,15513552
2015-12-31,Barclays,219.34129569359177,219.34129569359177,216.8986343068973,218.2445831298828,5181681
2016-01-04,Barclays,215.70222363775528,216.35027136073788,212.01328978969423,213.60850524902344,28332220
2016-01-05,Barclays,214.20671826173333,216.94848441712247,211.41509876998938,214.6055145263672,20472926
2016-01-06,Barclays,214.2565133269665,214.2565133269665,209.22164684211023,211.11595153808594,26042785
2016-01-07,Barclays,205.98139889976494,208.22466189024257,200.99637003203685,204.93453979492188,41970431
2016-01-08,Barclays,205.38322638585106,208.0252860769325,199.5507354736328,199.5507354736328,42733252
2016-01-11,Barclays,199.40114027549413,202.7411154603485,198.80293076942775,199.10203552246094,45116284
2016-01-12,Barclays,200.39816147998562,204.33633126246963,199.17184863208976,201.74412536621094,31436248
2016-01-13,Barclays,203.7381747854173,205.18383039028987,199.73618530107092,201.09609985351562,41349239
2016-01-14,Barclays,197.6564190299717,199.55072414854874,191.9435795012836,197.10806274414062,57104764
2016-01-15,Barclays,195.861778711353,198.2546016656808,190.39819140058708,191.2257080078125,49774602
2016-01-18,Barclays,190.72726177851183,197.40719931890422,185.29358180957715,187.0881805419922,37826678
2016-01-19,Barclays,189.4311123103157,193.02033947090987,187.36232820533664,189.33140563964844,35139323
2016-01-20,Barclays,185.3433922066965,185.4430988827348,179.3633496753389,181.5049285888672,52318608
2016-01-21,Barclays,181.45505292582678,186.0412856234782,179.4480797931851,185.59262084960938,65099459
2016-01-22,Barclays,190.37823110071852,192.37224245597739,187.63646548723761,190.1788330078125,50097304
2016-01-25,Barclays,191.37526096337015,191.67436574707818,180.80700857279643,181.30551147460938,48650638
2016-01-26,Barclays,177.9655755465148,183.24971052413028,174.62559927594617,182.4521026611328,60932969
2016-01-27,Barclays,181.95357735924753,181.95357735924753,177.7163022700596,181.25567626953125,40891761
2016-01-28,Barclays,180.45808160749638,183.2038338739754,175.9715547167023,177.86585998535156,36740224
2016-01-29,Barclays,180.80701368411763,185.44308471679688,180.0094059760487,185.44308471679688,57835626
2016-02-01,Barclays,188.33436523805372,188.33436523805372,180.3583198670302,182.2526397705078,38834066
2016-02-02,Barclays,181.80405528923805,182.48998375283085,172.1829379912707,173.22979736328125,45374492
2016-02-03,Barclays,171.78410778019773,172.3823021511327,163.0104534219031,165.1041717529297,73258391
2016-02-04,Barclays,167.19789867829655,175.27365314719597,166.54985088089887,173.1300811767578,80582665
2016-02-05,Barclays,173.92767196023036,174.52588157084654,169.142040714608,172.63156127929688,48965004
2016-02-08,Barclays,177.31751659369712,177.31751659369712,163.11018162183603,163.40927124023438,61112475
2016-02-09,Barclays,162.6615317370236,165.20390021909773,153.83803728090228,155.78219604492188,69827807
2016-02-10,Barclays,156.33056115730278,161.46513654075054,156.03145628155403,158.5239715576172,82269718
2016-02-11,Barclays,156.8290364043077,157.2278326925227,147.30762669541807,147.40733337402344,87421203
2016-02-12,Barclays,150.29863933240273,156.7293243408203,149.84998972029967,156.7293243408203,65583733
2016-02-15,Barclays,161.51496471921172,162.81107550340633,158.92274315082244,160.26870727539062,40965023
2016-02-16,Barclays,161.26568803435887,162.16298716847496,155.13410845399622,160.96658325195312,40946815
2016-02-17,Barclays,161.2158453633238,168.25870538355133,160.5179443002908,167.6465301513672,42633762
2016-02-18,Barclays,168.84296805250935,168.99251286360726,160.25874599409929,161.26571655273438,54745700
2016-02-19,Barclays,160.01944679386602,164.25672186473162,159.869901994253,161.21585083007812,49234427
2016-02-22,Barclays,162.31253276792478,165.25369657229285,159.96458857855654,164.65548706054688,20956651
2016-02-23,Barclays,162.81105969036608,167.19787938130455,160.41823650277064,161.06629943847656,37983040
2016-02-24,Barclays,160.66748990999622,161.5149509849731,154.7851613605992,156.28067016601562,40169026
2016-02-25,Barclays,158.72333754446097,164.8549330078161,158.31256855447705,164.35643005371094,53040842
2016-02-26,Barclays,165.8519379913408,169.48202772014824,162.41225545671045,168.5937042236328,55463331
2016-02-29,Barclays,167.34744463968164,172.39627783938275,165.62162464572702,171.5348663330078,55849036
2016-03-01,Barclays,165.55282624180833,168.6465322637949,152.34249858514323,157.6266326904297,143251124
2016-03-02,Barclays,159.27166766919922,162.11314012600255,155.45613082331258,161.91372680664062,83273822
2016-03-03,Barclays,163.60868344553887,166.61963047886906,162.41226412799716,165.80209350585938,68395935
2016-03-04,Barclays,165.55280918465468,174.2945458140895,164.9964813103557,173.77810668945312,73756344
2016-03-07,Barclays,172.58169157620435,173.39524250172087,164.505939376136,173.1798858642578,40593955
2016-03-08,Barclays,172.1330483064873,174.87481430461793,169.59069564233826,171.48500061035156,76553713
2016-03-09,Barclays,170.43816220589486,172.55082107637443,166.9007809968472,167.69639587402344,40560129
2016-03-10,Barclays,164.24103380629398,171.4060092087524,159.45440673828125,159.45440673828125,65783785
2016-03-11,Barclays,162.3962135834266,170.0248902562153,161.95145724460355,165.5374298095703,47408631
2016-03-14,Barclays,166.1357918865722,167.3823088868728,162.17186173910753,162.7951202392578,37775080
2016-03-15,Barclays,161.7479942395532,164.39061861468628,160.90037206419413,163.09423828125,36616371
2016-03-16,Barclays,162.54580102315762,164.9351206814825,162.44607358632848,163.5430145263672,49488295
2016-03-17,Barclays,164.78951738808306,165.33798781144853,158.9059643061206,160.15248107910156,74742589
2016-03-18,Barclays,159.55413478854393,163.19395740190038,159.55413478854393,161.7480010986328,59524807
2016-03-21,Barclays,161.49867521762133,162.89478283188367,159.70368840857887,160.05271911621094,32708862
2016-03-22,Barclays,159.0056623646924,159.20510198736287,154.01661332809323,156.76193237304688,59749406
2016-03-23,Barclays,157.01125151597387,158.75637501853754,155.21626429865452,156.0140380859375,50463596
2016-03-24,Barclays,154.66780772305776,156.11376414062272,152.17477416992188,152.17477416992188,46024814
2016-03-29,Barclays,153.62072755076878,156.07585732868273,149.432434307547,150.5792236328125,43111779
2016-03-30,Barclays,152.1747819639161,152.5058575671103,150.62909803855212,151.2274169921875,67777312
2016-03-31,Barclays,150.92827561775843,151.9254891594251,147.88677127242087,149.58203125,54550695
2016-04-01,Barclays,148.3853780432542,151.2214475127061,146.14164757450422,149.58203125,42059700
2016-04-04,Barclays,148.98369177870342,150.67896691270283,147.93662976993622,149.83132934570312,31541453
2016-04-05,Barclays,147.83689390812128,148.28563691720228,143.50998024614702,146.19149780273438,78218756
2016-04-06,Barclays,147.23852550275737,150.10551350356423,146.4906155895034,149.13323974609375,59767039
2016-04-07,Barclays,149.18315847543747,149.9310686645531,146.14165399644628,146.69012451171875,37767274
2016-04-08,Barclays,146.88952534796863,151.3271215868331,146.83966163862388,150.28004455566406,45780423
2016-04-11,Barclays,149.93101943113783,154.7674946028175,148.98365466299705,153.07223510742188,35902903
2016-04-12,Barclays,153.62073047431284,156.31320366646216,152.1249103435333,155.2162628173828,40249184
2016-04-13,Barclays,157.26049896906858,166.33514404296875,156.96831626831667,166.33514404296875,69966034
2016-04-14,Barclays,166.43489865531055,168.57891644411802,162.12893831416878,168.529052734375,55747834
2016-04-15,Barclays,167.88089296228497,169.62601652648223,166.2354816148513,166.43492126464844,52600702
2016-04-18,Barclays,164.04158652466015,168.68361318135445,162.14688735647493,167.232666015625,35589076
2016-04-19,Barclays,167.6813977011468,171.83180170002615,166.734048180628,167.33238220214844,39979466
2016-04-20,Barclays,166.53463571389472,171.3322339469431,165.51747379808094,170.67306518554688,40769233
2016-04-21,Barclays,171.52068890394506,173.4153881018421,169.8752930329433,171.4708251953125,49165309
2016-04-22,Barclays,170.0248813462327,172.33143942510986,169.24007185958,171.0220947265625,29372191
2016-04-25,Barclays,170.62316923202152,173.11620200737974,169.47636502559806,169.87525939941406,62860186
2016-04-26,Barclays,170.92238877236312,173.83126799372187,169.0276891982421,173.4652862548828,49907720
2016-04-27,Barclays,179.74773791511348,181.49286158419224,172.06919681442105,174.31292724609375,63765072
2016-04-28,Barclays,171.72015021308906,174.51235087026723,170.6232245659519,173.9140167236328,47783034
2016-04-29,Barclays,171.3212617839152,174.36276563717482,170.77279138148006,171.0220947265625,63013667
2016-05-03,Barclays,171.27143447713897,171.96948094849301,164.0914996558495,164.2909393310547,56338248
2016-05-04,Barclays,163.99175670797646,165.08869764231895,159.8034630594995,161.99732971191406,45931021
2016-05-05,Barclays,162.19672427584877,163.79726245093687,159.95299452905934,160.50146484375,32746333
2016-05-06,Barclays,159.50426317288333,162.79507008305302,157.41012438733338,161.54855346679688,33173809
2016-05-09,Barclays,162.54577718662208,163.4432631213906,157.55971040175635,158.00845336914062,35743357
2016-05-10,Barclays,158.75634456148597,163.6187633738481,158.75634456148597,162.8449249267578,39804227
2016-05-11,Barclays,162.79508848418487,164.09146895487783,159.55414491558702,163.1441192626953,29916018
2016-05-12,Barclays,162.29646703998617,165.08866736564806,161.34911743385115,162.3961944580078,48733584
2016-05-13,Barclays,161.39901953454435,165.18841886046178,160.1525025941054,164.88926696777344,35781641
2016-05-16,Barclays,163.54300981340788,163.84217689900348,161.99732588472227,163.04440307617188,25217333
2016-05-17,Barclays,163.24382696203787,166.33519452085076,161.5485672624144,163.79229736328125,34180989
2016-05-18,Barclays,162.4959043326699,170.27417112266903,161.9035654750029,169.92514038085938,51448705
2016-05-19,Barclays,169.77557447800453,174.7616412761838,169.1772403757157,170.17445373535156,47214051
2016-05-20,Barclays,172.6674669053943,175.45966702850507,172.41816359469274,175.35995483398438,45215941
2016-05-23,Barclays,175.11067597514958,178.05245240895445,173.6946195823168,175.21038818359375,37751331
2016-05-24,Barclays,173.0663556457853,181.5426679311297,171.62039953447976,180.89447021484375,42931162
2016-05-25,Barclays,180.19646058143599,186.17974105596912,179.94715722833044,185.23239135742188,60316069
2016-05-26,Barclays,186.37918856320587,186.37918856320587,182.29062252943734,184.28504943847656,44331325
2016-05-27,Barclays,184.7337570105819,186.77804724342604,184.2351503789744,185.6811065673828,27230015
2016-05-31,Barclays,186.03013728713935,187.62566937844716,181.0241224454841,181.89169311523438,47907064
2016-06-01,Barclays,181.49285329863312,181.54072368448243,176.6563618357604,179.4485626220703,42805647
2016-06-02,Barclays,179.9471110155224,184.53429762112168,179.59809554056793,179.89724731445312,40051652
2016-06-03,Barclays,181.4429310754684,182.88888711147968,176.75603227558878,179.1493377685547,29555292
2016-06-06,Barclays,178.9998103877359,182.04131438743875,178.25190031647796,179.59814453125,38197828
2016-06-07,Barclays,180.84465198271008,182.58977539224057,178.45133074844998,179.74771118164062,24456046
2016-06-08,Barclays,178.55104631848118,179.49839592036292,176.40702857078298,177.5538330078125,30376289
2016-06-09,Barclays,177.35438942819115,177.9028445637966,174.91120469860093,175.5594024658203,30037205
2016-06-10,Barclays,175.21036396216329,175.21036396216329,167.98056794173488,168.92791748046875,44750644
2016-06-13,Barclays,166.53462428637556,167.08309465512315,163.09424137880276,164.6897735595703,41436851
2016-06-14,Barclays,160.7009294903239,162.09703734678413,158.85609387408977,159.60400390625,63316712
2016-06-15,Barclays,161.4986780645453,163.8311642920003,159.85328233673954,160.50146484375,45194603
2016-06-16,Barclays,157.31039387796204,159.89317260414938,155.3498691740249,158.0583038330078,41635541
2016-06-17,Barclays,160.75076288811943,166.2852991256599,159.70169266649322,165.2880859375,87695628
2016-06-20,Barclays,172.4181730365713,177.1439804867972,171.42095973915616,176.357177734375,63959244
2016-06-21,Barclays,176.25746830343084,180.6741273004692,174.91122412804276,179.84744262695312,50303255
2016-06-22,Barclays,179.54829558475802,184.28505975899932,177.75330822284405,181.49285888671875,59432490
2016-06-23,Barclays,182.44017800132255,186.9276380434138,180.54547873672456,186.4290313720703,69230282
2016-06-24,Barclays,130.63497643761295,166.4848008976578,130.63497643761295,153.47116088867188,345720341
2016-06-27,Barclays,147.58756715756704,155.2162427518398,120.7625280917609,126.84552764892578,324668157
2016-06-28,Barclays,134.57395897616948,137.21658388474964,124.68160286783011,131.13357543945312,160582903
2016-06-29,Barclays,137.61546125180033,137.96449205887458,132.5296663798996,137.5655975341797,118228084
2016-06-30,Barclays,137.61544154155598,138.96168564314365,133.9756189206235,138.21377563476562,100950677
2016-07-01,Barclays,140.2580765049572,142.9007014816261,135.07256920711205,139.60989379882812,91077140
2016-07-04,Barclays,140.3577879214982,141.1555616953893,135.37172085501513,136.16949462890625,42395491
2016-07-05,Barclays,135.870284180753,138.961650861463,134.0254338686738,135.47140502929688,70932286
2016-07-06,Barclays,133.67643237981514,136.3689049740757,129.78729177364687,131.28311157226562,87263933
2016-07-07,Barclays,132.52964570962502,137.2165605420962,132.3302060865187,134.37449645996094,46922884
2016-07-08,Barclays,134.17505421087688,141.50456292639342,131.3429720558985,138.86195373535156,49577485
2016-07-11,Barclays,141.60429277818483,145.99202534114258,139.31069907725646,144.99481201171875,63915075
2016-07-12,Barclays,145.59315025731422,151.9254611666568,144.29676984875573,148.13604736328125,74088737
2016-07-13,Barclays,147.4878642177866,150.8285353855615,143.7313628291334,144.6956787109375,82826893
2016-07-14,Barclays,146.4407809680246,150.3797705075562,144.55105748104492,147.5875701904297,66591166
2016-07-15,Barclays,146.2413370617514,152.17476888517305,146.09176114026545,149.382568359375,75008664
2016-07-18,Barclays,150.23020607889654,151.7758900305899,148.53494619031397,150.5293731689453,40881808
2016-07-19,Barclays,149.88122952731925,151.8257932947359,146.98930052527402,149.98094177246094,35411295
2016-07-20,Barclays,149.58202339734947,151.5764503759808,148.08620316337598,150.5293731689453,40188853
2016-07-21,Barclays,148.73437813443707,153.07226267458958,148.73437813443707,151.47671508789062,45128323
2016-07-22,Barclays,150.82852848181585,152.8229553047159,149.73158764271318,151.3769989013672,30043612
2016-07-25,Barclays,150.9282544098597,151.37699739729973,148.68452425639063,150.5792236328125,28741068
2016-07-26,Barclays,150.08061315549298,151.57643322016568,147.7551108312343,148.5847930908203,43328772
2016-07-27,Barclays,149.58197541149312,150.52932487917948,147.30833060253966,149.33267211914062,40102814
2016-07-28,Barclays,149.58201333524423,150.54033397325017,145.44358371947686,146.09176635742188,48530941
2016-07-29,Barclays,150.03071326876244,159.40452587697234,146.73392688458878,154.11929321289062,114349697
2016-08-01,Barclays,156.5624731535,156.81177645469984,149.28281371521146,150.9780731201172,61889663
2016-08-02,Barclays,150.23019108317524,151.68014933378117,145.3937152725252,145.59315490722656,47437379
2016-08-03,Barclays,145.94217113577284,149.2329628210616,144.84523042983176,147.88673400878906,54152674
2016-08-04,Barclays,148.38534747157644,151.57642710420077,147.78701338334216,148.43521118164062,56492306
2016-08-05,Barclays,148.4850637605996,152.22461387427757,147.93660858360818,151.57643127441406,38758513
2016-08-08,Barclays,156.56248551917597,157.7591384161965,154.63487358108284,156.96136474609375,55863770
2016-08-09,Barclays,156.51265145790427,162.44606857573274,155.56530170232998,160.7508087158203,68394429
2016-08-10,Barclays,159.60401251619368,163.8421695937319,159.3547091586914,163.24383544921875,41935735
2016-08-11,Barclays,161.60829712297328,162.80502319335938,159.58183813657595,162.80502319335938,39927296
2016-08-12,Barclays,162.55570149250386,165.64725773046723,162.55570149250386,162.95460510253906,30886671
2016-08-15,Barclays,164.151343248453,165.19846900920118,162.61951932849783,163.1042022705078,24263452
2016-08-16,Barclays,161.80774968190025,163.40339459461006,160.810475415756,161.30911254882812,29427011
2016-08-17,Barclays,162.55569272427752,163.3036483656469,158.4668624645797,159.7134552001953,71229139
2016-08-18,Barclays,160.21209716796875,161.45868994150476,158.91565285724886,160.21209716796875,36619265
2016-08-19,Barclays,160.2120881659015,160.81045875045604,158.04900939364487,159.9129180908203,30692286
2016-08-22,Barclays,160.61104392355122,162.79906418373528,158.7660802109141,159.61376953125,25327765
2016-08-23,Barclays,160.9102105314694,165.14862620478524,160.511291690721,164.15135192871094,37672688
2016-08-24,Barclays,162.65543056109644,167.5919348821413,161.8576081456192,166.0960235595703,39674874
2016-08-25,Barclays,165.29818574072482,166.3453266123857,163.30363749649285,163.90200805664062,28150000
2016-08-26,Barclays,163.15409397162182,166.0960503368616,162.70530832874172,165.54754638671875,27054906
2016-08-30,Barclays,164.55025225038958,169.23743821044602,164.55025225038958,168.68893432617188,53494393
2016-08-31,Barclays,168.9881311685282,174.52300671050097,168.73881258751322,171.78050231933594,60135714
2016-09-01,Barclays,172.7777914310805,176.91647414327116,169.28733099812936,171.08242797851562,52656119
2016-09-02,Barclays,172.62817933497436,175.02163145604126,168.55829422036976,173.8249053955078,62995077
2016-09-05,Barclays,173.92464570447126,174.3774182552641,171.18214116074296,172.7777862548828,29104327
2016-09-06,Barclays,172.32899836680497,173.1766723732042,168.74079833027446,169.23744201660156,33395953
2016-09-07,Barclays,166.49493673310886,169.73607811839656,164.30093637727674,169.2873077392578,39274536
2016-09-08,Barclays,169.28726712616296,175.62493934597757,167.94094109454116,172.7278594970703,42105066
2016-09-09,Barclays,172.47859998233218,176.8197321682457,171.58305258550104,174.27369689941406,46137147
2016-09-12,Barclays,170.83309498192682,171.9799543692404,167.0434495020233,169.5865020751953,49005058
2016-09-13,Barclays,170.03527624399823,171.232002417525,167.79140896218593,170.135009765625,68280242
2016-09-14,Barclays,171.13230580676554,171.4314759751725,168.33993423642747,169.83584594726562,34615802
2016-09-15,Barclays,168.78864533640993,170.6336085510421,167.5091378886945,169.0379638671875,43641176
2016-09-16,Barclays,167.34262441821477,167.39249117481722,163.58589397284615,164.25106811523438,113454519
2016-09-19,Barclays,166.54478454589844,167.84124399598235,164.75268580395348,166.54478454589844,35633192
2016-09-20,Barclays,164.94915113200446,166.99356634169968,163.52605407884076,165.9962921142578,36240761
2016-09-21,Barclays,172.12952206138934,173.42596626519284,170.0352402876833,171.1322479248047,47424096
2016-09-22,Barclays,172.37882271578644,173.94254158245298,169.8856376329269,172.7278594970703,33596677
2016-09-23,Barclays,171.97995665074347,171.97995665074347,170.07515901186082,170.9328155517578,34047150
2016-09-26,Barclays,168.6390894811963,170.53390455605094,165.34808126211357,167.64181518554688,53209171
2016-09-27,Barclays,168.78865804395653,171.93006568138193,164.00173884919673,165.49765014648438,74818005
2016-09-28,Barclays,165.547513809617,168.040699258557,165.14861022466513,165.64724731445312,35145499
2016-09-29,Barclays,167.79140168620106,168.24017207966358,166.19575671255848,166.843994140625,26470038
2016-09-30,Barclays,162.45596793353275,167.34262084960938,155.52491499513144,167.34262084960938,117264694
2016-10-03,Barclays,167.29276098812,167.94098318524846,164.99902709357653,167.7415313720703,33873563
2016-10-04,Barclays,168.73878376157143,171.0823841096305,168.04069489742486,168.7886505126953,76371807
2016-10-05,Barclays,168.53935666041951,172.22926852611332,167.99085275210868,171.97994995117188,47452833
2016-10-06,Barclays,172.52844684879955,174.87204744489637,172.52844684879955,173.77503967285156,58204075
2016-10-07,Barclays,173.17672838734552,174.82224060941766,169.98545270739118,173.1268768310547,57671030
2016-10-10,Barclays,172.77777560069194,173.32627951905445,167.9409890713112,171.8303680419922,42151000
2016-10-11,Barclays,171.281862016642,172.47858814013085,169.83581731670972,171.93008422851562,69986691
2016-10-12,Barclays,171.78052113407998,172.67806203716026,167.7914234009228,167.99087524414062,63645274
2016-10-13,Barclays,166.59469232042446,167.99087039988862,163.95190601809617,166.0461883544922,48168546
2016-10-14,Barclays,166.19578805621947,172.67807225622036,166.19578805621947,169.68624877929688,100571191
2016-10-17,Barclays,168.38975594713773,170.88294146476073,167.99083713399997,169.0878448486328,30941725
2016-10-18,Barclays,169.28735524758525,173.87482427490136,169.28735524758525,173.52577209472656,39387506
2016-10-19,Barclays,174.52300585080826,178.16305102881716,173.9246351724404,176.9164581298828,48798830
2016-10-20,Barclays,177.6145800550034,183.2990411980783,177.5148465262547,182.6009521484375,73323480
2016-10-21,Barclays,182.6009500245721,184.19657994559196,181.5747477206361,182.70066833496094,52720691
2016-10-24,Barclays,182.60092852433397,184.94451397472525,182.45132825056558,182.9998321533203,47684140
2016-10-25,Barclays,182.94994598040938,185.19381289402975,181.1548494060738,183.1992645263672,31817041
2016-10-26,Barclays,182.50118465442577,183.29900708433263,179.30991015199547,181.30445861816406,39926097
2016-10-27,Barclays,184.2962832630507,191.47665477362204,178.7614081675612,189.98074340820312,86513948
2016-10-28,Barclays,189.23280147853117,192.47394300583144,184.80789886841927,190.77857971191406,60128488
2016-10-31,Barclays,189.6815622629338,191.17747366124902,188.3851026742877,189.7812957763672,40797797
2016-11-01,Barclays,188.78405117654307,189.53200699323526,185.79222790977443,186.19113159179688,41313876
2016-11-02,Barclays,184.19655800860465,184.39600982282832,181.00528332943168,181.5537872314453,44867745
2016-11-03,Barclays,181.2545952381874,189.5818413263806,179.65895034866136,184.794921875,54937697
2016-11-04,Barclays,182.7006613428085,185.94679428314873,179.24510930662655,180.855712890625,52390506
2016-11-07,Barclays,183.59818270275096,184.9444937160042,181.90280442227478,184.69517517089844,32737609
2016-11-08,Barclays,183.54833074331592,185.96672386919064,182.20200440435954,185.44314575195312,27898948
2016-11-09,Barclays,177.9635818236699,192.52379154775687,174.98073730471236,192.3741912841797,92034440
2016-11-10,Barclays,196.46301902454533,204.44121269051672,185.80515309140546,200.55184936523438,121529803
2016-11-11,Barclays,200.30256291537498,204.4412454560196,197.85922853982416,201.20010375976562,69174432
2016-11-14,Barclays,204.44120884969502,212.18804011026737,203.64338645464716,211.7213134765625,81569337
2016-11-15,Barclays,212.76847812253718,213.5164338479965,208.3305953110534,211.32241821289062,59272967
2016-11-16,Barclays,210.42484901006426,213.81557508732902,207.92368978447817,209.02867126464844,47852029
2016-11-17,Barclays,206.93440108749903,212.2698242626579,205.33875624524674,212.12022399902344,46020522
2016-11-18,Barclays,212.9679379545139,214.01507905300693,209.02870736227703,211.67147827148438,48837663
2016-11-21,Barclays,212.41943808822592,212.56902315492957,209.32788149395898,210.02598571777344,30536128
2016-11-22,Barclays,211.77120971679688,214.21452877787,210.72406862856596,211.77120971679688,38172982
2016-11-23,Barclays,211.72132214944534,214.2693505037675,208.8292177510752,212.76846313476562,33555637
2016-11-24,Barclays,213.46655408467387,215.01233219989055,211.172820289565,214.86273193359375,29151308
2016-11-25,Barclays,214.86273090105738,215.9098718913138,213.51641981403955,214.91259765625,26393569
2016-11-28,Barclays,213.46656708952622,213.66601890620908,209.77665522069995,211.32241821289062,37582077
2016-11-29,Barclays,213.41669705367562,215.90988276691948,210.27528914186752,213.666015625,41605699
2016-11-30,Barclays,212.86821840988785,216.3088120589472,211.2725884944109,215.3614044189453,47668673
2016-12-01,Barclays,214.41396289589173,218.6523784415082,213.8654590171372,218.4529266357422,43643166
2016-12-02,Barclays,217.1066365899593,266.59140329323293,210.52463459680456,212.3695831298828,60217443
2016-12-05,Barclays,210.22541516270437,219.8491055983629,209.92622984395283,216.2090606689453,50466816
2016-12-06,Barclays,215.1619256807136,226.65052963488623,212.05442170577192,226.13194274902344,64700826
2016-12-07,Barclays,228.37580879376628,235.08248437469814,224.69387083427478,234.20986938476562,62594961
2016-12-08,Barclays,234.85811152119018,239.54529796458516,233.04306488373476,238.34857177734375,59079687
2016-12-09,Barclays,236.35397804017455,237.70030425512996,229.92156269391282,232.46461486816406,55294637
2016-12-12,Barclays,231.86623721887835,233.56160021101812,226.40615522329745,226.9297332763672,56733341
2016-12-13,Barclays,227.228972015815,230.71943232194303,225.37303673785962,229.47283935546875,45813371
2016-12-14,Barclays,227.27879950672119,227.6278515872719,221.14556884765625,221.14556884765625,66400017
2016-12-15,Barclays,220.64696817599778,229.62243806790278,220.64696817599778,228.82461547851562,61953816
2016-12-16,Barclays,229.27335194632005,229.52267051747404,226.17681955340305,227.5281219482422,54968261
2016-12-19,Barclays,226.53083741594529,226.68641804071132,220.64692548976382,221.4447479248047,39900955
2016-12-20,Barclays,221.94337545040025,227.12919822819748,221.01491341703476,227.0294647216797,29052053
2016-12-21,Barclays,226.6305839163358,228.6749992679316,224.8853538971781,228.12649536132812,43712472
2016-12-22,Barclays,227.32867892588783,229.17364251065388,224.98509339672935,226.3812713623047,20402149
2016-12-23,Barclays,225.63329732702235,226.78015661882222,222.58762093878536,224.3368377685547,12081273
2016-12-28,Barclays,224.88537645180844,225.4338804134235,222.89082765844427,224.13742065429688,24881132
2016-12-29,Barclays,222.34226709853928,223.04035595507494,219.89894849206658,221.74391174316406,24654062
2016-12-30,Barclays,220.74664522330687,222.84091186523438,219.48308532784853,222.84091186523438,15871501
2017-01-03,Barclays,225.48374968578815,233.9107153880836,224.18728991223503,231.26792907714844,55552090
2017-01-04,Barclays,232.8136579880808,234.35943603515625,230.53987403881754,234.35943603515625,31177764
2017-01-05,Barclays,233.86080411816042,236.2542561544526,230.2207593093834,231.91612243652344,36901986
2017-01-06,Barclays,231.11830481307285,235.30685357207096,230.86898625340396,234.6087646484375,28600450
2017-01-09,Barclays,238.34856856522597,239.34584291068717,231.91615208044104,233.4120635986328,32589710
2017-01-10,Barclays,233.013084097248,236.65314364131225,229.42290651811552,235.6060028076172,31718216
2017-01-11,Barclays,235.90526168675896,236.85266932060145,231.11834153705004,233.56166076660156,36655762
2017-01-12,Barclays,232.16547782731365,234.40934517380728,231.06846992659257,231.61697387695312,28992021
2017-01-13,Barclays,230.4202158894394,235.50630537636664,230.4202158894394,234.6087646484375,39301433
2017-01-16,Barclays,232.86349871280794,232.86349871280794,228.57521710634938,230.4700469970703,28280597
2017-01-17,Barclays,228.3757852906595,234.90793415791455,228.3757852906595,230.9687042236328,48407947
2017-01-18,Barclays,230.71942353234104,234.37642072826523,225.63331833600898,226.97964477539062,43766069
2017-01-19,Barclays,228.6750087128518,234.37642135458438,226.18182286822235,227.677734375,37558870
2017-01-20,Barclays,227.37852198560734,228.82456656005888,225.78287714795238,226.7801513671875,54380881
2017-01-23,Barclays,224.63606311483744,224.68592987927963,221.54450632582203,223.8881072998047,28342201
2017-01-24,Barclays,225.1845563436294,228.77473495414543,225.13468958156682,228.0267791748047,36563063
2017-01-25,Barclays,229.42294172551635,232.36489768712855,229.42294172551635,230.22076416015625,41402288
2017-01-26,Barclays,231.3676379710375,235.53623724746745,230.96873433727708,231.71669006347656,52157732
2017-01-27,Barclays,231.21807431563357,233.93563790872702,227.82733224600923,229.9714813232422,28619310
2017-01-30,Barclays,226.97965651716538,227.47829371055352,222.19273641719923,222.7910919189453,68379387
2017-01-31,Barclays,222.1927120747724,225.4338534767106,218.50280029139,218.85183715820312,48441418
2017-02-01,Barclays,221.14556157838393,223.33956185161844,219.3504649122113,221.49461364746094,32776938
2017-02-02,Barclays,223.28972632353182,224.08754886642828,219.599814181985,220.74668884277344,42923195
2017-02-03,Barclays,221.8935141580356,229.5226558613095,220.696788136353,228.22621154785156,43542033
2017-02-06,Barclays,228.87443331446002,232.713945145394,226.73527585338556,226.7801513671875,42267862
2017-02-07,Barclays,225.9823417487777,228.52537880687308,224.83546727860445,225.433837890625,33574738
2017-02-08,Barclays,225.0349266947458,227.17907544607235,220.49734106590495,224.3368377685547,41800806
2017-02-09,Barclays,225.3839595862452,229.5725080041433,225.03490754425536,228.92428588867188,35017596
2017-02-10,Barclays,230.42024679901465,230.71943215419083,225.98237888503272,228.0267791748047,36606240
2017-02-13,Barclays,228.07662973232019,232.71396436507587,227.62785934004015,231.71669006347656,43470017
2017-02-14,Barclays,230.56980093836182,235.95509095752848,230.071163819024,234.6087646484375,42280267
2017-02-15,Barclays,235.35675858803552,240.34313059201932,234.0982048680603,238.597900390625,56437420
2017-02-16,Barclays,238.09925888766762,240.04394089064007,236.66517479484605,237.35130310058594,34933624
2017-02-17,Barclays,236.45372215570993,236.56141425791895,232.91339565362713,236.35398864746094,39329071
2017-02-20,Barclays,237.15181592892463,239.36377249332634,236.3091179836757,236.85263061523438,39921131
2017-02-21,Barclays,235.2071359542112,236.90249912139063,232.86353539971205,235.30685424804688,27779089
2017-02-22,Barclays,237.35128633898717,239.5452867827146,232.5643665962738,234.50904846191406,41900244
2017-02-23,Barclays,239.34582464443957,243.73382534270857,224.13739203682417,228.42567443847656,101825857
2017-02-24,Barclays,228.82459825229418,238.17404535252302,221.36998156136448,225.28427124023438,45639146
2017-02-27,Barclays,224.38671875,227.92704557816188,223.4891779618793,224.38671875,141718211
2017-02-28,Barclays,223.888080790606,226.8300369379561,222.14285076217146,225.88262939453125,67908759
2017-03-01,Barclays,227.47830783275037,232.7638502370396,223.96989096580933,232.2652130126953,56748348
2017-03-02,Barclays,229.7917065351475,234.52916588825997,228.49515088699343,228.8940887451172,58832685
2017-03-03,Barclays,225.15401522450006,231.18804614021988,224.65533523507702,230.78909301757812,45689044
2017-03-06,Barclays,228.1959212452947,229.34287890759575,226.3009285277289,226.35079956054688,32187324
2017-03-07,Barclays,226.69993204211374,228.04635891694005,225.50310308054395,226.45059204101562,35044891
2017-03-08,Barclays,225.45323689866447,233.08303500940605,225.35349480867185,231.68673706054688,51738303
2017-03-09,Barclays,230.39019175277554,232.8835920964203,229.39283161531765,231.58702087402344,40862590
2017-03-10,Barclays,231.78645084753796,233.5318307943372,230.24055506946294,231.2379150390625,40321888
2017-03-13,Barclays,231.38752094852134,231.38752094852134,228.39544093625597,229.59226989746094,31282402
2017-03-14,Barclays,229.89144208587476,229.89144208587476,225.3534517905874,225.95187377929688,43785364
2017-03-15,Barclays,226.0516215190005,228.19595449459382,225.0542615913305,226.89938354492188,43924854
2017-03-16,Barclays,228.5450424903447,229.59227355502188,226.99914663418517,228.84425354003906,50162188
2017-03-17,Barclays,234.37959477317585,234.72867685279343,228.48221082510167,229.79173278808594,73609268
2017-03-20,Barclays,228.74449655179487,230.14079430851857,227.2484567188034,227.697265625,23214061
2017-03-21,Barclays,228.89409654036814,232.62122999137753,226.84950570621953,229.3927764892578,43334005
2017-03-22,Barclays,227.44791273232826,228.8342422900744,221.35404355004061,223.9571533203125,63753003
2017-03-23,Barclays,224.60548532274944,224.9046963882534,222.3614251592303,223.3089141845703,34561906
2017-03-24,Barclays,225.55290869096666,227.1486904301271,224.1316831759205,226.35079956054688,40143210
2017-03-27,Barclays,223.40862431942023,229.34291285920386,220.31680244902634,223.60809326171875,41205128
2017-03-28,Barclays,225.5529689817034,227.7970290918316,223.40865096387245,227.49783325195312,36878067
2017-03-29,Barclays,227.94660525445968,228.35850928744784,224.35610357327667,226.6999053955078,25611188
2017-03-30,Barclays,226.30096395137562,227.84687489970466,224.10677513044322,227.44793701171875,42483919
2017-03-31,Barclays,227.1986062036193,227.34820411303002,224.4937603408313,224.5057373046875,47777985
2017-04-03,Barclays,224.45587383617362,224.65534279495407,219.81814064737173,220.86537170410156,32265178
2017-04-04,Barclays,220.5661118082749,222.41123350999658,216.12786377969076,217.1750946044922,48827684
2017-04-05,Barclays,218.072759267888,219.3433979855016,215.230292381326,218.0229034423828,42916752
2017-04-06,Barclays,216.07802956556338,216.7263226716235,213.0360938578772,215.8286895751953,46255713
2017-04-07,Barclays,214.08332002168936,215.08068003151507,213.16774426315763,214.7316131591797,39411693
2017-04-10,Barclays,214.93104731685625,216.27748919951406,212.1883077339265,215.6291961669922,30052090
2017-04-11,Barclays,215.7289439276034,217.03848097369422,213.1358021661466,214.432373046875,37315733
2017-04-12,Barclays,215.23026505717695,217.53217032002044,212.93633429044095,213.13580322265625,31565816
2017-04-13,Barclays,213.18567925113177,213.18567925113177,209.5453216928417,212.0885772705078,42248903
2017-04-18,Barclays,212.4376489305267,212.4376489305267,205.0571920973371,206.75270080566406,56685240
2017-04-19,Barclays,205.85509241192338,209.34585231864642,205.85509241192338,207.94955444335938,40331126
2017-04-20,Barclays,207.10179599945656,208.84717598333327,205.55590018854173,207.2015380859375,39346696
2017-04-21,Barclays,206.75275351109593,208.84720060759167,205.34347405985676,207.40103149414062,37576926
2017-04-24,Barclays,215.0806763549869,219.56879632248402,213.06302208126863,218.62130737304688,65475250
2017-04-25,Barclays,218.12262523336864,222.81021410965943,217.12526525039164,222.21180725097656,44227722
2017-04-26,Barclays,222.21182356909273,224.90469267718024,219.51895446100522,224.0569305419922,42177568
2017-04-27,Barclays,222.56087362012502,224.5555935816534,222.56087362012502,223.3587646484375,60183495
2017-04-28,Barclays,212.43768677189155,217.51525010269472,207.20154660497874,211.68966674804688,99386155
2017-05-02,Barclays,209.3957168533667,211.1410967524849,206.65297701189522,209.29598999023438,78983672
2017-05-03,Barclays,205.4561373158128,209.3957058371482,205.25666838153714,208.39834594726562,40394551
2017-05-04,Barclays,209.39573254443235,211.5400657122804,207.4010125102515,211.2907257080078,42576213
2017-05-05,Barclays,207.2015193309293,209.34583702962382,205.20679952990952,205.8052215576172,61065156
2017-05-08,Barclays,206.1542901868924,208.79730307736168,203.96010143036443,204.35903930664062,49673081
2017-05-09,Barclays,205.25667556786956,206.60011950832535,204.28325435097983,204.75799560546875,31076614
2017-05-10,Barclays,205.456137649033,209.84451508423203,204.95745770328293,209.3957061767578,43534561
2017-05-11,Barclays,210.34320633717485,210.34320633717485,205.10706662532547,206.00469970703125,36617684
2017-05-12,Barclays,205.506027923754,205.90995750014116,204.2094568997371,205.35641479492188,30616010
2017-05-15,Barclays,206.15430848424845,210.34321743095552,204.9574795306901,210.0440216064453,55592453
2017-05-16,Barclays,210.74212508112666,212.68697361325664,208.6476634505236,211.0413360595703,32886360
2017-05-17,Barclays,212.43764355643555,212.73685454880723,208.04926639666164,208.94688415527344,41009680
2017-05-18,Barclays,207.5506287035088,212.58728468925796,204.55854860813005,211.68966674804688,58947592
2017-05-19,Barclays,212.98620532812077,213.58461212476666,209.58321086228335,213.13580322265625,53924313
2017-05-22,Barclays,214.0334569106769,215.5294968744929,212.11951678607005,213.08595275878906,30438685
2017-05-23,Barclays,213.3851456783925,216.67643636305107,213.08593466733186,213.68435668945312,41267517
2017-05-24,Barclays,213.73423752092302,216.15283841160144,212.63713550293338,215.87855529785156,42715516
2017-05-25,Barclays,216.1279223933234,216.52687554923048,212.38782216079528,213.48492431640625,21482505
2017-05-26,Barclays,212.93638512247477,213.18572515189217,209.03372058244415,211.0912628173828,32508938
2017-05-30,Barclays,209.94427609772654,210.1417514260873,207.75008718221153,208.647705078125,36400400
2017-05-31,Barclays,208.64772656474352,214.83634771324162,206.05459947700479,209.44561767578125,79506925
2017-06-01,Barclays,210.54270935058594,213.99058372001704,207.5496248259455,210.54270935058594,48295008
2017-06-02,Barclays,211.98885367990346,213.88383143728535,209.9183304718124,210.34320068359375,34571548
2017-06-05,Barclays,210.59251656887366,211.3405364220217,208.9917583443177,211.1410675048828,22486743
2017-06-06,Barclays,210.2933260116944,211.041345883372,208.34846217053007,208.94688415527344,29144274
2017-06-07,Barclays,209.34582836202634,213.3851388355517,207.50072175357906,207.60044860839844,45634186
2017-06-08,Barclays,208.5978268524764,208.5978268524764,201.76592034581628,204.85772705078125,60463671
2017-06-09,Barclays,202.9627586220649,207.0020696383428,201.56646071894687,206.05458068847656,68772462
2017-06-12,Barclays,205.50600556881665,207.09081491703864,203.66088371013885,204.70811462402344,34223624
2017-06-13,Barclays,206.1044379627314,207.75009109423522,205.1070779624888,205.75537109375,37023332
2017-06-14,Barclays,206.40365765601652,207.65035770856375,202.9627685546875,202.9627685546875,71255468
2017-06-15,Barclays,203.06250215346634,203.26197110983006,200.26989110885663,202.61367797851562,37791049
2017-06-16,Barclays,203.3118467838429,205.7553757965865,201.16751360320595,202.7134246826172,63714189
2017-06-19,Barclays,203.96010278704088,206.8524404555433,203.6110207290989,206.20416259765625,3019939
2017-06-20,Barclays,205.75536251646324,206.50338248546262,202.25363011886296,202.2646026611328,4038453
2017-06-21,Barclays,201.36694650018893,201.61628646129293,199.17275788617445,199.62156677246094,5449453
2017-06-22,Barclays,199.32238571735442,199.22264363814375,194.933992946663,195.4825439453125,13633620
2017-06-23,Barclays,195.38281975377936,198.3748997819751,193.93665078385263,197.02847290039062,15458558
2017-06-26,Barclays,197.82633367348313,201.56643313629033,196.95364379882812,196.95364379882812,51037539
2017-06-27,Barclays,199.82107829958218,203.31183823341112,199.17278518076773,202.0760955810547,9336346
2017-06-28,Barclays,201.41683243715045,204.05984535148795,200.36960147933763,202.91287231445312,10363102
2017-06-29,Barclays,205.00736005956628,209.7079153895795,204.55855108352964,204.95748901367188,15823763
2017-06-30,Barclays,205.40628584645546,206.60311478463433,201.46671694980154,202.21473693847656,5096293
2017-07-03,Barclays,203.0125975101954,207.05190788668557,203.0125975101954,206.50335693359375,32201762
2017-07-04,Barclays,205.45613663971156,208.79729834722502,204.757987762792,206.40362548828125,28407424
2017-07-05,Barclays,206.75271045133493,206.75271045133493,202.89891337789393,203.660888671875,37017298
2017-07-06,Barclays,205.10704932443846,209.4455708071305,203.1123296024658,208.59780883789062,36322682
2017-07-07,Barclays,208.44821057613348,208.996761542403,205.9548109280936,207.60044860839844,27769804
2017-07-10,Barclays,208.79729476143478,209.44557258919025,205.81717689705778,207.15164184570312,24280854
2017-07-11,Barclays,207.75008864124348,208.39836654634433,204.63432788015552,205.20681762695312,19801390
2017-07-12,Barclays,206.0046978356415,209.64505551483643,205.45614682711087,207.45086669921875,29155254
2017-07-13,Barclays,209.94428119297586,212.58727912059197,207.9495611816412,210.74217224121094,49329661
2017-07-14,Barclays,211.44031435008245,212.0387364214943,206.8025965614097,207.94955444335938,47490398
2017-07-17,Barclays,208.39838107574246,209.24614321244655,206.47946434183308,208.4981231689453,15960482
2017-07-18,Barclays,207.94952484927808,208.69754472283662,204.00995655890367,204.50863647460938,32392948
2017-07-19,Barclays,205.306562137342,206.1044379627314,203.6110379621249,205.75537109375,32844722
2017-07-20,Barclays,206.25406211984102,208.29865327333968,204.5086820261116,207.65036010742188,26480344
2017-07-21,Barclays,207.0519070884091,207.30124704626198,203.26193668534512,204.50863647460938,31192222
2017-07-24,Barclays,203.9102579239153,207.32821274219975,202.83709449903392,204.95748901367188,45887652
2017-07-25,Barclays,205.95481375508908,210.49280422051217,205.80521586155476,209.1463623046875,32927851
2017-07-26,Barclays,209.14640071181037,212.18835192649078,207.8498295952327,210.64244079589844,34818852
2017-07-27,Barclays,209.4455683313571,210.74213917901383,207.40097759680265,208.0492706298828,35748314
2017-07-28,Barclays,206.80257718584244,213.33527222442137,201.91550464320224,204.5585174560547,46984715
2017-07-31,Barclays,203.4115697706389,205.85509873672018,200.66882975965856,202.46408081054688,50907891
2017-08-01,Barclays,203.76064966034912,206.85245650825502,203.11235653364693,206.05458068847656,58112789
2017-08-02,Barclays,206.45349298077326,207.45085285024558,205.07215504021548,207.15164184570312,32057721
2017-08-03,Barclays,206.2540455323664,208.29863652143388,204.65826348760513,207.94955444335938,54506181
2017-08-04,Barclays,206.70284067721022,210.19360035089048,206.70284067721022,209.79466247558594,25077232
2017-08-07,Barclays,209.44561767578125,210.44297775995165,208.62777510187811,209.44561767578125,40789337
2017-08-08,Barclays,210.59253822619502,210.6424092652342,208.89702942839406,209.79466247558594,21010826
2017-08-09,Barclays,208.59783622479947,209.2960003939552,205.75536937890183,208.1988983154297,44309770
2017-08-10,Barclays,206.56317566298088,209.4556523940615,203.8352645337459,204.26913452148438,35019576
2017-08-11,Barclays,202.7231207464261,203.3843964695112,198.43426447153558,198.83323669433594,38018819
2017-08-14,Barclays,200.17971954556825,201.97505642429758,198.98283336615984,199.2820587158203,26733473
2017-08-15,Barclays,200.1298679193904,201.62597961144434,198.6836296609186,199.93038940429688,25083848
2017-08-16,Barclays,200.778160986109,201.426469864449,200.2186106733936,200.22958374023438,20662125
2017-08-17,Barclays,199.18233936167758,200.12987375040558,196.3846177212547,196.7386932373047,32882767
2017-08-18,Barclays,194.49452851705155,195.69141487946317,192.79893823536545,195.14283752441406,32289600
2017-08-21,Barclays,193.54695258095842,194.0955298182881,191.7516158129851,192.7490234375,27412481
2017-08-22,Barclays,193.94594784353473,194.44465175427626,192.35010446070316,192.79893493652344,24295794
2017-08-23,Barclays,191.80150511472192,194.2451509532134,191.6020266171533,192.35008239746094,26929957
2017-08-24,Barclays,192.99838092088086,195.1926747143776,192.5495505207254,193.99578857421875,27528155
2017-08-25,Barclays,194.6440824745375,195.33229613742878,193.69654832066868,193.79629516601562,21900389
2017-08-29,Barclays,192.0009879133721,192.0009879133721,188.93893887881993,189.8565673828125,31951300
2017-08-30,Barclays,191.402544234505,192.99840274802233,190.19468489075643,190.20565795898438,24268026
2017-08-31,Barclays,191.00357124321198,191.75162700526113,189.5074597191137,190.6046142578125,32271117
2017-09-01,Barclays,193.34747588021327,193.89603790336147,189.80667573673583,191.65187072753906,23721351
2017-09-04,Barclays,189.40772958097762,190.90384123712826,188.95889912797938,189.7069549560547,15619212
2017-09-05,Barclays,189.85659481516024,190.13087589268792,187.01397628788976,187.41293334960938,22060310
2017-09-06,Barclays,186.11631150517601,187.11371935843155,184.2212274524489,185.36825561523438,33111872
2017-09-07,Barclays,185.71730407179112,186.2658813310706,183.373405191936,183.52301025390625,29739440
2017-09-08,Barclays,183.27365250500344,187.9115919092737,182.6253436314543,187.11367797851562,38784724
2017-09-11,Barclays,188.51006728582556,188.51006728582556,183.42527532444657,186.16615295410156,86562472
2017-09-12,Barclays,186.1661598113416,192.00100152994574,185.21163981606944,190.85398864746094,57524204
2017-09-13,Barclays,190.05604381950468,193.2477454751179,189.20824117101702,191.05345153808594,66004703
2017-09-14,Barclays,190.55477373472064,192.10075895376207,188.36047949764705,189.30801391601562,45577631
2017-09-15,Barclays,188.2607153449713,189.9204033243438,185.56771742759213,186.16615295410156,69312959
2017-09-18,Barclays,187.6123896717595,189.92038640403618,186.31575665098947,186.9640655517578,25217243
2017-09-19,Barclays,186.41552475811318,188.5100873721651,185.41811688841918,187.81190490722656,43154941
2017-09-20,Barclays,187.01394927515415,187.71213164193455,184.22120458879834,185.4180908203125,36404300
2017-09-21,Barclays,186.0165339483224,191.10331924854367,185.51783010395692,189.9064178466797,51114905
2017-09-22,Barclays,189.5074665304382,191.45240853782485,186.01653951540382,191.05345153808594,31308572
2017-09-25,Barclays,189.85656082761474,190.1557709607226,188.3105758565451,189.20823669433594,25308345
2017-09-26,Barclays,188.70956590225663,189.45762180452712,187.31320097237955,187.81190490722656,23629490
2017-09-27,Barclays,188.859159809186,191.70176270883775,187.81187864858413,189.75682067871094,31641716
2017-09-28,Barclays,190.60459722875098,194.84357950164213,190.60459722875098,191.7017364501953,46470022
2017-09-29,Barclays,192.25033469109061,193.54696774841813,191.00357506274372,192.84878540039062,28016234
2017-10-02,Barclays,192.00097622202352,193.64669278766186,190.7292875321424,192.20045471191406,32128057
2017-10-03,Barclays,192.59946336647192,193.59687122394877,192.01897126289708,193.1480255126953,30653839
2017-10-04,Barclays,193.44723798710288,193.54698485387965,191.50229583883672,191.8513946533203,27410610
2017-10-05,Barclays,189.50746890264307,191.65188943674247,188.51006117157652,189.65707397460938,43251720
2017-10-06,Barclays,190.45501078413002,191.1033349666695,188.90902569559407,189.7069549560547,27738250
2017-10-09,Barclays,189.50744128222107,190.60459571417934,187.1136691642437,187.86172485351562,26159584
2017-10-10,Barclays,187.7620132044742,190.7043630899935,187.71213977199392,189.50747680664062,43914836
2017-10-11,Barclays,190.80409389807767,190.99958495279185,188.95789433605245,189.9064178466797,38047429
2017-10-12,Barclays,190.1059448430816,192.89867468508552,189.30801550855068,192.54959106445312,36146771
2017-10-13,Barclays,191.95112826072557,192.24934917534975,189.15838337404765,190.75424194335938,28479219
2017-10-16,Barclays,191.4524280017456,191.5023014365918,188.20986333649356,188.75942993164062,32884726
2017-10-17,Barclays,189.4077351618472,192.30022691383945,188.809299613295,190.85398864746094,35957387
2017-10-18,Barclays,191.75164722058753,192.39995619501772,189.60722656433217,192.15060424804688,28717709
2017-10-19,Barclays,191.65189389380492,192.69917507962722,190.5547544956571,191.50228881835938,40185076
2017-10-20,Barclays,192.99836387105427,195.2126098833925,192.5495335105493,195.19265747070312,47803754
2017-10-23,Barclays,194.89345542935894,195.24255420656598,192.6492881396283,194.94332885742188,25821543
2017-10-24,Barclays,194.94330204685568,197.65125988475563,194.09849773266475,197.4866943359375,31883742
2017-10-25,Barclays,197.48671122129798,198.08516188844953,195.19267062286062,196.4893035888672,40174169
2017-10-26,Barclays,189.00877100154045,190.44403614518976,179.93235427472248,181.9271697998047,159880023
2017-10-27,Barclays,182.2263775839006,184.9193752389862,181.8274206050854,183.3235321044922,88917554
2017-10-30,Barclays,183.77240896614762,185.46799938358896,182.47577562837353,183.02435302734375,65752823
2017-10-31,Barclays,183.92197158269525,186.16613888073417,183.21382064697374,185.46795654296875,58150594
2017-11-01,Barclays,185.56772969901957,186.4255010410513,183.0243366902668,183.62278747558594,126480244
2017-11-02,Barclays,183.5229934279983,185.66741362220884,183.07416306400444,184.52040100097656,78630013
2017-11-03,Barclays,184.2212322777389,184.52045768540032,182.32616339461043,182.77499389648438,53617792
2017-11-06,Barclays,181.52821350097656,182.82484664125906,179.38379289071935,181.52821350097656,44583068
2017-11-07,Barclays,182.02692622958406,182.77498209080153,180.86992951161787,180.87991333007812,54328146
2017-11-08,Barclays,180.68037682756508,180.92972872228665,178.7853085153738,178.9847869873047,49243369
2017-11-09,Barclays,178.9847869873047,180.0819414117724,177.9375059856277,178.9847869873047,43230765
2017-11-10,Barclays,178.88511692876887,179.73290453107055,177.98744066727417,178.6856231689453,56936029
2017-11-13,Barclays,178.78534759590906,178.98482611144377,176.84040543578385,178.43624877929688,98992113
2017-11-14,Barclays,178.68558241222908,180.83001808730725,178.28662542205498,180.2315673828125,52607264
2017-11-15,Barclays,179.53339725739988,182.17652174043997,178.1370324775362,181.9271697998047,43864443
2017-11-16,Barclays,182.17650895704497,185.56770424326407,181.97703046238115,184.96925354003906,64669126
2017-11-17,Barclays,184.0715706369827,185.61755541894533,183.27364153475375,184.52040100097656,66355298
2017-11-20,Barclays,185.71730382636758,188.7594002426855,185.66743039936568,188.2606964111328,43732596
2017-11-21,Barclays,188.8092652821899,189.80667290098728,187.46275890912045,188.7095184326172,52269715
2017-11-22,Barclays,189.3079690915886,189.6570526266282,188.0113361433055,188.7095184326172,36885505
2017-11-23,Barclays,187.3131621750294,189.35785092824196,187.2632887480275,188.2606964111328,22932407
2017-11-24,Barclays,188.51007781136028,189.35788054529607,187.3131914722781,188.8591766357422,69658322
2017-11-27,Barclays,188.46021542946002,189.0087928059896,185.0690347333004,187.01397705078125,37415009
2017-11-28,Barclays,186.66487088094186,186.86436462402344,183.57291571324333,186.86436462402344,41048278
2017-11-29,Barclays,189.3578569330107,193.9459231972486,189.15836321867695,193.74644470214844,79538404
2017-11-30,Barclays,193.19787633144333,195.2425652437432,191.20306085002576,192.99839782714844,72175125
2017-12-01,Barclays,192.00101280819894,192.49971673757088,188.36048021147818,188.90904235839844,43627557
2017-12-04,Barclays,192.1007280935302,194.94333089198292,191.45240396041268,193.74644470214844,54254951
2017-12-05,Barclays,194.04568215986552,194.3947657432598,190.05605113203683,191.20306396484375,40010235
2017-12-06,Barclays,189.50745987018365,191.00357139547458,188.55992561467943,190.50486755371094,31864442
2017-12-07,Barclays,191.352691977012,192.00100095748607,190.255537312418,191.1531982421875,27722346
2017-12-08,Barclays,191.60204306617402,198.13505193299855,191.60204306617402,195.89088439941406,59495467
2017-12-11,Barclays,197.536627716832,199.33196489050184,195.39219170800226,198.085205078125,53208643
2017-12-12,Barclays,198.53401676625958,200.22960690667844,197.0379051330839,200.0800018310547,40285470
2017-12-13,Barclays,199.58128064606422,203.4711644673047,199.20824202036516,202.15159606933594,67221862
2017-12-14,Barclays,201.07743626066696,204.06965992395524,200.82808428872627,202.17457580566406,58129231
2017-12-15,Barclays,200.67842687542085,201.7257080078125,197.93555569113664,201.7257080078125,68863272
2017-12-18,Barclays,202.77300809708044,203.9698944091797,202.17455733141324,203.9698944091797,35226775
2017-12-19,Barclays,203.12207700455906,204.61818859129306,202.77299343252824,203.670654296875,38070571
2017-12-20,Barclays,203.52104271347426,204.76780232919117,202.87271858176132,203.0223388671875,51934903
2017-12-21,Barclays,202.02494461398712,204.76781595102926,201.32676222658694,204.01976013183594,36042132
2017-12-22,Barclays,202.37400176641313,202.57349546753025,201.12724223059436,201.62594604492188,17852431
2017-12-27,Barclays,202.42390494184974,202.92260882947156,201.5262440318244,202.1246795654297,28131455
2017-12-28,Barclays,202.4737846644214,203.02236200169423,201.37662998987574,202.87274169921875,20631269
2017-12-29,Barclays,202.72310664803857,203.32155733100277,201.3267420134329,202.57350158691406,15181039
2018-01-02,Barclays,203.42128877561757,204.11947109226924,202.12465577655985,202.67323303222656,23759135
2018-01-03,Barclays,202.67326265092638,203.7704173225981,202.07482710029794,203.17196655273438,26003107
2018-01-04,Barclays,203.22183856171327,205.41613267043442,202.52365614792495,203.9698944091797,41817624
2018-01-05,Barclays,203.82030847495443,204.56836439269577,198.5440122123796,198.6636962890625,58768373
2018-01-08,Barclays,198.4841442046267,202.77300061570926,198.24476086334488,199.581298828125,55607013
2018-01-09,Barclays,199.83064779991437,201.9750683639864,198.24475791873456,201.27688598632812,38643646
2018-01-10,Barclays,196.48932677266066,202.52364670470348,196.48932677266066,200.67843627929688,85664577
2018-01-11,Barclays,199.4815591198301,200.27948840015648,193.97586382673697,195.5916748046875,124866096
2018-01-12,Barclays,196.66883377993244,198.0452612116933,193.13801738357884,193.99578857421875,62954316
2018-01-15,Barclays,199.48155698959704,199.48155698959704,194.29503955171452,195.03311157226562,38161003
2018-01-16,Barclays,194.99320325763676,199.7308897817993,194.05563759461987,198.88308715820312,75894038
2018-01-17,Barclays,198.30464227837422,200.92781465728535,196.9282145319338,198.0054168701172,53204596
2018-01-18,Barclays,199.16237557399282,199.53142679679695,197.38699096658658,198.7833709716797,36794397
2018-01-19,Barclays,199.48152080735662,201.57608286352675,197.78593092434053,199.980224609375,47896486
2018-01-22,Barclays,201.22702955938206,208.65771484375,200.92780416674773,208.65771484375,92915773
2018-01-23,Barclays,209.30603906433032,209.85460119505163,206.9621245778031,208.65771484375,54340331
2018-01-24,Barclays,208.45823760913146,210.3533064087929,207.95953369140625,207.95953369140625,36895346
2018-01-25,Barclays,207.5605431956094,209.95431552722889,207.01196593067021,209.7548370361328,42719168
2018-01-26,Barclays,209.4556427001953,211.40058490999286,209.1065438746674,209.4556427001953,68123589
2018-01-29,Barclays,209.35587699316358,209.75484921775956,206.96210452252444,207.11170959472656,41036237
2018-01-30,Barclays,205.61559283055476,206.4633954696939,199.5812883750643,201.2270050048828,54603987
2018-01-31,Barclays,202.77299778836405,203.67065867199378,198.62377791274142,199.4217071533203,53613477
2018-02-01,Barclays,201.3267329969631,202.52361909005555,196.58904682991314,196.8284149169922,46811134
2018-02-02,Barclays,197.30720603777604,197.80590990677956,194.81368669275858,195.0530548095703,38872443
2018-02-05,Barclays,193.29759806132301,195.8310066968752,192.39992207985725,193.4172821044922,45753135
2018-02-06,Barclays,188.13105390548066,191.6618860316123,186.65489462647875,188.56991577148438,82124653
2018-02-07,Barclays,190.60462584411388,193.5369918254404,189.62715529777068,192.6991729736328,93588729
2018-02-08,Barclays,192.0408484104525,197.38695363838175,190.84396236045708,193.59681701660156,64720143
2018-02-09,Barclays,192.39993286132812,194.3548585849555,191.12325226520818,192.39993286132812,144212087
2018-02-12,Barclays,194.49451592890597,195.75124424521437,192.0608385252821,192.81887817382812,40766079
2018-02-13,Barclays,193.21779898687754,195.35225061446167,192.3201382461974,192.49966430664062,30184717
2018-02-14,Barclays,194.67400127540122,195.81106051022022,192.22038718771722,195.19265747070312,35424730
2018-02-15,Barclays,196.788556830425,199.53142820859577,196.4693790375506,197.98544311523438,48541201
2018-02-16,Barclays,198.9229985274393,199.6810229172986,197.34709250023906,199.5314178466797,52709789
2018-02-19,Barclays,200.1797327604689,202.07481662060056,199.78077574740672,200.4789581298828,30775951
2018-02-20,Barclays,201.22703683200677,202.17457126023092,199.4815730676647,200.5288543701172,55803915
2018-02-21,Barclays,200.47897141117596,202.07483000761582,199.38181672371908,201.5761260986328,73438598
2018-02-22,Barclays,207.26131669107616,214.44264886503535,207.26131669107616,210.45301818847656,108366042
2018-02-23,Barclays,207.9595313355375,210.15382550482315,207.9595313355375,209.25616455078125,46441488
2018-02-26,Barclays,209.3558985733425,210.85201032651807,207.95953369140625,207.95953369140625,45828616
2018-02-27,Barclays,209.15642880924915,211.7496953777165,208.65772487063902,211.45046997070312,75807825
2018-02-28,Barclays,210.40315572917788,215.24058926436697,210.35328229927444,212.94654846191406,81046305
2018-03-01,Barclays,210.72210693359375,212.21835858045952,209.82436203373786,210.72210693359375,55056984
2018-03-02,Barclays,208.37798228012426,209.97399019409136,203.49023277717166,204.7869873046875,61214079
2018-03-05,Barclays,203.83938161494845,206.6822509765625,203.5900063084563,206.6822509765625,86995443
2018-03-06,Barclays,209.4752666118645,212.31815131843297,208.67726255206796,210.8218994140625,56515338
2018-03-07,Barclays,210.82190699344122,211.61989586126523,209.72464946919015,210.4228973388672,72558950
2018-03-08,Barclays,212.46774850497292,212.7171237966454,210.02387369071434,211.76950073242188,46362521
2018-03-09,Barclays,212.16852846738473,212.61740101883376,209.47527793802826,210.22340393066406,40946591
2018-03-12,Barclays,211.5201558643318,213.61489948327818,210.27327922662727,210.97152709960938,39289664
2018-03-13,Barclays,211.27075344402945,212.81688332064422,209.1261167698025,209.17599487304688,47728134
2018-03-14,Barclays,208.57749323048967,208.8767313941949,206.73211004412394,206.88172912597656,51810247
2018-03-15,Barclays,206.88176726608577,208.47777546315953,204.9865208501401,206.48277282714844,72189652
2018-03-16,Barclays,205.83437877213294,210.07375887344838,205.4353691596129,208.97650146484375,64316443
2018-03-19,Barclays,214.46273100540932,219.5499925733359,213.26573276020852,216.45773315429688,100833219
2018-03-20,Barclays,215.51011081025837,216.85672813231488,215.16097934491492,215.4103546142578,48334830
2018-03-21,Barclays,215.01139196775935,215.5101425799691,209.47525712809886,210.921630859375,47770479
2018-03-22,Barclays,209.12614523159826,210.32315898973468,205.43539339911015,206.48277282714844,40465039
2018-03-23,Barclays,204.58752723663977,205.1361407872265,201.89426149062865,203.8394012451172,51836215
2018-03-26,Barclays,204.43789010684245,207.18101870486723,203.5401450175719,205.38551330566406,49037824
2018-03-27,Barclays,207.58002741430133,208.8269040440829,205.0862741547382,205.6348876953125,43549367
2018-03-28,Barclays,204.53763685482372,205.48526000976562,201.74463027657814,205.48526000976562,52744816
2018-03-29,Barclays,206.58253093238145,207.72965137029098,203.63988984088226,205.98402404785156,64604049
2018-04-03,Barclays,204.78703026327383,209.47528356560971,204.68727403997752,206.33316040039062,56800094
2018-04-04,Barclays,206.48273476059666,207.5799920963805,202.04385775794276,206.88172912597656,40605934
2018-04-05,Barclays,210.82185673563654,211.6697235107422,208.27822596900285,211.6697235107422,50014939
2018-04-06,Barclays,211.3705165967957,211.3705165967957,209.02639770507812,209.02639770507812,39367016
2018-04-09,Barclays,210.72213457529665,210.87175367134614,207.48025558183056,210.67225646972656,40824992
2018-04-10,Barclays,212.16851355146176,214.26327227184072,211.1211341912723,214.21339416503906,47633985
2018-04-11,Barclays,213.4153815583992,215.0612676928716,212.81688996276787,214.0637664794922,57975849
2018-04-12,Barclays,214.01390752736242,216.2582854583215,213.9640294180976,215.4602813720703,35579006
2018-04-13,Barclays,216.20839264128023,218.55252663130702,212.26826580798192,212.81689453125,49698774
2018-04-16,Barclays,214.46276074026395,215.8592563498433,212.86675271160703,213.26576232910156,124872788
2018-04-17,Barclays,213.41540131774107,213.41540131774107,210.9715261628242,211.2209014892578,47065417
2018-04-18,Barclays,211.91911069260013,213.8143719600853,210.57249330795833,213.46524047851562,57783345
2018-04-19,Barclays,213.41538909214884,215.21089438374688,213.01639468097645,213.66476440429688,57974131
2018-04-20,Barclays,214.7620201300108,216.10863767232826,213.81439699564052,214.96151733398438,41349994
2018-04-23,Barclays,214.81188602321444,216.10862538564817,214.11362301801455,215.80938720703125,118217783
2018-04-24,Barclays,216.20838809803087,216.20838809803087,214.06376657655684,214.86175537109375,32704204
2018-04-25,Barclays,213.3156556169472,214.9116485385408,211.47027215375587,212.4677734375,54388956
2018-04-26,Barclays,207.9790287562779,217.10615990120206,206.68227397409666,209.47528076171875,87651927
2018-04-27,Barclays,209.97398622889702,210.12360530896746,206.18347892030053,208.4278564453125,72486645
2018-04-30,Barclays,208.27827729680885,208.92664706229993,206.43289377862325,206.73214721679688,57926034
2018-05-01,Barclays,206.23337246785778,207.7795023672507,204.63736446448567,204.9864959716797,26414858
2018-05-02,Barclays,205.38545689400317,206.23333886150346,203.54008911276412,204.93658447265625,55382600
2018-05-03,Barclays,205.13612229468714,206.0338825359806,201.54512699149592,202.19349670410156,50081359
2018-05-04,Barclays,201.4952324449344,205.08624267578125,200.34811220987314,205.08624267578125,79776275
2018-05-08,Barclays,205.58500680879771,206.6822490145507,203.1909947568027,206.38299560546875,61290361
2018-05-09,Barclays,206.68226744345952,210.6722726652277,206.68226744345952,210.4228973388672,47175088
2018-05-10,Barclays,212.96650892114582,214.06376634343002,210.37299967974351,213.26576232910156,39586132
2018-05-11,Barclays,213.1659976553033,214.1136207256517,211.6697458955974,213.91412353515625,24559430
2018-05-14,Barclays,213.71466342667622,216.25829490365834,211.02141283602683,211.3705291748047,30761349
2018-05-15,Barclays,211.71961292650153,212.76699214765495,210.0737421651599,211.0712432861328,33125052
2018-05-16,Barclays,210.5725131607313,211.4203800634443,207.97900390625,207.97900390625,35591185
2018-05-17,Barclays,208.57752416080365,209.5251473346001,207.33064755826575,208.47776794433594,52548787
2018-05-18,Barclays,208.47774283167826,209.27574680530947,206.1336090130103,206.9814910888672,47992028
2018-05-21,Barclays,208.12861542728655,210.22337399665605,207.6797429397531,208.37799072265625,31741219
2018-05-22,Barclays,209.02639500562032,211.02139755357055,208.07877183947625,210.57252502441406,36993710
2018-05-23,Barclays,211.61986375236728,212.1186143294133,206.98148947410306,208.2782440185547,48188515
2018-05-24,Barclays,208.52761658367965,209.27574243947805,204.53761201942137,204.7869873046875,56732534
2018-05-25,Barclays,206.1336412256147,207.53015220286773,202.54264561409735,205.6847686767578,42638275
2018-05-29,Barclays,203.0413599025839,203.19097898518118,196.62741966359707,198.26332092285156,80551999
2018-05-30,Barclays,198.00403360488332,199.08133697440215,195.76962492506678,198.6823272705078,63534542
2018-05-31,Barclays,199.20102198843466,200.5476549359586,195.7696148154619,196.74717712402344,66922727
2018-06-01,Barclays,198.1236897320093,202.6922471988068,198.1236897320093,201.39549255371094,44908763
2018-06-04,Barclays,202.64235338746636,204.1884832206083,201.74460843695024,204.0388641357422,36941868
2018-06-05,Barclays,202.94161604681904,202.94161604681904,197.3057403564453,197.3057403564453,52802094
2018-06-06,Barclays,197.7845212796784,201.14609519066926,197.22592308658713,200.74710083007812,98506035
2018-06-07,Barclays,200.7471561303012,202.89177804541544,199.74965473338042,200.64739990234375,40826403
2018-06-08,Barclays,199.64983622480332,200.0987238899182,197.38551971902274,198.50271606445312,35815683
2018-06-11,Barclays,200.24837005615234,200.94661786651238,199.00149353027342,199.500244140625,39582247
2018-06-12,Barclays,200.49774172693077,200.9466142239784,198.0837906430659,198.3231964111328,58642308
2018-06-13,Barclays,198.70222214190693,199.64984517170444,197.22592473062258,197.38552856445312,52338989
2018-06-14,Barclays,196.846891098368,200.74712460071189,195.19103538659104,200.0987548828125,53958702
2018-06-15,Barclays,199.4603487390091,200.39798709147883,193.51523482762641,194.0538787841797,76095469
2018-06-18,Barclays,194.27332694026757,196.667338936739,193.0962828380142,194.47283935546875,26562810
2018-06-19,Barclays,191.67980297695402,193.654850768987,190.00399331957914,192.5177001953125,52893403
2018-06-20,Barclays,194.01399219950522,195.88929941117112,193.0364452409535,193.2159881591797,43594187
2018-06-21,Barclays,193.19603147387062,193.7546449496258,188.82698642400536,189.7247314453125,45896670
2018-06-22,Barclays,190.38304930726392,194.01395248792892,190.00399404104712,193.53515625,31857132
2018-06-25,Barclays,192.09878275454784,192.47783808082778,189.82448123818884,189.9840850830078,30477268
2018-06-26,Barclays,190.3830907581989,191.58008922396525,188.44793588189034,188.58758544921875,31013944
2018-06-27,Barclays,189.0065098126627,189.42545846069945,185.55516442712496,187.53021240234375,81278782
2018-06-28,Barclays,186.2933119791417,189.74467270496774,186.113769075471,189.44541931152344,40182754
2018-06-29,Barclays,191.36062495102217,192.6174861937096,188.4080299473412,188.52772521972656,40829966
2018-07-02,Barclays,186.31326299627185,187.1112669579064,184.45791025425186,184.93670654296875,45534173
2018-07-03,Barclays,185.55516692322445,186.41301851521845,183.9591590058116,185.29580688476562,112941066
2018-07-04,Barclays,184.5776048439958,186.3731099459204,184.5776048439958,185.29580688476562,49836923
2018-07-05,Barclays,185.55517551102173,188.56761814408645,185.55517551102173,186.13372802734375,29031826
2018-07-06,Barclays,186.3930823785907,186.83198535964567,184.47788182361896,186.0339813232422,26715611
2018-07-09,Barclays,186.03399442330883,188.50779341176369,185.61504569934436,187.9093017578125,48483437
2018-07-10,Barclays,188.10876604209773,190.90177226686242,185.5551655693961,186.01400756835938,31844390
2018-07-11,Barclays,185.5352338743477,187.7297335964712,183.0813740840799,186.99159240722656,55985713
2018-07-12,Barclays,187.66990208116513,189.9841125030648,185.4155545252078,189.02650451660156,76077919
2018-07-13,Barclays,190.00401286718815,190.72221490557203,188.68731927725742,189.2060089111328,35192127
2018-07-16,Barclays,189.52519578452328,193.27579417955914,188.38804521864245,189.21597290039062,38742128
2018-07-17,Barclays,190.76212085827308,192.298265895566,187.88931274414062,187.88931274414062,48822488
2018-07-18,Barclays,188.46787182685225,189.52522062238737,185.65491124643484,188.42796325683594,43510397
2018-07-19,Barclays,188.16864139270024,189.66489331701263,184.97664033163278,185.0564422607422,49980327
2018-07-20,Barclays,184.77713300380026,186.61253161085475,182.861932472005,186.3132781982422,45066501
2018-07-23,Barclays,186.03398286367184,186.8718802595361,184.4978376379206,186.11378479003906,42342468
2018-07-24,Barclays,187.5302494579157,190.58260108293535,186.77215392890722,188.8668975830078,129353852
2018-07-25,Barclays,188.74716499835213,190.40302052677788,186.79205608685461,187.53021240234375,40256331
2018-07-26,Barclays,188.44793055025585,189.86438047041514,188.02898186012374,188.707275390625,25851699
2018-07-27,Barclays,190.5825774783083,190.96163280619578,189.6249848466543,190.4229736328125,43018685
2018-07-30,Barclays,189.64495924284589,193.35566562829857,189.52526394675493,192.47787475585938,33163761
2018-07-31,Barclays,192.25837393764283,195.62991741860375,191.93916626902723,193.47532653808594,35121549
2018-08-01,Barclays,194.5326890867558,195.27083023657235,189.82448218571733,191.22097778320312,133232332
2018-08-02,Barclays,197.0065199955665,197.0065199955665,184.7172958473932,186.0738983154297,195187405
2018-08-03,Barclays,186.47287324915544,190.46287797396232,186.47287324915544,188.2284698486328,45961471
2018-08-06,Barclays,188.42798344810322,188.94668836927917,186.37313327120728,188.08883666992188,181057065
2018-08-07,Barclays,188.08885195566918,189.76466213694346,186.5327522863405,188.88685607910156,35712022
2018-08-08,Barclays,188.78708049157788,193.11624747043012,188.62749185979095,192.63743591308594,45918718
2018-08-09,Barclays,190.88657911087802,191.26568349842807,188.77160773324164,191.04620361328125,31744420
2018-08-10,Barclays,189.92887091567897,190.10843707182687,185.63905736589444,187.1953582763672,41570399
2018-08-13,Barclays,186.11792132369467,186.9958409296505,184.0029497885809,184.06280517578125,35928796
2018-08-14,Barclays,184.38202571379173,185.08036382760835,182.86562350762625,183.52406311035156,65386513
2018-08-15,Barclays,184.7412040050415,184.82101626973648,178.81529177211198,179.37396240234375,94325775
2018-08-16,Barclays,180.17206357493913,181.98774306019084,179.57347922181344,181.74830627441406,37612805
2018-08-17,Barclays,181.92784537438027,183.7435244375185,181.10978129680282,182.1672821044922,24124066
2018-08-20,Barclays,182.74589335785726,184.5815445013705,182.4067027421212,183.2846221923828,28754161
2018-08-21,Barclays,182.34685655554165,184.90078756942185,182.2670443085292,183.9630126953125,28271396
2018-08-22,Barclays,183.4442747616547,185.4594771208003,183.3245487675265,184.76113891601562,31380373
2018-08-23,Barclays,184.92076479479252,185.22005694838097,182.70602416992188,182.70602416992188,48603130
2018-08-24,Barclays,181.92786998981848,184.5616134868883,181.92786998981848,183.22479248046875,27437058
2018-08-28,Barclays,184.56160136051585,185.10031501247585,182.50648542423036,183.26467895507812,27523590
2018-08-29,Barclays,183.10507017121864,183.5440299666655,179.61336389987662,181.0100555419922,38206958
2018-08-30,Barclays,180.95015931705547,180.95015931705547,177.77768756217944,177.87745666503906,39664086
2018-08-31,Barclays,178.37632126453695,178.45613352446088,174.76488881048252,175.28366088867188,55999433
2018-09-03,Barclays,176.4808391972983,177.37871583092246,175.82241459980165,177.09938049316406,42328205
2018-09-04,Barclays,178.2965114227472,180.67087671413137,177.57821629632227,180.591064453125,46907935
2018-09-05,Barclays,179.812898745432,180.13213253985523,177.31882288456197,177.5782012939453,87522028
2018-09-06,Barclays,177.3188146277651,178.2166758068173,175.52307704703048,175.78245544433594,56094829
2018-09-07,Barclays,175.80244296333916,175.86229835602757,172.0114441258662,174.08651733398438,55377621
2018-09-10,Barclays,174.22615734976574,176.83994390002945,173.088859401222,176.38104248046875,108272589
2018-09-11,Barclays,176.1615947101162,176.38107463692194,173.2884140120291,174.32595825195312,46928387
2018-09-12,Barclays,174.0865164119253,174.32595320404369,171.33306180441173,171.81192016601562,44363997
2018-09-13,Barclays,172.23092150667176,173.9069485903866,171.3330601843253,171.79196166992188,37694060
2018-09-14,Barclays,171.5924091003674,172.01141199354802,170.59477881490014,170.67459106445312,52296269
2018-09-17,Barclays,170.21567926843545,171.3729340858688,168.79904604956243,170.7344512939453,37770697
2018-09-18,Barclays,170.39524676148605,170.81424963243518,168.69927841070256,169.0584259033203,37577249
2018-09-19,Barclays,168.59954526832976,172.98911313892557,167.94110552095063,172.70977783203125,65874933
2018-09-20,Barclays,173.68745186873102,174.82474987090467,173.00905530775782,173.84706115722656,53951833
2018-09-21,Barclays,174.8846183726155,177.33878071906003,174.2062217607651,176.08177185058594,91188368
2018-09-24,Barclays,175.38339163511668,177.19907067745484,175.1040563978339,175.56295776367188,27564081
2018-09-25,Barclays,175.56299510925743,175.96205640642702,174.1064632368264,174.7050323486328,72762296
2018-09-26,Barclays,174.7648807747892,175.6827141103961,173.56772737623987,175.18389892578125,35147625
2018-09-27,Barclays,174.3658304553191,176.83994944821393,173.3881569797014,176.26132202148438,66701076
2018-09-28,Barclays,174.5853265485699,174.76489272044202,170.47509401764023,171.37295532226562,59694245
2018-10-01,Barclays,172.29074720820876,173.7273372545067,170.29548663782387,171.991455078125,51310092
2018-10-02,Barclays,170.99382112675673,171.15344562239633,168.99856059915103,169.87648010253906,54657741
2018-10-03,Barclays,171.19335753091983,172.4902646819212,169.99618904902684,172.11117553710938,61715180
2018-10-04,Barclays,171.69219435957,176.06180506933612,171.2532345570749,173.88697814941406,53882628
2018-10-05,Barclays,174.68508237770283,175.4033774557522,172.5301971435547,172.5301971435547,44503624
2018-10-08,Barclays,172.07128251766505,172.15109477424167,168.16057328119896,168.5995330810547,34660360
2018-10-09,Barclays,169.55725616106656,169.55725616106656,166.7838298621334,167.36245727539062,33198560
2018-10-10,Barclays,167.60190242358183,173.02901408053788,167.10308723779735,171.2332763671875,108893129
2018-10-11,Barclays,168.59951319013322,170.45510607438544,166.92350166764976,167.6018829345703,78297935
2018-10-12,Barclays,167.302576689583,170.0959442138672,164.54912289682437,164.60897827148438,66516750
2018-10-15,Barclays,163.75103554188965,164.66885358393688,162.3344023537757,162.97288513183594,43756978
2018-10-16,Barclays,163.0127873619998,163.61137163997878,160.85791745106272,162.45411682128906,40971219
2018-10-17,Barclays,163.0127909432539,164.74867320942434,162.4142218747554,164.56910705566406,39514446
2018-10-18,Barclays,164.82845812698997,165.78617456680672,163.73105884946204,164.60897827148438,54750514
2018-10-19,Barclays,164.4095108519343,164.58907703660742,162.0950007652572,163.03277587890625,39041376
2018-10-22,Barclays,164.46933652487374,165.70640361205585,163.89070910777068,164.92825317382812,65195405
2018-10-23,Barclays,162.85317018863583,165.8261041205613,162.8132564533019,165.3671875,63482466
2018-10-24,Barclays,168.5995482254171,171.47272882973178,163.73110669535782,170.29551696777344,78197132
2018-10-25,Barclays,169.3577448248328,173.68747267774984,168.51973887496487,171.6522979736328,49989302
2018-10-26,Barclays,169.59716378638785,169.75678829985364,166.06555895608798,167.66175842285156,53724595
2018-10-29,Barclays,168.00095149257214,173.82712453609935,167.3624686522361,172.59005737304688,41751357
2018-10-30,Barclays,172.61002829878953,172.80955134839826,168.75917407307284,169.55728149414062,36174619
2018-10-31,Barclays,171.55253382941194,173.28840101882275,170.93399261723178,172.09124755859375,64958723
2018-11-01,Barclays,172.0513203907345,177.85752055621472,171.37292390190038,175.12400817871094,52198345
2018-11-02,Barclays,178.07701524645827,180.5710910902462,175.30360412597656,175.30360412597656,145881987
2018-11-05,Barclays,175.96205387106298,176.1615769054569,174.3857960208767,174.4855499267578,23418021
2018-11-06,Barclays,174.58533033697873,175.2038563503587,171.57248208825484,172.5501708984375,26906631
2018-11-07,Barclays,172.6898070236137,176.2214115059474,172.6898070236137,174.98434448242188,45259728
2018-11-08,Barclays,175.72260474455027,179.5734584059384,175.72260474455027,178.47605895996094,36094586
2018-11-09,Barclays,176.38104248046875,177.5781958122047,172.9292348976224,176.38104248046875,41871763
2018-11-12,Barclays,176.7800866761498,176.8000435445496,170.21567745461448,170.3354034423828,43030561
2018-11-13,Barclays,171.29312028233159,175.16393073603228,170.4551144797666,175.04421997070312,43385986
2018-11-14,Barclays,174.58528848103848,176.3411121879013,172.1111697980433,173.1686553955078,34710962
2018-11-15,Barclays,172.6099867464494,174.02661984706856,160.09969513108936,166.0455780029297,98099954
2018-11-16,Barclays,167.0831261590632,168.53967316282,163.0527062574122,164.58905029296875,57852586
2018-11-19,Barclays,164.60901971928348,167.40238794692502,164.60901971928348,165.68646240234375,23590867
2018-11-20,Barclays,164.40949621448473,165.52683741332953,160.2992485338459,161.15721130371094,37539709
2018-11-21,Barclays,162.6536269898307,166.52443717699836,161.6360551093391,166.24510192871094,40538141
2018-11-22,Barclays,166.3448873245578,167.18289315145088,164.01042077445445,165.12777709960938,33473310
2018-11-23,Barclays,165.00807880672014,167.10310894825912,162.67362708738244,164.15011596679688,36989462
2018-11-26,Barclays,166.06554975935543,168.8988162146251,166.06554975935543,168.30023193359375,35798057
2018-11-27,Barclays,166.62422331205923,168.59952711892657,164.72871653631523,167.96104431152344,35348177
2018-11-28,Barclays,168.08075100013886,169.67696559120887,165.7662565879809,166.4047393798828,46528217
2018-11-29,Barclays,167.00331350948565,168.59952814906168,165.9857415188211,166.8437042236328,48274071
2018-11-30,Barclays,167.16295217098164,167.16295217098164,161.15721272881797,162.49404907226562,56930709
2018-12-03,Barclays,164.64891537968026,167.1429913927322,162.39427614402877,163.01280212402344,39053819
2018-12-04,Barclays,163.71116098149346,165.12779437688158,158.50352887679355,158.74295043945312,77755231
2018-12-05,Barclays,154.71247804034795,160.95763699853936,153.0763652820209,158.08447265625,69986594
2018-12-06,Barclays,156.647909252195,156.80751852619068,152.01890540846395,152.95668029785156,69360218
2018-12-07,Barclays,153.85457977284608,157.26647431922186,152.95671839529643,153.99424743652344,52239594
2018-12-10,Barclays,153.0365110704678,155.01183040088011,151.8593143991816,152.99661254882812,61971887
2018-12-11,Barclays,151.8393363422,154.95195338798194,150.80180747536008,153.6749725341797,53710603
2018-12-12,Barclays,152.51775161449874,159.10210360405796,151.3205828685489,158.6232452392578,85761698
2018-12-13,Barclays,159.6607451548168,162.87311591127963,158.3837795994983,158.64317321777344,55348886
2018-12-14,Barclays,156.50828919552447,158.6232611394744,155.03178498688536,158.06459045410156,44436672
2018-12-17,Barclays,156.02939082137178,158.00471000342287,151.65977995493768,152.4778289794922,60747200
2018-12-18,Barclays,151.69965732144763,154.73246188493067,151.69965732144763,151.83932495117188,38879220
2018-12-19,Barclays,151.83929547836627,153.1362176298546,150.66209928813777,151.10105895996094,33971431
2018-12-20,Barclays,148.44741700792903,149.94386271320525,147.3899311451551,147.48968505859375,83225321
2018-12-21,Barclays,147.72912391996786,148.64694213867188,145.8136752171117,148.64694213867188,104312937
2018-12-24,Barclays,147.7091676378442,149.06594571061493,145.95334345887218,146.01319885253906,21661736
2018-12-27,Barclays,148.3675844138812,148.88635644963065,144.656398355502,145.7338409423828,28846377
2018-12-28,Barclays,144.9157843115865,150.04360388393906,144.9157843115865,149.7842254638672,23548059
2018-12-31,Barclays,147.7490363419416,150.16329956054688,147.4098305101782,150.16329956054688,11218424
2019-01-02,Barclays,148.08820962705914,150.84166313268804,145.09531942513033,150.32289123535156,30140271
2019-01-03,Barclays,149.06593999836164,153.85456920244093,148.28778946524494,149.90394592285156,43761563
2019-01-04,Barclays,152.6773665316135,156.2089870612065,150.5823515944794,154.7324981689453,34380996
2019-01-07,Barclays,154.79233361714017,156.72773899249822,152.41796843838566,155.0517120361328,41121106
2019-01-08,Barclays,155.73012469868394,158.86268381068982,155.3909187647981,156.94723510742188,23750186
2019-01-09,Barclays,158.62322157566595,158.62322157566595,155.809896754065,156.44839477539062,29908109
2019-01-10,Barclays,156.14912289727016,159.08215886717906,155.07168018040778,158.96243286132812,24283222
2019-01-11,Barclays,158.14436510814056,158.48355576891288,155.17141574688435,156.84744262695312,29964836
2019-01-14,Barclays,155.71016060558313,158.92253183408025,155.63034834381912,158.74295043945312,39430540
2019-01-15,Barclays,160.61848348550242,161.97526134621066,157.36621408265114,158.72299194335938,31620615
2019-01-16,Barclays,159.94010496689822,161.4764490074414,158.20422267831503,161.0175323486328,52890246
2019-01-17,Barclays,159.38142827893756,160.75816311129356,157.42608120666725,159.99996948242188,25949153
2019-01-18,Barclays,161.39661632468193,165.62657395206645,160.23936161210094,165.46694946289062,40871801
2019-01-21,Barclays,165.46696826972723,165.54678052338653,162.79331105134852,164.56910705566406,19081195
2019-01-22,Barclays,162.6935722573014,163.71115955765168,161.55627417666253,162.87313842773438,23556175
2019-01-23,Barclays,162.05508762709104,162.83323813576007,160.4389312202603,162.47409057617188,16472115
2019-01-24,Barclays,163.1724432763551,164.17007378327594,161.11732686771947,162.2745819091797,23991637
2019-01-25,Barclays,163.11256680717892,164.03038492824666,162.61375161816616,163.71115112304688,29903977
2019-01-28,Barclays,162.7135162558115,162.7135162558115,158.72299485380637,159.70066833496094,26265295
2019-01-29,Barclays,159.62086308741962,162.15483759097444,158.9424817261613,160.91778564453125,64362766
2019-01-30,Barclays,160.11967613540045,162.07503837993394,158.82275359569644,161.4564971923828,51379013
2019-01-31,Barclays,160.31916224816186,161.4165615034978,156.28874313539973,157.8051300048828,49242728
2019-02-01,Barclays,158.68310046837783,159.16195883268415,155.33106147296783,158.244140625,48364111
2019-02-04,Barclays,158.1244426062398,159.2218423032863,157.18666745106083,158.02467346191406,35033974
2019-02-05,Barclays,157.96479103021332,161.15720520804183,157.82512338564055,160.13963317871094,35828717
2019-02-06,Barclays,159.44128910934532,161.45649144676727,158.2042220008971,161.19711303710938,42470095
2019-02-07,Barclays,160.05979413295464,160.97761210405483,156.04931640625,156.04931640625,44383164
2019-02-08,Barclays,156.56809534729982,157.66547949907212,154.57283482848143,155.57046508789062,33753322
2019-02-11,Barclays,157.1068514599907,157.54581132841517,155.1714457979195,156.46836853027344,23954410
2019-02-12,Barclays,157.46599065855173,158.2042426908465,156.90732002768345,157.6854705810547,18314982
2019-02-13,Barclays,157.80514760286687,158.68306710503873,156.56809581994804,157.64553833007812,16834071
2019-02-14,Barclays,158.02464871439852,158.98238059298347,156.00944627379081,156.58807373046875,16196805
2019-02-15,Barclays,156.5082681742278,159.56101488258375,156.18901912681758,159.12205505371094,24137384
2019-02-18,Barclays,159.6208501535143,159.76051778849342,157.62558952659538,157.74530029296875,21331507
2019-02-19,Barclays,157.62561476605492,158.68310063202873,156.82750734296604,158.6232452392578,24078775
2019-02-20,Barclays,158.2241531789174,161.01750551438093,157.60561211381173,160.49874877929688,46171558
2019-02-21,Barclays,165.3073414364482,168.24037702097718,159.62085164125466,160.3990020751953,54673325
2019-02-22,Barclays,158.3638803311054,159.94013844019844,155.59046859637954,155.77003479003906,64590604
2019-02-25,Barclays,156.08927299190523,159.3415429055849,154.23367967363816,158.8427276611328,123302392
2019-02-26,Barclays,158.22420216181652,164.9083234154457,157.60566090522343,164.50926208496094,94779694
2019-02-27,Barclays,163.29213035905232,167.96104836937388,163.29213035905232,166.50450134277344,54904955
2019-02-28,Barclays,162.51303873092635,165.7261799634734,161.67483194668313,163.81027221679688,48669408
2019-03-01,Barclays,164.96780814996131,165.02767788923703,161.69478188216686,162.15380859375,37978418
2019-03-04,Barclays,163.0319254249467,164.84804001557825,162.71259987311504,163.3911590576172,56376661
2019-03-05,Barclays,163.6506375199312,165.26718162790016,163.07187124301151,164.20944213867188,153922400
2019-03-06,Barclays,164.62850150326747,166.06543598156185,163.63063202959415,164.96778869628906,82958305
2019-03-07,Barclays,164.56865557805088,165.12746012794153,159.69904696966321,161.9342803955078,53376219
2019-03-08,Barclays,159.67909041391732,160.31772631990395,157.5037268669035,158.4417266845703,48810878
2019-03-11,Barclays,159.5194270017901,160.65699768066406,158.66125857904092,160.65699768066406,29078530
2019-03-12,Barclays,162.49308460897024,165.16738309741544,161.73470918230052,162.51304626464844,51935288
2019-03-13,Barclays,161.7147203779667,164.34909511279687,161.29561703677547,163.55079650878906,106573971
2019-03-14,Barclays,164.56863978635278,166.70407995496893,163.81026443088518,164.62850952148438,45237564
2019-03-15,Barclays,165.14740653003335,165.5864715576172,164.06970561494956,165.5864715576172,69892412
2019-03-18,Barclays,165.64634272844623,165.86587524414062,164.84804405558313,165.86587524414062,41757822
2019-03-19,Barclays,166.18517504926058,169.07900565177272,165.0476044610399,168.2407989501953,37292304
2019-03-20,Barclays,168.08113858684032,168.56011167655902,163.98986760546154,164.08966064453125,50566922
2019-03-21,Barclays,163.43107940689396,163.85018280542403,159.87866612063604,160.23789978027344,40966425
2019-03-22,Barclays,160.1181659579697,161.65487847352426,154.6697911320757,155.10885620117188,54265702
2019-03-25,Barclays,155.0689170405632,156.20648768228048,153.09313965785012,155.2086181640625,33837424
2019-03-26,Barclays,155.22856813181144,155.82729588818077,152.474453950327,152.973388671875,39907078
2019-03-27,Barclays,154.29058003445562,157.48377467377756,153.07317800412721,155.2086181640625,47161776
2019-03-28,Barclays,155.20861084599073,155.64767584950965,152.5941977039387,152.7538604736328,29229204
2019-03-29,Barclays,154.1109849057615,155.06893120402924,152.6540885765319,154.3504638671875,33607623
2019-04-01,Barclays,154.86934849479047,158.24215238914203,154.66977763342285,157.9827117919922,33997748
2019-04-02,Barclays,158.04259005269267,160.79670463119837,157.48378552020876,159.6591339111328,29387265
2019-04-03,Barclays,161.5550721275291,163.8102670284499,160.63703397963278,163.65060424804688,108305713
2019-04-04,Barclays,164.08967158200005,164.9079166970483,162.2535952604606,164.3092041015625,46618350
2019-04-05,Barclays,165.0875367719971,165.46673206418203,161.77460263797843,162.41323852539062,46549562
2019-04-08,Barclays,162.0939685807427,162.97209885457698,160.63707201063448,161.77464294433594,27047782
2019-04-09,Barclays,161.25573212493262,163.5508200050408,160.33767870135142,161.0960693359375,22958172
2019-04-10,Barclays,161.91428550612906,162.55292132153286,160.09817109175037,160.7966766357422,15023648
2019-04-11,Barclays,161.71473974170758,164.52873923187084,161.21580495774512,163.33128356933594,25734878
2019-04-12,Barclays,163.6106910400432,167.3626749042776,162.59285987971418,165.60643005371094,37877028
2019-04-15,Barclays,167.64209474936746,168.16099121076016,165.70622526665178,167.32276916503906,35424658
2019-04-16,Barclays,168.10113540335323,168.9992120377207,166.34487499654298,167.0433807373047,30302038
2019-04-17,Barclays,168.4004720937098,169.71766730466715,167.50239552353494,168.5601348876953,37307158
2019-04-18,Barclays,169.03909301757812,169.63782082866217,166.26501693036482,169.03909301757812,36191982
2019-04-23,Barclays,169.45821576668126,170.09685167519663,163.8901018019936,166.22511291503906,38797261
2019-04-24,Barclays,164.98775033784943,166.74401051829415,163.65060877412444,166.02554321289062,69575842
2019-04-25,Barclays,165.14741422495908,165.14741422495908,158.74109339758573,160.0582733154297,39058951
2019-04-26,Barclays,159.7389532098488,161.3355352922984,157.9228233905114,160.6968994140625,32612328
2019-04-29,Barclays,161.41539700176472,164.36909800987502,161.07612495846948,164.34913635253906,31281940
2019-04-30,Barclays,164.68838330869738,165.0476169546062,162.57290474183492,163.9300079345703,43942256
2019-05-01,Barclays,164.2094052672913,166.7240407132751,163.1915740966797,163.1915740966797,15992214
2019-05-02,Barclays,163.3113534302993,165.78606594223317,162.3933151633929,164.18946838378906,21953392
2019-05-03,Barclays,163.75040218699192,165.6064401923835,162.83234878537348,163.33128356933594,30493616
2019-05-07,Barclays,162.13384654794987,162.55294994815176,158.78100412005324,159.0803680419922,57021032
2019-05-08,Barclays,158.6612577465419,159.45955642825868,156.46594779153148,159.22006225585938,36524855
2019-05-09,Barclays,158.52154151327693,158.6612426272938,156.02686788706163,156.5258026123047,67875683
2019-05-10,Barclays,157.60350581416847,159.41962032367726,156.48589688524,157.1844024658203,32144009
2019-05-13,Barclays,158.18230473772945,158.64131626033108,154.07107133342558,154.76959228515625,27545969
2019-05-14,Barclays,154.8094946128976,157.38400009915054,154.72966321491896,157.30416870117188,22838968
2019-05-15,Barclays,161.0561452423426,161.0561452423426,157.52369360412266,159.6591339111328,33142294
2019-05-16,Barclays,158.96061220599978,160.63702563429717,157.8429880275215,160.33766174316406,21533907
2019-05-17,Barclays,159.060391989499,159.77885924660774,156.7253810170357,158.4018096923828,21583524
2019-05-20,Barclays,158.80097769245498,159.12030329349548,154.6099281496361,156.0269012451172,25184744
2019-05-21,Barclays,156.4659412294718,158.46168023692354,155.8472517832912,156.66551208496094,30334065
2019-05-22,Barclays,156.56572486955122,157.1045829483299,152.0354038536356,152.4944305419922,69987679
2019-05-23,Barclays,151.25704292238947,151.49653705580153,147.3453967676632,149.1814727783203,39043440
2019-05-24,Barclays,150.45875188546043,151.2370888250765,148.56280605332475,148.94198608398438,29139281
2019-05-28,Barclays,148.8222690046095,150.53860590553015,148.14372499676162,150.3390350341797,48841492
2019-05-29,Barclays,148.54285107969417,150.59845976783123,147.68468271970417,150.4387969970703,29141132
2019-05-30,Barclays,151.1173492309791,153.45236004774824,150.33901229205605,150.5784912109375,22478909
2019-05-31,Barclays,149.02183532714844,150.11949792549265,148.1237588203439,149.02183532714844,46562842
2019-06-03,Barclays,147.7245799039184,149.99973615375882,147.1857371251922,149.16151428222656,44774283
2019-06-04,Barclays,148.96197441972174,154.07106195932693,148.76240354263376,153.77171325683594,49006117
2019-06-05,Barclays,153.87146966302402,153.87146966302402,150.73816012743188,152.1750946044922,67049984
2019-06-06,Barclays,153.01331788753228,153.19294232976844,149.2812953996246,150.9178009033203,31278842
2019-06-07,Barclays,151.35683337653427,152.23496337950107,149.87999082940985,150.7381591796875,21154119
2019-06-10,Barclays,151.6561979648355,153.4124579789112,150.37892625984216,152.7538604736328,21160315
2019-06-11,Barclays,152.29483261276727,153.7317670760894,151.19718533893152,151.89569091796875,22900404
2019-06-12,Barclays,150.45877248547077,150.97766892501906,149.30124013043275,150.15940856933594,24086085
2019-06-13,Barclays,149.3611093506002,149.80017439590497,148.4231247485087,149.2014617919922,31869890
2019-06-14,Barclays,148.44307722404267,149.00189699391964,147.50509258374046,148.6825714111328,24241710
2019-06-17,Barclays,148.94202615628058,151.31696091813131,148.94202615628058,150.41888427734375,26511504
2019-06-18,Barclays,150.17936076748083,152.41459394408562,148.98192040462408,151.2770233154297,30884820
2019-06-19,Barclays,150.9576855646315,153.53219051116267,150.89781583526926,152.8935546875,30129518
2019-06-20,Barclays,152.43454996991062,153.19294058762304,150.13946214086656,150.15940856933594,27212037
2019-06-21,Barclays,150.51864960309496,152.31481796168552,148.38320922851562,148.38320922851562,79909331
2019-06-24,Barclays,148.68256540049694,149.540733836692,147.48512496601765,148.1437225341797,58858446
2019-06-25,Barclays,147.1658023200039,147.32546510811497,145.46942706859818,146.5870361328125,27052544
2019-06-26,Barclays,146.34757346071146,148.98194885253906,146.3276118034061,148.98194885253906,40422872
2019-06-27,Barclays,150.1194696196355,151.55640394060563,149.02180722826162,149.68040466308594,21677392
2019-06-28,Barclays,149.68045162755152,150.5186585023579,148.48301105978769,149.4808807373047,27885051
2019-07-01,Barclays,151.4566090398015,152.75384224275425,150.9975976645628,152.19503784179688,93933886
2019-07-02,Barclays,153.75175651646816,154.3903924793351,151.7759788854552,153.452392578125,26919563
2019-07-03,Barclays,153.19292984825657,154.64981079101562,152.6341253646624,154.64981079101562,21486262
2019-07-04,Barclays,154.62987700084076,156.10671971764387,154.0311491616139,155.62774658203125,19335461
2019-07-05,Barclays,155.24853495110966,158.12240391528545,155.00904079533504,156.88504028320312,38847901
2019-07-08,Barclays,156.78526423100186,158.66126392211368,155.26851342561253,156.585693359375,84330908
2019-07-09,Barclays,156.1466280544516,156.88505702719092,154.13094246010192,156.10671997070312,24010608
2019-07-10,Barclays,156.5058247605666,158.6013564801981,155.96698201264078,156.14659118652344,34723823
2019-07-11,Barclays,156.64555417894263,157.80308648526344,155.72751604070635,157.603515625,28734987
2019-07-12,Barclays,158.74106587145675,159.4994411334819,156.84510487697582,156.8650665283203,23590936
2019-07-15,Barclays,156.46594554070177,156.98484196029526,154.3903750886085,156.44598388671875,20102161
2019-07-16,Barclays,156.0069114554556,158.24214458080706,156.0069114554556,157.7432098388672,28751304
2019-07-17,Barclays,157.6434301219867,157.6633917767096,154.76957611942174,155.4481201171875,19276599
2019-07-18,Barclays,154.55003446461976,156.4260187881339,154.1708391786961,155.98696899414062,27047530
2019-07-19,Barclays,156.5458082718989,156.98487338974488,154.43031408830313,155.28848266601562,26541048
2019-07-22,Barclays,155.94701667092724,157.08458709075694,155.04894037021654,156.26634216308594,23556379
2019-07-23,Barclays,157.06468133687414,160.6769799276407,156.82520235880722,159.75894165039062,30747922
2019-07-24,Barclays,159.65913131957134,160.17802775971873,157.86296304696992,159.5792999267578,20769565
2019-07-25,Barclays,160.91642520701257,161.1559193612082,157.52367510044638,159.20008850097656,33082431
2019-07-26,Barclays,158.82091451669098,160.13809434932898,158.04257751870483,159.73895263671875,19674229
2019-07-29,Barclays,158.96062051287797,160.95635958968427,158.6013868700016,160.47738647460938,36762512
2019-07-30,Barclays,159.93854655771509,160.27781858498813,156.96489925898325,157.38400268554688,36105583
2019-07-31,Barclays,156.66553225969216,159.93854343529523,152.29485839812608,153.7517547607422,58800125
2019-08-01,Barclays,155.16870206911835,159.19011480174618,154.05109313884353,155.5478973388672,49978955
2019-08-02,Barclays,153.99122671855878,154.31053703709833,151.43666803884216,152.8336944580078,214718672
2019-08-05,Barclays,150.65834350712294,151.3169410780321,146.2278001774159,146.98619079589844,282344614
2019-08-06,Barclays,147.18575590436043,149.1814949674704,145.5492504816615,146.9263153076172,62402418
2019-08-07,Barclays,148.04392254618324,148.46302591728784,145.66898821697666,147.2256622314453,29807601
2019-08-08,Barclays,146.01799002341036,146.7964852496432,143.2433500674778,145.6387176513672,99598938
2019-08-09,Barclays,144.04182828149044,147.036045735164,143.0437557969326,143.48289489746094,27373127
2019-08-12,Barclays,144.4809827882806,144.7205256926933,141.20730590820312,141.20730590820312,92185786
2019-08-13,Barclays,141.2072906348403,142.38502408409184,139.94972478879853,140.82803344726562,35453739
2019-08-14,Barclays,141.067551858474,141.70631759660796,137.81384125944427,138.49252319335938,40414641
2019-08-15,Barclays,138.4925221392254,139.03148976911586,136.2049479727776,136.93553161621094,46069480
2019-08-16,Barclays,138.29291035270057,139.73013705626522,137.0153788893934,139.5504913330078,41389283
2019-08-19,Barclays,140.02956996542994,141.24721959177626,139.84990900235107,140.32899475097656,40913390
2019-08-20,Barclays,140.28906633087797,141.09651269907732,137.65415557446963,138.21307373046875,113580699
2019-08-21,Barclays,138.2330458925811,140.1892747592076,138.2330458925811,138.91172790527344,87447577
2019-08-22,Barclays,138.27295733512184,140.02957468047597,138.1332277944121,139.0514678955078,30987696
2019-08-23,Barclays,140.28904175443105,140.9278074250108,137.77389526367188,137.77389526367188,28748111
2019-08-27,Barclays,137.47451938495487,137.7739289683368,136.21693821723636,136.4165496826172,57867087
2019-08-28,Barclays,136.7159640043075,137.4944593201189,134.44035996895454,135.89755249023438,65332813
2019-08-29,Barclays,135.238810821737,137.55434611048284,134.88050928574526,137.27487182617188,37868778
2019-08-30,Barclays,137.97353862039688,138.2130662575156,135.53823944717834,136.33670043945312,30570424
2019-09-02,Barclays,137.27487182617188,138.69214804253863,136.95648648543815,137.27487182617188,17558771
2019-09-03,Barclays,137.13513023505567,137.5932450629568,135.79771698560842,137.0552978515625,23726386
2019-09-04,Barclays,137.65414822871213,138.2729482642071,136.55627768926553,137.09523010253906,64499402
2019-09-05,Barclays,137.7339922411757,139.75010276864148,137.07526079714586,139.5504913330078,38887890
2019-09-06,Barclays,139.57044747140972,140.84797898648253,138.39272929288634,139.8299560546875,32240129
2019-09-09,Barclays,139.53052975049064,140.50863647460938,138.1132687173538,140.50863647460938,70595248
2019-09-10,Barclays,139.77002324217776,148.7127567946457,139.77002324217776,147.39529418945312,82448390
2019-09-11,Barclays,148.59303682152955,149.87056838725783,147.4851757511614,148.4133758544922,67572371
2019-09-12,Barclays,148.4133758544922,149.01222543878,130.78342197218885,148.4133758544922,45365639
2019-09-13,Barclays,148.71279297436848,156.9967972396214,148.111948372619,149.8236541748047,55723247
2019-09-16,Barclays,155.06055488659223,156.37800275803482,152.6052896665973,153.18417358398438,58826500
2019-09-17,Barclays,152.46553460544484,152.9935218505547,148.77266976492527,148.9123992919922,77556704
2019-09-18,Barclays,149.71088203223977,149.9494197870891,147.71473693847656,147.71473693847656,46776416
2019-09-19,Barclays,148.11393378792957,150.18992614746094,147.39532046234655,150.18992614746094,27138898
2019-09-20,Barclays,150.70894185821126,152.84481631907968,149.99032846676232,151.24789428710938,81170079
2019-09-23,Barclays,150.3097341068422,150.86865230552309,146.9961258869788,148.97230529785156,21093444
2019-09-24,Barclays,148.71278991467054,149.73082804274134,146.41623040359568,146.75656127929688,28001800
2019-09-25,Barclays,145.49897197801832,147.83445739746094,144.1016769140887,147.83445739746094,45278202
2019-09-26,Barclays,147.39531622400892,149.45135804214647,147.13582289754513,148.85250854492188,36969316
2019-09-27,Barclays,149.2517596474983,150.9484951344135,148.61299383656515,150.6291046142578,28929397
2019-09-30,Barclays,150.84867126739428,151.6870484802564,149.75078546766255,150.11009216308594,27681120
2019-10-01,Barclays,149.99032826605796,151.70701411784694,149.3116463024739,149.3515625,34175644
2019-10-02,Barclays,148.97227370588396,148.97227370588396,144.04180908203125,144.04180908203125,38770652
2019-10-03,Barclays,143.18348924300665,143.56274644151168,139.69023545172487,141.7861785888672,31833504
2019-10-04,Barclays,142.58462686599157,142.82416972993096,140.42878677866676,142.6644744873047,23361466
2019-10-07,Barclays,142.70437338034824,144.06175231933594,140.90784019207416,144.06175231933594,26154335
2019-10-08,Barclays,145.79842632842906,145.79842632842906,142.52474988821567,143.6625518798828,38081192
2019-10-09,Barclays,143.38309133731406,145.47903433760212,142.72435986749056,144.7205047607422,98990874
2019-10-10,Barclays,144.18154585460067,149.31163739030927,144.18154585460067,148.9123992919922,50756258
2019-10-11,Barclays,149.67097214359097,160.37529152271844,149.2527733933888,160.17068481445312,123587863
2019-10-14,Barclays,157.6954570442836,160.375279304823,149.25276202284186,157.29623413085938,42147458
2019-10-15,Barclays,158.87316786413462,167.4565971654497,156.47979508535465,163.7238006591797,112820443
2019-10-16,Barclays,165.28078790360001,165.7598583692643,159.5119309161983,163.943359375,90129526
2019-10-17,Barclays,162.44626833230012,170.05159084402342,160.9102333522098,163.6838836669922,106525171
2019-10-18,Barclays,162.66583529099483,167.496517275477,161.74761051163077,164.68194580078125,69390679
2019-10-21,Barclays,165.60020607970043,167.59635130519737,165.00137164967902,165.30078125,48873819
2019-10-22,Barclays,164.94143759452692,166.50741341721167,164.18290806113595,164.9813690185547,86428355
2019-10-23,Barclays,163.34454050229266,169.6124342576727,162.32650234105998,165.46044921875,33461611
2019-10-24,Barclays,165.4604388858572,166.93758175249346,164.6619779314082,166.07923889160156,41665835
2019-10-25,Barclays,167.17711350932174,171.249250400238,166.8407575332542,170.03160095214844,56669699
2019-10-28,Barclays,169.7721180817757,171.17938856451016,166.84076780293006,170.1713409423828,39259001
2019-10-29,Barclays,170.1713124726649,171.3889617919922,167.03736633014384,171.3889617919922,52268451
2019-10-30,Barclays,171.42892590297413,171.8880459506478,166.35871581136755,168.09536743164062,39146621
2019-10-31,Barclays,167.31688249495355,168.2860040011688,165.67903897509933,167.47657775878906,72593355
2019-11-01,Barclays,167.07728890579887,167.07728890579887,164.40246258033426,166.8577117919922,57642346
2019-11-04,Barclays,166.6780855601162,168.85387601361495,166.41859222684934,167.81588745117188,42592916
2019-11-05,Barclays,169.67233113267372,169.9318245094769,167.59633843011326,168.83395385742188,28883746
2019-11-06,Barclays,168.65430656287768,169.87195637401456,166.59827940847984,167.99559020996094,33001550
2019-11-07,Barclays,167.9556475498686,170.27118317671776,167.59634082257745,169.71224975585938,39115024
2019-11-08,Barclays,169.37288165364106,169.37288165364106,166.11917114257812,166.11917114257812,32194960
2019-11-11,Barclays,165.22091015992038,171.70838122187217,163.6848903943015,171.3091583251953,56510091
2019-11-12,Barclays,171.66847232542594,172.427001953125,169.49268155605392,172.427001953125,51856991
2019-11-13,Barclays,170.41089912539016,170.7512300198931,168.51455229348392,170.55062866210938,23291755
2019-11-14,Barclays,170.15135182315285,172.96592286017864,169.03351578373065,169.7720947265625,37107435
2019-11-15,Barclays,171.06960488778523,171.94791348150065,168.17520099213405,170.410888671875,26795954
2019-11-18,Barclays,170.92987448616157,173.05178348423723,169.69227445157017,169.99169921875,31399697
2019-11-19,Barclays,170.98981198918383,173.0657896784601,169.3529582394339,170.09153747558594,25796847
2019-11-20,Barclays,168.8339393937233,169.0934327482962,166.9375926000113,168.8738555908203,43279995
2019-11-21,Barclays,167.07732439850102,168.1153282896157,165.60018141585942,167.85581970214844,26167704
2019-11-22,Barclays,167.67618046696438,169.83202072801888,166.69807367846622,168.93374633789062,24545024
2019-11-25,Barclays,170.2312151720845,172.18744365134694,168.37480001816076,171.66844177246094,29112403
2019-11-26,Barclays,171.82815466108298,173.68457000580185,170.53065744520387,171.40896606445312,42582224
2019-11-27,Barclays,172.52679550496046,174.70957630841696,171.2891802475917,174.0837860107422,35393262
2019-11-28,Barclays,175.46115750787595,175.8504051935824,173.42508097542807,173.8842010498047,30474291
2019-11-29,Barclays,173.80432969727718,173.88417731798322,171.0895715107776,171.20933532714844,28532134
2019-12-02,Barclays,171.1694171210872,171.94791237710706,168.71415230868718,168.8538818359375,47771495
2019-12-03,Barclays,168.67427071260948,170.1514139078783,164.2827573301868,166.01939392089844,45455357
2019-12-04,Barclays,164.68198898804,168.8339749109109,164.6221070651088,166.83782958984375,29835743
2019-12-05,Barclays,166.53840474580764,168.35488906870106,165.22094152380083,166.83782958984375,49974529
2019-12-06,Barclays,167.89573770716027,169.89188247578244,167.17712437210622,169.07345581054688,20971015
2019-12-09,Barclays,169.17328463046675,171.76827915902723,168.73413030446014,171.3490753173828,36216265
2019-12-10,Barclays,171.34908247093125,171.34908247093125,166.83780565759864,169.8120574951172,51972517
2019-12-11,Barclays,169.17325447514574,170.1912924831149,167.85579173196513,168.35482788085938,56576014
2019-12-12,Barclays,169.672286741643,172.38704454785926,169.29301440376193,171.52870178222656,44604235
2019-12-13,Barclays,184.64341234294582,187.31823933056933,170.4109039876277,182.12826538085938,183046871
2019-12-16,Barclays,183.42575804116012,192.61801222701428,182.966653231602,192.0890350341797,109295227
2019-12-17,Barclays,189.47405555175501,191.37040219724463,185.00269558691107,186.99884033203125,52622212
2019-12-18,Barclays,184.8430312244159,186.9190239335947,184.1044672921683,184.76318359375,41111821
2019-12-19,Barclays,185.32208953935591,185.3520457245832,181.76895397097192,183.0265350341797,44095125
2019-12-20,Barclays,182.9666600224705,183.36888312255934,178.00523328562048,178.0760955810547,90725761
2019-12-23,Barclays,177.53713365507576,180.3017833978467,176.89836789130126,179.1140899658203,87793327
2019-12-24,Barclays,179.65304565429688,180.21196380407653,179.03424559266617,179.65304565429688,26428457
2019-12-27,Barclays,181.88872556694201,181.99851414368337,179.01427208816955,181.150146484375,18054510
2019-12-30,Barclays,181.01041435989688,181.80887534027028,179.79276479143712,179.892578125,36499610
2019-12-31,Barclays,178.01620019046723,180.03231077423865,177.15785728683204,179.29373168945312,13247081
2020-01-02,Barclays,179.73287659084704,185.84107470251743,178.91444992653777,184.84300231933594,34370855
2020-01-03,Barclays,183.80502871967147,184.59349926571036,180.95054086199065,182.94668579101562,27868540
2020-01-06,Barclays,181.56932450172766,182.07833593003582,178.2956483324351,180.63113403320312,26746306
2020-01-07,Barclays,180.21195856432092,183.09638732650689,174.66267819660342,182.7869873046875,25508436
2020-01-08,Barclays,180.77089252766766,182.687189965878,179.87263333860537,181.68911743164062,28272528
2020-01-09,Barclays,183.8649016778244,184.44378550657908,181.5194254086785,182.5075225830078,26927681
2020-01-10,Barclays,181.78892509114428,182.23805467162836,180.05227345331105,180.651123046875,18841487
2020-01-13,Barclays,180.85071771525008,182.2380377565053,179.41349100760053,181.3297882080078,29073687
2020-01-14,Barclays,181.52943172293473,181.74900889194967,178.8545894955609,180.651123046875,29601850
2020-01-15,Barclays,180.4515146661487,181.3577540365181,177.17783801882143,178.15594482421875,48507487
2020-01-16,Barclays,177.65689715809373,178.69488581134993,174.1037616516322,176.45921325683594,40833263
2020-01-17,Barclays,177.67684637242135,178.17588255405317,174.66266357113992,174.90220642089844,39232128
2020-01-20,Barclays,175.30142437687408,175.650755786007,174.37322441507132,174.66265869140625,40252357
2020-01-21,Barclays,172.86615878583706,174.90223527119818,172.16751106218499,174.0638427734375,41543663
2020-01-22,Barclays,175.0219910604698,175.5359977795475,173.36319203677667,174.4231414794922,37906829
2020-01-23,Barclays,174.58285527618375,175.29149351463417,170.73029447709138,171.16944885253906,36096342
2020-01-24,Barclays,173.18556052555545,175.65080104753352,173.04583097177195,173.105712890625,30346248
2020-01-27,Barclays,171.66846086479825,172.08764946496612,169.39285690424293,170.3509979248047,22028619
2020-01-28,Barclays,170.67040776943955,171.98787085881418,168.87387411546445,171.68844604492188,23574278
2020-01-29,Barclays,172.86616435568527,173.26540251733454,170.67040776943955,171.68844604492188,24723987
2020-01-30,Barclays,169.51264470130607,171.6684851465698,168.95372648869233,171.16944885253906,31571302
2020-01-31,Barclays,172.3471185443923,172.5666956701316,167.51645223687711,167.6761474609375,30957886
2020-02-03,Barclays,168.43469573542984,170.7302653421099,167.81589570983076,169.35292053222656,20908923
2020-02-04,Barclays,171.1294894120074,172.50681887955545,169.73417405229804,171.66844177246094,25943981
2020-02-05,Barclays,171.149474370603,173.20550136000318,170.31109709462245,172.6266326904297,45799552
2020-02-06,Barclays,175.06191621863243,177.61699469611392,174.63774757555626,176.37937927246094,44900146
2020-02-07,Barclays,175.82045472469036,176.8185272216797,174.1037688115185,176.8185272216797,28415827
2020-02-10,Barclays,175.38130274393592,178.1160269049783,175.28148940114585,176.55902099609375,24270086
2020-02-11,Barclays,178.83460676877849,179.57318583332946,177.23770005348428,178.6749267578125,53077341
2020-02-12,Barclays,179.31369896389586,180.9505371630616,174.14367578412885,178.9943084716797,37065004
2020-02-13,Barclays,172.70642659535758,180.65108891948185,172.16747424646752,175.98011779785156,66320954
2020-02-14,Barclays,175.82042968856376,177.01811346853003,173.76440307423616,175.5808868408203,45491839
2020-02-17,Barclays,176.07992101125893,179.2338332717424,175.58088483951315,177.35745239257812,44760510
2020-02-18,Barclays,175.660778681063,179.97245964970026,174.5229765192358,174.7425537109375,37375227
2020-02-19,Barclays,175.341352966785,177.79661778634184,175.2215891514717,176.39932250976562,23823522
2020-02-20,Barclays,177.13789496112076,183.64533162871155,176.41928157552783,180.9705047607422,61331728
2020-02-21,Barclays,179.9923865941395,181.62922484494374,177.63693494255514,179.27377319335938,55407380
2020-02-24,Barclays,173.84424566665098,174.30336567776897,167.91570832336492,169.69227600097656,110455869
2020-02-25,Barclays,170.87000173158094,171.58861511955595,165.14107557054,165.54029846191406,58799289
2020-02-26,Barclays,165.48043341470918,166.25892879278646,161.60790701036066,165.6201629638672,79663724
2020-02-27,Barclays,157.5357279309591,163.48424553059542,151.08818941147672,154.1422882080078,86684922
2020-02-28,Barclays,150.13003172149755,153.50352092806915,146.31740350091545,148.45327758789062,135279400
2020-03-02,Barclays,151.88666165798418,152.06632262243224,140.74818443165492,143.02378845214844,121644563
2020-03-03,Barclays,146.27749207796398,146.79649400285825,138.99156033423762,139.29098510742188,127613836
2020-03-04,Barclays,140.0495167191915,141.26715095131837,137.1550978232542,138.27293395996094,111314954
2020-03-05,Barclays,138.55244533118156,139.49062078039762,133.75969876737622,134.42041015625,89049029
2020-03-06,Barclays,132.04500134682925,133.96129881437437,129.09069989933568,130.6876220703125,75493609
2020-03-09,Barclays,123.06234974171801,124.39976331758706,116.91421911467695,117.87236785888672,145382066
2020-03-10,Barclays,119.96828481711886,125.4177661580764,115.55680717414101,116.61476135253906,93758905
2020-03-11,Barclays,117.83242555822198,121.58517992869574,115.67659312560984,117.71266174316406,103760553
2020-03-12,Barclays,109.78796275209294,111.6284100033811,96.81302169957287,97.33201599121094,180121998
2020-03-13,Barclays,104.79760008662247,110.80599247445944,96.45371436578873,102.18264770507812,154975322
2020-03-16,Barclays,95.87484382062993,96.50363438153995,82.879942962573,88.88833618164062,137258666
2020-03-17,Barclays,92.5212999687877,94.6442062875231,80.55441511982353,87.59082794189453,135397275
2020-03-18,Barclays,83.62848611301173,85.33718402708205,80.16517371622275,83.03961944580078,122678276
2020-03-19,Barclays,83.13942848521438,83.80813512160721,72.8992042041508,83.57857513427734,181813611
2020-03-20,Barclays,89.82651054432587,91.06411811304626,83.8181184117124,88.84839630126953,234374785
2020-03-23,Barclays,79.84579074488656,88.56894125165277,79.11719455387674,84.53672790527344,88162933
2020-03-24,Barclays,88.69871015797044,95.83492279052734,86.52291169688047,95.83492279052734,93840271
2020-03-25,Barclays,99.36808413305536,115.5737849477756,97.08249745950232,105.57609558105469,117817465
2020-03-26,Barclays,100.84525492532413,107.77188110351562,96.8130407672353,107.77188110351562,93679670
2020-03-27,Barclays,102.84139682103184,104.35547117892186,95.1662164483171,97.18232727050781,91655178
2020-03-30,Barclays,95.88481136137358,104.35545099695446,88.83842293347821,93.81880187988281,68438334
2020-03-31,Barclays,93.8786898294723,104.35545771619705,89.60095592515412,93.92859649658203,115570307
2020-04-01,Barclays,86.83228231963793,90.29559410866761,82.70026397705078,82.70026397705078,128275526
2020-04-02,Barclays,82.93981997989592,86.75245647604032,80.7540464684593,81.46267700195312,135087059
2020-04-03,Barclays,81.50261127073486,83.14942495079168,79.84580711798569,80.08534240722656,94613738
2020-04-06,Barclays,82.84001478283372,87.35629422013677,82.52462199473581,86.39315032958984,92998962
2020-04-07,Barclays,89.82650955002349,100.08669186694283,89.38935033699835,94.6072769165039,116393334
2020-04-08,Barclays,92.461437430796,94.33282340148841,90.13393158850333,92.47142028808594,83803942
2020-04-09,Barclays,94.27792549065029,98.79919260399596,92.74588819440473,97.39191436767578,99457766
2020-04-14,Barclays,97.80111888647289,99.70744095305011,92.96046894558634,93.36968231201172,65998085
2020-04-15,Barclays,92.65106216340791,93.29481550708115,86.8322982788086,86.8322982788086,215800815
2020-04-16,Barclays,87.64074381234128,90.8445556244575,85.30026258084902,86.91215515136719,85796816
2020-04-17,Barclays,90.99426868973012,92.72093747832918,88.87835984703383,90.53515625,75365406
2020-04-20,Barclays,91.32363285587235,92.01230531083016,88.71866304720187,90.83457946777344,47458721
2020-04-21,Barclays,88.57892652984084,89.54705798744668,86.2733816957362,86.34324645996094,71559831
2020-04-22,Barclays,87.25147817067253,87.85032002452435,84.99584026734112,87.53093719482422,114702624
2020-04-23,Barclays,87.830382220041,91.6430189618234,87.24152308520739,90.42536926269531,122176124
2020-04-24,Barclays,89.02806813195782,90.62499029864792,87.3712716638473,88.439208984375,44627087
2020-04-27,Barclays,91.80270045125917,91.80270045125917,88.66874618659755,90.88446807861328,49340336
2020-04-28,Barclays,91.10405809238674,99.04871441036667,91.00425236366948,97.57157135009766,89985993
2020-04-29,Barclays,98.80918446702918,112.51272420872799,97.61150042845611,109.96763610839844,165145769
2020-04-30,Barclays,111.78410960680522,114.39906205496644,105.17686752982952,105.69586944580078,141310957
2020-05-01,Barclays,102.801454991064,104.77764165106366,101.55186946962944,102.54195404052734,48948301
2020-05-04,Barclays,99.30821590421068,101.80339720833658,98.50975484101478,99.48786926269531,60557969
2020-05-05,Barclays,101.80339581836876,104.23869517464588,100.04678607213498,103.20069885253906,55451254
2020-05-06,Barclays,103.00105865479168,104.02807438479594,100.52584360683004,100.66557312011719,62793019
2020-05-07,Barclays,101.08477017120282,106.11505591714692,100.2064692116334,105.21678924560547,50540060
2020-05-11,Barclays,107.43253125451567,108.49048574623862,101.94313209760097,102.4022445678711,70014920
2020-05-12,Barclays,103.16078511438351,104.5580882850313,101.22452182299914,101.80340576171875,43251895
2020-05-13,Barclays,99.80725289881566,100.88517305764826,97.82109069824219,97.82109069824219,63054163
2020-05-14,Barclays,95.29594745623287,98.32010533550002,91.68292295475594,96.95274353027344,61997276
2020-05-15,Barclays,97.67136696997176,100.90511945679408,95.94469834458376,97.26215362548828,45747626
2020-05-18,Barclays,99.0387365315276,105.15691815383862,98.86905842106692,104.99722290039062,49098546
2020-05-19,Barclays,107.37263820440803,108.03136207530295,102.41121928343716,104.51815032958984,49855725
2020-05-20,Barclays,103.67976765054206,106.5741793981266,101.20455213644917,106.51429748535156,39082367
2020-05-21,Barclays,104.1987742123479,105.65396415162496,102.98112450088384,103.71969604492188,49566772
2020-05-22,Barclays,102.10282298521034,106.39453030045493,100.40609511339717,102.94120025634766,46027977
2020-05-26,Barclays,107.41255481992931,110.6063834656695,106.38553898668678,110.56645965576172,81042993
2020-05-27,Barclays,112.52268096763197,121.16599166227594,110.88384778198115,119.60899353027344,110243263
2020-05-28,Barclays,121.28575077833572,124.69217377973898,118.17176986436063,122.38363647460938,88919715
2020-05-29,Barclays,119.20976903111358,123.04236336436327,114.69847755149353,115.01786041259766,128278561
2020-06-01,Barclays,117.27351142792098,120.56715351815497,116.57486376741724,120.54718780517578,49810343
2020-06-02,Barclays,121.2857640019085,123.04237369277854,119.01015997368688,119.26966094970703,67513905
2020-06-03,Barclays,121.82471952051094,125.07843780517578,120.06811750968424,125.07843780517578,75304789
2020-06-04,Barclays,124.49955573976787,125.12235349912095,120.36753639071314,123.28190612792969,82742905
2020-06-05,Barclays,126.15637332181447,132.46419160717073,124.29995774787737,131.146728515625,120165390
2020-06-08,Barclays,130.24846216763945,134.46032936566354,128.78229950289094,131.54595947265625,76619331
2020-06-09,Barclays,131.48605977867717,132.20467310491543,124.31989222796095,125.03850555419922,91790897
2020-06-10,Barclays,126.03658257258282,130.02887220802575,123.12221296623466,123.76097869873047,61592626
2020-06-11,Barclays,118.9702290469406,120.52722719527083,113.7802555250085,114.77832794189453,76691563
2020-06-12,Barclays,112.28314296127401,121.16598868292573,111.78410677033501,116.8343505859375,69936980
2020-06-15,Barclays,111.98372151681288,118.59096362178153,112.80214058959973,115.87620544433594,45669811
2020-06-16,Barclays,121.22587007322599,126.23619767315586,118.93030817348884,122.44351959228516,73561276
2020-06-17,Barclays,122.66310639516068,124.04044364348768,118.13185653005638,119.14988708496094,52763860
2020-06-18,Barclays,118.63089307728293,120.76676753021243,116.82438436332473,118.41131591796875,58057406
2020-06-19,Barclays,119.88845467060287,120.40744894753986,116.33531188964844,116.33531188964844,95260381
2020-06-22,Barclays,115.61671122171256,118.27158764586005,114.35914539261088,115.0777587890625,76213234
2020-06-23,Barclays,115.8362901409822,118.75066758355521,114.9779471949399,116.67467498779297,41982797
2020-06-24,Barclays,115.93610092717027,117.67274488022868,111.62442057802345,111.6443862915039,44141039
2020-06-25,Barclays,110.78605097142676,113.54073328985628,109.48855363489477,112.4029312133789,68711572
2020-06-26,Barclays,114.01979343614272,115.1775611218232,110.76608276367188,110.76608276367188,34718153
2020-06-29,Barclays,110.78604325873363,115.13763980131482,109.88777652018456,114.279296875,49161840
2020-06-30,Barclays,114.89808756185936,115.72249169932687,112.34301725930044,114.19943237304688,37348805
2020-07-01,Barclays,114.99789834113297,115.85624117844195,112.15937878753361,113.32113647460938,28248870
2020-07-02,Barclays,114.83820755464863,119.3095752433805,113.68044753384176,117.67273712158203,49917085
2020-07-03,Barclays,117.67274654635996,118.15181707103372,114.01979762595124,115.4969482421875,32838722
2020-07-06,Barclays,116.7744887622859,127.75328685104782,115.71653429225123,117.07391357421875,33569883
2020-07-07,Barclays,115.87621296339515,117.06292412254993,114.4389937756615,114.73841094970703,30825878
2020-07-08,Barclays,113.78026623785557,115.47698646043924,113.68046050970753,114.17949676513672,22682955
2020-07-09,Barclays,115.47698297664567,115.7764077667455,111.44477685535061,111.74419403076172,30987302
2020-07-10,Barclays,111.40485546372038,117.83243720145013,110.78604777091914,117.53302001953125,34170193
2020-07-13,Barclays,120.98634805027532,121.40952676405999,116.4750561463837,119.32954406738281,50200490
2020-07-14,Barclays,118.05200851219594,119.9683057942636,116.23551695248187,119.12992858886719,42241323
2020-07-15,Barclays,119.26965425208407,121.16599337400883,117.79250371925232,120.068115234375,60019172
2020-07-16,Barclays,119.58904821380567,121.06619888364139,117.85240417314272,118.3514404296875,33585809
2020-07-17,Barclays,117.5330308883101,118.53110348304682,114.99792558391606,116.17565155029297,39498898
2020-07-20,Barclays,115.25740784123657,117.09385746175789,114.51882875870275,115.99597930908203,25627739
2020-07-21,Barclays,117.11381642415033,120.47233566645421,115.29732488840936,116.41516876220703,37541275
2020-07-22,Barclays,116.51499015467422,118.05202283237092,114.75838790704036,117.19367980957031,43476755
2020-07-23,Barclays,117.77255966319557,117.93225492456935,116.19560322323078,116.23552703857422,28397331
2020-07-24,Barclays,114.87813587587797,115.81632640254253,113.38102722167969,113.38102722167969,33818949
2020-07-27,Barclays,113.60062089308714,152.525459176458,110.66628506751668,110.78605651855469,30918441
2020-07-28,Barclays,110.78604336437063,112.442847307573,110.16723569618264,111.6443862915039,36861631
2020-07-29,Barclays,112.66239962596073,113.2482736764158,103.7995202533116,104.81755065917969,84847529
2020-07-30,Barclays,104.79760604464869,105.15691273169112,98.52971234909032,100.58573913574219,59871200
2020-07-31,Barclays,101.48400906898371,103.65980735848848,100.0467822752738,100.36616516113281,70172778
2020-08-03,Barclays,100.52586502902778,103.8793892919348,99.40802106982912,103.61988830566406,40276909
2020-08-04,Barclays,104.31853531549561,105.85556789349073,103.4402342486508,105.09703826904297,102952484
2020-08-05,Barclays,105.79568133892965,107.39259576073049,105.11699175782822,107.13309478759766,39314509
2020-08-06,Barclays,106.2148778581297,106.7338798430523,104.15885086283954,105.63599395751953,26960922
2020-08-07,Barclays,104.9573098835616,105.37649851453733,102.81145244210632,104.39838409423828,44275008
2020-08-10,Barclays,106.05518344255722,107.27283308175008,105.13695097738132,106.4344482421875,25747440
2020-08-11,Barclays,106.81371698758674,112.0236567236404,106.67398744494605,111.54458618164062,39001421
2020-08-12,Barclays,112.08354097470901,112.72230674375702,110.9457389726742,111.28507995605469,29669867
2020-08-13,Barclays,110.28701491614372,111.46474080988105,107.8716812133789,107.8716812133789,21609203
2020-08-14,Barclays,108.11122369486131,109.229067747813,105.33658308604706,108.9895248413086,31089405
2020-08-17,Barclays,108.4505545957122,110.64631090994595,107.71197551019077,107.73194122314453,24990890
2020-08-18,Barclays,107.09319422775813,110.46667691232967,106.31469119468187,107.91161346435547,25067936
2020-08-19,Barclays,107.2927793732736,109.9875717163086,106.85362509541777,109.9875717163086,18545911
2020-08-20,Barclays,107.77186538650275,108.31081780300111,106.33463863667134,107.37263488769531,24819348
2020-08-21,Barclays,107.19297480818878,108.19104718514643,105.93540148110952,107.79181671142578,34233555
2020-08-24,Barclays,108.53039098003686,110.18719482421875,105.9753280648233,110.18719482421875,26568183
2020-08-25,Barclays,110.82595011628314,112.24321096768088,108.78788664385239,108.92961120605469,28228370
2020-08-26,Barclays,109.16915670884025,110.5265357862195,108.05132049077838,110.18719482421875,27591235
2020-08-27,Barclays,109.54842433344344,111.61343628934516,109.46857671714187,110.32691955566406,20808450
2020-08-28,Barclays,111.06550443926567,112.57758363842349,110.38681484776961,111.74419403076172,37493134
2020-09-01,Barclays,110.20715337589834,110.9457324398045,105.65594563575006,105.69586944580078,60998790
2020-09-02,Barclays,105.83561172530028,107.21294907190283,102.9811236875982,103.30050659179688,47192541
2020-09-03,Barclays,104.05903203679586,108.09124550393385,103.7456343137787,105.35652160644531,29996389
2020-09-04,Barclays,104.83753105997245,108.37070844667474,104.73772533791185,106.67398071289062,30751373
2020-09-07,Barclays,107.392579971893,108.49045799955321,106.05516671985124,106.73385620117188,14729583
2020-09-08,Barclays,106.77379495766064,107.81178361354426,103.40030517462893,104.07899475097656,36782017
2020-09-09,Barclays,102.82140324280992,104.67781829833984,102.16267949567616,104.67781829833984,43584298
2020-09-10,Barclays,103.59993186531038,106.09511319525824,102.36231644308009,104.83753967285156,29812789
2020-09-11,Barclays,104.77763136715663,104.77763136715663,102.38624646688751,102.42218017578125,21647791
2020-09-14,Barclays,103.20069566381765,103.69973190240992,102.003004122383,103.42027282714844,17394692
2020-09-15,Barclays,103.02104544193074,103.38035215380387,102.02297293443625,102.4421615600586,28600393
2020-09-16,Barclays,102.20261752497039,103.20068994686524,100.3462022110709,102.76153564453125,27509156
2020-09-17,Barclays,100.88518205129127,101.12471734748941,98.80918917840133,100.34622192382812,46856482
2020-09-18,Barclays,99.46790364341294,100.00685606343546,97.23221588134766,97.23221588134766,73544325
2020-09-21,Barclays,95.85487921267261,96.48366211620268,88.72864251391124,91.98236083984375,78895072
2020-09-22,Barclays,92.57121220932065,93.92859124010944,91.2238160343328,91.79271697998047,40473692
2020-09-23,Barclays,93.01038158393132,96.01457441912707,92.06820087116601,92.72093963623047,40643007
2020-09-24,Barclays,90.5950284991983,94.86678477232986,90.56508754551481,92.69098663330078,43704705
2020-09-25,Barclays,94.05833699500471,94.44758460590158,90.95433134884608,91.37352752685547,33180100
2020-09-28,Barclays,93.31977034588249,98.25025048855768,92.73091127896414,97.81109619140625,48500179
2020-09-29,Barclays,96.92280100569953,98.09054376126524,96.1243401252327,97.06253051757812,38484870
2020-09-30,Barclays,96.39383871027393,99.34813223814453,95.66424494967875,97.4218521118164,41223431
2020-10-01,Barclays,98.64947336085368,99.71741814977888,96.71321806321585,97.81109619140625,39991603
2020-10-02,Barclays,97.29209983642026,98.11051889086522,96.30400268867155,97.52165222167969,35973115
2020-10-05,Barclays,99.50781124184473,100.4859255050653,97.89093889211448,99.25829315185547,80935616
2020-10-06,Barclays,100.68555230448577,103.97919464111328,99.62759787809624,103.97919464111328,61172964
2020-10-07,Barclays,103.63984484926677,107.25287004419141,103.22065622637017,104.29857635498047,72284882
2020-10-08,Barclays,105.23676594063988,107.57125439146934,104.21872773508241,106.89356231689453,36922959
2020-10-09,Barclays,107.73192779209124,108.78988200609271,106.33462503237824,107.07319641113281,50394313
2020-10-12,Barclays,107.07322085153395,107.79183429854116,105.21680531832838,105.63599395751953,29455602
2020-10-13,Barclays,106.23482879250004,106.23482879250004,101.52392584172439,101.90319061279297,55347707
2020-10-14,Barclays,101.64369359128214,103.48015083973839,100.6256630533784,101.34427642822266,32678409
2020-10-15,Barclays,100.30627434622257,100.57575053877956,97.79113529516805,99.92700958251953,36727928
2020-10-16,Barclays,101.0049330673153,102.4421598913971,98.80917663246929,101.6037826538086,37486411
2020-10-19,Barclays,102.3024312716007,103.87938764945899,100.92509396259787,103.16077423095703,22865749
2020-10-20,Barclays,102.14273253895958,104.99722040155336,102.14273253895958,104.1189193725586,28477306
2020-10-21,Barclays,104.71775172283202,105.79567171500052,102.44214792693491,102.5219955444336,37940575
2020-10-22,Barclays,101.18458309847377,104.71776051522274,100.46597732471322,104.07899475097656,31440511
2020-10-23,Barclays,108.29084850234658,113.08159876307198,106.33462763671187,111.32498931884766,97495567
2020-10-26,Barclays,110.32693440307105,114.15952912506894,106.33464442697883,110.30696868896484,52191345
2020-10-27,Barclays,112.4029241452826,112.78218894202983,106.39452362060547,106.39452362060547,52849727
2020-10-28,Barclays,104.25865370796711,106.3745701750647,100.96501898660522,103.59992980957031,62752208
2020-10-29,Barclays,104.23869005258825,106.59414166495652,101.88323844022,104.45826721191406,44813216
2020-10-30,Barclays,104.01912801923403,107.49241641732863,103.79955082797835,106.3546142578125,37873402
2020-11-02,Barclays,106.81370585741945,106.9334772877835,104.4203332159468,106.83367156982422,44537297
2020-11-03,Barclays,108.01141019575698,113.54073291449873,108.01141019575698,113.1415023803711,57652142
2020-11-04,Barclays,111.62442121832451,112.82211274929837,108.31082092760086,110.167236328125,49682057
2020-11-05,Barclays,110.46664900034617,112.03661487171637,106.5542071805332,109.9476547241211,53515927
2020-11-06,Barclays,110.84593723593001,113.18143101038892,109.78798274796839,110.7261734008789,68836974
2020-11-09,Barclays,111.82404719488079,129.37015648824237,111.4447823747013,128.292236328125,138499150
2020-11-10,Barclays,128.8910599493739,135.73783673503678,127.3739933598566,134.1409149169922,144498633
2020-11-11,Barclays,133.8215622300682,136.85569592013044,131.2066171612356,135.2587890625,92506383
2020-11-12,Barclays,133.22269457009602,133.7017802688431,129.39010035637338,132.1048583984375,68867988
2020-11-13,Barclays,130.96706239339966,135.43842251009352,129.43002235900792,133.90139770507812,45650523
2020-11-16,Barclays,135.85760554171844,138.6122950177705,135.27872174210427,138.51248168945312,71349413
2020-11-17,Barclays,139.61036729391174,139.61036729391174,134.73577918273108,138.13320922851562,79501678
2020-11-18,Barclays,137.29483589018662,141.90592547062616,135.5581996738528,141.32705688476562,52441640
2020-11-19,Barclays,135.83765824583804,139.63032114084956,135.83765824583804,138.67218017578125,37442579
2020-11-20,Barclays,137.91360376289114,139.33087963198207,137.1351086964173,137.49441528320312,30600035
2020-11-23,Barclays,139.01153890611664,140.58849531001087,137.97355018968622,139.9297637939453,63641880
2020-11-24,Barclays,141.72628576380347,149.9703585939674,141.047603818134,149.9104766845703,78845811
2020-11-25,Barclays,152.20602994596004,152.20602994596004,141.44681147370383,143.12356567382812,72137852
2020-11-26,Barclays,142.96390795177444,143.3431651393491,137.59427311967295,140.82803344726562,34544240
2020-11-27,Barclays,138.73207338394658,140.4487592513643,137.4545418402,139.23110961914062,77855252
2020-11-30,Barclays,139.77004563436356,139.77004563436356,134.3006134033203,134.3006134033203,66657521
2020-12-01,Barclays,134.63996221888615,143.20342533703595,133.34248026744416,142.96389770507812,51536659
2020-12-02,Barclays,142.50476890914922,146.65675354003906,141.36696703936815,146.65675354003906,46385964
2020-12-03,Barclays,145.71858790874472,148.27365112304688,144.32129247260386,148.27365112304688,42251461
2020-12-04,Barclays,147.41527143163842,149.9104521099985,146.75654007750154,148.33349609375,92767366
2020-12-07,Barclays,148.71278160974703,148.9323587472524,142.76426364443188,145.97805786132812,201179938
2020-12-08,Barclays,144.50090950491096,146.97612459828844,143.45891566572604,146.07786560058594,37242394
2020-12-09,Barclays,147.11586777673014,149.21182593852015,145.49899533895734,145.61875915527344,31964551
2020-12-10,Barclays,145.11973874546376,145.5189768922714,137.73001807030914,141.48675537109375,143650430
2020-12-11,Barclays,141.48673917595104,142.68443824990243,134.0411275354359,135.7977294921875,82366916
2020-12-14,Barclays,138.27294269458056,144.78037896442666,138.21306078767074,142.08558654785156,60342841
2020-12-15,Barclays,141.40691339765718,144.99998071574922,140.34895891771305,144.4210968017578,48178265
2020-12-16,Barclays,144.72048850135937,149.27169590994347,143.36310951727506,143.92202758789062,41004979
2020-12-17,Barclays,144.70055750331085,147.63489330734876,143.22341435812905,145.2594757080078,39062373
2020-12-18,Barclays,144.54085903045046,145.49900005076017,142.46486651394355,144.7205047607422,61091622
2020-12-21,Barclays,139.7301356774936,145.49899291782862,135.20187865060993,140.98770141601562,62377629
2020-12-22,Barclays,141.10749915710392,146.3972713823128,140.7481924371484,145.69862365722656,59502325
2020-12-23,Barclays,145.2794160408462,151.93756225710607,144.64065031431343,151.52735900878906,82164262
2020-12-24,Barclays,154.40180005732404,157.9419600008148,153.0324506694013,154.302001953125,32838786
2020-12-29,Barclays,154.70123979706463,155.59351382310797,148.51319325105766,148.9922637939453,54336596
2020-12-30,Barclays,149.351547087863,152.78890853354181,148.41335663435447,148.593017578125,22973899
2020-12-31,Barclays,145.03989863439512,148.58104867057523,144.33426066717337,146.3972625732422,16230212
2021-01-04,Barclays,146.73663163603894,148.77269295197058,142.14549178078363,143.24337768554688,45934459
2021-01-05,Barclays,140.38886824448286,144.26137882272423,138.64722154051492,142.92396545410156,36696545
2021-01-06,Barclays,145.71856705556044,155.75917273241467,145.13968324932145,154.7411346435547,88207450
2021-01-07,Barclays,156.7772328556855,157.69545774413868,150.71394535855072,155.81907653808594,60453467
2021-01-08,Barclays,157.03670704211734,157.89504991136334,152.28089268706202,152.62522888183594,35279721
2021-01-11,Barclays,152.1062533724571,154.18224614280115,149.75080150123776,150.9085693359375,97258483
2021-01-12,Barclays,150.64904611804906,154.5614879849117,150.64904611804906,153.94268798828125,27671875
2021-01-13,Barclays,154.70120975677173,154.70120975677173,151.5273470860554,152.06629943847656,45710699
2021-01-14,Barclays,152.6451704825237,154.5015854539664,152.06628675708737,152.56532287597656,29064530
2021-01-15,Barclays,151.58721741776472,153.84285520849974,146.51700858651736,148.51315307617188,44861784
2021-01-18,Barclays,148.13391623040164,151.1680651098576,147.59496379003087,151.02833557128906,18232370
2021-01-19,Barclays,152.8847135593121,152.98452688495007,145.35925482509316,146.576904296875,39908739
2021-01-20,Barclays,145.71855815713215,152.70506437014535,143.75734971095773,146.03794860839844,34274687
2021-01-21,Barclays,146.01799791036555,147.0160703291249,143.6825121055191,144.52088928222656,20750000
2021-01-22,Barclays,143.32316241914398,144.06172604060689,141.68632475271352,142.78419494628906,52565137
2021-01-25,Barclays,143.72242534632736,145.37922918245334,136.3167299789237,136.85568237304688,41080426
2021-01-26,Barclays,136.53633826649587,140.46874684917063,136.496406833008,139.17124938964844,43534642
2021-01-27,Barclays,137.17506168832867,138.87178158139264,132.74361816404698,134.0610809326172,71178352
2021-01-28,Barclays,132.54402916523972,136.8756600987286,129.92906889636592,136.31674194335938,51994502
2021-01-29,Barclays,134.81961749204288,135.57814701024517,132.4042841855131,133.28257751464844,35497911
2021-02-01,Barclays,134.93938479647716,136.9754610113065,132.82347619187615,134.580078125,29645822
2021-02-02,Barclays,136.03726441638395,140.46870808921798,135.41844920311064,139.90977478027344,34967416
2021-02-03,Barclays,141.8660133314179,145.11972394175308,139.09137321900363,141.52667236328125,44305349
2021-02-04,Barclays,142.08560204809422,147.255610300325,139.8299636752898,145.49900817871094,55719232
2021-02-05,Barclays,148.63295371137775,148.8126146792507,145.11973427459668,146.9362335205078,61896323
2021-02-08,Barclays,147.15580828919317,149.43141231598463,146.39726346067778,147.1957244873047,43942144
2021-02-09,Barclays,146.95617845009565,148.29359174544268,145.938140387807,147.415283203125,22036215
2021-02-10,Barclays,146.71661240814038,148.67284060783976,145.97005331107255,147.39529418945312,30458652
2021-02-11,Barclays,145.7185660962393,147.53506512069006,144.0617623061223,145.67864990234375,23145752
2021-02-12,Barclays,144.04181814252362,146.99610396041408,143.702461947334,145.61875915527344,29981925
2021-02-15,Barclays,148.05407579629886,154.60142917192712,147.75465099071306,153.6632537841797,109807959
2021-02-16,Barclays,154.44175078752642,156.17838726555695,152.27892015489292,155.26016235351562,38397229
2021-02-17,Barclays,155.2601380418244,156.4378713774323,152.58531135550908,154.0624542236328,33211246
2021-02-18,Barclays,151.2279697535007,154.94080116997742,144.8003795544522,147.21571350097656,91617217
2021-02-19,Barclays,148.15386816511617,154.18322384499308,145.31934622956618,153.34384155273438,60807468
2021-02-22,Barclays,151.8267871555086,154.4267770401672,148.8645055956931,153.96266174316406,30215704
2021-02-23,Barclays,154.00258563294872,159.6915956832905,153.1043112696038,158.8731689453125,68232394
2021-02-24,Barclays,158.27433668924078,164.94145358696062,157.27924916103711,164.2627716064453,83564176
2021-02-25,Barclays,164.3924973630095,165.49044972379988,162.07683678884322,162.2365264892578,53517314
2021-02-26,Barclays,158.8428998053948,164.41248429178128,157.465471263405,159.3020477294922,81184844
2021-03-01,Barclays,161.69752868896413,163.9732704669034,159.98073889433638,161.03875732421875,47114977
2021-03-02,Barclays,160.38002646158856,163.7337544387019,159.44179409854698,161.9171600341797,31296043
2021-03-03,Barclays,163.4742225710623,170.02197265625,111.61822318008522,170.02197265625,86451554
2021-03-04,Barclays,170.6208543800868,170.8603965483746,165.31077960529757,166.34884643554688,43262872
2021-03-05,Barclays,165.74999002624529,175.8510927264764,164.35260969509594,171.2596893310547,92300565
2021-03-08,Barclays,173.15614618793123,177.84736926088328,172.78783174118215,177.58786010742188,84993372
2021-03-09,Barclays,175.45184326171875,176.6695669187923,171.49924453081044,175.45184326171875,98181786
2021-03-10,Barclays,172.876646130877,176.27030773558013,172.17795602206527,173.67515563964844,42147591
2021-03-11,Barclays,172.93652880344084,174.01451433781406,170.24157258265862,173.93466186523438,101975567
2021-03-12,Barclays,175.69138150279915,180.38260373238978,174.31395303752856,180.26283264160156,83424067
2021-03-15,Barclays,181.00145432761838,182.1992110123369,177.847350047961,179.9434356689453,45420351
2021-03-16,Barclays,181.66021423832908,185.46708904296017,181.04137662396096,182.67831420898438,74878061
2021-03-17,Barclays,182.1193621513256,184.43502289672267,179.74380062975567,180.9814910888672,85698077
2021-03-18,Barclays,182.27905844753727,184.59473450687904,179.69389742204098,183.4568634033203,47424759
2021-03-19,Barclays,179.84358388795954,210.05707192188905,177.24844740999941,182.2590789794922,133130758
2021-03-22,Barclays,179.5640977091283,185.15364788844624,177.9670942509653,180.62213134765625,102678713
2021-03-23,Barclays,178.12685455221478,182.75819191245284,177.36826358568632,180.74195861816406,111007236
2021-03-24,Barclays,178.94530335684357,186.23167813092425,177.60780864012344,183.87608337402344,93725377
2021-03-25,Barclays,182.4587557900487,183.7762837216147,178.90540396120485,181.70016479492188,73354309
2021-03-26,Barclays,183.9359511243829,184.75442750873418,182.35889913014358,182.61842346191406,73107263
2021-03-29,Barclays,180.46244216486375,184.7045072437073,178.58594732687922,180.04322814941406,55454794
2021-03-30,Barclays,182.6184404447972,189.98465243748507,182.0255399957925,188.78689575195312,69548927
2021-03-31,Barclays,187.72886223688062,189.26598040278662,185.57289123535156,185.57289123535156,73896216
2021-04-01,Barclays,185.73262828982655,189.68522724575672,183.51677136017017,183.65650939941406,97180484
2021-04-06,Barclays,184.65463197318965,189.2859691604943,184.65463197318965,185.23355102539062,79645742
2021-04-07,Barclays,186.41132221009136,189.6452787624223,185.69266519846227,187.0102081298828,58139462
2021-04-08,Barclays,188.64714353887513,189.86486705950784,185.83240107076628,187.62904357910156,55098830
2021-04-09,Barclays,188.7869131704113,188.7869131704113,183.56468561990494,185.35333251953125,69012903
2021-04-12,Barclays,184.4150425387105,189.80496972904896,183.65646696242607,187.72885131835938,78525247
2021-04-13,Barclays,186.810598788861,189.84491677873373,186.27159837395354,186.4712371826172,66672523
2021-04-14,Barclays,181.79999564076022,189.12629028610627,164.791811191883,187.22984313964844,63661849
2021-04-15,Barclays,188.52739336383965,189.82495426852762,184.27533641733507,184.29530334472656,58142184
2021-04-16,Barclays,185.07383776714033,189.74510859976328,184.65462369233995,188.82681274414062,62082613
2021-04-19,Barclays,187.70891582813738,189.4057391196843,181.66023143798483,187.32962036132812,41800957
2021-04-20,Barclays,188.20794447129586,188.9655300522491,179.66392895346783,181.4605712890625,57315982
2021-04-21,Barclays,180.8816722305333,185.23353293031371,178.74566811639303,180.40257263183594,62965545
2021-04-22,Barclays,180.5622520077086,182.91784647604499,179.84359503565338,181.9796142578125,42056630
2021-04-23,Barclays,180.40256832731183,182.09939142286652,178.0270068553545,181.64024353027344,83291209
2021-04-26,Barclays,182.0395305933419,186.21171989156983,180.0432642733546,185.7326202392578,40721434
2021-04-27,Barclays,185.27346294097623,187.30966301364748,183.95593515598532,186.15182495117188,52370374
2021-04-28,Barclays,187.7488436875278,189.7451099033216,185.8124630213594,188.60723876953125,68836515
2021-04-29,Barclays,189.4257097520402,190.2242193255346,186.91040992613904,188.36769104003906,54782804
2021-04-30,Barclays,178.6658292156339,180.14306197483145,174.29400125833658,175.17236328125,147740583
2021-05-04,Barclays,177.16860100916938,179.14490001228052,169.34324223113504,170.58091735839844,89771624
2021-05-05,Barclays,173.55539485463902,176.56974596463434,172.94254269205098,176.4300079345703,58059189
2021-05-06,Barclays,176.68952618622012,177.4680687882623,174.912850481016,176.76937866210938,73071388
2021-05-07,Barclays,178.86542234712445,182.55851123161563,178.11982300061246,181.2010498046875,60271635
2021-05-10,Barclays,182.8180754482595,185.85239358996304,182.5385993785093,185.11378479003906,62984368
2021-05-11,Barclays,181.64023950992978,184.0956533971346,178.81552128553804,179.6639404296875,44109066
2021-05-12,Barclays,179.86360398657064,182.798118103086,178.42628970661988,181.1212615966797,36776980
2021-05-13,Barclays,177.86729431152344,178.96524668362875,173.87476238430494,177.86729431152344,48908907
2021-05-14,Barclays,181.97961089445977,181.97961089445977,178.84545873907174,180.3626251220703,35198377
2021-05-17,Barclays,181.04137753807248,181.99957673739664,177.8074209721747,178.88540649414062,29206075
2021-05-18,Barclays,181.32085735178745,182.0594660770102,178.00704824518158,179.9234619140625,33884356
2021-05-19,Barclays,177.44810036048514,180.65211429586194,174.93280069731193,177.74754333496094,32876459
2021-05-20,Barclays,180.4025791717346,180.66208829079048,177.0887700207176,178.54605102539062,28753461
2021-05-21,Barclays,178.5460529914712,179.6639571847015,176.4100487763763,178.685791015625,32681504
2021-05-24,Barclays,179.7637421619352,180.64208876114188,177.82736189068726,179.34451293945312,18683315
2021-05-25,Barclays,179.98334956465763,181.28091027821165,178.60592115330232,179.3046112060547,26189150
2021-05-26,Barclays,178.50610943665157,179.23774266166018,174.79305330488617,178.92532348632812,40727970
2021-05-27,Barclays,178.4062941009561,183.77623916991453,178.22662224502858,183.35702514648438,60136371
2021-05-28,Barclays,184.654610112535,184.95405306688588,182.3589011029135,182.75816345214844,33343363
2021-06-01,Barclays,184.65463197318965,186.45127468169213,183.75631823409,185.23355102539062,28035436
2021-06-02,Barclays,185.8124429237539,186.2516238805748,183.85609554254276,186.0919189453125,24455974
2021-06-03,Barclays,186.91039179589416,186.91039179589416,183.67645042087295,185.9921112060547,20995195
2021-06-04,Barclays,185.55292720592183,186.65087964891848,183.19733260755766,183.61656188964844,17250609
2021-06-07,Barclays,184.19545818047968,187.6789478534689,183.6764399833044,186.6309051513672,31081962
2021-06-08,Barclays,185.91228369141012,187.8286976009942,184.0557553367656,184.81434631347656,49034615
2021-06-09,Barclays,184.17552423667567,184.41506643375058,179.40444922776908,180.16302490234375,31636423
2021-06-10,Barclays,180.50238368311946,181.70014034069797,178.60593691114533,178.7257080078125,30700316
2021-06-11,Barclays,178.40632768155533,180.6621031551692,178.1068846855137,180.06321716308594,24749966
2021-06-14,Barclays,181.2609838216031,182.1393306258007,178.82553652979902,179.06507873535156,21613049
2021-06-15,Barclays,179.10499698363193,179.164882529802,176.74940237569936,178.88540649414062,38862480
2021-06-16,Barclays,179.52419645928993,181.36075746744572,175.0525650215148,176.789306640625,32392516
2021-06-17,Barclays,177.96714203944137,181.5604122079122,177.44810854177334,178.48617553710938,45179342
2021-06-18,Barclays,176.76934549736092,177.4480685696266,171.40936138239385,171.53912353515625,104144773
2021-06-21,Barclays,169.6227274126639,173.1361598983726,167.656404149975,172.61712646484375,38740763
2021-06-22,Barclays,173.51542559170844,173.95460651951748,171.09994571905858,172.2178497314453,22908500
2021-06-23,Barclays,172.25778075551355,174.07437474587906,172.24780490924493,172.4773712158203,19772874
2021-06-24,Barclays,172.87664521381637,174.8529444340579,172.05818401363638,174.07440185546875,23417109
2021-06-25,Barclays,175.71133694660705,176.29025594827078,173.17608567892273,174.51358032226562,18840303
2021-06-28,Barclays,174.51357709901106,174.81302005714116,171.1997833251953,171.1997833251953,20576150
2021-06-29,Barclays,171.8585479340691,176.6695567330509,171.49923464315984,172.87664794921875,24909381
2021-06-30,Barclays,173.35575549695773,174.2341175290529,169.0039096514392,170.800537109375,30481846
2021-07-01,Barclays,172.61713785820723,175.8710462267708,172.61713785820723,174.9727325439453,34588336
2021-07-02,Barclays,176.01081999797438,176.84924830294116,171.77874461272958,172.0382537841797,21799362
2021-07-05,Barclays,172.25778918296842,177.9571198926081,171.99828009459145,177.36822509765625,22592068
2021-07-06,Barclays,177.5279431449982,177.74753363227353,170.08186396352968,171.1997833251953,40959552
2021-07-07,Barclays,171.1997970633978,173.6102818476603,170.10184453891426,172.17796325683594,28770363
2021-07-08,Barclays,170.56099853361738,170.56099853361738,164.91156121662203,167.32704162597656,41982501
2021-07-09,Barclays,168.28523859281316,217.2237008946082,167.1872861439264,173.03634643554688,38170667
2021-07-12,Barclays,172.7369140933708,173.19606202666918,168.24531508501542,172.39755249023438,26113468
2021-07-13,Barclays,174.9926922829712,176.2183964909876,169.48299362510443,169.6826171875,38505222
2021-07-14,Barclays,169.22344877710538,173.29583292367505,168.70443062384138,170.38128662109375,38592489
2021-07-15,Barclays,170.94026441865984,170.94026441865984,167.8260941078832,168.80426025390625,31990226
2021-07-16,Barclays,170.1816777842194,170.50108765717414,163.93337063997694,165.1111602783203,35153358
2021-07-19,Barclays,162.53600077946817,163.72877722105972,156.61707842716677,159.0225830078125,42659558
2021-07-20,Barclays,160.10055776382328,162.6757432245541,156.86661597198292,161.35821533203125,44276931
2021-07-21,Barclays,161.2983117915616,167.56658631442755,160.91901634753205,166.88784790039062,27027116
2021-07-22,Barclays,168.10555565716328,169.98104534450073,164.53223774001538,165.0113525390625,25686515
2021-07-23,Barclays,166.20912793591452,168.24531275685936,165.2109948367587,166.80799865722656,18625582
2021-07-26,Barclays,164.89156784192858,169.6227237244075,162.89530185054855,169.1236572265625,22089394
2021-07-27,Barclays,169.0437995557088,169.82234204995757,166.16917174291305,169.0637664794922,21220583
2021-07-28,Barclays,175.03262164371316,178.30649700485765,172.1579934318585,172.43746948242188,53572257
2021-07-29,Barclays,173.81490298644852,177.408188353546,173.81490298644852,175.89102172851562,32079518
2021-07-30,Barclays,175.09252081133482,176.96901606561156,173.81491155787518,174.1742401123047,27799937
2021-08-02,Barclays,176.52982399240932,178.88541876188575,175.13244371827193,175.5716094970703,30112526
2021-08-03,Barclays,176.17048447866395,178.18671751735184,174.09436589343215,176.03074645996094,25957326
2021-08-04,Barclays,177.78744653135968,178.86543200775765,176.07065653898155,178.506103515625,44421678
2021-08-05,Barclays,176.8093206514633,179.50427734009716,176.03077794653143,179.38450622558594,29177262
2021-08-06,Barclays,179.04509484341074,183.0575783679405,178.60192356646385,182.3189697265625,43064760
2021-08-09,Barclays,182.85796174700357,184.47494755647256,181.79994320852066,184.0357666015625,24985030
2021-08-10,Barclays,184.61469098647586,185.45311907211791,183.19732868845549,185.03390502929688,23847919
2021-08-11,Barclays,185.35331541738515,186.85051508187178,183.80721125132516,186.15182495117188,21471281
2021-08-12,Barclays,184.1752825497035,186.03200958468517,180.84116455921037,183.93569946289062,33481678
2021-08-13,Barclays,184.23517282462706,185.83236292487115,184.17528086145632,184.77423095703125,22421190
2021-08-16,Barclays,182.67794453465154,184.4747798223631,180.32209720897097,182.59808349609375,49644007
2021-08-17,Barclays,181.65970891136035,183.27686805105998,180.04256500359418,181.8992919921875,43163979
2021-08-18,Barclays,181.67970478926892,182.57811481907893,178.82473739044585,182.07899475097656,176161271
2021-08-19,Barclays,178.50531349271702,180.9809448352564,177.5270271647021,178.5851593017578,40544150
2021-08-20,Barclays,178.8846258771008,179.80300495668826,176.60863962944163,179.00442504882812,27386058
2021-08-23,Barclays,181.36025141554077,182.77776574100056,179.2040644072118,180.28216552734375,18508495
2021-08-24,Barclays,181.81947472908965,181.81947472908965,178.72792461753983,181.5000457763672,29212706
2021-08-25,Barclays,182.07899500626402,185.20349151118515,180.541711896405,184.81417846679688,24880568
2021-08-26,Barclays,183.3567381064244,185.70260848345225,182.87758711330596,184.21522521972656,38524901
2021-08-27,Barclays,183.57635704143343,185.4730224609375,183.05728313170192,185.4730224609375,29684420
2021-08-31,Barclays,182.67793489902215,185.31328810468145,179.02437254537733,184.5745849609375,65512687
2021-09-01,Barclays,185.49299294419788,186.45129496327272,183.01734639239334,183.65621948242188,38587321
2021-09-02,Barclays,183.07723836137384,185.43308573680062,182.77477780899386,185.15357971191406,22671065
2021-09-03,Barclays,185.1535650054593,186.5311411843644,183.99561809373282,184.37493896484375,24072521
2021-09-06,Barclays,184.834117919984,186.4911999385707,184.155306814567,185.27334594726562,11792101
2021-09-07,Barclays,184.25514638547043,186.17176541336846,183.65619627528116,185.05374145507812,18954116
2021-09-08,Barclays,183.29682293542234,183.91574208979313,181.08072892884127,182.09893798828125,49061492
2021-09-09,Barclays,179.0643187085605,183.04928244713682,177.9862175444528,181.420166015625,35584853
2021-09-10,Barclays,183.01734577764142,183.3956766017796,179.62333535425324,179.94276428222656,30709605
2021-09-13,Barclays,182.23871202606628,184.29508421534877,181.00090403823,183.81593322753906,1549882
2021-09-14,Barclays,182.83766102088467,183.97565412964803,180.28216879292023,180.62156677246094,27875505
2021-09-15,Barclays,179.94279283893468,182.17885661735232,178.82476856569505,179.5435028076172,49605732
2021-09-16,Barclays,179.68321851379727,183.27688897684726,179.52849251640964,182.3784637451172,28606806
2021-09-17,Barclays,182.67797408177114,184.57462455050063,180.88113850343166,182.39846801757812,74010939
2021-09-20,Barclays,178.68498904833814,179.40172780011034,174.29273842707522,174.61216735839844,47433772
2021-09-21,Barclays,176.16939701809747,177.94626306089705,173.9533029230222,174.71197509765625,39211822
2021-09-22,Barclays,176.0496444872294,181.3403206599104,176.0496444872294,180.90109252929688,26876550
2021-09-23,Barclays,182.53819075073642,184.41488706904386,181.5199815533637,183.63626098632812,39115752
2021-09-24,Barclays,182.2386948373773,185.0736928264302,181.38020781455887,183.4166259765625,29868089
2021-09-27,Barclays,184.63449477690708,187.90872107179047,184.2950815681459,187.44952392578125,43652049
2021-09-28,Barclays,187.26982664640724,188.1682365371002,185.21343948942717,185.99208068847656,33952073
2021-09-29,Barclays,185.6726577742385,188.26808811546962,185.4310792843156,187.44952392578125,26829823
2021-09-30,Barclays,188.66737675832186,191.04319304357176,188.10836474577718,189.26632690429688,53202366
2021-10-01,Barclays,186.43132286926215,188.12834329104808,184.23519760993037,187.5493621826172,33784479
2021-10-04,Barclays,187.7090506244898,190.38434185521646,185.09366659105328,186.9503936767578,23906512
2021-10-05,Barclays,187.42956369017463,194.59693583461467,186.8445964288797,194.25753784179688,42464706
2021-10-06,Barclays,194.11779405829623,194.43722299850378,153.50937520663908,191.56228637695312,36957945
2021-10-07,Barclays,194.35733451000957,194.75663966880325,191.5423054922023,193.39903259277344,40405972
2021-10-08,Barclays,193.5787203588501,195.41547850611207,193.03967740134712,194.81654357910156,31711544
2021-10-11,Barclays,195.096029161913,198.2704250688865,194.1976040175731,197.3320770263672,30434461
2021-10-12,Barclays,195.11602278892275,197.5317620791209,192.78012930513466,197.1125030517578,20730008
2021-10-13,Barclays,196.4336821805517,197.71142826736767,191.0631456634461,192.58047485351562,51152842
2021-10-14,Barclays,194.6568114561485,196.0882934276026,193.73343635541832,194.057861328125,40912565
2021-10-15,Barclays,195.15595354238073,198.51004112814104,194.95630855445353,197.4718780517578,41273237
2021-10-18,Barclays,197.75138627261344,199.94751162802146,197.01268305396704,199.10899353027344,29625968
2021-10-19,Barclays,199.06903891577983,199.9275260110642,198.2824313223256,199.1688690185547,22713720
2021-10-20,Barclays,199.62804226252277,199.9974014411961,195.67502016809985,198.09075927734375,28212917
2021-10-21,Barclays,199.62806358637698,199.64803265458454,195.65507200149287,196.55348205566406,35093906
2021-10-22,Barclays,197.27220182858332,200.74608831083688,196.31389987149853,198.51002502441406,30111945
2021-10-25,Barclays,199.6280290901924,203.53614718395826,198.78552038704098,200.2469482421875,58537731
2021-10-26,Barclays,200.09721451196464,203.06698474659967,199.50825653949505,202.44308471679688,27625285
2021-10-27,Barclays,201.3450417909348,202.14363698342945,198.53001239651323,199.10899353027344,28863498
2021-10-28,Barclays,199.69795524996078,202.0438105830727,196.593427615674,198.92930603027344,29834449
2021-10-29,Barclays,198.1307187715513,202.64276892587782,196.6832734684682,201.8940887451172,36670928
2021-11-01,Barclays,194.51704278370295,202.64271559790825,194.37529441275876,200.4965057373047,60270275
2021-11-02,Barclays,200.09723645531486,200.59635653389233,195.14796918932558,198.11074829101562,38218272
2021-11-03,Barclays,199.00914694688896,199.8157236072852,197.13245068465454,199.1688690185547,28919283
2021-11-04,Barclays,200.59632901163582,200.69017295640535,190.9034269454332,191.1629638671875,52883516
2021-11-05,Barclays,191.36263165576904,194.26251804185563,190.98331076055462,192.04144287109375,35517830
2021-11-08,Barclays,191.86173526300527,194.177659498776,189.86126438891154,192.101318359375,38706089
2021-11-09,Barclays,190.66387433503803,192.64038562602977,189.43604317886974,189.66563415527344,57571077
2021-11-10,Barclays,190.78364791185146,193.65858434751854,190.05094611807317,192.42076110839844,50491006
2021-11-11,Barclays,193.07961658137603,196.95279341003544,190.078909846978,196.2540283203125,29006199
2021-11-12,Barclays,196.2539679517386,196.67322687660646,194.17762715815573,194.9562530517578,35293599
2021-11-15,Barclays,193.03966056898577,197.31212664991187,192.6603244859345,195.65504455566406,24569783
2021-11-16,Barclays,196.89286189796275,197.15239881290393,194.35732378334694,195.4354248046875,32695415
2021-11-17,Barclays,195.95451038124847,197.3879723856959,195.25574544427084,195.35556030273438,59331043
2021-11-18,Barclays,195.55525843951511,196.79308183021033,194.3174502807573,194.99624633789062,22030156
2021-11-19,Barclays,195.73494754271061,196.61340382568764,188.78718878957935,190.62396240234375,53317815
2021-11-22,Barclays,191.20291241218624,194.97627420802434,190.88348348348438,194.3972930908203,25293180
2021-11-23,Barclays,192.48067806338506,195.3755684812472,191.52236079229473,193.43898010253906,32836092
2021-11-24,Barclays,192.66033206489783,195.25576232020396,192.10132006700042,193.0196990966797,44231692
2021-11-25,Barclays,193.71849175065736,195.53529623513825,192.5206065510109,195.1559600830078,18554255
2021-11-26,Barclays,187.05022040565999,188.80711736284758,181.3402862548828,181.3402862548828,62762131
2021-11-29,Barclays,184.07545191650064,186.9903261524195,182.95742797851562,182.95742797851562,37433914
2021-11-30,Barclays,180.98093838149154,186.2246845165878,180.18234323213653,183.8957977294922,66480343
2021-12-01,Barclays,185.39318373485236,189.72554284098317,185.27339977694902,189.34620666503906,40928174
2021-12-02,Barclays,185.9721133969941,187.60922637319717,184.23517032890302,186.91046142578125,29733935
2021-12-03,Barclays,188.5276377630302,189.46598595320856,184.5147080434758,186.33151245117188,17798417
2021-12-06,Barclays,186.67088196226106,188.66736198324782,185.8123949439594,186.73077392578125,29634799
2021-12-07,Barclays,185.4330707658291,187.52938101516835,184.87405876118788,186.39138793945312,46886308
2021-12-08,Barclays,186.391394401036,187.30977347363157,182.91752308609873,185.5728302001953,72018078
2021-12-09,Barclays,185.2733714603295,187.28980552589243,182.0390680038216,182.51821899414062,29267720
2021-12-10,Barclays,181.8793579071658,184.59457241767277,181.67971291738013,182.1788330078125,30767048
2021-12-13,Barclays,182.61803220656674,183.25690521187585,177.48707909869634,177.82647705078125,28555415
2021-12-14,Barclays,179.2839562414101,181.48008176031766,179.06434216632556,179.7631072998047,34426348
2021-12-15,Barclays,179.62333597420488,180.561684157257,176.01968840444664,176.16941833496094,43247637
2021-12-16,Barclays,178.38550949821575,186.0719555094304,176.16941517474194,181.8194580078125,56900237
2021-12-17,Barclays,180.9609565784554,182.87757566285993,178.77480841332599,180.521728515625,74707696
2021-12-20,Barclays,176.56871609438414,180.18234042989457,176.56871609438414,178.2856903076172,36263625
2021-12-21,Barclays,180.80122642877464,183.93569946289062,180.40193651602036,183.93569946289062,27005362
2021-12-22,Barclays,183.9157644071051,186.4912257335419,183.85585720533507,185.512939453125,34376929
2021-12-23,Barclays,187.03026752735855,187.94864660027693,186.65193671925238,187.0701904296875,25626748
2021-12-24,Barclays,187.5693351791881,188.06845529965634,185.91226795550588,187.1101531982422,5005050
2021-12-29,Barclays,189.66563419574769,189.96510929612825,187.3297558302648,188.16827392578125,17383167
2021-12-30,Barclays,187.52935896120476,189.02671889694355,187.4095750405642,187.72900390625,8830898
2021-12-31,Barclays,187.64918480793705,188.2081968717359,185.99211768508655,186.67091369628906,8016884
2022-01-04,Barclays,192.6004493785628,197.15242184584326,189.9650960958249,196.31390380859375,40400336
2022-01-05,Barclays,196.3538467718787,198.84944730337673,195.98949884271954,197.5717010498047,28170350
2022-01-06,Barclays,195.9345695314156,200.69817455220993,194.87643744134488,200.09722900390625,29020547
2022-01-07,Barclays,200.64624335675813,204.88876342773438,199.79773324978936,204.88876342773438,40109355
2022-01-10,Barclays,206.08665834588112,209.4307686559671,204.6891283478379,207.5341033935547,38889136
2022-01-11,Barclays,208.18298695345098,208.63219197591144,205.73730162500092,206.63571166992188,67439259
2022-01-12,Barclays,208.93164596335146,211.82653602184,208.63217090131675,211.42724609375,42752702
2022-01-13,Barclays,211.1278052520315,216.8177714252024,210.92816025562735,216.71795654296875,53562771
2022-01-14,Barclays,216.9175626484206,219.21351777527073,213.09929756099345,215.1207275390625,46476960
2022-01-17,Barclays,217.86590719502328,218.71441739371167,213.77311659136893,214.42198181152344,24158972
2022-01-18,Barclays,214.32215676607953,215.2205820385956,209.4307861328125,209.4307861328125,60762210
2022-01-19,Barclays,209.1313002044213,210.57874529787398,205.9868499934057,206.58578491210938,71653314
2022-01-20,Barclays,205.78718257838278,207.43428781896193,202.5928174280794,205.18824768066406,36605898
2022-01-21,Barclays,201.64449565085465,203.0869598741412,197.71142730847595,198.8893585205078,40878212
2022-01-24,Barclays,197.25227384171785,198.13071487883406,188.827123935979,190.02500915527344,55257456
2022-01-25,Barclays,191.84178627983957,197.07257019198533,191.84178627983957,196.3538360595703,35195382
2022-01-26,Barclays,198.80951853256926,204.8987745106454,198.4102133201459,201.8441619873047,42206968
2022-01-27,Barclays,200.4965423327165,207.434308401926,200.04732207493478,203.19178771972656,27601885
2022-01-28,Barclays,199.52822848708604,201.3150714961967,194.71670407642776,196.53350830078125,82325034
2022-01-31,Barclays,198.37028503883818,199.10898823784947,195.25578062602426,196.8729248046875,27261791
2022-02-01,Barclays,199.74786881527334,200.79600883291562,198.15067841287353,200.74610900878906,37250421
2022-02-02,Barclays,202.9921478315551,205.75925756230401,200.64627730265494,202.6926727294922,25198986
2022-02-03,Barclays,203.44132949006655,209.08137979771854,200.54942483650845,204.09017944335938,53035673
2022-02-04,Barclays,205.88699809729144,207.33444303752813,197.19232107559267,200.2469482421875,46999172
2022-02-07,Barclays,203.6908961395892,204.83886616569376,200.44661580362788,204.63922119140625,37412438
2022-02-08,Barclays,205.03850207419347,207.03498219266442,203.99036219754382,205.83709716796875,25800865
2022-02-09,Barclays,207.08490654675495,208.63218175447903,203.44133625960632,207.63394165039062,30093834
2022-02-10,Barclays,207.43432658362426,208.80092077325344,205.43784608759697,208.28282165527344,26138252
2022-02-11,Barclays,205.08843943923316,206.68562980057413,201.3949538645603,205.7373046875,42198884
2022-02-14,Barclays,198.7695524273879,199.55317451656842,193.33912415801277,195.2158203125,62142328
2022-02-15,Barclays,192.84002624785657,199.54820132249247,192.24109129272523,198.11074829101562,34554049
2022-02-16,Barclays,198.1905675126508,198.94923967875334,193.99796246141622,195.65504455566406,58329765
2022-02-17,Barclays,194.2175988517764,195.6151441844228,190.60397442569888,192.3009796142578,27405293
2022-02-18,Barclays,191.06316103023508,192.8001043966685,189.32623289573772,190.82359313964844,49093183
2022-02-21,Barclays,192.22109707563592,194.79655817197073,189.70552794378477,191.1030731201172,37489573
2022-02-22,Barclays,186.27160048053094,191.7419517206531,184.77424039702805,189.82533264160156,72591504
2022-02-23,Barclays,192.66033489453426,201.99388570888274,191.40255788079185,195.6350860595703,83411502
2022-02-24,Barclays,182.4782998932952,190.72974408324808,177.92632731059143,179.0842742919922,87307925
2022-02-25,Barclays,183.95568622586046,189.9451268850014,179.43365974676388,188.5675506591797,77049862
2022-02-28,Barclays,180.8411921991579,183.5564066702978,178.7049588523574,182.55816650390625,95541358
2022-03-01,Barclays,180.1623632874136,184.85408856270257,172.73545474109793,172.91514587402344,97416901
2022-03-02,Barclays,169.92046042565505,178.24578064372525,169.80067646715952,176.6486053466797,72847106
2022-03-03,Barclays,174.23226836428745,174.6436388010005,168.02181035906258,168.68080139160156,75911976
2022-03-04,Barclays,165.745314856056,167.90200453717983,156.53945940244964,156.55943298339844,74942661
2022-03-07,Barclays,149.76986520899368,154.88200506613953,141.8210806920647,151.3873748779297,77579763
2022-03-08,Barclays,147.6331542653063,157.69769138944915,152.02639770507812,152.02639770507812,92661915
2022-03-09,Barclays,158.9757144064129,161.6386147020637,155.48108435895315,161.5517578125,65108283
2022-03-10,Barclays,162.45038327745922,164.1567609709904,156.25989833921165,157.53793334960938,45299911
2022-03-11,Barclays,158.79597685748095,165.38585651490473,157.41810456339869,160.8528289794922,67505079
2022-03-14,Barclays,164.30752527230035,170.53894748415195,162.96958479211554,169.7391815185547,46588292
2022-03-15,Barclays,167.6823291289078,169.97880324535248,165.0563595090475,167.90199279785156,46163222
2022-03-16,Barclays,171.77602735639218,175.34055711528137,169.91888059868876,174.89125061035156,54098114
2022-03-17,Barclays,176.80830436172673,177.74686453815752,169.63931286021156,171.45652770996094,79041449
2022-03-18,Barclays,172.0955662486406,172.53489363919786,169.27988537391224,170.31829833984375,100515607
2022-03-21,Barclays,170.81751366942785,171.9158167974631,168.24147033691406,168.24147033691406,40472147
2022-03-22,Barclays,169.9388801094932,173.25379395643424,169.57943180362463,172.5948028564453,54227594
2022-03-23,Barclays,173.33366439780494,173.9327347207609,169.7391815185547,169.7391815185547,23109779
2022-03-24,Barclays,169.8190466030118,170.81751229430276,167.2330241190588,168.0817108154297,34082638
2022-03-25,Barclays,168.60095460567194,168.60595181055663,166.0648578913164,167.04335021972656,29250194
2022-03-28,Barclays,163.76838839832504,166.38436429624372,159.52490813638883,160.2338104248047,55348037
2022-03-29,Barclays,151.0678536744179,157.15848490878216,150.4687681990617,156.19996643066406,164239206
2022-03-30,Barclays,153.62394216696427,154.46264974736636,151.16770969821144,151.20765686035156,91045185
2022-03-31,Barclays,150.7683338256685,152.42579068845484,147.25372998978656,148.07247924804688,112418700
2022-04-01,Barclays,149.76985731101396,151.5271514853939,146.21532180182635,146.81439208984375,86209995
2022-04-04,Barclays,149.33055481267832,149.80981416993419,142.34129364156053,146.0755615234375,71652092
2022-04-05,Barclays,145.57628889588742,148.17229033907128,145.19686708899948,146.77444458007812,144775164
2022-04-06,Barclays,146.69459612596535,147.9316936897657,141.3088743079505,143.12008666992188,63265141
2022-04-07,Barclays,143.2199315404084,144.94727304519228,139.84511238477992,140.36431884765625,83235307
2022-04-08,Barclays,143.17998743933012,144.73760686126192,142.31132708191683,144.37815856933594,53486518
2022-04-11,Barclays,145.19689542854138,147.04406326059052,144.03867143909844,144.71763610839844,50447161
2022-04-12,Barclays,143.938819927605,145.93575134091125,142.1805202337096,143.04019165039062,38599477
2022-04-13,Barclays,142.22148106789834,144.03868103027344,141.60243710335232,144.03868103027344,38615655
2022-04-14,Barclays,143.37970311732815,146.05957596985363,142.44114277436245,145.63623046875,43283321
2022-04-19,Barclays,145.8758511268498,146.85434328895244,144.00870982763354,145.47645568847656,36566254
2022-04-20,Barclays,146.7545018712261,149.82977842325968,145.57631951730238,148.65159606933594,72095874
2022-04-21,Barclays,148.651575499538,150.74235678568667,147.73298890103501,149.8297576904297,54347891
2022-04-22,Barclays,147.81288572321557,150.0894020008645,146.07556480091534,146.47494506835938,78958551
2022-04-25,Barclays,144.19842327795652,146.4749239926683,142.92038832357022,143.9587860107422,41592916
2022-04-26,Barclays,147.2737050439061,147.8927489626677,142.5409716818265,142.76063537597656,43814852
2022-04-27,Barclays,144.91734734377061,145.03715838242397,140.7437669866123,141.70228576660156,111171869
2022-04-28,Barclays,144.65774179982782,148.09246687015224,142.1216299287807,146.0755615234375,61052856
2022-04-29,Barclays,149.23070236742439,149.23070236742439,147.09398620498982,147.97262573242188,73893935
2022-05-03,Barclays,149.370479872478,152.34590349333294,148.63160974472078,150.76832580566406,117982240
2022-05-04,Barclays,152.8651061843498,153.2964349608287,149.82976189633843,150.32899475097656,44075562
2022-05-05,Barclays,153.74375494874405,154.2030559063614,149.29060614780286,149.59014892578125,75893157
2022-05-06,Barclays,149.98951916777136,150.24911476589207,147.05402756242432,148.4119415283203,51130102
2022-05-09,Barclays,147.1738621783216,148.2522071390928,145.55635235485482,145.75604248046875,33883551
2022-05-10,Barclays,148.9710995640318,149.03100507648278,143.4196319580078,143.4196319580078,38652634
2022-05-11,Barclays,144.2783130036475,148.0325390545075,143.49951087200836,147.0740203857422,120851388
2022-05-12,Barclays,142.4411135917038,146.97414094888296,141.98181268815068,145.71607971191406,40307444
2022-05-13,Barclays,147.33361095134825,150.3140319725701,146.77447254123277,150.1293182373047,40300228
2022-05-16,Barclays,150.36896657831335,152.74830636604682,148.71150957252792,151.46726989746094,48063820
2022-05-17,Barclays,152.14617865614642,156.83896348654812,151.9464733666776,155.62083435058594,50124597
2022-05-18,Barclays,156.7790985486087,156.97878865435771,154.0832440325504,154.96188354492188,30534183
2022-05-19,Barclays,155.04173092451418,155.44610825744905,150.9679896118227,153.0447998046875,30700867
2022-05-20,Barclays,155.42117893493463,156.83899844097806,152.48568725585938,152.48568725585938,56300727
2022-05-23,Barclays,155.00182157657653,157.49798583984375,153.17462750761965,157.49798583984375,70822987
2022-05-24,Barclays,157.1984398206627,164.09784135772077,156.96879697911098,162.53024291992188,74921425
2022-05-25,Barclays,164.28754636699946,164.5271836296433,161.76942783390535,163.62857055664062,108468680
2022-05-26,Barclays,163.56866632671483,168.50508123391575,163.06943345217653,167.4227294921875,51023672
2022-05-27,Barclays,167.12320919048304,170.817529574917,166.17465449949498,170.1186065673828,52394921
2022-05-30,Barclays,170.27837167625594,173.07407930562076,169.85901781715836,170.95733642578125,105182657
2022-05-31,Barclays,169.87895821694516,171.35668322730015,168.66082881092697,168.8006134033203,68320374
2022-06-01,Barclays,170.91736065507425,171.8369528565455,167.22304040806293,167.5425567626953,37314104
2022-06-06,Barclays,168.0817358312086,172.43105583309526,167.8221401975729,171.09710693359375,36572161
2022-06-07,Barclays,168.9204391898841,170.61784326289532,167.3638404919022,168.74072265625,44760521
2022-06-08,Barclays,168.28143327677802,169.39871989109238,167.12322443097736,168.30140686035156,42131882
2022-06-09,Barclays,166.96345969440634,169.3797452092471,165.16621812767943,165.6654510498047,41256650
2022-06-10,Barclays,164.66699592676443,165.50570363405072,159.23533894273405,159.5548553466797,54031382
2022-06-13,Barclays,157.77755631741022,158.97071492267833,154.92194376730848,155.8405303955078,59237518
2022-06-14,Barclays,157.41814448258228,159.09555995653213,154.0233511297037,156.51951599121094,63205077
2022-06-15,Barclays,157.5978482066311,163.15931037818922,156.91889873257014,160.51336669921875,52138059
2022-06-16,Barclays,159.97417235542622,160.05405143801505,153.22454984812987,153.40426635742188,60187717
2022-06-17,Barclays,154.84207851501353,158.77603621541513,153.5240963424331,155.6807861328125,62981976
2022-06-20,Barclays,156.61933580190916,161.00259976915507,155.78062824099777,159.87432861328125,28154520
2022-06-21,Barclays,160.2537377232711,162.29060095712256,158.41656457346357,160.17385864257812,40945612
2022-06-22,Barclays,157.41809161498455,162.55719727488767,157.41809161498455,161.09243774414062,43468134
2022-06-23,Barclays,159.11554245239532,160.17391397528615,153.80369601664177,153.84364318847656,42518920
2022-06-24,Barclays,154.84207325635055,159.35514279730836,152.72533070178014,158.69615173339844,55663456
2022-06-27,Barclays,158.3367009377935,161.03255542379753,157.09859791934662,158.3966064453125,46256489
2022-06-28,Barclays,159.49495163509692,162.3904967105705,159.25531432942526,159.77452087402344,95098056
2022-06-29,Barclays,157.6378082092254,159.33519726797405,156.51951599121094,156.51951599121094,48146770
2022-06-30,Barclays,154.16310574225278,154.6823121982813,149.88967355007392,152.88507080078125,49777626
2022-07-01,Barclays,151.62702523214114,156.47956989309358,151.40736152538108,152.9649658203125,39156126
2022-07-04,Barclays,153.78368880418648,156.79904419821057,153.6838361417079,155.28138732910156,28079764
2022-07-05,Barclays,156.2599045818685,156.79807913436673,146.9541956030523,147.2537384033203,67023196
2022-07-06,Barclays,148.61161643810678,150.38888398955606,145.75600420902936,146.63465881347656,62994202
2022-07-07,Barclays,148.8313000164462,152.26602458239145,148.7713945100087,150.78829956054688,56736408
2022-07-08,Barclays,150.96802392712036,153.08478175533466,148.93116042547962,151.72686767578125,42802419
2022-07-11,Barclays,149.63007547853312,152.16617173885015,149.29060078552763,150.76832580566406,27895710
2022-07-12,Barclays,149.4104212017271,151.9864647853371,146.71456659784002,151.90658569335938,42389480
2022-07-13,Barclays,150.12930867927136,151.56710177681876,147.7929025134459,148.99105834960938,42491244
2022-07-14,Barclays,148.49182512228953,150.90911590434533,144.9572478934751,145.3166961669922,71086571
2022-07-15,Barclays,145.37659647262618,151.28751095647294,144.93726917393218,150.0693817138672,53102595
2022-07-18,Barclays,151.22760831520705,156.1011156771218,151.22760831520705,153.98336791992188,43856613
2022-07-19,Barclays,152.82517707926195,159.3551521212056,152.82517707926195,157.97726440429688,38552890
2022-07-20,Barclays,158.29676070588985,159.47495826839767,155.66081161200637,157.3981475830078,65043186
2022-07-21,Barclays,157.61782220042804,160.53334070061115,156.47957172271697,158.7161407470703,77532446
2022-07-22,Barclays,158.25683044472643,159.62671955996674,156.51949445542323,157.59783935546875,54866757
2022-07-25,Barclays,156.63931430309185,161.64162230785797,155.9813135404018,160.47341918945312,55314543
2022-07-26,Barclays,160.3735649225486,160.87279780076386,156.4995281476555,156.63931274414062,50305161
2022-07-27,Barclays,157.21841598597334,158.97071293120445,155.46110660153877,157.41810607910156,118779130
2022-07-28,Barclays,155.86051723213413,157.3182687660583,149.07094675560106,150.10934448242188,87466863
2022-07-29,Barclays,153.1646582648953,157.73763377478653,152.30597700783485,156.93885803222656,72309405
2022-08-01,Barclays,159.75454548145538,161.83135640095998,157.6118415404428,159.5548553466797,59578386
2022-08-02,Barclays,158.9957186748166,161.27221975486444,158.37665944401,159.77452087402344,76480735
2022-08-03,Barclays,158.6561956335339,163.42886052079768,158.53638462334615,163.06942749023438,40177324
2022-08-04,Barclays,162.8697610072531,165.4458049883743,160.87282910579927,162.23074340820312,63556077
2022-08-05,Barclays,161.65161346813673,165.1761966659517,160.7729738886346,163.74839782714844,43242514
2022-08-08,Barclays,165.24608267358985,166.66390221934142,164.4872541835108,165.7453155517578,57175243
2022-08-09,Barclays,164.88664841939408,167.4427185354075,164.3874154987546,165.6055450439453,47518114
2022-08-10,Barclays,165.74531645674296,169.83903217422352,165.16620448666072,169.49954223632812,82316178
2022-08-11,Barclays,168.78307074677255,169.90149584629847,167.2651972278451,168.7431182861328,47289799
2022-08-12,Barclays,169.66182222268435,172.67958904818997,168.86295588020718,171.3594512939453,50918564
2022-08-15,Barclays,171.97859756691523,172.05848725806635,170.48070014198265,171.31951904296875,43128335
2022-08-16,Barclays,171.8188124185816,171.9586155640543,169.64187554802058,170.26100158691406,26647334
2022-08-17,Barclays,171.09978643606462,173.11695876596488,168.30370884521815,168.44351196289062,20688108
2022-08-18,Barclays,168.3636598586373,169.22245490607372,167.2252585387703,168.2637939453125,25224763
2022-08-19,Barclays,167.80441935993503,168.98277305079432,164.6798080742615,165.0482940673828,53335326
2022-08-22,Barclays,163.77008781476047,164.56298104208452,161.5531988216908,162.85137939453125,36166208
2022-08-23,Barclays,162.07248583704,164.9085009793394,161.93867100064412,163.37066650390625,30777856
2022-08-24,Barclays,162.57178440184325,163.7501229232613,160.41480870724206,162.39202880859375,31788791
2022-08-25,Barclays,163.7701064936296,164.92848407458482,162.8513979686167,163.9298858642578,27147208
2022-08-26,Barclays,165.16813404416362,166.4663147348167,161.81284352615825,161.87277221679688,30454502
2022-08-30,Barclays,161.49331290158253,167.84439848697068,161.01399000006276,164.46913146972656,49358851
2022-08-31,Barclays,165.4277714195047,166.72595204812217,163.90989798124127,164.26939392089844,52657111
2022-09-01,Barclays,163.6303102362418,163.83002683922774,160.23508227328085,161.1737518310547,34587713
2022-09-02,Barclays,161.7329811558468,169.21446848284785,161.20971359447339,168.4036102294922,51300909
2022-09-05,Barclays,163.73016881969596,166.88572757523337,163.5703894495069,166.2666015625,26400585
2022-09-06,Barclays,167.14536948539435,171.4093727747266,166.346487887983,167.64466857910156,37590573
2022-09-07,Barclays,165.7872712435708,166.46631068027855,163.37066551824236,163.86996459960938,46181307
2022-09-08,Barclays,164.04969650994852,167.06546707263007,162.6316890203507,166.02691650390625,44118012
2022-09-09,Barclays,165.76728701363513,169.761679471795,165.1082086010632,168.60330200195312,41608887
2022-09-12,Barclays,172.79944355572613,175.0143215239863,170.29894052716628,173.71615600585938,49161895
2022-09-13,Barclays,174.0756122289948,175.57350924237576,171.35942442573898,171.69894409179688,44341919
2022-09-14,Barclays,170.18107945658443,172.51779525863427,168.84296171394703,169.66180419921875,42259194
2022-09-15,Barclays,169.46211762115334,172.397998873314,169.40220416497044,171.99856567382812,41696437
2022-09-16,Barclays,171.47928951069323,173.1968796876501,170.36086436752126,170.9001007080078,127232166
2022-09-20,Barclays,170.9000822104126,174.1355456153366,170.06126344382426,170.68038940429688,41957108
2022-09-21,Barclays,168.88289982271226,172.17827648363567,164.78865689996266,167.56475830078125,59874890
2022-09-22,Barclays,164.8885152664884,170.4676885218396,164.48908211691645,166.02691650390625,65411705
2022-09-23,Barclays,165.14815669497872,167.18529009035922,160.39482004342827,161.63308715820312,51682595
2022-09-26,Barclays,160.2750138769516,161.7529349720865,156.46036137290665,157.37608337402344,52779101
2022-09-27,Barclays,160.79425120350191,162.01254195958947,155.3019623067582,155.6215057373047,55358565
2022-09-28,Barclays,153.2848155255046,154.12363431179557,146.2946284982829,150.8682098388672,84832724
2022-09-29,Barclays,150.04933909334235,150.32894533130562,142.5199164212219,144.4571990966797,68587663
2022-09-30,Barclays,143.83807201207213,147.412064816237,141.4813797490702,144.09771728515625,75103787
2022-10-03,Barclays,143.25889334926015,145.9151527745199,141.06196528998038,144.87661743164062,52847044
2022-10-04,Barclays,146.2946398266932,150.84824529048208,145.8752304010705,150.52870178222656,43680699
2022-10-05,Barclays,149.60998356059923,151.15481198766562,145.39589810878894,147.41305541992188,36822485
2022-10-06,Barclays,148.35175459994787,148.99085687483714,143.917975901541,144.59703063964844,37789764
2022-10-07,Barclays,144.59701120595494,145.8552393550198,142.4000983836235,143.2788543701172,32681532
2022-10-10,Barclays,142.08053893189376,144.95650638611914,142.08053893189376,143.03919982910156,27915059
2022-10-11,Barclays,141.84087034058288,142.19538364431003,139.36435126805338,139.96351623535156,52106881
2022-10-12,Barclays,137.8065469295509,138.18601910865786,131.87487138459946,135.4897918701172,65690001
2022-10-13,Barclays,135.1303000367156,143.59840752230642,134.27150507500585,142.3401641845703,65181658
2022-10-14,Barclays,144.79674892295304,148.6713150804457,142.34019047814888,142.61981201171875,51791492
2022-10-17,Barclays,142.57984467772644,147.05356018725493,142.42006531446503,145.1961669921875,30616486
2022-10-18,Barclays,147.53288190892692,149.94948736989903,146.87380353664443,147.293212890625,30635600
2022-10-19,Barclays,145.3958979383808,147.0735355303151,143.01922944574193,144.09771728515625,28614081
2022-10-20,Barclays,143.39869476715052,148.2918194137912,142.00064826996896,145.13624572753906,69905432
2022-10-21,Barclays,143.53851963030118,145.99506282127732,141.70108724824559,144.83668518066406,25886257
2022-10-24,Barclays,145.6755084159985,150.62854689127104,145.23612277567292,148.73121643066406,30167127
2022-10-25,Barclays,149.3903190900815,150.0893348868297,145.8352961685878,150.0094451904297,24812022
2022-10-26,Barclays,150.7084341976519,152.00961663551286,147.37311996218588,149.6099853515625,63447450
2022-10-27,Barclays,149.80970836314106,151.10788908910163,147.93233884444734,150.0493621826172,24538170
2022-10-28,Barclays,146.77393165703583,148.14700392465608,144.6768849725628,146.2346954345703,22647996
2022-10-31,Barclays,146.87380183197806,148.91093513301107,146.43441625555604,147.55284118652344,24632742
2022-11-01,Barclays,149.1506200245953,151.66709162453,148.47156536037232,150.12924194335938,28844091
2022-11-02,Barclays,150.36892555223417,151.64713008677117,147.8724299398729,149.8896026611328,19608289
2022-11-03,Barclays,148.57145656375042,149.94952711884355,146.67412585411876,149.3104248046875,23393870
2022-11-04,Barclays,150.80828389271835,154.40322778070308,150.08929206764196,153.30477905273438,34319023
2022-11-07,Barclays,152.68566041311948,155.3119785848116,151.54725906173115,152.38609313964844,23685124
2022-11-08,Barclays,152.90534035192476,155.72139438441465,152.6057731037009,153.96385192871094,56097569
2022-11-09,Barclays,154.20353946383267,155.18216147936087,152.74559455624572,154.18356323242188,21699444
2022-11-10,Barclays,153.50449162208812,157.23925376971323,152.78549981572826,156.77989196777344,59021509
2022-11-11,Barclays,156.7998847383271,159.60594308321123,156.240672216024,157.99819946289062,53765652
2022-11-14,Barclays,156.5602138193865,158.5174728613543,154.98242694331202,157.39903259277344,27491978
2022-11-15,Barclays,156.40043828305403,157.1394064037983,155.10227287045262,156.99960327148438,22762920
2022-11-16,Barclays,155.62154714599805,156.2806256459538,153.72421657177392,154.18356323242188,27203752
2022-11-17,Barclays,155.00238507307773,156.80085497793053,153.30477149543174,156.44036865234375,30779589
2022-11-18,Barclays,156.66008160775132,158.9568451475821,155.8412238162372,157.99819946289062,22358632
2022-11-21,Barclays,157.5388570594553,158.2578490304272,156.6001874882312,157.71861267089844,13670802
2022-11-22,Barclays,158.89693843258652,159.07669402946001,156.89974206118688,157.69862365722656,16784247
2022-11-23,Barclays,157.4389795249902,158.43757762132418,156.70001144823988,158.05810546875,13194996
2022-11-24,Barclays,157.85840005761835,160.3349192451462,157.85840005761835,159.19651794433594,14339660
2022-11-25,Barclays,159.39621809306752,159.9953830264014,157.83840755127602,158.83700561523438,17701072
2022-11-28,Barclays,158.1380075480105,160.55062110367683,157.65868469064733,157.958251953125,25642764
2022-11-29,Barclays,157.0595357023492,161.55322794641097,156.99962224374576,160.77432250976562,42340565
2022-11-30,Barclays,161.55319805705798,162.57177237706853,160.12521009987057,161.0139617919922,84403402
2022-12-01,Barclays,161.73295438670584,162.092450310882,157.9582395641575,158.05810546875,28956372
2022-12-02,Barclays,158.8370241221548,158.87697658231062,155.641512992642,156.6001739501953,28802164
2022-12-05,Barclays,156.14080276408225,158.6372980658632,155.8012830600156,156.0609130859375,24394215
2022-12-06,Barclays,157.0395326506981,160.39482289606775,155.42180859508346,158.5374298095703,80092367
2022-12-07,Barclays,157.77849654409368,159.2963698912423,155.74136316658684,157.2192840576172,24905097
2022-12-08,Barclays,157.17931933617768,157.6846218710394,156.36047689841962,156.58016967773438,21644000
2022-12-09,Barclays,156.48032239490615,159.2564239501953,155.92110988555265,159.2564239501953,23399847
2022-12-12,Barclays,159.6558860662151,159.99540579931107,156.72000490231596,157.91831970214844,33870358
2022-12-13,Barclays,158.69723106960484,161.59317511894432,157.7385852885407,161.55322265625,42888082
2022-12-14,Barclays,162.61170899219553,162.61170899219553,159.8156312983289,160.0353240966797,42580381
2022-12-15,Barclays,159.11661739423516,159.46113495728792,154.982421875,154.982421875,32662221
2022-12-16,Barclays,154.1236320494608,155.52167857682272,151.88678198551892,154.20352172851562,109511197
2022-12-19,Barclays,154.62293413414727,156.34052417386204,154.16358751736223,155.1621856689453,14673171
2022-12-20,Barclays,153.78410136914658,156.3205337392219,153.4046292300608,155.52166748046875,20757044
2022-12-21,Barclays,156.08089493758982,158.1579809319857,154.84262773783496,157.8583984375,26030701
2022-12-22,Barclays,157.85840827450582,158.7781224757916,156.9197235107422,156.9197235107422,18858465
2022-12-23,Barclays,156.91971014678919,158.1380010891021,156.42041107985432,157.5188751220703,6137843
2022-12-28,Barclays,158.01818535630957,159.4361929781288,157.2193037452764,158.65728759765625,15974901
2022-12-29,Barclays,157.91830821216047,159.1166229248047,156.81984417042096,159.1166229248047,17312328
2022-12-30,Barclays,158.33772775078637,159.51608154723314,157.9782317902059,158.29779052734375,9144860
2023-01-03,Barclays,159.29638414688233,164.0796626707817,158.85699851464463,163.37066650390625,34940227
2023-01-04,Barclays,163.86995931725727,168.05407268482284,163.86995931725727,167.84437561035156,31851649
2023-01-05,Barclays,166.9456241279692,173.4964405059155,166.1267816040996,172.17828369140625,40113321
2023-01-06,Barclays,171.57912788994383,172.45788383107956,171.0997898448909,171.85873413085938,23266356
2023-01-09,Barclays,171.85874591978114,173.91585564936938,171.63905311007773,172.3780059814453,32930427
2023-01-10,Barclays,169.94142849003114,172.41796291138647,169.78166436397495,171.3594512939453,50086285
2023-01-11,Barclays,170.80022694828887,174.1555174611596,170.80022694828887,173.29672241210938,119855470
2023-01-12,Barclays,173.99572657913575,177.7504496939496,173.99572657913575,176.8317413330078,31151382
2023-01-13,Barclays,177.63065702835283,180.72630238148528,176.67199602849396,180.4866485595703,40855553
2023-01-16,Barclays,178.58928312799344,182.24415588378906,178.46945623022899,182.24415588378906,20281691
2023-01-17,Barclays,180.74623851542964,182.6036314102222,179.9074198500127,180.6863250732422,31207511
2023-01-18,Barclays,180.08718409215282,182.5836794308066,179.6278374827836,181.8447265625,55985902
2023-01-19,Barclays,178.60928406235567,179.46807916905317,175.59351307315282,177.13136291503906,34438199
2023-01-20,Barclays,177.69056848159335,178.95079284400154,176.46328737688742,178.16989135742188,27839430
2023-01-23,Barclays,178.30968127722085,179.98733407433255,178.30968127722085,179.62783813476562,26445387
2023-01-24,Barclays,180.6663577440048,180.92598775206855,178.60924819481536,179.5079803466797,41893275
2023-01-25,Barclays,178.74906756976662,181.4652557373047,178.34963440758685,181.4652557373047,59311967
2023-01-26,Barclays,182.26412246898514,185.00027140582415,181.9295854138957,184.78057861328125,109872375
2023-01-27,Barclays,185.49960079539477,185.7192936238925,184.04165591980038,185.5195770263672,22327860
2023-01-30,Barclays,184.44108674688695,186.51817285676245,182.8832759738302,186.39834594726562,33763580
2023-01-31,Barclays,185.45964087706488,186.21856994975445,183.22277564125662,185.5794677734375,31947853
2023-02-01,Barclays,185.57947993512073,186.76781419335094,182.9831338400468,186.2185821533203,28527540
2023-02-02,Barclays,186.09876115195078,188.4554535133259,185.04024949798898,188.13589477539062,27188071
2023-02-03,Barclays,187.0973449379365,188.69510802972275,185.5395343040139,188.37554931640625,21357380
2023-02-06,Barclays,187.33701497465216,188.48539672730294,185.37975593861808,186.2784881591797,17931883
2023-02-07,Barclays,187.3769871936536,189.83354575270263,186.31847541787025,188.57530212402344,27257436
2023-02-08,Barclays,189.1344970413277,190.11313426924363,188.2157885061125,189.4540557861328,20120348
2023-02-09,Barclays,189.29427605390052,192.90919673258878,189.13449668180166,189.334228515625,158538872
2023-02-10,Barclays,187.01745110222228,188.59324183089362,185.1600580252047,185.4596405029297,46689161
2023-02-13,Barclays,186.33841362516145,187.29705927886917,185.18003615931653,186.05880737304688,21870906
2023-02-14,Barclays,186.31846588138256,188.6951346251065,185.739277059912,187.05743408203125,21599769
2023-02-15,Barclays,174.75467696013106,176.7318970386941,167.34508048550933,172.35804748535156,144966337
2023-02-16,Barclays,172.09837593758806,175.11414616887032,170.3408489402468,174.41513061523438,49374194
2023-02-17,Barclays,173.07703455357196,176.15270337347553,172.03848396934117,173.25677490234375,64702066
2023-02-20,Barclays,174.1555170868084,176.4522959560661,173.51641485894007,175.63345336914062,35128709
2023-02-21,Barclays,175.79320592760055,175.9729615122255,171.1796875,171.1796875,114830121
2023-02-22,Barclays,170.08124809837432,172.937224244564,168.50346115692622,172.57774353027344,35163655
2023-02-23,Barclays,168.23257224727377,174.6853899531519,167.89295427375606,172.40792846679688,40518994
2023-02-24,Barclays,172.80745676922473,174.2858053108741,170.12044821082924,170.39015197753906,47280571
2023-02-27,Barclays,171.2092504306206,172.987268328071,171.2092504306206,172.4478759765625,65039485
2023-02-28,Barclays,170.88962738843253,175.2247942642296,170.80971458183325,174.44566345214844,77677027
2023-03-01,Barclays,175.30467568774122,176.6032318893451,173.48270060379085,174.2258758544922,66688362
2023-03-02,Barclays,173.98615267752874,174.9071389251297,171.40903729950867,171.56884765625,47614942
2023-03-03,Barclays,171.76864613189372,173.20703086757823,170.37019493519355,171.28916931152344,28320132
2023-03-06,Barclays,171.28919542056522,172.26811598001157,170.3702209041591,172.1482391357422,12810497
2023-03-07,Barclays,171.72867123715147,172.82745316200854,168.5122535027239,168.7320098876953,40741359
2023-03-08,Barclays,167.9129468288709,198.64070873222792,167.77310322853435,168.69207763671875,54618563
2023-03-09,Barclays,167.11381550195,167.6602038212618,162.1793107708476,163.23812866210938,49699846
2023-03-10,Barclays,151.11167489884704,158.8230863484434,151.11167489884704,157.24484252929688,115174718
2023-03-13,Barclays,156.8253145883774,157.36470705317606,145.89748449620447,147.31590270996094,137764902
2023-03-14,Barclays,147.07614945070765,155.3069698118192,146.03729827931156,151.89077758789062,101874320
2023-03-15,Barclays,150.83194437959682,152.33027495290406,137.9063435285105,138.08615112304688,149633932
2023-03-16,Barclays,141.84197562194728,143.64396889817863,139.64442693532104,142.2215576171875,158923216
2023-03-17,Barclays,142.26151157260836,145.37803472368807,137.58672684598875,139.40469360351562,144812125
2023-03-20,Barclays,131.43355788665866,137.886359596971,127.97740203936516,136.20823669433594,147930521
2023-03-21,Barclays,139.02509804409112,144.9794777736256,138.60556729478307,142.98069763183594,101651780
2023-03-22,Barclays,141.26262560903595,147.84829121739807,140.5234435960042,142.50125122070312,96414561
2023-03-23,Barclays,140.94297369215477,144.2792528956996,139.4845918426743,139.6244354248047,75878807
2023-03-24,Barclays,137.20713263410005,137.84641976828064,129.91525375741645,133.7509765625,124849932
2023-03-27,Barclays,137.14721865349205,138.6055854624596,134.88972377661023,136.84754943847656,88189227
2023-03-28,Barclays,138.8453103747758,140.26372826325658,135.68882340174702,137.02732849121094,80446359
2023-03-29,Barclays,137.64666365463285,141.88193576468305,137.44987665121812,141.86196899414062,136034186
2023-03-30,Barclays,142.40136430705613,146.3170005086459,142.1306697634762,144.6588592529297,110866685
2023-03-31,Barclays,143.7798255518612,146.87636671698027,143.77282956151467,145.63775634765625,70480092
2023-04-03,Barclays,146.4967758548845,149.79310611072984,146.29700149673164,148.09498596191406,61316572
2023-04-04,Barclays,148.37468281213938,150.05282106231135,146.3369598388672,146.3369598388672,85429670
2023-04-05,Barclays,148.2348542655249,150.05283628414912,146.89634907662233,147.5556182861328,79983446
2023-04-06,Barclays,148.39467121523225,152.0905505882459,148.2748096357014,151.45126342773438,77732100
2023-04-11,Barclays,151.61110569311504,154.00842899809027,151.57115690948305,152.37025451660156,155427194
2023-04-12,Barclays,153.2092996074832,154.42794301988243,152.53004849217226,152.8896484375,75043727
2023-04-13,Barclays,152.41020591806117,154.4199603155579,152.05060592791918,152.76980590820312,67937747
2023-04-14,Barclays,153.52895878572372,158.4035331735147,152.86968957915022,157.70431518554688,102778899
2023-04-17,Barclays,158.74314260905152,158.90296820963576,153.4090889344698,154.10830688476562,48532054
2023-04-18,Barclays,155.42683901486095,157.04503124112895,154.7875518798828,154.7875518798828,34842720
2023-04-19,Barclays,154.44793523707574,155.88633525541087,154.08833523249194,155.22706604003906,23709051
2023-04-20,Barclays,156.08610113815368,157.84415228328837,153.92851647010133,154.28811645507812,51785070
2023-04-21,Barclays,153.16936810585827,154.34806299313195,152.01065523140213,153.06948852539062,34635495
2023-04-24,Barclays,152.13050203353313,154.85745943509522,151.90973970209706,154.02838134765625,36313960
2023-04-25,Barclays,153.3491478039831,154.06834771630656,150.67212252104417,151.29144287109375,41514946
2023-04-26,Barclays,151.2914435882548,154.30807159067027,149.51341056638827,153.6887664794922,49550436
2023-04-27,Barclays,156.04616441814608,162.29420892430826,155.22706957280454,161.85968017578125,78793688
2023-04-28,Barclays,160.2015309929272,162.69874894584447,156.76535665102364,159.70208740234375,41563257
2023-05-02,Barclays,157.96401397037909,161.8596677754023,154.30808332762908,154.767578125,49769428
2023-05-03,Barclays,156.20595431588615,156.2459030895883,151.57111923432754,153.08941650390625,73452404
2023-05-04,Barclays,152.01062979084804,153.60885522895003,146.57669683327745,148.0750274658203,41318797
2023-05-05,Barclays,149.2537318931743,153.6887937464438,149.2537318931743,153.06948852539062,35537126
2023-05-09,Barclays,154.2681470254012,155.88633946886173,152.72985214795506,153.4091033935547,71557794
2023-05-10,Barclays,153.86859443850042,155.94628187113616,152.51010708800055,153.0495147705078,100719834
2023-05-11,Barclays,153.52896050621632,154.76758612864614,150.65217571750938,153.3092041015625,37699768
2023-05-12,Barclays,154.7875624505518,155.50674718993474,153.48900608218878,153.72872924804688,22601842
2023-05-15,Barclays,155.62661915163002,155.80641152040545,153.3091936753594,154.8474884033203,14615597
2023-05-16,Barclays,155.04727476418097,156.40576198653844,153.88856193650358,154.22817993164062,65808944
2023-05-17,Barclays,153.14940666906745,156.0661557278062,152.62998101039025,155.78646850585938,19770009
2023-05-18,Barclays,157.58442505678613,159.10273773236904,157.4046326929737,157.88409423828125,24764647
2023-05-19,Barclays,158.42350470872086,160.20152257846422,157.30474076014616,159.24258422851562,39076824
2023-05-22,Barclays,158.14381958644856,160.83081319444213,157.64437601560982,159.90185546875,48913521
2023-05-23,Barclays,160.1815434352968,163.57775363694665,159.68209986200662,163.25811767578125,25118768
2023-05-24,Barclays,161.1604390334142,161.50005698511822,157.58442143127607,158.48342895507812,26590965
2023-05-25,Barclays,157.8042003404322,158.50341835312673,155.227069457807,156.80531311035156,21692176
2023-05-26,Barclays,157.72429972151804,157.84417656282199,154.12831456042542,157.14495849609375,35862972
2023-05-30,Barclays,156.8452763241732,157.7842327542847,154.9074326691447,155.6266326904297,18218560
2023-05-31,Barclays,154.62774149895847,155.24704668514138,150.37247227521138,151.1715850830078,87428261
2023-06-01,Barclays,151.8508415995321,154.06837247863643,151.11165955922743,152.45016479492188,66415327
2023-06-02,Barclays,153.8286327741007,157.18489446248074,153.80865076187794,156.58555603027344,46644665
2023-06-05,Barclays,156.98511286249857,158.40353082904232,154.36801808654087,155.6066436767578,17458498
2023-06-06,Barclays,154.80752325960307,158.04392305036077,153.16934897480652,158.02394104003906,24565612
2023-06-07,Barclays,158.10386784975825,158.44348584628236,156.26591902430027,158.0639190673828,23106469
2023-06-08,Barclays,158.60330110779486,159.46234466998854,156.7653524022948,157.42462158203125,17716412
2023-06-09,Barclays,157.44460535981034,158.18378742074546,155.44683083580082,156.16603088378906,31345921
2023-06-12,Barclays,156.90519416750104,157.4545851442187,155.00729945173163,155.06724548339844,26578620
2023-06-13,Barclays,155.3069816005867,157.26480726956234,153.70877118438304,156.58555603027344,103425892
2023-06-14,Barclays,156.8652217858263,158.6032908081321,156.52660979281072,157.26478576660156,20989017
2023-06-15,Barclays,157.26480941550778,157.5844454063863,152.94960922507522,153.6288604736328,77609910
2023-06-16,Barclays,153.90853560948156,155.20709196725787,152.82973564648933,153.76869201660156,101253358
2023-06-19,Barclays,153.52895351042656,155.68655343499918,152.95159380526815,153.2892303466797,13924531
2023-06-20,Barclays,153.3891208612588,155.86635692816967,153.0894516433867,154.14828491210938,19125932
2023-06-21,Barclays,153.14937343762816,153.96845291222553,151.21153007619034,151.29144287109375,41614170
2023-06-22,Barclays,149.4934552829714,149.59333485339147,146.7165502112742,146.7964630126953,52493524
2023-06-23,Barclays,145.35806458373838,146.01731852915972,143.14053385709855,145.0583953857422,41598622
2023-06-26,Barclays,144.45905882553936,145.4579460036815,141.09880394341727,144.75872802734375,33921705
2023-06-27,Barclays,145.09833241460316,147.15605261189322,144.15939135824485,146.15716552734375,21529834
2023-06-28,Barclays,146.8564035513644,148.81421396980753,146.51078028123112,148.1749267578125,28271599
2023-06-29,Barclays,148.51454960429393,152.39922969492366,148.3647226129223,151.15162658691406,41115318
2023-06-30,Barclays,152.64996089107038,154.42797902366576,152.27037884867013,153.20933532714844,39518151
2023-07-03,Barclays,154.40798712559183,156.58555393260872,154.1482819374128,155.4468231201172,28280882
2023-07-04,Barclays,154.86744874446111,156.06612545378061,151.81085666767288,152.3902130126953,17870487
2023-07-05,Barclays,150.83195469632375,152.48811429207575,149.2337292120899,149.87301635742188,43163289
2023-07-06,Barclays,147.73540470639549,148.6094309704437,145.75761239945564,146.5367431640625,38697741
2023-07-07,Barclays,146.01732239176366,149.27370439202372,146.01732239176366,148.55450439453125,29450409
2023-07-10,Barclays,147.59556598393831,149.3336351848466,147.2959120198239,148.55450439453125,23448396
2023-07-11,Barclays,148.214888507476,149.85306291568583,148.07504490830476,149.6932373046875,48047287
2023-07-12,Barclays,150.6122007786301,156.9651235577355,150.3125315902009,154.6277313232422,47980417
2023-07-13,Barclays,154.48789742079575,156.38577699683336,153.86857699472776,155.5267333984375,71642871
2023-07-14,Barclays,155.52673712742802,157.34471918415124,154.76758832717306,154.9274139404297,41907830
2023-07-17,Barclays,154.16823495008606,156.78532957752745,154.16823495008606,155.88632202148438,19453247
2023-07-18,Barclays,155.32694975111843,159.20263671875,154.68766259332634,159.20263671875,39312111
2023-07-19,Barclays,163.2980856268842,164.41684972682972,161.12051870775477,164.09719848632812,118509859
2023-07-20,Barclays,164.31693709797256,166.2547806185468,164.17709350585938,164.17709350585938,29099236
2023-07-21,Barclays,164.0572284714649,164.91627201688124,162.53891575918783,163.07830810546875,48356749
2023-07-24,Barclays,160.98065765626657,164.3568858778013,160.88076284398213,164.17709350585938,17236701
2023-07-25,Barclays,164.65655104148541,164.96920624963627,163.0982895555736,163.33802795410156,18551553
2023-07-26,Barclays,161.8197059553364,163.87741088867188,160.11160235274602,163.87741088867188,27428782
2023-07-27,Barclays,155.8264044616151,158.66324047454876,152.88967363114904,155.22706604003906,104746692
2023-07-28,Barclays,152.94958636756104,156.52161062580197,152.87168548990914,155.56668090820312,37756906
2023-07-31,Barclays,155.06723904882276,156.52560568089433,154.7875518798828,154.7875518798828,41439055
2023-08-01,Barclays,153.82862612147113,155.34693890674018,151.25149536132812,151.25149536132812,41550164
2023-08-02,Barclays,148.33473532003188,150.0128583429383,145.8175355438646,146.29701232910156,57040917
2023-08-03,Barclays,145.797582559946,149.97292374393135,144.7986953589762,148.9940185546875,57132976
2023-08-04,Barclays,149.83308359222696,151.91875755520675,148.87414515084055,150.572265625,26360950
2023-08-07,Barclays,150.9518145828882,152.35026567638712,149.75315310403744,150.65216064453125,40570055
2023-08-08,Barclays,149.03395663743683,150.37246173261317,145.91743367151986,146.91632080078125,40910767
2023-08-09,Barclays,149.3935679192926,150.57226274676123,148.59445510704748,148.7342987060547,86031726
2023-08-10,Barclays,147.50242590883784,149.1408971189584,146.96293579770025,147.86209106445312,36325951
2023-08-11,Barclays,147.1827397729622,148.5514583773502,145.9838456946911,146.46340942382812,31925648
2023-08-14,Barclays,146.10372946923758,146.80307411443488,144.98476279235197,145.7440643310547,39239686
2023-08-15,Barclays,145.8639956449624,146.27361737362224,142.8667902549974,143.40628051757812,28344045
2023-08-16,Barclays,143.1465000432306,145.66415634397094,142.7069075667203,144.86489868164062,50752319
2023-08-17,Barclays,144.70505391747182,145.96388977553107,144.46528727370662,145.28451538085938,29310433
2023-08-18,Barclays,144.50525787297255,145.5442823380787,143.206465858159,144.1056365966797,27512973
2023-08-21,Barclays,143.7259794526854,145.92392686570855,143.5261688232422,143.5261688232422,22173472
2023-08-22,Barclays,144.4053137253619,145.18659800033393,142.56703186035156,142.56703186035156,34256300
2023-08-23,Barclays,142.66694115363464,144.1155869860359,142.56702823640524,142.90670776367188,86181183
2023-08-24,Barclays,145.04472228880653,145.90392159993485,143.8258730398109,144.4053192138672,24601950
2023-08-25,Barclays,145.52428301896407,145.88394819396524,143.50616091231478,143.84584045410156,20465367
2023-08-29,Barclays,145.18463546990117,149.8203125,145.08472252638413,149.8203125,52760042
2023-08-30,Barclays,150.4796526876305,152.39786186961186,148.84118139190238,148.901123046875,29777075
2023-08-31,Barclays,148.86117339217603,149.76032874436706,147.2227020263672,147.2227020263672,56729612
2023-09-01,Barclays,147.96201507007055,149.84025302832495,147.83412835720685,148.92111206054688,27326603
2023-09-04,Barclays,149.80030078892594,151.99824796256416,149.47560664587235,150.6595001220703,30146626
2023-09-05,Barclays,149.84025939735918,151.35884748216213,148.24175926376296,149.50057983398438,64373046
2023-09-06,Barclays,148.5414577513091,150.21990031203094,147.92204032433526,149.08096313476562,25186830
2023-09-07,Barclays,148.36165238728702,149.60050264947645,147.68229321563612,147.84213256835938,24059524
2023-09-08,Barclays,147.36256694119243,148.58143142630564,145.72409562023932,148.1018829345703,92559662
2023-09-11,Barclays,147.80216489363258,150.43970456288093,147.80216489363258,149.7603302001953,28151720
2023-09-12,Barclays,150.65949636929457,153.6167298762888,150.4596857665904,153.43690490722656,42675861
2023-09-13,Barclays,153.97640237961778,157.81283625896722,153.59676678980205,157.093505859375,45204574
2023-09-14,Barclays,157.23338094535632,160.3105132759546,156.61394820541844,159.9308624267578,46592313
2023-09-15,Barclays,160.86997783257726,163.4475758102017,160.17063308932381,161.3095703125,95245108
2023-09-18,Barclays,160.6302048576792,161.94898237050873,158.39329245252546,158.6520538330078,30159436
2023-09-19,Barclays,157.8528058748925,159.99081162316187,157.51312628044172,159.07167053222656,35030804
2023-09-20,Barclays,160.1106639891655,161.98891708043928,159.43130493164062,159.43130493164062,49443117
2023-09-21,Barclays,156.05446670036517,157.65298209140065,153.61673758909373,156.5540008544922,101649512
2023-09-22,Barclays,156.05446269111715,158.37230842411276,154.77565650897202,155.17529296875,63665727
2023-09-25,Barclays,154.09630378168177,157.77286789660386,152.85745357187656,153.49685668945312,31285690
2023-09-26,Barclays,156.0944223916656,160.86996720896184,155.71477159415443,159.5312042236328,57010417
2023-09-27,Barclays,158.0925700686628,160.5302838657039,157.32328322480927,157.97267150878906,44397025
2023-09-28,Barclays,157.27333611129217,158.97174923884236,156.7738019417437,158.93179321289062,31913112
2023-09-29,Barclays,158.85187281616146,159.83095556252258,158.2724113249675,158.79193115234375,47529159
2023-10-02,Barclays,158.85186519151335,160.2006135409686,155.67483520507812,155.67483520507812,34149954
2023-10-03,Barclays,154.87556170781227,156.61393067625391,153.94642032418707,154.13624572753906,49422328
2023-10-04,Barclays,152.917389985814,155.2352357353652,152.1980595976479,153.73663330078125,47005528
2023-10-05,Barclays,153.4968507713966,153.716647013768,151.43877254243893,152.37789916992188,40701456
2023-10-06,Barclays,152.65761862542095,155.03539049126024,151.47871026381844,154.61578369140625,27501875
2023-10-09,Barclays,152.6176730019901,154.0763194752179,151.44077672595716,151.8783721923828,65100536
2023-10-10,Barclays,153.33699796242908,157.5330817611157,151.0791090991469,156.63392639160156,46151859
2023-10-11,Barclays,155.37511222165136,158.29238993977725,154.39601427414604,157.03355407714844,31683307
2023-10-12,Barclays,157.73292706865954,158.53216960920685,151.01918606495718,152.1381378173828,70870493
2023-10-13,Barclays,151.6785573536728,154.49592204605975,150.55959048597612,152.9373779296875,48831138
2023-10-16,Barclays,153.03726021430901,154.25612464309705,151.87835268321749,153.1171875,53256134
2023-10-17,Barclays,152.69759638814352,155.09536947176494,151.918324328224,154.65577697753906,49166082
2023-10-18,Barclays,155.13531068350738,155.77471372917256,151.2988924095164,151.4987030029297,32855695
2023-10-19,Barclays,150.35977374458005,152.41785192946074,147.50243789951813,147.66229248046875,60376953
2023-10-20,Barclays,146.72317324971877,147.7222415640313,144.18554643897696,144.72503662109375,71027245
2023-10-23,Barclays,145.14464242508575,145.64417657859846,143.3463164235255,143.90579223632812,43059578
2023-10-24,Barclays,136.35283891969542,139.72969469168692,129.45927366642238,134.51455688476562,119659255
2023-10-25,Barclays,132.1567443952792,134.75432789406477,131.29754510671825,133.0958709716797,76612630
2023-10-26,Barclays,131.55728455228225,133.77521702906748,130.49827476949778,132.1167755126953,70540765
2023-10-27,Barclays,131.15768423938658,132.97599584940238,128.5201445565763,129.07962036132812,98106787
2023-10-30,Barclays,128.42023385946473,130.95787590381897,128.00062699861448,130.53826904296875,60102076
2023-10-31,Barclays,130.63815756718108,132.6562796803503,129.33938105090962,131.47738647460938,55502586
2023-11-01,Barclays,131.5772840765794,132.87607583667926,128.7998755906867,129.219482421875,64118027
2023-11-02,Barclays,129.7789752990231,133.27571459762962,129.51922301060168,133.11587524414062,35920598
2023-11-03,Barclays,134.07494637011257,137.20302554100346,132.036853995646,136.21295166015625,35763911
2023-11-06,Barclays,136.37284531181834,137.8714480075526,135.11402453544852,136.17303466796875,34139210
2023-11-07,Barclays,135.67345656471954,137.19204440716103,134.7543157045647,136.0930633544922,26541070
2023-11-08,Barclays,134.43463354363155,136.97227566706854,132.71623477731814,135.89328002929688,29514626
2023-11-09,Barclays,135.81336203626773,137.48180445090307,134.71438068790954,136.85238647460938,57710185
2023-11-10,Barclays,136.3328746069943,136.43277229587935,133.97507267636612,135.4536895751953,25413757
2023-11-13,Barclays,136.4327696354777,137.1720856927625,134.45461859707672,136.61260986328125,31803455
2023-11-14,Barclays,136.35282758344167,138.5108186161141,135.01407981569113,138.33099365234375,26715991
2023-11-15,Barclays,138.87049457761037,142.06751010889985,138.55078540219517,139.7496795654297,64647934
2023-11-16,Barclays,138.80056329374088,140.94856946642582,137.67162638595195,138.91046142578125,40382923
2023-11-17,Barclays,139.96948020709476,143.06658290716553,137.45182372765535,142.66696166992188,39566527
2023-11-20,Barclays,142.66696357271056,143.5261629643595,141.66789522170356,142.40719604492188,39490867
2023-11-21,Barclays,141.36817066371856,143.24642402853877,140.0294227415724,141.5879669189453,20885928
2023-11-22,Barclays,141.38815260379744,142.44716258153576,139.5098992880667,139.84957885742188,33759659
2023-11-23,Barclays,139.54986862443255,141.10842815431107,137.35192116452706,140.10935974121094,44680451
2023-11-24,Barclays,140.54892905213987,141.8876922355076,139.15023945109692,141.50804138183594,21281303
2023-11-27,Barclays,141.0884203447713,142.58702272890815,140.06936645507812,140.06936645507812,16277027
2023-11-28,Barclays,139.46993639438855,141.18833503594632,138.65069309674203,139.98944091796875,37092272
2023-11-29,Barclays,138.75059079073534,140.70875584528264,138.17112942920636,140.1692657470703,37260280
2023-11-30,Barclays,140.38908006119567,141.90765288246294,139.03034658009133,140.90858459472656,88216617
2023-12-01,Barclays,141.14836042316574,143.2064385685758,140.6288406673257,142.22735595703125,34100824
2023-12-04,Barclays,142.66696151582994,143.58610255615596,141.25526832163968,142.84678649902344,58569218
2023-12-05,Barclays,136.3728440506098,140.36911786894268,136.3728440506098,139.33009338378906,117463540
2023-12-06,Barclays,140.3291560116589,141.12839854647967,138.21112060957617,140.10935974121094,309071142
2023-12-07,Barclays,139.07031845379393,140.96855756357817,137.9713523587784,140.0094451904297,44771743
2023-12-08,Barclays,140.58890230346387,144.46529245891278,139.15024141094375,143.14651489257812,58692654
2023-12-11,Barclays,143.6859953545034,144.5052233485505,141.5679604113723,142.36721801757812,59341287
2023-12-12,Barclays,142.90670697898918,143.76590623090343,141.46806159295278,141.5479736328125,36126207
2023-12-13,Barclays,140.40907238424478,142.4072092718477,139.33009188016487,140.94857788085938,59678930
2023-12-14,Barclays,143.7659073950102,150.4596765079846,143.28536803200842,149.8602294921875,176673102
2023-12-15,Barclays,150.63951426809479,151.61859691550467,145.83498917030357,146.5033721923828,103975982
2023-12-18,Barclays,145.06471825581292,147.88209825970466,144.04566429221666,146.36351013183594,22514276
2023-12-19,Barclays,145.42436582779638,148.34164316401137,144.6051378249178,147.5224151611328,42444436
2023-12-20,Barclays,151.07909618339045,152.21803333487438,146.62324525187586,151.4987030029297,75955329
2023-12-21,Barclays,149.90021143603735,152.417867995387,148.74130371341792,151.2789306640625,55268216
2023-12-22,Barclays,149.7603271023328,151.9383038512337,149.7403567130877,151.63858032226562,13070297
2023-12-27,Barclays,152.45782054198114,154.5758403466907,150.7194363047032,153.51683044433594,26184336
2023-12-28,Barclays,153.3170233469484,153.89646952804208,152.65763463037308,153.3569793701172,21442794
2023-12-29,Barclays,153.2371127552637,153.67670528088578,152.81750586569,153.63673400878906,10578303
2024-01-02,Barclays,153.95645202238293,155.35514173438034,153.2570919218097,155.13534545898438,94542523
2024-01-03,Barclays,155.15530214988942,156.25426807726794,152.00524008211403,152.97732543945312,60606163
2024-01-04,Barclays,152.85743036228297,155.69478031292516,152.43782355926436,155.43502807617188,108657862
2024-01-05,Barclays,153.1971282519599,156.23430439690526,152.5577251547986,155.4550323486328,37399562
2024-01-08,Barclays,153.9963916004095,155.53495011923894,153.81656661861,154.67576599121094,103418887
2024-01-09,Barclays,153.11719186166442,154.8156200529793,153.11719186166442,154.13624572753906,18430452
2024-01-10,Barclays,152.73756935999276,154.3760407920076,152.17809354094956,152.49778747558594,69093738
2024-01-11,Barclays,151.85839911008915,152.49780228603288,144.68509520636346,145.4443817138672,91243689
2024-01-12,Barclays,146.2436173553274,149.0110254703783,145.40438842773438,145.40438842773438,50953321
2024-01-15,Barclays,145.18460445661867,146.90298781035946,144.1655505798121,144.84490966796875,133986526
2024-01-16,Barclays,143.80587596167794,144.94481307466643,141.0584384725366,141.2682342529297,35953235
2024-01-17,Barclays,140.0693863738847,141.72084631409564,138.27106020827208,140.54893493652344,45080070
2024-01-18,Barclays,140.70876575554192,141.80774690559753,139.29009069928824,140.58888244628906,42768637
2024-01-19,Barclays,142.24734768616824,142.90672117019932,140.22922547646053,140.90858459472656,113629727
2024-01-22,Barclays,143.52614082693364,145.5042915883376,142.986635463642,144.80494689941406,36259223
2024-01-23,Barclays,145.62419553792483,147.7622011726231,145.60422514724658,146.64324951171875,27395162
2024-01-24,Barclays,148.18181087855191,149.50057304779267,146.30355768114805,147.2027130126953,84852530
2024-01-25,Barclays,146.82308233696074,147.44249979736253,144.88488741878086,145.2445526123047,47524415
2024-01-26,Barclays,146.62326690044785,150.25987511796197,146.3435289794524,149.10096740722656,29055466
2024-01-29,Barclays,149.2807800941669,150.51963024547854,147.2097135076094,147.40252685546875,31299311
2024-01-30,Barclays,148.46155334884511,150.4796603098127,147.80216462160357,150.1199951171875,21202090
2024-01-31,Barclays,150.75942378149486,151.07913300453282,148.28173828125,148.28173828125,67089613
2024-02-01,Barclays,146.3035518380005,149.22082919633766,145.00476010963712,145.90391540527344,30614570
2024-02-02,Barclays,148.6213940198904,151.8683659774112,148.30170009278908,150.57957458496094,31830750
2024-02-05,Barclays,150.5196369638343,151.1390544448514,145.20458617648498,145.5442657470703,66340122
2024-02-06,Barclays,146.38347725432237,147.74221061909253,146.02381209174877,146.16368103027344,48838185
2024-02-07,Barclays,146.22362227295287,146.8630253107816,142.90670853357383,144.26544189453125,77270341
2024-02-08,Barclays,145.22457387637664,145.8839626365873,142.90672802032933,143.02662658691406,21760942
2024-02-09,Barclays,143.7059898881687,144.26546573314596,140.96855232601928,142.14744567871094,28838646
2024-02-12,Barclays,142.08748326528567,143.48617267346202,141.02847339272768,142.7468719482422,22934953
2024-02-13,Barclays,142.72689318792635,143.1764708590187,139.40997922514867,140.34910583496094,91445142
2024-02-14,Barclays,140.3491214734138,143.0665886811485,140.3491214734138,141.8876953125,17014136
2024-02-15,Barclays,142.866770087113,144.3154161055153,141.53800738912187,143.286376953125,55601953
2024-02-16,Barclays,144.7050445044553,147.74222058087972,143.06657315215884,146.5832977294922,38348527
2024-02-19,Barclays,146.42346147393445,150.31983735963183,146.36351980939006,148.86119079589844,38658012
2024-02-20,Barclays,157.39320570595066,162.82813943573706,149.62345910590625,161.6492462158203,143877464
2024-02-21,Barclays,162.64832393049682,166.52469860731117,159.2414973344149,162.6083526611328,163049918
2024-02-22,Barclays,163.12787510518388,164.16691470153796,158.9517768184788,163.52749633789062,53761544
2024-02-23,Barclays,162.70827831898907,164.72240665338563,162.22872976111324,163.58746337890625,55444497
2024-02-26,Barclays,162.74822255214897,166.98427769934742,162.66831050210592,165.68548583984375,59511408
2024-02-27,Barclays,164.44665510370808,167.32396156083053,164.44665510370808,166.7045440673828,38751376
2024-02-28,Barclays,166.02517801862766,169.74171365539183,165.98522199057138,168.74264526367188,56183655
2024-02-29,Barclays,163.5588440976949,166.55698977356897,162.07974791805967,164.3583526611328,110800848
2024-03-01,Barclays,165.01793270481102,171.97363736504218,164.87801985026348,169.41522216796875,187325677
2024-03-04,Barclays,168.2159837830953,170.35466063053352,167.17661797443134,170.03485107421875,73813990
2024-03-05,Barclays,168.13602319810352,170.2147394647439,167.51639602528763,169.3552703857422,55762395
2024-03-06,Barclays,168.8955349650977,173.40473934638445,168.7636127772489,170.81434631347656,87938434
2024-03-07,Barclays,171.09418245736455,173.33280345844307,170.154761008257,172.95303344726562,111717909
2024-03-08,Barclays,172.53329158439877,173.7725306371948,167.9361287185869,172.133544921875,59143288
2024-03-11,Barclays,169.27532978005755,174.2722398314291,168.9555202170773,173.69259643554688,137094836
2024-03-12,Barclays,174.55203694115633,178.34969100711027,173.90242959142287,177.47023010253906,63898102
2024-03-13,Barclays,177.530204870918,179.2091744376473,174.9118291024355,176.9505615234375,79857591
2024-03-14,Barclays,176.45088992806535,177.6701372325685,173.7125929075909,174.29222106933594,42841599
2024-03-15,Barclays,174.03237307097743,178.52959186944005,173.8924602072218,176.81065368652344,117586336
2024-03-18,Barclays,176.51083297482938,177.39029395988993,175.59140342197432,176.41090393066406,43582971
2024-03-19,Barclays,175.69136092348035,176.69074293641327,173.99340575972258,174.95181274414062,38894707
2024-03-20,Barclays,173.95242378823582,175.8712353465583,173.69258996501338,175.6313934326172,88814638
2024-03-21,Barclays,178.88937419663532,183.99621671803317,178.64951703196564,181.7276153564453,81665407
2024-03-22,Barclays,181.5077482238876,182.74898502047535,179.72884954005613,180.68826293945312,34353481
2024-03-25,Barclays,180.60828839729362,182.5670682754692,179.82877177749933,181.36781311035156,82797106
2024-03-26,Barclays,180.88813918230514,181.70763972923214,179.84878862821313,180.66827392578125,128129984
2024-03-27,Barclays,179.52894844767872,183.16669764047586,179.52894844767872,181.4077911376953,85794046
2024-03-28,Barclays,183.20669767246372,185.62520004641223,182.70700672125062,183.08676147460938,54858025
2024-04-02,Barclays,181.84752662106152,185.4053235375306,181.7885573586445,184.0061798095703,95958125
2024-04-03,Barclays,183.4265522762196,189.12304146284694,183.40657561720602,188.4234619140625,73013964
2024-04-04,Barclays,188.62336746795808,194.6796200539577,187.6509615672575,193.04063415527344,101520061
2024-04-05,Barclays,189.94253600201253,191.3616565786322,188.4434630373547,189.62274169921875,45929447
2024-04-08,Barclays,189.20297811235528,193.5602683148068,188.18360436118888,193.06057739257812,42259039
2024-04-09,Barclays,192.32103854159533,193.32042035463678,188.78321838378906,188.78321838378906,50866409
2024-04-10,Barclays,189.82260692068897,190.84198076285003,187.28416826953315,189.36288452148438,51917164
2024-04-11,Barclays,186.80447616103518,188.81623255633224,182.44717015816238,183.52650451660156,80275550
2024-04-12,Barclays,185.02556832064127,186.5986005887314,182.34723209094315,182.74697875976562,67912255
2024-04-15,Barclays,183.68640543915444,184.8856607291475,182.08738821959145,183.0268096923828,41143593
2024-04-16,Barclays,178.82941235785404,180.36845388371043,176.1310840856151,178.36968994140625,144230906
2024-04-17,Barclays,177.6701276444833,180.98808314636656,177.3003611907207,179.82879638671875,58349174
2024-04-18,Barclays,181.18795092018078,183.8662872314453,181.02804614803884,183.8662872314453,72982970
2024-04-19,Barclays,182.1673310585818,185.78508864778166,181.38781439847085,185.72512817382812,59013824
2024-04-22,Barclays,188.04370599488112,189.9225336375938,186.72451453891037,189.0630645751953,42043695
2024-04-23,Barclays,191.12180338527202,193.46035341228807,190.3622633684116,192.12118530273438,81046062
2024-04-24,Barclays,192.4409710156055,193.340423850876,190.1224130000242,191.0218505859375,159914286
2024-04-25,Barclays,195.8388778465508,206.57222936482296,193.88008267271752,203.8739013671875,174179117
2024-04-26,Barclays,201.8751554066738,204.87330127905014,198.95696192081715,204.2237091064453,107959690
2024-04-29,Barclays,203.87391392109606,207.37175067954624,202.57471436094295,203.5241241455078,41778612
2024-04-30,Barclays,202.52473488663722,205.92264247865833,201.6752694256501,202.57470703125,46614733
2024-05-01,Barclays,200.6259211242469,202.92450259795794,202.92450259795794,203.32424926757812,67105158
2024-05-02,Barclays,204.72337382304624,204.72337382304624,204.72337382304624,200.87574768066406,22410988
2024-05-03,Barclays,202.3748309920437,203.27426858559875,199.41665391325762,202.2249298095703,47827113
2024-05-07,Barclays,204.12375035345116,210.53778257016472,203.9738491701928,210.21998596191406,95337526
2024-05-08,Barclays,210.76964384711593,213.06822534591015,209.470459531994,211.51918029785156,54664931
2024-05-09,Barclays,214.86711294122765,214.86711294122765,211.7690228874482,213.11819458007812,32434866
2024-05-10,Barclays,213.16815690468238,215.01700422310086,211.81898527421282,213.8177490234375,44867099
2024-05-13,Barclays,213.8177536784507,216.0663629452828,212.51855416329846,214.41738891601562,34622487
2024-05-14,Barclays,213.96769035858128,217.89025247350762,212.51857427224067,217.06576538085938,36942402
2024-05-15,Barclays,217.4155542866786,218.71475391944097,212.01888240813307,212.9683074951172,39563337
2024-05-16,Barclays,213.16814908777647,215.4167582231974,211.66907633082917,214.76715087890625,45743448
2024-05-17,Barclays,214.41737558776802,217.76529558288468,213.96765681222777,216.6160125732422,38843437
2024-05-20,Barclays,217.2156477735336,218.41490292475982,216.1662937977019,216.6160125732422,24874213
2024-05-21,Barclays,215.21690539952232,217.9652057156328,213.41801487001473,217.41554260253906,34485145
2024-05-22,Barclays,216.96582245723746,218.7646977263991,211.31930541992188,211.31930541992188,76075814
2024-05-23,Barclays,211.16940117935692,215.8914715667125,209.77025735212143,214.8671112060547,59978110
2024-05-24,Barclays,212.4186373144418,216.56606632266346,210.56977460030438,216.0164031982422,42916160
2024-05-28,Barclays,216.51608645180906,220.06389531085676,214.71721119875536,218.96458435058594,97926592
2024-05-29,Barclays,218.1151112676773,220.3137485146619,213.46799128542892,214.01763916015625,81883936
2024-05-30,Barclays,212.41864044037658,219.71413185981163,211.1194408315415,218.41493225097656,47795152
2024-05-31,Barclays,219.06453552434687,220.96337051014416,217.06577148626093,219.86404418945312,82218581
2024-06-03,Barclays,221.91275873639842,224.16136805995026,218.86464082571212,219.06451416015625,47887792
2024-06-04,Barclays,218.51484908725155,219.2144286255482,214.8671112060547,214.8671112060547,96266689
2024-06-05,Barclays,216.16632328855894,216.51609782865035,211.6920852044364,212.51856994628906,54732210
2024-06-06,Barclays,212.61851065531542,216.1163474933582,211.21938201984167,216.0164031982422,78914345
2024-06-07,Barclays,215.91646739915956,218.11510457871836,213.1681671123716,217.11572265625,96238708
2024-06-10,Barclays,214.5673069041309,218.46490575482025,212.368669609807,214.61727905273438,41892783
2024-06-11,Barclays,215.3168140331986,216.46611229697146,208.67093090758775,208.9207763671875,62590795
2024-06-12,Barclays,210.3698896124933,212.51855459430303,206.12251654430756,208.5709991455078,130991228
2024-06-13,Barclays,207.97139768052145,208.27120007725838,204.52351762445724,205.02320861816406,91990995
2024-06-14,Barclays,205.62285041809082,206.04858203441836,197.54184887604788,201.8751678466797,77082657
2024-06-17,Barclays,203.6240780310219,205.57286983837955,201.92513171818084,204.7733612060547,79510265
2024-06-18,Barclays,207.07193594815624,207.77150025976442,205.02319991109368,205.8726806640625,58351028
2024-06-19,Barclays,206.17251890679546,208.1712829965378,205.57288358012883,206.572265625,34889006
2024-06-20,Barclays,206.32240002051495,208.8358450086129,205.27304592572247,207.92141723632812,78618616
2024-06-21,Barclays,207.9214077075823,210.7196800823353,202.7745817639893,204.723388671875,85228878
2024-06-24,Barclays,204.8233232969876,209.17064078784495,203.7240123247115,207.42172241210938,50595956
2024-06-25,Barclays,207.27181044601016,208.67095432640653,205.6228363273326,206.0225830078125,62344856
2024-06-26,Barclays,206.97200574453262,207.79348867107973,204.52350779357462,205.7227783203125,86932141
2024-06-27,Barclays,206.1225095437451,211.4192364752255,204.47353556713796,209.62034606933594,55243693
2024-06-28,Barclays,210.02010140569683,211.81899188602182,208.66094140382438,208.7708740234375,40264979
2024-07-01,Barclays,211.8689819660721,214.3224665824419,207.4717073080293,213.0682373046875,39103981
2024-07-02,Barclays,211.86896309450992,214.36741784798292,210.02010047719688,210.61973571777344,42471582
2024-07-03,Barclays,213.16817390746533,218.01516723632812,212.7184550778906,218.01516723632812,47996480
2024-07-04,Barclays,218.86463499086787,224.4611797022495,216.66599787188133,224.21133422851562,70585662
2024-07-05,Barclays,223.81158888355276,226.0601983135604,219.21444097626352,220.4136962890625,62764166
2024-07-08,Barclays,219.41431062280068,225.61047567564896,218.11511103526195,221.9127655029297,42154602
2024-07-09,Barclays,221.66289388606563,223.3118678128321,215.2668409972648,216.6160125732422,42282199
2024-07-10,Barclays,217.0157657576295,219.51422041866303,215.26684749490605,219.41429138183594,37845061
2024-07-11,Barclays,219.91399070122043,222.46241760253906,217.8652547511659,222.46241760253906,39455797
2024-07-12,Barclays,224.0614336990685,225.2107321094387,221.11325994961206,222.31251525878906,32863299
2024-07-15,Barclays,218.8646307149995,225.61045837402344,217.5654312270938,225.61045837402344,50879577
2024-07-16,Barclays,224.41120038993603,227.5592471586911,222.41243666390562,227.20947265625,39118646
2024-07-17,Barclays,227.3593995497764,232.90397490068844,227.15952620443957,230.5574188232422,58691836
2024-07-18,Barclays,232.45625286492702,234.15519916802523,228.2588363816319,228.45872497558594,30816784
2024-07-19,Barclays,225.21071889775996,231.95654677167437,224.11139270004563,228.5086669921875,26127466
2024-07-22,Barclays,229.5080506695605,231.40688545758877,227.8590766096287,230.7073211669922,26026695
2024-07-23,Barclays,231.35689526473104,231.85658618322938,229.35813159073768,230.35751342773438,25145346
2024-07-24,Barclays,229.00837131305266,230.48845880995952,227.4593414658896,228.2588348388672,41895286
2024-07-25,Barclays,222.56234202052184,227.95901333169942,222.2125675115164,227.75912475585938,122205338
2024-07-26,Barclays,230.85725705784955,232.03652057507557,229.25823965380872,231.2570037841797,34080525
2024-07-29,Barclays,232.20639347145783,236.7535689738924,231.40688489157822,232.60614013671875,37775372
2024-07-30,Barclays,232.30633250292382,234.70485834570604,231.95655796811866,233.9053497314453,27716677
2024-07-31,Barclays,234.85477294328268,236.20394475993461,231.30696374894845,233.655517578125,67449383
2024-08-01,Barclays,236.85352958596448,241.65056614643808,222.11264536067767,222.76223754882812,70189217
2024-08-02,Barclays,220.21382676395257,221.16323660099252,206.87207114813373,208.9707794189453,79681248
2024-08-05,Barclays,200.92574458670111,207.56164014088768,196.31859317600666,206.0725555419922,132361965
2024-08-06,Barclays,211.31931092756773,212.8713601283114,205.52289254986843,208.07131958007812,42550008
2024-08-07,Barclays,212.26872531260008,217.2156782865273,211.01451130399786,214.61727905273438,34121303
2024-08-08,Barclays,213.01825606108375,216.5160928781745,209.92018117270408,213.86773681640625,89969114
2024-08-09,Barclays,215.21691072661375,218.5148589880913,214.16555895501875,218.1151123046875,55429932
2024-08-12,Barclays,219.71411326926608,222.01267940268855,218.56481495319747,219.96395874023438,25894995
2024-08-13,Barclays,220.21381290976336,221.41306816791095,218.21504906306475,219.11448669433594,49951914
2024-08-14,Barclays,222.06266322513443,222.86217182415098,220.01392720557888,221.46304321289062,23166080
2024-08-15,Barclays,220.19265608570785,227.63902282714844,218.9432651810583,227.63902282714844,37720588
2024-08-16,Barclays,225.78992670130273,229.13830055255798,225.19022819527115,228.1887664794922,24567341
2024-08-19,Barclays,227.1892590503733,230.3876969116744,226.38964577220935,228.888427734375,19484792
2024-08-20,Barclays,229.1882878651562,229.73802295488724,225.1402579788613,225.889892578125,20957190
2024-08-21,Barclays,226.28969592385158,226.98936709762606,223.9668382614198,224.74046325683594,48959784
2024-08-22,Barclays,224.6404991797216,226.98936033286572,223.39110819429487,225.29017639160156,34155635
2024-08-23,Barclays,225.9898512289625,230.3377227783203,225.490094826644,230.3377227783203,25996351
2024-08-27,Barclays,229.38817372244264,230.3377077747266,226.25370018513152,230.08782958984375,34832552
2024-08-28,Barclays,230.7874826461864,230.93741870610228,221.59196860477292,223.7908935546875,27776677
2024-08-29,Barclays,222.89134810808906,228.1387901599611,222.89134810808906,225.9398651123047,23203038
2024-08-30,Barclays,226.63953671936827,228.63856240156778,226.33967981676722,228.28872680664062,33995001
2024-09-02,Barclays,228.73849045368232,229.68802448069138,226.41961363904397,227.039306640625,17872003
2024-09-03,Barclays,226.1897310292662,227.53207892712638,221.6919238003423,222.94131469726562,27378608
2024-09-04,Barclays,219.19315333406598,224.34063799486273,218.99325383049847,223.59100341796875,29048790
2024-09-05,Barclays,222.14171096922985,230.6375694314951,220.99227739546512,228.4386444091797,30394843
2024-09-06,Barclays,227.08929805506372,227.5890544395385,220.2426447385721,220.74240112304688,25949375
2024-09-09,Barclays,220.74239484966427,224.34063156480988,220.54248010047223,223.89085388183594,23793597
2024-09-10,Barclays,222.74141858490697,224.79040748587875,216.5944061279297,216.5944061279297,35297193
2024-09-11,Barclays,218.54346070494213,220.3575788197619,213.7947837171122,215.045166015625,66928057
2024-09-12,Barclays,218.89328348051154,220.74238809447283,216.7943006890611,218.4934844970703,84571938
2024-09-13,Barclays,218.39354874388044,221.8348645123039,218.09369185094047,221.04225158691406,26828833
2024-09-16,Barclays,220.24265674966898,221.99180419072172,219.19316523476627,220.892333984375,23352431
2024-09-17,Barclays,222.1916842636497,226.1637469004374,222.0417482024369,224.89036560058594,41836456
2024-09-18,Barclays,223.79089701905122,224.98931792215913,222.99129902587066,223.39109802246094,46038527
2024-09-19,Barclays,226.88940055378046,227.53907775878906,224.59051811463863,227.53907775878906,47880775
2024-09-20,Barclays,226.7894471859623,229.03835097571388,225.34015668283783,226.6395263671875,69402309
2024-09-23,Barclays,227.18925602247046,227.38915552650855,221.7419144678206,223.09124755859375,28963678
2024-09-24,Barclays,223.64097025412218,229.7879673583309,223.28114506622902,226.2896728515625,41617232
2024-09-25,Barclays,223.9408395149489,228.23874748286372,222.28664709815013,223.09124755859375,25163698
2024-09-26,Barclays,225.39011383708373,228.23873113246188,225.39011383708373,226.93936157226562,38928906
2024-09-27,Barclays,225.09027583979176,229.1383056640625,224.17173249835926,229.1383056640625,38836293
2024-09-30,Barclays,226.18972951940736,228.58855392494604,223.39109087870986,224.44058227539062,30475294
2024-10-01,Barclays,224.59052048455365,226.88940294795364,218.29358686788572,219.59295654296875,35105841
2024-10-02,Barclays,219.74289207809568,222.49155223928864,217.89378732366032,220.09271240234375,44979363
2024-10-03,Barclays,219.34306040597744,222.09172034903818,216.0946441096329,219.2431182861328,40271438
2024-10-04,Barclays,218.89328795375087,228.1867614692149,218.89328795375087,226.13975524902344,39320183
2024-10-07,Barclays,226.68949895674265,229.73801595108208,224.8403942343888,229.53810119628906,28441204
2024-10-08,Barclays,228.28870539439285,230.03785270225686,227.2392292107578,228.33868408203125,22265092
2024-10-09,Barclays,228.78846557804678,230.53761291503906,227.08929692952518,230.53761291503906,21968348
2024-10-10,Barclays,230.48763373406055,233.68607131010063,230.48563580676657,231.037353515625,45453313
2024-10-11,Barclays,230.9374427801585,235.735107421875,229.98790864045603,235.735107421875,31789043
2024-10-14,Barclays,235.5851530434109,235.7850525439196,231.88695890426038,232.78651428222656,57673311
2024-10-15,Barclays,233.18632431046095,234.03590098507146,231.48715570988597,233.9359588623047,38896576
2024-10-16,Barclays,233.33625714255817,237.08443009489534,232.86248905746945,236.93450927734375,35189461
2024-10-17,Barclays,237.83406522418602,245.90413661150305,237.58418702679745,244.9805908203125,52767389
2024-10-18,Barclays,244.68073393020518,245.03055425573206,240.43280457465076,242.13197326660156,61009377
2024-10-21,Barclays,241.73216155931212,243.13147329065922,239.6331787109375,239.6331787109375,25124465
2024-10-22,Barclays,238.53371215391581,242.0819854736328,237.18437908958688,242.0819854736328,32138237
2024-10-23,Barclays,242.6816941559887,244.04103208030884,237.73410918742383,238.03395080566406,30653807
2024-10-24,Barclays,246.579789884181,251.17755458828353,240.7826129424638,247.92913818359375,48850966
2024-10-25,Barclays,248.67878287807545,250.27799417631604,241.28237915039062,241.28237915039062,99402220
2024-10-28,Barclays,240.28284774733328,242.03199497792303,234.78552787976543,241.6821746826172,38999270
2024-10-29,Barclays,242.5817485245057,243.90510856896503,237.3842851215882,238.68365478515625,83286742
2024-10-30,Barclays,236.88453426912164,247.17951918847263,236.78457688829732,241.9820556640625,52249910
2024-10-31,Barclays,239.0334672752807,242.2818837020899,236.0849077227555,237.38427734375,54088115
2024-11-01,Barclays,235.58515122014154,242.0320053826164,235.33527303360103,240.48277282714844,34968637
2024-11-04,Barclays,239.23337596306078,245.58027259301724,239.08343990404137,243.38134765625,133591019
2024-11-05,Barclays,242.63173894560208,245.38039922201983,242.03202514838696,244.7806854248047,28591141
2024-11-06,Barclays,250.8277416314955,258.4240299884783,250.7447895092692,258.02423095703125,109014314
2024-11-07,Barclays,259.17366014604755,259.57348967331745,253.57639754543786,253.72633361816406,37077657
2024-11-08,Barclays,251.77725566456107,253.77628116487946,248.22899760257926,251.37745666503906,29463841
2024-11-11,Barclays,254.17611300206931,261.87235866052356,253.67635659241182,260.52301025390625,47158973
2024-11-12,Barclays,257.37451171875,260.3730497193568,256.37499905188105,257.37451171875,35440090
2024-11-13,Barclays,256.72485148777764,263.0467512203139,256.17510118318233,258.723876953125,37127842
2024-11-14,Barclays,258.12416550897694,259.5434870231898,255.4254841570242,256.4749755859375,25442875
2024-11-15,Barclays,253.82622503364345,259.2236022949219,249.3284182749208,259.2236022949219,39728022
2024-11-18,Barclays,259.32361903009587,261.6224863653641,258.52399045495514,260.7229309082031,62281442
2024-11-19,Barclays,260.22314914740656,261.322619266967,253.1765812479696,255.725341796875,51889335
2024-11-20,Barclays,256.72489982230115,260.67295755805253,256.72489982230115,258.8238830566406,31095842
2024-11-21,Barclays,259.9232942824345,262.52203369140625,255.92524303869644,262.52203369140625,32355750
2024-11-22,Barclays,262.27212420903646,264.6709485686437,250.22800847478982,257.0746765136719,75378934
2024-11-25,Barclays,257.9242675915793,265.3706502032634,256.12515674043783,263.52154541015625,78251572
2024-11-26,Barclays,263.7713895567123,264.97081697109036,259.5234606762904,260.8228454589844,60513917
2024-11-27,Barclays,258.3241265962128,260.42307932783865,256.1751494142024,258.8238830566406,38376963
2024-11-28,Barclays,259.2736204156525,265.37065474190314,258.92378482675,264.9708557128906,27795051
2024-11-29,Barclays,263.7713745989757,265.3706008932234,261.8173408459802,263.6714172363281,33732740
2024-12-02,Barclays,262.37208827654814,265.1207482489691,260.4230262768394,262.721923828125,37219828
2024-12-03,Barclays,263.22167844763726,268.1942602836137,263.22167844763726,264.4710693359375,44720091
2024-12-04,Barclays,264.2211936592902,266.0203043543893,261.858331923758,261.9722900390625,29800816
2024-12-05,Barclays,263.42153574796134,267.5195435430234,263.42153574796134,267.4195861816406,26092339
2024-12-06,Barclays,267.719491609647,269.46863889223397,264.12123967064065,264.67095947265625,34652434
2024-12-09,Barclays,266.27015278249866,268.9688490263138,265.3705975354616,267.4195861816406,21226133
2024-12-10,Barclays,265.5705582346882,268.1193036263244,263.42158135238424,264.0712890625,23272737
2024-12-11,Barclays,262.0223029934898,268.86897252067416,261.5225465389904,266.5201110839844,66367713
2024-12-12,Barclays,268.81896791147784,273.096881286798,267.4196256509932,270.568115234375,30383450
2024-12-13,Barclays,269.51858544296294,271.86744631868396,268.1692372375312,269.2687072753906,17943580
2024-12-16,Barclays,269.4186393915779,273.11684862806374,268.619041422844,270.16827392578125,31793460
2024-12-17,Barclays,269.3187183410748,270.91791431309287,263.9713191143542,264.42108154296875,61963968
2024-12-18,Barclays,263.97131660459985,268.04733242280884,263.609493486424,266.91986083984375,25399661
2024-12-19,Barclays,257.47449671203316,260.7229132279002,257.0247037625987,260.1231994628906,51575171
2024-12-20,Barclays,256.67486819111735,261.12271223700355,254.57590051629293,260.1231994628906,68228161
2024-12-23,Barclays,261.07273519142296,261.9222966029697,259.17363661742826,261.4725341796875,13605305
2024-12-24,Barclays,262.82188658375503,264.0522743187797,262.1452145081473,263.42156982421875,8298189
2024-12-27,Barclays,264.221215218766,265.77044786025147,263.41161228964,264.77093505859375,15970484
2024-12-30,Barclays,262.47208614178123,265.6205455862879,261.27265849496337,264.62103271484375,14724719
2024-12-31,Barclays,264.1212543697952,268.01934814453125,263.07177814291964,268.01934814453125,9253099
2025-01-02,Barclays,266.0203239009365,268.01934948802256,260.463035209054,266.76995849609375,16234904
2025-01-03,Barclays,266.17020861125224,268.3691486598265,265.4755704960326,266.3201599121094,22674822
2025-01-06,Barclays,268.76895978084946,272.8170045302968,267.2197272920247,272.66705322265625,33697063
2025-01-07,Barclays,271.6675289505548,272.36720001405854,263.8713423989411,265.5705261230469,36053588
2025-01-08,Barclays,267.7194975798036,272.51714660366116,260.0232371637106,264.8708801269531,42976306
2025-01-09,Barclays,262.37208531881254,265.9703371608691,260.9227796940639,265.720458984375,77895220
2025-01-10,Barclays,264.42108830742063,266.27019301291693,256.4749801715384,257.92425537109375,58858463
2025-01-13,Barclays,257.72435029455767,261.5224862724058,254.97569042822627,260.5729675292969,44675614
2025-01-14,Barclays,262.0222275121089,263.97128932427086,258.3240491157846,263.6714172363281,29124701
2025-01-15,Barclays,267.5695668367241,282.31237942871405,267.3016920597965,280.8131103515625,65565586
2025-01-16,Barclays,284.86115366155866,285.4608674540198,281.11298058706444,282.5622863769531,37501667
2025-01-17,Barclays,285.9106045777731,291.6078393470768,284.66121366368964,289.2090148925781,51385499
2025-01-20,Barclays,292.207581120611,293.4569721545603,289.8587198762441,291.70782470703125,28352078
2025-01-21,Barclays,293.8567545467013,297.9997239997263,292.4074488282955,295.8058166503906,39436643
2025-01-22,Barclays,297.8548017785904,299.1541561624471,292.7073171772538,293.60687255859375,119155572
2025-01-23,Barclays,292.25753119982807,298.95427903672737,292.25753119982807,298.5044860839844,37652718
2025-01-24,Barclays,296.85531449508477,297.4550283016777,292.25754931482066,292.9072265625,22990549
2025-01-27,Barclays,287.45989291249316,291.93171228966327,287.4098989699051,288.2594909667969,33626143
2025-01-28,Barclays,285.86064114229293,289.87269281026926,284.9610857846944,289.2090148925781,39485551
2025-01-29,Barclays,290.0586357810076,298.304616637432,289.5088854222861,296.1556396484375,44836689
2025-01-30,Barclays,295.55595690793507,297.5049886305843,294.20660848289424,295.6558837890625,32430324
2025-01-31,Barclays,294.5064245902366,298.60443295051755,294.5064245902366,296.85528564453125,29162819
2025-02-03,Barclays,287.95959855667525,291.7487361010712,286.0155391453381,290.40838623046875,109731938
2025-02-04,Barclays,292.15756634291745,294.10662841796875,289.0091072624342,294.10662841796875,38513525
2025-02-05,Barclays,292.45749181577344,295.1561584472656,291.20810064303237,295.1561584472656,28853413
2025-02-06,Barclays,298.15462954736097,307.849915047002,296.35551886829904,307.35015869140625,74428801
2025-02-07,Barclays,305.8508985508408,307.2002468508714,302.75240295517625,304.5515441894531,31910538
2025-02-10,Barclays,304.50154610765094,308.7894642462202,302.60247802734375,302.60247802734375,25448783
2025-02-11,Barclays,302.3526323190152,308.2647592735494,301.6529611340521,306.30072021484375,27287744
2025-02-12,Barclays,307.65003057806524,312.24779560253216,306.0508344849552,307.6000671386719,38726785
2025-02-13,Barclays,295.4559777843919,301.40306040130156,287.7097538989053,293.10711669921875,95487410
2025-02-14,Barclays,292.7572979439278,295.65587901214286,291.3080226611755,294.45648193359375,80572764
2025-02-17,Barclays,298.454486715713,305.95083167423206,298.3545293490583,304.25164794921875,48798577
2025-02-18,Barclays,305.40110207169647,310.2987388447893,304.8014188366064,308.0498352050781,31610524
2025-02-19,Barclays,308.9993254553018,312.44765625210647,305.2511530686468,305.8009033203125,38353533
2025-02-20,Barclays,305.7509227373537,309.24921711764995,297.70485786375474,298.25457763671875,44965737
2025-02-21,Barclays,299.8038475164515,305.9008506036133,299.4040180330186,303.6519470214844,41171276
2025-02-24,Barclays,301.70292674768797,303.85187303870293,295.45597212106986,298.60443115234375,39817525
2025-02-25,Barclays,297.7548595486116,305.20124217294574,296.70538330078125,296.70538330078125,58511638
2025-02-26,Barclays,304.5015459693888,309.79898172044926,301.30312354682576,308.7994689941406,69455584
2025-02-27,Barclays,301.60670203577763,303.3911231214986,296.0084279094161,300.9568786621094,136383465
2025-02-28,Barclays,299.00752583708135,311.2127352535228,297.208064083437,311.2037353515625,104348091
2025-03-03,Barclays,310.403994114257,315.90229352690886,305.5554876214719,311.0038146972656,47887027
2025-03-04,Barclays,306.905029378388,308.91042078035656,290.81000382076036,292.3095397949219,71125845
2025-03-05,Barclays,306.90509149238943,312.4033911771065,301.2398512455121,303.356201171875,109193473
2025-03-06,Barclays,307.90472578164434,310.903797786011,303.9059631091555,308.3045959472656,69237234
2025-03-07,Barclays,302.2564853486531,306.6551182702994,298.4076701016606,298.6575927734375,39777130
2025-03-10,Barclays,299.6073456778723,300.5570336352522,280.0633721863713,284.4620056152344,96013777
2025-03-11,Barclays,283.36236611870896,284.8468922952788,277.4641660618122,283.4623107910156,64205536
2025-03-12,Barclays,287.11116549500036,294.15897234016745,286.1614471788375,292.0096435546875,53815331
2025-03-13,Barclays,291.9596732686547,295.80848878328356,286.6613244618061,288.76068115234375,35149260
2025-03-14,Barclays,287.2111358188529,295.25866453646915,285.36173236653826,294.6588439941406,40187488
2025-03-17,Barclays,296.20835284224086,297.15807124459656,291.55979702196015,294.7588195800781,47951738
2025-03-18,Barclays,296.75820638558787,304.6057849050334,295.0437404036913,303.55609130859375,54934802
2025-03-19,Barclays,301.5566997384397,305.95533280702995,299.5573182974315,304.8056945800781,40816410
2025-03-20,Barclays,306.3552371149364,308.37960474620496,298.5576310981545,301.9565734863281,35080182
2025-03-21,Barclays,299.45735844048636,301.7566655201353,293.0093712683151,297.3580322265625,72074784
2025-03-24,Barclays,300.0071860553187,305.70540475721975,299.2074151880795,303.506103515625,34814034
2025-03-25,Barclays,303.10622114324093,308.8044396159239,302.956243137321,307.90472412109375,73406373
2025-03-26,Barclays,308.8044600534157,311.50363722468273,304.30585177339725,309.15435791015625,33447570
2025-03-27,Barclays,302.9062825788973,305.70540434006705,298.75757226896593,303.4061279296875,49575169
2025-03-28,Barclays,297.907818198001,301.95655318837635,293.1093152088051,293.4092102050781,52813410
2025-03-31,Barclays,289.0605872097411,290.71007091950383,284.56197863321967,287.71099853515625,79020262
2025-04-01,Barclays,291.85973384327264,295.90846927708435,291.5098359705397,293.8091125488281,42981084
2025-04-02,Barclays,292.30957272597027,296.6582336425781,289.1605529270959,296.6582336425781,33005123
2025-04-03,Barclays,284.9118369791269,286.51134813046184,268.3669688244713,270.8161926269531,83298971
2025-04-04,Barclays,264.2682520798952,265.21793997391165,240.07572407306787,249.97267150878906,148960169
2025-04-07,Barclays,223.68079932708648,255.6889022735231,223.68079932708648,241.77520751953125,127396742
2025-04-08,Barclays,245.42407666909259,259.86962006529524,243.0648059125385,253.971435546875,91562896
2025-04-09,Barclays,241.3253336676963,248.97297682691254,238.4762242685948,241.57525634765625,67187218
2025-04-10,Barclays,308.9044506062005,309.9041413848613,260.1695251464844,260.1695251464844,103159497
2025-04-11,Barclays,262.5687363695404,264.2182197980003,250.9723342801556,257.8702087402344,74749197
2025-04-14,Barclays,263.4684879164326,272.7656303006687,261.9689517746017,270.3163757324219,30875395
2025-04-15,Barclays,269.9664829350267,279.51354818888626,269.0167949989141,279.1136779785156,42882246
2025-04-16,Barclays,274.9149596948418,278.68478965528794,273.41542355105173,277.9140319824219,82382137
2025-04-17,Barclays,277.9139985336595,279.61348482866697,274.0651834595335,277.2142028808594,27299550
2025-04-22,Barclays,276.71439889467854,280.0133968116416,275.2648655518324,279.9134216308594,49402964
2025-04-23,Barclays,284.91185536486034,297.7398874235185,284.66193268471574,293.6591491699219,37152214
2025-04-24,Barclays,293.1093296854334,294.8087855951462,287.71097542079167,289.51043701171875,85245595
2025-04-25,Barclays,291.3598690421057,292.9093774362088,288.9106146043151,292.7594299316406,32894742
2025-04-28,Barclays,291.1599127782609,298.4576425948554,291.1599127782609,295.00872802734375,27585988
2025-04-29,Barclays,297.6079418989486,301.6566771436858,295.1087150791997,297.9078369140625,38025663
2025-04-30,Barclays,309.90415238554317,309.90415238554317,287.82696555794917,296.7082214355469,95599721
2025-05-01,Barclays,292.6594475717717,299.20740934492994,291.95965189012094,294.70880126953125,23323919
2025-05-02,Barclays,298.25773202649657,302.0065722216307,293.6591486188375,300.9568786621094,37012296
2025-05-06,Barclays,301.10685986239605,303.4061363364841,292.209587965292,298.0078125,53053469
2025-05-07,Barclays,298.0577614285137,299.4073499086946,293.70910099599195,296.0583801269531,57720572
2025-05-08,Barclays,299.65730906779777,305.25558349563005,299.40738637466364,304.9556579589844,68823766
2025-05-09,Barclays,307.1050101674256,307.92775370098695,304.90567831729055,306.9050598144531,30367934
2025-05-12,Barclays,312.90319946574266,320.4008799641231,310.80384282456816,313.2030944824219,56096457
2025-05-13,Barclays,310.1540791170485,317.60178798242333,310.1540791170485,316.7520446777344,34889792
2025-05-14,Barclays,316.7520130302523,320.7507759392455,313.2530954848832,320.200927734375,34788080
2025-05-15,Barclays,320.2009358774692,324.4996244188416,318.95132243662965,322.2003173828125,43328424
2025-05-16,Barclays,323.10004610542535,326.6009465808023,322.45022274459353,325.3993225097656,34896375
2025-05-19,Barclays,322.85015451242447,326.89889002971927,321.4505629926338,325.59930419921875,30040938
2025-05-20,Barclays,327.29874553871485,330.64771565376736,325.64926190238765,329.4980773925781,28093280
2025-05-21,Barclays,328.14851279375034,331.09761292615156,326.94887160236675,327.8985900878906,27263394
2025-05-22,Barclays,325.5992927955991,328.3984147208615,321.8004496020106,326.5489807128906,31204174
2025-05-23,Barclays,326.49901003729155,329.99792771572027,311.97350443831164,323.20001220703125,39132476
2025-05-27,Barclays,325.0994381360907,328.59835569686845,324.3996424206792,327.99853515625,30892653
2025-05-28,Barclays,326.2490438959437,329.1081444599183,323.6998144791403,323.84979248046875,20539081
2025-05-29,Barclays,327.69861653207016,329.19815266112136,325.14941731593933,325.94915771484375,27844325
2025-05-30,Barclays,325.999151246025,328.2984277083076,322.9001038995408,327.3987121582031,52310756
2025-06-02,Barclays,324.79949317865953,327.89854036298607,322.65016433583463,326.9488220214844,18595152
2025-06-03,Barclays,327.09880911088186,329.7479833631819,321.8784089014924,329.1481628417969,27269277
2025-06-04,Barclays,329.8979479867013,331.8473571553335,324.74954671823394,325.8492126464844,42342840
2025-06-05,Barclays,324.09972801325557,327.84856803264944,324.09972801325557,326.9488220214844,23868229
2025-06-06,Barclays,328.0485280471923,334.1466479940372,326.64896703680375,333.09698486328125,38557917
2025-06-09,Barclays,333.0969665408094,333.9966821045589,329.69799362064873,332.3471984863281,17946358
2025-06-10,Barclays,330.89762789658624,332.49713914816743,323.25,323.25,71278280
2025-06-11,Barclays,323.5499088601483,326.44900596689075,322.6501932764201,322.9001159667969,48031211
2025-06-12,Barclays,318.0015961809043,325.24935326381774,316.90193038393835,323.84979248046875,46385664
2025-06-13,Barclays,317.8517052407568,319.2012634277344,315.4024505530152,319.2012634277344,61656560
2025-06-16,Barclays,320.80073960137827,325.8991682741663,319.55112622609386,325.4992980957031,32419385
2025-06-17,Barclays,323.7498694625513,324.7495602556991,320.30092402293457,321.6505126953125,33319731
2025-06-18,Barclays,322.90010948410134,326.29905190335853,322.25031660379545,325.0494384765625,31743515
2025-06-19,Barclays,324.89949957852815,325.09944993537135,319.651123046875,319.651123046875,15272321
2025-06-20,Barclays,321.1506309038327,327.1987473137079,321.1506309038327,323.8997802734375,54976252
2025-06-23,Barclays,322.10037311803853,323.7498567603874,317.75171223683463,318.55145263671875,24584331
2025-06-24,Barclays,327.8485793686476,333.3968505859375,326.89886099430754,333.3968505859375,53443541
2025-06-25,Barclays,333.39685909431626,333.64678177729553,328.44837776807117,331.74737548828125,28326349
2025-06-26,Barclays,331.89733562755725,335.59620367967506,330.64772216510414,331.09759521484375,27767378
2025-06-27,Barclays,334.0466489039672,340.24474358824864,334.0466489039672,338.4452819824219,35720599
2025-06-30,Barclays,338.6952454934064,339.2950661009914,332.34723304521685,337.1957092285156,22865391
2025-07-01,Barclays,335.69611107405683,336.6958017330125,329.3480997961986,329.5980224609375,24617583
2025-07-02,Barclays,335.9460639856693,337.9204593164988,319.251246782876,325.6492614746094,51318423
2025-07-03,Barclays,326.8988713500688,335.7461404836482,324.9494622075692,332.2472229003906,33811657
2025-07-04,Barclays,330.697661110734,333.3468657901649,329.04817760846777,330.39776611328125,15476731
2025-07-07,Barclays,331.54745021751876,336.04605885142854,331.4474750351368,334.1966247558594,19248214
2025-07-08,Barclays,335.0963570153273,337.94645806098487,333.2469229963294,334.5465087890625,38120942
2025-07-09,Barclays,336.1959823252337,339.5449523925781,335.94605964122496,339.5449523925781,33057727
2025-07-10,Barclays,339.94480856890976,344.79331454039493,339.94480856890976,343.543701171875,55679501
2025-07-11,Barclays,344.34350314043354,345.3431939255611,337.5455874966814,339.8948669433594,26291575
2025-07-14,Barclays,338.6452393199122,343.94358805656907,337.72252061466554,343.89361572265625,17404955
2025-07-15,Barclays,346.19287416585314,346.6427471801572,340.89452570564845,343.2438049316406,37652535
2025-07-16,Barclays,342.5440214053451,348.19226790962523,341.6942781860142,342.4940490722656,41093798
2025-07-17,Barclays,346.39284146448915,351.89114053535405,343.59371959530495,351.0914001464844,21147896
2025-07-18,Barclays,347.8923560818833,349.5418395996094,343.7436458681667,349.5418395996094,26646132
2025-07-21,Barclays,347.6924336578835,352.6908874511719,346.192897519897,352.6908874511719,43624091
2025-07-22,Barclays,349.44192186739815,350.84151345371237,343.8436775547149,348.6421813964844,29163457
2025-07-23,Barclays,350.04169401930625,352.74087112425127,346.4928042221926,351.7411804199219,54654264
2025-07-24,Barclays,351.3912940688013,360.78838089532894,350.93144487204313,358.2891540527344,33393108
2025-07-25,Barclays,359.1389058360445,363.1566754512298,354.7902449247106,360.3885192871094,73558090
2025-07-28,Barclays,364.88713058903824,366.19373325760125,359.6387540531685,361.08831787109375,23321180
2025-07-29,Barclays,359.48878669915746,372.68468581331547,355.0401508205429,371.085205078125,54910973
2025-07-30,Barclays,374.884033203125,375.03398071477807,366.8865071614583,374.884033203125,34619306
2025-07-31,Barclays,374.5341201421915,376.2336065603532,370.63533245668236,371.1851501464844,52230372
2025-08-01,Barclays,367.5363017265736,370.0155457937255,352.4909679953421,356.5397033691406,31946918
2025-08-04,Barclays,361.13828005057275,365.9867862442292,359.88866662479217,362.3379211425781,46854272
2025-08-05,Barclays,367.2363930166446,367.2363930166446,359.37380473854773,360.7384033203125,28505056
2025-08-06,Barclays,365.9867809672866,365.9867809672866,362.68778326590814,364.7871398925781,64620801
2025-08-07,Barclays,363.11752531501514,365.4669671945212,360.3681498715829,361.91778564453125,83644462
2025-08-08,Barclays,363.06752679539557,367.866455078125,361.61787437976477,367.866455078125,71584352
2025-08-11,Barclays,369.6160484183419,371.9805015319873,365.5169734807303,370.9157409667969,16640285
2025-08-12,Barclays,371.8155403599855,374.86486605198724,370.2158975965508,373.9150695800781,26541665
2025-08-13,Barclays,374.115044909952,375.41473752268183,372.2654588759529,373.4151916503906,23288060
2025-08-14,Barclays,374.81488037109375,375.1648070127426,372.21546454682357,374.81488037109375,20413339
2025-08-15,Barclays,377.81417139547506,379.23785922767115,368.86622228031405,371.0657043457031,32981703
2025-08-18,Barclays,370.56582924008563,372.21544846728193,366.66672092744494,371.11572265625,20397846
2025-08-19,Barclays,371.6655763118642,375.41472469429726,371.56559291953647,372.0155029296875,14132345
2025-08-20,Barclays,370.26591445163075,373.5151765068107,367.96641838311416,372.6153869628906,20100018
2025-08-21,Barclays,374.2149778876277,375.564677381753,370.26589330632436,373.8650817871094,19805084
2025-08-22,Barclays,374.3649866066232,378.2640949394493,373.46516655926837,376.3645324707031,23768320
2025-08-26,Barclays,373.81510180584195,375.11482495384786,368.76626058689953,373.7151184082031,29403636
2025-08-27,Barclays,375.6146850215515,376.2145243439105,367.16659194077914,371.3156433105469,34678914
2025-08-28,Barclays,373.16524575529166,373.71510866199117,366.366802042241,368.5662841796875,21372591
2025-08-29,Barclays,364.8671616397145,366.616764356558,352.7699024668378,360.31817626953125,43548289
2025-09-01,Barclays,363.9173145593861,367.2665596828723,362.46763173394345,367.216552734375,17417191
2025-09-02,Barclays,368.9661686571395,369.7159983161181,358.31859360177293,359.6183166503906,28693331
2025-09-03,Barclays,359.1184598001233,362.3677219234155,355.6442426584733,362.1677551269531,24744128
2025-09-04,Barclays,362.76761055755594,370.21590051406605,361.4179110118137,370.1659240722656,23574721
2025-09-05,Barclays,372.4153987706415,372.4153987706415,360.5181075697625,360.9679870605469,24020916
2025-09-08,Barclays,363.9173272078934,366.46673583984375,363.1674975501848,366.46673583984375,19572415
2025-09-09,Barclays,368.9662010939703,373.4651794433594,365.81692235152786,373.4651794433594,25656974
2025-09-10,Barclays,374.2649905101324,377.0643424205853,372.16546132196896,374.9648132324219,30874965
2025-09-11,Barclays,376.9143973664588,380.6635458813771,373.4151920858683,379.46380615234375,33834978
2025-09-12,Barclays,380.3136220717364,381.8132814888258,378.41405957888634,380.0137023925781,14315611
2025-09-15,Barclays,381.9132604174906,386.46221505851804,381.2634141131508,384.5626525878906,20158639
2025-09-16,Barclays,384.9125818147477,385.712387962311,373.8651030344541,374.764892578125,51928207
2025-09-17,Barclays,377.11437765274775,380.91350274621914,373.54017706970114,378.3140869140625,28082218
2025-09-18,Barclays,379.66374889353443,384.6126368239893,376.9143734900921,384.462646484375,24966437
2025-09-19,Barclays,388.5617343258138,388.5617343258138,377.66421573821077,381.5633239746094,78944993
2025-09-22,Barclays,382.1632136135702,384.36272632783607,379.1638947362891,383.2629699707031,27294342
2025-09-23,Barclays,386.26226661595683,389.81144821220016,383.262947911307,389.2115783691406,36179557
2025-09-24,Barclays,384.3626851114484,386.9120936794967,379.6637405033304,384.9625244140625,23537903
2025-09-25,Barclays,382.21315664742656,384.0127661228782,375.0647867168864,376.2645263671875,31719401
2025-09-26,Barclays,376.9143881445034,383.4129120780293,376.9143881445034,382.51312255859375,28960805
2025-09-29,Barclays,382.7630536895176,386.1122989438418,380.31359792619105,380.7135009765625,21435248
2025-09-30,Barclays,382.16318599330015,385.0625212629969,379.3138271636863,379.5137939453125,35398710
2025-10-01,Barclays,378.9139382652371,381.8632805958353,374.71487977941047,380.1136779785156,44205760
2025-10-02,Barclays,381.1634195095842,384.5126648388799,379.313833535736,380.213623046875,37181357
2025-10-03,Barclays,384.91255508270314,388.5887218796419,383.0129927311776,385.2624816894531,34745760
2025-10-06,Barclays,384.91256645941246,385.36247646862404,377.7891845476636,381.0134582519531,28622908
2025-10-07,Barclays,381.01344327177395,384.91255132593335,377.9641177405963,378.6639709472656,33197675
2025-10-08,Barclays,379.96369811312155,385.8623829370403,379.3638587505833,382.71307373046875,45185809
2025-10-09,Barclays,377.6642208537361,381.2134025185192,374.4649353027344,374.4649353027344,36965461
2025-10-10,Barclays,373.2152113892288,378.6140094580866,371.8655423826619,372.4154052734375,29639365
2025-10-13,Barclays,373.5651493159823,375.9645982466466,370.9157571527353,374.61492919921875,26450947
2025-10-14,Barclays,372.5653726786859,380.9134826660156,369.5440557401803,380.9134826660156,25709451
2025-10-15,Barclays,384.21272042940814,384.21272042940814,377.56423662257635,379.16387939453125,28507828
2025-10-16,Barclays,379.31383923019774,383.08998959871525,375.1148112782952,379.16387939453125,23611230
2025-10-17,Barclays,360.21815164904206,365.3670063207969,353.46968479916757,357.7187194824219,77116129
2025-10-20,Barclays,361.1179951221752,363.8543731479759,357.5188064660463,361.71783447265625,34215853
2025-10-21,Barclays,364.6671838387284,367.81646253191593,363.86737768227255,364.16729736328125,29867197
2025-10-22,Barclays,372.415425964675,384.51268482968425,371.13370409906787,381.91326904296875,114371754
2025-10-23,Barclays,381.56331129661453,388.5617214152867,380.1136589355634,386.6121826171875,42702315
2025-10-24,Barclays,386.5621728640203,388.2117919921875,379.91368940162124,388.2117919921875,33272193
2025-10-28,Barclays,397.909607004231,404.3821356654415,393.51061242591163,404.358154296875,72950638
2025-10-29,Barclays,408.15729335104794,408.40723658028924,403.30838860163703,404.9580078125,32672661
2025-10-30,Barclays,404.90802993903327,407.2625061339935,401.1089050722596,405.7578430175781,53875055
2025-10-31,Barclays,404.85807041950176,408.3202663452001,404.15821714658995,406.9075927734375,29240730
2025-11-03,Barclays,407.50743279408175,408.70714194606046,404.6080975384912,406.5076599121094,106413186
2025-11-04,Barclays,404.5081070734791,406.35769297490896,396.5599005965506,406.20770263671875,30126221
2025-11-05,Barclays,403.50836172852564,406.60766392193835,401.458808910159,405.6578674316406,42372150
2025-11-06,Barclays,408.4072470760689,412.90622531803297,407.3074907370146,409.7069396972656,65890100
2025-11-07,Barclays,413.8559923222117,414.45583163653714,403.808256658207,404.60809326171875,33549227
2025-11-10,Barclays,411.9064351899528,417.95504903642,410.45675227932134,417.1552429199219,35794947
2025-11-11,Barclays,419.904638794499,426.10324328572506,419.80566224883825,422.7539978027344,67493203
2025-11-12,Barclays,420.70441884436366,429.35247872952255,420.70441884436366,428.9525451660156,39313072
2025-11-13,Barclays,430.4522230860179,430.80214971387426,425.7533086183638,427.1529846191406,36632795
2025-11-14,Barclays,418.2550021175007,418.2550021175007,409.50698917347177,413.4060974121094,34799102
2025-11-17,Barclays,412.1563784674559,412.90620814326087,409.1570597642361,410.7066955566406,36053201
2025-11-18,Barclays,395.9100731368514,401.70874382197036,395.0352718388849,399.7091979980469,34964137
2025-11-19,Barclays,398.95938391428024,403.358409307442,394.25146870921407,399.50927734375,31094998
2025-11-20,Barclays,405.7078586838657,405.8078420829124,397.6596984863281,397.6596984863281,21960599
2025-11-21,Barclays,391.7610047902315,395.0102666142364,389.26157261791997,392.1109313964844,44762935
2025-11-24,Barclays,399.00937384054015,401.7087423868042,397.2597712508578,400.509033203125,47510313
2025-11-25,Barclays,408.90711796458174,413.4560724760656,404.45811633503564,409.9068908691406,76904301
2025-11-26,Barclays,412.10638463804383,426.45310075457485,409.3570092761008,422.85394287109375,55231292
2025-11-27,Barclays,422.85397591549213,430.80215245838605,421.354316509967,429.8523864746094,26966929
2025-11-28,Barclays,430.2022896758359,432.3018189802623,428.7026302456241,430.1523132324219,23628366
2025-12-01,Barclays,429.30247462317163,431.77691863819143,426.50312272395865,429.50244140625,25230556
2025-12-02,Barclays,432.0518683408318,438.15149620609367,429.4024761616383,436.3009033203125,29684291
2025-12-03,Barclays,436.5508252386588,436.5508252386588,430.90211452623316,433.2515869140625,44068058
2025-12-04,Barclays,441.34976984244344,442.8534261245256,435.8510187562275,439.10028076171875,48021624
2025-12-05,Barclays,441.6496672958693,443.7791884001878,434.30133056640625,434.30133056640625,20292757
2025-12-08,Barclays,434.35134814790445,436.9007568359375,429.70237975932434,436.9007568359375,68625536
2025-12-09,Barclays,438.80032913346605,441.2497849953403,436.45085666586897,439.90008544921875,31546937
2025-12-10,Barclays,439.10030180555304,442.54950025491104,435.4511060467492,442.14959716796875,67159116
2025-12-11,Barclays,441.89964162160675,448.7980688389093,441.2997717525698,446.79852294921875,24388070
2025-12-12,Barclays,451.54744529724553,454.4967876944159,444.2491149902344,444.2491149902344,40414755
2025-12-15,Barclays,448.04822964930213,456.87123790512095,448.04822964930213,454.1468505859375,25991599
2025-12-16,Barclays,452.8971566791185,457.3961350567256,448.94804123229227,450.3477478027344,32213422
2025-12-17,Barclays,456.29632645294976,463.9945896665731,454.5967309001271,458.0459289550781,49808915
2025-12-18,Barclays,457.1461795818229,464.44450988373563,457.1461795818229,463.1947937011719,23277854
2025-12-19,Barclays,466.9939503202024,470.1432290056703,464.7444611862039,468.8435363769531,55651367
2025-12-22,Barclays,468.99348275557975,469.49336921545336,465.5942609305686,467.84375,19053174
2025-12-23,Barclays,468.8435277593263,473.04255575921997,465.74422557398793,471.492919921875,30256669
2025-12-24,Barclays,471.44292016177104,472.93159574612446,469.34342138511647,469.6433410644531,4908878
2025-12-29,Barclays,471.7928553859807,474.0873477619596,468.89351989388405,469.1434631347656,20672147
2025-12-30,Barclays,470.1432110675891,477.4415411085047,468.84351848846103,476.69171142578125,19330769
2025-12-31,Barclays,475.49199233187016,475.8918953855269,472.14274705003163,475.8419189453125,5418881
2026-01-02,Barclays,477.14162421997196,482.3404555880738,475.59198840423966,479.39111328125,20953437
2026-01-05,Barclays,485.0898373055807,488.8889622311338,480.5408521727056,486.53948974609375,38715300
2026-01-06,Barclays,486.1395873197337,492.83807815647066,485.0398309943614,488.2890930175781,43672809
2026-01-07,Barclays,486.6394784449991,487.8891946197423,478.6412949266427,479.44110107421875,40250735
2026-01-08,Barclays,478.79123419467237,486.9743729144581,476.39379904711933,484.5899353027344,33129578
2026-01-09,Barclays,484.0900637317023,486.7894323297413,481.3906646230148,484.7898864746094,16503598
2026-01-12,Barclays,469.89327072708414,476.1668396756193,460.9452909206815,472.94256591796875,32588967
2026-01-13,Barclays,477.4415439428734,481.69057883686423,475.19205488134884,477.2416076660156,42317714
2026-01-14,Barclays,475.44200508275964,482.2904557615187,472.89259631323733,479.6910400390625,33944846
2026-01-15,Barclays,484.24003991343966,487.2393587973747,478.99123186655333,484.1900329589844,64030157
2026-01-16,Barclays,485.23980058610965,488.8389892578125,482.94030452693755,488.8389892578125,27607986
2026-01-19,Barclays,479.69103427950915,484.24001936685085,477.0416421465784,482.89031982421875,34834142
2026-01-20,Barclays,478.8912495045507,482.14051163584463,475.2420842899966,479.4911193847656,108917905
2026-01-21,Barclays,476.8916803731614,479.54107249532717,469.8932699693624,475.49200439453125,57152586
2026-01-22,Barclays,485.1397854189034,489.88870655386427,481.8905235897196,485.3397521972656,28515315
2026-01-23,Barclays,484.5899431950099,486.639465462653,479.8909982990723,480.19091796875,27617455
2026-01-26,Barclays,482.7903443317118,483.8901006626203,480.12594091628006,480.6408386230469,18075592
2026-01-27,Barclays,484.93982997474853,491.3883773445669,483.9400570808633,489.6887512207031,34286583
2026-01-28,Barclays,489.98871953366796,490.88850906934357,479.6910400390625,479.6910400390625,33418557
2026-01-29,Barclays,483.290244441711,488.2891092590863,477.64153330020685,479.4911193847656,29788023
2026-01-30,Barclays,483.2402710608584,490.338665248655,481.2477120600184,486.0896301269531,37576953
2026-02-02,Barclays,481.3406883676325,499.55154858903376,479.6410621858516,499.4365539550781,47130277
2026-02-03,Barclays,501.486083984375,504.18545246084574,497.88689550510026,501.486083984375,40282690
2026-02-04,Barclays,505.68512570677615,506.28499555494494,483.1402587890625,483.1402587890625,44992456
2026-02-05,Barclays,480.7408094834863,488.0891464681218,465.9441521211673,466.3440856933594,39097422
2026-02-06,Barclays,469.49336822003806,481.9625209154077,467.79374205581195,478.9912109375,24556036
2026-02-09,Barclays,480.6408131299288,486.4394836425781,468.04366871175756,486.4394836425781,46398586
2026-02-10,Barclays,495.037554922574,499.18660643581853,471.3429550399586,474.2922668457031,65869573
2026-02-11,Barclays,476.6417108825364,488.13909876958235,473.89233551824276,477.39154052734375,45662962
2026-02-12,Barclays,484.88985432069586,487.9891563988958,463.4947204589844,463.4947204589844,64979878
2026-02-13,Barclays,464.89441388504093,467.4938296131946,444.74899538548556,453.89691162109375,62621593
2026-02-16,Barclays,461.94508546324533,466.6940070386607,459.8955630928522,460.9453125,29724887
2026-02-17,Barclays,461.9450548268801,473.8423767089844,459.4956295357655,473.8423767089844,34450657
2026-02-18,Barclays,475.3420373841969,489.5888012054486,474.5922077093942,485.9396057128906,31841948
2026-02-19,Barclays,483.09592470642747,484.1838156425224,466.1978220838611,467.89764404296875,83183935
2026-02-20,Barclays,474.9468567086952,478.3964829262449,469.9474161117616,473.7469787597656,41771607
2026-02-23,Barclays,476.44670164301897,481.5461372912441,461.14842521250813,462.9482116699219,52117956
2026-02-24,Barclays,461.7483282074094,461.99830024098077,451.0495434790524,459.8985595703125,40643463
2026-02-25,Barclays,462.0483166254637,470.2973937988281,462.0483166254637,470.2973937988281,62717186
2026-02-26,Barclays,469.1974934779289,474.9968322838181,466.0978342482308,472.59710693359375,33176881
2026-02-27,Barclays,454.54915115577415,471.2972773758286,447.79990626112533,452.7993469238281,97142602
2026-03-02,Barclays,436.0512262442249,437.3270844940109,422.10277441238975,437.30108642578125,75561153
2026-03-03,Barclays,424.9524541824647,429.1619746552239,412.9437880067995,422.5027160644531,103520985
2026-03-04,Barclays,423.2526174619703,436.20118046894873,417.95322277597836,430.55181884765625,115491818
2026-03-05,Barclays,431.90167795680463,437.60102183092386,416.9533386230469,416.9533386230469,57741583
2026-03-06,Barclays,420.8029102111866,422.0487729725856,400.50516360662226,404.1047668457031,44439425
2026-03-09,Barclays,389.6564096277824,398.30543569765,382.7571572405403,397.35552978515625,66734984
2026-03-10,Barclays,414.95356039639256,419.5530517469924,409.75413008455564,417.75323486328125,68568279
2026-03-11,Barclays,411.90392357354335,416.00344045753525,408.4043151507067,410.2041015625,75235209
2026-03-12,Barclays,408.6542993355095,409.00423577687025,385.23190110037353,389.30645751953125,87205325
2026-03-13,Barclays,383.45709477396844,391.90616161024684,379.70751431659585,386.206787109375,74968667
2026-03-16,Barclays,386.9567021485114,393.30599780856136,381.40733529235723,388.1065673828125,85716014
2026-03-17,Barclays,389.5064206556621,398.5554268152586,386.83173203241256,393.7059631347656,66801654
2026-03-18,Barclays,397.9054880596491,409.5621732217936,396.90559994341845,399.0053405761719,45737621
2026-03-19,Barclays,389.9563661018489,392.55608131202735,375.3080112729071,381.55731201171875,95797421
2026-03-20,Barclays,389.9563588015137,391.3062138386593,371.3084518488381,373.858154296875,124507818
2026-03-23,Barclays,364.60920735159885,507.3932533065884,361.3095886662744,382.2072448730469,219645217
2026-03-24,Barclays,381.8072834945551,385.80683596166756,375.55798276469193,384.00701904296875,102635403
2026-03-25,Barclays,390.9062647582957,398.3554127920848,389.1064478704533,394.8558044433594,74679798
2026-03-26,Barclays,390.45631370628354,391.9061636965179,381.207348528862,385.4068908691406,43024695
2026-03-27,Barclays,387.6066291027296,387.90661385147496,378.0577096272058,382.1572570800781,120497634
2026-03-30,Barclays,377.95771162719745,385.75682680431527,377.15781333206473,384.85693359375,32853733
2026-03-31,Barclays,384.10700786214227,393.97891943802847,383.9570307498383,389.40643310546875,58283900
2026-04-01,Barclays,411.3039779719071,413.00077905339367,404.60471546473985,409.0542297363281,97007719
2026-04-02,Barclays,400.2052353231914,411.60395422394214,397.25555305080854,408.70428466796875,81419503
2026-04-07,Barclays,410.604041010955,416.61935901561077,403.2048751945327,405.75457763671875,46624062
2026-04-08,Barclays,440.15077534110344,447.0499974655184,434.0514515301238,435.95123291015625,62992465
2026-04-09,Barclays,434.4014078999026,436.9511104117426,429.45194947790264,433.4015197753906,34096918
2026-04-10,Barclays,438.350937907584,442.9004470811536,434.4513804117838,440.9506530761719,66876587
2026-04-13,Barclays,435.201296488444,438.65092264674604,431.3517211920892,434.9513244628906,53330332
2026-04-14,Barclays,438.95088140991413,442.90045166015625,434.1514306753345,442.90045166015625,45814381
2026-04-15,Barclays,441.30063376394867,442.95044308116985,439.00087274870816,440.8006896972656,48623581
2026-04-16,Barclays,442.35050677170045,448.9307642702048,437.3760571753079,437.5510559082031,38536500
2026-04-17,Barclays,437.9510020527679,455.0990774230058,435.20130968828136,452.7993469238281,46508486
2026-04-20,Barclays,443.70036370572177,447.4239461758941,439.90080096585126,442.7504577636719,118001488
2026-04-21,Barclays,446.94999571004473,447.5499346930253,437.30108132383526,437.801025390625,36628892
2026-04-22,Barclays,439.9007905040517,441.600581999184,432.22663087622146,434.201416015625,61875232
2026-04-23,Barclays,431.3517396553449,431.65071743991604,422.85269042274285,427.75213623046875,52526961
2026-04-24,Barclays,422.9026860520581,427.95210877469225,419.4030776859099,424.05255126953125,61778014
2026-04-27,Barclays,423.60259243256627,430.3018549868383,422.7526814347611,427.3521728515625,43658349
2026-04-28,Barclays,417.953227222353,428.8520014466104,409.0542292049011,426.50225830078125,58069934
2026-04-29,Barclays,428.902023774306,430.9517822265625,421.3528501158991,430.9517822265625,80951265
2026-04-30,Barclays,429.0519902581659,432.101636760666,421.9527786379647,431.4017333984375,57699966
2026-05-01,Barclays,428.30208724335654,435.4512812809573,424.3025347172398,433.70147705078125,27779555
2026-05-05,Barclays,429.80191778130035,430.7517931940874,414.853578066985,419.5030517578125,100384663
2026-05-06,Barclays,424.6524906791039,454.69911604849585,424.15254662627433,442.6004638671875,84940634
2026-05-07,Barclays,443.9503150647266,447.6499132292646,435.30128912857305,438.4759216308594,45776782
2026-05-08,Barclays,429.9518859680011,441.55059411090076,428.202081780922,434.15142822265625,28064209
2026-05-11,Barclays,433.7014756468521,439.1508781517116,428.6020400897278,429.052001953125,63383850
2026-05-12,Barclays,418.3531850951297,418.3531850951297,409.3541919766266,414.85357666015625,78666695
2026-05-13,Barclays,422.35274709425096,424.70249034200134,414.05368768169757,422.3027648925781,33222521
2026-05-14,Barclays,434.9513214103937,437.70101367218354,429.00197503831043,434.6513671875,36672528
2026-05-15,Barclays,420.5029322108144,426.0523295265922,416.95334162803965,423.25262451171875,59549672
2026-05-18,Barclays,419.8030288214271,429.90489521690955,417.7032576889194,426.2522888183594,31744714
2026-05-19,Barclays,428.15210782262335,432.05166541177124,424.60248666629633,424.95245361328125,32439554
2026-05-20,Barclays,419.6030514938656,443.40040751427046,419.6030514938656,440.55072021484375,47865388
2026-05-21,Barclays,438.8509016818903,443.95033733519506,434.65138977235347,441.400634765625,40889028
2026-05-22,Barclays,444.35028477254787,447.449944119561,440.5007093180718,445.7501220703125,32891397
2026-05-26,Barclays,454.7991099033764,459.6385646618035,449.8996642998825,453.4992370605469,38958474
2026-05-27,Barclays,455.4490280193172,460.3484735900184,453.7492060493647,456.1989440917969,120267407
2026-05-28,Barclays,452.04941660670687,455.1990580223153,447.8498743764535,452.3993835449219,69940534
2026-05-29,Barclays,453.69923091640163,463.0481908684208,452.29939366213694,457.8987731933594,74917831
2026-06-01,Barclays,461.4483777504572,461.4483777504572,449.7496742778784,454.7491149902344,36733639
2026-06-02,Barclays,459.59856206981345,522.9414797221667,458.84864598990595,470.14739990234375,52243558
2026-06-03,Barclays,468.1476195889813,468.69754583709823,458.39871063556967,459.74853515625,31024015
2026-06-04,Barclays,460.29849294669077,466.89776050965037,453.1492991343858,463.84808349609375,27698005
2026-06-05,Barclays,463.0481877812828,464.79799196598873,456.44892018184515,457.5987854003906,30605114
2026-06-08,Barclays,451.999407923618,461.4983449686975,451.1495274414417,456.79888916015625,25879639
2026-06-09,Barclays,456.69890572735795,462.198290470654,447.8728973083617,447.89990234375,41425146
2026-06-10,Barclays,448.5998093815046,450.6495983837354,439.7507932106089,445.7501220703125,53881051
2026-06-11,Barclays,444.35027105346063,451.9494268106314,444.35027105346063,448.8997802734375,35806483
2026-06-12,Barclays,462.7982376129145,473.00409672058856,460.0485451927941,472.797119140625,41469083
2026-06-15,Barclays,486.09561436710476,488.49533980624005,476.59069623723764,479.8463134765625,36957050
2026-06-16,Barclays,479.39637733627364,490.8450781449833,479.114395944901,486.8955383300781,41796671
2026-06-17,Barclays,492.84484445740577,505.66341738068786,413.953678498557,503.44366455078125,47256526
2026-06-18,Barclays,501.54389448238425,503.9436199028985,498.69420719557667,500.54400634765625,65649737
2026-06-19,Barclays,493.44478805021544,499.5940938957288,491.844960952691,496.39447021484375,80916692
2026-06-22,Barclays,496.9443868001302,516.5421691921849,493.4947606418282,515.9422607421875,76410772
2026-06-23,Barclays,509.8429524269108,519.1049471964344,507.3432320967983,511.4427795410156,67815800
2026-06-24,Barclays,513.0425834757052,515.4423394382528,506.4433461211931,507.1432800292969,77830631
2026-06-25,Barclays,510.44285924365346,521.267636249842,507.6431848560133,521.2416381835938,36888398
2026-06-26,Barclays,514.0424663464498,519.9448211487446,506.14338668842953,510.64288330078125,24461133
2026-06-29,Barclays,509.842960824277,510.5648954466429,504.34357600745193,505.24346923828125,33202632
2026-06-30,Barclays,506.6433298772047,512.4426688507277,504.1436095413474,506.5433349609375,33071775
2026-07-01,Barclays,506.5433286908182,515.6423167035417,503.74362364081503,514.9423828125,47729679
2026-07-02,Barclays,512.9426074276082,524.0413411886874,512.0426837050006,522.0415649414062,51755954
2026-07-03,Barclays,523.641444992846,526.4760888866939,517.6410785123295,522.2415771484375,13341776
2026-07-06,Barclays,522.5414827455177,529.9406788999794,521.1416760597579,529.4407348632812,39662289
2026-07-07,Barclays,531.04055818647,531.2405480169135,516.042236328125,516.042236328125,28990821
2026-07-08,Barclays,512.4426879882812,513.5425405658018,496.244487401327,512.4426879882812,35418203
2026-07-09,Barclays,503.74361368951696,509.8429372158522,501.7438374850899,506.9432678222656,21441024
2026-07-10,Barclays,509.34297900939913,513.9424702545879,506.94325373361096,512.5426025390625,29755341
2026-07-13,Barclays,509.34299316474545,513.0425608344376,506.24333394505084,509.94293212890625,23175441
2026-07-14,Barclays,508.14315470249755,525.2412171402334,502.4437802138097,519.8418579101562,28490804
2026-07-15,Barclays,517.8421077035488,524.6413350545289,514.8924253961023,524.4413452148438,44805585
2026-07-16,Barclays,526.6410838076512,528.140915984228,517.2421110897725,524.7412719726562,26094075
2026-07-17,Barclays,519.1419322532748,520.4417746239994,504.94350852088326,516.6422119140625,27866781
2026-07-20,Barclays,512.4426768059985,519.241904019417,509.2430225207634,512.3427124023438,59535921
2026-07-21,Barclays,512.5426008153029,522.341552734375,508.2430943153991,522.341552734375,48849522
2026-07-22,Barclays,520.7417214799962,529.9407044036112,518.3420266053539,526.9410400390625,27169393
2026-07-23,Barclays,526.0411319176203,528.1359293290465,511.1428350822299,519.44189453125,49486885
2026-07-24,Barclays,518.2420052233906,525.6412017917255,516.9421628609339,525.3412475585938,34304953
2026-07-27,Barclays,529.9407185715564,538.2397779963508,528.7328458768465,530.3406982421875,51304166
2026-07-28,Barclays,507.9431763903929,512.3427086287279,491.5949991576724,504.9435119628906,85105022
2026-07-29,Barclays,504.94348640248256,504.94348640248256,491.4949793609493,492.44488525390625,62598231
2026-07-30,Barclays,489.3452398898161,513.6425395175244,485.9456263841998,510.84283447265625,32319893
2026-07-31,Barclays,514.3424713919145,520.4417644894902,504.44355463006303,508.6430969238281,32454284
2026-08-03,Barclays,516.7421692263732,518.8419708994986,511.24278455556015,514.9423828125,68176981
2026-08-04,Barclays,518.541978726784,524.7412975646452,512.0427056446441,522.2415771484375,66925791
2026-08-05,Barclays,524.3413502684842,530.6906153674374,518.0420063411314,527.4409790039062,53713064
2026-08-06,Barclays,526.5,529.8040161132812,520.0,520.0,21401502
2026-08-07,Barclays,519.2999877929688,525.2999877929688,514.5,516.0,26833764
2026-08-10,Barclays,516.0,518.7000122070312,512.7999877929688,518.0,28559111
2026-08-11,Barclays,518.0,521.0,514.5,516.0,17532809
2026-08-12,Barclays,518.0,520.0999755859375,516.0,519.4000244140625,16456343
2026-08-13,Barclays,522.5999755859375,525.0999755859375,517.9000244140625,519.0,38819930
2026-08-14,Barclays,520.5999755859375,522.2000122070312,515.2990112304688,520.5,27761436
2026-08-17,Barclays,523.5,523.5999755859375,514.4000244140625,515.4000244140625,37399052
2026-08-18,Barclays,514.0,514.7999877929688,503.20001220703125,503.6000061035156,42921240
2026-08-19,Barclays,503.3999938964844,507.3999938964844,495.75,496.1000061035156,33346849
2026-08-20,Barclays,495.1499938964844,496.70001220703125,489.0,489.0,33368597
2026-08-21,Barclays,489.0,495.73699951171875,484.8500061035156,492.6000061035156,26642487
2026-08-24,Barclays,491.70001220703125,497.25,488.95001220703125,495.3500061035156,38895532
,,GS,GS,GS,GS,GS
2015-01-02,Goldman Sachs,155.58163415690402,155.9241787658553,153.51039405407778,154.8726348876953,1877700
2015-01-05,Goldman Sachs,153.7971837474583,154.57787671796507,149.35199273029062,150.03709411621094,3413200
2015-01-06,Goldman Sachs,150.00524795514949,150.29203489059606,146.52397084739098,147.001953125,3429200
2015-01-07,Goldman Sachs,148.850112882862,149.75826933077536,147.9897522234295,149.19265747070312,1896800
2015-01-08,Goldman Sachs,150.8417030129704,152.0127485921334,150.76203525231693,151.57460021972656,1962500
2015-01-09,Goldman Sachs,151.74193057519346,152.4031342871325,148.93780446999313,149.2484893798828,1980700
2015-01-12,Goldman Sachs,149.25645023684942,149.39187574475338,146.66740528760982,147.4321746826172,2084200
2015-01-13,Goldman Sachs,148.6350322303849,150.86559574072317,146.07784793038996,147.32058715820312,2745300
2015-01-14,Goldman Sachs,144.33324167984563,145.39275974738285,141.87963496676335,143.57644653320312,5204700
2015-01-15,Goldman Sachs,143.53664656029517,144.66787074595902,141.40168609229255,142.1903533935547,3146000
2015-01-16,Goldman Sachs,140.7881785929922,143.47282542229834,138.66118154585848,141.18649291992188,5124100
2015-01-20,Goldman Sachs,141.4574190099797,142.06285268100774,138.7966688807811,139.91195678710938,3606600
2015-01-21,Goldman Sachs,139.05155988280814,142.1106115665233,137.67339545829324,141.12278747558594,3737000
2015-01-22,Goldman Sachs,142.44521775225456,145.45647415050914,141.2024785600343,145.01832580566406,6228200
2015-01-23,Goldman Sachs,144.53239036831235,145.76716772152028,143.72779947251306,143.7835693359375,3123800
2015-01-26,Goldman Sachs,142.3735165181529,144.1818675061455,141.84773853221094,143.727783203125,2736500
2015-01-27,Goldman Sachs,141.1945176030203,142.30979325600433,140.4456844550483,140.5970458984375,3335600
2015-01-28,Goldman Sachs,141.58484569578658,141.7760410006459,137.7928966496823,137.85662841796875,3017300
2015-01-29,Goldman Sachs,137.9601929535427,140.44568349339175,137.87257544017305,140.19873046875,2421400
2015-01-30,Goldman Sachs,138.7169737179039,139.95971267309474,137.27507756718657,137.34677124023438,3037400
2015-02-02,Goldman Sachs,137.80881263497415,139.88801417071443,137.22726489208827,139.80038452148438,2975300
2015-02-03,Goldman Sachs,140.21466228625076,143.77559479656725,140.135006681668,143.58441162109375,3766900
2015-02-04,Goldman Sachs,142.37351463682194,143.9588104866047,142.22215320448188,142.4213104248047,2980500
2015-02-05,Goldman Sachs,142.9471043256526,144.66782581824265,142.77980689348684,144.00662231445312,2434400
2015-02-06,Goldman Sachs,145.02630119594107,147.07363125419008,144.30136594201,146.12564086914062,3250900
2015-02-09,Goldman Sachs,144.73951553519865,145.7432636338606,144.30932909606278,145.16172790527344,2421900
2015-02-10,Goldman Sachs,146.06193409207884,147.2170437274082,145.2653050807353,147.02584838867188,2556300
2015-02-11,Goldman Sachs,146.635520606804,149.91762852698326,146.38059346648961,149.48744201660156,4079600
2015-02-12,Goldman Sachs,149.96539335080854,151.3594939530073,149.28825391036068,151.18423461914062,3086700
2015-02-13,Goldman Sachs,151.25589882501615,152.418982163488,150.0370577942314,150.56283569335938,2720400
2015-02-17,Goldman Sachs,150.38763335078514,151.861401977712,150.01321671920036,151.37545776367188,2123300
2015-02-18,Goldman Sachs,150.99303578476105,151.39135023325008,149.6228452651037,150.2999725341797,1850700
2015-02-19,Goldman Sachs,149.51128145891934,151.2399765837327,149.184672902036,150.6504669189453,1470400
2015-02-20,Goldman Sachs,150.04504014644414,152.66594356403164,149.0094202697753,152.5623779296875,2317100
2015-02-23,Goldman Sachs,151.94901735660827,151.94901735660827,150.77797177326912,151.60646057128906,1691100
2015-02-24,Goldman Sachs,151.38334151520704,153.9723846298988,151.1045166252356,153.12796020507812,2627300
2015-02-25,Goldman Sachs,152.59432608123947,153.31128750083366,151.72600316836278,152.72975158691406,2775700
2015-02-26,Goldman Sachs,152.2422418755165,153.80854193752978,151.83468999213164,153.5927734375,2449300
2015-02-27,Goldman Sachs,152.7855978948104,153.83245577270506,151.66680908203125,151.66680908203125,2572400
2015-03-02,Goldman Sachs,151.8346540406196,153.36898171293768,151.65884451833554,153.2650909423828,1659400
2015-03-03,Goldman Sachs,152.3940081097344,154.12811783101623,152.29012955632788,152.84951782226562,1487800
2015-03-04,Goldman Sachs,152.11438330770255,152.4899753410553,151.01956703880526,151.5709686279297,1648500
2015-03-05,Goldman Sachs,151.9385337528492,152.41001734931731,151.09145822190604,151.89857482910156,1330100
2015-03-06,Goldman Sachs,149.90077195738502,152.95344150578777,149.10164214347023,149.3653564453125,4103600
2015-03-09,Goldman Sachs,149.67700698074322,150.86770252307142,149.09364566826858,150.18045043945312,2233700
2015-03-10,Goldman Sachs,148.31047258548674,148.74999634290495,146.0089874267578,146.0089874267578,2768500
2015-03-11,Goldman Sachs,146.48048991143168,148.51027417073377,146.2487354486308,147.1837158203125,2098600
2015-03-12,Goldman Sachs,148.59017216100753,151.83463665645584,148.59017216100753,151.794677734375,3114800
2015-03-13,Goldman Sachs,150.9316893932693,151.62694083198693,148.76605377548637,151.30728149414062,3095100
2015-03-16,Goldman Sachs,151.8666300883511,153.8245079598628,151.754752398015,153.35301208496094,2127700
2015-03-17,Goldman Sachs,152.60983873447222,152.82560722279234,150.87572830613263,152.29019165039062,1883200
2015-03-18,Goldman Sachs,151.5709281374983,154.26399131386827,151.19533620448064,153.68862915039062,2790100
2015-03-19,Goldman Sachs,153.2411519400231,153.2411519400231,151.1074764769048,151.8107147216797,2097100
2015-03-20,Goldman Sachs,152.2102493699024,154.9672446576216,151.75473954470178,154.3359375,3473800
2015-03-23,Goldman Sachs,154.44781324233816,155.2309569985305,153.4009552001953,153.4009552001953,1590500
2015-03-24,Goldman Sachs,153.3849572172529,153.84045480742716,152.76163702411867,152.85752868652344,1799100
2015-03-25,Goldman Sachs,152.69779311135494,152.81765775838164,149.717041015625,149.717041015625,2542000
2015-03-26,Goldman Sachs,149.05374524262228,150.2124814144817,147.85505012819726,149.62911987304688,2377200
2015-03-27,Goldman Sachs,149.58912370163154,150.61999587822652,148.85392567767343,150.28436279296875,1539600
2015-03-30,Goldman Sachs,151.2273150653831,153.4329087387519,151.18735613998197,152.64976501464844,2403800
2015-03-31,Goldman Sachs,152.10636662794127,152.2741892549687,150.21243286132812,150.21243286132812,2146600
2015-04-01,Goldman Sachs,150.18843816202923,153.69661706645974,149.40529446823024,153.61669921875,4031400
2015-04-02,Goldman Sachs,153.21712544887,154.0162551044436,152.51389964371586,153.0732879638672,2296300
2015-04-06,Goldman Sachs,151.97851917947582,153.94438410714187,150.99559281252013,153.472900390625,1997000
2015-04-07,Goldman Sachs,153.84848917592683,154.7435107468793,153.62473378318873,153.74459838867188,1778000
2015-04-08,Goldman Sachs,154.26404161178618,154.91134712003705,153.59277537406913,153.88046264648438,1997300
2015-04-09,Goldman Sachs,154.12016865778605,155.90222463905113,153.76056269833833,155.74240112304688,1986500
2015-04-10,Goldman Sachs,155.5506385826085,156.5175911792337,155.10312776537066,156.34178161621094,1764800
2015-04-13,Goldman Sachs,156.08600814782605,157.73221326587847,155.64648440423178,156.2937774658203,2196100
2015-04-14,Goldman Sachs,157.4125459533962,158.6192394592195,156.39766013599854,158.00390625,3267400
2015-04-15,Goldman Sachs,158.3955172805364,161.53609142767172,157.7402250152929,160.7050018310547,5066100
2015-04-16,Goldman Sachs,161.9836151585247,162.11946576726015,158.7870958176806,159.99378967285156,5976900
2015-04-17,Goldman Sachs,158.0998177040622,158.42746380918433,156.34972170139932,157.708251953125,4578400
2015-04-20,Goldman Sachs,159.08277406376095,159.50631187939803,158.16376748372068,158.3076171875,2616600
2015-04-21,Goldman Sachs,159.00293243048256,159.42647044915756,157.09301179355379,157.30078125,1868300
2015-04-22,Goldman Sachs,158.15578280816666,159.1546950655164,157.08495179478854,158.48342895507812,1938100
2015-04-23,Goldman Sachs,158.35555704004236,160.21753085434509,157.90804632297863,159.27455139160156,2053400
2015-04-24,Goldman Sachs,159.0267973275425,159.10671516852392,157.78814395483417,158.2196807861328,1445700
2015-04-27,Goldman Sachs,158.8349948924223,159.27451861113403,156.92507563633856,157.04495239257812,1767100
2015-04-28,Goldman Sachs,156.78927556766286,157.91605159298666,155.35083938573396,157.82015991210938,1909400
2015-04-29,Goldman Sachs,156.46163868322074,159.61021245888557,156.213910363753,158.67523193359375,2480600
2015-04-30,Goldman Sachs,158.54734620927775,159.62617630838756,156.14995682792525,156.96507263183594,2732800
2015-05-01,Goldman Sachs,158.5873557745528,158.68325967218095,157.2927689972627,157.85215759277344,2029500
2015-05-04,Goldman Sachs,158.4354540480418,159.6021888056016,158.1477668608183,159.2665557861328,1581600
2015-05-05,Goldman Sachs,158.4754092895821,160.13760053337998,157.20479598960614,157.66029357910156,2287500
2015-05-06,Goldman Sachs,158.02794908657197,158.6992153243322,155.03919865594122,156.82925415039062,2433700
2015-05-07,Goldman Sachs,156.8372137781567,158.18774512232835,155.6784779801629,157.740234375,1795300
2015-05-08,Goldman Sachs,159.10668745085113,160.8967297169893,159.10668745085113,160.2254638671875,3192500
2015-05-11,Goldman Sachs,160.05767116051706,161.38422929712644,160.05767116051706,161.2084197998047,1966700
2015-05-12,Goldman Sachs,160.20950702158063,160.65701766956332,158.28361385392313,160.2494659423828,2247500
2015-05-13,Goldman Sachs,160.20154647052496,161.2244316038372,159.70608991356977,160.9687042236328,2143300
2015-05-14,Goldman Sachs,161.6879354553931,162.1274592883793,160.96871131221033,161.919677734375,1957000
2015-05-15,Goldman Sachs,161.8637535229991,162.1993865966797,161.28039214687,162.1993865966797,1742900
2015-05-18,Goldman Sachs,161.943682978497,163.965480820049,161.9356960685769,163.54994201660156,2164600
2015-05-19,Goldman Sachs,163.81364712711027,164.78058750438439,163.46202801037242,164.1412811279297,2370100
2015-05-20,Goldman Sachs,163.95746258004743,164.58878196201326,163.14234675499492,163.8855438232422,1831200
2015-05-21,Goldman Sachs,163.5019738532076,163.98944355442393,163.1663285822848,163.7816619873047,2225000
2015-05-22,Goldman Sachs,163.5499065192993,166.42676646061653,163.52593360098646,166.05917358398438,3040400
2015-05-26,Goldman Sachs,165.8354307638443,165.8354307638443,163.82162011693623,164.92442321777344,3336300
2015-05-27,Goldman Sachs,165.3319301892042,167.56149651223615,164.51681454482937,167.0660400390625,3011500
2015-05-28,Goldman Sachs,166.8015788554127,167.2104018475275,166.1602785336706,167.12222290039062,3084900
2015-05-29,Goldman Sachs,166.92175685500612,166.95382858695925,164.82952280510213,165.2864532470703,2255500
2015-06-01,Goldman Sachs,166.19229601572678,167.39472913948092,165.84759215972383,166.5850830078125,2088200
2015-06-02,Goldman Sachs,165.8155280889114,166.60912610037875,164.8535718309916,165.4788360595703,2230700
2015-06-03,Goldman Sachs,166.35257806670785,168.47687118286657,165.75136164910302,166.96981811523438,2417000
2015-06-04,Goldman Sachs,166.41677829614775,168.38876211384584,165.93580006989805,167.43482971191406,3462500
2015-06-05,Goldman Sachs,168.901791043241,169.89580695084592,167.17830824728512,168.70138549804688,3225100
2015-06-08,Goldman Sachs,169.26247812307443,169.7033726634807,167.89972318782114,168.17227172851562,2180700
2015-06-09,Goldman Sachs,168.34063993908748,168.6933556179498,166.43277543894078,167.5550537109375,2278800
2015-06-10,Goldman Sachs,168.11624204291948,171.0662064516396,167.82765750451978,170.8497772216797,2677300
2015-06-11,Goldman Sachs,170.88181664533963,172.03615466323558,170.64132751964712,171.4990692138672,2024100
2015-06-12,Goldman Sachs,171.13028944702748,171.55514819877396,169.95190393353198,170.79360961914062,2006200
2015-06-15,Goldman Sachs,169.05408803260408,170.21643765773842,168.6452651557284,169.75149536132812,1903800
2015-06-16,Goldman Sachs,169.82369071198607,171.20248205922917,169.24652167212685,171.1944580078125,1954200
2015-06-17,Goldman Sachs,171.21849623668635,171.94797543172206,170.4008503352249,170.68942260742188,1778400
2015-06-18,Goldman Sachs,171.1062339400097,172.35676245264918,169.9518961647171,172.02810668945312,2167200
2015-06-19,Goldman Sachs,171.64331454711052,172.3487458863038,170.89781188964844,170.89781188964844,4163400
2015-06-22,Goldman Sachs,172.39688476499077,173.79972374836115,172.34878938550372,173.55923461914062,2006100
2015-06-23,Goldman Sachs,173.88788237982106,175.3708883103279,173.6634291472383,175.07427978515625,2735600
2015-06-24,Goldman Sachs,173.31068967918878,173.9519897837341,171.3066344973485,171.89181518554688,3945200
2015-06-25,Goldman Sachs,172.46901102297286,172.9900727907916,170.3367052722511,170.6012420654297,2434700
2015-06-26,Goldman Sachs,171.2425176778715,172.03612800012309,170.3847883483721,170.8817901611328,2762600
2015-06-29,Goldman Sachs,168.45289186443273,169.31864532492793,166.45684814453125,166.45684814453125,3292800
2015-06-30,Goldman Sachs,168.25250169058177,168.97395685771735,166.8576745047628,167.37071228027344,4167300
2015-07-01,Goldman Sachs,169.64728477676798,170.33668025513265,167.4989312409269,168.29254150390625,2820300
2015-07-02,Goldman Sachs,168.29257620309386,168.845697509659,167.13823821231176,167.69937133789062,1816600
2015-07-06,Goldman Sachs,165.70332349686856,167.16226948005496,165.34258373634762,166.76947021484375,2816800
2015-07-07,Goldman Sachs,166.7213798079923,167.51499018028036,162.88962671473377,166.90576171875,3304200
2015-07-08,Goldman Sachs,165.37467883828975,165.76746592721352,163.2904560172236,163.57904052734375,2185100
2015-07-09,Goldman Sachs,166.04002157789043,166.37670145714696,163.88365575504224,164.1802520751953,2256200
2015-07-10,Goldman Sachs,166.51296303210952,166.72138039900202,165.27845800417413,166.08810424804688,1840600
2015-07-13,Goldman Sachs,167.89174667605695,168.58915403912798,167.25845832163645,168.4368438720703,2041700
2015-07-14,Goldman Sachs,168.34872426312842,170.55318597368066,168.1002232637522,170.0722198486328,2090700
2015-07-15,Goldman Sachs,171.17838527438627,171.23450469507523,169.4869620807741,170.7134552001953,2536700
2015-07-16,Goldman Sachs,169.45493664029578,171.65939795401124,167.79558484831844,169.28659057617188,4405200
2015-07-17,Goldman Sachs,168.9498548323308,170.58517062519624,168.17228048380014,170.3126220703125,2849000
2015-07-20,Goldman Sachs,170.48896524782796,171.54711218489638,169.31059213232004,170.25650024414062,2175400
2015-07-21,Goldman Sachs,169.92785074782776,170.585186746556,168.94185898151804,169.54307556152344,1985300
2015-07-22,Goldman Sachs,169.78360349481656,171.32271682404217,169.74351993395322,170.94595336914062,2301300
2015-07-23,Goldman Sachs,171.27457664859173,172.03611517868066,168.9017699084199,169.18234252929688,2192700
2015-07-24,Goldman Sachs,169.50301334080459,169.50301334080459,165.85562985007988,166.21636962890625,2453900
2015-07-27,Goldman Sachs,164.69326342043558,165.0058955604563,163.130102720332,164.34857177734375,2910500
2015-07-28,Goldman Sachs,166.04806967422556,166.0801291894416,164.01195408384905,165.3266143798828,2018100
2015-07-29,Goldman Sachs,165.5910812182779,166.84160972322186,164.8696139972686,165.80751037597656,1987300
2015-07-30,Goldman Sachs,165.1582034463737,166.21635050988732,164.41270075035686,166.09609985351562,1342900
2015-07-31,Goldman Sachs,166.25650258213398,166.3126220287216,164.25244632038314,164.38873291015625,1644000
2015-08-03,Goldman Sachs,164.93374762310577,165.09406959728204,162.6010243687259,164.0840301513672,2075500
2015-08-04,Goldman Sachs,164.34057905243617,166.05605024062237,164.17224522360692,164.46884155273438,1451500
2015-08-05,Goldman Sachs,165.88769264503273,166.56105232744795,164.27642426637343,164.8936767578125,1535500
2015-08-06,Goldman Sachs,165.13409610663905,165.69522893831567,163.77134144920208,164.4046173095703,1485800
2015-08-07,Goldman Sachs,164.57303371457328,165.64720448522584,162.1842030762516,163.08201599121094,1691100
2015-08-10,Goldman Sachs,164.0038649929121,165.59108558188916,163.80345946486997,165.110107421875,1640300
2015-08-11,Goldman Sachs,163.1301788062301,163.4668587885315,160.85357384107465,161.687255859375,2554000
2015-08-12,Goldman Sachs,160.24429664425602,161.5669808094206,157.5829169062217,161.2303009033203,2771900
2015-08-13,Goldman Sachs,160.90162770345145,161.88761969939466,159.98777877828286,160.91766357421875,3353600
2015-08-14,Goldman Sachs,160.98976284171815,162.36855378970313,160.91761979057273,161.94369506835938,3567100
2015-08-17,Goldman Sachs,161.13405700367204,162.61706280978828,160.14806522668698,162.3845977783203,1600700
2015-08-18,Goldman Sachs,162.02389741201898,162.80949608284527,161.27037048339844,161.27037048339844,1665400
2015-08-19,Goldman Sachs,160.34045010384,162.52887493328313,159.63501876702466,161.08595275878906,2721400
2015-08-20,Goldman Sachs,159.0659275292271,159.6992160772912,157.71920776367188,157.71920776367188,3140000
2015-08-21,Goldman Sachs,155.24215332109253,155.9956801225564,150.3682890300645,150.49655151367188,5406200
2015-08-24,Goldman Sachs,143.05753897644624,149.81520994146152,137.95922001995092,143.85916137695312,7183600
2015-08-25,Goldman Sachs,149.01353731771314,150.16787514247315,142.45627416287218,142.86509704589844,7204800
2015-08-26,Goldman Sachs,146.7289459734233,148.34822650572028,143.5785760862302,147.81915283203125,5561800
2015-08-27,Goldman Sachs,149.75107152582356,152.1960221768962,148.64482875181346,151.6749725341797,3798500
2015-08-28,Goldman Sachs,150.89464134851423,151.9081747212488,149.82480738504222,151.02334594726562,2413100
2015-08-31,Goldman Sachs,150.97508343573003,153.03430790147968,150.5648390651365,151.7070770263672,2858000
2015-09-01,Goldman Sachs,148.20004193386345,149.9938188035992,145.65817989916465,146.49473571777344,5494500
2015-09-02,Goldman Sachs,148.70676987415771,149.47094605406772,146.80841926596972,148.4171905517578,3043800
2015-09-03,Goldman Sachs,148.81128169212437,151.13595473678944,148.23212328956907,148.8595428466797,2902200
2015-09-04,Goldman Sachs,146.60726783308863,147.0657733689561,144.08955006202405,145.09503173828125,4295600
2015-09-08,Goldman Sachs,147.93450969070958,149.86502958232686,147.72536164858784,149.51914978027344,3060100
2015-09-09,Goldman Sachs,152.4712406593865,154.24088591786617,149.02042074510246,149.35826110839844,4756800
2015-09-10,Goldman Sachs,149.17325128759893,151.07965279305938,148.62627517561575,149.54327392578125,3042600
2015-09-11,Goldman Sachs,149.1572263123142,149.47094850117188,147.45998436101374,149.02853393554688,2536800
2015-09-14,Goldman Sachs,149.29397754695663,149.50311339172728,147.443888146768,147.9586944580078,2746000
2015-09-15,Goldman Sachs,148.6343509151517,151.24056433986965,148.1597664184312,150.7820587158203,3092800
2015-09-16,Goldman Sachs,151.19229684858607,152.27017042199358,150.09028041928462,151.73927307128906,2717800
2015-09-17,Goldman Sachs,151.5864165721067,153.2917218583585,149.615674921744,149.97764587402344,3712600
2015-09-18,Goldman Sachs,147.36340836267476,147.50820412256823,145.231791882154,145.54550170898438,6529900
2015-09-21,Goldman Sachs,147.4438175896763,148.3366857009272,146.15679629048674,147.48403930664062,2947200
2015-09-22,Goldman Sachs,145.50533884559192,145.59382176966972,143.18870394170253,144.564208984375,4166900
2015-09-23,Goldman Sachs,144.636583950012,144.94225442929897,142.9795514497848,144.31483459472656,2732600
2015-09-24,Goldman Sachs,142.90713741922517,143.1645344085576,140.6226854403716,142.30384826660156,3910000
2015-09-25,Goldman Sachs,144.14588212265002,145.68226140513275,143.30932658590777,144.65264892578125,3026500
2015-09-28,Goldman Sachs,143.5506487257789,143.5506487257789,138.95760189642172,139.17478942871094,3898500
2015-09-29,Goldman Sachs,139.1667069572033,139.39998558541942,134.7265085995165,138.24166870117188,4419100
2015-09-30,Goldman Sachs,140.42959086864707,140.83178352930628,138.48297986392993,139.76998901367188,2931500
2015-10-01,Goldman Sachs,140.28480845199505,141.70857404265658,139.19084382014418,141.58792114257812,3613000
2015-10-02,Goldman Sachs,138.46693860413654,142.4566966357405,136.64097983022896,142.38429260253906,4469900
2015-10-05,Goldman Sachs,143.3656144779746,145.64202676102923,143.04386520943626,145.35244750976562,3411900
2015-10-06,Goldman Sachs,144.95023360286518,145.81897122969136,144.36303575032431,145.04676818847656,1859100
2015-10-07,Goldman Sachs,146.2372957634218,147.83801515608192,145.2237621128858,146.5831756591797,2572200
2015-10-08,Goldman Sachs,145.73855606944994,146.77622021700623,144.58829071906337,145.65008544921875,3253400
2015-10-09,Goldman Sachs,145.5615675244736,146.63138915943625,143.34950797628156,144.13780212402344,3334900
2015-10-12,Goldman Sachs,145.43291668715216,145.7546660125995,143.99305961199275,144.9744110107422,3059800
2015-10-13,Goldman Sachs,144.44352149303208,147.3151715715544,144.38720861210533,145.5696563720703,2918800
2015-10-14,Goldman Sachs,145.37661514719204,146.5751541848041,144.09764490891772,144.395263671875,3252000
2015-10-15,Goldman Sachs,142.15907208662458,149.41463406585584,141.37881702641036,148.7791748046875,5720100
2015-10-16,Goldman Sachs,148.90785455171746,150.13856350645582,147.70932789357155,148.95611572265625,2977500
2015-10-19,Goldman Sachs,147.58868145600024,150.01792965167752,147.3232327081392,149.40660095214844,2665700
2015-10-20,Goldman Sachs,148.9721848294757,149.59156507076477,147.92648127603843,149.22154235839844,2736200
2015-10-21,Goldman Sachs,149.79264602638827,149.79264602638827,144.42739702967413,144.5480499267578,3613800
2015-10-22,Goldman Sachs,144.97442466377225,148.15979729106488,144.9502940757887,147.6530303955078,2609600
2015-10-23,Goldman Sachs,148.9400281001289,149.90528828405832,148.35281782433128,149.21351623535156,2935700
2015-10-26,Goldman Sachs,150.500535128241,151.22447718390353,150.11442124286867,150.42813110351562,2573700
2015-10-27,Goldman Sachs,149.61573944399072,150.28338104449134,148.40916090008756,149.86509704589844,1932300
2015-10-28,Goldman Sachs,150.18675769916328,154.0236660514932,149.75238284203016,153.8949737548828,3231900
2015-10-29,Goldman Sachs,153.63760395949063,154.4098193066298,152.29428187941997,152.74473571777344,3068100
2015-10-30,Goldman Sachs,152.64021857616927,152.90566731710982,150.6131755481797,150.8223114013672,2791600
2015-11-02,Goldman Sachs,151.48186853214065,153.1791099892305,150.96705007917436,152.57582092285156,2531500
2015-11-03,Goldman Sachs,152.22995804613245,154.33744415852624,152.06908339862775,153.38827514648438,2443200
2015-11-04,Goldman Sachs,153.63760060331333,155.15788841151917,153.08257275248567,154.1604461669922,2174300
2015-11-05,Goldman Sachs,154.87638626702892,155.47163598446647,153.63763793759853,154.45811462402344,2186300
2015-11-06,Goldman Sachs,157.65957186980117,160.45079078226922,157.57912840314484,160.20947265625,4270800
2015-11-09,Goldman Sachs,160.1048872718391,160.79665930468934,157.9169699662592,158.27088928222656,2604400
2015-11-10,Goldman Sachs,158.12610304622388,159.44529477512702,157.08039944154424,159.11549377441406,2149900
2015-11-11,Goldman Sachs,159.50159094601128,160.01639716069553,158.24675156484014,158.77764892578125,1637500
2015-11-12,Goldman Sachs,157.81242945371517,157.81242945371517,154.65118733021734,155.06143188476562,3166900
2015-11-13,Goldman Sachs,154.94872361275029,155.5520125073348,152.88144777581422,153.1468963623047,2484000
2015-11-16,Goldman Sachs,152.82519429509455,154.57070922851562,151.23250228528826,154.57070922851562,4626600
2015-11-17,Goldman Sachs,154.9809964848806,155.24644524755635,153.09069739157437,153.2917938232422,1783800
2015-11-18,Goldman Sachs,153.67786639297572,156.09102311537592,153.6456840965985,155.77731323242188,2509200
2015-11-19,Goldman Sachs,155.905994452818,156.21970428865254,154.17655836382409,155.27052307128906,1835800
2015-11-20,Goldman Sachs,155.24637943452828,155.640532692128,153.72609154656772,154.0156707763672,2932100
2015-11-23,Goldman Sachs,153.87897106260849,154.03180629374577,151.64278002816417,152.1817169189453,2671700
2015-11-24,Goldman Sachs,151.24053639199366,152.67234132785487,150.06612838474138,151.7633819580078,2679400
2015-11-25,Goldman Sachs,152.0208590068354,152.6482788756458,151.34516568554193,152.14955139160156,1495600
2015-11-27,Goldman Sachs,152.15757584738205,153.79047755625862,151.90821828700427,153.21131896972656,1092700
2015-11-30,Goldman Sachs,153.76018073658628,154.22832344719268,152.74318869932537,153.3727569580078,3415000
2015-12-01,Goldman Sachs,154.3412743508166,155.89904826131885,153.36462976866457,155.83448791503906,4140900
2015-12-02,Goldman Sachs,156.0201490216793,156.45599915951186,153.19515930127218,153.56643676757812,1817200
2015-12-03,Goldman Sachs,153.88930457373607,154.68836523552412,149.1029583047775,149.48231506347656,3599000
2015-12-04,Goldman Sachs,149.8132639290109,153.85703111217663,149.11912299913624,153.34854125976562,3517200
2015-12-07,Goldman Sachs,153.35659704253106,153.45344989954998,149.32089712035918,149.71640014648438,3499900
2015-12-08,Goldman Sachs,148.44918404958977,148.89311350299937,146.7703314086818,147.6420440673828,2663800
2015-12-09,Goldman Sachs,146.91562780785372,149.19983551001604,145.14798921853514,145.8582763671875,3907500
2015-12-10,Goldman Sachs,146.0842428018261,148.45722356531874,145.53538131110312,146.9882354736328,2212300
2015-12-11,Goldman Sachs,145.0269714480039,145.40632839587752,141.6289174885201,142.50869750976562,3750100
2015-12-14,Goldman Sachs,142.59741732482118,144.1794170884115,139.55449618298485,142.37948608398438,5102400
2015-12-15,Goldman Sachs,144.4619137818355,147.9326182457595,144.35699395667922,146.9075469970703,3398700
2015-12-16,Goldman Sachs,148.5217983583912,150.83829808705917,146.64116104271685,150.29751586914062,3191700
2015-12-17,Goldman Sachs,150.8383371809996,151.65354420150777,147.391845703125,147.391845703125,2807900
2015-12-18,Goldman Sachs,146.25375106054642,146.81874654142712,141.56427009526985,141.64498901367188,6740800
2015-12-21,Goldman Sachs,143.26733123736375,143.79196724226455,141.91940909180838,143.4691162109375,2472900
2015-12-22,Goldman Sachs,144.3972824753764,145.84206938601193,142.90408147092353,145.32550048828125,2312800
2015-12-23,Goldman Sachs,145.85019477510932,147.70661922861004,145.6564890583475,147.666259765625,2367900
2015-12-24,Goldman Sachs,147.11739832990983,147.8438193397303,146.91561334762883,147.27882385253906,1107600
2015-12-28,Goldman Sachs,146.71382129304067,146.84295431533246,145.15603490061554,146.59274291992188,1723300
2015-12-29,Goldman Sachs,147.5613825249936,148.65908141270017,147.30309174013385,148.1344451904297,1848900
2015-12-30,Goldman Sachs,147.9326182457595,148.13440324580185,146.770334674959,146.9075469970703,1514300
2015-12-31,Goldman Sachs,146.22145639214372,147.6178048670795,145.30938443169455,145.47080993652344,1773900
2016-01-04,Goldman Sachs,141.88714736189903,143.01715084849658,140.24865400651365,142.97679138183594,3745500
2016-01-05,Goldman Sachs,142.6297455375437,143.267380855842,139.57067738175655,140.51502990722656,4521600
2016-01-06,Goldman Sachs,138.2711371658126,138.84421192572674,136.4873648467694,137.0846405029297,5539400
2016-01-07,Goldman Sachs,134.52602314025128,136.810230832061,132.04810972949005,132.8713836669922,5687900
2016-01-08,Goldman Sachs,134.59057078704225,135.93849286663246,132.07229838119488,132.322509765625,4929800
2016-01-11,Goldman Sachs,133.17812512170525,134.35655516302606,131.83826951313017,133.767333984375,4386500
2016-01-12,Goldman Sachs,134.7035788484107,135.74478391143433,131.80594953248325,133.75115966796875,4441300
2016-01-13,Goldman Sachs,134.35657898172042,134.8731482781002,127.46359396254597,128.32723999023438,5252500
2016-01-14,Goldman Sachs,129.38454833245473,131.16832088885042,126.52726575005916,130.2643280029297,4272500
2016-01-15,Goldman Sachs,126.47877058641677,127.51998754867097,124.14613767692819,125.59899139404297,6237200
2016-01-19,Goldman Sachs,127.17297456153977,128.1415400841178,125.33269637384791,126.57569885253906,5860600
2016-01-20,Goldman Sachs,124.38027460750011,127.82675342032216,122.4027718233823,124.09777069091797,9369100
2016-01-21,Goldman Sachs,124.27534163008565,125.23584016079887,122.27363796159449,122.40277099609375,5738800
2016-01-22,Goldman Sachs,124.76769311769438,126.71290332447919,124.18655137694557,126.60797119140625,5583800
2016-01-25,Goldman Sachs,126.23669688503409,126.34162903097803,121.9749984741211,121.9749984741211,5051700
2016-01-26,Goldman Sachs,121.97495060903536,125.99451528423789,121.97495060903536,124.66272735595703,5237700
2016-01-27,Goldman Sachs,123.9685999884807,127.87515369812262,123.6457489921045,124.07353210449219,5153100
2016-01-28,Goldman Sachs,125.11476968059453,127.56848223077573,123.11306588564199,126.7694091796875,4292900
2016-01-29,Goldman Sachs,128.04468773731486,130.4257482486423,127.35054685210282,130.4015350341797,4887900
2016-02-01,Goldman Sachs,129.4733434016538,129.94955309380205,127.8913434232197,128.8599090576172,2963500
2016-02-02,Goldman Sachs,126.72099057203964,126.72099057203964,121.20015546728406,122.44314575195312,6316200
2016-02-03,Goldman Sachs,123.0888972915948,124.17046235130452,118.65769255534325,123.23417663574219,5893200
2016-02-04,Goldman Sachs,122.92740805279324,127.48774351761193,122.69333058709357,126.309326171875,4573100
2016-02-05,Goldman Sachs,127.18107961326969,128.90027976149946,125.6636521869808,126.29322052001953,4596100
2016-02-08,Goldman Sachs,124.16233964580762,124.16233964580762,117.23707741588804,120.46563720703125,8680000
2016-02-09,Goldman Sachs,117.4549970217701,121.03062072479125,117.11599975517947,119.65848541259766,6919400
2016-02-10,Goldman Sachs,121.07103270695569,123.79917058506678,118.81911691763854,118.83525085449219,7609600
2016-02-11,Goldman Sachs,115.75192459253435,116.5590644128865,112.23279448315999,113.55650329589844,10252200
2016-02-12,Goldman Sachs,116.0263677854635,118.25406961319224,115.98600832477726,117.9473648071289,9009300
2016-02-16,Goldman Sachs,120.74807249634296,121.45834687189402,119.01271520518668,120.2799301147461,10198000
2016-02-17,Goldman Sachs,121.7167356751925,122.58036922139182,121.32123257251436,121.8297348022461,5578800
2016-02-18,Goldman Sachs,122.07996781121531,122.68532302350233,118.94825957186914,119.23883056640625,5895500
2016-02-19,Goldman Sachs,118.6495820892918,119.23879085119302,117.38236635530757,118.57694244384766,5257300
2016-02-22,Goldman Sachs,120.42531367289945,121.06296131882728,119.64238670469855,120.0943832397461,4287900
2016-02-23,Goldman Sachs,119.45672141691189,119.49708088058641,116.2685208422915,116.96266174316406,4249600
2016-02-24,Goldman Sachs,115.48557829705305,117.55185446919296,113.20943786881996,117.4872817993164,5714700
2016-02-25,Goldman Sachs,117.84242070987696,120.32034601592483,117.22091956313898,119.65848541259766,4299600
2016-02-26,Goldman Sachs,120.84499817014596,122.66106311581756,120.27192336825898,121.27278137207031,5924500
2016-02-29,Goldman Sachs,121.39436960832475,121.83211347852723,120.2351505136938,121.21602630615234,5506400
2016-03-01,Goldman Sachs,122.36714792468544,125.46382504138876,122.1482697967193,125.36653900146484,6490400
2016-03-02,Goldman Sachs,125.44765133141844,125.98268143986274,124.3938075216175,125.00179290771484,5047500
2016-03-03,Goldman Sachs,124.83961620899305,126.18529296278044,124.32080271433266,125.91777801513672,3615800
2016-03-04,Goldman Sachs,126.7608787365595,128.7712923818863,125.8853784141416,127.14188385009766,5256700
2016-03-07,Goldman Sachs,126.46092129490391,126.76085670127665,125.17199564269127,125.93400573730469,2771900
2016-03-08,Goldman Sachs,124.83960557440984,125.02605087252527,122.81298860079929,122.89405822753906,3830400
2016-03-09,Goldman Sachs,123.30748357229328,123.62363532523074,120.93228204833687,121.52406311035156,3250900
2016-03-10,Goldman Sachs,121.92943968476732,124.5154060487299,120.65671773355314,122.42393493652344,4631800
2016-03-11,Goldman Sachs,124.25594759087987,124.96932077374316,123.51825599219072,124.79097747802734,4058700
2016-03-14,Goldman Sachs,124.56402463518351,125.20443034135455,123.32373567843445,124.42621612548828,3317900
2016-03-15,Goldman Sachs,123.7452117334352,123.8181793360225,122.32658003220916,123.24261474609375,3731400
2016-03-16,Goldman Sachs,122.34285514476576,123.90741043254849,121.36197911036962,122.03480529785156,4310300
2016-03-17,Goldman Sachs,121.91314543516245,124.82336385014494,120.58368546498342,123.95597839355469,4431700
2016-03-18,Goldman Sachs,124.76669074559467,128.22814475169994,124.73425793659801,127.75798034667969,7413200
2016-03-21,Goldman Sachs,127.46607754504859,128.81174151827142,126.25820964184851,126.69595336914062,4410200
2016-03-22,Goldman Sachs,126.05563671751578,126.12859199516882,124.32085224396447,125.00179290771484,3521500
2016-03-23,Goldman Sachs,125.04231902495071,126.09616276129631,124.50728895379922,124.90451049804688,3633400
2016-03-24,Goldman Sachs,123.54259854868006,124.06141213682524,121.70243875434002,124.02899169921875,3693400
2016-03-28,Goldman Sachs,124.1424420253885,125.35841214279905,123.52635495224939,124.70989227294922,2308600
2016-03-29,Goldman Sachs,123.92357570173753,125.93398872601858,122.81299351400574,125.67457580566406,2919500
2016-03-30,Goldman Sachs,126.56630605652023,128.09842822212465,125.56109943478621,126.86624145507812,3130600
2016-03-31,Goldman Sachs,126.60678266192633,127.66062573755906,126.5095090261554,127.25530242919922,2927300
2016-04-01,Goldman Sachs,126.83381273463782,129.71159918243646,125.72321812889362,129.55758666992188,3373400
2016-04-04,Goldman Sachs,129.6791802148011,129.7034986312353,127.5877098150337,127.89575958251953,2478100
2016-04-05,Goldman Sachs,126.81760792382853,126.89056317897479,125.28548571830451,125.93400573730469,2822700
2016-04-06,Goldman Sachs,125.86109068340114,126.6798523425538,124.77482631031275,125.80435180664062,2927400
2016-04-07,Goldman Sachs,124.55591667654723,124.86396651970026,121.08634822548058,121.92942810058594,4786800
2016-04-08,Goldman Sachs,123.27507760584095,123.92358521754699,121.60513463417747,121.82401275634766,3122200
2016-04-11,Goldman Sachs,122.55359172025021,124.75855226549591,121.9294025167688,123.38045501708984,3464300
2016-04-12,Goldman Sachs,123.76146663941643,125.72323074661149,122.6508842917024,125.09092712402344,2732900
2016-04-13,Goldman Sachs,126.89058547484039,129.69542979282014,126.7689933615651,129.58193969726562,5151100
2016-04-14,Goldman Sachs,129.32249597262282,131.54367288020177,129.01444619951974,130.44119262695312,3067100
2016-04-15,Goldman Sachs,130.70061541556805,131.14647374993572,128.24435593745113,128.50376892089844,3467900
2016-04-18,Goldman Sachs,127.76604266035304,129.70348801784,127.39313968972681,128.9090576171875,3031500
2016-04-19,Goldman Sachs,127.87955017294546,132.70289681809038,127.27156498987281,131.85171508789062,5832200
2016-04-20,Goldman Sachs,131.32476868514067,135.74279083676183,131.2761318610419,135.36178588867188,4802200
2016-04-21,Goldman Sachs,135.01323596548005,136.91824865009218,133.76483288379546,134.01614379882812,4165100
2016-04-22,Goldman Sachs,134.39717314555836,135.77528306889744,134.29179743704466,135.17539978027344,2680300
2016-04-25,Goldman Sachs,134.56737297605454,135.69417156824315,132.99471615613183,133.82968139648438,2473000
2016-04-26,Goldman Sachs,134.06479244679423,134.56738958217747,133.12443904489166,134.43768310546875,2251600
2016-04-27,Goldman Sachs,134.4295692845272,136.72370136570927,133.69997969422616,135.31317138671875,3323600
2016-04-28,Goldman Sachs,134.04041759547226,135.63739235531185,132.954141772239,133.18112182617188,2528000
2016-04-29,Goldman Sachs,132.78402542186817,133.49738660886635,131.77881835312638,133.0353240966797,2890800
2016-05-02,Goldman Sachs,133.8216287151728,135.5320946416042,132.9380263186852,134.7133331298828,1998400
2016-05-03,Goldman Sachs,132.67048703444837,133.03527569967756,130.81409853286254,132.2489471435547,2777000
2016-05-04,Goldman Sachs,130.67629184922617,131.81120505288362,128.96582621163142,129.76026916503906,3203900
2016-05-05,Goldman Sachs,130.33575696183613,130.3681897521516,128.48748373738087,129.32244873046875,2366200
2016-05-06,Goldman Sachs,128.23624080542996,129.84131827550883,127.27967098866215,128.77127075195312,2307000
2016-05-09,Goldman Sachs,128.24428463469752,129.5818588941204,127.10127000468661,127.6849365234375,2097900
2016-05-10,Goldman Sachs,128.62536539728222,130.91949802345647,128.39838521379784,130.85464477539062,2379600
2016-05-11,Goldman Sachs,130.80597904575743,131.75443439647472,129.1198320768746,129.2333221435547,2096900
2016-05-12,Goldman Sachs,129.96291732228215,130.89515631218987,127.5228622297317,128.1389617919922,2448100
2016-05-13,Goldman Sachs,127.9849846652112,129.4765725535177,125.8610805771606,125.92593383789062,2550100
2016-05-16,Goldman Sachs,125.92589544184703,127.19050271675461,125.32602460961652,125.95832824707031,3177700
2016-05-17,Goldman Sachs,125.43950662378032,127.3607358317882,124.65317813580026,125.36653900146484,2701500
2016-05-18,Goldman Sachs,125.49619477015169,129.703452489394,125.36648834898585,129.65481567382812,3653300
2016-05-19,Goldman Sachs,128.63338259393637,129.66290712768898,125.26110250463742,125.40701293945312,4712000
2016-05-20,Goldman Sachs,126.26636041267973,126.79328833490494,124.77477304139286,125.2530517578125,3247800
2016-05-23,Goldman Sachs,125.1963039140938,126.53386629466311,124.62885358201862,126.01505279541016,2767600
2016-05-24,Goldman Sachs,127.00402337744738,128.52804320815522,126.81757809054832,127.74981689453125,3038800
2016-05-25,Goldman Sachs,128.13084655338827,131.55987946404534,128.10652813603883,130.71681213378906,3259900
2016-05-26,Goldman Sachs,130.64388532899304,130.7816938471437,129.03069319977175,129.07122802734375,2576100
2016-05-27,Goldman Sachs,129.17697332016886,130.56071915917522,128.86767331721785,129.85256958007812,2157000
2016-05-31,Goldman Sachs,130.56072496618012,131.57818701367276,129.0548885880056,129.81187438964844,2916100
2016-06-01,Goldman Sachs,128.525785704652,130.6828124429135,126.979248543037,130.21070861816406,2581600
2016-06-02,Goldman Sachs,130.34910807108676,130.50376430227837,128.98164492828246,129.6490936279297,2257100
2016-06-03,Goldman Sachs,126.86531143470417,127.41880484063564,125.23737211816501,126.71065521240234,4329300
2016-06-06,Goldman Sachs,127.1827732825264,128.53396604672622,126.79207128065644,127.84208679199219,2540400
2016-06-07,Goldman Sachs,127.95603023469207,128.1758055242672,126.30367279052734,126.30367279052734,2489700
2016-06-08,Goldman Sachs,126.32810501661734,127.45138726653595,125.27808948487952,125.87228393554688,2426800
2016-06-09,Goldman Sachs,125.18040036541329,125.58738523383873,124.09783154517103,124.67574310302734,2711700
2016-06-10,Goldman Sachs,123.19432936582128,123.4466580066928,121.745464172268,122.00592803955078,4335700
2016-06-13,Goldman Sachs,121.28148861427245,123.16990433156953,120.94775804730648,120.9803237915039,3385800
2016-06-14,Goldman Sachs,120.64660514228592,121.32220156890801,118.39190531129334,118.99424743652344,5069600
2016-06-15,Goldman Sachs,119.78378784111278,121.0372957540809,118.75817803758288,118.96981811523438,2981400
2016-06-16,Goldman Sachs,118.02564200757081,119.64544666915205,116.82910519498185,119.3524169921875,3499200
2016-06-17,Goldman Sachs,119.35235836874362,120.65470218874917,118.40001549142914,118.54652404785156,4296500
2016-06-20,Goldman Sachs,120.87449243226027,122.50243172427724,120.1256418483554,120.2640151977539,3338900
2016-06-21,Goldman Sachs,120.87452428785636,121.1431358322527,119.75124190587063,120.75243377685547,2424600
2016-06-22,Goldman Sachs,120.47563902031804,122.19311541583014,120.4593685704506,120.58145904541016,2487600
2016-06-23,Goldman Sachs,122.55127121705303,124.3745677444962,122.20940544694332,124.26061248779297,2940500
2016-06-24,Goldman Sachs,116.42211564652081,119.18147315439776,114.70463863352278,115.46977233886719,9442200
2016-06-27,Goldman Sachs,114.01276409593193,114.9569596928926,112.49063201408191,113.55693054199219,7381000
2016-06-28,Goldman Sachs,115.75469655772343,116.08841486851723,113.80930846222506,115.91748809814453,5041500
2016-06-29,Goldman Sachs,116.88610950724903,118.4733486934837,116.34073861897042,118.43264770507812,3804100
2016-06-30,Goldman Sachs,119.38498103303581,121.18386023745228,118.32681752574359,120.93966674804688,4528600
2016-07-01,Goldman Sachs,120.86637008554439,122.66523623958773,120.52450428821749,120.67101287841797,3096800
2016-07-05,Goldman Sachs,119.42568017241928,119.60475456720278,116.6663223512327,117.57796478271484,3943000
2016-07-06,Goldman Sachs,116.34884663865235,118.79075606886268,116.08837033773698,118.49772644042969,2941800
2016-07-07,Goldman Sachs,118.83958704941938,120.54078089688322,118.318646890668,119.65355682373047,2578300
2016-07-08,Goldman Sachs,121.57450215398634,122.84429276574619,120.71983157447394,122.40475463867188,3281400
2016-07-11,Goldman Sachs,123.30829063527095,124.52109769977606,123.21875345961945,123.87806701660156,3041600
2016-07-12,Goldman Sachs,125.35141880388089,127.99682212279397,125.28629969329899,127.72821044921875,5110800
2016-07-13,Goldman Sachs,127.79330901318863,128.82705454464514,127.10142944217164,128.5421600341797,4276400
2016-07-14,Goldman Sachs,130.47122586142652,132.87244692998362,130.24331528993278,132.3026580810547,5087700
2016-07-15,Goldman Sachs,132.56314318432766,132.79105377091898,130.8049651561699,131.57009887695312,3078400
2016-07-18,Goldman Sachs,132.15617257648466,133.56433722951348,131.87127810219823,132.9457244873047,4734500
2016-07-19,Goldman Sachs,131.879364996465,133.55614047330522,130.82933720200685,131.38284301757812,5399700
2016-07-20,Goldman Sachs,132.310783463874,132.5875301940899,129.6002627445192,131.67588806152344,3547800
2016-07-21,Goldman Sachs,131.62705644106128,131.78170026377583,130.04795310639497,130.27586364746094,2855500
2016-07-22,Goldman Sachs,130.47122386212396,130.82937258903868,130.12122278276286,130.56890869140625,1811700
2016-07-25,Goldman Sachs,129.94210373315016,131.31771431564889,129.91768563927542,130.65025329589844,1956100
2016-07-26,Goldman Sachs,130.78865264534943,131.45611379784208,129.76305523807213,131.1793670654297,2150100
2016-07-27,Goldman Sachs,131.21192706602375,132.0014787523412,130.56889639973912,131.04100036621094,2317200
2016-07-28,Goldman Sachs,130.3817162330996,131.0166242966641,129.29099935041202,130.66661071777344,2047400
2016-07-29,Goldman Sachs,129.8363168970309,130.38982281343658,129.13630237993144,129.26654052734375,2388200
2016-08-01,Goldman Sachs,129.26652803779993,130.17003491536312,128.55023071643316,128.75372314453125,2316300
2016-08-02,Goldman Sachs,128.3223463325467,128.98167236686453,126.46649600383164,127.02813720703125,3182800
2016-08-03,Goldman Sachs,127.3455848550398,129.380509548857,127.12580951045305,128.8839874267578,2284700
2016-08-04,Goldman Sachs,128.78630734047033,129.33980086250787,128.1269937661987,128.64793395996094,2005700
2016-08-05,Goldman Sachs,130.03169940777937,131.96895186168186,129.58401345160075,131.93638610839844,2676100
2016-08-08,Goldman Sachs,131.94448665701444,133.47474116979888,131.87121994837844,132.53868103027344,2266600
2016-08-09,Goldman Sachs,132.27008373661823,133.96314229887005,132.27008373661823,133.03521728515625,1957400
2016-08-10,Goldman Sachs,133.0433586868549,133.1654616065489,131.8712402108746,132.01776123046875,1656100
2016-08-11,Goldman Sachs,132.0258976201543,133.69453817579344,131.8061222989235,133.37709045410156,1827700
2016-08-12,Goldman Sachs,132.40845028040033,132.9782265892529,131.92007591003755,132.88055419921875,1440800
2016-08-15,Goldman Sachs,133.38521000021112,134.98873129363793,133.3282385800374,134.752685546875,2222200
2016-08-16,Goldman Sachs,134.2968957607074,135.73761351422328,134.07712041416292,134.8341064453125,2523800
2016-08-17,Goldman Sachs,135.07017820059616,135.37949076226556,134.09341672503527,134.85040283203125,2061700
2016-08-18,Goldman Sachs,134.58177213477504,135.5748163462511,134.00386049608304,135.16783142089844,1750500
2016-08-19,Goldman Sachs,134.59801800159397,135.8515257621416,133.89800362564918,135.30616760253906,1840900
2016-08-22,Goldman Sachs,135.11903021425724,135.85974595109843,134.21552294914918,135.33065795898438,1448100
2016-08-23,Goldman Sachs,135.93297865469265,136.62485806502525,135.1027258463326,135.1841278076172,1965500
2016-08-24,Goldman Sachs,134.93985040627499,135.68870078753721,134.18286480202292,134.5491485595703,2035300
2016-08-25,Goldman Sachs,134.37016399883242,135.15156821391318,133.98759711971303,135.03761291503906,1441400
2016-08-26,Goldman Sachs,135.73758934541374,136.8039001375735,134.5980366777067,135.0945587158203,2402200
2016-08-29,Goldman Sachs,135.6073855148083,136.63298308128662,135.24108913659964,135.8271484375,2620900
2016-08-30,Goldman Sachs,135.82715740851705,138.51558499043713,135.82715740851705,138.40118408203125,2934100
2016-08-31,Goldman Sachs,138.3030628960849,139.11204837312206,136.84853241970058,138.47467041015625,3688200
2016-09-01,Goldman Sachs,138.91598755499967,138.97319424076397,136.1866999684811,137.69842529296875,2843300
2016-09-02,Goldman Sachs,137.70658405041144,138.7035113966079,137.1999408698576,138.2458953857422,1747500
2016-09-06,Goldman Sachs,137.87000558874456,138.74435250063044,136.8485647059858,138.36846923828125,2034900
2016-09-07,Goldman Sachs,137.8536773008209,139.08758603062023,137.81281716634683,138.6463165283203,1584300
2016-09-08,Goldman Sachs,138.38480974594216,140.45220500494472,137.86183253553756,140.27243041992188,3031600
2016-09-09,Goldman Sachs,139.5942280620584,140.893498149457,137.69842739442785,137.74746704101562,3411800
2016-09-12,Goldman Sachs,136.47270886490654,140.28064458136703,135.83533056526468,139.7821807861328,2647900
2016-09-13,Goldman Sachs,137.72290239488277,138.89143717026025,135.95786214393456,136.46449279785156,2788200
2016-09-14,Goldman Sachs,136.46452735681524,137.16727931381044,135.3123388339342,135.7781219482422,1995900
2016-09-15,Goldman Sachs,135.4675919403524,137.90270382462558,135.45124539288736,137.3470458984375,1645200
2016-09-16,Goldman Sachs,137.15906081683877,137.32248883345866,135.32863461192423,135.64732360839844,4534900
2016-09-19,Goldman Sachs,136.74234389380368,137.53498309185272,135.3858672797443,135.8189697265625,2030700
2016-09-20,Goldman Sachs,137.02016568118248,137.5104623134849,135.96604413112195,136.0314178466797,1532900
2016-09-21,Goldman Sachs,136.80770272422953,137.51045454080108,135.59014071971583,136.489013671875,2333600
2016-09-22,Goldman Sachs,137.64938913447432,138.36848760137258,137.0365245234849,137.2980194091797,2467700
2016-09-23,Goldman Sachs,137.07738351001112,137.3633919802493,134.87107342267845,134.9364471435547,3421200
2016-09-26,Goldman Sachs,133.8741563980999,133.98855730132863,131.56161227612512,131.95384216308594,2772200
2016-09-27,Goldman Sachs,131.33282811136434,133.56365225836825,130.59739541592808,133.10604858398438,2602700
2016-09-28,Goldman Sachs,133.47371134223633,133.84142754231704,132.11723494581778,133.5635986328125,1678100
2016-09-29,Goldman Sachs,133.5064063629826,133.98035640481055,128.9221794147744,129.88641357421875,3733800
2016-09-30,Goldman Sachs,130.70359408892975,132.71379555888902,128.94672047279144,131.78224182128906,4497200
2016-10-03,Goldman Sachs,131.1530674740268,132.1499952149444,130.94877920693332,131.6188507080078,2444700
2016-10-04,Goldman Sachs,131.75774448038808,134.1356500585532,131.74956497098225,132.5994110107422,2469900
2016-10-05,Goldman Sachs,133.45737817200936,136.11312431214998,133.20405037411442,135.9741973876953,2548200
2016-10-06,Goldman Sachs,136.61159549502844,136.70148279939443,134.68312690819764,136.5870819091797,2858000
2016-10-07,Goldman Sachs,136.87310146766674,138.8996370309792,135.84349337224668,138.77706909179688,3390200
2016-10-10,Goldman Sachs,139.34094326819107,140.34603804063366,138.99774047927815,139.76585388183594,2532000
2016-10-11,Goldman Sachs,138.78527095395228,139.6269375975535,137.2081715532048,138.1315460205078,2680000
2016-10-12,Goldman Sachs,138.13154163325243,138.90784698074205,137.52685637575394,138.34400939941406,2404000
2016-10-13,Goldman Sachs,136.95478744038846,136.97930102208568,135.24692894666964,136.8076934814453,2713700
2016-10-14,Goldman Sachs,140.22345382273468,141.3266028445502,138.18873845053113,139.34092712402344,5282300
2016-10-17,Goldman Sachs,139.32460663022374,139.95381802238919,137.64944024443537,138.098876953125,3061400
2016-10-18,Goldman Sachs,140.55846597568217,141.7515146970878,139.81486631222612,141.0651092529297,4482500
2016-10-19,Goldman Sachs,141.66979506456445,143.55741627897595,141.5145340177057,142.60134887695312,3676000
2016-10-20,Goldman Sachs,142.18460538440897,143.6473035972224,142.0211772972601,142.60134887695312,2471100
2016-10-21,Goldman Sachs,141.23669497650636,142.92002784505533,140.9670330409481,142.73208618164062,2004400
2016-10-24,Goldman Sachs,143.41031453042453,143.6472833530799,142.47059381018013,143.09979248046875,1943200
2016-10-25,Goldman Sachs,143.03441598052686,143.78620750462224,142.7075598586468,143.451171875,2423300
2016-10-26,Goldman Sachs,142.8301477668898,145.371493746602,142.12739578465792,144.69326782226562,2533800
2016-10-27,Goldman Sachs,145.6084505723247,146.1477743800305,144.28466710682994,145.2489013671875,3021900
2016-10-28,Goldman Sachs,145.86995319683305,145.86995319683305,143.37764693778925,144.75045776367188,2042800
2016-10-31,Goldman Sachs,145.19173688043472,145.86180831540628,144.82402052969513,145.64935302734375,1828200
2016-11-01,Goldman Sachs,146.270414779242,146.41749636216798,144.31741923708552,145.50228881835938,2900600
2016-11-02,Goldman Sachs,144.6932407497424,145.04461044073426,143.876088014865,144.29283142089844,2104800
2016-11-03,Goldman Sachs,144.4481126337194,145.42869355893473,143.99050903320312,143.99050903320312,1972700
2016-11-04,Goldman Sachs,144.08854513971056,144.91386492408012,142.78109575913885,143.75350952148438,1846500
2016-11-07,Goldman Sachs,146.2703246562211,148.31320628549796,146.2703246562211,148.29685974121094,3338800
2016-11-08,Goldman Sachs,147.17734323915406,149.2774187655205,145.82904654700783,148.65638732910156,2646200
2016-11-09,Goldman Sachs,151.17323315536825,158.1517109726106,149.9066441135579,157.40811157226562,7823800
2016-11-10,Goldman Sachs,158.96074849263186,167.24667818372325,158.52765846443114,164.14149475097656,11345400
2016-11-11,Goldman Sachs,162.00051532268517,167.51629579394935,162.00051532268517,166.65011596679688,6290200
2016-11-14,Goldman Sachs,166.82175927083333,173.04847283726613,166.82175927083333,170.93203735351562,8248100
2016-11-15,Goldman Sachs,168.79108706303236,172.5826757065615,167.65524512476378,172.5745086669922,4893800
2016-11-16,Goldman Sachs,169.43665030646505,170.03316840230008,167.37742161046685,168.5459442138672,5276200
2016-11-17,Goldman Sachs,168.5459452800378,171.34878608798238,168.0638280826661,171.2997589111328,3572400
2016-11-18,Goldman Sachs,171.49583450563887,173.2935804347639,171.3732665871807,171.88807678222656,4278200
2016-11-21,Goldman Sachs,172.79511063042833,172.98305225495696,170.93199105489987,172.48458862304688,2860200
2016-11-22,Goldman Sachs,172.71342822874996,173.19554542152645,171.51221253233192,172.50914001464844,2945700
2016-11-23,Goldman Sachs,172.82782377798162,174.38858867788866,171.08728425773123,173.48971557617188,3717400
2016-11-25,Goldman Sachs,172.7133897833819,173.8492315022017,172.41921432180754,172.729736328125,1974000
2016-11-28,Goldman Sachs,171.60206834747646,173.04025262201571,171.27521225241415,171.88807678222656,3297400
2016-11-29,Goldman Sachs,172.12582369751178,174.52749706078498,172.06843968860284,173.56846618652344,2577600
2016-11-30,Goldman Sachs,176.39634437911525,180.96199932377306,176.20782018703332,179.7488555908203,6507900
2016-12-01,Goldman Sachs,181.09314732077567,186.19979800089789,180.61774064328802,185.76536560058594,7606500
2016-12-02,Goldman Sachs,185.24897655921822,185.45389799346515,181.33087973700998,183.0850067138672,5297400
2016-12-05,Goldman Sachs,184.8555105949248,187.87194777202444,184.6259996143807,187.3391571044922,4599300
2016-12-06,Goldman Sachs,188.675256880484,190.7162788676481,186.80637440129757,189.6588897705078,5259300
2016-12-07,Goldman Sachs,188.85560798501353,193.51962230348087,188.85560798501353,193.08518981933594,6595200
2016-12-08,Goldman Sachs,194.16714421329723,198.70819729146396,193.44581682615035,197.91310119628906,7343700
2016-12-09,Goldman Sachs,197.22461287532872,198.36397570656993,195.80655985685755,198.24102783203125,5456000
2016-12-12,Goldman Sachs,197.1344318820874,199.04430126773892,193.74912557754067,194.40487670898438,5022000
2016-12-13,Goldman Sachs,195.90486677647706,196.87208982227682,193.0441594074918,195.5360107421875,4680500
2016-12-14,Goldman Sachs,193.17533385605296,199.28199002308688,192.92942563637536,196.6671905517578,6172400
2016-12-15,Goldman Sachs,198.76561951852278,201.29025335166864,198.05248434820172,199.18365478515625,4829700
2016-12-16,Goldman Sachs,199.01967268424897,199.3393495783977,195.41304842196035,195.82289123535156,6876400
2016-12-19,Goldman Sachs,195.36393108883206,196.51149883380603,193.65898294487587,195.96231079101562,3743300
2016-12-20,Goldman Sachs,197.15078450175923,199.7163919310671,196.9130686730218,199.2573699951172,4487700
2016-12-21,Goldman Sachs,198.56068887300202,198.69182909284433,196.79016457729998,197.90493774414062,3277800
2016-12-22,Goldman Sachs,197.73275802996562,199.06884958901392,196.3556921959656,196.82290649414062,2636500
2016-12-23,Goldman Sachs,196.34751149784267,198.2819702937165,195.83111800024952,197.51966857910156,2187500
2016-12-27,Goldman Sachs,198.32297285376632,198.8475712550088,197.05245738761909,198.0032958984375,1998200
2016-12-28,Goldman Sachs,199.74915986374498,200.41310311213363,197.0851820105162,197.25730895996094,3053000
2016-12-29,Goldman Sachs,197.33930980467878,197.60161520236838,193.97040146098786,195.2327117919922,2619000
2016-12-30,Goldman Sachs,195.50329689521908,197.1344764839722,194.59344496499645,196.2738037109375,2355500
2017-01-03,Goldman Sachs,198.93774157786493,200.79843184986268,195.06063123776778,198.01150512695312,4384200
2017-01-04,Goldman Sachs,197.90493594524742,199.44594920795254,196.7491759982186,199.2902069091797,2728700
2017-01-05,Goldman Sachs,198.95413468558917,199.3721699331652,194.0851991227318,197.80657958984375,3562600
2017-01-06,Goldman Sachs,198.60160231395076,201.80657575018876,197.84749312437864,200.74098205566406,3591100
2017-01-09,Goldman Sachs,199.38851687384357,200.56886610749908,197.92947754541086,199.0934295654297,3022800
2017-01-10,Goldman Sachs,197.43767068455853,199.54426872508714,195.9458493645639,198.83114624023438,3432900
2017-01-11,Goldman Sachs,198.99511620111224,201.51154498986426,198.3639546614776,201.4459686279297,3532600
2017-01-12,Goldman Sachs,200.87221010900103,201.20828430544756,198.01151452986997,199.8721923828125,4022300
2017-01-13,Goldman Sachs,201.1754274918897,203.0935012699381,199.1098288192368,200.2491912841797,4186100
2017-01-17,Goldman Sachs,199.13444634185097,199.23280462366841,193.12614864841584,193.2327117919922,6277200
2017-01-18,Goldman Sachs,193.44581162868383,194.83108236568506,189.7736234523837,192.0441436767578,7590500
2017-01-19,Goldman Sachs,191.86383865313223,192.42121892804587,189.03591296966647,189.6834716796875,4561800
2017-01-20,Goldman Sachs,189.8555897245445,191.17528414548826,188.970327705457,190.3310089111328,5211800
2017-01-23,Goldman Sachs,190.05233463334943,191.6015401690724,189.14248296904154,190.71627807617188,3136200
2017-01-24,Goldman Sachs,190.0523071032359,193.49498418310623,189.2162242742613,191.54412841796875,4448200
2017-01-25,Goldman Sachs,193.06056809017497,194.53600482238522,192.20810048234844,194.47042846679688,3716800
2017-01-26,Goldman Sachs,194.65075753157808,197.37210745878048,194.65075753157808,196.3802947998047,4195600
2017-01-27,Goldman Sachs,194.18354629268003,195.06061603573258,193.45402648629386,194.2245330810547,3253100
2017-01-30,Goldman Sachs,193.1015350986038,193.68350487030284,189.77361356465596,191.72445678710938,3803300
2017-01-31,Goldman Sachs,190.86379554235523,192.09332393320378,187.0194681057832,187.97030639648438,5156400
2017-02-01,Goldman Sachs,188.94575157936535,190.87201803212727,188.1342707180239,189.076904296875,4024500
2017-02-02,Goldman Sachs,187.30638959143002,190.43759521618367,186.10965537910286,188.86380004882812,2775700
2017-02-03,Goldman Sachs,192.23267752272432,197.63440282469858,191.97037211746778,197.5032501220703,7381000
2017-02-06,Goldman Sachs,196.39668835587173,199.71640525970656,196.04421701962366,196.70816040039062,4639200
2017-02-07,Goldman Sachs,197.6671733614713,197.9048891847194,196.22453123788364,196.41305541992188,2660200
2017-02-08,Goldman Sachs,195.33113378220614,195.85573220771602,193.6999544946082,194.86390686035156,2744700
2017-02-09,Goldman Sachs,194.8638662221696,199.42131643848614,194.60976567166,197.9950714111328,3550800
2017-02-10,Goldman Sachs,199.48692283025125,200.13448159590837,197.73279577406248,198.95413208007812,3072800
2017-02-13,Goldman Sachs,200.40495888522793,202.8558110940063,200.40495888522793,201.86399841308594,2998200
2017-02-14,Goldman Sachs,201.65090989305568,204.92146091187809,201.38861692694343,204.4788360595703,4141500
2017-02-15,Goldman Sachs,205.39682335948575,206.51978865213525,203.70006812914593,205.36402893066406,4296600
2017-02-16,Goldman Sachs,205.16736316654658,205.5608088579157,203.6427470416515,204.46243286132812,2286300
2017-02-17,Goldman Sachs,202.88043385323854,205.3804781186318,202.5525645265106,205.23294067382812,3262300
2017-02-21,Goldman Sachs,205.74110284270108,207.09357919308522,205.50339950203994,206.3640594482422,2794900
2017-02-22,Goldman Sachs,204.97055844972755,206.8476452884463,204.9213793198761,206.3394317626953,2378800
2017-02-23,Goldman Sachs,205.9952393985768,206.47885102584496,204.3640726375516,205.89688110351562,2594700
2017-02-24,Goldman Sachs,203.03611951454118,204.00335502113504,201.724630066118,202.74923706054688,3565400
2017-02-27,Goldman Sachs,202.63450846839132,204.7246970084802,202.14269204283437,204.3722381591797,2372600
2017-02-28,Goldman Sachs,203.8133937304006,204.6352219309264,201.84922483274804,203.86270141601562,3627100
2017-03-01,Goldman Sachs,208.50607823596965,209.68950053785855,206.49258872668727,207.6842498779297,5218300
2017-03-02,Goldman Sachs,208.34991974287126,208.94163713802817,206.25425501336602,206.32821655273438,3020000
2017-03-03,Goldman Sachs,206.328190914058,209.3607390523815,206.328190914058,207.83213806152344,3163700
2017-03-06,Goldman Sachs,207.24039748761479,207.70061923277777,205.86794601896725,207.10890197753906,2467000
2017-03-07,Goldman Sachs,207.50343284148934,207.92256076178884,205.7118406192092,206.19671630859375,2497300
2017-03-08,Goldman Sachs,208.43206771225456,209.37717768282653,205.13654108712234,205.654296875,3574400
2017-03-09,Goldman Sachs,206.45968885001975,207.7088712702813,205.06258336767513,205.60498046875,3061500
2017-03-10,Goldman Sachs,206.96920511588,207.01851280009066,202.88471807239318,204.1256866455078,3365900
2017-03-13,Goldman Sachs,204.89819362733667,204.89819362733667,203.1641357863572,203.9448699951172,1801100
2017-03-14,Goldman Sachs,202.83544620541844,203.67371460533175,201.6848915703257,203.58331298828125,2144200
2017-03-15,Goldman Sachs,204.10103678051448,205.68715917401087,201.8081290992169,202.81076049804688,3427000
2017-03-16,Goldman Sachs,203.6901597038443,205.6214487846483,203.2463653764371,203.99423217773438,2940600
2017-03-17,Goldman Sachs,205.19409327184192,205.19409327184192,200.41105886881746,200.476806640625,5438100
2017-03-20,Goldman Sachs,199.9672767749122,201.29040835763678,198.4879832617942,198.9975128173828,2759100
2017-03-21,Goldman Sachs,199.95902419927663,199.95902419927663,191.31338772728196,191.48597717285156,5660900
2017-03-22,Goldman Sachs,190.0231410554714,191.42024666131968,188.33017675919953,189.89987182617188,6291300
2017-03-23,Goldman Sachs,189.63684235703093,192.82553953712377,188.97937734029708,190.58193969726562,4770700
2017-03-24,Goldman Sachs,191.4860261934636,192.06130359246123,186.53040171192285,187.71383666992188,6387300
2017-03-27,Goldman Sachs,183.51422210533264,186.61251763573657,181.50074571494991,185.30580139160156,9194800
2017-03-28,Goldman Sachs,185.3880081206581,188.81503023313482,184.99353409320625,188.46986389160156,4471200
2017-03-29,Goldman Sachs,188.51917887476455,188.99584075726693,186.9823640836664,187.7466583251953,2636000
2017-03-30,Goldman Sachs,188.59314662952627,190.66415736733163,188.51097132713733,190.02313232421875,3156800
2017-03-31,Goldman Sachs,189.4560689027959,189.6779660455464,187.97677551796593,188.79039001464844,2858400
2017-04-03,Goldman Sachs,189.02051319406044,189.10270104192594,185.37981976352958,188.1658172607422,3735600
2017-04-04,Goldman Sachs,187.14671312543987,189.58754380984882,186.78510672180852,188.41232299804688,3042700
2017-04-05,Goldman Sachs,190.78744384261844,191.39560132778823,186.8097976923216,187.09744262695312,5286900
2017-04-06,Goldman Sachs,186.6289501242567,189.11908839620665,185.49483581333544,187.9027862548828,2927200
2017-04-07,Goldman Sachs,186.22625923919253,188.058932457521,185.92217430388,187.2781982421875,2853300
2017-04-10,Goldman Sachs,187.37686489181885,188.84793212924419,186.51394261126964,188.10829162597656,2653900
2017-04-11,Goldman Sachs,187.1960298424056,188.5273875381066,185.2318609098144,187.1631622314453,3374700
2017-04-12,Goldman Sachs,187.0891938600194,187.5822958201665,185.100371023606,185.52772521972656,2947500
2017-04-13,Goldman Sachs,185.05928927233532,187.51656038647917,183.33345737854424,183.53070068359375,3653700
2017-04-17,Goldman Sachs,184.00733848374858,186.4563956753271,183.28413815760328,185.9468536376953,4190900
2017-04-18,Goldman Sachs,180.2433453294544,180.71178082668843,175.1973087452489,177.17791748046875,12464000
2017-04-19,Goldman Sachs,177.40802818778155,178.48462099390431,175.550701193563,175.94517517089844,6428800
2017-04-20,Goldman Sachs,177.10396196008895,179.96392034037365,176.69304789521635,179.2078399658203,5168200
2017-04-21,Goldman Sachs,179.61058685223333,180.12833018099857,177.82722085291906,178.22169494628906,3845700
2017-04-24,Goldman Sachs,181.7719498277406,184.75519011747272,181.04874956061067,183.448486328125,5353500
2017-04-25,Goldman Sachs,185.89750767617593,187.36036064347124,185.03458569117336,186.2509002685547,3996900
2017-04-26,Goldman Sachs,186.63719013908602,188.49451736563557,185.80713562740377,185.8975372314453,3765300
2017-04-27,Goldman Sachs,186.30848361142034,186.30848361142034,183.69507548925134,185.57705688476562,2805800
2017-04-28,Goldman Sachs,185.166111720514,186.36598642302172,183.85940787813126,183.92515563964844,2936600
2017-05-01,Goldman Sachs,184.8291215311303,186.05364982749313,181.56646320292327,184.7880401611328,3004800
2017-05-02,Goldman Sachs,184.79630840868282,185.60169661562904,183.41563037095625,185.00997924804688,2602400
2017-05-03,Goldman Sachs,184.45935967378028,186.30025958268104,184.35253052190853,185.9879608154297,3042200
2017-05-04,Goldman Sachs,187.5904535657458,188.1082092152663,184.75514949190028,186.21800231933594,2935400
2017-05-05,Goldman Sachs,186.45636168256846,186.9412372476318,185.15787179130447,186.44813537597656,2435800
2017-05-08,Goldman Sachs,186.34953481476197,186.83441041832683,184.58260929121428,184.9359893798828,2316800
2017-05-09,Goldman Sachs,185.29762005991972,186.20163616817936,183.21016924270359,183.8922882080078,2145400
2017-05-10,Goldman Sachs,183.6457343473652,185.19898913748295,183.31699554463205,184.81272888183594,2630400
2017-05-11,Goldman Sachs,184.3772017409831,184.98534671543328,182.5691692761154,184.71414184570312,2440300
2017-05-12,Goldman Sachs,183.6703743219495,184.49220245657528,182.8403198803121,183.1197509765625,2166100
2017-05-15,Goldman Sachs,183.37454898884718,186.2016402917166,183.14443807257683,185.00997924804688,2468100
2017-05-16,Goldman Sachs,185.27293869150677,186.40706554245796,184.4264567068439,185.40443420410156,1710700
2017-05-17,Goldman Sachs,185.40445182639618,185.40445182639618,175.1480265909914,175.64112854003906,7525700
2017-05-18,Goldman Sachs,175.87123074372198,178.83803097890012,175.75617529997976,176.82455444335938,4792400
2017-05-19,Goldman Sachs,176.58624135733652,178.99420477740713,175.87125475504433,177.0135955810547,3747100
2017-05-22,Goldman Sachs,178.6408021629005,178.8626993009753,177.0217995119662,177.53134155273438,2506100
2017-05-23,Goldman Sachs,177.49020962081138,181.45141440494024,176.41361685346706,180.50631713867188,3308800
2017-05-24,Goldman Sachs,180.8022252213063,184.41826470969056,180.3502171502321,183.9498291015625,4141600
2017-05-25,Goldman Sachs,184.4264253603102,185.28112096670122,182.6923677705196,182.8320770263672,2640000
2017-05-26,Goldman Sachs,182.45409506955502,184.2785548857739,181.7719760805989,183.70327758789062,1787100
2017-05-30,Goldman Sachs,182.91988860308183,183.4228919965466,179.76993003822898,180.10801696777344,3097800
2017-05-31,Goldman Sachs,179.95961582703356,180.00908951344908,172.8515984304047,174.2039337158203,8312000
2017-06-01,Goldman Sachs,175.31715005411985,178.05479901438744,173.81638105810057,177.29617309570312,4057900
2017-06-02,Goldman Sachs,175.5892520369919,177.46108611115497,174.7399202384468,175.89434814453125,3692000
2017-06-05,Goldman Sachs,175.70464811800102,177.9557882275793,175.3748026737203,176.4550323486328,2696600
2017-06-06,Goldman Sachs,175.23467472425784,178.12901115763665,175.20993788143588,176.90036010742188,2891300
2017-06-07,Goldman Sachs,177.593050060117,179.1267975133139,176.71898123087033,177.93113708496094,2679400
2017-06-08,Goldman Sachs,177.93109259509484,182.23547912675585,176.9828134606212,180.3883819580078,3765600
2017-06-09,Goldman Sachs,182.09528385646652,184.58556384868533,181.20471990066008,183.42288208007812,4455400
2017-06-12,Goldman Sachs,184.404159320257,185.7235035951745,182.98585510253906,182.98585510253906,3388200
2017-06-13,Goldman Sachs,184.17330830422395,187.0181586925546,183.69504166832184,184.87420654296875,2767800
2017-06-14,Goldman Sachs,183.87639658277664,187.13354348382015,182.86213593273965,186.77896118164062,3652900
2017-06-15,Goldman Sachs,185.37718708104944,186.64707033908377,183.71975577562677,184.07432556152344,3378900
2017-06-16,Goldman Sachs,183.59606863384514,184.4371590427702,182.342693314165,182.90341186523438,3758300
2017-06-19,Goldman Sachs,184.2392210491589,187.21600895696363,183.97535724031823,186.46563720703125,2900900
2017-06-20,Goldman Sachs,185.95437681020215,186.80370848411877,184.86591817022847,185.61630249023438,2264200
2017-06-21,Goldman Sachs,185.15456689021656,185.476158456249,183.0023733075926,183.4641571044922,3015300
2017-06-22,Goldman Sachs,182.59830925062232,182.97761588465843,180.82542254407448,181.2212371826172,3344600
2017-06-23,Goldman Sachs,181.82315682626185,181.9798318543851,178.49179930770597,179.09375,4448700
2017-06-26,Goldman Sachs,179.97608863065616,183.03534142072428,179.5143174734354,181.77371215820312,2589500
2017-06-27,Goldman Sachs,182.92815084824346,183.3981760353629,181.04807526440794,181.64178466796875,2899400
2017-06-28,Goldman Sachs,182.9528472665674,185.22873700478064,182.0293051016799,184.06605529785156,3482800
2017-06-29,Goldman Sachs,188.3127523700619,188.65908075328008,183.90941817758963,185.04736328125,5063400
2017-06-30,Goldman Sachs,185.78948717082937,186.39969196674747,182.6807606695555,182.9776153564453,3154300
2017-07-03,Goldman Sachs,185.08861933753084,188.89000320366804,184.231033398294,187.41397094726562,2846600
2017-07-05,Goldman Sachs,188.32102129325185,188.76629708343415,185.70705649812962,188.0406494140625,2772000
2017-07-06,Goldman Sachs,187.98294040706864,189.70634109546154,185.74004079466056,186.92745971679688,3076600
2017-07-07,Goldman Sachs,188.19730791257547,188.4117106590927,185.05560306613265,185.76475524902344,2697600
2017-07-10,Goldman Sachs,184.9319243738234,187.46342448376473,184.67630193671724,186.22653198242188,2357500
2017-07-11,Goldman Sachs,186.3914155885464,187.9663947822027,185.26172466292894,187.1417999267578,2742900
2017-07-12,Goldman Sachs,186.68826997770674,188.84871705191622,186.4161647482326,187.50462341308594,2567300
2017-07-13,Goldman Sachs,187.50460752926784,190.18454057868,187.1417838109458,189.98663330078125,2852600
2017-07-14,Goldman Sachs,187.36443549625375,189.3352166073889,185.61629850896085,188.50238037109375,3703600
2017-07-17,Goldman Sachs,188.60959654904457,189.3599809619969,187.35622130319737,189.046630859375,2551800
2017-07-18,Goldman Sachs,187.59535957472454,189.9537017412425,183.6867748060376,184.1403045654297,6400700
2017-07-19,Goldman Sachs,183.81047192474463,184.8741939237952,182.78796960926644,183.77748107910156,4884600
2017-07-20,Goldman Sachs,183.88469386977644,185.3359766101442,182.73850726778235,183.30747985839844,3497800
2017-07-21,Goldman Sachs,182.96937382049845,183.3157021912635,180.6605054330775,181.55931091308594,3446600
2017-07-24,Goldman Sachs,180.53682596654758,181.18825046103424,179.76170467633153,179.91012573242188,3123100
2017-07-25,Goldman Sachs,181.69125805324612,183.77748238257172,181.55931983438003,182.71376037597656,3509500
2017-07-26,Goldman Sachs,183.43116710456016,184.4949017695012,182.95290046372986,183.26625061035156,2792500
2017-07-27,Goldman Sachs,182.92814130739131,183.64554747229738,181.76545940419916,182.63128662109375,2812500
2017-07-28,Goldman Sachs,182.87041320935413,184.43713847540263,182.12002883587718,184.38766479492188,2483200
2017-07-31,Goldman Sachs,184.66800909126738,185.94613359028068,183.92587877948858,185.8059539794922,1994900
2017-08-01,Goldman Sachs,187.25730075019857,188.5189302635301,186.9604460069251,187.18309020996094,2986800
2017-08-02,Goldman Sachs,186.68827398245796,187.78498667206443,186.0038713111587,186.58108520507812,1863300
2017-08-03,Goldman Sachs,186.35845053435054,186.9686553002486,184.68452386578244,184.70101928710938,2106400
2017-08-04,Goldman Sachs,186.39972597373082,189.48370361328125,185.5833722902672,189.48370361328125,3400300
2017-08-07,Goldman Sachs,189.4919193085021,192.23782196249493,189.0713678373492,192.0646514892578,3809800
2017-08-08,Goldman Sachs,191.6358754846722,194.46424291463666,191.05866149355333,191.34727478027344,3322500
2017-08-09,Goldman Sachs,189.92067944216984,190.8854538435504,188.8816819465923,190.48963928222656,2571100
2017-08-10,Goldman Sachs,188.84871383531106,189.2032835771022,185.92139963598763,185.94613647460938,3325500
2017-08-11,Goldman Sachs,185.59163114246002,186.91921721696315,183.59609986408364,184.83299255371094,2956600
2017-08-14,Goldman Sachs,186.66355066278558,189.51665466269148,186.60583556037298,187.4799041748047,2266100
2017-08-15,Goldman Sachs,189.30226267224967,190.159835856672,187.59534514068673,187.6695556640625,1867000
2017-08-16,Goldman Sachs,188.22205223419573,188.84049849097693,185.53387703435584,186.03688049316406,2393900
2017-08-17,Goldman Sachs,185.02259336058478,186.3419375490258,182.326164723341,182.581787109375,3460300
2017-08-18,Goldman Sachs,182.06231197064878,184.7834777996391,181.86441723696822,183.1837615966797,3149300
2017-08-21,Goldman Sachs,183.3899306623207,183.3899306623207,180.7594830710939,182.0623321533203,2203300
2017-08-22,Goldman Sachs,182.94458063100979,184.52780094500818,182.50754644662922,184.36288452148438,2021300
2017-08-23,Goldman Sachs,182.9775731450733,185.37714692867803,182.50756067227925,183.6702423095703,2568000
2017-08-24,Goldman Sachs,184.5196173872184,185.17929587048474,183.54658879337845,183.87643432617188,2263000
2017-08-25,Goldman Sachs,184.41239103804176,185.49260827419624,183.16725734898841,183.44761657714844,2232500
2017-08-28,Goldman Sachs,183.81054698051187,183.9589680995478,180.4709333966156,181.6995849609375,2641600
2017-08-29,Goldman Sachs,179.77162223893245,182.1380186085044,178.5139537688396,181.9973602294922,2369100
2017-08-30,Goldman Sachs,182.23732552159063,185.52214915282056,182.1049366931844,184.03280639648438,2411400
2017-08-31,Goldman Sachs,184.71959438792473,185.7455890653539,184.16523026694722,185.12503051757812,2240600
2017-09-01,Goldman Sachs,185.79520190395286,188.28570526412636,184.9512388793739,186.89566040039062,2346900
2017-09-05,Goldman Sachs,185.21599537552058,185.34010200085058,179.7964496892765,180.193603515625,5646200
2017-09-06,Goldman Sachs,181.18651508676936,182.874441135784,180.05296569498864,181.06240844726562,3613600
2017-09-07,Goldman Sachs,180.97965793244512,181.045852347025,177.59554897329517,178.58843994140625,3594600
2017-09-08,Goldman Sachs,178.31536064194188,181.43470400698573,178.22434491642736,179.7219696044922,3120900
2017-09-11,Goldman Sachs,182.08835709691724,183.59423865321344,181.19475164168276,182.90748596191406,2971500
2017-09-12,Goldman Sachs,184.1320771125952,188.39325223400414,183.70183239231238,186.95355224609375,3745800
2017-09-13,Goldman Sachs,186.3743909718561,187.9381977873185,185.93586400312233,187.4582977294922,2383500
2017-09-14,Goldman Sachs,187.0776989746244,188.73252156573017,187.03632588478789,187.69825744628906,1986600
2017-09-15,Goldman Sachs,187.94646125839242,187.99611653886927,185.191192893382,186.3495635986328,4365800
2017-09-18,Goldman Sachs,187.24319757319878,189.4772057712063,186.71365479570593,188.2609100341797,2466800
2017-09-19,Goldman Sachs,188.65800187223863,190.4203915694037,188.09536837988617,189.40267944335938,1858000
2017-09-20,Goldman Sachs,189.8909003854506,191.66982969624206,189.06348905479504,190.13084411621094,2682300
2017-09-21,Goldman Sachs,190.2135623408617,192.04214666796585,189.80812630332727,191.37193298339844,1800800
2017-09-22,Goldman Sachs,190.8341247019954,191.53742929436888,189.3778854890177,191.1568145751953,1861800
2017-09-25,Goldman Sachs,190.94171747565605,191.84359280150335,188.9476531265369,190.5197296142578,2261800
2017-09-26,Goldman Sachs,191.0161453587904,191.49604535782098,189.50198138563167,190.2549285888672,1770000
2017-09-27,Goldman Sachs,193.67215410328694,194.93809228455672,192.7123540392948,194.24305725097656,3072100
2017-09-28,Goldman Sachs,194.44166680382966,195.4345578964923,193.20054978167755,194.83055114746094,2121800
2017-09-29,Goldman Sachs,194.44991426918233,196.59291901239507,194.08586392264712,196.25367736816406,1902300
2017-10-02,Goldman Sachs,196.26187457044983,199.4887848466034,196.1791410507264,199.11643981933594,2501300
2017-10-03,Goldman Sachs,199.4639861507096,200.82093975590882,198.32215487153672,199.91905212402344,2010800
2017-10-04,Goldman Sachs,199.91908116403044,200.96162730959793,198.67796441953004,198.83517456054688,1840400
2017-10-05,Goldman Sachs,199.40609023261374,203.80792367880184,198.67796436926417,203.59278869628906,3521300
2017-10-06,Goldman Sachs,203.7913664921996,204.43674617196254,202.3930396442825,203.5596923828125,2396100
2017-10-09,Goldman Sachs,202.83982475657007,203.83272817015424,200.25003661611072,200.89541625976562,2165200
2017-10-10,Goldman Sachs,200.8954296560401,201.6649159650589,199.98527234132652,200.72994995117188,2187100
2017-10-11,Goldman Sachs,200.23349372268257,201.22638455492674,199.69568153759377,200.564453125,2175700
2017-10-12,Goldman Sachs,200.50654191108777,201.40841701839935,197.54440853199188,198.41319274902344,2148200
2017-10-13,Goldman Sachs,197.75126523272132,198.12359772588349,195.96405411519228,197.3623809814453,2491000
2017-10-16,Goldman Sachs,197.4203342436471,200.86235553461424,197.2134814259674,200.57276916503906,2969200
2017-10-17,Goldman Sachs,202.252410181318,202.62474272283004,194.59885603513996,195.34352111816406,7088400
2017-10-18,Goldman Sachs,195.98885661891157,200.77129160588683,195.98885661891157,200.25830078125,4235900
2017-10-19,Goldman Sachs,198.86825728649637,199.3977998704437,197.00658236437508,198.5703887939453,2710900
2017-10-20,Goldman Sachs,201.01951886159432,202.92256686592523,199.13302261390382,202.4923095703125,3022800
2017-10-23,Goldman Sachs,202.2110090945455,202.98877759040377,199.72050609476474,200.341064453125,1963300
2017-10-24,Goldman Sachs,201.55736175715998,203.74999626071167,201.0609100156464,202.58334350585938,2285300
2017-10-25,Goldman Sachs,203.67558461617057,203.95690145016886,199.24065919524435,199.9936065673828,2904300
2017-10-26,Goldman Sachs,200.7382111834874,201.88831212871722,199.84460566394824,200.00181579589844,1948800
2017-10-27,Goldman Sachs,199.2820322885489,200.59761332868393,198.30568031280214,199.9936065673828,2111500
2017-10-30,Goldman Sachs,198.66144466673285,200.72169058340197,198.18981419767283,199.31509399414062,1764400
2017-10-31,Goldman Sachs,199.14134864069902,202.0372882345703,199.09998817530803,200.6306915283203,2658700
2017-11-01,Goldman Sachs,201.79734695816293,204.70155615530018,200.98648739712056,202.10348510742188,2969600
2017-11-02,Goldman Sachs,202.4592231722335,204.98282954098858,201.37531665613494,204.27125549316406,2509100
2017-11-03,Goldman Sachs,203.02187389920567,203.7748210908472,201.21812361624106,202.2192840576172,1954600
2017-11-06,Goldman Sachs,201.47459341804702,202.3681988792482,199.960429660897,201.46632385253906,1744800
2017-11-07,Goldman Sachs,201.81383820944032,202.69916149399555,197.61885800162563,198.42144775390625,2483900
2017-11-08,Goldman Sachs,197.91673499720528,200.49826624573743,196.5515117157511,199.61293029785156,2349800
2017-11-09,Goldman Sachs,198.17327538869546,200.53967220538806,196.79150003642067,199.23236083984375,2122400
2017-11-10,Goldman Sachs,199.97697887739034,201.32566293021648,198.5786521815653,198.7027587890625,1845600
2017-11-13,Goldman Sachs,196.8990452117377,199.3233539791426,196.2288441565928,198.80209350585938,1953900
2017-11-14,Goldman Sachs,198.2890645786229,199.306789319337,194.96288105498948,196.29501342773438,3000200
2017-11-15,Goldman Sachs,194.4168159084736,197.047977535174,193.24189348787533,196.60118103027344,2564100
2017-11-16,Goldman Sachs,197.2382746035385,199.14959234606226,197.0893340309135,198.05740356445312,2304300
2017-11-17,Goldman Sachs,197.6354521089379,197.81748359435645,196.19575198570757,196.9404296875,2826400
2017-11-20,Goldman Sachs,197.56926063581622,197.56926063581622,196.18748533977623,197.0314483642578,2000700
2017-11-21,Goldman Sachs,198.09053082248428,198.2394587876665,196.54326319642655,196.9404296875,2223800
2017-11-22,Goldman Sachs,196.8742158416201,197.70989657834966,195.566904677774,195.62481689453125,2177200
2017-11-24,Goldman Sachs,196.44400261243635,197.38725105319708,194.8967474169215,195.2277069091797,1268500
2017-11-27,Goldman Sachs,195.0621811877842,195.99715983972166,194.2761431099651,194.5326385498047,1999600
2017-11-28,Goldman Sachs,195.3434888909491,198.57866941015965,193.88724986037963,198.0904998779297,3212900
2017-11-29,Goldman Sachs,200.24024121227208,202.91287881284165,199.53472648812755,200.33154296875,4500000
2017-11-30,Goldman Sachs,202.58091758603447,208.15858334371785,202.52281070050006,205.54405212402344,6364600
2017-12-01,Goldman Sachs,207.3202433689233,208.0672485517304,202.5310741165713,206.63133239746094,4765400
2017-12-04,Goldman Sachs,211.56158036242846,211.5698759160642,207.51112115392132,208.04232788085938,3326100
2017-12-05,Goldman Sachs,208.16684346965818,208.623352232776,205.35310557603643,206.11671447753906,2526800
2017-12-06,Goldman Sachs,204.38200677931144,205.90922467898415,203.46069364087336,204.14129638671875,2331400
2017-12-07,Goldman Sachs,203.03737047289002,207.07122610251548,202.8547669644115,206.3076171875,2667000
2017-12-08,Goldman Sachs,207.9178773943072,208.06727338271025,205.1788369555199,207.7933807373047,1959100
2017-12-11,Goldman Sachs,207.50285801084885,208.66486894972186,206.47363927572607,207.6107635498047,1494200
2017-12-12,Goldman Sachs,208.17513054233316,214.30892616102187,208.07553323988068,213.87730407714844,3464200
2017-12-13,Goldman Sachs,213.98520111802884,216.21793343595021,212.11767578125,212.11767578125,3482300
2017-12-14,Goldman Sachs,213.4208417578152,215.42945522150046,212.0513153076172,212.0513153076172,3353200
2017-12-15,Goldman Sachs,213.06393416045174,214.9480508988797,211.45369737085954,213.45404052734375,5283400
2017-12-18,Goldman Sachs,215.802958451751,217.46298120907218,215.10575193326858,215.81954956054688,2575600
2017-12-19,Goldman Sachs,217.13098670082678,217.29697378240152,212.63231378019233,212.88133239746094,2195500
2017-12-20,Goldman Sachs,214.86505128139999,215.04765480618062,211.2794085488245,211.80230712890625,2052400
2017-12-21,Goldman Sachs,212.98916574129933,217.5376363186703,212.71527318549562,216.6412353515625,3337800
2017-12-22,Goldman Sachs,217.18077641749835,217.57919099076378,213.91052961884571,214.9480438232422,2100600
2017-12-26,Goldman Sachs,214.30059822870155,215.13891766378265,212.48287163635533,213.91049194335938,1289300
2017-12-27,Goldman Sachs,214.1263563518279,214.1263563518279,212.0845226755384,212.44142150878906,1567900
2017-12-28,Goldman Sachs,213.29631799450198,213.31290910211456,211.735892661121,212.8979034423828,1301000
2017-12-29,Goldman Sachs,212.37501801693202,213.02242591143911,209.91819130571773,211.45370483398438,2519300
2018-01-02,Goldman Sachs,213.9520158640511,214.06822961103666,210.75647977608668,212.20899963378906,2258300
2018-01-03,Goldman Sachs,212.0513085319879,212.59913175953187,210.17548733086045,210.23358154296875,2988200
2018-01-04,Goldman Sachs,211.8438033409693,215.57055903824678,211.08850260209633,213.17181396484375,2583200
2018-01-05,Goldman Sachs,213.46231238604582,213.71961387751477,210.56558088728735,212.08450317382812,2594700
2018-01-08,Goldman Sachs,211.44540832001223,211.80230714986573,208.847468533987,209.0051727294922,2940500
2018-01-09,Goldman Sachs,209.8268589148254,212.15089308495942,209.6774502952262,210.7730712890625,2637300
2018-01-10,Goldman Sachs,211.6528925793377,211.77738921486775,209.4533675851867,211.09678649902344,2927200
2018-01-11,Goldman Sachs,212.27540621523664,212.39160729952798,209.9679756379029,211.76080322265625,2422400
2018-01-12,Goldman Sachs,212.27538564314344,213.5618929999161,210.8975638736682,213.33779907226562,2849200
2018-01-16,Goldman Sachs,215.18038935889822,217.272008325695,212.81485252946823,214.52467346191406,4445500
2018-01-17,Goldman Sachs,216.61634528401387,217.46294764078604,206.53999654412252,210.5323486328125,8608100
2018-01-18,Goldman Sachs,211.22961189895338,211.271102338187,208.000867965492,208.30796813964844,4984500
2018-01-19,Goldman Sachs,208.3328501859985,212.59912071072665,207.71863722367115,212.58250427246094,4643400
2018-01-22,Goldman Sachs,212.02641251378788,218.18509566671472,211.810614106208,217.0645751953125,5264700
2018-01-23,Goldman Sachs,214.14293429879442,216.01876810792183,213.188426285543,215.87765502929688,4003600
2018-01-24,Goldman Sachs,216.41715216638613,220.60041647964238,216.05194514451807,220.5174102783203,4314000
2018-01-25,Goldman Sachs,221.0735641900384,224.51810678826962,219.96135183925682,223.29798889160156,5055000
2018-01-26,Goldman Sachs,222.01972225022456,223.27304746237715,220.82450391027646,222.5592498779297,3535400
2018-01-29,Goldman Sachs,223.3062429215266,227.24879652020502,223.11533120744585,226.16148376464844,3881100
2018-01-30,Goldman Sachs,224.42679325630837,225.7630994439115,221.70433156392113,223.2232666015625,3970400
2018-01-31,Goldman Sachs,222.8995154922419,224.10304196067085,221.05688946736794,222.3517303466797,3710200
2018-02-01,Goldman Sachs,220.90760115951576,226.25287834688177,220.78310447486126,225.95408630371094,3388200
2018-02-02,Goldman Sachs,224.103136008476,225.55565633445687,215.26351737635275,215.8362274169922,5913900
2018-02-05,Goldman Sachs,213.73627995605892,218.54202853926205,200.44778708357077,206.76417541503906,6528500
2018-02-06,Goldman Sachs,202.69708384138195,214.7654436839233,200.95405488462646,214.7239532470703,6739900
2018-02-07,Goldman Sachs,212.39988087590302,217.42146430343917,212.20068627485412,213.39590454101562,4125000
2018-02-08,Goldman Sachs,214.08480124198704,214.790315888957,204.2242759458347,204.47328186035156,4166200
2018-02-09,Goldman Sachs,207.18742626617282,208.88895204311268,198.61340761956438,206.9218292236328,5978600
2018-02-12,Goldman Sachs,208.45732536984826,212.60738171935722,206.52341025614797,210.1256561279297,3692500
2018-02-13,Goldman Sachs,209.17114534351032,212.81489448205954,207.98423525126842,212.09278869628906,2700500
2018-02-14,Goldman Sachs,211.65295091792737,218.05233304741478,211.2213413541772,217.94442749023438,3793800
2018-02-15,Goldman Sachs,220.58383676205185,222.44305418397968,218.218299216869,222.1774444580078,3523100
2018-02-16,Goldman Sachs,220.7747475103286,223.50549239727692,220.70004951602758,222.12767028808594,2602500
2018-02-20,Goldman Sachs,221.52174760027955,223.14856279972582,218.55029269880745,219.86172485351562,2618400
2018-02-21,Goldman Sachs,219.0566068547989,224.10306472264048,218.40089079526533,218.62498474121094,3017900
2018-02-22,Goldman Sachs,219.45501839856698,221.0486514993072,216.40058239624867,216.98988342285156,2678900
2018-02-23,Goldman Sachs,218.29298546396797,221.59643976200965,217.7949735870363,221.422119140625,2507100
2018-02-26,Goldman Sachs,222.02802931896954,225.58047677487565,221.42211193326625,225.1488800048828,2751400
2018-02-27,Goldman Sachs,224.93308981232482,226.69270993076034,222.38494873046875,222.38494873046875,3140600
2018-02-28,Goldman Sachs,224.01633046300265,224.3076295721885,218.5478424947269,218.84747314453125,3104300
2018-03-01,Goldman Sachs,218.58109917301266,219.36350189312566,213.24581470648545,213.7285614013672,3483500
2018-03-02,Goldman Sachs,212.24703230380052,215.77615130083265,209.8332476048674,214.84393310546875,3122800
2018-03-05,Goldman Sachs,213.46226434221987,220.19590309424675,213.27914822160045,219.0056610107422,2445800
2018-03-06,Goldman Sachs,220.37900430711716,222.95926750455786,219.08055386730288,222.17686462402344,2217300
2018-03-07,Goldman Sachs,218.64767928446335,221.76062678034322,217.19941394056784,220.86170959472656,2509400
2018-03-08,Goldman Sachs,221.8023157297389,223.15070455309979,218.59779668843186,221.68577575683594,2565400
2018-03-09,Goldman Sachs,223.65008938755395,225.63937163622646,222.2683999549224,225.37301635742188,4410600
2018-03-12,Goldman Sachs,225.56446455928904,229.15185308901613,225.3730169394593,227.54544067382812,3065600
2018-03-13,Goldman Sachs,228.3445068278399,228.91882435097224,222.60135699755676,223.50860595703125,2288100
2018-03-14,Goldman Sachs,225.06505577145023,225.38134949213855,219.66316950286193,220.09597778320312,2478700
2018-03-15,Goldman Sachs,221.16972142780514,223.89979975449495,220.86175922465117,221.91049194335938,2255200
2018-03-16,Goldman Sachs,221.4111080247029,224.60729543408752,220.84509665972888,222.73452758789062,4114400
2018-03-19,Goldman Sachs,222.2267763915032,222.6512785462227,215.9675794997365,218.51454162597656,2426900
2018-03-20,Goldman Sachs,219.14711248773912,220.27077814091484,217.98183993671992,219.06387329101562,1514800
2018-03-21,Goldman Sachs,218.91411217841306,221.81064389366412,216.6667803156454,217.94859313964844,2817600
2018-03-22,Goldman Sachs,215.0936370802505,217.09125100077443,209.8998104056413,210.24940490722656,4489300
2018-03-23,Goldman Sachs,211.10670391265447,211.40634725450977,203.8653252679045,204.13999938964844,3634200
2018-03-26,Goldman Sachs,208.62634289919967,212.54667603174548,206.79519456934685,212.14715576171875,3787200
2018-03-27,Goldman Sachs,212.9877963630943,213.96163407596663,204.4313295537614,205.8046875,2981500
2018-03-28,Goldman Sachs,207.06980439936342,209.10903742187668,203.3991773385297,207.56088256835938,2660200
2018-03-29,Goldman Sachs,208.74287258434165,210.5657020943863,206.69532006385464,209.63348388671875,3073900
2018-04-02,Goldman Sachs,209.13405270857172,210.2493996082648,202.89982502924312,205.87960815429688,3429900
2018-04-03,Goldman Sachs,206.92838647670644,208.826123765675,204.67273579787275,208.56809997558594,2488200
2018-04-04,Goldman Sachs,204.51456875328626,210.7654468043934,203.51574911910885,210.2660369873047,2853200
2018-04-05,Goldman Sachs,211.8308690178997,214.74406368022835,210.91528847238806,212.92123413085938,1924800
2018-04-06,Goldman Sachs,209.31720995958707,212.53004824465077,205.3219687330046,208.0603790283203,3621900
2018-04-09,Goldman Sachs,209.31717421349504,214.32787209989834,207.39446795606065,209.90814208984375,3256700
2018-04-10,Goldman Sachs,214.71074362938708,216.3171815608301,213.0377422743344,213.55380249023438,3113900
2018-04-11,Goldman Sachs,210.24103942082434,212.10548809266007,207.91048175615907,210.53236389160156,3322000
2018-04-12,Goldman Sachs,213.30408009770642,217.01634031106386,212.3385739132072,216.0674591064453,3059100
2018-04-13,Goldman Sachs,218.0234694977176,218.4895785665765,211.8641366149576,213.0127716064453,3026200
2018-04-16,Goldman Sachs,214.01989388882362,216.9580572685393,213.62869251414025,214.64414978027344,3257400
2018-04-17,Goldman Sachs,217.7404966342404,218.2815134176029,210.03300780334465,211.1067352294922,10134400
2018-04-18,Goldman Sachs,212.16382081844975,213.92838054755518,209.95812115706795,211.4147186279297,4524800
2018-04-19,Goldman Sachs,211.41468636695595,213.2125465904848,210.4408485876745,211.55618286132812,3990000
2018-04-20,Goldman Sachs,211.49791507551978,212.81300306392922,209.3171723809701,209.71670532226562,2930600
2018-04-23,Goldman Sachs,209.46700128668624,210.37425019787185,204.91409364915165,205.31361389160156,3775900
2018-04-24,Goldman Sachs,207.10314832314884,207.377809749115,199.79518073178204,201.8344268798828,4705100
2018-04-25,Goldman Sachs,201.5847379908621,201.80947369411896,197.68937416999688,199.12100219726562,5041400
2018-04-26,Goldman Sachs,199.15426361830882,201.1435583898826,198.1055056773043,199.83677673339844,2891100
2018-04-27,Goldman Sachs,199.76190944335136,201.36832203554198,198.94621853593665,199.59544372558594,2136800
2018-04-30,Goldman Sachs,200.56926754994421,202.31718921612196,198.2803291635549,198.37188720703125,2790500
2018-05-01,Goldman Sachs,197.68941340432502,198.0140260621112,194.7346114144479,196.99024963378906,3269800
2018-05-02,Goldman Sachs,196.93196698493554,198.02233211301782,194.28511490789612,194.8094940185547,3710900
2018-05-03,Goldman Sachs,193.4777411621888,194.76787277408715,189.27441487204558,194.27679443359375,4511400
2018-05-04,Goldman Sachs,193.3612309954852,197.09011695749797,193.33626176921783,195.55029296875,2622300
2018-05-07,Goldman Sachs,196.43255888544965,198.2387380935118,195.83327209653712,197.43136596679688,1979400
2018-05-08,Goldman Sachs,198.2970157243667,200.31128034783714,196.43256645363593,197.26490783691406,3267000
2018-05-09,Goldman Sachs,198.0805786512841,201.46821383226464,197.47297305955422,201.2018585205078,2434000
2018-05-10,Goldman Sachs,201.51816757044827,204.27321544533538,199.8951044553886,202.62518310546875,2599000
2018-05-11,Goldman Sachs,202.62512746389018,203.8486699455279,201.18518085984363,202.1923065185547,1540100
2018-05-14,Goldman Sachs,202.7583336663485,204.65607070111318,202.67509446110532,203.016357421875,1928500
2018-05-15,Goldman Sachs,202.25886053304944,203.04958193330188,200.31950450264188,201.06028747558594,2165700
2018-05-16,Goldman Sachs,200.81896734660168,201.29339523215882,200.2529687193803,200.56094360351562,1965200
2018-05-17,Goldman Sachs,200.1115013357957,201.79283438107268,198.74646206056153,199.0128173828125,2462700
2018-05-18,Goldman Sachs,198.18048843872862,198.71318641600575,197.15669939292098,197.26490783691406,2699000
2018-05-21,Goldman Sachs,199.01278897986754,199.82016097199718,197.53122263772673,197.84750366210938,1951700
2018-05-22,Goldman Sachs,198.67985006896956,200.34453253741592,198.08056336428731,198.0972137451172,2551500
2018-05-23,Goldman Sachs,197.16498518589776,197.98899483581013,195.0841322105333,197.93905639648438,3114000
2018-05-24,Goldman Sachs,196.93196351115762,197.40639146439165,194.4765464303213,196.5157928466797,2308700
2018-05-25,Goldman Sachs,195.60023218344313,196.5324505024482,195.00094534964782,195.60855102539062,1985600
2018-05-29,Goldman Sachs,192.70367852424457,193.4944002896849,187.29345959157075,188.96646118164062,5323600
2018-05-30,Goldman Sachs,191.23003948709058,191.83979361618137,189.0081796115052,191.41380310058594,3348600
2018-05-31,Goldman Sachs,189.89356517520088,190.536737775065,187.1788906930999,188.67405700683594,5334900
2018-06-01,Goldman Sachs,190.77898242390074,192.32426390962038,190.5200462576887,190.7372283935547,3330900
2018-06-04,Goldman Sachs,192.4078419290233,193.07605951415985,191.23843566416744,192.0236053466797,2133600
2018-06-05,Goldman Sachs,191.23005769235178,191.56416643300696,189.85183045992827,190.7288818359375,1986200
2018-06-06,Goldman Sachs,191.9901957295539,194.27051941958254,191.5809016332172,193.97816467285156,2566400
2018-06-07,Goldman Sachs,195.364689080525,197.06031557753687,194.23704991955876,194.99716186523438,2905000
2018-06-08,Goldman Sachs,194.62132201824502,195.68213708466206,194.0783920979121,194.94708251953125,2253100
2018-06-11,Goldman Sachs,195.9744533235036,196.42551410938515,195.11411127296455,195.53175354003906,1936800
2018-06-12,Goldman Sachs,195.55683708260676,196.4840035487237,193.66909837255048,194.31227111816406,2080000
2018-06-13,Goldman Sachs,195.16426309956242,198.98986851664813,194.70486671551606,195.3146209716797,3637400
2018-06-14,Goldman Sachs,197.01856307051946,197.03527233026898,194.27883076141816,195.1642303466797,2899600
2018-06-15,Goldman Sachs,193.36835929000836,194.74657359930302,191.9817839787449,193.71917724609375,4738100
2018-06-18,Goldman Sachs,192.28251379596583,193.51038318670038,191.40546241037947,193.27650451660156,2327500
2018-06-19,Goldman Sachs,190.62863990922878,191.31356660861152,188.90795578552965,190.71217346191406,3326600
2018-06-20,Goldman Sachs,192.04861498829752,192.0653242473901,189.57617995066656,190.29452514648438,2678300
2018-06-21,Goldman Sachs,189.10008065123827,190.80405563235811,187.579869302304,189.5928955078125,3094600
2018-06-22,Goldman Sachs,190.26111182957948,192.53308680193084,188.42348838749749,188.791015625,2731800
2018-06-25,Goldman Sachs,187.52141375570852,188.0559954499164,184.088393154417,185.04896545410156,3817700
2018-06-26,Goldman Sachs,185.2494213176541,186.10141519561856,183.02756117778202,185.08236694335938,2692900
2018-06-27,Goldman Sachs,184.9988517850501,188.33164232636585,183.87957334596751,183.91297912597656,3104200
2018-06-28,Goldman Sachs,183.97144242682361,187.6550507574744,183.4118032460554,186.61929321289062,3072600
2018-06-29,Goldman Sachs,187.4378524425622,188.08102513029522,184.1384809395722,184.2387237548828,3393700
2018-07-02,Goldman Sachs,183.55379702324433,186.55246577919138,182.83545173326783,186.4856414794922,1723200
2018-07-03,Goldman Sachs,187.48801073773527,187.6383558670242,183.75428708186274,184.08004760742188,1204400
2018-07-05,Goldman Sachs,185.01551842450002,185.55009999952108,183.5788280518627,184.38070678710938,2218200
2018-07-06,Goldman Sachs,184.21367614136494,186.43553643003793,183.6623979438157,185.25778198242188,1846400
2018-07-09,Goldman Sachs,186.56918190615542,190.61195659599034,186.2684789191592,190.43655395507812,2743900
2018-07-10,Goldman Sachs,190.44491681555505,191.17161044591782,188.64905975954665,189.48434448242188,2524800
2018-07-11,Goldman Sachs,188.57386200604032,189.81844074936436,188.1061046313617,188.49034118652344,2527000
2018-07-12,Goldman Sachs,190.144198763708,190.27784736769948,188.5822205340339,189.7933807373047,2223100
2018-07-13,Goldman Sachs,189.300569678121,190.96277802169791,187.0452908627974,189.11680603027344,2541500
2018-07-16,Goldman Sachs,189.7766565673017,193.31826782226562,189.39243279279987,193.31826782226562,3271200
2018-07-17,Goldman Sachs,193.351707362105,194.8134556519311,189.50104421451718,192.9674835205078,9280200
2018-07-18,Goldman Sachs,194.07003533947767,195.2227322517501,192.2407598901523,193.15122985839844,6149900
2018-07-19,Goldman Sachs,193.04264477158776,193.77769937563517,191.26348430744252,191.80642700195312,4638500
2018-07-20,Goldman Sachs,191.2885301543176,193.8278025885489,191.1131275179682,193.527099609375,2683500
2018-07-23,Goldman Sachs,193.61901352809133,196.17498290209085,193.55218921659298,195.25616455078125,2788500
2018-07-24,Goldman Sachs,196.08305610418824,198.36337944990598,195.74058636582694,197.0269317626953,2887400
2018-07-25,Goldman Sachs,196.30017631619572,197.8371092522184,195.41477691825378,197.70346069335938,2181500
2018-07-26,Goldman Sachs,197.96242422651144,199.08170238475395,197.48630594917302,198.05430603027344,1885500
2018-07-27,Goldman Sachs,198.76438283345888,199.4660190285022,197.11887070635152,198.49708557128906,1998200
2018-07-30,Goldman Sachs,198.79777535217983,200.24281443622831,197.87060874723255,199.59129333496094,2454100
2018-07-31,Goldman Sachs,200.05067006799138,200.05067006799138,197.5865829440065,198.32162475585938,2503700
2018-08-01,Goldman Sachs,199.21538934639904,199.96714043443893,196.943414075099,197.16058349609375,2510500
2018-08-02,Goldman Sachs,195.3981144068648,196.4672903880865,194.42919398691353,195.4482421875,2579700
2018-08-03,Goldman Sachs,195.82410822516343,196.726217051496,195.03059046680795,195.53175354003906,3053100
2018-08-06,Goldman Sachs,195.57352605753783,197.9457311452616,195.4816442462667,197.0686798095703,2259600
2018-08-07,Goldman Sachs,198.17124939859534,200.01723376810574,197.53643776126867,198.6557159423828,2399500
2018-08-08,Goldman Sachs,198.8979663223671,199.76666945013696,197.31927892668415,197.43621826171875,2522400
2018-08-09,Goldman Sachs,197.41953005299632,197.83717237361157,194.94708190696397,195.27284240722656,2951900
2018-08-10,Goldman Sachs,192.92569096962765,193.33498502447443,190.53677643090194,191.78970336914062,3863400
2018-08-13,Goldman Sachs,191.68946304864616,192.02357178281545,189.25043360200286,189.49266052246094,2662700
2018-08-14,Goldman Sachs,189.90196814512893,192.42451858311674,189.86020136401106,191.74794006347656,2359000
2018-08-15,Goldman Sachs,191.5725167074983,193.40177916647457,190.70381363775405,191.48898315429688,3218500
2018-08-16,Goldman Sachs,192.6751078760657,194.86354957132744,192.49134423420364,194.62132263183594,2438300
2018-08-17,Goldman Sachs,194.21201444662083,195.22271440337977,193.48532093554795,194.938720703125,2107200
2018-08-20,Goldman Sachs,195.5652057892728,197.11047479671294,195.52343900627542,196.94342041015625,2604900
2018-08-21,Goldman Sachs,196.53412596005052,200.07573757738538,196.53412596005052,199.34068298339844,2437300
2018-08-22,Goldman Sachs,198.70587769235124,200.1926834455942,198.44694147342275,199.9170379638672,1870900
2018-08-23,Goldman Sachs,199.67482111773043,199.86693304062493,196.99355147457814,197.41119384765625,2064700
2018-08-24,Goldman Sachs,198.26313344923398,198.6306606759537,196.04127357528668,196.3837432861328,1948100
2018-08-27,Goldman Sachs,197.95412795207727,203.517114432485,197.5949488992594,202.64007568359375,4106900
2018-08-28,Goldman Sachs,203.024270158596,204.7115485970596,201.79640079315857,202.4479217529297,2951000
2018-08-29,Goldman Sachs,202.85017581179017,203.47032514973452,201.3919629807565,202.30543518066406,1911700
2018-08-30,Goldman Sachs,201.80264285075188,202.07081246734904,200.02596639177722,200.62936401367188,1963700
2018-08-31,Goldman Sachs,200.24381524831065,200.5874190682139,198.71855699662547,199.29681396484375,1965500
2018-09-04,Goldman Sachs,199.25495524501977,199.55665404700943,196.5983357216633,199.17115783691406,2083500
2018-09-05,Goldman Sachs,198.62641082193187,200.67125677174812,197.92245123556106,199.08734130859375,2092000
2018-09-06,Goldman Sachs,198.61800436878147,199.98403102251814,196.00329042862904,196.53964233398438,2651400
2018-09-07,Goldman Sachs,196.9838656691471,197.47831262877014,194.99767634996186,196.0284881591797,1952900
2018-09-10,Goldman Sachs,196.95033658115102,197.3609861239834,194.20991935672268,194.35238647460938,1948100
2018-09-11,Goldman Sachs,193.31318482214687,194.1344710609577,191.62870724519345,192.9276885986328,2719400
2018-09-12,Goldman Sachs,193.5143224467668,194.41941888807838,190.4889584042161,191.2012939453125,3577700
2018-09-13,Goldman Sachs,192.33266024384793,192.62598314141107,190.71522832409127,191.35214233398438,3003600
2018-09-14,Goldman Sachs,191.9806854096768,193.21262115111168,191.71250300637413,192.11477661132812,2228300
2018-09-17,Goldman Sachs,192.24885055610923,192.88577735532596,190.4889515290011,190.9833984375,1918800
2018-09-18,Goldman Sachs,191.36893030339178,192.24887352827156,189.87720070746187,191.82147216796875,2498100
2018-09-19,Goldman Sachs,192.66782916612868,198.0145961233921,192.3493786315053,197.42796325683594,3716500
2018-09-20,Goldman Sachs,198.61800141224145,199.88345327338584,197.80509126952632,198.95321655273438,2503000
2018-09-21,Goldman Sachs,199.50633595217568,199.8918448782373,196.79943592969755,197.22683715820312,3760300
2018-09-24,Goldman Sachs,196.72406063220092,197.5621114800694,194.62893351252967,195.18203735351562,2057000
2018-09-25,Goldman Sachs,196.64024527247454,196.64024527247454,194.62053971307512,194.84681701660156,2003200
2018-09-26,Goldman Sachs,195.23232878648065,195.26584519342822,191.2767278093364,191.81307983398438,2372700
2018-09-27,Goldman Sachs,191.72088784657345,192.62598425807295,190.67332433154726,190.85769653320312,2451500
2018-09-28,Goldman Sachs,189.18998222824723,190.57276103645364,187.5557856037375,187.92453002929688,3097800
2018-10-01,Goldman Sachs,189.58386217311076,190.73198773262445,188.56143912462372,188.83799743652344,2451300
2018-10-02,Goldman Sachs,188.7960474562938,189.67600318722015,187.69820316217076,189.45811462402344,2272700
2018-10-03,Goldman Sachs,190.86607959048192,192.5589458747438,189.88556163818936,190.89122009277344,2573900
2018-10-04,Goldman Sachs,192.13151511565783,193.92494325371652,188.88826272461208,190.63978576660156,2903600
2018-10-05,Goldman Sachs,191.07556362230702,191.4191674855735,187.8993570290062,189.15643310546875,1722400
2018-10-08,Goldman Sachs,187.94126650263482,190.17048468422738,186.466301708402,188.85475158691406,2522900
2018-10-09,Goldman Sachs,188.55308399840212,188.66202192408326,186.4914730768871,186.8099365234375,1862900
2018-10-10,Goldman Sachs,187.0864747703778,187.4216899924775,179.81218680451678,180.0887451171875,3955500
2018-10-11,Goldman Sachs,179.5104895167428,181.04412410679623,176.78682425417801,178.4796905517578,6217400
2018-10-12,Goldman Sachs,181.85702028455106,182.67830647303882,177.21422456375598,179.23391723632812,4161300
2018-10-15,Goldman Sachs,179.71996230089005,181.9743206326158,178.54669648658287,180.36526489257812,3333800
2018-10-16,Goldman Sachs,183.8263957382706,186.0472246106858,181.2703389687496,185.79580688476562,5924200
2018-10-17,Goldman Sachs,184.81531831066616,191.82979851927416,184.4130575585511,191.31021118164062,4953700
2018-10-18,Goldman Sachs,190.65654798772215,191.6873468424573,187.6060437314242,188.51951599121094,2995400
2018-10-19,Goldman Sachs,188.77931345848933,191.32699498212034,187.88260577650578,190.20401000976562,2759100
2018-10-22,Goldman Sachs,190.1788506378198,191.80467113951227,185.64500579705717,185.71205139160156,2736800
2018-10-23,Goldman Sachs,181.5133915738304,183.96888668687527,179.61102575974118,183.1643524169922,3318200
2018-10-24,Goldman Sachs,182.8124078737529,183.47446240408263,174.64978817130967,175.303466796875,4152700
2018-10-25,Goldman Sachs,177.05497605860523,180.75915864087304,176.27558225323898,179.35122680664062,3179700
2018-10-26,Goldman Sachs,176.60240296746224,180.01327511725117,175.59674478443264,177.9684295654297,3557900
2018-10-29,Goldman Sachs,179.4685930177923,182.87109037355737,177.70869382099147,179.7535400390625,3278200
2018-10-30,Goldman Sachs,181.0106250722065,184.66452764048952,180.21446645816175,183.76780700683594,3897400
2018-10-31,Goldman Sachs,185.95507749471358,191.91361874543327,185.54442803009238,188.87149047851562,4369600
2018-11-01,Goldman Sachs,189.19832483435613,191.8130517610203,188.95529575354226,190.21237182617188,2557600
2018-11-02,Goldman Sachs,192.75169129481742,194.167999246441,189.64251708258686,192.4918975830078,3699000
2018-11-05,Goldman Sachs,191.34375514886764,193.67353523241755,190.1956169151472,191.67897033691406,2565200
2018-11-06,Goldman Sachs,191.23478815918662,192.34939710651938,190.27941088827836,191.2431640625,2275600
2018-11-07,Goldman Sachs,192.79358770068743,195.0982273839897,190.15372002722972,193.8243865966797,3514300
2018-11-08,Goldman Sachs,193.5897021186564,196.1541350877126,193.25448697030276,194.13442993164062,2404800
2018-11-09,Goldman Sachs,194.16799709385486,194.16799709385486,186.29870038278227,186.59201049804688,3721700
2018-11-12,Goldman Sachs,186.04726573686176,186.3070594222738,171.90935373439805,172.68035888671875,11019400
2018-11-13,Goldman Sachs,171.29754457125972,175.64702941019752,169.56278640747198,171.84228515625,6984800
2018-11-14,Goldman Sachs,172.83960523910113,173.76145346594996,166.30280630377388,169.69691467285156,5742500
2018-11-15,Goldman Sachs,169.11870104441925,171.38143627635827,167.04033806278173,170.74452209472656,4260000
2018-11-16,Goldman Sachs,170.06567531122354,171.58255829166092,167.9035150858139,169.38685607910156,2829600
2018-11-19,Goldman Sachs,169.14377169475472,169.53765654066285,165.3893081974663,166.118408203125,3419100
2018-11-20,Goldman Sachs,163.5037096817993,164.16576416086426,159.52296854037425,160.35263061523438,5513800
2018-11-21,Goldman Sachs,160.9811400780517,163.621007196276,160.22689963720913,161.40855407714844,4111700
2018-11-23,Goldman Sachs,160.57889016149588,160.7967787331926,158.34129639636492,158.4753875732422,1862600
2018-11-26,Goldman Sachs,160.2101712476785,163.612655478246,159.80791044083773,162.86679077148438,3143300
2018-11-27,Goldman Sachs,162.0790005082792,163.1014233868253,160.53699028699745,162.28851318359375,2345400
2018-11-28,Goldman Sachs,163.28580490209302,166.311168618155,161.09849193521563,166.2273712158203,3762900
2018-11-29,Goldman Sachs,164.93997878159433,166.14323843091742,162.5334466435221,163.9554901123047,2665700
2018-11-30,Goldman Sachs,160.35409362909596,161.09455610031378,158.29254421554987,160.45506286621094,6220000
2018-12-03,Goldman Sachs,163.24025230709253,164.6370534237597,161.23761005161612,161.24603271484375,4017000
2018-12-04,Goldman Sachs,160.4550596189618,160.80846478113688,154.51446328632517,155.08663940429688,5797500
2018-12-06,Goldman Sachs,152.5791525348608,155.56628346556053,151.58624121945203,154.9015350341797,5275500
2018-12-07,Goldman Sachs,154.69958746601228,156.71904927390602,150.61857621492175,151.18234252929688,3921200
2018-12-10,Goldman Sachs,150.28196577964644,151.32534855456882,146.98349263479622,150.47549438476562,4528300
2018-12-11,Goldman Sachs,153.2691312582102,155.18762395039886,147.63145491399177,148.7674102783203,4713900
2018-12-12,Goldman Sachs,150.19783007408068,151.4599967133587,148.4981087381479,148.6832275390625,3677300
2018-12-13,Goldman Sachs,149.63412487116165,150.35776788636485,147.35380389692165,148.02696228027344,4008600
2018-12-14,Goldman Sachs,146.6974499081414,148.31302201511042,145.03980300287836,145.3763885498047,5078300
2018-12-17,Goldman Sachs,142.5407011570072,144.2488325606344,140.1257594152083,141.37109375,8395800
2018-12-18,Goldman Sachs,142.8604838268739,145.58676934744835,142.473426444961,144.30776977539062,5150800
2018-12-19,Goldman Sachs,144.3834514371594,147.1265685869081,141.02609626765872,142.4144744873047,5316100
2018-12-20,Goldman Sachs,141.69083963400772,144.4339440971593,140.6558664882571,141.70767211914062,6488200
2018-12-21,Goldman Sachs,141.57304524238023,142.73424282757557,134.14308834063755,134.67320251464844,8960000
2018-12-24,Goldman Sachs,133.7896831461582,134.63112769424725,129.8433061613126,131.5598602294922,3783500
2018-12-26,Goldman Sachs,132.10678277694427,137.24800904063034,127.64712448474229,137.09654235839844,7054700
2018-12-27,Goldman Sachs,134.73208586667107,139.18333435058594,133.8065046434404,139.18333435058594,4973000
2018-12-28,Goldman Sachs,139.37688072207138,139.63772648944314,136.33085542913565,137.1807098388672,4110500
2018-12-31,Goldman Sachs,137.81179651845082,140.62221842051727,137.81179651845082,140.56332397460938,4550000
2019-01-02,Goldman Sachs,138.27457270959331,144.93881143939973,137.44996071560087,144.75369262695312,3999400
2019-01-03,Goldman Sachs,143.60093926234674,144.53494328676862,141.60670681919285,142.63327026367188,4060200
2019-01-04,Goldman Sachs,145.5614872412511,148.09423053907327,143.9711576655164,147.29486083984375,3788300
2019-01-07,Goldman Sachs,147.4462899808662,149.63405042849567,144.9556218928241,148.1110382080078,3152100
2019-01-08,Goldman Sachs,149.5919708153027,149.86123916176413,145.48571840771615,147.5640869140625,2692700
2019-01-09,Goldman Sachs,148.17838521216834,149.51627891844907,147.17706417835495,148.48971557617188,3321400
2019-01-10,Goldman Sachs,147.80819590851422,149.83608094781152,147.67356165972623,148.0942840576172,2808700
2019-01-11,Goldman Sachs,147.33690767304154,148.96929889205256,145.08183018672,148.87673950195312,3182700
2019-01-14,Goldman Sachs,146.84893048518876,151.07297357284662,146.49552525710345,150.38299560546875,3361700
2019-01-15,Goldman Sachs,150.04638372087595,151.4515944419317,148.43079904336267,151.38427734375,2911800
2019-01-16,Goldman Sachs,157.35014577067605,166.73224825706092,156.17212842474092,165.8319091796875,15194200
2019-01-17,Goldman Sachs,164.8810579704746,168.12062464272165,162.25575506771173,167.523193359375,8177000
2019-01-18,Goldman Sachs,168.60869765292233,170.8132787179061,165.68888343783152,170.42620849609375,5650900
2019-01-22,Goldman Sachs,168.70964139683073,169.52584368161533,164.85582360873065,166.33676147460938,4648500
2019-01-23,Goldman Sachs,166.22735125129677,166.6817255983517,163.68618545416308,165.68040466308594,3410700
2019-01-24,Goldman Sachs,165.10824499744453,168.01963585107902,164.72117486829788,166.43772888183594,2631800
2019-01-25,Goldman Sachs,168.14588811215344,169.29025336444408,167.80089271975535,168.91160583496094,3275000
2019-01-28,Goldman Sachs,166.59764891943937,168.34785552173074,165.84876361340667,168.0533447265625,2369600
2019-01-29,Goldman Sachs,167.44748876100763,169.94658044956975,166.49665217852206,168.70965576171875,2694100
2019-01-30,Goldman Sachs,169.0462330127249,171.05728530738529,167.99442715067605,170.37571716308594,2773300
2019-01-31,Goldman Sachs,168.37306989303715,170.26632024637973,165.72251169470215,166.61444091796875,5604500
2019-02-01,Goldman Sachs,166.60597098935634,167.9859391243782,165.37745666503906,165.37745666503906,3174200
2019-02-04,Goldman Sachs,164.7548503203315,166.40407449692748,163.90498308251725,166.37042236328125,2400200
2019-02-05,Goldman Sachs,166.7070003377092,167.72515395485405,165.6467847620306,166.61444091796875,2601000
2019-02-06,Goldman Sachs,165.9160158127755,167.4979355381591,164.78007347247404,165.44480895996094,2063100
2019-02-07,Goldman Sachs,164.31728787015098,164.8221597272358,160.75798107991952,162.45770263671875,2948800
2019-02-08,Goldman Sachs,161.32179892920016,162.07909411740027,158.37674211375491,161.27972412109375,2757500
2019-02-11,Goldman Sachs,162.2978637263233,162.66810146204915,160.77485081843736,160.99362182617188,2056500
2019-02-12,Goldman Sachs,162.44082971285266,164.62857725694346,162.3987549286656,163.6525115966797,2392900
2019-02-13,Goldman Sachs,164.85578908069047,167.262320633351,163.74508912376714,163.82081604003906,2757300
2019-02-14,Goldman Sachs,161.73407082283524,163.34964290019425,159.40326570586402,162.00332641601562,2865000
2019-02-15,Goldman Sachs,162.57551249097307,167.35491152892067,162.48295307385803,167.02674865722656,3065400
2019-02-19,Goldman Sachs,165.4784856495222,167.49794740159604,164.59496631820565,167.16978454589844,2558200
2019-02-20,Goldman Sachs,167.22029521368398,167.69992483718835,166.19373169195612,167.1109161376953,2266000
2019-02-21,Goldman Sachs,167.42227622169884,167.8261661387127,164.1238140806561,165.22610473632812,2785900
2019-02-22,Goldman Sachs,165.4279827638933,166.39563873835974,164.24995283908282,164.92311096191406,2626600
2019-02-25,Goldman Sachs,166.6060202818617,169.551076195935,166.362007012614,167.1529541015625,3032200
2019-02-26,Goldman Sachs,167.001542460253,168.76015892630463,165.38597006259798,167.3633575439453,2499800
2019-02-27,Goldman Sachs,167.70133536352506,168.87566661691812,166.5354478992639,167.3634033203125,1804200
2019-02-28,Goldman Sachs,167.31261265463047,167.61675648778117,165.59758331225345,166.18052673339844,2964300
2019-03-01,Goldman Sachs,167.91245038680105,170.18507882193566,166.797252075666,167.44778442382812,2580500
2019-03-04,Goldman Sachs,167.96315648889325,169.6697421631051,164.02618684979342,165.57225036621094,2683600
2019-03-05,Goldman Sachs,165.4624358652592,165.74122259157178,163.05462918962752,165.5891571044922,2338600
2019-03-06,Goldman Sachs,165.50463515598173,166.9070767538114,164.34720509421558,164.52462768554688,2247500
2019-03-07,Goldman Sachs,163.16446491418984,163.43480785838588,160.5876922566803,162.86032104492188,3567800
2019-03-08,Goldman Sachs,160.8580640846579,165.39487869014442,160.27513338089238,164.94711303710938,3162700
2019-03-11,Goldman Sachs,166.62830933538055,168.09834016152695,165.36104538254676,165.56381225585938,2669000
2019-03-12,Goldman Sachs,165.58917440043507,166.77194906107025,165.32727521781422,166.12142944335938,1977400
2019-03-13,Goldman Sachs,167.06765453111385,168.0645627925888,166.02850155370174,166.64523315429688,1904500
2019-03-14,Goldman Sachs,166.7043334650739,167.70124145822314,166.18052233274014,166.8310546875,1482300
2019-03-15,Goldman Sachs,166.56918542797465,167.99697161588102,166.30728626049384,167.49850463867188,2985200
2019-03-18,Goldman Sachs,168.2757282032998,172.22115414550458,168.05607378731688,171.05526733398438,3354900
2019-03-19,Goldman Sachs,173.09135020656987,174.41774634061068,169.6274905062608,169.91473388671875,3284900
2019-03-20,Goldman Sachs,169.24729855842264,169.24729855842264,163.8740997749489,164.1697998046875,5033500
2019-03-21,Goldman Sachs,162.97012314106254,165.2089636388575,161.99855936267227,164.38946533203125,4031500
2019-03-22,Goldman Sachs,162.7758230772723,163.65446660514843,158.64454325653224,159.64146423339844,5703100
2019-03-25,Goldman Sachs,159.95402272486717,161.74508459499702,157.5631170426295,159.26124572753906,3751000
2019-03-26,Goldman Sachs,160.5454433748223,162.5561729522568,159.41335734856733,161.10304260253906,2910100
2019-03-27,Goldman Sachs,161.02703776003807,161.8803243202776,159.4556296859265,160.54547119140625,2343800
2019-03-28,Goldman Sachs,161.14529360807919,162.13375797331884,159.9202614380674,161.5170135498047,2343400
2019-03-29,Goldman Sachs,162.7842243616053,163.14751329018728,161.48317276240252,162.2012939453125,2632800
2019-04-01,Goldman Sachs,163.8994668110489,167.35487000197372,163.56997870785295,166.21434020996094,3562600
2019-04-02,Goldman Sachs,165.79193291296193,167.0760845106437,165.08225526118628,166.85643005371094,2247000
2019-04-03,Goldman Sachs,168.33490166528645,169.88940908111235,167.73505769860878,169.69509887695312,3227900
2019-04-04,Goldman Sachs,169.64440501401756,172.5928975828283,169.39094964327873,170.85252380371094,2582300
2019-04-05,Goldman Sachs,171.82407530544376,173.61513731703477,170.70887699472001,170.97923278808594,2447100
2019-04-08,Goldman Sachs,171.32566687816114,172.03534463224773,169.96546944547256,171.1144561767578,1891500
2019-04-09,Goldman Sachs,170.00764874027578,170.3117925489046,168.00537618671214,169.49229431152344,2400900
2019-04-10,Goldman Sachs,170.48920661265495,171.64663662782004,169.196598713468,171.48611450195312,1907100
2019-04-11,Goldman Sachs,172.54224131540715,173.57295056199834,170.29496926632888,171.35946655273438,2802100
2019-04-12,Goldman Sachs,174.88242208612846,177.391605695188,174.35016711109301,175.5920867919922,5096600
2019-04-15,Goldman Sachs,172.4408228995637,173.8179204571649,168.715063954827,168.89248657226562,6617200
2019-04-16,Goldman Sachs,168.64750411086345,171.4523882034143,168.3264726348234,170.52305603027344,4852600
2019-04-17,Goldman Sachs,170.62440730522547,176.1496719176768,170.47232894255336,175.64276123046875,4195300
2019-04-18,Goldman Sachs,174.95844061412436,175.60897298728725,173.31944400425323,173.96153259277344,2874300
2019-04-22,Goldman Sachs,173.29412152159355,173.6911986013258,172.46617932804108,172.8548126220703,1591400
2019-04-23,Goldman Sachs,172.5591044681403,173.35325859047535,171.28339675772943,172.46617126464844,2120900
2019-04-24,Goldman Sachs,171.50304685020586,171.94236860932986,168.7404079539485,169.4247283935547,4606100
2019-04-25,Goldman Sachs,168.71507621210313,171.13132672945886,168.20817835210545,170.15130615234375,2075300
2019-04-26,Goldman Sachs,170.43009029345689,171.60442096565694,169.2388720513509,171.5706329345703,1543100
2019-04-29,Goldman Sachs,171.9255043744394,175.72729685446387,171.73119414612927,174.8148651123047,2997000
2019-04-30,Goldman Sachs,174.83175968883114,175.71884714921447,172.47464121149045,173.9700164794922,1833000
2019-05-01,Goldman Sachs,174.37556193897078,176.0737043456971,172.37328847689182,172.9646759033203,1981800
2019-05-02,Goldman Sachs,172.7111425178269,174.22341778068636,171.60440092830328,173.18426513671875,1514700
2019-05-03,Goldman Sachs,174.04601105204662,176.36088430607253,173.75876767570546,175.3217315673828,1897600
2019-05-06,Goldman Sachs,171.33403360409022,174.86546848969215,170.41315852334958,174.4008026123047,1927800
2019-05-07,Goldman Sachs,171.79029123211083,172.34789044215321,169.82180642667637,171.19046020507812,2839500
2019-05-08,Goldman Sachs,170.1513406352937,171.6720603060283,169.64444267256786,169.7711639404297,1817600
2019-05-09,Goldman Sachs,168.55453655718952,170.84406559482932,167.20279617949436,170.34561157226562,2333400
2019-05-10,Goldman Sachs,169.7964820946453,170.74271468392317,168.1152533734663,170.70046997070312,2089400
2019-05-13,Goldman Sachs,167.19434626630533,167.19434626630533,163.89946526541777,164.71896362304688,3605600
2019-05-14,Goldman Sachs,164.73585760779466,167.38866276585094,164.659811979014,165.82569885253906,2463300
2019-05-15,Goldman Sachs,164.44015994093178,166.9324429840646,163.40945095773384,165.9270782470703,2271100
2019-05-16,Goldman Sachs,166.12142335197237,168.96853911078054,166.11296667459987,168.24197387695312,2008100
2019-05-17,Goldman Sachs,165.84257799422141,168.19968279282315,165.84257799422141,166.7972412109375,1928300
2019-05-20,Goldman Sachs,166.51001515026434,167.09295857259463,165.22586375548306,166.63674926757812,2483400
2019-05-21,Goldman Sachs,167.83642194632316,168.39402111615058,167.27882277649573,168.2165985107422,2327600
2019-05-22,Goldman Sachs,166.80568965123499,167.6843200968435,165.1329052673477,165.18359375,2427200
2019-05-23,Goldman Sachs,163.05463516018588,163.05463516018588,160.14837431545197,162.1844482421875,3184100
2019-05-24,Goldman Sachs,162.96167801044172,163.95859891713303,161.9394128586991,163.0546112060547,1637200
2019-05-28,Goldman Sachs,162.2097613075648,163.31650292888241,160.00472184913914,160.04696655273438,3040000
2019-05-29,Goldman Sachs,159.32563504043821,160.0978970836697,156.93243463240796,159.58871459960938,2815800
2019-05-30,Goldman Sachs,159.62268717870808,160.70895890349342,157.85749238858676,159.01165771484375,1919300
2019-05-31,Goldman Sachs,156.80517687189993,156.90701080132175,154.71749067308818,154.87025451660156,2640100
2019-06-03,Goldman Sachs,154.19983073707098,155.7189227529255,153.37663851605083,155.46432495117188,2857800
2019-06-04,Goldman Sachs,158.00172211453682,161.23509095172042,157.602868347895,161.14173889160156,2420800
2019-06-05,Goldman Sachs,161.32844045589405,161.37935740617453,158.70610097205676,159.919677734375,1967800
2019-06-06,Goldman Sachs,159.59719816978347,161.8715880612166,158.9607103457844,161.08233642578125,1653500
2019-06-07,Goldman Sachs,161.14174817172258,161.76125936125584,159.98758306622918,161.08233642578125,1838600
2019-06-10,Goldman Sachs,162.43164536347314,167.18409172944055,162.43164536347314,164.73997497558594,2372000
2019-06-11,Goldman Sachs,165.74145798516625,166.43734471500193,164.22236622169797,165.25772094726562,1632200
2019-06-12,Goldman Sachs,164.3072069747964,164.68061522840748,161.0993094496868,161.43028259277344,2059400
2019-06-13,Goldman Sachs,161.59153035046828,163.15304402286242,161.3029923141433,162.47412109375,1411400
2019-06-14,Goldman Sachs,162.33833428681274,163.08515080547065,160.65801006921032,162.65234375,1403900
2019-06-17,Goldman Sachs,162.95784828650883,163.98470798642225,161.87157684477086,161.9479522705078,1155600
2019-06-18,Goldman Sachs,161.8121376981408,167.29442387820873,161.8121376981408,165.46981811523438,2363000
2019-06-19,Goldman Sachs,165.78386533673944,167.70181063122038,165.30861022231346,166.02996826171875,2196800
2019-06-20,Goldman Sachs,167.60849100554017,168.1940619827262,164.30724073864678,166.08091735839844,2749300
2019-06-21,Goldman Sachs,165.7753961624931,168.32134782529147,164.61274904695006,166.2845916748047,3365500
2019-06-24,Goldman Sachs,166.78526548754698,169.1784658801997,166.36094027886767,167.5999755859375,2069800
2019-06-25,Goldman Sachs,167.6084262433742,167.62540287438847,164.64663217608327,166.38636779785156,1828300
2019-06-26,Goldman Sachs,166.75981986867728,167.9224668863015,166.43732854141504,167.192626953125,1649900
2019-06-27,Goldman Sachs,167.66784658880738,169.399087509299,166.98042896586304,169.15298461914062,2239200
2019-06-28,Goldman Sachs,172.70039032965695,174.68622954795512,172.22514808418867,173.6339111328125,4854900
2019-07-01,Goldman Sachs,176.51927976686494,178.08928815608073,174.60133456194308,175.55181884765625,2465700
2019-07-02,Goldman Sachs,174.31283479000857,175.0851099736754,173.26051629298482,174.8050537109375,1621400
2019-07-03,Goldman Sachs,175.9252496805858,176.01010696020631,174.1685369454543,174.85594177246094,978800
2019-07-05,Goldman Sachs,175.5518269826024,177.16425760621004,174.99171459569027,176.43441772460938,1511400
2019-07-08,Goldman Sachs,175.12752536810902,175.882823828214,173.72725716153246,174.60984802246094,1853900
2019-07-09,Goldman Sachs,172.91251845658348,176.4683656933088,172.7342961754175,176.3240966796875,1812100
2019-07-10,Goldman Sachs,175.8233684324997,177.35943640097514,174.52493446887578,174.7965087890625,1779800
2019-07-11,Goldman Sachs,174.99171667093916,180.41459241909695,174.8219891742378,179.36227416992188,3691600
2019-07-12,Goldman Sachs,179.91387321611109,181.77241954434757,178.88700060050095,181.5602569580078,2626000
2019-07-15,Goldman Sachs,181.7045800946365,182.12042354952243,178.03840329478936,179.5574951171875,2600200
2019-07-16,Goldman Sachs,182.29012418795062,184.43720884866298,180.380660623725,182.90115356445312,5283700
2019-07-17,Goldman Sachs,181.4669193029013,183.12178501780292,180.8983250803134,181.0171356201172,2583500
2019-07-18,Goldman Sachs,180.51645018869004,183.16423555554564,179.70174002614593,182.05250549316406,2858100
2019-07-19,Goldman Sachs,181.62815208057654,183.1132901975554,181.05955789828698,181.20382690429688,1822300
2019-07-22,Goldman Sachs,181.10201057758633,182.34104599886373,180.1769846452522,181.6112060546875,1907100
2019-07-23,Goldman Sachs,182.41736515383798,186.7030514241305,182.41736515383798,186.2193145751953,3330600
2019-07-24,Goldman Sachs,186.06661033933298,188.47677449881954,185.54045120646177,188.4258575439453,3180000
2019-07-25,Goldman Sachs,188.20518753557837,188.20518753557837,185.20095811212562,186.68609619140625,2776700
2019-07-26,Goldman Sachs,187.08497433750836,188.60406577468925,187.0170807529449,188.51919555664062,2304500
2019-07-29,Goldman Sachs,187.55174649135128,188.5107256285243,186.8728235521857,186.97467041015625,1372800
2019-07-30,Goldman Sachs,185.42161174450024,188.39188784312964,184.4371742725328,187.89117431640625,1644600
2019-07-31,Goldman Sachs,187.7554333191581,188.38342637492266,185.86293346086526,186.8134307861328,1991100
2019-08-01,Goldman Sachs,186.15147306656314,186.66065554417654,178.8615561853839,179.57443237304688,3070100
2019-08-02,Goldman Sachs,179.55748446804606,179.55748446804606,174.23644190719972,177.6819610595703,2503000
2019-08-05,Goldman Sachs,174.66924817586005,174.66924817586005,169.37366451383406,171.15582275390625,2794200
2019-08-06,Goldman Sachs,172.75125368255073,174.88137423161567,170.485358926472,174.8304443359375,2349400
2019-08-07,Goldman Sachs,170.6721080508284,174.78806828768492,168.92389003661864,174.6013641357422,2454200
2019-08-08,Goldman Sachs,175.81489278596337,176.34954665430962,172.73428784835193,175.67062377929688,2342200
2019-08-09,Goldman Sachs,174.49951329790224,176.77390339284656,173.00589306571217,175.58578491210938,1790100
2019-08-12,Goldman Sachs,172.51368563869448,173.25200748567872,170.13746146927792,171.0200653076172,1479300
2019-08-13,Goldman Sachs,171.01155169209156,175.33119242956082,169.9252801255261,173.21804809570312,2115900
2019-08-14,Goldman Sachs,169.56036452186498,169.6537165904533,165.53775667911967,165.9620819091797,3025100
2019-08-15,Goldman Sachs,166.25912441841754,167.15869188655668,164.392095887456,166.48825073242188,1981900
2019-08-16,Goldman Sachs,167.20962538004216,170.29871302201323,167.18416689819085,169.23789978027344,1878700
2019-08-19,Goldman Sachs,172.9634192044817,173.50655488991612,171.27461335960612,171.5970916748047,1646100
2019-08-20,Goldman Sachs,169.90830316461293,171.41889984851218,169.47548317076235,169.71310424804688,1545600
2019-08-21,Goldman Sachs,172.05542099071945,172.29304211404747,169.87438281306882,170.30718994140625,1160800
2019-08-22,Goldman Sachs,171.6650181860384,172.65793769445094,170.50237117137544,171.78382873535156,1275900
2019-08-23,Goldman Sachs,170.41748204694306,171.32554417622993,165.64807101845207,166.5052032470703,2200500
2019-08-26,Goldman Sachs,168.2619157061554,169.4839743342452,168.0327764760443,169.43304443359375,1441900
2019-08-27,Goldman Sachs,170.0101543089815,170.4599380329782,166.7598213765712,168.0922088623047,1513300
2019-08-28,Goldman Sachs,166.81922095373358,170.97760287382653,166.54764660089953,170.08651733398438,1437800
2019-08-29,Goldman Sachs,171.95671371329794,174.52717836427976,171.95671371329794,173.7329864501953,1816800
2019-08-30,Goldman Sachs,174.9371243019019,175.24455642123513,173.36579734161546,174.13438415527344,1529600
2019-09-03,Goldman Sachs,171.73470004184838,172.1702234182593,167.8747221484644,169.9157257080078,2633600
2019-09-04,Goldman Sachs,172.0677437821487,172.58867001108013,170.838015436432,172.27268981933594,1720600
2019-09-05,Goldman Sachs,175.2957796340853,178.42132407437362,175.09935563479863,176.81585693359375,2237900
2019-09-06,Goldman Sachs,176.8244103272858,177.84064466743226,175.55199340613606,176.9525146484375,1438800
2019-09-09,Goldman Sachs,178.66895436565812,182.6484877601299,178.0028537754165,181.0259246826172,2734500
2019-09-10,Goldman Sachs,182.32401566907697,185.38978873025496,182.0849032483564,184.1429901123047,2615800
2019-09-11,Goldman Sachs,183.7843310553688,185.18485231997008,182.20446895055963,185.14215087890625,1886300
2019-09-12,Goldman Sachs,184.78348830499996,188.52389750734324,183.73308754902308,186.7988739013672,2913800
2019-09-13,Goldman Sachs,188.17372856367479,189.1557963346431,187.19164776205906,187.7894287109375,2722400
2019-09-16,Goldman Sachs,186.01318461648128,187.3026845592109,184.73221974850472,185.50079345703125,2205500
2019-09-17,Goldman Sachs,184.28815738739368,184.5785063111298,181.50418526377953,184.38209533691406,2429100
2019-09-18,Goldman Sachs,183.4597633043098,186.0729291704669,182.15318037123126,185.38121032714844,2474900
2019-09-19,Goldman Sachs,185.80825737622192,186.10714141156063,183.65623238078976,183.80140686035156,1596200
2019-09-20,Goldman Sachs,183.31461808138263,185.03964141247658,182.43502323544055,182.52896118164062,5458900
2019-09-23,Goldman Sachs,181.76894491016526,182.84495085582066,180.66730767543805,182.2898712158203,1485500
2019-09-24,Goldman Sachs,182.78515795237362,182.92179734486567,176.60237529457947,177.4136505126953,2837600
2019-09-25,Goldman Sachs,177.59299285414664,180.26593095275695,177.15745641570632,179.3607177734375,1593400
2019-09-26,Goldman Sachs,178.52381987777164,179.30947682588473,177.7210797482117,177.8150177001953,1685500
2019-09-27,Goldman Sachs,179.2069783627196,179.80475932201932,177.70397134431167,178.45547485351562,1530900
2019-09-30,Goldman Sachs,179.08742996471958,179.08742996471958,176.6279733043969,176.9695587158203,1794500
2019-10-01,Goldman Sachs,176.78170164943745,178.8056351710536,173.02420960118778,173.092529296875,3156200
2019-10-02,Goldman Sachs,172.23855459730495,172.4008122475684,168.74579318613286,169.30087280273438,3386800
2019-10-03,Goldman Sachs,168.75432167416656,169.40333921923545,165.66293045622245,168.4383544921875,2914500
2019-10-04,Goldman Sachs,168.22485167190203,171.84570404196197,167.4135634940362,171.47850036621094,3021100
2019-10-07,Goldman Sachs,171.4699827782593,172.95590698724988,170.34274026471368,171.13693237304688,2202200
2019-10-08,Goldman Sachs,168.7457556351476,169.89861605092398,167.3110683900288,168.54933166503906,2654900
2019-10-09,Goldman Sachs,169.24964179610868,169.92427764580972,167.9601286582489,168.10531616210938,2443500
2019-10-10,Goldman Sachs,168.7372150007308,171.9225567559826,168.69451356922352,170.6842803955078,2108000
2019-10-11,Goldman Sachs,173.9721056938331,177.02079523443558,173.9721056938331,174.7919158935547,3334300
2019-10-14,Goldman Sachs,174.06606937565581,176.06437169244455,173.2889474644657,175.76548767089844,2286100
2019-10-15,Goldman Sachs,172.5032704108469,177.8320889997204,169.6082903048809,176.31201171875,8241900
2019-10-16,Goldman Sachs,176.0643499535977,178.15658996868996,176.0045783689286,177.13182067871094,3405800
2019-10-17,Goldman Sachs,177.87477740451118,178.4213218984483,174.5442739306206,176.31201171875,2876500
2019-10-18,Goldman Sachs,175.05666757945312,177.67836896034024,175.05666757945312,176.36325073242188,2207000
2019-10-21,Goldman Sachs,178.1993025844959,180.06951349713978,177.35386102612765,178.69461059570312,1934900
2019-10-22,Goldman Sachs,178.98495165028314,180.74414135335556,177.89186264972068,178.99349975585938,1868000
2019-10-23,Goldman Sachs,178.66901545121954,181.060152940939,178.48113952505685,180.46237182617188,1574500
2019-10-24,Goldman Sachs,180.7099905627063,182.02510880570526,179.14721180619298,180.2317657470703,1266500
2019-10-25,Goldman Sachs,179.48879512582334,183.96363719069836,179.48879512582334,182.94740295410156,2602100
2019-10-28,Goldman Sachs,184.73224972486153,186.95258137125663,184.1942402232015,185.95343017578125,2707800
2019-10-29,Goldman Sachs,185.50082840338757,187.2600184019174,184.8432626653664,185.8594970703125,2030800
2019-10-30,Goldman Sachs,185.33000933607076,185.35562759216563,182.58873865807848,184.29669189453125,1584900
2019-10-31,Goldman Sachs,183.73308703726474,183.91242788287005,180.46236764987677,182.2215576171875,1876200
2019-11-01,Goldman Sachs,183.82699131672157,186.0729538601256,183.39146795812218,185.64596557617188,2112300
2019-11-04,Goldman Sachs,187.618650009524,188.4640915056985,186.65366534530486,187.76382446289062,2538100
2019-11-05,Goldman Sachs,188.5580324915541,189.394925895906,186.56826548569765,186.71343994140625,2525100
2019-11-06,Goldman Sachs,186.17540972495297,187.08063574927527,184.92861134784658,186.52554321289062,1863000
2019-11-07,Goldman Sachs,188.53242129167586,191.94832775800904,188.2249891884799,190.68443298339844,3748600
2019-11-08,Goldman Sachs,190.4367485520545,190.63315948718187,188.81419850759158,190.35989379882812,1610800
2019-11-11,Goldman Sachs,188.64347176858473,189.0790082804982,186.61101582537913,187.04653930664062,2754500
2019-11-12,Goldman Sachs,186.64512887788618,188.8227718754651,186.1071194348969,188.22499084472656,1891600
2019-11-13,Goldman Sachs,186.49996909547312,187.7382326917526,185.32147709164772,187.29417419433594,1756000
2019-11-14,Goldman Sachs,186.84150185759472,188.27618907026482,186.19248444629545,187.38804626464844,1483100
2019-11-15,Goldman Sachs,187.8748237531924,188.80565497988707,187.0550006069666,188.08831787109375,1693100
2019-11-18,Goldman Sachs,187.644287109375,187.83216301628224,186.20106447479216,187.644287109375,1603400
2019-11-19,Goldman Sachs,188.3530680419383,188.45554105935983,186.43162078139514,187.90899658203125,1817100
2019-11-20,Goldman Sachs,186.47434426446435,187.42225887964068,184.8005442749941,186.09005737304688,2177700
2019-11-21,Goldman Sachs,186.67924611982588,187.29411016984136,185.1591691713559,186.36326599121094,1677700
2019-11-22,Goldman Sachs,186.16691735469064,188.48119990483363,186.16691735469064,188.11398315429688,1529100
2019-11-25,Goldman Sachs,188.6348697800946,191.24803580204076,188.6348697800946,190.2232666015625,2181800
2019-11-26,Goldman Sachs,190.16351303052528,190.23183272579482,188.8227764739777,189.96710205078125,1926300
2019-11-27,Goldman Sachs,190.8210311848856,191.52983318734832,189.4632117849294,190.39404296875,1614600
2019-11-29,Goldman Sachs,189.68988802799143,190.65173040246944,189.28625493781882,190.09352111816406,770400
2019-12-02,Goldman Sachs,189.76715638138631,190.47995488978327,186.4264580131874,186.90737915039062,2118500
2019-12-03,Goldman Sachs,185.0094620860322,185.0094620860322,180.34623013954416,182.26992797851562,3207100
2019-12-04,Goldman Sachs,183.3863562446785,186.34919780850376,182.39016792745798,185.4474639892578,1583600
2019-12-05,Goldman Sachs,186.4866105431802,186.8988399900136,185.00090458623353,186.47802734375,1329300
2019-12-06,Goldman Sachs,188.89121633705793,193.57162809823183,187.92079070627116,192.8931884765625,4229400
2019-12-09,Goldman Sachs,192.893144020485,192.92748991194534,190.45417949916467,190.488525390625,2134600
2019-12-10,Goldman Sachs,190.3683387880333,191.40748242471844,189.4064963570734,190.54869079589844,1854100
2019-12-11,Goldman Sachs,190.86644805209858,191.38172829411255,189.65554865625035,189.9561309814453,1778600
2019-12-12,Goldman Sachs,190.57442548085822,194.75673590506855,189.44941070914714,194.12982177734375,2974300
2019-12-13,Goldman Sachs,194.70522618938858,195.79589515463036,192.11167197363142,193.2281036376953,1908200
2019-12-16,Goldman Sachs,196.23387129421153,198.12321010379148,195.69282841855048,195.8388214111328,3218400
2019-12-17,Goldman Sachs,197.52208415194335,199.2997891992889,196.49153676849653,198.5096893310547,3590000
2019-12-18,Goldman Sachs,199.213859754788,199.41137812513355,197.47051410667345,197.9084930419922,2280800
2019-12-19,Goldman Sachs,198.33791004467432,198.71578043132183,196.62892321068142,197.4705352783203,2418100
2019-12-20,Goldman Sachs,198.34649297690294,198.62988264366652,196.33691088374988,196.60313415527344,3715500
2019-12-23,Goldman Sachs,197.23008758419422,197.9342899019865,196.1565980538058,196.74057006835938,1670400
2019-12-24,Goldman Sachs,196.64608024907488,197.479109078873,196.12221689326492,197.44476318359375,467700
2019-12-26,Goldman Sachs,197.74532533887285,199.4113829393506,197.51346106969828,198.56118774414062,1704000
2019-12-27,Goldman Sachs,199.07647225387652,199.41999674522623,197.9256946921238,198.0888671875,1343900
2019-12-30,Goldman Sachs,198.9647998008964,198.9647998008964,197.09264070206896,197.35028076171875,1494500
2019-12-31,Goldman Sachs,197.27302248551206,197.49630358208634,196.37987189097547,197.46194458007812,1447200
2020-01-02,Goldman Sachs,198.38086123853537,201.50686216418993,197.65947943356588,201.2320556640625,3736300
2020-01-03,Goldman Sachs,198.8961620470203,199.76353694254797,197.77973022132997,198.8789825439453,2274500
2020-01-06,Goldman Sachs,197.46196049132146,200.97442834692401,197.0841031676223,200.914306640625,3329300
2020-01-07,Goldman Sachs,201.81600385095047,204.1948599910276,201.60988917208815,202.23681640625,5255200
2020-01-08,Goldman Sachs,202.4000063811838,205.89529462793192,202.22825067489387,204.18629455566406,3564700
2020-01-09,Goldman Sachs,207.2607487371698,209.02985722672625,205.95539502114158,208.34283447265625,3980700
2020-01-10,Goldman Sachs,208.47165366866074,209.02127974943085,207.30369660900934,207.92202758789062,2248100
2020-01-13,Goldman Sachs,209.92300115273105,211.3571814180033,208.68633926781834,210.5842742919922,3359200
2020-01-14,Goldman Sachs,210.67871718754404,213.42684710737046,210.06038631756846,210.970703125,4302800
2020-01-15,Goldman Sachs,207.82754774819767,214.26848414535257,205.3885829774635,210.5842742919922,5411200
2020-01-16,Goldman Sachs,212.13009710065447,214.54331237558944,211.46024073666,214.45742797851562,3968400
2020-01-17,Goldman Sachs,214.89540617759144,215.092937669324,212.9803046876582,214.23414611816406,3108400
2020-01-21,Goldman Sachs,212.3018955087955,213.71031333007983,210.91924038940311,211.00511169433594,2492400
2020-01-22,Goldman Sachs,211.7866040740243,213.42689922980037,211.55472666512583,212.1644744873047,2030900
2020-01-23,Goldman Sachs,209.97452690018613,212.12150570284655,208.5832888293802,210.9020233154297,2806800
2020-01-24,Goldman Sachs,210.46409771366484,211.01372390232143,206.62529759297257,207.75889587402344,2877400
2020-01-27,Goldman Sachs,202.99258459794925,205.24262770358646,201.82462739249607,204.5126495361328,2506200
2020-01-28,Goldman Sachs,205.67202049483728,209.18447525844311,204.43535840101987,208.32568359375,3123000
2020-01-29,Goldman Sachs,209.99171873115196,211.69212237355896,205.74070307307477,206.21302795410156,3711600
2020-01-30,Goldman Sachs,204.12610498650915,209.8370618560899,203.301659577574,209.65672302246094,3261700
2020-01-31,Goldman Sachs,207.8189849759796,208.5918921779559,203.43055935523677,204.17770385742188,3482800
2020-02-03,Goldman Sachs,204.70161722294074,208.1625471835724,204.43539385737265,205.25982666015625,2733000
2020-02-04,Goldman Sachs,208.583267018609,209.32182817366035,207.4410728425344,207.7760009765625,3052500
2020-02-05,Goldman Sachs,210.39536372468137,210.51559402732994,208.68636368320804,209.80279541015625,3126600
2020-02-06,Goldman Sachs,210.70450667893428,211.06519754827275,207.12333447482763,207.6729736328125,2225600
2020-02-07,Goldman Sachs,205.89528027702778,206.55655345947974,203.14714985557228,204.39239501953125,3006500
2020-02-10,Goldman Sachs,203.8770888127544,204.28072185015532,202.2110443759609,203.84274291992188,2591300
2020-02-11,Goldman Sachs,205.2511794973918,205.7235174685234,202.86374004780185,203.06985473632812,2238800
2020-02-12,Goldman Sachs,204.4009964253433,207.12336439035886,204.1519526120151,204.95062255859375,2119200
2020-02-13,Goldman Sachs,204.26358211617415,205.2254244904383,203.16432994440956,204.69297790527344,1461300
2020-02-14,Goldman Sachs,204.3408561524699,205.2597562637704,202.8723168889884,203.602294921875,1718700
2020-02-18,Goldman Sachs,203.14713863564117,203.59371389950041,198.5525987176915,200.27877807617188,2736500
2020-02-19,Goldman Sachs,201.8160003379269,204.22061913298967,200.338877925422,203.81698608398438,2207100
2020-02-20,Goldman Sachs,203.02690623623576,203.44770569408487,198.59553885136387,199.86654663085938,3183700
2020-02-21,Goldman Sachs,198.3035612840065,199.06788524446225,196.1222233940861,198.05450439453125,3081600
2020-02-24,Goldman Sachs,191.7080235577355,194.67944792411666,191.11545532396883,192.83303833007812,4139400
2020-02-25,Goldman Sachs,193.03914014991713,193.97521968090584,185.40448472047203,186.88160705566406,5343100
2020-02-26,Goldman Sachs,187.81771313886483,188.93414479712627,184.43407226720265,185.31004333496094,4171100
2020-02-27,Goldman Sachs,180.76703849616405,183.33481684998225,176.3700168391668,176.64483642578125,5848200
2020-02-28,Goldman Sachs,172.02220253522893,174.75257975143458,168.35867110591906,173.4738006591797,6727100
2020-03-02,Goldman Sachs,174.02680167186236,181.12058315591165,170.76072210320223,180.99098205566406,5285500
2020-03-03,Goldman Sachs,180.58487871426226,182.99555143765892,174.64026221992626,175.77215576171875,5677200
2020-03-04,Goldman Sachs,177.85446833118255,180.5157202640775,175.14137596846487,180.36019897460938,3520400
2020-03-05,Goldman Sachs,173.95766033849645,175.80671057225862,170.17315035610133,171.7629852294922,4151500
2020-03-06,Goldman Sachs,164.75560107737408,169.61152840651698,163.54594697217317,166.63058471679688,5071900
2020-03-09,Goldman Sachs,149.98050197786105,154.87962147677462,147.02547814601996,149.315185546875,6443000
2020-03-10,Goldman Sachs,156.92736404849083,160.1934430072466,149.72988984405063,159.2862091064453,6803900
2020-03-11,Goldman Sachs,154.21431638328454,156.19298127974787,147.7253613371296,148.52027893066406,5314000
2020-03-12,Goldman Sachs,138.246806773169,144.07909393391208,129.60638134984595,130.1939239501953,8357700
2020-03-13,Goldman Sachs,140.6833963616741,153.4193734850539,131.63687096319322,153.0823974609375,6368400
2020-03-16,Goldman Sachs,129.80508265385882,146.4897388505147,129.6063565986615,133.63279724121094,6888000
2020-03-17,Goldman Sachs,135.65467629911996,144.07045523113794,129.60637862973246,137.09762573242188,6876300
2020-03-18,Goldman Sachs,129.60639528718986,134.76473087435957,117.00001640314117,120.9832534790039,9543200
2020-03-19,Goldman Sachs,118.70212781891982,131.7578066662446,113.05993301467096,129.16567993164062,6548200
2020-03-20,Goldman Sachs,128.7336796962044,128.90648553636802,119.4884156286852,119.59210968017578,7561300
2020-03-23,Goldman Sachs,117.53569491086718,122.64218901941167,115.14229360239551,116.61981201171875,5472600
2020-03-24,Goldman Sachs,124.69856345501282,132.97607525416421,124.10237229053682,132.7168731689453,6647400
2020-03-25,Goldman Sachs,133.58099888021326,140.15636396997363,125.56268414796405,134.0389404296875,8587800
2020-03-26,Goldman Sachs,135.1103387250781,144.86538717647858,133.33041305771556,143.24961853027344,6762200
2020-03-27,Goldman Sachs,137.45188093031956,141.46967323626302,135.65467096850043,136.81248474121094,4186700
2020-03-30,Goldman Sachs,136.9679879024393,138.6182986611378,132.35399204034118,137.91842651367188,4152800
2020-03-31,Goldman Sachs,136.63104448759276,139.19725176251708,132.82061390552423,133.57232666015625,3588200
2020-04-01,Goldman Sachs,126.23662107072975,129.23484975596682,125.28616899773938,125.53673553466797,4689100
2020-04-02,Goldman Sachs,123.57538875085905,129.99521958498875,122.40892585004582,129.54591369628906,4446900
2020-04-03,Goldman Sachs,128.91513065973572,130.40128472566892,125.48488108497337,126.95375061035156,2801600
2020-04-06,Goldman Sachs,134.33265526345232,137.32223418993402,132.86378601405318,136.7174072265625,4689400
2020-04-07,Goldman Sachs,143.4310339423951,146.14412646670692,140.3636808808753,143.4483184814453,4953500
2020-04-08,Goldman Sachs,145.63436968641915,153.8859784064679,145.63436968641915,152.90097045898438,5194800
2020-04-09,Goldman Sachs,156.0287656110486,161.86105134144702,155.32889343287914,159.20843505859375,6445800
2020-04-13,Goldman Sachs,158.85418090902436,159.8219040586377,154.77590022959797,154.819091796875,4774300
2020-04-14,Goldman Sachs,157.5581706908579,158.44813349890796,150.8099870254269,153.99830627441406,4149600
2020-04-15,Goldman Sachs,147.4315760494147,156.97923513061232,146.15278365627927,154.24887084960938,6042700
2020-04-16,Goldman Sachs,153.125581470948,154.1797141592938,148.95225547054397,152.9700469970703,4662200
2020-04-17,Goldman Sachs,158.5431365966797,160.08976661234595,154.05010579956377,158.5431365966797,5426700
2020-04-20,Goldman Sachs,155.26843338966125,160.98840365987354,153.8168483295358,155.87326049804688,4674800
2020-04-21,Goldman Sachs,151.5876232764334,154.83641843655693,150.04962863077847,150.17922973632812,3819000
2020-04-22,Goldman Sachs,153.3675321522324,153.9550746793657,150.74948462995047,152.05418395996094,2314500
2020-04-23,Goldman Sachs,152.93550566301116,154.72407976953957,150.73219489372977,151.25062561035156,2013300
2020-04-24,Goldman Sachs,152.93548583984375,153.7563233812324,149.90270213815936,152.93548583984375,2024400
2020-04-27,Goldman Sachs,154.74998220760014,159.19979480777158,154.42164191251356,158.58631896972656,2743100
2020-04-28,Goldman Sachs,163.44229414487117,164.5309830263488,159.73554417178698,161.5845947265625,3344700
2020-04-29,Goldman Sachs,166.42324701041278,167.3823348312573,163.7965632870086,164.1940155029297,3086300
2020-04-30,Goldman Sachs,160.71183524500788,162.05110317556358,158.0332993838965,158.48260498046875,2695400
2020-05-01,Goldman Sachs,154.66361772349214,155.18204853145807,152.63311244057584,153.02194213867188,2650200
2020-05-04,Goldman Sachs,151.2074341500422,152.33932769048664,148.3733758675693,152.09739685058594,2990100
2020-05-05,Goldman Sachs,154.75002880372523,157.77417778393237,153.92054213951567,154.0587921142578,3272600
2020-05-06,Goldman Sachs,155.25113104560208,156.56447917623964,151.38887367342298,152.8663787841797,2408700
2020-05-07,Goldman Sachs,154.81913559570404,158.44812480188494,154.81913559570404,157.53224182128906,2480100
2020-05-08,Goldman Sachs,159.87375867254335,160.63412017712963,157.89510744623254,160.184814453125,2277500
2020-05-11,Goldman Sachs,157.72234122657594,159.7182908443121,156.61636767741837,158.258056640625,2212200
2020-05-12,Goldman Sachs,158.88873965432205,159.24300016518418,152.71947809622054,153.116943359375,3549200
2020-05-13,Goldman Sachs,151.77772507856588,152.8318580969596,147.54390846153953,148.44252014160156,3445300
2020-05-14,Goldman Sachs,146.05769090633433,151.0172979899794,142.87802186868225,150.73216247558594,4176700
2020-05-15,Goldman Sachs,149.89408437134594,150.42115080670726,147.38836647590207,148.5029754638672,2867800
2020-05-18,Goldman Sachs,153.54901310562076,158.20620209696995,151.41482687254438,157.15206909179688,4505800
2020-05-19,Goldman Sachs,156.01154276417097,157.41993653864577,153.55766473963715,153.6527099609375,2210500
2020-05-20,Goldman Sachs,156.34846507597857,158.83691133424435,155.7868428060807,156.7718505859375,2599900
2020-05-21,Goldman Sachs,155.70045578765496,156.53857806698795,153.5230649971229,155.6140594482422,2153500
2020-05-22,Goldman Sachs,155.5535878782324,156.0806543904331,153.85142290526844,155.46717834472656,2176400
2020-05-26,Goldman Sachs,160.39217428480137,170.3027403918232,160.03791378218506,169.4041290283203,5971200
2020-05-27,Goldman Sachs,175.4006252275245,182.06239861728173,172.8171334396688,181.1551513671875,8182100
2020-05-28,Goldman Sachs,182.17472536932277,182.58082641652456,173.85400470181526,173.86264038085938,4886100
2020-05-29,Goldman Sachs,171.4802935960275,174.68854140685505,169.2371283521428,170.8369140625,3822600
2020-06-01,Goldman Sachs,171.54988226679907,175.42760582941705,169.6457990189359,173.82781982421875,2230800
2020-06-02,Goldman Sachs,177.1665150893531,179.54009225535353,175.03638105490887,177.4882049560547,4128700
2020-06-03,Goldman Sachs,181.27026095291694,184.26113513315747,179.47919638802307,183.07870483398438,3471900
2020-06-04,Goldman Sachs,181.53113773649176,186.92169909534053,180.80951116618525,186.77389526367188,3522300
2020-06-05,Goldman Sachs,193.01647818995136,193.86852919882878,189.2430961696949,189.46914672851562,4737600
2020-06-08,Goldman Sachs,191.29498742415632,193.24253262638425,189.74737885453305,191.98184204101562,3260300
2020-06-09,Goldman Sachs,187.5737686832873,191.29498626255554,187.06948979887068,189.6256561279297,2478400
2020-06-10,Goldman Sachs,189.00835847278728,191.14719573358823,185.01761522030756,185.64361572265625,3091200
2020-06-11,Goldman Sachs,177.97505916626082,179.88783196971133,168.68941013497138,168.78504943847656,4923400
2020-06-12,Goldman Sachs,174.42776733321284,176.44488281327153,170.593531215785,175.4363250732422,3380800
2020-06-15,Goldman Sachs,170.17616454013245,179.96610638055364,169.67188574184067,179.3748779296875,3467400
2020-06-16,Goldman Sachs,186.91300078820387,186.91300078820387,177.1317592743083,182.22669982910156,3099100
2020-06-17,Goldman Sachs,182.58316221249257,183.27001684253432,178.61850138425783,179.2705841064453,1798300
2020-06-18,Goldman Sachs,177.35776516913666,180.20083555481742,176.21009350520225,177.2273406982422,2051700
2020-06-19,Goldman Sachs,180.0182750092764,180.33996485122873,174.7320570641064,175.30589294433594,4962400
2020-06-22,Goldman Sachs,174.7494866597663,177.87078622696376,173.8887326571169,176.8622283935547,1806900
2020-06-23,Goldman Sachs,179.54009116824741,180.4182243684254,177.05348211098948,178.04464721679688,2451800
2020-06-24,Goldman Sachs,175.923210428488,176.15796390926508,171.61077770995578,172.16722106933594,2756700
2020-06-25,Goldman Sachs,172.02811884131577,180.3139156547456,171.81075793169452,180.06178283691406,3466500
2020-06-26,Goldman Sachs,173.01929161280376,174.09740654759386,163.89882267088583,164.49005126953125,9530700
2020-06-29,Goldman Sachs,166.39410886192778,168.58509702983244,164.02922137277034,168.21124267578125,3736000
2020-06-30,Goldman Sachs,168.53296191644358,172.50632595318172,168.34168324304898,171.8194580078125,3102800
2020-07-01,Goldman Sachs,172.91493939953347,173.66266139154632,169.9936085082572,171.77597045898438,2620100
2020-07-02,Goldman Sachs,176.0623105115745,176.49703226592408,171.39340311518978,171.62814331054688,2699400
2020-07-06,Goldman Sachs,175.05375750335463,180.66166562996503,174.87118179100915,180.28781127929688,3567700
2020-07-07,Goldman Sachs,178.67062706841511,178.85321602829458,173.18444108012258,173.33224487304688,2853500
2020-07-08,Goldman Sachs,173.48872751191982,176.71436831329308,173.03662650291182,175.8449249267578,2789700
2020-07-09,Goldman Sachs,175.72324471757003,176.06232718741288,169.54150025454572,171.13258361816406,3160100
2020-07-10,Goldman Sachs,171.167342484601,179.3835944074079,171.13257058093683,178.72280883789062,4414800
2020-07-13,Goldman Sachs,181.71370398183672,185.17408563486546,179.9748168623933,181.609375,4449600
2020-07-14,Goldman Sachs,183.826429554965,186.32174137673903,179.98349094557548,186.06959533691406,5202000
2020-07-15,Goldman Sachs,195.0770504678069,195.83347539857027,186.66084303884517,188.58230590820312,12516700
2020-07-16,Goldman Sachs,185.63489015998653,191.67753352964624,185.62620050036205,186.64344787597656,5769600
2020-07-17,Goldman Sachs,186.84338529422484,187.07813873183923,183.6699221239518,183.8090362548828,3614300
2020-07-20,Goldman Sachs,183.21786665475182,185.33931139926202,182.8005373946269,184.06993103027344,2268700
2020-07-21,Goldman Sachs,184.5394153470079,185.89574532300625,182.92224962178125,184.33944702148438,3393500
2020-07-22,Goldman Sachs,183.01785770897726,183.45257946125514,178.54022896717737,179.10536193847656,4978400
2020-07-23,Goldman Sachs,178.32287900662698,179.1227654877827,175.67107350207743,176.51443481445312,4088600
2020-07-24,Goldman Sachs,176.4970260243883,178.1750455688427,175.03636734942208,175.16677856445312,3191500
2020-07-27,Goldman Sachs,173.97566121774437,177.52297925881544,173.5322365126186,176.51443481445312,2601200
2020-07-28,Goldman Sachs,175.54935676137458,177.01871853708187,174.8364066564005,175.29721069335938,2139600
2020-07-29,Goldman Sachs,175.36679750451367,177.2708813938904,173.55835295600343,176.1319122314453,2635000
2020-07-30,Goldman Sachs,173.4540202890735,173.8800524833243,170.67180306809416,173.4801025390625,3057900
2020-07-31,Goldman Sachs,173.74961152850838,173.74961152850838,170.85436265372007,172.1150665283203,2399700
2020-08-03,Goldman Sachs,172.57585875583564,173.78438478586253,170.8717435235728,173.3583526611328,2294600
2020-08-04,Goldman Sachs,173.32358572053414,175.3841627923893,172.5671607726461,175.31460571289062,1944700
2020-08-05,Goldman Sachs,176.64483422568767,178.0707210343974,176.50572008175138,177.81858825683594,2232400
2020-08-06,Goldman Sachs,178.2359297155896,179.35750607012986,177.21868234287007,177.58384704589844,1882400
2020-08-07,Goldman Sachs,176.91439783449812,181.5398446204295,176.0188718976214,181.07904052734375,3075000
2020-08-10,Goldman Sachs,182.2266736197287,183.1395920163869,180.8790334405338,182.04409790039062,2432800
2020-08-11,Goldman Sachs,184.9480095182267,188.62575155277693,183.04392626299062,183.50473022460938,4042700
2020-08-12,Goldman Sachs,186.66952154695105,187.75632594960754,181.9484495898057,184.43505859375,2439400
2020-08-13,Goldman Sachs,182.9395985665127,184.4958964967563,180.57471133322827,181.18331909179688,2219900
2020-08-14,Goldman Sachs,180.37473439200465,182.13100051571283,179.63570219210374,180.81814575195312,2287600
2020-08-17,Goldman Sachs,179.9748294234707,180.7138618074762,176.08841537893568,176.55792236328125,3922600
2020-08-18,Goldman Sachs,176.88828811517337,177.0013200223361,174.84510372664883,175.02767944335938,3067900
2020-08-19,Goldman Sachs,175.9753707873057,179.1923225644035,175.42763036723247,176.51443481445312,2458500
2020-08-20,Goldman Sachs,174.5494584427268,176.74045960365,174.18429379368192,175.49716186523438,1764200
2020-08-21,Goldman Sachs,173.98436255300652,176.80136464524094,173.73222974165986,176.00146484375,1780900
2020-08-24,Goldman Sachs,176.59264398970575,180.34863246174703,175.03634618963622,180.2703857421875,3097400
2020-08-25,Goldman Sachs,182.57444629764967,183.00916804992752,178.38372223769673,179.10536193847656,2627600
2020-08-26,Goldman Sachs,179.00971525469166,180.2182411456178,178.26199334088201,180.16607666015625,2563200
2020-08-27,Goldman Sachs,179.6965917446057,185.19148150756695,179.46185153130682,182.71356201171875,3692400
2020-08-28,Goldman Sachs,184.22635368186073,184.3219929824706,180.05302288553082,180.5920867919922,3697400
2020-08-31,Goldman Sachs,179.75239446879124,180.54838151131935,178.1166956855338,179.20132446289062,3046200
2020-09-01,Goldman Sachs,178.09046587778613,180.81080694347406,177.57437826984884,179.71742248535156,2457000
2020-09-02,Goldman Sachs,180.006019761865,184.50201500893505,179.63864427634272,183.72352600097656,3565200
2020-09-03,Goldman Sachs,185.21931741692723,188.26329585030908,180.041050498573,181.55429077148438,3533500
2020-09-04,Goldman Sachs,184.46701941249898,186.61880521341493,179.59490675929217,184.51075744628906,3668900
2020-09-08,Goldman Sachs,183.25997174170774,183.65360081194896,176.05239016041835,177.11077880859375,4574700
2020-09-09,Goldman Sachs,178.60652135010594,179.1663335998957,176.71715000194922,176.8833465576172,4681400
2020-09-10,Goldman Sachs,178.20415403465574,179.6211892510328,174.54788311589107,174.9502410888672,2510300
2020-09-11,Goldman Sachs,175.15143637962393,176.61219631778772,174.02305621888343,175.74623107910156,2376400
2020-09-14,Goldman Sachs,177.8280496337878,177.8280496337878,175.52756447974272,176.11361694335938,2756900
2020-09-15,Goldman Sachs,176.6909074879656,177.2069816877501,173.17457975030905,173.19207763671875,3717600
2020-09-16,Goldman Sachs,173.62068728826512,178.26538173185415,173.2533117593516,175.53628540039062,3571400
2020-09-17,Goldman Sachs,173.37576587791372,174.84526795634983,170.13933770364036,170.41925048828125,4274800
2020-09-18,Goldman Sachs,170.5767116557631,172.01123147979132,168.27623991384442,170.4455108642578,9066300
2020-09-21,Goldman Sachs,166.10694652617929,169.8419512347042,163.9814137382476,169.69325256347656,4871300
2020-09-22,Goldman Sachs,169.69324290922575,171.56511629197422,164.82111607481946,167.61143493652344,3355800
2020-09-23,Goldman Sachs,167.9438366361797,168.74856591842413,162.58187549754402,162.80055236816406,3116100
2020-09-24,Goldman Sachs,165.30223798705862,172.71976802137965,163.6140587309577,170.66419982910156,5114600
2020-09-25,Goldman Sachs,168.7835715077321,170.90910440722135,165.8532959322212,170.52423095703125,3106000
2020-09-28,Goldman Sachs,172.9996411375281,176.57719146150427,172.44857116425402,174.12802124023438,3280100
2020-09-29,Goldman Sachs,173.3320252313247,173.8655972904213,170.94406436929884,172.1336669921875,2400000
2020-09-30,Goldman Sachs,173.78687517136947,177.63559607940883,173.50697571908086,175.7899627685547,3075800
2020-10-01,Goldman Sachs,176.27981202571968,177.6793494488138,173.07837917960205,173.67318725585938,2288700
2020-10-02,Goldman Sachs,170.8653552088222,175.55378781544027,170.82161716561396,174.85401916503906,2541200
2020-10-05,Goldman Sachs,176.62967885106397,177.42566587835884,174.58286650685764,176.51597595214844,2551600
2020-10-06,Goldman Sachs,178.65900688189686,180.26846547868445,174.85402391795907,175.89492797851562,2833100
2020-10-07,Goldman Sachs,178.3528403953064,179.31502391118127,175.96489283842303,178.09043884277344,2326600
2020-10-08,Goldman Sachs,179.44622250916782,182.07910039474874,178.5365326618184,181.92164611816406,2330600
2020-10-09,Goldman Sachs,182.6039178112483,183.52236327977633,180.25096604207272,181.53677368164062,3040900
2020-10-12,Goldman Sachs,181.42307877433169,187.96588688458917,181.42307877433169,187.2923583984375,3474200
2020-10-13,Goldman Sachs,187.19617168096113,187.28364778115915,182.9713323033937,184.39710998535156,3317300
2020-10-14,Goldman Sachs,187.08244826344523,187.58102460839038,183.9247535888676,184.76446533203125,7550100
2020-10-15,Goldman Sachs,183.3211835374551,184.32709173634095,180.97696070052984,182.46397399902344,4325700
2020-10-16,Goldman Sachs,182.2190461750757,183.6885481537576,180.02352212888803,180.3734130859375,3244500
2020-10-19,Goldman Sachs,181.40557911018885,181.8604307253254,178.95639555934608,179.9185791015625,3235300
2020-10-20,Goldman Sachs,180.80203053510294,184.89566841601004,180.6008515550961,181.96539306640625,3335500
2020-10-21,Goldman Sachs,181.4056095484571,181.8954436714202,176.69967836560087,177.48692321777344,3083600
2020-10-22,Goldman Sachs,177.74059333268238,180.51341500528983,176.86588567519183,179.66494750976562,2136900
2020-10-23,Goldman Sachs,180.8545193421003,182.12285590483003,178.45782931498988,179.3500213623047,2110200
2020-10-26,Goldman Sachs,177.11950472794967,177.3994041531472,173.6381596956684,175.9386444091797,3249700
2020-10-27,Goldman Sachs,174.9414773016147,175.45755145638034,170.92657360081677,171.16273498535156,3430400
2020-10-28,Goldman Sachs,167.34029937049388,169.1421947892212,165.26724674659587,165.99325561523438,4214600
2020-10-29,Goldman Sachs,166.0194634976724,168.24996998746846,163.4828040858939,166.1419219970703,3581200
2020-10-30,Goldman Sachs,165.76581941793222,166.5443085867513,162.275744910823,165.35470581054688,3658800
2020-11-02,Goldman Sachs,167.94384572994977,168.55613833144466,164.64619460528604,166.36936950683594,2459600
2020-11-03,Goldman Sachs,169.64079973549323,174.06681820354407,169.01100917473715,173.13087463378906,4545500
2020-11-04,Goldman Sachs,171.66136239235487,175.65878243525134,170.4805018218199,173.07838439941406,3868500
2020-11-05,Goldman Sachs,174.63536162883344,178.54530554830862,174.11928736398454,177.53065490722656,2892800
2020-11-06,Goldman Sachs,178.73771006021965,178.781448100385,175.30885859347615,176.04360961914062,2475100
2020-11-09,Goldman Sachs,187.6159944488411,190.68621260840465,183.137483498792,188.0008544921875,6960500
2020-11-10,Goldman Sachs,188.28077417146676,191.01861269642106,184.72070852739037,190.22262573242188,4166500
2020-11-11,Goldman Sachs,191.24603941048812,192.3656638967402,188.08834493131465,190.72996520996094,2680700
2020-11-12,Goldman Sachs,188.25451671838488,189.68903623685708,185.78783558767202,187.6334686279297,3005500
2020-11-13,Goldman Sachs,188.80564899425096,193.27540555814818,188.4207754980282,191.63095092773438,2832100
2020-11-16,Goldman Sachs,195.52337966790776,196.4593231629338,192.4619032102742,194.51747131347656,3004700
2020-11-17,Goldman Sachs,192.45313486520618,196.6779734059784,190.9748771547131,196.50302124023438,2722900
2020-11-18,Goldman Sachs,196.80917670228524,199.188382039511,195.50585779387856,196.19688415527344,2856200
2020-11-19,Goldman Sachs,196.1968849422393,196.75669717989223,194.28127347913713,196.4330596923828,1505200
2020-11-20,Goldman Sachs,195.05976806367988,196.64298646715577,194.73613056707322,195.3659210205078,1848100
2020-11-23,Goldman Sachs,197.73637352635853,201.18272318070964,197.44771845233157,200.15931701660156,3371300
2020-11-24,Goldman Sachs,202.14493388911023,208.28537169781953,201.73382024489734,207.74305725097656,3915200
2020-11-25,Goldman Sachs,205.55626138369624,207.69929207766273,203.30825671435528,206.90330505371094,2272800
2020-11-27,Goldman Sachs,207.30566518534116,207.56808008914825,204.497848404465,205.9061279296875,1050400
2020-11-30,Goldman Sachs,202.97586925485118,205.55625359871635,201.4976115083484,201.69004821777344,2705400
2020-12-01,Goldman Sachs,204.00309457863906,206.56235747863366,203.46661411388342,204.10862731933594,2577600
2020-12-02,Goldman Sachs,204.10860849733658,209.42943620569665,203.66887089201305,209.0072784423828,2136300
2020-12-03,Goldman Sachs,208.6906647445955,210.06265733206686,206.36006082755807,207.09002685546875,2142600
2020-12-04,Goldman Sachs,209.05126363694959,210.85419057818504,208.39165720135568,210.70468139648438,2373000
2020-12-07,Goldman Sachs,209.78999548969693,210.94211920389745,207.07242050841626,209.71084594726562,1788600
2020-12-08,Goldman Sachs,208.44440708069504,210.3616699467537,208.0662391956708,210.05384826660156,1371800
2020-12-09,Goldman Sachs,211.07405734469177,215.78804516217897,210.6607029088136,213.55418395996094,3552300
2020-12-10,Goldman Sachs,211.0740102483624,215.62968452808863,210.64306264633797,214.94369506835938,2541700
2020-12-11,Goldman Sachs,211.78643985034037,212.12943467246086,208.52359407935032,211.06527709960938,2077300
2020-12-14,Goldman Sachs,213.95870967261007,214.15219527580075,208.77860166658814,209.13038635253906,1927800
2020-12-15,Goldman Sachs,210.63429541187716,214.24893876345874,208.6027099915951,213.21115112304688,2348000
2020-12-16,Goldman Sachs,214.20498325349348,214.50400160870015,212.0590615613479,214.38967895507812,2400900
2020-12-17,Goldman Sachs,215.47141531749492,216.28932077906836,213.71246498837252,214.97010803222656,2983600
2020-12-18,Goldman Sachs,215.8144263401308,215.8144263401308,211.56655936517853,212.9473419189453,4088100
2020-12-21,Goldman Sachs,220.1238334138302,229.41110244021948,218.77823748330377,226.00753784179688,7408500
2020-12-22,Goldman Sachs,225.90200545787116,226.6407883049897,219.6929256051254,219.94796752929688,3599800
2020-12-23,Goldman Sachs,221.18801460107477,229.1736376727402,221.01212224358784,225.5414276123047,3376100
2020-12-24,Goldman Sachs,226.0603500681861,226.57043395864125,223.1668686696964,225.28640747070312,968100
2020-12-28,Goldman Sachs,226.73749847914831,230.99415521354103,226.0251257164589,228.30296325683594,2793400
2020-12-29,Goldman Sachs,228.89222558455336,229.41988923631953,225.58539022306775,226.9134063720703,1430900
2020-12-30,Goldman Sachs,227.61696310479826,229.23519417201118,226.75506778923247,228.17984008789062,1566500
2020-12-31,Goldman Sachs,227.60815028353534,232.1198619427203,226.90458092342902,231.92637634277344,2043100
2021-01-04,Goldman Sachs,234.81990949522773,235.3299933694145,228.80430155136568,233.0609588623047,3572000
2021-01-05,Goldman Sachs,232.07593990428262,240.53648775703624,230.92382944097574,238.27622985839844,4207100
2021-01-06,Goldman Sachs,242.99027672968856,253.62313157404793,240.1847479301205,251.1342010498047,6383500
2021-01-07,Goldman Sachs,253.0865337670909,260.22789395216955,252.12790915192141,256.4989013671875,4009700
2021-01-08,Goldman Sachs,256.8067683210944,257.0530203130296,250.70320805014222,255.1181640625,2800800
2021-01-11,Goldman Sachs,252.23342927354335,259.44513529550267,249.94681565436179,258.4161376953125,2649700
2021-01-12,Goldman Sachs,261.3272449563956,267.34285143944584,260.3422102960179,265.7861633300781,4814400
2021-01-13,Goldman Sachs,263.9128793659705,267.1141816513267,263.0510109348749,266.4281921386719,2413800
2021-01-14,Goldman Sachs,267.4044663635929,272.11846814202374,266.95595219107025,270.7640686035156,3192200
2021-01-15,Goldman Sachs,264.88913405332823,268.1167929635901,261.09859813974003,264.7308349609375,3863700
2021-01-19,Goldman Sachs,268.2399604744477,269.6471262907294,258.38982659993167,258.74163818359375,6727800
2021-01-20,Goldman Sachs,260.1663486029098,261.5998974098418,252.83152897993358,255.46115112304688,4792600
2021-01-21,Goldman Sachs,255.44356154680528,257.4575402646015,253.7549574924575,254.49371337890625,2516000
2021-01-22,Goldman Sachs,252.13681912142127,255.56676801143706,251.0902411878771,254.51141357421875,2568800
2021-01-25,Goldman Sachs,251.1165201166981,251.83769612835488,244.05433625293878,248.9266357421875,4575000
2021-01-26,Goldman Sachs,249.70933380817976,251.32756461012542,246.32334964283618,247.80088806152344,3296800
2021-01-27,Goldman Sachs,242.73509662337102,243.93997306229875,238.6191601220941,240.3868865966797,3891800
2021-01-28,Goldman Sachs,241.51270291641626,246.10356512568745,238.62802496220277,241.873291015625,3778700
2021-01-29,Goldman Sachs,241.21367180224817,243.96643368209251,238.0035924457973,238.48731994628906,3412000
2021-02-01,Goldman Sachs,239.79775047081495,243.43876443777438,239.21729352314887,241.61827087402344,2324100
2021-02-02,Goldman Sachs,244.7756293953433,253.5088147328747,244.49419079180976,252.38308715820312,5195500
2021-02-03,Goldman Sachs,252.06638364982925,254.88071513124035,250.8087405080951,253.77256774902344,2712800
2021-02-04,Goldman Sachs,255.04788376828458,260.1752138981255,254.625725884669,258.3459167480469,2994700
2021-02-05,Goldman Sachs,259.445158716361,261.41517438375257,256.9738357923544,258.1259460449219,2938100
2021-02-08,Goldman Sachs,259.44510521523716,264.62522545314613,259.00536774877065,263.9743957519531,2826200
2021-02-09,Goldman Sachs,263.4907346401147,265.99724394133506,261.8197373857841,264.2470703125,2071700
2021-02-10,Goldman Sachs,263.842567087171,268.3982423040739,261.8637478340172,267.6067199707031,3213700
2021-02-11,Goldman Sachs,267.34283585918763,268.2486940887971,263.11256300796373,265.8829040527344,2159900
2021-02-12,Goldman Sachs,265.592675674998,269.73502270191415,265.3991900802836,269.40081787109375,1977300
2021-02-16,Goldman Sachs,272.6373200564843,275.2053995257309,271.95133045379134,274.361083984375,2792200
2021-02-17,Goldman Sachs,272.6637181453732,277.01713148778634,271.5467942095122,275.0470886230469,2333100
2021-02-18,Goldman Sachs,271.95134070665625,276.5949690013681,270.5089883987187,272.54937744140625,2093300
2021-02-19,Goldman Sachs,272.83962871847007,278.60018112880044,272.83962871847007,277.5799865722656,2749500
2021-02-22,Goldman Sachs,275.2757261829595,281.92455627204345,274.58093328872906,278.6792907714844,3162300
2021-02-23,Goldman Sachs,279.6556280392173,281.4321588799405,273.1474878935489,280.73736572265625,2942500
2021-02-24,Goldman Sachs,281.58168527719914,291.08001003022514,281.5201155501525,290.789794921875,3934400
2021-02-25,Goldman Sachs,293.1555240480463,295.3366327080207,286.96403654008014,288.2568664550781,4244000
2021-02-26,Goldman Sachs,286.5066419497745,289.0659181428235,280.5877907065183,280.9747619628906,3732200
2021-03-01,Goldman Sachs,286.9521772587257,292.2850806514231,285.4600237813901,291.29620361328125,2957800
2021-03-02,Goldman Sachs,291.36679078168856,296.8321275886078,290.93416386622124,292.1967468261719,2850300
2021-03-03,Goldman Sachs,294.61597046167384,300.2843908881474,294.23631716436097,295.2781677246094,3606300
2021-03-04,Goldman Sachs,294.1303451490253,299.98417277168977,285.99857098940055,290.7398986816406,3647600
2021-03-05,Goldman Sachs,296.29355396255227,296.29355396255227,279.4119414358822,289.0447082519531,3740200
2021-03-08,Goldman Sachs,292.56757799229456,298.0682398274934,290.5721751550678,295.0662841796875,2998000
2021-03-09,Goldman Sachs,290.14844425318887,297.00882740791786,287.4555186057232,291.8878173828125,3324800
2021-03-10,Goldman Sachs,293.19453893758475,302.31519296681114,292.71774924607814,301.97967529296875,3153100
2021-03-11,Goldman Sachs,299.0130122709953,304.6107840252034,297.0705559137524,302.05029296875,2756600
2021-03-12,Goldman Sachs,304.8050772059466,309.02548127238555,303.41005974623715,307.97479248046875,2436700
2021-03-15,Goldman Sachs,308.5309867062257,311.1621271697774,301.9619869400106,305.537841796875,2276200
2021-03-16,Goldman Sachs,304.8580292876021,306.2883713885849,298.2095683384875,301.7059631347656,2332600
2021-03-17,Goldman Sachs,304.2752989509926,306.40316325124,300.54933368143134,304.5666809082031,2710900
2021-03-18,Goldman Sachs,309.68760880656623,315.07348565304727,306.3677843349889,307.2595520019531,3713000
2021-03-19,Goldman Sachs,305.8645239921126,306.5885058809362,300.7523533932502,303.9044189453125,3513000
2021-03-22,Goldman Sachs,301.1320314566459,302.7389701382009,296.66440888322103,299.60455322265625,2094500
2021-03-23,Goldman Sachs,298.09477147333115,301.86489917537324,292.5411351754781,292.92962646484375,2457500
2021-03-24,Goldman Sachs,294.3864580022255,297.49436111604444,289.9894580141157,290.17486572265625,3332200
2021-03-25,Goldman Sachs,289.0271486361215,292.5941934763012,284.23284507438643,291.8525085449219,2804700
2021-03-26,Goldman Sachs,295.34889567367793,296.1788519526976,284.91265756974565,289.06243896484375,3082600
2021-03-29,Goldman Sachs,282.8465439538969,289.38905647639115,280.52443445643365,287.5967102050781,4533200
2021-03-30,Goldman Sachs,290.8459175878333,296.4436894584433,290.35147904023165,293.14154052734375,2717300
2021-03-31,Goldman Sachs,291.56989026536723,293.70656509225796,287.3406493746268,288.718017578125,2624500
2021-04-01,Goldman Sachs,286.3341931626171,291.06671205561497,286.2105969718248,289.283203125,2659000
2021-04-05,Goldman Sachs,293.8831907783061,293.8831907783061,285.23046252841186,285.6631164550781,3235000
2021-04-06,Goldman Sachs,286.50189049271637,290.0777724534009,286.0692635005247,288.7710266113281,1801700
2021-04-07,Goldman Sachs,289.33610003264215,290.6604947042382,285.4953500960378,288.3207092285156,2157300
2021-04-08,Goldman Sachs,286.3253380253905,292.68241698770373,285.15986411825793,292.3734130859375,2402800
2021-04-09,Goldman Sachs,294.89857972088885,295.693211223376,290.29852259376156,292.08203125,2347100
2021-04-12,Goldman Sachs,293.7243325789086,295.32243371038584,291.3139239982551,292.9914855957031,2318800
2021-04-13,Goldman Sachs,290.93425835353656,291.4110211293448,286.2282266000601,289.3184814453125,3575900
2021-04-14,Goldman Sachs,290.0866062018326,304.1428619848922,287.9675798429731,296.0905456542969,9876800
2021-04-15,Goldman Sachs,299.2248938457727,301.38808256153794,295.37533297977603,298.9158630371094,4354800
2021-04-16,Goldman Sachs,300.45223949652814,303.498331649661,298.9777346278792,302.2357482910156,4231900
2021-04-19,Goldman Sachs,300.19609738975925,304.1074694860379,297.1941418048369,302.9243469238281,3228200
2021-04-20,Goldman Sachs,300.16963193170244,300.6110968122124,290.7929221808525,293.0267333984375,3662300
2021-04-21,Goldman Sachs,291.3668065188032,296.1964331470766,289.2124558544074,296.01983642578125,2733300
2021-04-22,Goldman Sachs,295.44597585188643,297.520866344512,291.6229015379305,292.1173400878906,2165200
2021-04-23,Goldman Sachs,292.4704565837885,300.7876660275165,292.0025049310495,299.6221923828125,2163800
2021-04-26,Goldman Sachs,301.90902935001196,305.4054239452651,300.98196380301187,303.3040466308594,2171500
2021-04-27,Goldman Sachs,303.7278779036292,306.8622681912518,303.4276849786218,306.04998779296875,2088600
2021-04-28,Goldman Sachs,307.25951908972735,309.1313256419676,305.5731202199591,307.35662841796875,2140900
2021-04-29,Goldman Sachs,309.51103360330626,312.40704229749946,306.80045956921816,311.6477355957031,2584400
2021-04-30,Goldman Sachs,310.0142675277831,311.5152587743089,306.5531982423158,307.6568603515625,2101100
2021-05-03,Goldman Sachs,309.3256079012426,312.61010767579177,308.37205561922156,309.16668701171875,1871700
2021-05-04,Goldman Sachs,308.05419911316955,310.59704122591563,302.46526538422563,308.8841552734375,2831400
2021-05-05,Goldman Sachs,310.7912956718322,317.095427500536,307.74517702436947,315.75335693359375,2786800
2021-05-06,Goldman Sachs,317.6516483690481,323.417178956461,314.76447758754614,323.1258239746094,3048700
2021-05-07,Goldman Sachs,319.885457888892,328.14085696275606,318.67584836603027,327.4698486328125,3378100
2021-05-10,Goldman Sachs,329.77431373938344,332.8469194551047,325.3596642917344,325.5185852050781,3396300
2021-05-11,Goldman Sachs,320.5035306933888,325.47442998474537,316.6362936978084,317.78411865234375,3734300
2021-05-12,Goldman Sachs,320.5652280985312,325.0328493253656,311.9125026138704,312.91021728515625,3309800
2021-05-13,Goldman Sachs,311.89492894144206,318.64052505152273,311.89492894144206,316.80401611328125,2673900
2021-05-14,Goldman Sachs,319.6206571495603,326.25147001278873,319.35578892987655,325.59808349609375,2732300
2021-05-17,Goldman Sachs,324.7239730109006,327.30214029744764,321.82796387875817,326.0218811035156,1826100
2021-05-18,Goldman Sachs,327.9025087616613,329.4034734164398,321.3864818244784,321.88092041015625,2018600
2021-05-19,Goldman Sachs,317.8547806784341,317.8547806784341,312.4953894374451,316.4244384765625,3696000
2021-05-20,Goldman Sachs,316.9542197594575,319.5765229261607,311.9833195693025,317.6605529785156,1919600
2021-05-21,Goldman Sachs,319.1702742039069,324.1588489645134,318.3050202732998,323.3818664550781,2657500
2021-05-24,Goldman Sachs,324.31769055478054,326.4367160974495,322.7195902160892,325.17413330078125,1834300
2021-05-25,Goldman Sachs,326.6045462056438,330.01264209823034,321.4658886072505,321.83673095703125,2631000
2021-05-26,Goldman Sachs,322.26937112440663,325.6156825499631,319.5411213255334,324.3883972167969,2121200
2021-05-27,Goldman Sachs,327.85832150251275,329.818426800423,324.30011536991884,327.8936462402344,3897000
2021-05-28,Goldman Sachs,329.5591652775215,330.507097322173,326.24586404153575,329.5768737792969,2169700
2021-06-01,Goldman Sachs,334.6088319775459,339.6230679894785,333.37740184010016,338.80804443359375,3644000
2021-06-02,Goldman Sachs,339.59647487629627,340.78362018790096,336.08827258116673,339.6939392089844,2809700
2021-06-03,Goldman Sachs,338.63985254024374,346.61306031751565,336.7617234784506,344.3717041015625,3003900
2021-06-04,Goldman Sachs,345.22208005142585,347.32168654764115,342.2454295848626,346.7901611328125,2514100
2021-06-07,Goldman Sachs,348.1633285576238,348.3936742712561,343.3350985558943,343.8755187988281,2188700
2021-06-08,Goldman Sachs,341.7758516035697,342.38713278451485,338.6131406301367,340.8102111816406,2452600
2021-06-09,Goldman Sachs,339.44599531872893,340.4293445171035,335.6542935969528,339.1093444824219,2025900
2021-06-10,Goldman Sachs,345.18665690382954,345.18665690382954,329.8692356352638,331.27783203125,3900800
2021-06-11,Goldman Sachs,332.83701355459635,335.5390332389351,332.31430189606436,334.91888427734375,2117300
2021-06-14,Goldman Sachs,334.36961908104695,335.53902891796565,328.4074511308918,330.3741760253906,2560500
2021-06-15,Goldman Sachs,330.8879811696756,332.07509946423886,325.2713048942599,328.93896484375,2302900
2021-06-16,Goldman Sachs,328.66435000557465,331.4018137233176,323.5792258537683,328.6732177734375,3264200
2021-06-17,Goldman Sachs,330.9056974644715,330.9056974644715,315.87177624184005,320.2570495605469,4146300
2021-06-18,Goldman Sachs,315.84519410969415,317.4930037454487,308.41240983939366,309.03253173828125,6290100
2021-06-21,Goldman Sachs,312.6292965669743,317.1297147220169,310.9903550192434,316.748779296875,2717300
2021-06-22,Goldman Sachs,316.27048861499634,318.82191873124475,312.4079264371451,316.7400207519531,1870800
2021-06-23,Goldman Sachs,317.85634742236357,321.1253645913803,316.85526262048495,319.8584899902344,1713100
2021-06-24,Goldman Sachs,321.58596952793965,328.5669585365461,321.3910678589117,326.6799621582031,2716600
2021-06-25,Goldman Sachs,326.7419436402896,328.8061059041567,322.95024283188906,326.6976318359375,2782400
2021-06-28,Goldman Sachs,325.8383178277999,326.7862498510688,322.34782350927406,326.6445007324219,1833400
2021-06-29,Goldman Sachs,332.0928319045033,334.9543362993412,328.45174795897003,330.1083984375,2365900
2021-06-30,Goldman Sachs,328.5846495973635,336.7438889202581,328.5846495973635,336.2300720214844,2238400
2021-07-01,Goldman Sachs,337.2665829038408,338.0993420348333,331.46384525550474,332.2080078125,2571000
2021-07-02,Goldman Sachs,333.3774833750061,333.63440537944535,329.93130036544443,331.4727783203125,1598900
2021-07-06,Goldman Sachs,330.6488140058722,331.00317325777866,323.720978432208,327.66326904296875,2162900
2021-07-07,Goldman Sachs,325.57255816015044,327.86706627811634,320.8595013057922,325.7231750488281,2012800
2021-07-08,Goldman Sachs,318.653630654763,321.48855934610515,315.0213867176945,317.98919677734375,2940500
2021-07-09,Goldman Sachs,324.24372738024954,329.6920796872492,323.3135307799874,329.3465881347656,2641800
2021-07-12,Goldman Sachs,328.0619143249954,340.19004599211564,325.42188808932883,337.08935546875,4135900
2021-07-13,Goldman Sachs,337.5854715141976,341.3683043063466,329.56798236324755,333.0850524902344,6466800
2021-07-14,Goldman Sachs,335.5390854051229,338.2145292376799,329.01878770622284,331.68536376953125,3295700
2021-07-15,Goldman Sachs,328.88577858309174,335.53898263951584,328.2922330146173,330.75506591796875,2183900
2021-07-16,Goldman Sachs,332.15492495224083,332.15492495224083,322.32129796505313,323.1806335449219,2583300
2021-07-19,Goldman Sachs,313.61269191243747,314.66692883060637,309.18313411706407,314.25054931640625,4394600
2021-07-20,Goldman Sachs,312.0801161985234,325.40423622211085,311.4334179369201,323.1451721191406,2937900
2021-07-21,Goldman Sachs,326.05096053228607,332.12830202012424,325.9534961833722,330.8880310058594,2398800
2021-07-22,Goldman Sachs,329.8249443132367,331.0563746625453,326.4142055947995,330.18817138671875,1887100
2021-07-23,Goldman Sachs,331.8537356898588,334.8746985160159,329.00996605822314,331.3753356933594,1706900
2021-07-26,Goldman Sachs,330.60447955810173,333.70517011269595,330.54245925839956,333.01416015625,1559100
2021-07-27,Goldman Sachs,330.00213449635123,332.34095454758886,327.0963449706777,332.0751647949219,1791800
2021-07-28,Goldman Sachs,332.9345188184836,334.37855941042216,329.8604037225055,331.5347900390625,1668900
2021-07-29,Goldman Sachs,334.01534874758374,336.2124199015455,332.04862332956924,334.47601318359375,1296600
2021-07-30,Goldman Sachs,333.60788066433406,336.6022674812835,330.49832096428844,332.1106872558594,1474900
2021-08-02,Goldman Sachs,333.2534063834336,342.78579761353774,332.88131158447874,335.0429382324219,2383200
2021-08-03,Goldman Sachs,336.86795574742393,337.8070200752628,329.3554140888308,336.96539306640625,1494600
2021-08-04,Goldman Sachs,335.2998677945939,338.99410441976573,332.8901869046411,334.7505798339844,1460500
2021-08-05,Goldman Sachs,336.77931307246917,340.4647088325587,336.6021469615066,340.4558410644531,1583800
2021-08-06,Goldman Sachs,344.51340887825927,353.35479194927524,344.30079868307337,352.4954833984375,3655800
2021-08-09,Goldman Sachs,351.34367459468893,358.4398350893583,348.67707205456946,354.2583312988281,3319100
2021-08-10,Goldman Sachs,354.47103237651413,363.78197423738567,353.9217713749651,361.4254455566406,3152300
2021-08-11,Goldman Sachs,362.16069899784276,367.36986421814254,360.61922126215893,366.6700134277344,3000500
2021-08-12,Goldman Sachs,367.10412038078147,370.8603776013815,363.7199309602469,367.65338134765625,2312800
2021-08-13,Goldman Sachs,368.53922401787935,369.32769831571517,361.61138884700983,363.9147644042969,1980000
2021-08-16,Goldman Sachs,362.32896275182696,362.32896275182696,356.2693308842745,361.7619934082031,1590700
2021-08-17,Goldman Sachs,357.7665546777895,361.7620248393453,354.541850355809,358.76763916015625,2077400
2021-08-18,Goldman Sachs,356.6681170011173,359.77764921705074,353.11560182332613,353.3016357421875,2187800
2021-08-19,Goldman Sachs,349.58073129703297,352.35363899843287,346.31171525039804,348.6682434082031,2241500
2021-08-20,Goldman Sachs,346.8255738860526,351.21971552457586,346.39148579063556,350.70587158203125,1612100
2021-08-23,Goldman Sachs,356.0390342330233,357.99689134479445,353.4787366718881,355.64923095703125,1857600
2021-08-24,Goldman Sachs,357.54507713025356,362.92256729753217,356.7566298258105,361.94805908203125,1958400
2021-08-25,Goldman Sachs,363.1351565578991,369.141636076911,362.28468899867767,365.98779296875,1845300
2021-08-26,Goldman Sachs,368.43294018096043,372.7296170772622,364.2514361245406,365.35882568359375,2076500
2021-08-27,Goldman Sachs,365.6866053848389,371.9500071632324,365.4385512072727,371.8082580566406,2174500
2021-08-30,Goldman Sachs,372.0386616474435,372.756248024101,365.63350976540534,366.4131164550781,2089400
2021-08-31,Goldman Sachs,366.8670785890583,369.3151737626301,363.8848752932339,368.1134033203125,1958100
2021-09-01,Goldman Sachs,367.80184000718515,370.42796229334846,365.2647176342218,368.2469482421875,1680400
2021-09-02,Goldman Sachs,369.53770889356207,371.7365444414228,367.3389005129494,368.99468994140625,1830400
2021-09-03,Goldman Sachs,368.54959152847283,369.5466295549301,365.52286118608487,366.1549072265625,1373600
2021-09-07,Goldman Sachs,365.8790224081665,369.1995401046372,364.6683408730835,365.273681640625,1557000
2021-09-08,Goldman Sachs,364.2944039955804,365.86119375825615,360.2706351209156,360.5376892089844,1646200
2021-09-09,Goldman Sachs,360.2439312358086,363.9917351795701,359.2112768121547,360.1637878417969,2424600
2021-09-10,Goldman Sachs,363.2083391919649,364.8018343653485,358.89969450671873,359.1845703125,1956000
2021-09-13,Goldman Sachs,362.6830503558367,364.4278668139732,359.46935517043624,364.3299560546875,1802800
2021-09-14,Goldman Sachs,365.25580833000106,371.22918042956667,358.5613902272947,359.3714904785156,3263200
2021-09-15,Goldman Sachs,354.30617417014133,359.30027579592684,352.7126789960631,357.8225402832031,3199800
2021-09-16,Goldman Sachs,360.11036706434203,361.41010270849944,351.5376050311473,353.1310729980469,2882900
2021-09-17,Goldman Sachs,352.8106279160771,355.33883964582424,346.14288751497435,348.4841613769531,3843700
2021-09-20,Goldman Sachs,336.3416497673736,339.0478887307749,331.60569083053844,336.61761474609375,3834500
2021-09-21,Goldman Sachs,339.038973029229,339.6176083439398,333.01218969595277,334.5789794921875,2377300
2021-09-22,Goldman Sachs,338.9944106556918,346.5523667311203,338.0240779928111,343.1517333984375,2991300
2021-09-23,Goldman Sachs,347.5316482446991,350.5138519212168,345.5642501300063,348.8402404785156,2518000
2021-09-24,Goldman Sachs,347.6027839922865,349.4010112635009,345.9380837419363,347.9410705566406,1789700
2021-09-27,Goldman Sachs,353.041980388355,356.9767485226671,351.7956829591316,355.9173889160156,2788500
2021-09-28,Goldman Sachs,356.4872942939544,359.8344906677297,345.751282887287,346.7394104003906,2609000
2021-09-29,Goldman Sachs,347.78973993873035,349.3120295576236,342.1101549059677,342.6354064941406,1955000
2021-09-30,Goldman Sachs,345.40396198134425,345.421756529072,335.27329503832755,336.52850341796875,2665700
2021-10-01,Goldman Sachs,337.783707559893,340.70361621826885,334.5878339953328,338.2822265625,2382300
2021-10-04,Goldman Sachs,338.4691721379157,344.39801666228686,331.8904870241663,333.074462890625,2895600
2021-10-05,Goldman Sachs,336.59087541659113,345.5998623531668,334.2763070052084,343.4544372558594,2508100
2021-10-06,Goldman Sachs,340.4009441434916,346.78378038216437,337.0893381191903,345.4484558105469,2111800
2021-10-07,Goldman Sachs,349.77493130133536,354.17260251984993,346.97075505620734,347.736328125,2348000
2021-10-08,Goldman Sachs,347.9232444136472,351.02120709449827,345.56417651758454,349.6858825683594,1446700
2021-10-11,Goldman Sachs,349.7660525214315,353.37144559632355,342.7511422528478,342.9469909667969,1787400
2021-10-12,Goldman Sachs,343.81937200912955,345.92918048689006,339.1902359576291,344.0953369140625,2088200
2021-10-13,Goldman Sachs,345.4040042007785,345.7422908196942,337.0626798893911,343.8995361328125,2391600
2021-10-14,Goldman Sachs,348.96484783882977,350.44261040352336,340.240737509759,348.252685546875,3380900
2021-10-15,Goldman Sachs,358.1429510446249,362.55841669961177,352.82835814885374,361.49017333984375,6451400
2021-10-18,Goldman Sachs,363.2171980296808,370.27660748325695,362.8522060496585,368.27362060546875,3832300
2021-10-19,Goldman Sachs,369.600157258612,370.19661439196284,364.71287634486674,366.9117126464844,2568300
2021-10-20,Goldman Sachs,365.8789420563321,368.8433507281626,361.60591418388753,363.1103820800781,2453400
2021-10-21,Goldman Sachs,362.14001368702674,367.3566958176486,360.1993484924967,362.8432922363281,2162100
2021-10-22,Goldman Sachs,364.9797901557816,369.760247575945,364.18751173664907,368.8344421386719,2411000
2021-10-25,Goldman Sachs,370.51696298548285,373.43687171245136,367.8997245766896,369.2172546386719,1824700
2021-10-26,Goldman Sachs,370.6593545984627,373.72170082826227,368.33590310756136,371.7632141113281,1843300
2021-10-27,Goldman Sachs,370.8197193838086,372.16395516334285,365.47841970428806,365.8701171875,2067200
2021-10-28,Goldman Sachs,366.7692153991276,369.36865965603306,364.15197659158855,369.2796325683594,1444700
2021-10-29,Goldman Sachs,368.5674075954879,370.2944296947383,366.0391961187168,367.9709777832031,2061700
2021-11-01,Goldman Sachs,371.28259230221556,372.76035491298995,367.8819588425028,370.9532165527344,1820800
2021-11-02,Goldman Sachs,369.5289033582915,379.3746964415933,367.472505256542,377.31829833984375,3000800
2021-11-03,Goldman Sachs,376.6683539747428,377.4517487434228,367.2676710850789,372.02142333984375,3542400
2021-11-04,Goldman Sachs,369.1282421155788,370.3211288873808,358.78393140983735,363.2706298828125,3802300
2021-11-05,Goldman Sachs,366.23502361664976,368.95019995249436,361.5168875366228,362.3892822265625,2105600
2021-11-08,Goldman Sachs,364.8908687760786,368.23806447582405,363.17273021545293,363.5110168457031,1728400
2021-11-09,Goldman Sachs,361.5257891918133,362.8344084589992,356.139990540346,360.8492431640625,2246900
2021-11-10,Goldman Sachs,358.1608101553514,361.0273085134127,353.63852206590974,355.30322265625,2243900
2021-11-11,Goldman Sachs,356.211217874791,359.4337970275585,354.7601607368073,358.169677734375,1252400
2021-11-12,Goldman Sachs,358.7572333502988,360.6266933495941,355.37442166947903,360.4575500488281,1360100
2021-11-15,Goldman Sachs,361.4278288410226,362.6207154593938,359.56727997725534,360.36846923828125,1436500
2021-11-16,Goldman Sachs,359.5673253090639,361.28543651701824,355.19635933140694,358.83734130859375,1311000
2021-11-17,Goldman Sachs,357.73345390040004,358.4456161298642,348.49300362832764,348.564208984375,2927000
2021-11-18,Goldman Sachs,349.2318864395813,350.67405984288064,343.3386581578198,348.40399169921875,1847400
2021-11-19,Goldman Sachs,340.4009989508236,347.39808779240855,339.2081120681839,344.8609924316406,2610400
2021-11-22,Goldman Sachs,349.997441934305,358.3031480162004,347.3445875939959,352.6680908203125,3058700
2021-11-23,Goldman Sachs,356.3091151532011,362.2824596080279,353.86993090351075,361.73052978515625,2402300
2021-11-24,Goldman Sachs,360.5376335043696,362.7453799045562,354.5731728980154,355.365478515625,2186300
2021-11-26,Goldman Sachs,342.2704521506675,348.7067001047063,340.7036624059297,346.64141845703125,2687900
2021-11-29,Goldman Sachs,350.7453168655999,352.8551257192746,340.46332669240536,344.10430908203125,2883400
2021-11-30,Goldman Sachs,341.4247010050606,344.36240431150543,335.8430538559159,339.1635437011719,4570400
2021-12-01,Goldman Sachs,343.4859952221574,349.15974831024397,336.6756835536983,336.9173278808594,2476000
2021-12-02,Goldman Sachs,338.2775741951416,348.20216958936027,336.5145920943455,346.8150634765625,3343700
2021-12-03,Goldman Sachs,348.9092219378661,348.9092219378661,339.19939547796184,342.5105895996094,2807500
2021-12-06,Goldman Sachs,347.8263941016233,352.2383155674485,343.1907167237389,348.3901672363281,1990200
2021-12-07,Goldman Sachs,352.22044871326995,359.53191244030495,351.7551029894781,358.0642395019531,2441000
2021-12-08,Goldman Sachs,359.06653208226544,359.49607353644933,353.6165063973358,355.5674133300781,1635200
2021-12-09,Goldman Sachs,354.1175613684204,358.1357174040917,351.70128209391123,354.82452392578125,2111500
2021-12-10,Goldman Sachs,356.17588678982014,356.9454999687624,347.8173906132828,349.9651794433594,1893800
2021-12-13,Goldman Sachs,350.0815573967191,350.0815573967191,342.4479388517369,344.2198791503906,2313300
2021-12-14,Goldman Sachs,343.25334361755904,351.2538800381827,342.98488023859255,347.9606018066406,2788500
2021-12-15,Goldman Sachs,348.5690560479803,350.26938744462853,340.6043256979666,348.93597412109375,2802300
2021-12-16,Goldman Sachs,353.60749177160733,357.822530478146,350.62741185830015,355.6120910644531,3578200
2021-12-17,Goldman Sachs,348.3096022203881,352.3009398358033,340.63124920876703,341.67828369140625,7058600
2021-12-20,Goldman Sachs,336.05826181593994,336.15671660619677,328.1203750759364,332.55914306640625,3735600
2021-12-21,Goldman Sachs,336.87259098623184,341.93780931565595,335.37809936549746,340.35382080078125,2942800
2021-12-22,Goldman Sachs,340.4433255330949,343.6560647391916,339.41415219271266,342.152587890625,1487900
2021-12-23,Goldman Sachs,343.4591769164129,346.87772888659794,343.26229467221435,344.57781982421875,1624000
2021-12-27,Goldman Sachs,346.3228967850118,348.22011084398474,344.54202596164697,347.2625732421875,1430400
2021-12-28,Goldman Sachs,348.0590707289902,350.20685994837794,345.65174867194565,346.8777770996094,1528200
2021-12-29,Goldman Sachs,347.19992486248816,348.53333851765,344.02298981311986,345.6159362792969,1327800
2021-12-30,Goldman Sachs,347.0030848663696,348.81976014345787,344.7210638978803,345.0074157714844,1160100
2021-12-31,Goldman Sachs,344.5420077607428,346.3318363724869,340.81916097104096,342.3494567871094,1601300
2022-01-03,Goldman Sachs,348.1217028674852,357.3393102967978,346.63614168080204,353.7864990234375,3334300
2022-01-04,Goldman Sachs,359.961398286475,367.16544766866934,359.0217218601337,364.6596984863281,3916400
2022-01-05,Goldman Sachs,366.7358936800536,369.29536295031215,356.07748768939325,356.7397155761719,3469600
2022-01-06,Goldman Sachs,358.8606304705872,359.03962425292394,345.82172270417766,355.21832275390625,2960900
2022-01-07,Goldman Sachs,355.8806468668857,358.4579775819307,353.0706023412114,355.7374572753906,2360700
2022-01-10,Goldman Sachs,359.1470217532451,361.87649950724983,352.79312461387957,357.22296142578125,3009400
2022-01-11,Goldman Sachs,358.1894110588044,360.9546926788991,354.66344690125896,360.6951599121094,1748800
2022-01-12,Goldman Sachs,360.86527348897357,361.6528025297396,347.7279366670902,349.2940368652344,4158000
2022-01-13,Goldman Sachs,352.6409850350628,355.1646500304315,348.79286429422945,349.7325134277344,2497800
2022-01-14,Goldman Sachs,341.97364171986914,343.99615698953573,335.59289772149197,340.90869140625,4685300
2022-01-18,Goldman Sachs,322.2049840686135,323.5742019905346,310.7411329372726,317.15765380859375,13123500
2022-01-19,Goldman Sachs,320.68356998731787,321.90959814363515,309.9893610555205,310.8216247558594,7426100
2022-01-20,Goldman Sachs,312.2356043778796,319.64549394029933,309.765659397485,311.5196838378906,4599900
2022-01-21,Goldman Sachs,309.22867307197015,312.3161108029717,304.9151798954729,307.76995849609375,4904100
2022-01-24,Goldman Sachs,301.8724602747251,307.91313104020355,291.9478652128645,307.3045959472656,6569800
2022-01-25,Goldman Sachs,302.35572313252874,306.8929450506741,296.13608532225106,305.657958984375,3959300
2022-01-26,Goldman Sachs,310.17726511036375,313.64953655286973,302.84791567646937,306.669189453125,3745900
2022-01-27,Goldman Sachs,309.34498060735814,312.1191925732902,302.23040232032236,305.19256591796875,2573400
2022-01-28,Goldman Sachs,302.23941635944055,310.66949377117754,298.40918424800947,310.5442199707031,3714600
2022-01-31,Goldman Sachs,308.38750848436933,317.8825371833564,307.3494045004617,317.4082336425781,3312400
2022-02-01,Goldman Sachs,318.7057668506296,326.2319978044947,316.844330205045,325.80242919921875,3303700
2022-02-02,Goldman Sachs,325.30132670687374,329.80274424810955,320.22715094212055,324.9075622558594,2742400
2022-02-03,Goldman Sachs,324.69283488296963,327.323885288109,320.5225306850999,321.1668701171875,2372900
2022-02-04,Goldman Sachs,324.1111115942151,331.96845775388437,323.0819383402658,328.9704895019531,3762300
2022-02-07,Goldman Sachs,327.0822018100943,332.433798878464,325.1670995089032,329.4626770019531,2635600
2022-02-08,Goldman Sachs,332.0848233397178,333.489845501439,327.7623988069367,331.20782470703125,3422300
2022-02-09,Goldman Sachs,333.80305386006665,336.73837184716206,331.9237282555672,335.1722717285156,2250400
2022-02-10,Goldman Sachs,332.6486061284885,337.74067097611913,330.07124842507955,331.62841796875,2406200
2022-02-11,Goldman Sachs,329.82063270111377,335.50334359539266,322.85820099634583,324.9075622558594,3142100
2022-02-14,Goldman Sachs,324.90763746712923,326.0083920705388,319.6455361405807,322.38397216796875,2585600
2022-02-15,Goldman Sachs,325.82933055420403,327.440192613063,323.38620478577343,325.6950988769531,1846400
2022-02-16,Goldman Sachs,323.3772721075322,324.87176362221567,319.0637788358656,322.2138671875,2165300
2022-02-17,Goldman Sachs,321.0773522905712,323.0282589150602,311.28698763844386,312.3787841796875,3102400
2022-02-18,Goldman Sachs,309.2554757014471,313.21993865617713,307.28665373422086,309.67608642578125,2910900
2022-02-22,Goldman Sachs,306.4723702465876,312.32511792575133,305.3447967015153,308.0921630859375,2590800
2022-02-23,Goldman Sachs,311.04534200550984,312.55774922218603,304.1097568003858,305.3357849121094,2217300
2022-02-24,Goldman Sachs,294.0419585366603,305.16573523419834,292.59220193545104,304.44085693359375,4564000
2022-02-25,Goldman Sachs,304.4408704183266,313.84642760163354,304.4408704183266,313.3273620605469,2980500
2022-02-28,Goldman Sachs,304.49463534808,307.7073748802092,302.0783554585419,305.42535400390625,4245700
2022-03-01,Goldman Sachs,303.7239264788202,304.4080792777343,294.3799552372428,295.44219970703125,5631500
2022-03-02,Goldman Sachs,298.50285080164673,304.2640582444999,294.72204382298474,302.8057556152344,3469900
2022-03-03,Goldman Sachs,305.0472212838642,307.4147241404907,297.1795735916505,300.1412048339844,2393700
2022-03-04,Goldman Sachs,294.3619241875148,297.6566205805174,291.6613560757027,296.76544189453125,3293100
2022-03-07,Goldman Sachs,294.1999207753581,295.07310563518143,288.82578869409525,289.7619934082031,3689900
2022-03-08,Goldman Sachs,290.31113339420955,297.5666590574341,286.755373639964,289.2939147949219,3596400
2022-03-09,Goldman Sachs,298.5748546835218,303.7869597187696,297.08954746345955,300.2942199707031,3202100
2022-03-10,Goldman Sachs,294.92908343432015,298.7188734492995,292.34554402474794,296.9725036621094,2232600
2022-03-11,Goldman Sachs,300.99639247528734,303.01280839050855,294.1009368353925,294.36199951171875,2613500
2022-03-14,Goldman Sachs,296.35139383082446,298.5208539412141,290.67119997251166,292.5436096191406,2342200
2022-03-15,Goldman Sachs,294.4250036156909,298.7729070680346,292.41757102324954,296.306396484375,2140700
2022-03-16,Goldman Sachs,301.62645549925816,307.2616222131212,300.8973043152631,306.74853515625,3468500
2022-03-17,Goldman Sachs,303.69697378812316,309.30516512285465,301.4735042833145,309.0080871582031,2403500
2022-03-18,Goldman Sachs,305.04722795059547,312.15871989049356,303.6339237660529,310.907470703125,5861900
2022-03-21,Goldman Sachs,310.79944076066,311.735618076768,303.49888950828625,305.16424560546875,3401200
2022-03-22,Goldman Sachs,308.04486601747146,311.68161191388515,306.1724564239636,308.7740173339844,2840200
2022-03-23,Goldman Sachs,306.06439344753625,306.8115385558012,301.68047550155256,302.112548828125,2196800
2022-03-24,Goldman Sachs,302.8597168920099,303.813915436096,300.9332984344324,302.6706848144531,1944100
2022-03-25,Goldman Sachs,303.75089195867565,307.7117196849591,301.99553917341336,303.8049011230469,1580800
2022-03-28,Goldman Sachs,304.39907216577376,304.71414398326766,298.4218282056636,301.8335266113281,2182600
2022-03-29,Goldman Sachs,308.28792282540115,309.6652117672459,303.12084348973355,305.7583923339844,2378700
2022-03-30,Goldman Sachs,305.16422329311763,305.93837303309704,300.33021034614313,302.0945739746094,2650200
2022-03-31,Goldman Sachs,302.58072999639484,302.9137957478226,297.152587890625,297.152587890625,2632000
2022-04-01,Goldman Sachs,300.60028508525306,300.8073385682569,294.8750928241496,297.2605895996094,2444800
2022-04-04,Goldman Sachs,297.06254936756056,298.74589941852,293.33575147094274,295.4512023925781,2569400
2022-04-05,Goldman Sachs,294.68603568113235,296.82849118944546,291.1933233295985,291.6253967285156,2573900
2022-04-06,Goldman Sachs,288.06073177340454,288.61884504575755,284.234925179539,284.69403076171875,3151300
2022-04-07,Goldman Sachs,283.55969171368326,284.3068369091059,277.438414119299,282.7945251464844,3562600
2022-04-08,Goldman Sachs,282.28138503429665,291.3733036319084,281.7592872604239,289.3118896484375,3294200
2022-04-11,Goldman Sachs,288.6097616004555,296.07234074374725,287.18747418338245,288.74481201171875,2747700
2022-04-12,Goldman Sachs,289.5729644941341,294.46999778709693,286.26928426802857,287.86260986328125,2365200
2022-04-13,Goldman Sachs,284.2798335808989,290.42814326015184,283.30764100679863,289.8340148925781,3022900
2022-04-14,Goldman Sachs,295.6852388321532,299.79010065264214,287.18744796513323,289.5369567871094,5460900
2022-04-18,Goldman Sachs,288.6457398300737,299.45702384738877,288.6457398300737,296.9544982910156,3653400
2022-04-19,Goldman Sachs,297.4856223511612,303.5439075186578,297.4856223511612,302.4186706542969,2774800
2022-04-20,Goldman Sachs,304.3541231125367,310.4754016826155,303.81400383362205,307.0186767578125,3040100
2022-04-21,Goldman Sachs,309.9622180847868,312.6808077780175,300.0871388196577,300.9333190917969,3097800
2022-04-22,Goldman Sachs,299.14202372403304,299.3130619571658,287.58359178594935,287.8536376953125,3125200
2022-04-25,Goldman Sachs,284.8020254182341,290.0051208536375,281.5253216808692,289.3389892578125,3093600
2022-04-26,Goldman Sachs,286.2153018724714,289.50098850498114,281.5793033326704,281.86737060546875,2791700
2022-04-27,Goldman Sachs,280.98510553850014,287.3764276878964,280.98510553850014,281.96630859375,2469300
2022-04-28,Goldman Sachs,285.4681117774025,287.4845276214131,280.9941685197999,286.6293640136719,2176000
2022-04-29,Goldman Sachs,285.58510774806257,287.2324423813738,274.2967241658305,274.9988708496094,3129600
2022-05-02,Goldman Sachs,275.28697091717316,280.29202274161156,272.0462829624562,279.4368591308594,2968100
2022-05-03,Goldman Sachs,280.4270233731799,287.6285393789056,280.2470019559988,283.2536315917969,2606200
2022-05-04,Goldman Sachs,284.3068087737109,292.3815088661002,281.012139713903,291.7603759765625,2629400
2022-05-05,Goldman Sachs,288.51072789300923,288.67275540597353,277.87949234840846,281.82232666015625,2622100
2022-05-06,Goldman Sachs,281.11114440346444,282.3984086507707,275.51196524316686,281.7232666015625,2375600
2022-05-09,Goldman Sachs,278.0865749008182,282.4524723513615,274.53982578646264,278.0595703125,3234000
2022-05-10,Goldman Sachs,280.6070819853525,283.69472548661327,270.6419772739414,274.61181640625,2798400
2022-05-11,Goldman Sachs,274.6118225561727,279.87793693009223,270.9570551725045,271.4521484375,2320600
2022-05-12,Goldman Sachs,270.05686537458155,272.6584263640604,264.5657036176441,269.5257568359375,3408300
2022-05-13,Goldman Sachs,273.32446786601554,278.7256033955198,273.2704587084482,276.3490905761719,2152500
2022-05-16,Goldman Sachs,275.4130186184393,275.88110731982783,270.5519728098063,273.1535339355469,1568800
2022-05-17,Goldman Sachs,278.9417371658921,282.94759173393214,277.3754161077829,281.7323303222656,2096200
2022-05-18,Goldman Sachs,278.15850166686084,281.6332192780151,274.4497260400917,276.1150817871094,2033200
2022-05-19,Goldman Sachs,273.4955811128102,279.04973495649875,273.10850622010395,277.43841552734375,2108800
2022-05-20,Goldman Sachs,280.1929651426172,281.3902049729557,269.52571511714075,276.1781005859375,2201100
2022-05-23,Goldman Sachs,281.5073398764802,289.7080553171985,280.02203228247083,285.0090637207031,2653000
2022-05-24,Goldman Sachs,283.87473109372144,284.2797998383489,275.84502960603766,282.6144714355469,1870900
2022-05-25,Goldman Sachs,280.18403970367035,285.9002497027899,279.04080869249003,283.4697265625,1929500
2022-05-26,Goldman Sachs,286.5302830845203,293.0116579353246,286.24224334684095,291.32830810546875,2440400
2022-05-27,Goldman Sachs,294.13693644573385,295.8653124750176,290.93226383474973,295.7842712402344,2106700
2022-05-31,Goldman Sachs,293.456677828519,298.62823139888104,292.2339739173883,296.02886962890625,2722900
2022-06-01,Goldman Sachs,296.16469772901246,298.2206323164201,286.04798931783824,291.5003356933594,2330200
2022-06-02,Goldman Sachs,290.3591370390428,294.53443958993455,289.127395008486,293.67401123046875,1957500
2022-06-03,Goldman Sachs,290.6218290610208,292.08906272115144,287.5605501208235,288.6292724609375,1238900
2022-06-06,Goldman Sachs,292.5418107279886,294.5434048517098,289.6345144038712,290.28662109375,1099700
2022-06-07,Goldman Sachs,288.26689373496066,291.49119134038915,286.79966060033547,291.19232177734375,2516800
2022-06-08,Goldman Sachs,288.32128260717485,289.41717471085366,283.30368385206526,285.00640869140625,1438100
2022-06-09,Goldman Sachs,283.99209559994677,284.51741856879175,275.3516853441472,275.5328369140625,2896500
2022-06-10,Goldman Sachs,268.98456660821506,270.4880360189793,259.8007579731128,259.9547119140625,3866900
2022-06-13,Goldman Sachs,252.6909662283777,259.41129010824056,252.0750952381577,256.6036071777344,4218100
2022-06-14,Goldman Sachs,257.518297039509,261.91095828310637,254.77402045059557,255.89710998535156,2487700
2022-06-15,Goldman Sachs,260.0815047474998,266.7112529553514,257.37346341368095,262.71710205078125,2725800
2022-06-16,Goldman Sachs,256.023893484502,259.1485771575566,252.82676579634725,258.1070251464844,2777300
2022-06-17,Goldman Sachs,255.52583453941395,259.26639004952665,251.921128867715,253.406494140625,5234400
2022-06-21,Goldman Sachs,260.6339349725059,260.905662240209,256.29564095519913,257.95306396484375,2506300
2022-06-22,Goldman Sachs,255.67069654363152,259.0399100278168,254.53856872824454,257.7085266113281,2463100
2022-06-23,Goldman Sachs,257.0020688030365,259.5651939042719,252.62751163598128,259.184814453125,2547000
2022-06-24,Goldman Sachs,263.5594122561416,274.5455873680942,262.653709808526,274.201416015625,3984300
2022-06-27,Goldman Sachs,274.48214497509866,275.6233387517252,270.6963158822742,272.4171447753906,2091700
2022-06-28,Goldman Sachs,277.0543344918082,279.8348472510998,270.9680137885261,271.248779296875,2276600
2022-06-29,Goldman Sachs,274.76293690242875,278.44915236083216,271.6292142892635,274.6814270019531,2475900
2022-06-30,Goldman Sachs,268.61320748006847,272.00959150345506,264.67342412481514,269.01171875,2669500
2022-07-01,Goldman Sachs,267.4267047018986,272.0095560692677,264.21147263453923,271.0133056640625,1749400
2022-07-05,Goldman Sachs,265.37084298131674,269.3106545398963,261.16836994820574,269.1748046875,2480900
2022-07-06,Goldman Sachs,268.3324372713684,269.3015454627235,263.1971201957701,266.05914306640625,1774500
2022-07-07,Goldman Sachs,269.59135611316094,270.8683997022086,265.9142069020769,270.4427185058594,2046500
2022-07-08,Goldman Sachs,272.16352880250184,272.51676595059973,267.24557217018116,268.5135498046875,1438900
2022-07-11,Goldman Sachs,265.5519757330743,268.57701867148256,264.3564418369812,265.5338439941406,1519400
2022-07-12,Goldman Sachs,262.39104192136114,270.87746922491556,262.2099180201893,264.94512939453125,1772600
2022-07-13,Goldman Sachs,263.1156180241097,263.73148903414614,258.858805608002,262.78955078125,1884100
2022-07-14,Goldman Sachs,257.43684906822625,257.43684906822625,251.640359061988,255.0367431640625,3171900
2022-07-15,Goldman Sachs,259.4837006097493,268.47731752611725,258.2609970160809,266.1587219238281,3457600
2022-07-18,Goldman Sachs,276.92762070606636,281.8999188639268,270.5424011406612,272.8519592285156,6767900
2022-07-19,Goldman Sachs,274.9621467635024,289.0458335399303,274.8806368765965,288.05859375,5641100
2022-07-20,Goldman Sachs,287.36127017245326,291.7901683883612,286.4827376966511,291.1380615234375,3489800
2022-07-21,Goldman Sachs,290.2867228332576,296.309639048833,289.68895585471057,295.74810791015625,2518800
2022-07-22,Goldman Sachs,296.2643437439836,298.0214088777405,291.8083027382574,293.38421630859375,1830300
2022-07-25,Goldman Sachs,295.23173740347187,296.4272709012018,292.1795255135353,293.5561828613281,4024500
2022-07-26,Goldman Sachs,291.4278064768621,293.7101938633372,287.79595920652395,288.5114440917969,2054700
2022-07-27,Goldman Sachs,290.0874105582938,295.6122003667478,288.35751577008205,293.9366455078125,2081900
2022-07-28,Goldman Sachs,294.6249598925071,298.86366784633907,291.53653923882587,298.07568359375,1820700
2022-07-29,Goldman Sachs,298.4288923709628,303.57327453457003,298.4288923709628,301.95208740234375,2112200
2022-08-01,Goldman Sachs,300.4487122593905,303.2291980390126,297.98520025553415,300.76568603515625,1476500
2022-08-02,Goldman Sachs,298.42893387101157,300.5392082524835,296.3639335525509,296.9617004394531,1862900
2022-08-03,Goldman Sachs,300.75662094120173,303.87223959837445,298.5376388699544,301.7528991699219,1770600
2022-08-04,Goldman Sachs,301.85248310456865,302.77628956653433,299.4433114968639,300.575439453125,1533400
2022-08-05,Goldman Sachs,299.6968739319347,305.140153388814,298.58287783558836,303.11138916015625,1876400
2022-08-08,Goldman Sachs,305.32124145782365,306.8881161427444,302.81245642851985,303.1203918457031,1460000
2022-08-09,Goldman Sachs,304.4518212567146,306.2813575840381,303.02082379063836,304.87750244140625,1587900
2022-08-10,Goldman Sachs,309.17044851748824,316.72402818177613,309.1614102917825,315.1028137207031,2459500
2022-08-11,Goldman Sachs,316.99585208068487,322.4753407535702,316.7965964394975,318.5174255371094,2360800
2022-08-12,Goldman Sachs,320.11145610956606,321.1258383677201,317.1316874963558,320.45562744140625,2369000
2022-08-15,Goldman Sachs,317.9015274911618,324.80297503312505,316.1353968380517,322.294189453125,2045700
2022-08-16,Goldman Sachs,319.70392197009323,322.85577667308183,318.8253894248257,321.4972229003906,1740900
2022-08-17,Goldman Sachs,318.7166591458331,322.0587031093545,317.69321104320414,320.3831481933594,1576300
2022-08-18,Goldman Sachs,319.4050064402449,321.6149224710355,317.77472556318907,321.089599609375,1102200
2022-08-19,Goldman Sachs,317.90146946944566,318.68036008763346,314.73151179667343,316.3345947265625,1812300
2022-08-22,Goldman Sachs,310.14874985064745,312.0416646584031,308.62717636496524,310.1306457519531,1723900
2022-08-23,Goldman Sachs,309.70497877914494,311.625063643429,307.0603153359872,308.10186767578125,1538000
2022-08-24,Goldman Sachs,307.0511988095601,311.8514378181821,306.5711776726821,309.69586181640625,1530800
2022-08-25,Goldman Sachs,311.96915972038124,314.15187788035684,309.84979207354564,313.8167724609375,1763900
2022-08-26,Goldman Sachs,315.49243582609506,315.85471133291054,304.31606921974696,304.6783447265625,1703900
2022-08-29,Goldman Sachs,302.4321594238281,304.6782837000997,300.70226451244037,302.4321594238281,1835600
2022-08-30,Goldman Sachs,303.4103024883493,304.32507075254176,299.95051270402416,302.16949462890625,1830300
2022-08-31,Goldman Sachs,302.55269962447176,305.8287435298773,300.8462538641934,303.57476806640625,2488000
2022-09-01,Goldman Sachs,301.01968834615093,304.5055992541977,296.2288513885311,304.33221435546875,1575100
2022-09-02,Goldman Sachs,305.4089732616451,310.55571379187035,301.1109163540126,302.4888610839844,2215400
2022-09-06,Goldman Sachs,303.2553977356352,304.10405352694943,295.1702762349038,297.9352722167969,1578100
2022-09-07,Goldman Sachs,295.8912253191762,303.10942324010364,294.97868491726666,301.64935302734375,1496600
2022-09-08,Goldman Sachs,301.40290332588313,306.4401150852616,298.72913943825836,306.0477294921875,1755600
2022-09-09,Goldman Sachs,308.420399370894,311.20363631570206,307.5534748937785,310.35498046875,1445600
2022-09-12,Goldman Sachs,311.7785509516249,314.2515275947767,310.3458558650427,312.6180725097656,1563200
2022-09-13,Goldman Sachs,306.6865690754947,307.0880890842165,298.2455702737456,299.6691589355469,2242100
2022-09-14,Goldman Sachs,299.7238952373321,301.986977528642,295.2068092728823,298.6379699707031,1953300
2022-09-15,Goldman Sachs,299.9794109507318,305.95653933634475,298.9391015439715,302.61663818359375,1489400
2022-09-16,Goldman Sachs,297.8349536986901,300.225805199224,291.8213155321152,297.6798095703125,2946800
2022-09-19,Goldman Sachs,292.5330491782529,300.49040166803354,292.5056740833319,299.9154968261719,1652700
2022-09-20,Goldman Sachs,297.2144243269753,298.2181965047311,292.02206713735796,294.9878234863281,1569900
2022-09-21,Goldman Sachs,296.502611902698,300.9466787884721,292.58780614716665,292.6607971191406,1796700
2022-09-22,Goldman Sachs,294.12996587228537,295.1063905763187,283.98252323764825,285.5520935058594,2239900
2022-09-23,Goldman Sachs,280.651808505413,282.69591808134476,271.4442785673912,275.5598449707031,2918500
2022-09-26,Goldman Sachs,272.84946884787286,275.678348509309,266.74457382202445,268.8525390625,2308800
2022-09-27,Goldman Sachs,271.48076941204073,272.9864555046214,263.37740619197814,265.8960266113281,2007400
2022-09-28,Goldman Sachs,268.2868453404411,275.9613125234645,266.88152549583424,274.4830017089844,2289700
2022-09-29,Goldman Sachs,271.0883695815816,273.1689604742631,266.0511290056527,270.2123107910156,1930800
2022-09-30,Goldman Sachs,270.1119577050614,274.7567849872885,267.10058553221813,267.4199523925781,1970800
2022-10-03,Goldman Sachs,271.17963805876553,274.8845497884501,265.6405112464434,272.9864501953125,1938800
2022-10-04,Goldman Sachs,279.9673364956185,287.59618743782846,279.1278150639822,287.33154296875,2399500
2022-10-05,Goldman Sachs,279.76655507020797,283.0790803668098,277.04720316716987,281.97491455078125,1992800
2022-10-06,Goldman Sachs,280.50579251507196,282.0479600912172,276.88300619921597,278.023681640625,1367400
2022-10-07,Goldman Sachs,277.41221872878083,278.4616343812423,272.98639322212165,274.7475891113281,1790100
2022-10-10,Goldman Sachs,277.0746291339372,278.0692947671804,272.3294082052243,274.2548828125,1309600
2022-10-11,Goldman Sachs,271.94618601347906,276.0617244696231,268.2138989477754,268.478515625,2392800
2022-10-12,Goldman Sachs,268.2777094274809,273.5613254742682,266.197118691995,269.4822692871094,1763800
2022-10-13,Goldman Sachs,265.01995531476604,281.7559403888463,262.5834605603022,280.2137451171875,2724900
2022-10-14,Goldman Sachs,280.56973130503474,284.36590362710587,272.91352998235743,273.7530517578125,2397600
2022-10-17,Goldman Sachs,277.7863615810459,284.3657685297075,277.5399857560976,279.88519287109375,3118600
2022-10-18,Goldman Sachs,293.5368281201934,296.1010639393348,284.7125518402581,286.4007568359375,6428600
2022-10-19,Goldman Sachs,285.2691977343509,287.2585566689752,281.1171506846011,284.4935607910156,2363800
2022-10-20,Goldman Sachs,284.8038327318706,288.4083502018377,281.9749522368135,283.62664794921875,2382300
2022-10-21,Goldman Sachs,283.8000457528985,297.27825654984343,282.42210092790907,296.6668701171875,3545700
2022-10-24,Goldman Sachs,299.7695376554591,302.26988957551714,297.35131103403165,299.9520568847656,2232600
2022-10-25,Goldman Sachs,299.18551897027766,304.423520447438,297.41521599720846,303.3284606933594,1837700
2022-10-26,Goldman Sachs,305.2630039573989,309.0500688884619,304.9162619988682,306.3306884765625,2176700
2022-10-27,Goldman Sachs,309.63405347036525,312.0249046508325,307.09719249700794,307.6903381347656,1998800
2022-10-28,Goldman Sachs,308.91316057245035,312.6180723012847,306.6135688316808,311.924560546875,1677100
2022-10-31,Goldman Sachs,311.24013155316277,315.90319919001655,310.78386139620153,314.3792724609375,2224000
2022-11-01,Goldman Sachs,314.9450448439734,318.193686152678,313.7039755285412,318.0932922363281,2316600
2022-11-02,Goldman Sachs,317.21725454423495,326.1784069714503,316.4142146246895,319.1974792480469,3221200
2022-11-03,Goldman Sachs,317.1077952744334,320.000560653021,312.627218479956,318.35797119140625,2515600
2022-11-04,Goldman Sachs,323.03923373091476,327.0361642989414,320.5115073794469,326.6072692871094,3172700
2022-11-07,Goldman Sachs,328.5236800795705,331.2156575649116,327.1639759392738,330.85064697265625,2526900
2022-11-08,Goldman Sachs,330.6133215014497,335.07565669212744,329.84679103311925,332.1828918457031,3501300
2022-11-09,Goldman Sachs,331.206554660342,335.03920769303244,329.31758931823566,330.3396301269531,3047200
2022-11-10,Goldman Sachs,337.63990645072766,347.15769496784264,337.40263706439816,345.2231140136719,3790400
2022-11-11,Goldman Sachs,346.76530876376677,353.15309076730983,345.6246334059912,351.483154296875,3409100
2022-11-14,Goldman Sachs,350.41552498441234,353.4268972628376,347.22163348064817,348.9189453125,2609100
2022-11-15,Goldman Sachs,352.2223438661523,355.50746693638496,347.3584880736359,349.3934631347656,3192400
2022-11-16,Goldman Sachs,349.6945499050483,351.6930153290071,346.77443774317925,348.8915100097656,2303700
2022-11-17,Goldman Sachs,344.16458960390906,348.33490571336205,342.21176772382114,346.5645751953125,2297600
2022-11-18,Goldman Sachs,347.9334111809406,349.34783769642274,344.38364341860625,346.03533935546875,2384500
2022-11-21,Goldman Sachs,345.76151413203746,347.46796003743094,342.58589171079865,346.9569396972656,1877500
2022-11-22,Goldman Sachs,348.04283848067644,352.0853850197463,348.04283848067644,350.29681396484375,2019400
2022-11-23,Goldman Sachs,350.3242440336658,354.24818435125655,349.87710816190133,352.4687194824219,1865400
2022-11-25,Goldman Sachs,352.0215804938736,355.3797223570529,351.4922914864301,354.8504333496094,1129300
2022-11-28,Goldman Sachs,351.7204511151617,354.4215908378537,347.5775376155019,348.9189453125,2232200
2022-11-29,Goldman Sachs,347.7965065491893,351.26414872480456,346.0900605578226,350.1508483886719,1746900
2022-11-30,Goldman Sachs,351.3357444973324,354.6883544921875,344.5386664191702,354.6883544921875,2964100
2022-12-01,Goldman Sachs,355.00983542087323,355.00983542087323,349.45277158987676,352.53900146484375,1706300
2022-12-02,Goldman Sachs,350.4355896712707,351.35411451862467,347.56979663251093,349.5721740722656,1932300
2022-12-05,Goldman Sachs,347.70757806566206,348.001512751319,339.220417243187,341.26873779296875,2329600
2022-12-06,Goldman Sachs,339.3765418543949,340.19401432287845,330.97201779032383,333.3418273925781,3081900
2022-12-07,Goldman Sachs,332.9560771567172,335.5371298454394,328.96968251281464,330.5954895019531,2128200
2022-12-08,Goldman Sachs,332.53351849534107,333.047890119615,327.04992454446483,328.90533447265625,1967800
2022-12-09,Goldman Sachs,327.64696131844704,332.1753097169446,327.187698935605,329.8789978027344,1588800
2022-12-12,Goldman Sachs,329.35539744373875,334.3521738879108,327.3070773397042,333.58978271484375,1750400
2022-12-13,Goldman Sachs,344.1069799661318,347.71677601376854,335.7300375531424,338.65093994140625,3062600
2022-12-14,Goldman Sachs,337.1077988166713,338.7794926638659,330.16375350939353,331.0179748535156,2519700
2022-12-15,Goldman Sachs,325.5986773428242,327.09584920294213,319.59151737317654,321.3275146484375,3163700
2022-12-16,Goldman Sachs,316.9645589571063,319.44458739017006,315.4306380773664,318.131103515625,5008800
2022-12-19,Goldman Sachs,318.0575608729395,320.0140231109882,314.71414529836125,316.5328063964844,1646700
2022-12-20,Goldman Sachs,317.8003946568826,319.11390645793284,315.50408259853657,316.422607421875,1623000
2022-12-21,Goldman Sachs,319.8854845987431,322.29201530627944,318.6271099945089,321.63067626953125,1923100
2022-12-22,Goldman Sachs,318.8750518754564,319.692524317277,312.18819289425596,317.42376708984375,1528900
2022-12-23,Goldman Sachs,316.7441036091539,319.42620848537643,315.1550455389828,317.3595275878906,1062000
2022-12-27,Goldman Sachs,318.2780203736564,319.4169820946944,313.9425824285801,314.10791015625,1035000
2022-12-28,Goldman Sachs,312.75768449943007,314.91622331733043,311.6554435618614,313.0975341796875,1117200
2022-12-29,Goldman Sachs,314.5396744302198,316.5604404575782,313.43743331872327,315.4490051269531,1273600
2022-12-30,Goldman Sachs,313.8966819213983,315.6878166407314,311.7473370768914,315.403076171875,1031400
2023-01-03,Goldman Sachs,317.350288282782,320.1977204987851,314.8794545627772,318.0116271972656,1589700
2023-01-04,Goldman Sachs,319.6741640628416,321.7683993482839,316.9645048680435,319.3710632324219,1881000
2023-01-05,Goldman Sachs,316.2021127891517,317.0196131878423,312.4269899084066,315.7520446777344,1397800
2023-01-06,Goldman Sachs,319.00364456699003,320.565147903911,313.17103464466254,319.7200927734375,3097800
2023-01-09,Goldman Sachs,323.2105145106572,327.45409464633497,321.024420978665,324.2392578125,1989000
2023-01-10,Goldman Sachs,323.9085781688559,328.37259495582055,321.9429217678744,328.2439880371094,1610100
2023-01-11,Goldman Sachs,329.63096669705544,335.72079016645426,327.18768754168195,334.7839050292969,2127000
2023-01-12,Goldman Sachs,336.4004890256918,339.94600906896954,333.02951895521306,339.7990417480469,2103100
2023-01-13,Goldman Sachs,333.874584766812,343.8497790948109,332.8366472137305,343.5282897949219,3310200
2023-01-17,Goldman Sachs,335.0779066885218,336.90579048825924,315.9725980206658,321.4102783203125,14448300
2023-01-18,Goldman Sachs,319.9405426755645,325.88339883695784,319.4628918730507,320.6477966308594,5585200
2023-01-19,Goldman Sachs,317.8371988963986,323.4677615298339,317.3687421848768,322.1726379394531,3100400
2023-01-20,Goldman Sachs,321.36427867464903,323.550372261071,310.65427576353204,313.988525390625,11247200
2023-01-23,Goldman Sachs,313.83240471978496,321.0795513691126,308.77132371525795,320.69378662109375,4915700
2023-01-24,Goldman Sachs,312.29843814791155,321.75923256169597,312.29843814791155,319.9497375488281,2372000
2023-01-25,Goldman Sachs,316.6614238501639,321.44693019508696,315.8806721662753,321.1438293457031,1985200
2023-01-26,Goldman Sachs,323.0727857851695,326.0763522342518,321.0428254944616,326.0487976074219,1919200
2023-01-27,Goldman Sachs,323.2748750007047,326.9856957039212,323.16462845792887,324.8822937011719,2427400
2023-01-30,Goldman Sachs,324.5056436377341,332.8090878826374,323.6881430876117,328.33587646484375,3184500
2023-01-31,Goldman Sachs,329.8973399343934,336.10657597646747,327.7847162716438,336.0055236816406,2311500
2023-02-01,Goldman Sachs,329.84229079050596,338.88057226723873,329.52999569430955,335.9137268066406,2889400
2023-02-02,Goldman Sachs,338.0171683781163,342.50876866287814,334.84824621210913,339.3674011230469,2619600
2023-02-03,Goldman Sachs,335.831030009323,344.051838111243,335.66570227421823,339.8082580566406,2243100
2023-02-06,Goldman Sachs,338.93565580779654,341.0115308539866,335.97800479034146,340.5889892578125,1816200
2023-02-07,Goldman Sachs,338.173269154373,345.65004603462194,337.4108779153006,343.8956604003906,2205500
2023-02-08,Goldman Sachs,342.536288390296,347.52387143807215,341.67287281654455,344.5386657714844,1893200
2023-02-09,Goldman Sachs,346.3206008877392,348.7454918006737,337.8334126145872,338.0079345703125,2052500
2023-02-10,Goldman Sachs,337.0986521320755,341.90254764740837,334.8574490416204,341.0299377441406,1933400
2023-02-13,Goldman Sachs,339.0183405007243,344.5019350893385,338.01715175735546,343.5466613769531,1570600
2023-02-14,Goldman Sachs,343.4731832916492,346.32978210888575,339.28471223472405,341.4891662597656,2155500
2023-02-15,Goldman Sachs,338.69686165837334,343.86816131512575,338.24679342866875,343.8406066894531,1687200
2023-02-16,Goldman Sachs,340.54304971249013,343.7578863247456,338.75191524463037,340.0378723144531,1947800
2023-02-17,Goldman Sachs,338.0630929941764,340.8278620338707,336.9700460729557,338.4764404296875,1857300
2023-02-21,Goldman Sachs,336.8413757103251,336.8413757103251,330.7515525257187,331.6976318359375,2403000
2023-02-22,Goldman Sachs,332.16618020192703,333.4245548910487,328.86867901453945,331.4864807128906,2203800
2023-02-23,Goldman Sachs,333.6082371409186,337.9069267167048,330.3107082579658,333.9205322265625,1931400
2023-02-24,Goldman Sachs,330.8251268306104,335.42691753600565,330.2372574374099,334.2052917480469,2428600
2023-02-27,Goldman Sachs,338.2191858803736,340.1297050340904,334.8114668933554,335.74835205078125,2842400
2023-02-28,Goldman Sachs,336.18004165109255,336.1892358681,322.70527191022416,322.99920654296875,4945600
2023-03-01,Goldman Sachs,323.2212676136708,326.1353320617389,320.0481476101771,320.2979431152344,2717400
2023-03-02,Goldman Sachs,318.2257186526773,323.5820652979896,314.9878627647036,322.9530029296875,3259800
2023-03-03,Goldman Sachs,324.37765477809876,330.9736058008067,323.3785291903502,330.34454345703125,2396200
2023-03-06,Goldman Sachs,331.24191791898534,331.9819879984736,327.23623991379014,330.30755615234375,1614200
2023-03-07,Goldman Sachs,328.9199251527723,329.52126389264424,319.74293134501187,320.1592102050781,2048500
2023-03-08,Goldman Sachs,320.26093298568395,323.49878866477627,319.3173394941042,323.1287536621094,1584600
2023-03-09,Goldman Sachs,323.0455049385957,327.7542689123341,315.50590396475104,316.468017578125,3177800
2023-03-10,Goldman Sachs,313.48917267251545,314.4697781037031,301.6108715922104,303.1280517578125,4559700
2023-03-13,Goldman Sachs,295.7272716590253,301.6849006094959,290.9814954402165,291.87884521484375,5660700
2023-03-14,Goldman Sachs,300.4452461278261,301.93467443227854,295.0611760989425,298.021484375,3785900
2023-03-15,Goldman Sachs,287.49383831239055,289.10353442979846,281.61020519152686,288.8074951171875,6596700
2023-03-16,Goldman Sachs,285.856399437126,294.4783532767015,282.08199726463516,291.4902648925781,4399100
2023-03-17,Goldman Sachs,286.8647009659842,287.1514801526603,279.26036603107843,280.8052978515625,6369800
2023-03-20,Goldman Sachs,283.8027109352598,288.81677479280336,283.321668193478,286.34674072265625,3963700
2023-03-21,Goldman Sachs,293.8307665086317,296.3285521284632,291.7307960341429,293.5162353515625,3242400
2023-03-22,Goldman Sachs,293.5162390180879,298.08624325069115,290.0100959954207,290.1766357421875,2505900
2023-03-23,Goldman Sachs,291.601272542263,297.2906418356141,289.22378284480425,291.26824951171875,2585900
2023-03-24,Goldman Sachs,286.920329265903,289.32559968987414,282.48908355917507,289.1590881347656,2456700
2023-03-27,Goldman Sachs,294.7558937030947,296.86512441093663,293.414513201941,294.6726379394531,2300600
2023-03-28,Goldman Sachs,295.1906658617782,296.5968101289061,292.44311298324396,294.58935546875,1224300
2023-03-29,Goldman Sachs,298.34528823991354,298.53955168547384,294.81139308883564,296.6986083984375,1475900
2023-03-30,Goldman Sachs,300.2509900444913,300.53776929818645,295.9215210869048,297.087158203125,1456300
2023-03-31,Goldman Sachs,299.2425998684918,302.81347830450403,298.27125453256446,302.6099548339844,2281100
2023-04-03,Goldman Sachs,301.71263307497236,304.3399180892075,298.9465602427471,302.06414794921875,1808800
2023-04-04,Goldman Sachs,302.34172557788975,302.38796936727016,296.14353328038703,298.4840393066406,1536800
2023-04-05,Goldman Sachs,295.6809894449717,298.067767548858,295.4497140288822,297.44793701171875,1329300
2023-04-06,Goldman Sachs,296.38408186250035,299.0206273067205,296.01404683549083,298.2527770996094,1311000
2023-04-10,Goldman Sachs,298.2527746829367,300.648784635848,297.2444172439645,300.62103271484375,1114400
2023-04-11,Goldman Sachs,301.6293231505356,304.5434153679677,299.42760536560166,302.8504638671875,1559600
2023-04-12,Goldman Sachs,306.87471477931143,307.19850599718234,302.6747454612371,305.50555419921875,1862400
2023-04-13,Goldman Sachs,305.3574922613324,308.00329724544406,302.508192048762,307.25396728515625,1765500
2023-04-14,Goldman Sachs,311.32446900825477,314.1922898789055,309.2800021887716,311.6852722167969,2275700
2023-04-17,Goldman Sachs,310.8341882412089,314.95090232464946,308.6879454038958,314.2385559082031,3012100
2023-04-18,Goldman Sachs,303.4333116758547,311.342918721003,301.70337627577584,308.9006652832031,7549500
2023-04-19,Goldman Sachs,308.04038062831944,311.75001932471173,306.82849963469437,311.65753173828125,2625400
2023-04-20,Goldman Sachs,309.86282335550965,313.89625318559655,309.28000477183576,313.3411865234375,2217900
2023-04-21,Goldman Sachs,313.6094169852839,316.7177445580939,310.83411241019286,316.0701904296875,2278900
2023-04-24,Goldman Sachs,316.37551608136494,319.2155850287269,315.9499772113716,318.1979675292969,1966300
2023-04-25,Goldman Sachs,315.45967221921524,317.7446744933034,312.9896383167695,314.05352783203125,2138200
2023-04-26,Goldman Sachs,312.29582748147254,315.0896527555903,309.5760543869628,311.35223388671875,2041900
2023-04-27,Goldman Sachs,314.66412982755423,317.64293042652605,313.38748486692884,316.0147705078125,1768200
2023-04-28,Goldman Sachs,314.580810741188,318.3274894336871,314.25704774305234,317.7169189453125,1714100
2023-05-01,Goldman Sachs,318.2812562938175,321.4358567532013,314.87688851716604,315.0619201660156,1375000
2023-05-02,Goldman Sachs,313.6187097435047,314.43280368753443,305.2835350994721,308.401123046875,2397600
2023-05-03,Goldman Sachs,307.46675650773545,309.75175860597665,303.66460245479635,304.0346374511719,1825400
2023-05-04,Goldman Sachs,301.5369723097393,302.4898261270745,294.7004557919885,297.1982421875,2965100
2023-05-05,Goldman Sachs,300.7136027268408,303.3131366462553,298.27134854270577,302.52679443359375,2413400
2023-05-08,Goldman Sachs,304.9505657782161,305.5611081119127,301.2779105646651,302.05499267578125,1607300
2023-05-09,Goldman Sachs,300.6950469777026,302.67474981994934,299.0853509156918,300.44525146484375,1253300
2023-05-10,Goldman Sachs,305.2095325216125,305.2095325216125,295.18140632609743,298.3915100097656,1752200
2023-05-11,Goldman Sachs,295.7180028878879,297.8272335638444,294.34884225435513,296.6986083984375,1515200
2023-05-12,Goldman Sachs,297.9197428996335,299.01135606962623,293.55326198780085,295.5699768066406,1099100
2023-05-15,Goldman Sachs,296.4211279760648,299.0391536197635,294.23787307107784,297.9475402832031,1178200
2023-05-16,Goldman Sachs,298.34531508893105,298.8726298633405,296.49511158450355,296.7818908691406,1618900
2023-05-17,Goldman Sachs,298.493318605446,305.64436492658194,298.493318605446,305.4500732421875,2098100
2023-05-18,Goldman Sachs,305.2835441282179,305.83861076391435,301.26860635993086,304.8949890136719,1645400
2023-05-19,Goldman Sachs,305.283509382132,307.08746868486077,300.4637382449891,301.72186279296875,1546100
2023-05-22,Goldman Sachs,301.72199428900655,302.82286786419917,298.28061391778897,300.5841369628906,1498900
2023-05-23,Goldman Sachs,299.3628654424509,302.63773281485624,298.63202731738556,299.3351135253906,1550900
2023-05-24,Goldman Sachs,296.39329467142585,297.79017879312727,294.922358385145,295.8567199707031,1439100
2023-05-25,Goldman Sachs,295.03342158633774,300.82453853995986,294.92238567698115,299.6219177246094,1618500
2023-05-26,Goldman Sachs,300.39903633961524,307.93860982900327,299.7329619615373,307.1430358886719,2718700
2023-05-30,Goldman Sachs,307.20773812621906,307.62404515416813,303.1835686047314,306.0513610839844,1998600
2023-05-31,Goldman Sachs,303.9447351044275,305.044660130371,299.9831161416954,301.9219665527344,2938000
2023-06-01,Goldman Sachs,302.49053109247063,302.6489798898034,292.7123059131576,294.9308166503906,3339700
2023-06-02,Goldman Sachs,296.6460529469412,303.19903639997733,295.53679723404224,301.68896484375,3987700
2023-06-05,Goldman Sachs,301.0178145869382,301.5398139214229,298.5849278794466,299.97381591796875,1462900
2023-06-06,Goldman Sachs,300.5516811095963,305.8089956354666,299.5915723365586,304.6251525878906,1495600
2023-06-07,Goldman Sachs,305.4082080973056,314.91607646235803,304.17776903754196,312.9678955078125,3382700
2023-06-08,Goldman Sachs,312.60435836359517,313.50854080173525,308.85714300953254,312.7069091796875,2009500
2023-06-09,Goldman Sachs,312.464538266859,313.3873818127534,309.97572528851975,313.2195739746094,1702100
2023-06-12,Goldman Sachs,315.47532963518825,317.0133640419797,313.5271489270093,316.4540710449219,2290800
2023-06-13,Goldman Sachs,317.1159337491395,321.85122072001934,316.4168245728379,319.2598571777344,1772400
2023-06-14,Goldman Sachs,321.38512733723024,324.1349679665007,314.34744012559173,315.4566955566406,1819400
2023-06-15,Goldman Sachs,314.4314179908491,320.6581449077484,312.92134639481145,316.68719482421875,3322700
2023-06-16,Goldman Sachs,318.21585013945526,318.2344828094654,314.23557046339386,315.3541564941406,4544900
2023-06-20,Goldman Sachs,312.56708092953204,312.6230073918454,306.8903174301041,308.2792053222656,3208100
2023-06-21,Goldman Sachs,306.1632607172998,307.6080751460726,302.87278759679225,303.0126037597656,2158700
2023-06-22,Goldman Sachs,301.7262138034996,302.25754362672427,297.36377919000796,297.89508056640625,2409100
2023-06-23,Goldman Sachs,295.08000481085645,296.1519665467806,292.75897140169246,293.35552978515625,2612000
2023-06-26,Goldman Sachs,293.7470394749519,295.1545883955809,290.9878965392493,291.16497802734375,2481000
2023-06-27,Goldman Sachs,291.21159094877817,294.25969661727123,289.4871160140625,292.1810302734375,2156800
2023-06-28,Goldman Sachs,290.56843574647587,293.5326520106507,289.6083268893314,292.3768005371094,2423500
2023-06-29,Goldman Sachs,296.2824370607058,303.4133440659797,294.79099865089427,301.1668701171875,3553600
2023-06-30,Goldman Sachs,303.71170295603656,303.9074455777121,300.570376662418,300.6542663574219,2361800
2023-07-03,Goldman Sachs,300.53312490200983,307.04881481333416,300.53312490200983,304.4481201171875,1106800
2023-07-05,Goldman Sachs,301.96855066273486,302.58374166881845,297.9416752147011,298.3331604003906,2561000
2023-07-06,Goldman Sachs,296.4223870713109,297.0189740834192,291.61251096181667,291.76165771484375,2896900
2023-07-07,Goldman Sachs,291.9480650153805,295.8350969257196,291.48199213281885,293.7843933105469,2903100
2023-07-10,Goldman Sachs,295.18259530639597,298.3611871529446,294.55804516238965,294.99615478515625,1775800
2023-07-11,Goldman Sachs,297.1959570879353,299.25601926216893,293.2343384484745,299.10687255859375,2041700
2023-07-12,Goldman Sachs,302.55580751008995,310.7307426599065,302.24821197749515,304.2523193359375,2741300
2023-07-13,Goldman Sachs,305.137883317477,306.9369175894358,303.59051812941857,306.37762451171875,2787800
2023-07-14,Goldman Sachs,309.4629817029166,309.9197523509975,302.9659262985985,304.0565490722656,1815200
2023-07-17,Goldman Sachs,303.7769688294548,305.26837915763423,302.350758632354,304.9980773925781,1777400
2023-07-18,Goldman Sachs,305.0913016028521,315.29830924540494,305.0913016028521,314.3847961425781,3887400
2023-07-19,Goldman Sachs,315.06523960354656,322.41055210792655,308.8198521735022,317.44219970703125,6037400
2023-07-20,Goldman Sachs,316.1465251610696,327.8169785724054,316.1465251610696,327.0526123046875,3915000
2023-07-21,Goldman Sachs,327.910193023676,330.9862622655974,323.2494648105663,328.0779724121094,3217400
2023-07-24,Goldman Sachs,328.88897837547887,337.08254763056533,328.11530990565933,334.5750732421875,3517500
2023-07-25,Goldman Sachs,333.1674866833495,336.33677597514645,329.96090360313366,330.6320495605469,2893000
2023-07-26,Goldman Sachs,330.43631011057704,335.8148088431128,330.2405674846008,333.2980041503906,2281600
2023-07-27,Goldman Sachs,333.8292878511263,336.0757620232746,330.1379994661225,330.4549255371094,2010800
2023-07-28,Goldman Sachs,331.94639658148503,332.3099470644489,327.7517408681891,329.2618408203125,1827400
2023-07-31,Goldman Sachs,330.79984119193284,332.96242585113083,329.9981811687703,331.72265625,1385500
2023-08-01,Goldman Sachs,329.9795907938469,333.5869902434054,329.4109955489349,333.4471740722656,2024300
2023-08-02,Goldman Sachs,330.9023375257626,330.9023375257626,325.1976113485919,327.27630615234375,2106600
2023-08-03,Goldman Sachs,326.24158898338595,331.1073895498449,324.96455422124484,329.1965026855469,1840400
2023-08-04,Goldman Sachs,329.3643248449997,334.38860331329295,328.5906565090119,329.2524719238281,1725300
2023-08-07,Goldman Sachs,331.28453859399616,333.4005272994674,329.9049813201129,331.4336853027344,1260300
2023-08-08,Goldman Sachs,327.8356113865817,328.1152436814437,318.82175112452524,324.6290283203125,1917300
2023-08-09,Goldman Sachs,323.2867780053374,324.81548215864126,319.2505712003043,319.43701171875,1326000
2023-08-10,Goldman Sachs,320.7233243112733,323.6968708738622,316.7430446304405,317.3023376464844,1345900
2023-08-11,Goldman Sachs,316.8642517921433,318.59805742681965,314.64574067896444,317.6099853515625,1256800
2023-08-14,Goldman Sachs,314.5152499279611,315.48468931589605,312.13826158274986,314.8228454589844,1347000
2023-08-15,Goldman Sachs,310.6841873756691,311.3646640584452,308.055557808681,309.66815185546875,1657800
2023-08-16,Goldman Sachs,308.11143228696704,310.3299434938901,306.64795678366704,306.7784423828125,3340300
2023-08-17,Goldman Sachs,307.6081185780142,311.3273712723801,302.0152436947776,305.29638671875,3135200
2023-08-18,Goldman Sachs,302.313484884505,305.38955415941524,301.26948630506456,302.882080078125,1730500
2023-08-21,Goldman Sachs,303.3109093206714,304.2430550401655,297.71803500370663,300.20684814453125,1983500
2023-08-22,Goldman Sachs,300.5982799318443,300.7474266199313,296.7112208244108,297.1586608886719,1810300
2023-08-23,Goldman Sachs,298.86450463507293,300.57034693860726,296.42228782149476,300.4584655761719,1429000
2023-08-24,Goldman Sachs,300.2906685082017,305.26832208733475,297.8298191693017,298.249267578125,1185600
2023-08-25,Goldman Sachs,299.0322499390607,300.8219817253946,296.5993639612426,298.4263610839844,1159600
2023-08-28,Goldman Sachs,299.5356627982064,304.4387577425868,299.5356627982064,303.85150146484375,1440100
2023-08-29,Goldman Sachs,303.4692971845274,310.1248299388505,302.64900456470707,309.9849853515625,1831700
2023-08-30,Goldman Sachs,310.17301437209136,311.96826162463134,307.96420080566634,308.83831787109375,1131500
2023-08-31,Goldman Sachs,309.6185025277484,310.633601709733,306.37577279468553,308.0206298828125,1271100
2023-09-01,Goldman Sachs,309.8628809620428,311.69570445070275,306.6107429665613,307.729248046875,1201400
2023-09-05,Goldman Sachs,307.6727950523518,308.74431548129235,303.2457887229427,304.2984924316406,1846000
2023-09-06,Goldman Sachs,302.94500346705905,304.6650696698665,300.12524913959373,301.8359069824219,2120800
2023-09-07,Goldman Sachs,301.3565713924172,304.74028267951496,300.89602064918284,302.6160583496094,1471100
2023-09-08,Goldman Sachs,302.5785058539398,306.38516342106334,302.33411792181795,305.9621887207031,2026400
2023-09-11,Goldman Sachs,308.53762104887034,310.31405189700143,304.80614387907616,305.1445007324219,1283100
2023-09-12,Goldman Sachs,304.54289953574863,315.13576712784055,304.53349117503376,311.0189208984375,2054700
2023-09-13,Goldman Sachs,313.4627618689716,316.76188437367887,310.9437876382699,314.8538513183594,2165000
2023-09-14,Goldman Sachs,318.6322635899625,324.38455827240784,316.61144523615303,323.86761474609375,2822700
2023-09-15,Goldman Sachs,324.4127367593981,325.3902596459042,321.3203980808698,321.9595642089844,3063900
2023-09-18,Goldman Sachs,321.9596139163753,323.57627449656746,318.88606279966774,322.6927490234375,1356600
2023-09-19,Goldman Sachs,322.8243131784423,324.2435989107206,317.6641711797773,321.3486633300781,1660200
2023-09-20,Goldman Sachs,322.0253811746127,323.1438861983333,316.08511957340806,316.4704895019531,1224400
2023-09-21,Goldman Sachs,314.4026818764171,314.58126865411873,310.2482302303499,310.39862060546875,1685100
2023-09-22,Goldman Sachs,310.2670307081861,311.62051532935135,307.19347956744315,308.1898193359375,1669100
2023-09-25,Goldman Sachs,307.4190577210289,309.50567730743313,305.7365960832457,309.08270263671875,833300
2023-09-26,Goldman Sachs,306.04669040304617,307.75734807063907,303.04837833128295,304.3642578125,1481800
2023-09-27,Goldman Sachs,305.4546405787191,305.4734286173068,299.8151311273226,302.606689453125,1493000
2023-09-28,Goldman Sachs,300.97122623742086,307.20288906115917,300.97122623742086,305.66143798828125,1389600
2023-09-29,Goldman Sachs,307.5412410913831,308.2555594056506,302.90742264722087,304.12933349609375,1403900
2023-10-02,Goldman Sachs,302.681831945345,304.13869356211086,298.0480424839933,299.3639221191406,1303800
2023-10-03,Goldman Sachs,296.3279984157027,296.71336831696124,286.10171256924286,287.7277526855469,3118600
2023-10-04,Goldman Sachs,286.53411357481,290.49116178076844,285.24643002996584,290.0588073730469,1872000
2023-10-05,Goldman Sachs,288.89324754155007,291.89158892912275,285.93251091394205,291.8446044921875,1584600
2023-10-06,Goldman Sachs,289.598251393156,296.3750838720028,288.71475446530184,293.7057189941406,1595100
2023-10-09,Goldman Sachs,290.3407312733327,294.64557276696905,289.84257576606325,293.82781982421875,1094400
2023-10-10,Goldman Sachs,295.5760987374933,297.8131088036592,293.52708379844506,295.8580627441406,1193800
2023-10-11,Goldman Sachs,296.47837143827184,297.6062846776839,292.8784975900582,294.2131652832031,1672500
2023-10-12,Goldman Sachs,295.27524818155496,295.3692457228854,289.51354597466894,291.2336120605469,1727700
2023-10-13,Goldman Sachs,293.2544653049755,297.18331632136955,289.6545913806967,290.7166748046875,1785200
2023-10-16,Goldman Sachs,294.3635329800075,296.92011126649146,291.60957993122065,295.5008544921875,2273900
2023-10-17,Goldman Sachs,294.5515916042027,297.18335128267904,287.5304009903784,290.7731018066406,4123000
2023-10-18,Goldman Sachs,288.5548836868502,288.7616668355504,283.3665456158639,283.81768798828125,3460300
2023-10-19,Goldman Sachs,283.8177050565237,286.99463331214133,280.68778992354464,281.2141418457031,3211800
2023-10-20,Goldman Sachs,280.565538396007,285.0301491410021,280.18957691218037,282.02239990234375,2329000
2023-10-23,Goldman Sachs,280.36822299901195,285.3121734919581,280.27422543714755,281.2423400878906,2959800
2023-10-24,Goldman Sachs,281.9754516995409,284.88920377057474,281.1107143600241,281.2047119140625,1697100
2023-10-25,Goldman Sachs,280.65959137811905,281.9754711734562,277.30407638698813,278.9301452636719,1809300
2023-10-26,Goldman Sachs,279.118104870465,282.10706659162287,277.06909004757904,279.14630126953125,2011200
2023-10-27,Goldman Sachs,279.67262830370674,280.34937050514156,271.9746965188949,272.4916687011719,2601700
2023-10-30,Goldman Sachs,275.8189825981141,283.6766842790951,275.6685922574797,282.75555419921875,3065200
2023-10-31,Goldman Sachs,283.5545254865208,286.00772698895463,282.63342397648097,285.3685607910156,2611000
2023-11-01,Goldman Sachs,285.1053586674486,289.7297685677493,284.6448079546962,288.70526123046875,2345400
2023-11-02,Goldman Sachs,291.08327836869273,295.6418875119976,289.49481426840686,294.90875244140625,2597000
2023-11-03,Goldman Sachs,299.32637991003173,309.5432874506024,298.8282243482018,307.93603515625,3742000
2023-11-06,Goldman Sachs,307.033719451578,309.13912729301904,302.74769424062697,304.4489440917969,2087600
2023-11-07,Goldman Sachs,302.77582288254337,306.7798831772185,301.9862951186963,304.4864807128906,1505000
2023-11-08,Goldman Sachs,304.48656956448536,307.0337403334695,304.2233935664062,305.0599060058594,1484400
2023-11-09,Goldman Sachs,306.4133631564222,307.0243043093452,300.4542846279177,301.5069885253906,1787900
2023-11-10,Goldman Sachs,303.89436610786083,306.4697328545965,302.32469005776716,305.9527893066406,1781400
2023-11-13,Goldman Sachs,304.68387132452386,308.9698957991254,304.0917182998443,307.2686462402344,1403300
2023-11-14,Goldman Sachs,313.49096215559354,321.24528844483103,312.4946510119413,318.369140625,3592700
2023-11-15,Goldman Sachs,319.4782067467095,320.58730339514204,315.19218183070853,317.31640625,2534500
2023-11-16,Goldman Sachs,317.46679871475135,319.33722686170404,314.8820235157236,316.4422912597656,1620400
2023-11-17,Goldman Sachs,319.1022549394138,319.9951887758899,317.80516312812404,318.8108825683594,1465200
2023-11-20,Goldman Sachs,319.5722109074289,320.8129099045306,317.2224152389919,319.0552673339844,3146000
2023-11-21,Goldman Sachs,318.03069855295394,318.71684914399395,314.4496126163718,314.8443908691406,1900900
2023-11-22,Goldman Sachs,316.696012008006,318.54765184218115,315.22033368307956,318.29388427734375,1235200
2023-11-24,Goldman Sachs,318.4442772850412,319.82595819767744,317.3539974060879,318.77325439453125,460100
2023-11-27,Goldman Sachs,318.8108892094305,319.59100877436845,315.5681596136576,317.4197998046875,1250500
2023-11-28,Goldman Sachs,317.10957472315994,318.06828086361463,314.7503711016982,317.36334228515625,1419000
2023-11-29,Goldman Sachs,319.3534453130325,325.54150943190007,318.88911276253583,322.4427490234375,2038100
2023-11-30,Goldman Sachs,323.7883852536879,326.7071214438417,322.28164690833387,323.6557312011719,1903600
2023-12-01,Goldman Sachs,323.5799098064418,330.6208700797724,322.5943887945816,330.1849365234375,3623300
2023-12-04,Goldman Sachs,328.16644386877294,332.13704233676884,327.20935085723363,331.09466552734375,2178100
2023-12-05,Goldman Sachs,328.45071670283846,328.6686545229723,322.70804357448566,323.85467529296875,2429700
2023-12-06,Goldman Sachs,325.52256997239033,328.82981156062647,323.7125810839421,324.0632019042969,1869300
2023-12-07,Goldman Sachs,325.7120493923199,326.6407433340718,324.091599492336,326.57440185546875,2162400
2023-12-08,Goldman Sachs,326.2807101866203,333.84285961701283,325.7784640150505,332.45928955078125,2238800
2023-12-11,Goldman Sachs,333.03726461550775,334.5440026858504,330.77240024213773,333.34051513671875,1636000
2023-12-12,Goldman Sachs,333.0088499731806,335.4632243305623,331.27465948295736,334.14599609375,1597600
2023-12-13,Goldman Sachs,334.45874732458105,343.84982622718115,333.1889181935949,343.7361145019531,2876500
2023-12-14,Goldman Sachs,347.3087164543997,365.97716380435884,345.8872619532221,363.3901062011719,5376300
2023-12-15,Goldman Sachs,360.28183246352955,365.6928274175689,359.45739354340583,360.5850830078125,4522300
2023-12-18,Goldman Sachs,361.29583520352674,362.71728969370116,356.22597507132485,356.6903076171875,2740900
2023-12-19,Goldman Sachs,356.3207727251248,363.67441153840673,354.93720275629124,362.4235534667969,2091800
2023-12-20,Goldman Sachs,360.7935813145786,364.9631752784542,357.4957965575569,357.75164794921875,1836500
2023-12-21,Goldman Sachs,360.1491478937142,361.51374641731644,357.2683544946104,360.6419372558594,1301600
2023-12-22,Goldman Sachs,361.9970576773016,363.4090264752379,359.5426831911461,360.7177429199219,1538200
2023-12-26,Goldman Sachs,360.717779620749,362.5751388144646,360.1491920130006,361.62750244140625,837300
2023-12-27,Goldman Sachs,361.2389527202878,365.55068612162216,360.39554257020455,364.3471984863281,1367200
2023-12-28,Goldman Sachs,364.38507059784064,367.45543163022097,363.54168939629113,366.1761169433594,1024700
2023-12-29,Goldman Sachs,365.38010070529776,366.3940783914556,363.4848282838718,365.5696105957031,881300
2024-01-02,Goldman Sachs,362.94470227244756,368.7632030257781,362.17711918434,367.9671630859375,2263100
2024-01-03,Goldman Sachs,363.77859086532436,365.2189874853388,357.03142571539905,361.79803466796875,2265300
2024-01-04,Goldman Sachs,363.46586695588115,366.8205073306992,361.9496721130725,362.8973083496094,1618300
2024-01-05,Goldman Sachs,361.9212538338482,369.0758960426638,361.1252139247145,366.2045593261719,2913900
2024-01-08,Goldman Sachs,365.7591794164565,368.70631439219846,362.0254901263307,368.4978332519531,1902600
2024-01-09,Goldman Sachs,364.4609478795629,365.7402627425951,361.7791208002305,363.6459655761719,1708800
2024-01-10,Goldman Sachs,361.38109272697346,362.9920570136337,358.70875153905274,361.9591369628906,1547300
2024-01-11,Goldman Sachs,360.9451873771371,361.03047116981713,355.0603454061407,359.8648681640625,2209900
2024-01-12,Goldman Sachs,363.26688782292865,365.64546413814327,356.8608573208397,357.9696044921875,2223800
2024-01-16,Goldman Sachs,358.54767386567863,364.84947870002605,354.71924385126624,360.52825927734375,3926600
2024-01-17,Goldman Sachs,355.5531724002725,360.29135418108865,354.5391945584819,357.4294738769531,2415100
2024-01-18,Goldman Sachs,360.41454536724416,361.6559756781884,354.9466936580511,357.17364501953125,1771200
2024-01-19,Goldman Sachs,357.0030732164099,363.22902241751126,352.58708409938373,362.1866455078125,2603300
2024-01-22,Goldman Sachs,366.1287435567549,372.1652110236404,364.42300980055995,365.74969482421875,2922700
2024-01-23,Goldman Sachs,360.08283958625566,363.28582588020083,358.80352484032767,360.8314514160156,3313300
2024-01-24,Goldman Sachs,361.81704076874547,364.4704110417046,359.3247524840194,359.5332336425781,2235800
2024-01-25,Goldman Sachs,362.65097580753053,366.4604637200528,362.00658999697674,362.66046142578125,2376300
2024-01-26,Goldman Sachs,358.8224606186006,360.954642183121,357.0219575258071,358.00750732421875,3464700
2024-01-29,Goldman Sachs,356.2070313727047,360.8978138203269,354.6434083039318,360.6324768066406,1632300
2024-01-30,Goldman Sachs,363.89237921153943,367.6071266406005,361.60857200707716,366.6120910644531,3897900
2024-01-31,Goldman Sachs,365.7876426103293,373.2834498450497,363.60809050457135,363.90185546875,3421100
2024-02-01,Goldman Sachs,364.2998605374084,369.1422976623439,358.9646628870958,363.750244140625,2138500
2024-02-02,Goldman Sachs,361.8074977111368,368.3840954002806,360.67035159735633,367.5501708984375,2180900
2024-02-05,Goldman Sachs,364.4609351478524,365.1526911542438,361.0494386054625,362.9636535644531,2231100
2024-02-06,Goldman Sachs,362.9636302626379,366.5646654060318,362.94468794846154,364.8304748535156,1487800
2024-02-07,Goldman Sachs,365.13374063034,366.8015897734728,362.470884939513,366.4130554199219,1963200
2024-02-08,Goldman Sachs,365.7876831330069,367.78718223454223,361.37169364348796,364.8779602050781,1913700
2024-02-09,Goldman Sachs,364.6220077565487,365.91080815924647,362.556167568816,364.13873291015625,2028200
2024-02-12,Goldman Sachs,364.84000034820383,375.59567886965516,364.1956145610121,372.0799560546875,2797200
2024-02-13,Goldman Sachs,367.2943686926252,368.78216469984983,355.55316937774813,358.9172668457031,3030800
2024-02-14,Goldman Sachs,360.93572950395304,361.50431708508864,356.10277844364896,358.24444580078125,2041300
2024-02-15,Goldman Sachs,359.55215857617077,366.93422413905085,359.28682158304434,365.23797607421875,2218900
2024-02-16,Goldman Sachs,363.1720901223541,367.2848277836592,361.0020240339585,364.30926513671875,2376800
2024-02-20,Goldman Sachs,361.00206169087807,365.3895934873521,360.90729227653503,364.3851013183594,2358900
2024-02-21,Goldman Sachs,361.8453964724798,368.30828217812865,361.2957802112109,367.9386901855469,1772500
2024-02-22,Goldman Sachs,368.8485301940116,374.8849694972496,368.6305634087151,370.0235900878906,2326800
2024-02-23,Goldman Sachs,369.578113686625,376.01257150700525,368.8294729998851,370.5731201171875,2247400
2024-02-26,Goldman Sachs,370.57314646187865,375.320813360248,368.45993611882983,369.78662109375,1797800
2024-02-27,Goldman Sachs,371.71987908309785,375.16926068535673,368.94328233596326,370.3457946777344,1724900
2024-02-28,Goldman Sachs,369.5154673151564,375.3083895984598,369.3341381473459,375.2320251464844,2572900
2024-02-29,Goldman Sachs,377.1789213094063,377.90423800061035,368.06487322696006,371.2905578613281,3139100
2024-03-01,Goldman Sachs,371.84406811037576,373.1897075406013,367.664002885527,370.3839111328125,1697700
2024-03-04,Goldman Sachs,371.06150999750736,378.46728906519786,368.5706658533153,374.344482421875,1955100
2024-03-05,Goldman Sachs,372.88431414943625,379.3452649640231,372.4930264399083,373.0656433105469,2697800
2024-03-06,Goldman Sachs,376.96895795911297,377.2457281337419,366.9673406909708,371.7868347167969,2692400
2024-03-07,Goldman Sachs,374.01045435941285,376.5013276339871,369.39139526876505,370.6988525390625,2033100
2024-03-08,Goldman Sachs,370.98517685802847,377.5606454585883,369.05736762828565,369.3245849609375,1657200
2024-03-11,Goldman Sachs,368.0648476712674,368.7710586376652,364.0088527840839,368.532470703125,1654200
2024-03-12,Goldman Sachs,369.9258619212311,371.3669425442506,366.2611542875624,370.4602966308594,1703900
2024-03-13,Goldman Sachs,371.15697352048835,377.2075606248173,370.46028620010344,374.4017639160156,2370600
2024-03-14,Goldman Sachs,376.4249394321783,378.28593692363205,367.8548796831218,370.87060546875,3029500
2024-03-15,Goldman Sachs,371.11874270542523,373.2755868776478,368.7614928300987,369.5345153808594,3763900
2024-03-18,Goldman Sachs,370.9088126770866,371.27147101263006,365.908018680447,366.8241882324219,2069000
2024-03-19,Goldman Sachs,366.5378943130728,372.94158658766077,366.19431252830015,370.9183654785156,1858200
2024-03-20,Goldman Sachs,368.72334491355934,378.4004860782745,368.3797922477023,378.3718566894531,2157400
2024-03-21,Goldman Sachs,381.5212232055046,395.1207368760831,380.8722709465446,394.82489013671875,4613800
2024-03-22,Goldman Sachs,395.4833631680341,397.73564846437705,387.25685566405735,388.2493896484375,2190300
2024-03-25,Goldman Sachs,388.2971227470103,391.723242307077,385.42451443118705,386.4552307128906,1683900
2024-03-26,Goldman Sachs,387.5526921611469,390.64478245943405,386.0543529489014,387.6385803222656,1407000
2024-03-27,Goldman Sachs,390.9215206633861,396.52356022407963,389.7285810934087,396.2945251464844,2353600
2024-03-28,Goldman Sachs,397.21074833606934,400.06427997828575,396.0369142800369,398.6231994628906,2409700
2024-04-01,Goldman Sachs,397.6593121842287,398.8713576438973,393.1929526248762,394.634033203125,1863900
2024-04-02,Goldman Sachs,391.9904322069825,394.30952911618385,389.0128593785561,391.4273681640625,1976000
2024-04-03,Goldman Sachs,392.2385682921479,397.61157329144754,392.2385682921479,395.10162353515625,1549200
2024-04-04,Goldman Sachs,398.9190473257212,399.87339911358174,387.1805319848382,387.7054138183594,1704700
2024-04-05,Goldman Sachs,388.0012717338453,390.4635157272676,383.1436244884654,389.4423522949219,1694900
2024-04-08,Goldman Sachs,390.42529174971423,393.6987111365681,388.9460291193452,391.799560546875,1181900
2024-04-09,Goldman Sachs,392.72529085306877,394.35722416116573,388.46886115547744,391.9617919921875,1247200
2024-04-10,Goldman Sachs,385.5676464981637,386.9419153005795,379.1544017950575,382.46600341796875,1903300
2024-04-11,Goldman Sachs,382.19880972241975,383.1436086607814,376.816251726227,379.33575439453125,2176200
2024-04-12,Goldman Sachs,374.9075949269737,376.1005347956922,369.44870092273726,371.71051025390625,2815800
2024-04-15,Goldman Sachs,388.42116396453235,394.0232041018397,380.49050321698587,382.5805358886719,6177000
2024-04-16,Goldman Sachs,385.98760501117164,386.4838574724439,377.14074500553414,378.7440490722656,3459700
2024-04-17,Goldman Sachs,384.0311485035578,388.535690047341,382.86683817287,385.47222900390625,4373800
2024-04-18,Goldman Sachs,386.98013287673876,389.241942162922,384.04074191346245,384.7087707519531,2776300
2024-04-19,Goldman Sachs,385.6153642435623,389.3755124535891,384.6133065598436,385.55810546875,2805500
2024-04-22,Goldman Sachs,388.3639306642901,398.89998287677946,386.1021215183617,398.2987365722656,4165600
2024-04-23,Goldman Sachs,398.64229100996425,405.9335529024401,397.2012395648646,404.6451721191406,2662300
2024-04-24,Goldman Sachs,402.259293941968,405.19868474602566,400.4555550142801,403.72900390625,1575900
2024-04-25,Goldman Sachs,401.7725507762859,404.2729478063146,395.9128459300783,400.8754577636719,1970100
2024-04-26,Goldman Sachs,401.04724670302005,408.96835458445383,400.48418266501733,408.05218505859375,2322700
2024-04-29,Goldman Sachs,408.0522572449333,413.5493044970509,407.69915169460995,411.14434814453125,2453000
2024-04-30,Goldman Sachs,408.93974317631273,411.69783383700775,406.5538636945373,407.2314453125,1829900
2024-05-01,Goldman Sachs,407.21239996652275,413.64472222246235,405.7808721677582,407.4605407714844,2310100
2024-05-02,Goldman Sachs,411.516517273229,413.85466176229465,408.62483241771065,412.823974609375,2087500
2024-05-03,Goldman Sachs,415.14305506745166,422.1098119279761,415.06671973417644,418.1778869628906,2406300
2024-05-06,Goldman Sachs,421.5848682286825,424.0948178879045,419.6093531975265,423.417236328125,1914300
2024-05-07,Goldman Sachs,424.84880724251195,426.9960988108171,422.65378060909654,423.54132080078125,2058200
2024-05-08,Goldman Sachs,422.5869631382203,427.5686806726528,421.87119929203465,426.54754638671875,2006700
2024-05-09,Goldman Sachs,425.9653712470674,435.5947772407383,425.9653712470674,434.7644958496094,2710200
2024-05-10,Goldman Sachs,435.6807115293949,437.80892671519854,433.5811548596345,433.9724426269531,1823900
2024-05-13,Goldman Sachs,435.44208969258034,436.3296590101557,432.6267693288914,432.8558044433594,1579600
2024-05-14,Goldman Sachs,434.0773549143672,440.6910056805685,433.28525576124906,437.5416564941406,2412900
2024-05-15,Goldman Sachs,440.5192292978929,444.909253257604,439.9084593108356,444.8138122558594,2217700
2024-05-16,Goldman Sachs,443.1723437765656,446.8752334461417,441.1777519956869,443.31549072265625,2070300
2024-05-17,Goldman Sachs,445.09055696401003,447.2664777066017,443.05778315359487,446.369384765625,1655900
2024-05-20,Goldman Sachs,446.82754775519453,449.95782065776166,441.4831715710659,441.8076477050781,2591500
2024-05-21,Goldman Sachs,441.13008455584554,449.7955869014039,441.1014551641287,448.9366760253906,2762600
2024-05-22,Goldman Sachs,446.025846720477,448.86027275339563,438.7632434460271,441.273193359375,2729500
2024-05-23,Goldman Sachs,443.03871136452545,443.11504668767213,436.5300256162715,437.2362365722656,2254500
2024-05-24,Goldman Sachs,438.8491322761903,444.01217905688657,438.1429212575,440.1279602050781,1932200
2024-05-28,Goldman Sachs,438.94456599847854,442.52338522219674,437.9615848166775,438.82049560546875,1930800
2024-05-29,Goldman Sachs,434.07736938603625,437.799335582584,431.0329848128907,436.301025390625,2315700
2024-05-30,Goldman Sachs,434.9376179452546,437.68356764981735,429.75293696897245,432.278076171875,2135000
2024-05-31,Goldman Sachs,431.8267907001946,438.5572620089632,430.252168130471,438.3172302246094,2638300
2024-06-03,Goldman Sachs,440.5735328758055,440.5735328758055,432.24924704028274,436.8386535644531,1930700
2024-06-04,Goldman Sachs,432.5373358750127,439.4598452993436,431.29876349038113,437.14593505859375,1835000
2024-06-05,Goldman Sachs,439.3061849021931,444.55808181354155,439.2581902629041,443.2715148925781,1678900
2024-06-06,Goldman Sachs,443.4059332499916,445.99825900847566,438.7877239420932,439.8342590332031,1598000
2024-06-07,Goldman Sachs,437.2803200848353,442.77224866218177,436.37779820213893,436.7714538574219,1736100
2024-06-10,Goldman Sachs,434.2942809656783,437.2034649248351,432.34522411252385,435.46563720703125,1698600
2024-06-11,Goldman Sachs,433.05580536751387,433.8430874481612,425.7012270769663,426.55572509765625,1938200
2024-06-12,Goldman Sachs,437.43392279765794,439.39259033144015,428.39912306036035,430.8090515136719,1733000
2024-06-13,Goldman Sachs,428.91761790249205,430.44421657495644,424.52021908930016,428.5527648925781,1849100
2024-06-14,Goldman Sachs,424.3665862151214,430.35779950710946,421.6398286472973,428.6583557128906,1559100
2024-06-17,Goldman Sachs,427.3526385554887,432.8061542231709,425.71082918632635,432.2300720214844,1531600
2024-06-18,Goldman Sachs,431.6443932601161,439.4406214526828,430.6266607699982,439.19097900390625,1798400
2024-06-20,Goldman Sachs,439.7382297285791,442.05213965001,437.0882694482963,439.7862243652344,2080600
2024-06-21,Goldman Sachs,440.39115352656273,440.50636410674844,431.96123756746505,432.2300720214844,3780800
2024-06-24,Goldman Sachs,433.2574159122137,445.0381665678031,432.05725686536545,443.6651916503906,1882200
2024-06-25,Goldman Sachs,441.1399958418466,445.5757784228958,438.53805956565725,439.1429443359375,1555900
2024-06-26,Goldman Sachs,437.25149309341276,439.67100287568917,434.40952503634537,437.68353271484375,2131700
2024-06-27,Goldman Sachs,431.8460071134828,431.8460071134828,425.1443087671027,428.1783142089844,2835200
2024-06-28,Goldman Sachs,432.15321514453274,439.1045259976159,431.605935663358,434.2846984863281,3839700
2024-07-01,Goldman Sachs,436.3874189666177,445.51820862870085,435.9073553711078,445.1725769042969,1850500
2024-07-02,Goldman Sachs,443.1083320773731,447.6785178169979,441.27448553218386,447.0448303222656,1491800
2024-07-03,Goldman Sachs,450.33809418105557,451.15420820486133,447.24648325965325,449.26275634765625,993900
2024-07-05,Goldman Sachs,448.8306326708461,448.9362325912633,441.7833030207414,446.2190856933594,1593800
2024-07-08,Goldman Sachs,449.00349360627337,455.92600273586413,445.5374483675819,446.2863464355469,2214300
2024-07-09,Goldman Sachs,447.0351977927651,460.18892189933285,443.1754679759154,453.9768981933594,4525100
2024-07-10,Goldman Sachs,453.66973262720927,460.7266444173801,451.1157906466465,459.79534912109375,1946000
2024-07-11,Goldman Sachs,460.8610525268749,463.8950579721009,457.27976754959155,460.12176513671875,2251400
2024-07-12,Goldman Sachs,461.7539714582297,464.16390012836285,459.0368243498811,460.745849609375,2727800
2024-07-15,Goldman Sachs,461.10105984769547,473.34268090559885,457.31815656495746,472.6033935546875,3568200
2024-07-16,Goldman Sachs,474.30282863653304,486.39082636038955,472.37296362150676,482.9631652832031,3981700
2024-07-17,Goldman Sachs,482.9439885936767,489.1656234880468,479.51632740785794,482.15667724609375,3908900
2024-07-18,Goldman Sachs,479.60268428805574,483.6064272361761,464.91275119934915,466.8233947753906,3320200
2024-07-19,Goldman Sachs,469.6173870076088,472.9586400385049,463.92384003922643,465.5944519042969,2032700
2024-07-22,Goldman Sachs,465.23926567770485,469.9534940699452,463.1461952699674,467.6203918457031,1792500
2024-07-23,Goldman Sachs,467.6586988237334,476.0406190239743,466.8906088577148,472.52655029296875,2020500
2024-07-24,Goldman Sachs,469.7518687337897,476.2135063878699,466.4490286425395,467.2939453125,1598600
2024-07-25,Goldman Sachs,466.66983280519844,476.3287104856755,463.9622962597391,472.1041564941406,1489700
2024-07-26,Goldman Sachs,475.95424457697567,483.90409641751893,475.887028642514,479.13226318359375,2249700
2024-07-29,Goldman Sachs,480.46681235142375,481.9838002647062,471.4800075324071,473.0738220214844,1599500
2024-07-30,Goldman Sachs,478.44095628578384,489.15597876257976,478.431345638072,485.50750732421875,2642500
2024-07-31,Goldman Sachs,484.72977741214254,496.6353774765804,484.72977741214254,488.7335205078125,2658900
2024-08-01,Goldman Sachs,489.6648637546214,493.52459378611246,474.9557082661246,480.1788024902344,4006800
2024-08-02,Goldman Sachs,471.51849321309805,474.74450667369024,448.5810393954011,451.8742980957031,6115500
2024-08-05,Goldman Sachs,429.7433133734831,444.7116923286461,419.930812595538,440.7175598144531,4177200
2024-08-06,Goldman Sachs,442.6282450880908,456.3004468928138,439.19097334063235,451.47100830078125,2209300
2024-08-07,Goldman Sachs,460.2753965518508,469.07013599713383,453.7273219576326,454.1497802734375,2587600
2024-08-08,Goldman Sachs,458.81600160574845,468.28287147218344,458.1343194664183,466.4010009765625,1936400
2024-08-09,Goldman Sachs,465.6808584040488,472.3825564400268,462.9733221174178,470.7119445800781,1622700
2024-08-12,Goldman Sachs,470.7119998012034,473.2179178851057,464.46156196319237,466.14178466796875,1839300
2024-08-13,Goldman Sachs,470.7407472390312,473.60190738541127,467.07305450428,472.324951171875,1243700
2024-08-14,Goldman Sachs,473.24667454095515,479.4395064856177,468.92610229140155,478.8154296875,1545600
2024-08-15,Goldman Sachs,484.86425205849326,486.6980985873203,478.39300389241055,479.1226806640625,1732300
2024-08-16,Goldman Sachs,477.2312094028042,484.77782437368637,477.18321476347273,484.15374755859375,1587000
2024-08-19,Goldman Sachs,484.8642240469667,487.53337642513554,481.8494106489256,484.5569763183594,1027900
2024-08-20,Goldman Sachs,483.77924188899124,484.05768695490747,476.70310978136433,477.5096130371094,2122700
2024-08-21,Goldman Sachs,479.5834980278155,480.8124595734542,474.3316014919972,476.6647033691406,917100
2024-08-22,Goldman Sachs,477.18319443109226,479.775549461181,475.06132162988587,477.9032897949219,943800
2024-08-23,Goldman Sachs,482.7039103978242,492.0075445504473,479.91954760525766,489.10797119140625,1751800
2024-08-26,Goldman Sachs,491.91161120612514,493.02533300917133,485.1714992935148,487.61981201171875,1084200
2024-08-27,Goldman Sachs,487.5909795197795,491.0858564902754,486.3908205547614,487.03411865234375,977900
2024-08-28,Goldman Sachs,486.40043787066816,488.0998524401586,478.59459916706055,483.26080322265625,1568100
2024-08-29,Goldman Sachs,485.8243370892309,492.7756482673885,481.1581332123807,489.7608642578125,1566300
2024-08-30,Goldman Sachs,490.4659254219527,493.71105339049575,487.89690385090296,492.8031921386719,1838900
2024-09-03,Goldman Sachs,490.1182329887285,492.2719938840238,468.8028587483308,470.79241943359375,2373600
2024-09-04,Goldman Sachs,470.05842537073306,479.23359473383226,470.05842537073306,473.86370849609375,1509400
2024-09-05,Goldman Sachs,476.7031737513327,478.818294183163,466.55255865367,471.1980895996094,1828300
2024-09-06,Goldman Sachs,469.9618283595147,478.47058813868904,460.74801865523966,463.2108154296875,1995600
2024-09-09,Goldman Sachs,468.92840904181674,477.37922276997324,466.86159678226204,471.8644714355469,1714200
2024-09-10,Goldman Sachs,472.405322549311,472.47293613311945,445.7876761032604,451.1575622558594,3583100
2024-09-11,Goldman Sachs,448.1152611968581,455.75480012781156,441.8375140335964,455.0594177246094,2426500
2024-09-12,Goldman Sachs,455.18494847622395,458.12101079052087,449.48669155422084,457.8505859375,1480500
2024-09-13,Goldman Sachs,459.71463845051437,465.61573677996836,459.24140227315473,462.612060546875,1794500
2024-09-16,Goldman Sachs,464.96854301669214,470.7151075202004,463.0948747318893,468.5710144042969,1500300
2024-09-17,Goldman Sachs,471.3139557605471,472.9848129766855,465.3259387952611,468.793212890625,1444900
2024-09-18,Goldman Sachs,468.8028332766323,476.13330676757596,465.2969482431162,468.0108642578125,1699500
2024-09-19,Goldman Sachs,477.82350660187365,489.0944910547159,476.5872744046744,486.6026916503906,3060700
2024-09-20,Goldman Sachs,483.0871900194537,484.88357757733763,478.53824556645884,481.3873596191406,4452600
2024-09-23,Goldman Sachs,481.17482517794275,484.255752685193,478.2870709117,480.4021911621094,953200
2024-09-24,Goldman Sachs,480.5760429494411,482.4786844780465,477.20538495970686,480.9913330078125,1035400
2024-09-25,Goldman Sachs,481.4549153655137,484.8352407492235,473.6318707255373,474.3465881347656,1763900
2024-09-26,Goldman Sachs,477.1087849193104,481.3583309549461,475.64076849946485,479.928955078125,1378100
2024-09-27,Goldman Sachs,481.9088627082184,488.1189964838506,478.90518672201586,481.464599609375,1420100
2024-09-30,Goldman Sachs,477.9683673490808,479.5426084190393,472.1831618398688,478.1808166503906,1602500
2024-10-01,Goldman Sachs,477.66894361813974,477.66894361813974,468.03984401795003,473.4097595214844,1528600
2024-10-02,Goldman Sachs,474.3756018892079,477.93940384060244,471.2657010903071,475.16754150390625,1445100
2024-10-03,Goldman Sachs,473.1779411700117,473.73812588317196,467.6438844646045,469.4789123535156,1290600
2024-10-04,Goldman Sachs,478.69272407162896,479.3397984297629,469.382327945876,478.2291259765625,1721600
2024-10-07,Goldman Sachs,477.71724807068415,481.94748857064957,474.0085517420552,477.70758056640625,1173300
2024-10-08,Goldman Sachs,480.00620190778955,481.30038008227893,475.93049414522227,479.5909118652344,1296700
2024-10-09,Goldman Sachs,481.1651784728378,488.9592204947101,478.31603532688507,487.906494140625,1695900
2024-10-10,Goldman Sachs,488.9978360109898,489.47107210237897,482.5076105152257,486.49639892578125,1309000
2024-10-11,Goldman Sachs,490.63011240375556,500.2591829681972,490.43693915253925,498.64630126953125,2409700
2024-10-14,Goldman Sachs,499.9501088796293,505.184767274798,497.8832673727611,504.8757019042969,2174900
2024-10-15,Goldman Sachs,520.3769723085975,522.0285240474108,497.883341043595,504.5184326171875,4525400
2024-10-16,Goldman Sachs,511.87781138286226,517.8851038175437,507.99524761046115,511.7425842285156,2649000
2024-10-17,Goldman Sachs,513.0755084971624,516.9870166375191,510.1684188211798,510.912109375,2123500
2024-10-18,Goldman Sachs,511.28872079470585,512.6215395326872,508.85486763001,510.42913818359375,1779200
2024-10-21,Goldman Sachs,509.94624733383745,511.7329672347996,499.3223671810492,500.0950012207031,1752100
2024-10-22,Goldman Sachs,497.97988738422265,501.86245159036247,495.4011984008996,500.5779113769531,1588000
2024-10-23,Goldman Sachs,498.1633796856186,502.21978202236187,495.84547759904945,499.5155334472656,1263200
2024-10-24,Goldman Sachs,501.25397793285276,507.04882160837707,500.48134389908915,506.56591796875,2058200
2024-10-25,Goldman Sachs,509.99448713980496,510.7188425497038,493.2763666372675,495.07275390625,1633200
2024-10-28,Goldman Sachs,497.7770720624628,506.6528429022697,497.37139058141724,505.6773681640625,1687100
2024-10-29,Goldman Sachs,503.35941673844775,509.2122063301383,503.1855785067971,506.35345458984375,1281600
2024-10-30,Goldman Sachs,505.5034616950532,512.6407313913272,505.184728845315,506.4692687988281,1441600
2024-10-31,Goldman Sachs,504.5763545515053,507.04881881484596,496.936844951902,500.0853271484375,2061700
2024-11-01,Goldman Sachs,502.2198393941495,508.6328145678285,499.361028317783,501.592041015625,1625000
2024-11-04,Goldman Sachs,500.28816560340135,500.33644417723707,493.05427858652325,493.9814453125,1797800
2024-11-05,Goldman Sachs,495.45917214297026,509.4247676902245,495.07282562244706,508.9418640136719,2169900
2024-11-06,Goldman Sachs,547.9024607907266,578.141884515103,546.7434802595103,575.601806640625,8042800
2024-11-07,Goldman Sachs,569.8263260026212,574.6553626636604,561.6362986889233,562.2640380859375,4475600
2024-11-08,Goldman Sachs,566.3686538218037,574.8001909427572,561.4237255679861,569.111572265625,2714000
2024-11-11,Goldman Sachs,578.4220660408365,586.3899769613705,575.7853717968989,581.7444458007812,2510800
2024-11-12,Goldman Sachs,577.6010287815009,581.5029278977087,571.2460004091747,572.3277587890625,2392900
2024-11-13,Goldman Sachs,574.2979915375533,582.9129760283909,572.3857119735397,573.9019775390625,1763100
2024-11-14,Goldman Sachs,579.4843850744925,580.9620985515685,566.1948670784055,568.4838256835938,1670500
2024-11-15,Goldman Sachs,573.0714010189195,574.7905662949711,567.0158293787827,573.2452392578125,2007700
2024-11-18,Goldman Sachs,574.3753270344906,574.7230035430274,564.7268618110608,567.8850708007812,1848900
2024-11-19,Goldman Sachs,559.8398184335392,564.7654708991884,555.8317536159027,561.5010375976562,2217400
2024-11-20,Goldman Sachs,563.8672839841813,567.7015106123805,556.9037922345574,562.0322265625,1528600
2024-11-21,Goldman Sachs,566.4556297703205,580.1604372511019,564.5240152357393,575.7273559570312,2281900
2024-11-22,Goldman Sachs,575.8335594920842,583.289621975204,574.1144532724121,582.1693115234375,1733700
2024-11-25,Goldman Sachs,587.9738283900458,590.3980142414177,578.354425025337,582.4108276367188,2940800
2024-11-26,Goldman Sachs,579.609945149374,586.4285423939665,572.7237343193577,584.7963256835938,2846500
2024-11-27,Goldman Sachs,586.901765126352,591.3155115019963,582.6522484322106,584.7286987304688,1424500
2024-11-29,Goldman Sachs,588.4760405055863,591.7790849486935,586.3029740920318,587.7613525390625,1170200
2024-12-02,Goldman Sachs,590.1198328291449,593.9148208199626,583.6168557180157,584.0148315429688,1804100
2024-12-03,Goldman Sachs,591.0517008566442,593.4393191627529,583.1316372942955,584.3740234375,1718100
2024-12-04,Goldman Sachs,585.2669677085897,586.5093538863016,579.2104831928289,581.1031494140625,1617300
2024-12-05,Goldman Sachs,582.8696158578962,588.7222545485182,578.8124893498143,579.249267578125,1672800
2024-12-06,Goldman Sachs,579.5985842893322,582.3550911196635,576.8906544421061,582.0444946289062,1405700
2024-12-09,Goldman Sachs,581.3748492372772,585.2669323454073,576.2598108219288,576.6480712890625,1633200
2024-12-10,Goldman Sachs,572.6492530306311,578.7348835408986,566.5927687143036,567.825439453125,2600800
2024-12-11,Goldman Sachs,572.7657254047593,576.2501766233404,569.6404477140903,575.1339721679688,2195300
2024-12-12,Goldman Sachs,575.1631344978418,578.7834236704526,571.3001380870423,574.2119140625,1218400
2024-12-13,Goldman Sachs,576.5315462990685,577.5021381278549,567.8738837735574,568.2620849609375,1215000
2024-12-16,Goldman Sachs,570.7079688596108,570.9700475981008,561.681477118549,569.0870971679688,1713300
2024-12-17,Goldman Sachs,563.7586648546768,564.5059803868057,555.4600561346798,557.77978515625,2314100
2024-12-18,Goldman Sachs,560.5070893200947,562.4288422651098,528.4775576219673,534.0681762695312,3271600
2024-12-19,Goldman Sachs,544.9290405835953,550.325528404336,537.3195751128017,537.6981201171875,2753300
2024-12-20,Goldman Sachs,538.6203071443248,556.0521601530693,537.1061860493279,549.4520874023438,4515900
2024-12-23,Goldman Sachs,548.3843964600937,554.8291405759691,545.278490685195,553.9944458007812,1519500
2024-12-24,Goldman Sachs,557.3138936784744,565.6512451171875,554.557386553215,565.6512451171875,913400
2024-12-26,Goldman Sachs,561.1477654120373,565.4571960843687,560.5168569418973,564.1371459960938,1092000
2024-12-27,Goldman Sachs,560.0314881156864,564.8456449379277,554.5476205584987,559.235595703125,1486000
2024-12-30,Goldman Sachs,550.5876969508977,559.0803762437348,548.4814698333089,556.6829833984375,1265900
2024-12-31,Goldman Sachs,558.1582964989514,559.9538678354153,553.6256488688995,555.7803344726562,1055800
2025-01-02,Goldman Sachs,562.273613339134,567.1265730300486,552.9850413818959,558.0612182617188,2219000
2025-01-03,Goldman Sachs,563.9138681830855,565.0203571162796,554.9164627235331,563.0694580078125,1422600
2025-01-06,Goldman Sachs,567.7769117801139,576.1919874076983,562.7686829266706,566.2337036132812,2257000
2025-01-07,Goldman Sachs,569.8442429119325,570.9798781810057,551.6845048877917,563.059814453125,2021900
2025-01-08,Goldman Sachs,563.9527932147014,564.108121119936,555.8289423541171,562.9628295898438,1513400
2025-01-10,Goldman Sachs,559.303676196507,559.303676196507,541.6000864492197,543.5315551757812,2817900
2025-01-13,Goldman Sachs,541.4738063820662,549.5394225893053,540.3867482083999,546.3947143554688,1871200
2025-01-14,Goldman Sachs,552.9073507715057,556.7218290359858,548.5785488497461,554.722412109375,2221900
2025-01-15,Goldman Sachs,580.4140023468397,591.4884307406312,575.5610424609965,588.10107421875,5119800
2025-01-16,Goldman Sachs,592.0513589899481,598.6999492218816,588.1787066867346,594.963134765625,3224500
2025-01-17,Goldman Sachs,599.6317156680202,608.5611737659015,594.9728859944141,607.5323486328125,3425200
2025-01-21,Goldman Sachs,598.6707808620214,616.7431971013427,591.0904605762925,616.073486328125,5076700
2025-01-22,Goldman Sachs,614.8118223368737,616.90827507126,611.1915329954451,614.1226806640625,2835700
2025-01-23,Goldman Sachs,616.2482148305606,626.5558964418389,615.8308674073061,620.6935424804688,2582700
2025-01-24,Goldman Sachs,611.4728753412803,621.7611254207733,610.4634811275158,618.1699829101562,3183500
2025-01-27,Goldman Sachs,606.6199041795895,617.0149641840919,606.0958059088593,614.6564331054688,3351700
2025-01-28,Goldman Sachs,613.6082269811859,620.2859041660165,613.2296819126894,619.0435180664062,2338000
2025-01-29,Goldman Sachs,618.2670955987618,629.9141994404968,617.6944202608404,618.6359252929688,1918900
2025-01-30,Goldman Sachs,625.5368050734705,630.4189110851541,622.1494485993155,626.7112426757812,1812800
2025-01-31,Goldman Sachs,630.8847361983258,630.8847361983258,618.6941042807795,621.5670776367188,1995100
2025-02-03,Goldman Sachs,607.5905277127621,619.7034956342521,604.1740252773765,613.773193359375,2102600
2025-02-04,Goldman Sachs,613.4140850140105,618.9173245375526,610.589688631308,615.5299682617188,1743400
2025-02-05,Goldman Sachs,619.2376452392248,627.4002972244045,616.840311631054,626.4685668945312,1908200
2025-02-06,Goldman Sachs,630.8846787674945,639.4743926207781,629.8558538148056,638.8629150390625,2439200
2025-02-07,Goldman Sachs,640.0082774653523,644.3467945173796,633.9517346742645,636.6112060546875,2616700
2025-02-10,Goldman Sachs,639.6394855802055,643.0074109993816,625.3038244242695,631.399169921875,2351600
2025-02-11,Goldman Sachs,627.7593762444187,629.952863892647,624.6728422706161,628.205810546875,2711400
2025-02-12,Goldman Sachs,624.8282316155583,631.3408651485328,620.3149557246472,629.9141235351562,2295800
2025-02-13,Goldman Sachs,632.6609098872407,632.8258939164893,621.6738029024401,629.8656005859375,2031800
2025-02-14,Goldman Sachs,631.1953147669537,643.7547759892756,631.1953147669537,641.1244506835938,2246000
2025-02-18,Goldman Sachs,643.1045215098335,652.4221801757812,641.5806850980475,652.4221801757812,2350100
2025-02-19,Goldman Sachs,649.4036810058208,651.3060033214329,643.7742595220867,648.5010375976562,1953600
2025-02-20,Goldman Sachs,648.3844847181861,650.5683163225099,613.084005573065,623.372314453125,3929000
2025-02-21,Goldman Sachs,625.789129136776,628.4582568686506,605.0961026666519,607.2022705078125,3000800
2025-02-24,Goldman Sachs,614.8796981576213,618.5582202165534,596.7199019654104,607.7264404296875,3274100
2025-02-25,Goldman Sachs,610.046176800247,612.7541069700144,588.178712088765,596.82666015625,2885900
2025-02-26,Goldman Sachs,598.5349134224257,604.8049586642322,597.1081717098222,599.6026000976562,2001200
2025-02-27,Goldman Sachs,599.3793604054525,606.8432152308034,589.4502232345985,590.1199340820312,2396300
2025-02-28,Goldman Sachs,592.8412498300038,608.3112148873105,589.1542507191131,606.984619140625,3337200
2025-03-03,Goldman Sachs,607.0919254167657,613.315012332807,583.6041629397249,590.3734741210938,3152300
2025-03-04,Goldman Sachs,581.3216515357369,585.2427973287116,553.6104312771719,566.8466796875,4061000
2025-03-05,Goldman Sachs,567.7733517418171,582.4336535213013,562.593955132206,578.4832763671875,2600600
2025-03-06,Goldman Sachs,566.3101554270854,572.2796265266815,550.7329137633512,553.7078857421875,4332300
2025-03-07,Goldman Sachs,554.1957259169108,554.1957259169108,531.507800851124,545.90478515625,4069600
2025-03-10,Goldman Sachs,528.9620626044047,533.0294843466737,510.2635674384439,518.583740234375,5272100
2025-03-11,Goldman Sachs,519.3737134233277,526.7087758378406,511.30715701583443,518.3593139648438,4190500
2025-03-12,Goldman Sachs,530.6201409057438,531.5955455765264,515.5891811239334,522.5340576171875,3078100
2025-03-13,Goldman Sachs,522.4950107132108,524.9042912417628,507.26895787525353,511.9021301269531,2529100
2025-03-14,Goldman Sachs,520.856264925239,530.2006571621531,513.7455872044023,528.09375,2808100
2025-03-17,Goldman Sachs,527.9182761472052,543.4564661513002,526.7185473956773,537.7796630859375,2695600
2025-03-18,Goldman Sachs,536.7554592165548,540.1303810886376,533.2050311672788,538.2088623046875,2641000
2025-03-19,Goldman Sachs,535.4971787093388,549.1528444687755,531.205374228496,543.632080078125,2769800
2025-03-20,Goldman Sachs,539.4963047375271,554.4590387248728,538.4233834030322,548.8406982421875,2531300
2025-03-21,Goldman Sachs,541.671516511726,553.0544728549406,537.6528538526413,551.240234375,3565600
2025-03-24,Goldman Sachs,560.857734946432,568.3878310897493,558.9556837645998,565.832275390625,1877700
2025-03-25,Goldman Sachs,570.30943053276,572.4553329831492,563.9888265279625,571.5286865234375,1875500
2025-03-26,Goldman Sachs,573.9184600845186,578.0639305966527,556.956155865536,559.8043212890625,1944200
2025-03-27,Goldman Sachs,551.1036337497386,552.0790384112425,538.9598338072191,545.1731567382812,2100900
2025-03-28,Goldman Sachs,542.2762383749621,546.7143177181536,524.4848667136381,529.7617797851562,2773100
2025-03-31,Goldman Sachs,520.6906122121114,533.9268628666863,515.5892640146527,532.8538818359375,2455100
2025-04-01,Goldman Sachs,529.8886377180453,538.3844346395089,520.1248265109558,534.9607543945312,1869600
2025-04-02,Goldman Sachs,526.5233899551519,553.3665435359244,525.8211272210832,549.2503051757812,2560700
2025-04-03,Goldman Sachs,512.5069501394913,516.9547937608594,497.0272803269286,498.6562194824219,5193900
2025-04-04,Goldman Sachs,475.0220901608051,479.8991136737497,448.68616319090415,459.23028564453125,8105200
2025-04-07,Goldman Sachs,435.908371298954,477.92882406609965,428.5733383880003,454.0606689453125,6353800
2025-04-08,Goldman Sachs,476.241377935795,479.82112653152893,441.69252795867556,450.8515930175781,4240900
2025-04-09,Goldman Sachs,440.25863987524224,509.1612404140665,436.11317000597063,504.15740966796875,7024100
2025-04-10,Goldman Sachs,490.7261359044516,490.7261359044516,462.3418517129782,477.75323486328125,5374500
2025-04-11,Goldman Sachs,475.02210024682427,486.25875194311743,466.8091793791675,482.27911376953125,3770200
2025-04-14,Goldman Sachs,497.45639824887553,499.40720765377307,484.9224418690109,491.58447265625,4392600
2025-04-15,Goldman Sachs,494.93011044995524,505.89367969784973,494.5301909444111,495.3983154296875,2501200
2025-04-16,Goldman Sachs,489.3800700862313,496.9199594848054,480.5721664253466,486.7757263183594,2765600
2025-04-17,Goldman Sachs,490.8626742029775,502.1676413891308,486.84401141748623,496.9589538574219,2593500
2025-04-21,Goldman Sachs,492.96951281890654,496.7443241180183,482.5131735964915,489.02886962890625,2859300
2025-04-22,Goldman Sachs,497.6807838486516,508.1858824491908,496.41273979424585,507.2007141113281,2514600
2025-04-23,Goldman Sachs,520.5052597177677,538.2185844026075,515.2673407897107,516.29150390625,3048100
2025-04-24,Goldman Sachs,514.1358181608949,533.390357868882,510.546335837194,531.9564819335938,2223600
2025-04-25,Goldman Sachs,531.205369630512,535.5849866911356,527.9084970201238,531.458984375,1612700
2025-04-28,Goldman Sachs,531.4590202170364,540.8619363380114,529.1277885657647,532.961181640625,1459700
2025-04-29,Goldman Sachs,530.4152371060155,537.3308817989789,527.9864892181843,535.4190673828125,1695600
2025-04-30,Goldman Sachs,522.5828248742151,536.0044028989781,518.3788330526602,534.0828247070312,2438300
2025-05-01,Goldman Sachs,534.6192648953747,544.6171625586969,532.0832366187562,540.2083740234375,2583000
2025-05-02,Goldman Sachs,547.7678465111262,555.7661778108879,545.9340807168496,552.1766357421875,2883000
2025-05-05,Goldman Sachs,544.6269268280162,552.6252568757106,543.7880931160271,545.7974243164062,2197200
2025-05-06,Goldman Sachs,536.0824152462426,543.7296145165742,533.6049086668088,535.8483276367188,2902500
2025-05-07,Goldman Sachs,536.6774938510156,541.7203199731707,534.2682130489674,538.3453979492188,1954900
2025-05-08,Goldman Sachs,545.075649044123,558.0875141034114,544.4806664789812,551.7864379882812,1994600
2025-05-09,Goldman Sachs,556.2245875095223,558.0290625769327,551.8645566274085,553.1520385742188,1522500
2025-05-12,Goldman Sachs,581.594873365768,588.5299871792869,573.6160692761327,576.7958984375,3527700
2025-05-13,Goldman Sachs,578.7076535492615,592.7632699983918,578.4735659236634,588.9591674804688,2765800
2025-05-14,Goldman Sachs,588.9494105644803,599.873956309764,587.6813962221672,596.5575561523438,2874400
2025-05-15,Goldman Sachs,594.7334802414604,603.9803571493618,594.7334802414604,600.7517700195312,2428100
2025-05-16,Goldman Sachs,601.77601192277,605.5215330696144,598.4693753150509,603.8048706054688,2021800
2025-05-19,Goldman Sachs,594.2068010330235,604.146177465599,583.6236836831513,597.2402954101562,2842100
2025-05-20,Goldman Sachs,592.8022679170762,596.5087942547628,588.178858684921,591.6025390625,1601600
2025-05-21,Goldman Sachs,586.9985505490251,594.8700738097834,577.4395961679064,578.8637084960938,2635900
2025-05-22,Goldman Sachs,577.9760656535524,587.3887451897965,577.9370708962614,583.516357421875,1939600
2025-05-23,Goldman Sachs,570.6117669756902,587.1546526265687,568.1732551510078,583.8187255859375,1530600
2025-05-27,Goldman Sachs,590.9978118950211,602.4782862917888,590.0711653972395,600.5859985351562,2364700
2025-05-28,Goldman Sachs,602.0978851252372,603.414657751414,592.3730686086744,593.4752807617188,2001900
2025-05-29,Goldman Sachs,593.55329093129,594.9968708457475,583.5846238751891,589.9832763671875,1736100
2025-05-30,Goldman Sachs,588.1600032852964,591.6889393727164,582.1117746707836,588.6011352539062,2129500
2025-06-02,Goldman Sachs,586.7876462152421,587.3464054363336,580.4845382612037,586.9052734375,1221200
2025-06-03,Goldman Sachs,588.1599906844644,594.3552830993615,582.0136996359787,591.9144287109375,1730300
2025-06-04,Goldman Sachs,593.5318515290264,594.3651141072453,586.9052391851477,587.3856201171875,1294900
2025-06-05,Goldman Sachs,588.1600380709151,597.688201968912,581.2001682193692,593.9240112304688,2086700
2025-06-06,Goldman Sachs,600.9034613693187,609.1181007500264,597.9626613952438,601.8837280273438,1675900
2025-06-09,Goldman Sachs,602.6189779864766,606.8831143701509,598.952789954401,601.4132690429688,1610700
2025-06-10,Goldman Sachs,600.9034175002457,604.3833519160354,597.2862314029777,602.7365112304688,1376400
2025-06-11,Goldman Sachs,605.0010332821518,617.4112440002459,602.4621758725634,611.8530883789062,2063600
2025-06-12,Goldman Sachs,608.7455935000501,613.6567390205274,603.6481949216657,612.7744750976562,1634700
2025-06-13,Goldman Sachs,603.8932792448966,607.8829718319845,597.5607947523365,601.4328002929688,1674800
2025-06-16,Goldman Sachs,606.7851124958125,619.7932712907902,605.8048457551085,615.46044921875,1870400
2025-06-17,Goldman Sachs,612.3725343037175,619.2049635338947,610.7060691792988,612.313720703125,1479300
2025-06-18,Goldman Sachs,612.1862876168622,627.2529800706974,611.3432727227125,622.7045288085938,2423100
2025-06-20,Goldman Sachs,626.2238104914916,629.95862433129,624.126025334562,628.1549072265625,4115400
2025-06-23,Goldman Sachs,626.6453017138105,634.6442516794216,617.5778347171216,634.1149291992188,2020800
2025-06-24,Goldman Sachs,641.5356162659222,650.6717099794541,640.34947190433,649.04443359375,2307800
2025-06-25,Goldman Sachs,651.4852204971688,656.896311790536,647.750406788568,656.6512451171875,1566400
2025-06-26,Goldman Sachs,657.3864470053501,675.7272584299293,657.2786320281458,673.6000366210938,2849500
2025-06-27,Goldman Sachs,677.3642926178128,680.5011580374714,671.8650107664996,677.1780395507812,3650500
2025-06-30,Goldman Sachs,700.1751104299359,700.2044873187658,689.0784842779603,693.7837524414062,3976400
2025-07-01,Goldman Sachs,694.0288152349607,698.9399609156842,686.7846300498984,692.5192260742188,3301000
2025-07-02,Goldman Sachs,694.8130659554947,704.5471076806625,691.1665023352681,701.76318359375,2906500
2025-07-03,Goldman Sachs,701.7827224881726,711.6736400367959,699.3223032742354,709.3994140625,1502000
2025-07-07,Goldman Sachs,707.4584305689516,709.6835951081514,692.4015496674986,696.9009399414062,2863700
2025-07-08,Goldman Sachs,696.6951748187087,697.1559313157412,680.0797008182029,683.5204467773438,3100700
2025-07-09,Goldman Sachs,690.4410788963177,690.4410788963177,681.0011057192286,682.8145751953125,1763400
2025-07-10,Goldman Sachs,682.9910026008907,696.3618545841297,682.7067468004434,695.126708984375,1733500
2025-07-11,Goldman Sachs,689.7058531520885,692.0682695029161,686.4121116672359,691.0390014648438,1681800
2025-07-14,Goldman Sachs,690.8331623890392,699.3516826248053,688.2746805954782,699.2242431640625,1909300
2025-07-15,Goldman Sachs,699.2242117124812,700.5867967586829,686.225865947249,688.6471557617188,1981200
2025-07-16,Goldman Sachs,694.5189490814288,695.7737191619638,677.6583500663052,694.8326416015625,3323200
2025-07-17,Goldman Sachs,692.342757707153,703.2923194259776,690.3822244087773,691.9114379882812,2046100
2025-07-18,Goldman Sachs,693.1073594189253,696.2736016634308,684.6084640185139,694.28369140625,1925200
2025-07-21,Goldman Sachs,695.1462888668052,698.6948492631275,690.4507734410191,692.0682373046875,2006500
2025-07-22,Goldman Sachs,689.774428735632,692.5486002047516,678.2269183067817,686.5885620117188,1978900
2025-07-23,Goldman Sachs,688.1472040128454,704.8215496829964,687.6570706766539,703.3609619140625,2395700
2025-07-24,Goldman Sachs,704.743092518226,711.4481427013316,700.6259606395282,704.9881591796875,1974700
2025-07-25,Goldman Sachs,706.5370845271526,715.486924895958,704.1746081135667,714.5948486328125,1851400
2025-07-28,Goldman Sachs,713.6341311719812,718.0649556377284,707.9191597700191,709.3699951171875,1464800
2025-07-29,Goldman Sachs,712.5068712611394,719.6432419995773,708.1642966898378,717.53564453125,2136000
2025-07-30,Goldman Sachs,716.7122133940387,723.3192014159648,708.9092688794633,716.3298950195312,1816200
2025-07-31,Goldman Sachs,712.252018405182,719.5549575635301,706.2233541787895,709.3112182617188,2358100
2025-08-01,Goldman Sachs,696.4893242135873,700.420203375545,680.3541122915796,695.56787109375,2999100
2025-08-04,Goldman Sachs,701.0867588058161,712.4480164022169,701.0867588058161,711.7030639648438,1753700
2025-08-05,Goldman Sachs,713.634138034062,715.0065353087269,700.449539314402,706.6840209960938,1977300
2025-08-06,Goldman Sachs,710.2032221280867,713.9282236113356,707.7525553850636,710.4384765625,1477100
2025-08-07,Goldman Sachs,716.2024153176443,718.4766411262242,703.4491366232222,705.537109375,1400400
2025-08-08,Goldman Sachs,711.5363779871594,713.6341631007047,704.4686933173496,707.0369873046875,1275400
2025-08-11,Goldman Sachs,707.9485466946776,709.5561982694417,701.6160029535309,705.0469360351562,1273500
2025-08-12,Goldman Sachs,710.9678893124791,733.3767726107974,710.0561885939944,728.710693359375,2418100
2025-08-13,Goldman Sachs,731.0632679169095,734.1314473904484,718.162925704245,729.9947509765625,1862600
2025-08-14,Goldman Sachs,728.0636865725065,733.3963400471453,722.4565895218356,732.455322265625,1371200
2025-08-15,Goldman Sachs,734.2197806135523,734.2687819838953,714.7908868494043,716.3004760742188,1645900
2025-08-18,Goldman Sachs,715.1045556844332,717.1729040563725,709.5856493921442,716.5357666015625,1157800
2025-08-19,Goldman Sachs,714.7712806668087,715.5947310664358,703.5668388381553,707.1448364257812,1856400
2025-08-20,Goldman Sachs,706.9683760083191,707.9976441062937,691.6271777869798,706.4586181640625,1872700
2025-08-21,Goldman Sachs,702.4002843008147,705.0273918944137,698.9007249790994,701.8219604492188,1162000
2025-08-22,Goldman Sachs,705.9292607612635,730.1418597051176,704.400047134848,727.2500610351562,1948600
2025-08-25,Goldman Sachs,727.2500441743131,731.7690591015532,723.7602972702863,724.211181640625,1381200
2025-08-26,Goldman Sachs,723.1525278212538,734.3765330357014,719.3784653416586,734.1707153320312,1511600
2025-08-27,Goldman Sachs,731.2494663609954,738.1407694613018,730.3182609307717,734.87646484375,1534800
2025-08-28,Goldman Sachs,736.1704318428535,738.4642820980037,732.2493652964773,736.3958740234375,1411200
2025-08-29,Goldman Sachs,735.8933401798311,738.0712880954991,728.196476576733,734.4544677734375,1467000
2025-09-02,Goldman Sachs,725.7227874367305,725.7227874367305,710.7133658623917,720.2630004882812,2296400
2025-09-03,Goldman Sachs,718.0062664031279,721.4161673949264,711.8369375152871,719.977294921875,1485600
2025-09-04,Goldman Sachs,723.1210709994753,738.0614403576991,720.5784274271349,738.0516357421875,1778200
2025-09-05,Goldman Sachs,741.2938869524413,746.3791134729543,716.6166344220352,727.5164184570312,1822800
2025-09-08,Goldman Sachs,728.7089063983016,732.769220165311,722.9436722820858,731.1036987304688,1400100
2025-09-09,Goldman Sachs,729.4086423351365,754.5293901055707,727.8416482634565,752.85400390625,2611300
2025-09-10,Goldman Sachs,750.823806214717,763.2511253809848,750.5971572054214,758.4320068359375,1996200
2025-09-11,Goldman Sachs,760.8169721496809,781.6802911887554,760.1763638510663,773.362548828125,2075700
2025-09-12,Goldman Sachs,772.1504253784065,775.629319600717,765.0153117355115,768.76025390625,1099400
2025-09-15,Goldman Sachs,771.608352495527,780.9017441542022,770.1202164340411,775.3631591796875,1292000
2025-09-16,Goldman Sachs,778.0929964437368,778.5660239756936,768.3955109815599,774.1509399414062,1529500
2025-09-17,Goldman Sachs,777.4327460202405,787.0021109091882,773.8553245303494,782.715087890625,1945300
2025-09-18,Goldman Sachs,784.0455509353465,795.5859440427938,780.921487717317,792.658935546875,1501600
2025-09-19,Goldman Sachs,792.4421367702416,797.9313979121331,785.8194500908996,793.3389282226562,3789800
2025-09-22,Goldman Sachs,789.5348522300642,794.3540310530707,785.9869650571767,793.8908081054688,1151000
2025-09-23,Goldman Sachs,795.4085013545462,813.295608473162,790.3824029027276,794.6398315429688,1758800
2025-09-24,Goldman Sachs,797.8230489503444,801.0654293290602,780.8623872067685,780.9510498046875,1402500
2025-09-25,Goldman Sachs,774.6142000044849,786.6177563436844,770.682007773663,783.247314453125,1413100
2025-09-26,Goldman Sachs,785.612472708354,797.7737443951031,783.611910162147,790.885009765625,1376200
2025-09-29,Goldman Sachs,796.0983647528167,797.1233380252197,786.4304727837132,792.4716796875,1059000
2025-09-30,Goldman Sachs,793.8316879733414,797.8920016646126,775.0576544965396,784.814208984375,2463900
2025-10-01,Goldman Sachs,782.123792530161,784.7452940468534,771.8842853210717,774.1312866210938,1788900
2025-10-02,Goldman Sachs,777.4524731061118,779.5417584684341,761.250616706113,768.090087890625,1553700
2025-10-03,Goldman Sachs,771.6576290624948,783.4049416434867,766.5920715695704,778.5364990234375,1470500
2025-10-06,Goldman Sachs,783.48379295204,790.8751494893233,768.750343557519,785.238037109375,1632600
2025-10-07,Goldman Sachs,786.4403848124842,793.6543564627208,770.0710072791352,778.2113647460938,1547200
2025-10-08,Goldman Sachs,780.2808225923848,783.4837435566099,763.1230478320107,765.2615966796875,1939300
2025-10-09,Goldman Sachs,767.5677156449597,771.5689009171675,760.1763590964712,768.6616821289062,1575000
2025-10-10,Goldman Sachs,771.7758531368867,780.1921225067388,752.9328269907693,753.28759765625,2457900
2025-10-13,Goldman Sachs,766.6117732939923,779.5909781708774,766.6117732939923,775.3828735351562,2766000
2025-10-14,Goldman Sachs,753.3763782100943,775.1759485434106,731.7049295409796,759.594970703125,4710800
2025-10-15,Goldman Sachs,767.3410573489115,771.1549924697414,751.6122291495192,756.805908203125,3217400
2025-10-16,Goldman Sachs,759.4963816353861,770.1202540696751,741.5107466629489,747.1085205078125,3160900
2025-10-17,Goldman Sachs,747.1676310160249,747.946165596567,729.2903886035565,739.89453125,2884700
2025-10-20,Goldman Sachs,746.0342384418652,755.3177652272203,741.9739248095863,752.2626953125,1925400
2025-10-21,Goldman Sachs,748.0053252367004,754.2140530602404,747.2859190734017,747.985595703125,1782200
2025-10-22,Goldman Sachs,749.5919346001375,749.5919346001375,732.3454362525788,733.8138427734375,2141400
2025-10-23,Goldman Sachs,738.4852760164757,744.0632602160189,733.873016384494,739.9044189453125,1615400
2025-10-24,Goldman Sachs,748.842907270763,773.2442473940491,745.0487018311014,772.5248413085938,2505600
2025-10-27,Goldman Sachs,777.5706762842809,785.1690121517651,775.6095127198423,778.5463256835938,1645300
2025-10-28,Goldman Sachs,780.5765077323452,786.7950999096033,775.9445789760723,780.615966796875,1242000
2025-10-29,Goldman Sachs,776.5851783231896,788.8942408782873,767.538165316683,771.7167358398438,2251500
2025-10-30,Goldman Sachs,772.209497583184,795.4479390639711,769.2923539216112,778.7138671875,1829500
2025-10-31,Goldman Sachs,773.6089418588799,780.2512981521454,771.6576429296814,777.9353637695312,1328100
2025-11-03,Goldman Sachs,778.1324336561212,784.4692825774129,770.1201986086705,774.14111328125,1569100
2025-11-04,Goldman Sachs,765.7445284036169,794.3244400171367,761.8024716293384,779.3742065429688,2046000
2025-11-05,Goldman Sachs,778.9898647138912,785.8096062937142,764.3451377986157,781.6015014648438,1832700
2025-11-06,Goldman Sachs,782.4983102922872,786.637482150233,765.7445681323768,776.1713256835938,1572500
2025-11-07,Goldman Sachs,771.6576358172671,775.6588211525012,751.7502365028895,774.9492797851562,2098400
2025-11-10,Goldman Sachs,784.5481454341376,794.6791999283029,777.373573329629,785.6519165039062,1698200
2025-11-11,Goldman Sachs,786.9133714737683,800.2375429144618,784.0849504876173,798.572021484375,1521500
2025-11-12,Goldman Sachs,802.33675326636,827.8320031218527,802.33675326636,826.81689453125,2954100
2025-11-13,Goldman Sachs,820.9924331959973,829.09339096319,793.3586374851283,793.8316650390625,2557400
2025-11-14,Goldman Sachs,784.0258646088754,789.0125644035685,766.7301012195379,779.4530639648438,2552000
2025-11-17,Goldman Sachs,778.5562056462006,785.1886968586348,759.3386790511362,764.3253784179688,1850600
2025-11-18,Goldman Sachs,760.8760560719772,776.289511891786,755.4359986882776,765.0546264648438,1673500
2025-11-19,Goldman Sachs,765.0547342047489,776.4571418015114,763.773577653083,774.6043701171875,1521100
2025-11-20,Goldman Sachs,783.7301274638397,804.1795460678946,761.0041735802654,762.4923095703125,2599000
2025-11-21,Goldman Sachs,765.577054834328,769.0657536393828,743.0777475715416,762.817626953125,2284700
2025-11-24,Goldman Sachs,767.3608174254849,782.4884368535778,764.1283018662043,779.2559814453125,2319500
2025-11-25,Goldman Sachs,785.4548111856097,793.5951680373666,766.720176767673,790.69775390625,2252900
2025-11-26,Goldman Sachs,794.1668508133124,807.7078073443738,793.338992354842,804.1895141601562,1862500
2025-11-28,Goldman Sachs,808.1216733847655,818.5385660756641,807.0868954673417,814.0741577148438,868300
2025-12-01,Goldman Sachs,806.7321408040563,812.7831526175127,797.8821818877664,799.1140747070312,2133200
2025-12-02,Goldman Sachs,803.3332097388572,811.8308583110671,800.5402746011598,807.3839721679688,2254200
2025-12-03,Goldman Sachs,805.1456378076209,829.8659814534967,805.1456378076209,828.5388793945312,2347900
2025-12-04,Goldman Sachs,827.5186887656407,835.887579788815,826.4886946586389,829.7867431640625,1670800
2025-12-05,Goldman Sachs,829.2222338753676,847.9804104882268,828.4893476177687,846.3561401367188,2277500
2025-12-08,Goldman Sachs,852.8333279144113,862.202532710398,848.0794204942646,858.3696899414062,2238100
2025-12-09,Goldman Sachs,857.6863466479022,875.236204540594,856.0125683340502,868.164794921875,2274800
2025-12-10,Goldman Sachs,862.9849773523011,888.5868524806153,860.9249889675638,880.7032470703125,2394300
2025-12-11,Goldman Sachs,881.4360911847975,910.2765316831278,879.4751187098009,902.2840576171875,2683000
2025-12-12,Goldman Sachs,904.977939402971,906.2060256488637,878.4748275057357,879.435546875,2715200
2025-12-15,Goldman Sachs,883.4367640630632,895.7870225450473,881.0499267578125,881.0499267578125,1976600
2025-12-16,Goldman Sachs,881.6836702093026,887.6359831895505,865.9264346378657,870.7100830078125,2161600
2025-12-17,Goldman Sachs,877.8211650818964,887.3685742285825,860.1028962664201,863.95556640625,2213300
2025-12-18,Goldman Sachs,872.0471429897783,884.2191364323135,866.302835455157,867.887451171875,2066300
2025-12-19,Goldman Sachs,874.6914454710769,891.1122924143385,873.4831866325773,884.9024658203125,4808300
2025-12-22,Goldman Sachs,887.9133953034745,896.787340295759,886.2495306174212,890.3695678710938,1442300
2025-12-23,Goldman Sachs,891.7065380081661,897.2230727806882,885.120414852416,893.0535278320312,1210200
2025-12-24,Goldman Sachs,892.5087354632198,903.1258536841647,890.0723904289903,902.0364379882812,771800
2025-12-26,Goldman Sachs,902.254341935098,904.5520770411326,896.618963879796,898.3323364257812,995300
2025-12-29,Goldman Sachs,897.7480163863435,897.7776969502469,883.0009471220923,883.614990234375,1578000
2025-12-30,Goldman Sachs,886.150377356392,886.4277183379118,872.7205574258533,875.929443359375,1833300
2025-12-31,Goldman Sachs,875.6125388135954,877.4943228277873,868.3727178682782,870.5615234375,1221500
2026-01-02,Goldman Sachs,875.5135558134159,905.6613327098464,872.2947559758666,905.5623168945312,2817600
2026-01-05,Goldman Sachs,905.6217084820269,952.4576988054562,903.8389402716671,939.3348999023438,3742000
2026-01-06,Goldman Sachs,940.2955423062087,949.367639240271,934.1947055208689,946.29736328125,1966000
2026-01-07,Goldman Sachs,947.6938731242234,949.0507161684332,925.0335182899208,931.9861450195312,2683300
2026-01-08,Goldman Sachs,926.4992534327896,936.116057957002,923.0526812200502,925.8555297851562,1960800
2026-01-09,Goldman Sachs,929.757752946327,937.056995526318,923.7460181734681,929.9656982421875,1334100
2026-01-12,Goldman Sachs,925.0335579270275,941.4345787630969,920.1904876394906,940.4342651367188,2179600
2026-01-13,Goldman Sachs,938.2256884137788,940.8205314482959,922.0623539668134,929.1437377929688,1969600
2026-01-14,Goldman Sachs,923.3498654465398,929.1437414496185,909.0881423719485,923.71630859375,2513000
2026-01-15,Goldman Sachs,916.0208976392803,971.8398218580155,915.7930645553358,966.4916381835938,3773700
2026-01-16,Goldman Sachs,963.6591084375203,975.2467994263548,947.8127099431726,952.7647094726562,3071600
2026-01-20,Goldman Sachs,937.2947121626017,953.3589703813221,930.0845714906263,934.3135986328125,2629100
2026-01-21,Goldman Sachs,934.9375101350598,959.618258836998,934.3928022772602,943.8610229492188,2251300
2026-01-22,Goldman Sachs,950.8433273989625,961.6287968384512,941.6821283063989,945.4852905273438,2468300
2026-01-23,Goldman Sachs,925.1128072316803,928.1929365850489,908.2462669762169,910.0587158203125,3872600
2026-01-26,Goldman Sachs,909.5931713770888,924.7760192007825,909.1673066619076,922.9140625,2655900
2026-01-27,Goldman Sachs,915.1295579749972,924.4393417271565,911.5542286469977,920.7946166992188,2012500
2026-01-28,Goldman Sachs,923.5578815932334,928.1731188352726,913.9014819286365,927.8165893554688,1674100
2026-01-29,Goldman Sachs,928.3018525104284,946.2083003675783,916.2487021555244,931.0947875976562,2335400
2026-01-30,Goldman Sachs,924.9840474330892,937.9087547192612,914.3075069329105,926.4299926757812,1893700
2026-02-02,Goldman Sachs,923.1814871937376,940.3253074824875,903.3239807815754,937.2451782226562,1802000
2026-02-03,Goldman Sachs,940.3847602040299,955.2407595753416,910.2369830618794,929.9756469726562,2321900
2026-02-04,Goldman Sachs,928.1235596947575,935.0959533059877,885.2194282993655,904.5322265625,3561900
2026-02-05,Goldman Sachs,893.0138508974348,902.0859477313048,868.303361579572,881.8619384765625,3214300
2026-02-06,Goldman Sachs,899.1543682273673,922.8249504343177,898.5204977723823,919.8339233398438,2473200
2026-02-09,Goldman Sachs,920.0815153939743,939.8895135725313,918.2096450582895,934.5611572265625,2322600
2026-02-10,Goldman Sachs,936.6212445988094,952.5964006247325,921.0026180469961,939.879638671875,3324900
2026-02-11,Goldman Sachs,941.5137577786719,958.8358420327925,922.3396305822372,935.5218505859375,2654300
2026-02-12,Goldman Sachs,946.9907130858718,959.0934320339674,895.3017367413962,895.8662719726562,3188700
2026-02-13,Goldman Sachs,885.8235900215421,897.2924383338793,860.6575539652756,896.4506225585938,2623000
2026-02-17,Goldman Sachs,899.0156898208336,912.7030238135872,896.9853820977502,907.2459106445312,2008500
2026-02-18,Goldman Sachs,912.7327903233859,938.6020318265028,911.1481141555994,924.76611328125,1864900
2026-02-19,Goldman Sachs,916.1199126884006,920.7351496508852,897.7876007637025,907.85009765625,1974200
2026-02-20,Goldman Sachs,903.7894359206774,913.5151703999004,891.9244642095072,913.3864135742188,2009100
2026-02-23,Goldman Sachs,909.6823514476142,923.0527507339972,875.2659532845172,883.7437744140625,2535900
2026-02-24,Goldman Sachs,876.939706733635,903.0169535277645,873.1861128021866,893.608154296875,1971500
2026-02-25,Goldman Sachs,905.9385707595484,913.6538246956984,898.8077398133594,912.53466796875,1763600
2026-02-26,Goldman Sachs,918.8533957630589,929.3813512480314,912.6930771199676,920.0814819335938,2220300
2026-02-27,Goldman Sachs,903.2447140013328,907.4539136005715,845.950103636087,851.3180541992188,5552300
2026-03-02,Goldman Sachs,836.3142104248782,869.7966520679189,832.3317618038074,857.9190063476562,2873200
2026-03-03,Goldman Sachs,832.3317774173322,864.5299018603185,821.0216377054891,858.795166015625,3782100
2026-03-04,Goldman Sachs,866.0233033314352,874.9439493459278,856.2264529921267,863.4446411132812,2081700
2026-03-05,Goldman Sachs,858.2276182019754,862.7178386116808,818.5923019083422,831.7941284179688,3093700
2026-03-06,Goldman Sachs,812.4195338956446,823.5305390186446,797.8139203195095,817.8157348632812,2473000
2026-03-09,Goldman Sachs,806.4458464581081,833.0087714913384,791.5116641162913,828.3792114257812,3258200
2026-03-10,Goldman Sachs,831.0175448995619,842.3775135994551,822.7240786469663,830.1513671875,1871900
2026-03-11,Goldman Sachs,826.3082882089209,829.1457584338937,806.9834229987335,820.1454467773438,2227000
2026-03-12,Goldman Sachs,801.786398600958,803.6681201830515,780.6594767923647,784.0645141601562,3533000
2026-03-13,Goldman Sachs,785.8963611272785,794.49846434799,777.075252410534,778.7777709960938,2567400
2026-03-16,Goldman Sachs,788.5247888263667,801.9257496642291,786.5335646121588,791.2826538085938,2082700
2026-03-17,Goldman Sachs,802.7620360546564,816.8400059428774,799.9444367547594,803.498779296875,1955600
2026-03-18,Goldman Sachs,797.4853555933689,812.6087070271379,797.4853555933689,801.9456787109375,1541300
2026-03-19,Goldman Sachs,789.450757980204,812.5987411471679,787.1210595105324,805.9480590820312,1765900
2026-03-20,Goldman Sachs,803.4590116225854,823.600226136298,801.3980871631452,809.9603881835938,3918400
2026-03-23,Goldman Sachs,829.3448870621654,845.8023843975209,825.3624386248922,827.6224975585938,2190300
2026-03-24,Goldman Sachs,821.3103450133813,840.7944825887811,814.4107599261373,832.052978515625,1656100
2026-03-25,Goldman Sachs,841.3022527755711,850.9995056264154,830.2410161078947,838.1461791992188,1628900
2026-03-26,Goldman Sachs,830.1314345449495,841.0931340639529,812.5290189853214,819.0303955078125,2052200
2026-03-27,Goldman Sachs,810.0997329651887,813.5146753977273,794.2795018526815,799.3670654296875,2106800
2026-03-30,Goldman Sachs,807.5609096079204,815.037966460176,798.3614632086708,804.0563354492188,1621400
2026-03-31,Goldman Sachs,820.2848552245671,844.7768892263738,806.445822361064,842.2778930664062,2689800
2026-04-01,Goldman Sachs,856.1766779939967,866.381702501079,846.4196911065476,856.435546875,1803600
2026-04-02,Goldman Sachs,834.7113090494499,863.4944303968281,827.3537204650028,859.2531127929688,1717700
2026-04-06,Goldman Sachs,859.2132730694112,869.3784948506818,855.9974653167983,862.2498779296875,1444500
2026-04-07,Goldman Sachs,854.2352372478092,864.1614613607902,846.2703399308134,860.3582763671875,1498400
2026-04-08,Goldman Sachs,899.0477282599688,914.0914131111363,889.6789839929008,901.7756958007812,2439000
2026-04-09,Goldman Sachs,898.0421539173074,905.4097080900849,891.3615745546059,899.7545776367188,1797800
2026-04-10,Goldman Sachs,899.4061568259743,904.9716555671396,891.0728878645393,903.8167114257812,1642700
2026-04-13,Goldman Sachs,871.7082278292152,893.0043868405718,861.5430664116833,886.88134765625,4236200
2026-04-14,Goldman Sachs,890.4953894144785,910.1786607831826,886.1943376960936,905.638671875,2822600
2026-04-15,Goldman Sachs,910.9851058311854,923.7189631938282,893.1636242626328,895.5431518554688,2403900
2026-04-16,Goldman Sachs,894.0497132467892,903.975997630366,891.9190887369546,896.0509033203125,1742100
2026-04-17,Goldman Sachs,911.4829258115856,925.1128586129627,908.217288782352,921.8870849609375,2805100
2026-04-20,Goldman Sachs,919.6270348638764,937.6675223849871,918.9400600411338,937.6077880859375,2374300
2026-04-21,Goldman Sachs,940.3556864865968,947.8327435418381,918.4920215449791,922.4844360351562,1765400
2026-04-22,Goldman Sachs,934.8798179913987,936.8511106221245,927.0642868444145,930.7380981445312,1382600
2026-04-23,Goldman Sachs,930.8973390362396,940.2461514958565,916.6501319251059,927.2135620117188,1655000
2026-04-24,Goldman Sachs,926.4071429970794,928.8264732380284,915.1865745814679,922.8428344726562,1263300
2026-04-27,Goldman Sachs,921.9766331321692,937.5977898511031,921.9368305232924,933.6950073242188,1223000
2026-04-28,Goldman Sachs,937.109981117505,941.1521640622856,920.1845743729076,922.4844360351562,1501600
2026-04-29,Goldman Sachs,923.4302732630828,925.9193036492366,895.2145980680115,901.6263427734375,1725900
2026-04-30,Goldman Sachs,906.4152500147118,923.9280948431746,901.0290149063287,919.7166748046875,1880300
2026-05-01,Goldman Sachs,912.3789989974781,931.6739673349706,908.1376815137018,919.6569213867188,1359800
2026-05-04,Goldman Sachs,918.2232098806113,920.9412115242092,895.0552963894747,899.3065795898438,1660100
2026-05-05,Goldman Sachs,905.7381912105915,917.7054682953158,904.234807192047,914.8580322265625,1507200
2026-05-06,Goldman Sachs,931.8232473114226,939.9175787356154,927.2434558509663,933.2369995117188,2318200
2026-05-07,Goldman Sachs,933.8145144098863,941.1422053898132,917.9344881603267,921.8074340820312,1715300
2026-05-08,Goldman Sachs,931.892975221478,935.6564183281972,923.3904693109786,932.370849609375,1665000
2026-05-11,Goldman Sachs,928.5576652353872,945.6125056611387,922.5640608454437,940.7140502929688,2411400
2026-05-12,Goldman Sachs,938.0259322060158,944.3381400802936,916.7596709102469,941.7495727539062,2236500
2026-05-13,Goldman Sachs,937.7073532243602,955.3396051173437,928.9857812616895,951.2277221679688,2355200
2026-05-14,Goldman Sachs,962.6574154181511,971.3789268372649,956.2854733295283,964.7083740234375,1898000
2026-05-15,Goldman Sachs,949.4655519556767,955.2898587311545,937.4783427684613,944.3082275390625,1862700
2026-05-18,Goldman Sachs,943.5814691885706,957.4702711270156,934.431790906699,942.20751953125,1508000
2026-05-19,Goldman Sachs,929.1251177947441,935.5169913874638,919.7564344394463,924.664794921875,1767300
2026-05-20,Goldman Sachs,940.8534894606655,978.417916742471,936.373234748948,977.8106079101562,3104400
2026-05-21,Goldman Sachs,977.9002358621685,995.1143481322039,966.0424610758233,983.8340454101562,2452300
2026-05-22,Goldman Sachs,990.2656841750414,1000.9485827382347,986.5520704264984,992.3564453125,1923500
2026-05-26,Goldman Sachs,1002.113500296361,1012.0795266126196,982.6990638791686,990.1561889648438,2080600
2026-05-27,Goldman Sachs,991.5400548498139,999.2461438209881,970.1443597867003,992.0975952148438,2195000
2026-05-28,Goldman Sachs,982.0917353818012,1005.5383897283438,978.1391842526722,1003.9454345703125,2273000
2026-05-29,Goldman Sachs,1004.8414977203302,1022.7126872637696,999.5946022252514,1021.06005859375,2158000
2026-06-01,Goldman Sachs,1015.3300170898438,1051.199951171875,1011.5999755859375,1048.5799560546875,2666700
2026-06-02,Goldman Sachs,1049.739990234375,1073.969970703125,1047.8900146484375,1064.5799560546875,2125600
2026-06-03,Goldman Sachs,1055.280029296875,1055.969970703125,1031.010009765625,1041.02001953125,2562200
2026-06-04,Goldman Sachs,1052.8699951171875,1095.9000244140625,1050.0,1092.6099853515625,2608800
2026-06-05,Goldman Sachs,1092.8199462890625,1098.3599853515625,1035.5999755859375,1038.6800537109375,2643800
2026-06-08,Goldman Sachs,1052.780029296875,1063.1800537109375,1042.3299560546875,1045.0,2326700
2026-06-09,Goldman Sachs,1061.7900390625,1064.3499755859375,1006.2999877929688,1032.010009765625,2868500
2026-06-10,Goldman Sachs,1028.3499755859375,1036.31005859375,1000.0399780273438,1001.2899780273438,2287200
2026-06-11,Goldman Sachs,1013.5,1036.9200439453125,1000.4500122070312,1035.6400146484375,2561900
2026-06-12,Goldman Sachs,1053.0,1073.739990234375,1048.06005859375,1062.75,2206000
2026-06-15,Goldman Sachs,1089.52001953125,1094.1800537109375,1075.0,1076.1700439453125,2364000
2026-06-16,Goldman Sachs,1086.0,1097.25,1085.530029296875,1090.6700439453125,1965500
2026-06-17,Goldman Sachs,1098.4599609375,1121.949951171875,1094.2900390625,1099.1400146484375,2180000
2026-06-18,Goldman Sachs,1120.0,1125.0,1093.3299560546875,1096.56005859375,4499200
2026-06-22,Goldman Sachs,1109.699951171875,1115.97998046875,1091.6300048828125,1106.3699951171875,1894400
2026-06-23,Goldman Sachs,1077.3399658203125,1103.550048828125,1069.0,1094.43994140625,2066900
2026-06-24,Goldman Sachs,1090.0,1090.0999755859375,1068.510009765625,1076.9100341796875,1933100
2026-06-25,Goldman Sachs,1095.6199951171875,1105.25,1062.0999755859375,1065.0899658203125,1950000
2026-06-26,Goldman Sachs,1054.739990234375,1057.0,1013.3800048828125,1019.6099853515625,4008500
2026-06-29,Goldman Sachs,1029.18994140625,1035.9300537109375,1016.1699829101562,1020.2100219726562,1887200
2026-06-30,Goldman Sachs,1019.2899780273438,1026.3199462890625,1006.1099853515625,1011.3699951171875,3162800
2026-07-01,Goldman Sachs,1010.0,1033.530029296875,1003.0,1019.6099853515625,1735000
2026-07-02,Goldman Sachs,1038.989990234375,1039.280029296875,1009.72998046875,1021.0,1543500
2026-07-06,Goldman Sachs,1029.8800048828125,1055.2900390625,1029.0,1055.2900390625,1754400
2026-07-07,Goldman Sachs,1052.0,1053.8599853515625,1035.1300048828125,1042.97998046875,1353500
2026-07-08,Goldman Sachs,1030.0,1040.1800537109375,1011.9199829101562,1029.6400146484375,1699000
2026-07-09,Goldman Sachs,1055.0,1064.010009765625,1042.6099853515625,1055.969970703125,1241800
2026-07-10,Goldman Sachs,1063.2099609375,1067.1700439453125,1048.0,1055.1800537109375,1110600
2026-07-13,Goldman Sachs,1056.3399658203125,1057.8199462890625,1036.8399658203125,1045.9100341796875,1799500
2026-07-14,Goldman Sachs,1085.0,1143.8399658203125,1082.0,1140.0,3792600
2026-07-15,Goldman Sachs,1148.4200439453125,1153.989990234375,1117.4000244140625,1152.0699462890625,2736800
2026-07-16,Goldman Sachs,1147.6500244140625,1152.449951171875,1089.010009765625,1095.4599609375,2529400
2026-07-17,Goldman Sachs,1071.6400146484375,1085.9300537109375,1047.1500244140625,1065.219970703125,2162700
2026-07-20,Goldman Sachs,1074.6500244140625,1087.9000244140625,1053.6600341796875,1055.030029296875,1718300
2026-07-21,Goldman Sachs,1070.0699462890625,1088.47998046875,1063.0,1085.56005859375,1718600
2026-07-22,Goldman Sachs,1078.52001953125,1106.6600341796875,1078.0,1098.199951171875,1538700
2026-07-23,Goldman Sachs,1072.52001953125,1084.72998046875,1062.47998046875,1074.719970703125,1852700
2026-07-24,Goldman Sachs,1075.0,1077.3800048828125,1051.8199462890625,1061.22998046875,1381400
2026-07-27,Goldman Sachs,1080.1800537109375,1088.5,1029.0,1048.22998046875,2538900
2026-07-28,Goldman Sachs,1041.9300537109375,1047.7099609375,1011.8699951171875,1033.3399658203125,2173100
2026-07-29,Goldman Sachs,1025.0,1028.1199951171875,977.7000122070312,980.75,3198400
2026-07-30,Goldman Sachs,1007.3599853515625,1029.7900390625,998.510009765625,1024.8599853515625,2330800
2026-07-31,Goldman Sachs,1034.719970703125,1042.97998046875,1008.5999755859375,1018.3800048828125,1553700
2026-08-03,Goldman Sachs,1025.0,1027.9599609375,1005.1599731445312,1027.06005859375,1706500
2026-08-04,Goldman Sachs,1050.0,1066.1600341796875,1043.27001953125,1052.97998046875,2653600
2026-08-05,Goldman Sachs,1063.7099609375,1077.2099609375,1060.02001953125,1060.3800048828125,1648000
2026-08-06,Goldman Sachs,1062.0400390625,1068.0400390625,1030.780029296875,1032.5799560546875,1726500
2026-08-07,Goldman Sachs,1038.3399658203125,1047.0,1032.030029296875,1039.6099853515625,1429400
2026-08-10,Goldman Sachs,1039.6099853515625,1045.4300537109375,1030.0699462890625,1034.510009765625,1819100
2026-08-11,Goldman Sachs,1036.3900146484375,1043.4300537109375,1027.18994140625,1034.4100341796875,1829300
2026-08-12,Goldman Sachs,1055.0,1056.050048828125,1031.739990234375,1037.2099609375,1737800
2026-08-13,Goldman Sachs,1040.6099853515625,1059.0699462890625,1038.469970703125,1042.6300048828125,1421700
2026-08-14,Goldman Sachs,1040.9100341796875,1043.739990234375,1029.5799560546875,1039.4200439453125,1592900
2026-08-17,Goldman Sachs,1040.7900390625,1054.6300048828125,1038.1400146484375,1051.31005859375,1450400
2026-08-18,Goldman Sachs,1040.0,1043.5,1026.0799560546875,1040.469970703125,1909200
2026-08-19,Goldman Sachs,1044.8199462890625,1044.8199462890625,1014.5,1021.6500244140625,2744200
2026-08-20,Goldman Sachs,1016.989990234375,1026.4200439453125,1001.6799926757812,1001.9500122070312,1756200
2026-08-21,Goldman Sachs,1015.989990234375,1043.6600341796875,1008.8499755859375,1039.280029296875,2744000
2026-08-24,Goldman Sachs,1039.0,1047.280029296875,1030.1800537109375,1035.8599853515625,943266
