Date,Open,High,Low,Close,Volume,GBPUSD,Open_GBX,High_GBX,Low_GBX,Close_GBX
2015-01-02,241.40728411427705,244.79616514846484,240.7594176270009,242.3541717529297,20219711,1.5579720735549927,241.40728411427705,244.79616514846484,240.7594176270009,242.3541717529297
2015-01-05,241.5069392569744,242.35414802594215,233.4334450044589,233.9318084716797,39050852,1.5284910202026367,241.5069392569744,242.35414802594215,233.4334450044589,233.9318084716797
2015-01-06,233.28394067104827,235.078052184224,229.49637530075407,229.59605407714844,37573308,1.5258322954177856,233.28394067104827,235.078052184224,229.49637530075407,229.59605407714844
2015-01-07,231.3403204582568,232.69586965579464,229.3966908287473,229.84523010253903,37219841,1.5137982368469238,231.3403204582568,232.69586965579464,229.3966908287473,229.84523010253903
2015-01-08,233.5331552243236,237.56990289408867,230.7921557855612,236.27415466308597,41082776,1.5107566118240356,233.5331552243236,237.56990289408867,230.7921557855612,236.27415466308597
2015-01-09,234.6295039785433,234.6295039785433,227.5527521801429,230.2439117431641,46867721,1.5087963342666626,234.6295039785433,234.6295039785433,227.5527521801429,230.2439117431641
2015-01-12,230.59279971797284,233.00785818981032,227.45310051292185,230.6426239013672,34490093,1.5189489126205444,230.59279971797284,233.00785818981032,227.45310051292185,230.6426239013672
2015-01-13,229.496366770994,234.13114073299383,228.8983245525477,232.23736572265625,25844745,1.5170363187789917,229.496366770994,234.13114073299383,228.8983245525477,232.23736572265625
2015-01-14,230.24389482923297,232.0569411535025,222.1704015244105,222.8182830810547,60864512,1.5170363187789917,230.24389482923297,232.0569411535025,222.1704015244105,222.8182830810547
2015-01-15,226.75536388781768,228.499635917724,218.82541120330612,227.20388793945312,56132853,1.5234380960464478,226.75536388781768,228.499635917724,218.82541120330612,227.20388793945312
2015-01-16,226.0576700678636,226.3995497155427,222.61896521174907,223.61569213867188,43987461,1.5181187391281128,226.0576700678636,226.3995497155427,222.61896521174907,223.61569213867188
2015-01-19,223.41636353873284,229.5462440589868,222.31997290234403,229.24722290039065,55228983,1.5142109394073486,223.41636353873284,229.5462440589868,222.31997290234403,229.24722290039065
2015-01-20,230.6426062107712,237.00372126891884,229.89506101102728,234.48001098632807,50977535,1.5090012550354004,230.6426062107712,237.00372126891884,229.89506101102728,234.48001098632807
2015-01-21,234.4800024392256,237.2210014050401,233.4832755425657,237.12132263183597,28672971,1.5147384405136108,234.4800024392256,237.2210014050401,233.4832755425657,237.12132263183597
2015-01-22,237.71942142356608,242.6322903180153,235.92530954086368,242.60337829589844,65363101,1.5144860744476318,237.71942142356608,242.6322903180153,235.92530954086368,242.60337829589844
2015-01-23,243.40073817832368,245.36131071400064,240.28497762816107,242.3541717529297,43954371,1.5013211965560913,243.40073817832368,245.36131071400064,240.28497762816107,242.3541717529297
2015-01-26,239.56333616483272,240.958747855847,238.41709101042755,239.96202087402344,30093855,1.4995876550674438,239.56333616483272,240.958747855847,238.41709101042755,239.96202087402344
2015-01-27,240.11146471526948,240.7095068406468,236.92194220055748,238.6662139892578,24688504,1.5085458755493164,240.11146471526948,240.7095068406468,236.92194220055748,238.6662139892578
2015-01-28,240.95873927874408,242.2046479616745,234.43017473841945,236.0747833251953,29917309,1.5188103914260864,240.95873927874408,242.2046479616745,234.43017473841945,236.0747833251953
2015-01-29,234.13114828657424,236.8223231475603,232.93507901993928,235.7757568359375,27623329,1.5142338275909424,234.13114828657424,236.8223231475603,232.93507901993928,235.7757568359375
2015-01-30,236.97179802302392,238.5665669954652,233.38357543945312,233.38357543945312,30434587,1.5079090595245361,236.97179802302392,238.5665669954652,233.38357543945312,233.38357543945312
2015-02-02,235.77578511210731,237.17119688905643,232.48658282775855,235.0780792236328,37110013,1.5087052583694458,235.77578511210731,237.17119688905643,232.48658282775855,235.0780792236328
2015-02-03,239.164675348462,248.0355560623236,238.0184452155034,247.6368560791016,66603907,1.5028102397918701,239.164675348462,248.0355560623236,238.0184452155034,247.6368560791016
2015-02-04,247.935791015625,249.18169951319095,244.24790490459856,247.935791015625,45978031,1.5142109394073486,247.935791015625,249.18169951319095,244.24790490459856,247.935791015625
2015-02-05,245.24465775248785,248.03549612524665,243.3010433316034,247.98565673828125,26413977,1.5180034637451172,245.24465775248785,248.03549612524665,243.3010433316034,247.98565673828125
2015-02-06,247.23814802577337,256.7568944039559,246.1417421862076,254.61392211914065,50807751,1.5325905084609985,247.23814802577337,256.7568944039559,246.1417421862076,254.61392211914065
2015-02-09,252.570611954883,254.28498358605836,248.58370401426072,252.81979370117188,31406863,1.523902416229248,252.570611954883,254.28498358605836,248.58370401426072,252.81979370117188
2015-02-10,252.47092511075724,253.6032084432485,247.58695420835548,252.37124633789065,52510700,1.5216069221496582,252.47092511075724,253.6032084432485,247.58695420835548,252.37124633789065
2015-02-11,252.17184381371,253.6170944222574,248.2846159412251,250.1783905029297,34724177,1.526205062866211,252.17184381371,253.6170944222574,248.2846159412251,250.1783905029297
2015-02-12,250.77649512991425,255.859808423852,250.2282922909452,252.5207672119141,41779731,1.5242739915847778,250.77649512991425,255.859808423852,250.2282922909452,252.5207672119141
2015-02-13,254.8630810494162,259.39819176664463,253.7666905169208,255.6106414794922,41448524,1.5391956567764282,254.8630810494162,259.39819176664463,253.7666905169208,255.6106414794922
2015-02-16,253.46762551714068,258.3146992540492,253.46762551714068,257.952880859375,18762501,1.5400489568710327,253.46762551714068,258.3146992540492,253.46762551714068,257.952880859375
2015-02-17,255.76009802374455,257.25518819486814,253.3888719935724,256.7069702148437,26978599,1.5356265306472778,255.76009802374455,257.25518819486814,253.3888719935724,256.7069702148437
2015-02-18,259.4480396838506,262.8449054338942,257.35493720706995,259.4978942871094,47455508,1.5353436470031738,259.4480396838506,262.8449054338942,257.35493720706995,259.4978942871094
2015-02-19,258.25199643557795,261.4485009597323,256.60740281212827,259.5477294921875,36082492,1.543900728225708,258.25199643557795,261.4485009597323,256.60740281212827,259.5477294921875
2015-02-20,258.2519653470649,263.351217875218,257.1057354091715,260.64410400390625,39275392,1.5419963598251343,258.2519653470649,263.351217875218,257.1057354091715,260.64410400390625
2015-02-23,263.13585366609743,263.3850353457055,259.49780722735704,261.9896240234375,39601203,1.5389113426208496,263.13585366609743,263.3850353457055,259.49780722735704,261.9896240234375
2015-02-24,261.9398407381959,263.8336463528685,260.24542310624383,263.13592529296875,26668647,1.5452368259429932,261.9398407381959,263.8336463528685,260.24542310624383,263.13592529296875
2015-02-25,262.08931381714825,269.0554203550977,261.6407746078886,262.0394592285156,25320216,1.545905590057373,262.08931381714825,269.0554203550977,261.6407746078886,262.0394592285156
2015-02-26,262.33850149226856,264.08277336278184,259.64732701068743,261.2420959472656,23202372,1.552891492843628,262.33850149226856,264.08277336278184,259.64732701068743,261.2420959472656
2015-02-27,260.1457605808627,262.8369357884327,255.16212532069292,256.0591735839844,41803803,1.5418059825897217,260.1457605808627,262.8369357884327,255.16212532069292,256.0591735839844
2015-03-02,254.16535091672367,263.1358927137845,253.3769396004364,261.8899841308594,44514567,1.5406184196472168,254.16535091672367,263.1358927137845,253.3769396004364,261.8899841308594
2015-03-03,256.65717437591525,262.2029581727276,252.57058804017805,253.4676513671875,66495839,1.5359095335006714,256.65717437591525,262.2029581727276,252.57058804017805,253.4676513671875
2015-03-04,254.2151446339138,261.54107666015625,252.0721731309448,261.54107666015625,48202782,1.5366648435592651,254.2151446339138,261.54107666015625,252.0721731309448,261.54107666015625
2015-03-05,261.34184391931035,265.12939453125,261.1534367132008,265.12939453125,59603687,1.52650785446167,261.34184391931035,265.12939453125,261.1534367132008,265.12939453125
2015-03-06,265.12935629790684,267.292267062016,263.58444176475115,264.13262939453125,36330501,1.5247621536254883,265.12935629790684,267.292267062016,263.58444176475115,264.13262939453125
2015-03-09,262.8866386451729,263.9830439799308,259.1987380876277,261.840087890625,40265273,1.5057746171951294,262.8866386451729,263.9830439799308,259.1987380876277,261.840087890625
2015-03-10,258.5892388035216,260.1344125293768,253.50518798828125,253.50518798828125,41894665,1.5104827880859375,258.5892388035216,260.1344125293768,253.50518798828125,253.50518798828125
2015-03-11,251.36188937131425,263.15590479696607,249.7170525943532,254.20298767089844,39519142,1.508204698562622,251.36188937131425,263.15590479696607,249.7170525943532,254.20298767089844
2015-03-12,254.20296599682283,257.0440640541668,251.21234286744843,253.70452880859372,35839890,1.4932951927185059,254.20296599682283,257.0440640541668,251.21234286744843,253.70452880859372
2015-03-13,255.199875,255.59861872024837,247.37440399856865,249.2186279296875,38870903,1.4894028902053833,255.199875,255.59861872024837,247.37440399856865,249.2186279296875
2015-03-16,250.81366281240545,255.9166521142104,250.6142757176688,251.06288146972656,29822569,1.4755791425704956,250.81366281240545,255.9166521142104,250.6142757176688,251.06288146972656
2015-03-17,251.96003283691405,253.90393509254605,238.0366912776008,249.2186279296875,35199431,1.4825797080993652,251.96003283691405,253.90393509254605,238.0366912776008,249.2186279296875
2015-03-18,250.5145580582099,252.50830700382065,249.41799005368503,251.561279296875,37933134,1.47520911693573,250.5145580582099,252.50830700382065,249.41799005368503,251.561279296875
2015-03-19,252.4086314283622,253.9288742341983,251.31207855692628,252.0098876953125,44500418,1.496199607849121,252.4086314283622,253.9288742341983,251.31207855692628,252.0098876953125
2015-03-20,252.25910746188336,254.5020751953125,250.31520513513115,254.5020751953125,61802208,1.4761673212051392,252.25910746188336,254.5020751953125,250.31520513513115,254.5020751953125
2015-03-23,255.05032785709045,257.1437702351487,245.76742152440372,256.34625244140625,27104068,1.494321584701538,255.05032785709045,257.1437702351487,245.76742152440372,256.34625244140625
2015-03-24,256.39614923052454,259.0876922916169,256.04723704977255,257.6422424316406,36456067,1.4951928853988647,256.39614923052454,259.0876922916169,256.04723704977255,257.6422424316406
2015-03-25,257.6422481890961,259.18739162413004,249.86063022515185,251.1127014160156,41860488,1.4833933115005493,257.6422481890961,259.18739162413004,249.86063022515185,251.1127014160156
2015-03-26,249.3681530220061,250.99107068983463,245.6797203708664,249.2186279296875,40638745,1.4877409934997559,249.3681530220061,250.99107068983463,245.6797203708664,249.2186279296875
2015-03-27,250.16565905990865,252.4664441255229,242.3900347210299,243.48660278320312,45277658,1.4858399629592896,250.16565905990865,252.4664441255229,242.3900347210299,243.48660278320312
2015-03-30,246.6267689890048,248.171927655169,244.2342760428209,247.0255279541016,34875856,1.4885826110839844,246.6267689890048,248.171927655169,244.2342760428209,247.0255279541016
2015-03-31,247.72333561271708,247.72333561271708,241.2436507777768,241.8417816162109,46741243,1.4809110164642334,247.72333561271708,247.72333561271708,241.2436507777768,241.8417816162109
2015-04-01,242.63925927801805,251.361911586652,242.63925927801805,248.5208282470703,49780346,1.482953429222107,242.63925927801805,251.361911586652,242.63925927801805,248.5208282470703
2015-04-02,249.8665745440209,254.71138497434512,249.16876547197765,253.95376586914065,38046988,1.4836794137954712,249.8665745440209,254.71138497434512,249.16876547197765,253.95376586914065
2015-04-07,256.3962074075717,258.19056985544603,255.19994549418604,257.1936950683594,35822684,1.4890702962875366,256.3962074075717,258.19056985544603,255.19994549418604,257.1936950683594
2015-04-08,257.1936509367299,257.2933444827731,254.90083627763212,255.15005493164065,29089328,1.4823819398880005,257.1936509367299,257.2933444827731,254.90083627763212,255.15005493164065
2015-04-09,257.09393684798806,258.063887740426,255.4989315053406,257.143798828125,28388642,1.487851619720459,257.09393684798806,258.063887740426,255.4989315053406,257.143798828125
2015-04-10,258.68890595456685,259.0876496288252,254.95062696678409,256.2465515136719,44749195,1.4714971780776978,258.68890595456685,259.0876496288252,254.95062696678409,256.2465515136719
2015-04-13,255.1001764211381,259.2371994785441,255.1001764211381,258.6390991210937,28900664,1.4640644788742065,255.1001764211381,259.2371994785441,255.1001764211381,258.6390991210937
2015-04-14,259.1375219344444,263.3243763143862,259.08765995930383,261.33062744140625,50441866,1.4667917490005493,259.1375219344444,263.3243763143862,259.08765995930383,261.33062744140625
2015-04-15,262.47702553035225,262.47702553035225,258.52941130155176,258.83843994140625,36941797,1.4771921634674072,262.47702553035225,262.47702553035225,258.52941130155176,258.83843994140625
2015-04-16,260.63282280200497,261.2807850744666,256.69515677196586,259.5362548828125,34927443,1.4828435182571411,260.63282280200497,261.2807850744666,256.69515677196586,259.5362548828125
2015-04-17,259.8852068822015,260.5331692540861,253.2808977893395,254.5020751953125,41661498,1.4921809434890747,259.8852068822015,260.5331692540861,253.2808977893395,254.5020751953125
2015-04-20,254.75126983904696,257.9243198885131,253.20611139265972,256.4459533691406,26487252,1.4968267679214478,254.75126983904696,257.9243198885131,253.20611139265972,256.4459533691406
2015-04-21,257.8415733707685,258.83844783222304,252.857201063496,254.20298767089844,31108276,1.490979552268982,257.8415733707685,258.83844783222304,252.857201063496,254.20298767089844
2015-04-22,254.45220291309735,255.9475145854564,251.561273097642,252.50830078125,34203659,1.4935628175735474,254.45220291309735,255.9475145854564,251.561273097642,252.50830078125
2015-04-23,253.8042692877636,260.72057330911457,252.38371999627157,257.6422424316406,38191193,1.5037593841552734,253.8042692877636,260.72057330911457,252.38371999627157,257.6422424316406
2015-04-24,258.19051025157444,264.42097623254875,257.79176651323155,260.9319152832031,51429607,1.5052080154418945,258.19051025157444,264.42097623254875,257.79176651323155,260.9319152832031
2015-04-27,262.42725237082533,263.37429545994195,257.8416228831344,262.9256896972656,34999068,1.517657995223999,262.42725237082533,263.37429545994195,257.8416228831344,262.9256896972656
2015-04-28,263.67332507934395,264.17176236682855,258.1616138291772,260.5830078125,34098106,1.5223711729049683,263.67332507934395,264.17176236682855,258.1616138291772,260.5830078125
2015-04-29,259.18736663777423,263.3243896746689,253.1562729487912,256.1469116210937,50518060,1.533483624458313,259.18736663777423,263.3243896746689,253.1562729487912,256.1469116210937
2015-04-30,257.2933269724662,257.39302051172467,252.00988882483568,254.5020751953125,38686597,1.542686104774475,257.2933269724662,257.39302051172467,252.00988882483568,254.5020751953125
2015-05-01,253.70457881243848,257.0740197365168,251.21239238009628,253.5550537109375,28669658,1.5354615449905396,253.70457881243848,257.0740197365168,251.21239238009628,253.5550537109375
2015-05-05,254.8509778940147,257.1438076597543,249.4180145263672,249.4180145263672,22382946,1.5122873783111572,254.8509778940147,257.1438076597543,249.4180145263672,249.4180145263672
2015-05-06,249.31829609685903,252.2590725649822,246.87594162278236,248.6703186035156,43993493,1.517427682876587,249.31829609685903,252.2590725649822,246.87594162278236,248.6703186035156
2015-05-07,246.08944602154176,249.32943257124683,242.3011510133776,248.13311767578125,44742242,1.5242043733596802,246.08944602154176,249.32943257124683,242.3011510133776,248.13311767578125
2015-05-08,261.69124570619255,264.4327730421622,256.50725457421,257.25494384765625,96188190,1.5407133102416992,261.69124570619255,264.4327730421622,256.50725457421,257.25494384765625
2015-05-11,257.205098963315,262.23952768445474,256.02874185885645,259.9964599609375,45026160,1.5434004068374634,257.205098963315,262.23952768445474,256.02874185885645,259.9964599609375
2015-05-12,258.25181461189067,258.4242857096677,255.6099857575135,256.6567687988281,38611349,1.557705283164978,258.25181461189067,258.4242857096677,255.6099857575135,256.6567687988281
2015-05-13,258.4512317082151,261.1927587562289,257.0156660200983,259.4481506347656,42586838,1.567103385925293,258.4512317082151,261.1927587562289,257.0156660200983,259.4481506347656
2015-05-14,259.49797767582976,262.2395046526812,257.85306757442896,261.2924499511719,24223492,1.574009895324707,259.49797767582976,262.2395046526812,257.85306757442896,261.2924499511719
2015-05-15,262.18962689241937,264.13363059202845,260.4948528761681,260.8437805175781,37139540,1.5772124528884888,262.18962689241937,264.13363059202845,260.4948528761681,260.8437805175781
2015-05-18,260.1958356797532,262.98719646015405,258.00260190690204,260.3453674316406,23762274,1.574604868888855,260.1958356797532,262.98719646015405,258.00260190690204,260.3453674316406
2015-05-19,260.74405269629085,263.7348085540508,260.7291147372438,261.8905334472656,34247039,1.5663670301437378,260.74405269629085,263.7348085540508,260.7291147372438,261.8905334472656
2015-05-20,261.1928133376039,271.31454840408804,261.1928133376039,270.71337890625,89154839,1.5516144037246704,261.1928133376039,271.31454840408804,261.1928133376039,270.71337890625
2015-05-21,270.1152677222046,272.55770149281267,269.3177141130506,270.2149353027344,41727032,1.5542914867401123,270.1152677222046,272.55770149281267,269.3177141130506,270.2149353027344
2015-05-22,270.8629001501945,271.46102720181386,269.1182919280143,269.3176574707031,29614695,1.5663915872573853,270.8629001501945,271.46102720181386,269.1182919280143,269.3176574707031
2015-05-26,268.42049747340025,269.5669484809609,262.6383782209274,264.0838928222656,42622520,1.5472211837768555,268.42049747340025,269.5669484809609,262.6383782209274,264.0838928222656
2015-05-27,264.831435861507,269.7163312092714,263.1865261577298,268.4203491210937,36448458,1.5398591756820679,264.831435861507,269.7163312092714,263.1865261577298,268.4203491210937
2015-05-28,267.8221856086794,271.1120353632261,266.3766718398924,270.2646484375,36484250,1.5350136756896973,267.8221856086794,271.1120353632261,266.3766718398924,270.2646484375
2015-05-29,269.3177447019628,271.16205150462963,267.1245404806954,269.168212890625,39224439,1.531909704208374,269.3177447019628,271.16205150462963,267.1245404806954,269.168212890625
2015-06-01,269.1680763672626,270.81298630479745,264.9810052321306,265.57916259765625,29111023,1.5288883447647095,269.1680763672626,270.81298630479745,264.9810052321306,265.57916259765625
2015-06-02,266.42655593758747,268.2209976528742,261.94042122582266,266.8253173828125,33553754,1.519987940788269,266.42655593758747,268.2209976528742,261.94042122582266,266.8253173828125
2015-06-03,266.4265987575565,272.5078106511393,266.22720279112315,270.36444091796875,31894286,1.5339776277542114,266.4265987575565,272.5078106511393,266.22720279112315,270.36444091796875
2015-06-04,269.81606750343724,270.11516139797374,264.77166080243825,265.57916259765625,38019254,1.5326610803604126,269.81606750343724,270.11516139797374,264.77166080243825,265.57916259765625
2015-06-05,264.98103839858925,266.67581274244776,262.38907352946626,264.63214111328125,40717019,1.5364996194839478,264.98103839858925,266.67581274244776,262.38907352946626,264.63214111328125
2015-06-08,264.6819342110903,265.34787522123787,261.1428847366318,261.1927185058594,31704736,1.526787519454956,264.6819342110903,265.34787522123787,261.1428847366318,261.1927185058594
2015-06-09,262.5386744541245,264.5823466217325,259.6476148913281,260.74420166015625,35781703,1.5345896482467651,262.5386744541245,264.5823466217325,259.6476148913281,260.74420166015625
2015-06-10,260.8936542205517,267.1742303007401,258.0524296419726,266.32684326171875,46584538,1.539408802986145,260.8936542205517,267.1742303007401,258.0524296419726,266.32684326171875
2015-06-11,266.2271618517471,270.5139310824386,265.1804092478198,267.92193603515625,33185579,1.549690842628479,266.2271618517471,270.5139310824386,265.1804092478198,267.92193603515625
2015-06-12,267.32386715249373,269.766331268332,265.6789566202321,268.8691101074219,31896396,1.5508925914764404,267.32386715249373,269.766331268332,265.6789566202321,268.8691101074219
2015-06-15,266.5262354034214,267.77636933249096,263.385947407884,264.1336364746094,39522320,1.5561537742614746,266.5262354034214,267.77636933249096,263.385947407884,264.1336364746094
2015-06-16,262.43897644630925,263.784823435874,260.6445340759292,262.8377380371094,28754554,1.5596001148223877,262.43897644630925,263.784823435874,260.6445340759292,262.8377380371094
2015-06-17,262.68815508942674,263.6850740840736,259.8469298699728,261.09307861328125,35525683,1.563966155052185,262.68815508942674,263.6850740840736,259.8469298699728,261.09307861328125
2015-06-18,260.04637648213463,266.67588300291584,257.4045467165372,260.74420166015625,30685643,1.5848110914230347,260.04637648213463,266.67588300291584,257.4045467165372,260.74420166015625
2015-06-19,260.1460145446818,265.6789025982258,259.12913773533376,264.93121337890625,68268596,1.587881326675415,260.1460145446818,265.6789025982258,259.12913773533376,264.93121337890625
2015-06-22,268.1711225651745,272.10896348601364,266.22711898682746,271.6105041503906,40009875,1.5885119438171387,268.1711225651745,272.10896348601364,266.22711898682746,271.6105041503906
2015-06-23,272.15879725015856,273.22051806891903,271.16187857891254,271.6105041503906,29674041,1.5829297304153442,272.15879725015856,273.22051806891903,271.16187857891254,271.6105041503906
2015-06-24,270.9127981231996,275.7667858809243,270.61373452652634,273.6044921875,51287874,1.5741090774536133,270.9127981231996,275.7667858809243,270.61373452652634,273.6044921875
2015-06-25,273.0062281258716,275.747754912847,271.1619222026513,272.05914306640625,40061655,1.570993185043335,273.0062281258716,275.747754912847,271.1619222026513,272.05914306640625
2015-06-26,270.61364334654013,275.3111003043332,268.8690352987967,271.5108642578125,31441420,1.5745056867599487,270.61364334654013,275.3111003043332,268.8690352987967,271.5108642578125
2015-06-29,262.6880714900108,268.2708221680556,261.0780575615737,263.4357604980469,54158099,1.5693166255950928,262.6880714900108,268.2708221680556,261.0780575615737,263.4357604980469
2015-06-30,261.6912256046815,264.48258650837727,259.6973876953125,259.6973876953125,48682385,1.573192834854126,261.6912256046815,264.48258650837727,259.6973876953125,259.6973876953125
2015-07-01,261.9902832517404,266.6259806260016,260.84383256425,265.7287292480469,37900544,1.5687012672424316,261.9902832517404,266.6259806260016,260.84383256425,265.7287292480469
2015-07-02,265.87825649219275,266.7754773287075,264.43271206080146,265.57916259765625,15356017,1.5605005025863647,265.87825649219275,266.7754773287075,264.43271206080146,265.57916259765625
2015-07-03,264.6819933298872,265.3020861939061,260.54478558288776,262.1398620605469,20630344,1.5613046884536743,264.6819933298872,265.3020861939061,260.54478558288776,262.1398620605469
2015-07-06,258.40135532026187,260.395192844574,256.1084239131753,258.0025634765625,33628335,1.555596947669983,258.40135532026187,260.395192844574,256.1084239131753,258.0025634765625
2015-07-07,258.8500157701844,258.8500157701844,251.024210641287,251.3731231689453,39396892,1.5602084398269653,258.8500157701844,258.8500157701844,251.024210641287,251.3731231689453
2015-07-08,258.2019763246207,261.4668794000004,256.4812812853688,256.5072021484375,87780445,1.5462881326675415,258.2019763246207,261.4668794000004,256.4812812853688,256.5072021484375
2015-07-09,257.20507894780206,261.6413802696166,255.70970058182644,260.3453674316406,34329384,1.536995530128479,257.20507894780206,261.6413802696166,255.70970058182644,260.3453674316406
2015-07-10,262.1896924014699,269.6167509906286,261.44200316458364,267.22412109375,45805231,1.5373972654342651,262.1896924014699,269.6167509906286,261.44200316458364,267.22412109375
2015-07-13,271.21177941749585,274.459767294241,270.01549497026895,272.8567199707031,53933584,1.5515903234481812,271.21177941749585,274.459767294241,270.01549497026895,272.8567199707031
2015-07-14,273.40504986306894,275.1795645577266,271.6115812936231,275.149658203125,32793529,1.548227310180664,273.40504986306894,275.1795645577266,271.6115812936231,275.149658203125
2015-07-15,274.15267756775165,277.1932678222656,272.5725697447274,277.1932678222656,33663508,1.5636972188949585,274.15267756775165,277.1932678222656,272.5725697447274,277.1932678222656
2015-07-16,278.09057628685343,280.3834778921945,277.8911803109305,279.1373291015625,39786031,1.563403844833374,278.09057628685343,280.3834778921945,277.8911803109305,279.1373291015625
2015-07-17,279.08743725508583,279.7354284066887,277.4923610502224,279.2369689941406,34270713,1.5613046884536743,279.08743725508583,279.7354284066887,277.4923610502224,279.2369689941406
2015-07-20,279.2370518702052,281.08135832872296,278.5391963160988,279.9847412109375,22794355,1.5600380897521973,279.2370518702052,281.08135832872296,278.5391963160988,279.9847412109375
2015-07-21,279.984595720544,282.8756535843632,279.3864384740715,282.2774963378906,32384446,1.5573898553848267,279.984595720544,282.8756535843632,279.3864384740715,282.2774963378906
2015-07-22,280.1341975281195,281.9785034897937,278.7385172194507,280.532958984375,28637984,1.555596947669983,280.1341975281195,281.9785034897937,278.7385172194507,280.532958984375
2015-07-23,282.22771289369825,283.87262279710205,279.536020016458,280.8818664550781,28649144,1.5614020824432373,282.22771289369825,283.87262279710205,279.536020016458,280.8818664550781
2015-07-24,279.93488426820244,282.0284205613151,279.1373611201396,281.2807312011719,35596813,1.5519516468048096,279.93488426820244,282.0284205613151,279.1373611201396,281.2807312011719
2015-07-27,279.23699422893924,280.5828408491536,274.85055708682114,275.9471435546875,41053743,1.5522888898849487,279.23699422893924,280.5828408491536,274.85055708682114,275.9471435546875
2015-07-28,276.44559370872827,279.9846739926722,276.44559370872827,278.738525390625,31760658,1.5564203262329102,276.44559370872827,279.9846739926722,276.44559370872827,278.738525390625
2015-07-29,282.6264971815205,287.8104874297547,282.4769654370337,283.7231140136719,57312024,1.5611096620559692,282.6264971815205,287.8104874297547,282.4769654370337,283.7231140136719
2015-07-30,285.1188355924812,287.96006084306106,284.96930382635674,286.16558837890625,42573711,1.5602084398269653,285.1188355924812,287.96006084306106,284.96930382635674,286.16558837890625
2015-07-31,286.61420871762385,288.55821291139074,285.467757967464,288.05975341796875,40987558,1.5604275465011597,286.61420871762385,288.55821291139074,285.467757967464,288.05975341796875
2015-08-03,286.6640206055254,289.0067861304064,285.517569942918,287.3120422363281,33963175,1.5626953840255737,286.6640206055254,289.0067861304064,285.517569942918,287.3120422363281
2015-08-04,285.6671693626339,286.7139527209692,278.98782933282246,281.2807312011719,50299034,1.559040904045105,285.6671693626339,286.7139527209692,278.98782933282246,281.2807312011719
2015-08-05,281.38033321732325,283.87263023430575,280.2338826742208,281.131103515625,60374911,1.5569047927856445,281.38033321732325,283.87263023430575,280.2338826742208,281.131103515625
2015-08-06,279.14829551750887,281.7902286579925,278.5002787735789,281.1422119140625,32879931,1.5605981349945068,279.14829551750887,281.7902286579925,278.5002787735789,281.1422119140625
2015-08-07,281.8898153483073,282.3384585240616,280.04543735038243,280.3943786621094,20205652,1.551421880722046,281.8898153483073,282.3384585240616,280.04543735038243,280.3943786621094
2015-08-10,281.3416097769587,281.9896265071917,277.15437326280096,281.7403869628906,45503931,1.5494027137756348,281.3416097769587,281.9896265071917,277.15437326280096,281.7403869628906
2015-08-11,280.9427831217877,281.1421869136111,277.4534297381082,277.5032958984375,27438960,1.5585306882858276,280.9427831217877,281.1421869136111,277.4534297381082,277.5032958984375
2015-08-12,275.3099549641985,275.45949258432785,268.58048823567503,270.3251647949219,55583256,1.5584092140197754,275.3099549641985,275.45949258432785,268.58048823567503,270.3251647949219
2015-08-13,274.06380575841814,276.7057389291426,273.4157890070706,274.7118225097656,35524505,1.561597228050232,274.06380575841814,276.7057389291426,273.4157890070706,274.7118225097656
2015-08-14,275.6588955762694,276.2570764798287,271.9203029599547,273.51544189453125,22866367,1.561792254447937,275.6588955762694,276.2570764798287,271.9203029599547,273.51544189453125
2015-08-17,276.05773837259204,276.3568441078955,271.5445002604312,273.1167297363281,21732772,1.5651901960372925,276.05773837259204,276.3568441078955,271.5445002604312,273.1167297363281
2015-08-18,272.66808527105024,274.3130603221044,271.4218874407438,273.2164001464844,20907881,1.5585062503814697,272.66808527105024,274.3130603221044,271.4218874407438,273.2164001464844
2015-08-19,271.82060317419155,272.16954457269526,266.73611109173066,267.0850524902344,26889552,1.5664896965026855,271.82060317419155,272.16954457269526,266.73611109173066,267.0850524902344
2015-08-20,264.6923862582847,269.2285336268985,263.44618858286907,264.34344482421875,30765978,1.568307638168335,264.6923862582847,269.2285336268985,263.44618858286907,264.34344482421875
2015-08-21,261.15321905888726,263.89485417606505,256.01885986328125,256.01885986328125,38649169,1.5690950155258179,261.15321905888726,263.89485417606505,256.01885986328125,256.01885986328125
2015-08-24,246.8468611811394,251.0839336131216,236.578188479978,243.95567321777344,95800341,1.5677913427352905,246.8468611811394,251.0839336131216,236.578188479978,243.95567321777344
2015-08-25,249.18975422105896,260.0067439586424,248.3423486908584,255.5702972412109,64279552,1.5762925148010254,249.18975422105896,260.0067439586424,248.3423486908584,255.5702972412109
2015-08-26,253.82555680613345,258.01276287582834,250.03711270811849,251.23345947265625,48887274,1.5695877075195312,253.82555680613345,258.01276287582834,250.03711270811849,251.23345947265625
2015-08-27,258.0127193078447,263.5458544858033,257.3148669597759,261.8011779785156,45542709,1.5482032299041748,258.0127193078447,263.5458544858033,257.3148669597759,261.8011779785156
2015-08-28,259.7076321021796,262.648671199917,256.9659968304675,260.6547546386719,43554775,1.541401982307434,259.7076321021796,262.648671199917,256.9659968304675,260.6547546386719
2015-09-01,265.0911920256723,265.1410581929169,249.98728065527865,252.3799743652344,43535518,1.5363106727600098,265.0911920256723,265.1410581929169,249.98728065527865,252.3799743652344
2015-09-02,253.2273732091139,258.1124621191431,249.5386310512985,253.02798461914065,28381044,1.5305262804031372,253.2273732091139,258.1124621191431,249.5386310512985,253.02798461914065
2015-09-03,255.57021153954256,258.01274059643174,254.7227910811336,256.5173034667969,27927333,1.5308074951171875,255.57021153954256,258.01274059643174,254.7227910811336,256.5173034667969
2015-09-04,253.82555238792563,254.22432956503877,249.2395387892537,250.1367950439453,31456305,1.526205062866211,253.82555238792563,254.22432956503877,249.2395387892537,250.1367950439453
2015-09-07,251.48268911489856,253.9252334989114,250.88450814999285,252.23040771484372,18072664,1.5201033353805542,251.48268911489856,253.9252334989114,250.88450814999285,252.23040771484372
2015-09-08,253.77576249926503,259.20918270974374,253.0429974704174,257.7137451171875,29842241,1.5283042192459106,253.77576249926503,259.20918270974374,253.0429974704174,257.7137451171875
2015-09-09,264.1939953031994,265.59971040087794,261.2031198846726,261.7015991210937,34297916,1.5401912927627563,264.1939953031994,265.59971040087794,261.2031198846726,261.7015991210937
2015-09-10,258.0128194683052,260.50521544626315,256.61708380559986,257.8134460449219,32064628,1.5357915163040161,258.0128194683052,260.50521544626315,256.61708380559986,257.8134460449219
2015-09-11,258.2620300221692,258.7605091617022,255.81950049330857,257.66387939453125,18996962,1.54421067237854,258.2620300221692,258.7605091617022,255.81950049330857,257.66387939453125
2015-09-14,257.6638576353595,259.45837021623475,252.1307213989531,253.72586059570312,26097874,1.5448071956634521,257.6638576353595,259.45837021623475,252.1307213989531,253.72586059570312
2015-09-15,254.2243193075489,260.2060679971383,253.07782356032703,258.86016845703125,43010829,1.5427099466323853,254.2243193075489,260.2060679971383,253.07782356032703,258.86016845703125
2015-09-16,262.698557593936,262.9477972121465,259.4584425571987,261.7015991210937,31479147,1.53449547290802,262.698557593936,262.9477972121465,259.4584425571987,261.7015991210937
2015-09-17,262.2000687568209,262.74838372690385,258.26207076338414,259.6578369140625,37409872,1.5518070459365845,262.2000687568209,262.74838372690385,258.26207076338414,259.6578369140625
2015-09-18,257.6638547595689,257.8133924021813,249.4389345312734,252.4796600341797,71056711,1.5569047927856445,257.6638547595689,257.8133924021813,249.4389345312734,252.4796600341797
2015-09-21,251.0340725610167,256.41765585603525,249.6383219827343,254.1246337890625,25774865,1.552891492843628,251.0340725610167,256.41765585603525,249.6383219827343,254.1246337890625
2015-09-22,254.62311876665345,254.7726716244141,245.8997344970703,245.8997344970703,41528376,1.5508204698562622,254.62311876665345,254.7726716244141,245.8997344970703,245.8997344970703
2015-09-23,246.79700583694824,250.8346895957133,245.3514194871712,247.4450225830078,24949647,1.5353907346725464,246.79700583694824,250.8346895957133,245.3514194871712,247.4450225830078
2015-09-24,248.04317497110696,250.1367778253958,245.15198739274643,245.7003173828125,23852360,1.5252039432525635,248.04317497110696,250.1367778253958,245.15198739274643,245.7003173828125
2015-09-25,250.03715893343644,255.47057893564096,247.4699942070952,254.17453002929688,31433038,1.522695779800415,250.03715893343644,255.47057893564096,247.4699942070952,254.17453002929688
2015-09-28,253.37688854545675,254.4236975661408,244.45411682128903,244.45411682128903,35400077,1.5201727151870728,253.37688854545675,254.4236975661408,244.45411682128903,244.45411682128903
2015-09-29,240.26695743066,242.6098155901421,235.9301826120023,238.2730407714844,41888256,1.5165071487426758,240.26695743066,242.6098155901421,235.9301826120023,238.2730407714844
2015-09-30,242.75934707880583,246.4570650640796,242.2608679266933,243.4073638916016,40715567,1.5157945156097412,242.75934707880583,246.4570650640796,242.2608679266933,243.4073638916016
2015-10-01,246.7970010184241,249.0401569281227,245.00247324819037,246.3982086181641,34456601,1.5124017000198364,246.7970010184241,249.0401569281227,245.00247324819037,246.3982086181641
2015-10-02,247.79396057128903,252.68902892339148,244.00551641592136,247.79396057128903,32907386,1.5139129161834717,247.79396057128903,252.68902892339148,244.00551641592136,247.79396057128903
2015-10-05,252.9282893895234,255.86931300323448,250.78483536911736,255.4207000732422,30445454,1.5194103717803955,252.9282893895234,255.86931300323448,250.78483536911736,255.4207000732422
2015-10-06,256.567219785317,257.1155346701478,253.5763449413259,254.57330322265625,22825541,1.5154958963394165,256.567219785317,257.1155346701478,253.5763449413259,254.57330322265625
2015-10-07,255.32098733456775,258.610937047229,253.52645962887811,254.9720458984375,34680485,1.5226030349731445,255.32098733456775,258.610937047229,253.52645962887811,254.9720458984375
2015-10-08,252.2304208323111,255.46055561614108,251.6322398362965,253.97509765625,24812157,1.5315576791763306,252.2304208323111,255.46055561614108,251.6322398362965,253.97509765625
2015-10-09,255.96905265244064,258.7106880752029,253.7258963974533,256.2182922363281,24011025,1.535131573677063,255.96905265244064,258.7106880752029,253.7258963974533,256.2182922363281
2015-10-12,256.06871325119835,256.9659695234595,254.5234250379713,255.7696075439453,14712630,1.5323086977005005,256.06871325119835,256.9659695234595,254.5234250379713,255.7696075439453
2015-10-13,256.41766021627103,256.60906231624347,246.82890484612196,250.63528442382807,40728752,1.5337893962860107,256.41766021627103,256.60906231624347,246.82890484612196,250.63528442382807
2015-10-14,247.49487976316223,250.6851430459324,245.05233515037148,245.30157470703125,29455900,1.5258090496063232,247.49487976316223,250.6851430459324,245.05233515037148,245.30157470703125
2015-10-15,244.2547613574613,248.5416847013121,241.056526844632,247.24563598632807,48316260,1.5480115413665771,244.2547613574613,248.5416847013121,241.056526844632,247.24563598632807
2015-10-16,249.53866075212736,251.6322640145949,248.34231385752076,250.03713989257807,24683825,1.5471972227096558,249.53866075212736,251.6322640145949,248.34231385752076,250.03713989257807
2015-10-19,250.73501465838467,253.87542724609372,250.53562603910385,253.87542724609372,33340057,1.543805480003357,250.73501465838467,253.87542724609372,250.53562603910385,253.87542724609372
2015-10-20,254.2243279941265,254.97204660587397,251.18360259721211,251.8316345214844,25404848,1.5471972227096558,254.2243279941265,254.97204660587397,251.18360259721211,251.8316345214844
2015-10-21,252.5295326221034,252.57938357803687,245.3514361265868,247.2955017089844,40003127,1.5449025630950928,252.5295326221034,252.57938357803687,245.3514361265868,247.2955017089844
2015-10-22,246.74713078143145,250.91440835491196,245.50093315122217,249.88754272460935,25943995,1.5424481630325317,246.74713078143145,250.91440835491196,245.50093315122217,249.88754272460935
2015-10-23,252.180528106104,253.4845478575213,250.10785761566564,250.48570251464844,34709267,1.5383669137954712,252.180528106104,253.4845478575213,250.10785761566564,250.48570251464844
2015-10-26,251.2334852564343,252.33014544369456,249.58851018792,250.18667602539065,19325332,1.531745433807373,251.2334852564343,252.33014544369456,249.58851018792,250.18667602539065
2015-10-27,249.43894312846012,251.71200664875923,248.72612165348207,250.08697509765625,23323226,1.5357915163040161,249.43894312846012,251.71200664875923,248.72612165348207,250.08697509765625
2015-10-28,250.08698256501663,253.0778573086491,246.39822487796948,252.3799743652344,24344309,1.5312998294830322,250.08698256501663,253.0778573086491,246.39822487796948,252.3799743652344
2015-10-29,245.25168827486996,248.24256252212444,235.13256982327476,236.5283050537109,86342195,1.5271838903427124,245.25168827486996,248.24256252212444,235.13256982327476,236.5283050537109
2015-10-30,233.28824339241817,235.61614772826252,229.99827794312677,231.29432678222656,60170767,1.532379150390625,233.28824339241817,235.61614772826252,229.99827794312677,231.29432678222656
2015-11-02,229.6991476388963,237.08661105155744,229.05113093773255,235.33197021484372,49312915,1.5441631078720093,229.6991476388963,237.08661105155744,229.05113093773255,235.33197021484372
2015-11-03,235.23229379213976,235.5892065460076,231.04507222471705,232.7897491455078,44068449,1.542400598526001,235.23229379213976,235.5892065460076,231.04507222471705,232.7897491455078
2015-11-04,232.9891646820507,233.53749482015516,231.39404044037465,231.64328002929688,40623102,1.5419248342514038,232.9891646820507,233.53749482015516,231.39404044037465,231.64328002929688
2015-11-05,230.80684877205368,231.40505835303185,227.10098286244755,227.4668731689453,40421368,1.5390061140060425,230.80684877205368,231.40505835303185,227.10098286244755,227.4668731689453
2015-11-06,228.06508216766207,232.90056649776892,226.02121718649,231.7041473388672,54794204,1.5210051536560059,228.06508216766207,232.90056649776892,226.02121718649,231.7041473388672
2015-11-09,234.29638044316792,237.736047666628,233.24952123260988,233.34922790527344,41307714,1.5055025815963745,234.29638044316792,237.736047666628,233.24952123260988,233.34922790527344
2015-11-10,234.84472161590105,234.86366192708263,228.7131267558149,229.9095458984375,33506822,1.5121043920516968,234.84472161590105,234.86366192708263,228.7131267558149,229.9095458984375
2015-11-11,231.15583884102867,234.19669486077711,228.71316205872048,231.40509033203125,25897944,1.5138899087905884,231.15583884102867,234.19669486077711,228.71316205872048,231.40509033203125
2015-11-12,231.00628208445409,231.45493173198085,224.57559656829355,225.0242462158203,41604332,1.522510290145874,231.00628208445409,231.45493173198085,224.57559656829355,225.0242462158203
2015-11-13,224.3263187192867,225.87168084641775,222.48185179124283,224.426025390625,40145721,1.5234612226486206,224.3263187192867,225.87168084641775,222.48185179124283,224.426025390625
2015-11-16,222.33230155175903,224.7749628086984,221.7191374855611,223.7281036376953,25005955,1.5217920541763306,222.33230155175903,224.7749628086984,221.7191374855611,223.7281036376953
2015-11-17,225.8716979348609,228.31435943642907,224.92454533789808,226.7689971923828,32216671,1.5204963684082031,225.8716979348609,228.31435943642907,224.92454533789808,226.7689971923828
2015-11-18,225.32330074063043,227.2176055908203,225.02419597136347,227.2176055908203,21167614,1.5220005512237549,225.32330074063043,227.2176055908203,225.02419597136347,227.2176055908203
2015-11-19,228.81284028277895,230.85670529742416,226.76897526813377,229.2614898681641,28447540,1.5239256620407104,228.81284028277895,230.85670529742416,226.76897526813377,229.2614898681641
2015-11-20,228.8128305927796,229.560584941122,220.6373860935227,221.23558044433597,58492815,1.5288182497024536,228.8128305927796,229.560584941122,220.6373860935227,221.23558044433597
2015-11-23,219.8398103565354,222.28247187343177,217.4868757233336,219.88966369628903,28477143,1.518994927406311,219.8398103565354,222.28247187343177,217.4868757233336,219.88966369628903
2015-11-24,218.8427875300504,219.8896467316984,214.75505739527324,219.39114379882807,40258237,1.5129051208496094,218.8427875300504,219.8896467316984,214.75505739527324,219.39114379882807
2015-11-25,220.2884509623604,222.23260942826985,218.0451876832872,220.83680725097656,33440257,1.5085914134979248,220.2884509623604,222.23260942826985,218.0451876832872,220.83680725097656
2015-11-26,221.3851788544314,225.02424456253868,220.58757103518624,224.52574157714844,21186962,1.512355923652649,221.3851788544314,225.02424456253868,220.58757103518624,224.52574157714844
2015-11-27,223.22962172752395,225.35324922743283,222.43202915370009,223.62843322753903,15829447,1.5099810361862183,223.22962172752395,225.35324922743283,222.43202915370009,223.62843322753903
2015-11-30,222.83079728883035,223.82780309325463,220.83678567998172,222.5316925048828,27498730,1.5038950443267822,222.83079728883035,223.82780309325463,220.83678567998172,222.5316925048828
2015-12-01,227.8158434065302,233.8477320185577,226.32033458766892,232.8008728027344,68770791,1.5057973861694336,227.8158434065302,233.8477320185577,226.32033458766892,232.8008728027344
2015-12-02,233.79785244000223,235.51071066067468,233.00024478351432,234.04710388183597,32691724,1.5077953338623047,233.79785244000223,235.51071066067468,233.00024478351432,234.04710388183597
2015-12-03,234.3960429345192,237.38705999342108,229.61041259765625,229.61041259765625,41233133,1.4949023723602295,234.3960429345192,237.38705999342108,229.61041259765625,229.61041259765625
2015-12-04,229.36121676362112,233.7121490509583,226.6194504618052,228.91256713867188,28696589,1.513500452041626,229.36121676362112,233.7121490509583,226.6194504618052,228.91256713867188
2015-12-07,231.15580018207007,231.5545964157372,226.3203159800747,227.31732177734372,19533483,1.511258840560913,231.15580018207007,231.5545964157372,226.3203159800747,227.31732177734372
2015-12-08,226.6693093253947,227.36721044933705,220.9365251000554,221.43502807617188,28836435,1.5050268173217773,226.6693093253947,227.36721044933705,220.9365251000554,221.43502807617188
2015-12-09,221.33531476452,224.5755840121988,218.94250663609077,221.28546142578125,27506177,1.5010056495666504,221.33531476452,224.5755840121988,218.94250663609077,221.28546142578125
2015-12-10,219.9893341912149,222.73110027215876,216.0013108007512,217.34727478027344,59328192,1.5183953046798706,219.9893341912149,222.73110027215876,216.0013108007512,217.34727478027344
2015-12-11,217.29741626406852,217.6463743876544,208.75507718084705,210.567626953125,48587947,1.516093373298645,217.29741626406852,217.6463743876544,208.75507718084705,210.567626953125
2015-12-14,213.20976278892957,214.10706220302464,208.4241304165085,208.47398376464844,42068185,1.5198955535888672,213.20976278892957,214.10706220302464,208.4241304165085,208.47398376464844
2015-12-15,210.51776485931205,215.75204521668311,210.3313283074508,214.15684509277344,31559019,1.5160702466964722,210.51776485931205,215.75204521668311,210.3313283074508,214.15684509277344
2015-12-16,215.65237544307448,216.798926122792,213.11000739989385,215.10401916503903,25341801,1.5043702125549316,215.65237544307448,216.798926122792,213.11000739989385,215.10401916503903
2015-12-17,219.19174426883455,220.0391901214421,217.0731068176627,218.09503173828125,29172437,1.497790813446045,219.19174426883455,220.0391901214421,217.0731068176627,218.09503173828125
2015-12-18,215.40312416612736,221.23559945656032,215.40312416612736,216.948486328125,54977089,1.4929606914520264,215.40312416612736,221.23559945656032,215.40312416612736,216.948486328125
2015-12-21,215.6523837310853,220.0392036977593,215.1040274319753,215.7520751953125,22814632,1.4908239841461182,215.6523837310853,220.0392036977593,215.1040274319753,215.7520751953125
2015-12-22,217.89561923432748,220.6174407911925,217.0581380188461,218.34426879882807,18438800,1.4896912574768066,217.89561923432748,220.6174407911925,217.0581380188461,218.34426879882807
2015-12-23,220.0392142961408,222.38218440832424,218.7431034939351,221.63442993164065,20864400,1.4823379516601562,220.0392142961408,222.38218440832424,218.7431034939351,221.63442993164065
2015-12-24,222.23259782473968,223.1299122173787,219.8896432056809,221.03619384765625,5576663,1.4876967668533325,222.23259782473968,223.1299122173787,219.8896432056809,221.03619384765625
2015-12-29,221.03614223777396,224.1767190590621,220.6871993996964,221.93345642089844,17024340,1.4894028902053833,221.03614223777396,224.1767190590621,220.6871993996964,221.93345642089844
2015-12-30,222.1329183114003,222.3323164494519,218.443999511586,220.0391998291016,15513552,1.4822280406951904,222.1329183114003,222.3323164494519,218.443999511586,220.0391998291016
2015-12-31,219.34129569359175,219.34129569359175,216.8986343068973,218.2445831298828,5181681,1.481920599937439,219.34129569359175,219.34129569359175,216.8986343068973,218.2445831298828
2016-01-04,215.70222363775528,216.35027136073788,212.01328978969423,213.60850524902344,28332220,1.473708987236023,215.70222363775528,216.35027136073788,212.01328978969423,213.60850524902344
2016-01-05,214.20671826173333,216.94848441712247,211.41509876998936,214.6055145263672,20472926,1.4714103937149048,214.20671826173333,216.94848441712247,211.41509876998936,214.6055145263672
2016-01-06,214.2565133269665,214.2565133269665,209.22164684211023,211.11595153808597,26042785,1.467394471168518,214.2565133269665,214.2565133269665,209.22164684211023,211.11595153808597
2016-01-07,205.9813988997649,208.22466189024257,200.99637003203685,204.93453979492188,41970431,1.4629936218261719,205.9813988997649,208.22466189024257,200.99637003203685,204.93453979492188
2016-01-08,205.38322638585103,208.0252860769325,199.5507354736328,199.5507354736328,42733252,1.4626940488815308,205.38322638585103,208.0252860769325,199.5507354736328,199.5507354736328
2016-01-11,199.40114027549413,202.7411154603485,198.80293076942772,199.1020355224609,45116284,1.45249605178833,199.40114027549413,202.7411154603485,198.80293076942772,199.1020355224609
2016-01-12,200.3981614799856,204.33633126246963,199.17184863208976,201.7441253662109,31436248,1.454397439956665,200.3981614799856,204.33633126246963,199.17184863208976,201.7441253662109
2016-01-13,203.7381747854173,205.18383039028987,199.7361853010709,201.0960998535156,41349239,1.4436262845993042,203.7381747854173,205.18383039028987,199.7361853010709,201.0960998535156
2016-01-14,197.6564190299717,199.55072414854877,191.9435795012836,197.10806274414065,57104764,1.4407975673675537,197.6564190299717,199.55072414854877,191.9435795012836,197.10806274414065
2016-01-15,195.861778711353,198.2546016656808,190.39819140058708,191.2257080078125,49774602,1.442710041999817,195.861778711353,198.2546016656808,190.39819140058708,191.2257080078125
2016-01-18,190.72726177851183,197.40719931890425,185.29358180957715,187.0881805419922,37826678,1.4274091720581055,190.72726177851183,197.40719931890425,185.29358180957715,187.0881805419922
2016-01-19,189.4311123103157,193.02033947090987,187.36232820533664,189.33140563964844,35139323,1.4253135919570923,189.4311123103157,193.02033947090987,187.36232820533664,189.33140563964844
2016-01-20,185.3433922066965,185.4430988827348,179.3633496753389,181.5049285888672,52318608,1.4182385206222534,185.3433922066965,185.4430988827348,179.3633496753389,181.5049285888672
2016-01-21,181.4550529258268,186.0412856234782,179.4480797931851,185.59262084960935,65099459,1.4198495149612427,181.4550529258268,186.0412856234782,179.4480797931851,185.59262084960935
2016-01-22,190.37823110071847,192.37224245597736,187.6364654872376,190.1788330078125,50097304,1.4226775169372559,190.37823110071847,192.37224245597736,187.6364654872376,190.1788330078125
2016-01-25,191.37526096337012,191.67436574707816,180.80700857279643,181.30551147460935,48650638,1.4260046482086182,191.37526096337012,191.67436574707816,180.80700857279643,181.30551147460935
2016-01-26,177.9655755465148,183.24971052413028,174.62559927594617,182.4521026611328,60932969,1.4242985248565674,177.9655755465148,183.24971052413028,174.62559927594617,182.4521026611328
2016-01-27,181.95357735924756,181.95357735924756,177.7163022700596,181.25567626953125,40891761,1.434308648109436,181.95357735924756,181.95357735924756,177.7163022700596,181.25567626953125
2016-01-28,180.4580816074964,183.2038338739754,175.9715547167023,177.86585998535156,36740224,1.4249074459075928,180.4580816074964,183.2038338739754,175.9715547167023,177.86585998535156
2016-01-29,180.80701368411763,185.44308471679688,180.0094059760487,185.44308471679688,57835626,1.4362038373947144,180.80701368411763,185.44308471679688,180.0094059760487,185.44308471679688
2016-02-01,188.3343652380537,188.3343652380537,180.3583198670302,182.2526397705078,38834066,1.4246028661727905,188.3343652380537,188.3343652380537,180.3583198670302,182.2526397705078
2016-02-02,181.80405528923805,182.48998375283085,172.1829379912707,173.22979736328125,45374492,1.4427932500839233,181.80405528923805,182.48998375283085,172.1829379912707,173.22979736328125
2016-02-03,171.78410778019773,172.3823021511327,163.0104534219031,165.1041717529297,73258391,1.4409221410751343,171.78410778019773,172.3823021511327,163.0104534219031,165.1041717529297
2016-02-04,167.19789867829655,175.27365314719597,166.54985088089887,173.1300811767578,80582665,1.4585764408111572,167.19789867829655,175.27365314719597,166.54985088089887,173.1300811767578
2016-02-05,173.92767196023036,174.52588157084654,169.142040714608,172.63156127929688,48965004,1.4581085443496704,173.92767196023036,174.52588157084654,169.142040714608,172.63156127929688
2016-02-08,177.31751659369712,177.31751659369712,163.11018162183603,163.40927124023438,61112475,1.4512102603912354,177.31751659369712,177.31751659369712,163.11018162183603,163.40927124023438
2016-02-09,162.6615317370236,165.20390021909773,153.83803728090228,155.78219604492188,69827807,1.4436055421829224,162.6615317370236,165.20390021909773,153.83803728090228,155.78219604492188
2016-02-10,156.33056115730278,161.46513654075054,156.03145628155403,158.5239715576172,82269718,1.446591854095459,156.33056115730278,161.46513654075054,156.03145628155403,158.5239715576172
2016-02-11,156.8290364043077,157.2278326925227,147.3076266954181,147.40733337402344,87421203,1.452643871307373,156.8290364043077,157.2278326925227,147.3076266954181,147.40733337402344
2016-02-12,150.29863933240273,156.7293243408203,149.84998972029967,156.7293243408203,65583733,1.4482258558273315,150.29863933240273,156.7293243408203,149.84998972029967,156.7293243408203
2016-02-15,161.51496471921172,162.81107550340633,158.92274315082244,160.26870727539062,40965023,1.4518002271652222,161.51496471921172,162.81107550340633,158.92274315082244,160.26870727539062
2016-02-16,161.26568803435887,162.16298716847496,155.13410845399622,160.96658325195312,40946815,1.4459224939346313,161.26568803435887,162.16298716847496,155.13410845399622,160.96658325195312
2016-02-17,161.2158453633238,168.25870538355133,160.5179443002908,167.6465301513672,42633762,1.4303901195526123,161.2158453633238,168.25870538355133,160.5179443002908,167.6465301513672
2016-02-18,168.84296805250935,168.99251286360726,160.25874599409929,161.26571655273438,54745700,1.4281632900238037,168.84296805250935,168.99251286360726,160.25874599409929,161.26571655273438
2016-02-19,160.01944679386602,164.25672186473162,159.869901994253,161.21585083007812,49234427,1.4333218336105347,160.01944679386602,164.25672186473162,159.869901994253,161.21585083007812
2016-02-22,162.31253276792478,165.25369657229285,159.96458857855654,164.65548706054688,20956651,1.426594614982605,162.31253276792478,165.25369657229285,159.96458857855654,164.65548706054688
2016-02-23,162.81105969036608,167.19787938130457,160.41823650277064,161.06629943847656,37983040,1.4148073196411133,162.81105969036608,167.19787938130457,160.41823650277064,161.06629943847656
2016-02-24,160.66748990999622,161.5149509849731,154.7851613605992,156.28067016601562,40169026,1.4013453722000122,160.66748990999622,161.5149509849731,154.7851613605992,156.28067016601562
2016-02-25,158.72333754446095,164.8549330078161,158.31256855447705,164.35643005371094,53040842,1.3929517269134521,158.72333754446095,164.8549330078161,158.31256855447705,164.35643005371094
2016-02-26,165.8519379913408,169.48202772014824,162.41225545671043,168.5937042236328,55463331,1.3966480493545532,165.8519379913408,169.48202772014824,162.41225545671043,168.5937042236328
2016-02-29,167.34744463968164,172.39627783938275,165.62162464572702,171.5348663330078,55849036,1.3861935138702393,167.34744463968164,172.39627783938275,165.62162464572702,171.5348663330078
2016-03-01,165.55282624180833,168.6465322637949,152.34249858514323,157.6266326904297,143251124,1.3927963972091675,165.55282624180833,168.6465322637949,152.34249858514323,157.6266326904297
2016-03-02,159.27166766919922,162.11314012600255,155.45613082331258,161.91372680664062,83273822,1.3963944911956787,159.27166766919922,162.11314012600255,155.45613082331258,161.91372680664062
2016-03-03,163.60868344553887,166.61963047886906,162.41226412799716,165.80209350585938,68395935,1.408093810081482,163.60868344553887,166.61963047886906,162.41226412799716,165.80209350585938
2016-03-04,165.55280918465468,174.2945458140895,164.9964813103557,173.77810668945312,73756344,1.4174946546554565,165.55280918465468,174.2945458140895,164.9964813103557,173.77810668945312
2016-03-07,172.58169157620435,173.39524250172087,164.505939376136,173.1798858642578,40593955,1.4215044975280762,172.58169157620435,173.39524250172087,164.505939376136,173.1798858642578
2016-03-08,172.1330483064873,174.87481430461793,169.59069564233826,171.48500061035156,76553713,1.4261265993118286,172.1330483064873,174.87481430461793,169.59069564233826,171.48500061035156
2016-03-09,170.43816220589486,172.55082107637443,166.9007809968472,167.69639587402344,40560129,1.4208581447601318,170.43816220589486,172.55082107637443,166.9007809968472,167.69639587402344
2016-03-10,164.24103380629398,171.4060092087524,159.45440673828125,159.45440673828125,65783785,1.42069673538208,164.24103380629398,171.4060092087524,159.45440673828125,159.45440673828125
2016-03-11,162.3962135834266,170.0248902562153,161.95145724460355,165.5374298095703,47408631,1.4287755489349365,162.3962135834266,170.0248902562153,161.95145724460355,165.5374298095703
2016-03-14,166.1357918865722,167.3823088868728,162.17186173910753,162.7951202392578,37775080,1.4380005598068237,166.1357918865722,167.3823088868728,162.17186173910753,162.7951202392578
2016-03-15,161.7479942395532,164.39061861468628,160.90037206419413,163.09423828125,36616371,1.4282041788101196,161.7479942395532,164.39061861468628,160.90037206419413,163.09423828125
2016-03-16,162.54580102315762,164.9351206814825,162.44607358632848,163.5430145263672,49488295,1.4156285524368286,162.54580102315762,164.9351206814825,162.44607358632848,163.5430145263672
2016-03-17,164.78951738808306,165.33798781144853,158.9059643061206,160.15248107910156,74742589,1.4255167245864868,164.78951738808306,165.33798781144853,158.9059643061206,160.15248107910156
2016-03-18,159.55413478854393,163.19395740190038,159.55413478854393,161.7480010986328,59524807,1.4478065967559814,159.55413478854393,163.19395740190038,159.55413478854393,161.7480010986328
2016-03-21,161.49867521762133,162.89478283188367,159.70368840857887,160.05271911621094,32708862,1.4468011856079102,161.49867521762133,162.89478283188367,159.70368840857887,160.05271911621094
2016-03-22,159.0056623646924,159.20510198736287,154.01661332809323,156.76193237304688,59749406,1.4370087385177612,159.0056623646924,159.20510198736287,154.01661332809323,156.76193237304688
2016-03-23,157.01125151597387,158.75637501853754,155.21626429865452,156.0140380859375,50463596,1.4224953651428223,157.01125151597387,158.75637501853754,155.21626429865452,156.0140380859375
2016-03-24,154.66780772305776,156.11376414062272,152.17477416992188,152.17477416992188,46024814,1.411691665649414,154.66780772305776,156.11376414062272,152.17477416992188,152.17477416992188
2016-03-29,153.62072755076878,156.07585732868273,149.432434307547,150.5792236328125,43111779,1.4263300895690918,153.62072755076878,156.07585732868273,149.432434307547,150.5792236328125
2016-03-30,152.1747819639161,152.5058575671103,150.62909803855212,151.2274169921875,67777312,1.438641905784607,152.1747819639161,152.5058575671103,150.62909803855212,151.2274169921875
2016-03-31,150.92827561775843,151.9254891594251,147.88677127242087,149.58203125,54550695,1.4374011754989624,150.92827561775843,151.9254891594251,147.88677127242087,149.58203125
2016-04-01,148.3853780432542,151.2214475127061,146.14164757450422,149.58203125,42059700,1.4366991519927979,148.3853780432542,151.2214475127061,146.14164757450422,149.58203125
2016-04-04,148.98369177870342,150.67896691270283,147.93662976993622,149.83132934570312,31541453,1.422454833984375,148.98369177870342,150.67896691270283,147.93662976993622,149.83132934570312
2016-04-05,147.83689390812128,148.28563691720228,143.50998024614702,146.19149780273438,78218756,1.4264928102493286,147.83689390812128,148.28563691720228,143.50998024614702,146.19149780273438
2016-04-06,147.23852550275737,150.10551350356425,146.4906155895034,149.13323974609375,59767039,1.4156285524368286,147.23852550275737,150.10551350356425,146.4906155895034,149.13323974609375
2016-04-07,149.18315847543747,149.9310686645531,146.14165399644628,146.69012451171875,37767274,1.4138071537017822,149.18315847543747,149.9310686645531,146.14165399644628,146.69012451171875
2016-04-08,146.88952534796863,151.3271215868331,146.83966163862388,150.28004455566406,45780423,1.4057974815368652,146.88952534796863,151.3271215868331,146.83966163862388,150.28004455566406
2016-04-11,149.93101943113783,154.7674946028175,148.98365466299705,153.07223510742188,35902903,1.4130080938339233,149.93101943113783,154.7674946028175,148.98365466299705,153.07223510742188
2016-04-12,153.62073047431284,156.31320366646216,152.1249103435333,155.2162628173828,40249184,1.4234064817428589,153.62073047431284,156.31320366646216,152.1249103435333,155.2162628173828
2016-04-13,157.26049896906858,166.33514404296875,156.96831626831667,166.33514404296875,69966034,1.4268999099731445,157.26049896906858,166.33514404296875,156.96831626831667,166.33514404296875
2016-04-14,166.43489865531055,168.57891644411802,162.12893831416878,168.529052734375,55747834,1.4192047119140625,166.43489865531055,168.57891644411802,162.12893831416878,168.529052734375
2016-04-15,167.88089296228495,169.62601652648223,166.2354816148513,166.43492126464844,52600702,1.4146071672439575,167.88089296228495,169.62601652648223,166.2354816148513,166.43492126464844
2016-04-18,164.04158652466015,168.68361318135445,162.1468873564749,167.232666015625,35589076,1.4174344539642334,164.04158652466015,168.68361318135445,162.1468873564749,167.232666015625
2016-04-19,167.6813977011468,171.83180170002615,166.734048180628,167.33238220214844,39979466,1.4289796352386475,167.6813977011468,171.83180170002615,166.734048180628,167.33238220214844
2016-04-20,166.53463571389472,171.3322339469431,165.51747379808094,170.67306518554688,40769233,1.4389524459838867,166.53463571389472,171.3322339469431,165.51747379808094,170.67306518554688
2016-04-21,171.52068890394506,173.4153881018421,169.8752930329433,171.4708251953125,49165309,1.4338973760604858,171.52068890394506,173.4153881018421,169.8752930329433,171.4708251953125
2016-04-22,170.0248813462327,172.33143942510986,169.24007185958,171.0220947265625,29372191,1.432295322418213,170.0248813462327,172.33143942510986,169.24007185958,171.0220947265625
2016-04-25,170.62316923202152,173.11620200737974,169.47636502559806,169.87525939941406,62860186,1.4446691274642944,170.62316923202152,173.11620200737974,169.47636502559806,169.87525939941406
2016-04-26,170.92238877236312,173.83126799372187,169.0276891982421,173.4652862548828,49907720,1.4490653276443481,170.92238877236312,173.83126799372187,169.0276891982421,173.4652862548828
2016-04-27,179.74773791511348,181.49286158419224,172.06919681442105,174.31292724609375,63765072,1.457726001739502,179.74773791511348,181.49286158419224,172.06919681442105,174.31292724609375
2016-04-28,171.72015021308906,174.51235087026723,170.6232245659519,173.9140167236328,47783034,1.4542070627212524,171.72015021308906,174.51235087026723,170.6232245659519,173.9140167236328
2016-04-29,171.3212617839152,174.36276563717482,170.77279138148006,171.0220947265625,63013667,1.4611338376998901,171.3212617839152,174.36276563717482,170.77279138148006,171.0220947265625
2016-05-03,171.27143447713897,171.969480948493,164.0914996558495,164.2909393310547,56338248,1.4665981531143188,171.27143447713897,171.969480948493,164.0914996558495,164.2909393310547
2016-05-04,163.99175670797646,165.08869764231895,159.8034630594995,161.99732971191406,45931021,1.4550957679748535,163.99175670797646,165.08869764231895,159.8034630594995,161.99732971191406
2016-05-05,162.19672427584877,163.79726245093687,159.95299452905934,160.50146484375,32746333,1.4507049322128296,162.19672427584877,163.79726245093687,159.95299452905934,160.50146484375
2016-05-06,159.50426317288333,162.79507008305302,157.41012438733338,161.54855346679688,33173809,1.4492753744125366,159.50426317288333,162.79507008305302,157.41012438733338,161.54855346679688
2016-05-09,162.54577718662208,163.4432631213906,157.55971040175635,158.00845336914062,35743357,1.443084716796875,162.54577718662208,163.4432631213906,157.55971040175635,158.00845336914062
2016-05-10,158.75634456148595,163.6187633738481,158.75634456148595,162.8449249267578,39804227,1.4415452480316162,158.75634456148595,163.6187633738481,158.75634456148595,162.8449249267578
2016-05-11,162.79508848418487,164.09146895487785,159.55414491558702,163.1441192626953,29916018,1.4451494216918945,162.79508848418487,164.09146895487785,159.55414491558702,163.1441192626953
2016-05-12,162.29646703998617,165.08866736564806,161.34911743385115,162.3961944580078,48733584,1.4438347816467285,162.29646703998617,165.08866736564806,161.34911743385115,162.3961944580078
2016-05-13,161.39901953454435,165.18841886046178,160.1525025941054,164.88926696777344,35781641,1.4445230960845947,161.39901953454435,165.18841886046178,160.1525025941054,164.88926696777344
2016-05-16,163.54300981340788,163.84217689900348,161.99732588472227,163.04440307617188,25217333,1.4349260330200195,163.54300981340788,163.84217689900348,161.99732588472227,163.04440307617188
2016-05-17,163.24382696203787,166.33519452085076,161.5485672624144,163.79229736328125,34180989,1.4446901082992554,163.24382696203787,166.33519452085076,161.5485672624144,163.79229736328125
2016-05-18,162.4959043326699,170.27417112266903,161.9035654750029,169.92514038085938,51448705,1.4455254077911377,162.4959043326699,170.27417112266903,161.9035654750029,169.92514038085938
2016-05-19,169.77557447800453,174.7616412761838,169.1772403757157,170.17445373535156,47214051,1.4596196413040161,169.77557447800453,174.7616412761838,169.1772403757157,170.17445373535156
2016-05-20,172.6674669053943,175.45966702850507,172.41816359469274,175.35995483398438,45215941,1.4601097106933594,172.6674669053943,175.45966702850507,172.41816359469274,175.35995483398438
2016-05-23,175.11067597514958,178.05245240895445,173.6946195823168,175.21038818359375,37751331,1.4490653276443481,175.11067597514958,178.05245240895445,173.6946195823168,175.21038818359375
2016-05-24,173.0663556457853,181.5426679311297,171.62039953447976,180.89447021484372,42931162,1.4481840133666992,173.0663556457853,181.5426679311297,171.62039953447976,180.89447021484372
2016-05-25,180.196460581436,186.17974105596912,179.94715722833044,185.23239135742188,60316069,1.4612619876861572,180.196460581436,186.17974105596912,179.94715722833044,185.23239135742188
2016-05-26,186.37918856320587,186.37918856320587,182.29062252943731,184.28504943847656,44331325,1.4698317050933838,186.37918856320587,186.37918856320587,182.29062252943731,184.28504943847656
2016-05-27,184.7337570105819,186.77804724342604,184.2351503789744,185.6811065673828,27230015,1.466490626335144,184.7337570105819,186.77804724342604,184.2351503789744,185.6811065673828
2016-05-31,186.03013728713933,187.6256693784472,181.0241224454841,181.8916931152344,47907064,1.4635074138641357,186.03013728713933,187.6256693784472,181.0241224454841,181.8916931152344
2016-06-01,181.49285329863312,181.54072368448243,176.6563618357604,179.4485626220703,42805647,1.4482468366622925,181.49285329863312,181.54072368448243,176.6563618357604,179.4485626220703
2016-06-02,179.9471110155224,184.53429762112168,179.59809554056793,179.89724731445312,40051652,1.4419403076171875,179.9471110155224,184.53429762112168,179.59809554056793,179.89724731445312
2016-06-03,181.4429310754684,182.88888711147968,176.75603227558878,179.1493377685547,29555292,1.4405485391616821,181.4429310754684,182.88888711147968,176.75603227558878,179.1493377685547
2016-06-06,178.9998103877359,182.04131438743875,178.25190031647796,179.59814453125,38197828,1.4383935928344727,178.9998103877359,182.04131438743875,178.25190031647796,179.59814453125
2016-06-07,180.84465198271008,182.58977539224057,178.45133074844998,179.74771118164062,24456046,1.4459224939346313,180.84465198271008,182.58977539224057,178.45133074844998,179.74771118164062
2016-06-08,178.55104631848118,179.49839592036292,176.40702857078298,177.5538330078125,30376289,1.454355001449585,178.55104631848118,179.49839592036292,176.40702857078298,177.5538330078125
2016-06-09,177.35438942819115,177.9028445637966,174.91120469860093,175.5594024658203,30037205,1.4518423080444336,177.35438942819115,177.9028445637966,174.91120469860093,175.5594024658203
2016-06-10,175.21036396216329,175.21036396216329,167.98056794173488,168.92791748046875,44750644,1.4463825225830078,175.21036396216329,175.21036396216329,167.98056794173488,168.92791748046875
2016-06-13,166.53462428637556,167.08309465512315,163.09424137880276,164.6897735595703,41436851,1.4188824892044067,166.53462428637556,167.08309465512315,163.09424137880276,164.6897735595703
2016-06-14,160.7009294903239,162.09703734678413,158.85609387408977,159.60400390625,63316712,1.4206764698028564,160.7009294903239,162.09703734678413,158.85609387408977,159.60400390625
2016-06-15,161.4986780645453,163.8311642920003,159.85328233673954,160.50146484375,45194603,1.4123696088790894,161.4986780645453,163.8311642920003,159.85328233673954,160.50146484375
2016-06-16,157.31039387796204,159.89317260414938,155.3498691740249,158.0583038330078,41635541,1.41958749294281,157.31039387796204,159.89317260414938,155.3498691740249,158.0583038330078
2016-06-17,160.75076288811945,166.2852991256599,159.70169266649322,165.2880859375,87695628,1.4295722246170044,160.75076288811945,166.2852991256599,159.70169266649322,165.2880859375
2016-06-20,172.4181730365713,177.1439804867972,171.42095973915616,176.357177734375,63959244,1.4585976600646973,172.4181730365713,177.1439804867972,171.42095973915616,176.357177734375
2016-06-21,176.25746830343084,180.6741273004692,174.91122412804276,179.84744262695312,50303255,1.467502236366272,176.25746830343084,180.6741273004692,174.91122412804276,179.84744262695312
2016-06-22,179.54829558475802,184.28505975899927,177.75330822284403,181.49285888671875,59432490,1.4670286178588867,179.54829558475802,184.28505975899927,177.75330822284403,181.49285888671875
2016-06-23,182.44017800132252,186.9276380434138,180.54547873672456,186.4290313720703,69230282,1.4789398908615112,182.44017800132252,186.9276380434138,180.54547873672456,186.4290313720703
2016-06-24,130.63497643761295,166.4848008976578,130.63497643761295,153.47116088867188,345720341,1.4557948112487793,130.63497643761295,166.4848008976578,130.63497643761295,153.47116088867188
2016-06-27,147.58756715756704,155.2162427518398,120.7625280917609,126.84552764892578,324668157,1.3450984954833984,147.58756715756704,155.2162427518398,120.7625280917609,126.84552764892578
2016-06-28,134.57395897616948,137.21658388474964,124.68160286783012,131.13357543945312,160582903,1.323504090309143,134.57395897616948,137.21658388474964,124.68160286783012,131.13357543945312
2016-06-29,137.61546125180033,137.96449205887458,132.5296663798996,137.5655975341797,118228084,1.3350956439971924,137.61546125180033,137.96449205887458,132.5296663798996,137.5655975341797
2016-06-30,137.61544154155598,138.96168564314365,133.9756189206235,138.21377563476562,100950677,1.3465837240219116,137.61544154155598,138.96168564314365,133.9756189206235,138.21377563476562
2016-07-01,140.2580765049572,142.9007014816261,135.07256920711205,139.60989379882812,91077140,1.3328713178634644,140.2580765049572,142.9007014816261,135.07256920711205,139.60989379882812
2016-07-04,140.3577879214982,141.1555616953893,135.37172085501513,136.16949462890625,42395491,1.3289920091629028,140.3577879214982,141.1555616953893,135.37172085501513,136.16949462890625
2016-07-05,135.870284180753,138.961650861463,134.0254338686738,135.47140502929688,70932286,1.3279860019683838,135.870284180753,138.961650861463,134.0254338686738,135.47140502929688
2016-07-06,133.67643237981514,136.3689049740757,129.78729177364687,131.28311157226562,87263933,1.2957899570465088,133.67643237981514,136.3689049740757,129.78729177364687,131.28311157226562
2016-07-07,132.52964570962502,137.2165605420962,132.3302060865187,134.37449645996094,46922884,1.292590856552124,132.52964570962502,137.2165605420962,132.3302060865187,134.37449645996094
2016-07-08,134.17505421087688,141.50456292639342,131.3429720558985,138.86195373535156,49577485,1.2915725708007812,134.17505421087688,141.50456292639342,131.3429720558985,138.86195373535156
2016-07-11,141.60429277818483,145.99202534114258,139.31069907725646,144.99481201171875,63915075,1.2946157455444336,141.60429277818483,145.99202534114258,139.31069907725646,144.99481201171875
2016-07-12,145.59315025731422,151.9254611666568,144.29676984875573,148.13604736328125,74088737,1.2981113195419312,145.59315025731422,151.9254611666568,144.29676984875573,148.13604736328125
2016-07-13,147.4878642177866,150.8285353855615,143.7313628291334,144.6956787109375,82826893,1.3278273344039917,147.4878642177866,150.8285353855615,143.7313628291334,144.6956787109375
2016-07-14,146.4407809680246,150.3797705075562,144.55105748104492,147.5875701904297,66591166,1.3119744062423706,146.4407809680246,150.3797705075562,144.55105748104492,147.5875701904297
2016-07-15,146.2413370617514,152.17476888517305,146.09176114026545,149.382568359375,75008664,1.3357912302017212,146.2413370617514,152.17476888517305,146.09176114026545,149.382568359375
2016-07-18,150.23020607889654,151.7758900305899,148.53494619031397,150.5293731689453,40881808,1.3229613304138184,150.23020607889654,151.7758900305899,148.53494619031397,150.5293731689453
2016-07-19,149.88122952731925,151.8257932947359,146.98930052527402,149.98094177246094,35411295,1.3268934488296509,149.88122952731925,151.8257932947359,146.98930052527402,149.98094177246094
2016-07-20,149.58202339734947,151.5764503759808,148.08620316337598,150.5293731689453,40188853,1.310839295387268,149.58202339734947,151.5764503759808,148.08620316337598,150.5293731689453
2016-07-21,148.7343781344371,153.07226267458958,148.7343781344371,151.47671508789062,45128323,1.326453447341919,148.7343781344371,153.07226267458958,148.7343781344371,151.47671508789062
2016-07-22,150.82852848181585,152.8229553047159,149.73158764271318,151.3769989013672,30043612,1.3246086835861206,150.82852848181585,152.8229553047159,149.73158764271318,151.3769989013672
2016-07-25,150.9282544098597,151.37699739729973,148.68452425639063,150.5792236328125,28741068,1.3129734992980957,150.9282544098597,151.37699739729973,148.68452425639063,150.5792236328125
2016-07-26,150.08061315549298,151.57643322016568,147.7551108312343,148.5847930908203,43328772,1.3107877969741821,150.08061315549298,151.57643322016568,147.7551108312343,148.5847930908203
2016-07-27,149.58197541149312,150.52932487917948,147.30833060253966,149.33267211914062,40102814,1.3152875900268555,149.58197541149312,150.52932487917948,147.30833060253966,149.33267211914062
2016-07-28,149.58201333524423,150.54033397325017,145.44358371947686,146.09176635742188,48530941,1.323784351348877,149.58201333524423,150.54033397325017,145.44358371947686,146.09176635742188
2016-07-29,150.03071326876244,159.40452587697234,146.73392688458878,154.11929321289062,114349697,1.316187858581543,150.03071326876244,159.40452587697234,146.73392688458878,154.11929321289062
2016-08-01,156.5624731535,156.81177645469984,149.28281371521146,150.9780731201172,61889663,1.3216325044631958,156.5624731535,156.81177645469984,149.28281371521146,150.9780731201172
2016-08-02,150.23019108317524,151.68014933378117,145.3937152725252,145.59315490722656,47437379,1.3185480833053589,150.23019108317524,151.68014933378117,145.3937152725252,145.59315490722656
2016-08-03,145.94217113577284,149.2329628210616,144.84523042983176,147.88673400878906,54152674,1.333777904510498,145.94217113577284,149.2329628210616,144.84523042983176,147.88673400878906
2016-08-04,148.38534747157644,151.57642710420075,147.78701338334216,148.43521118164062,56492306,1.332800269126892,148.38534747157644,151.57642710420075,147.78701338334216,148.43521118164062
2016-08-05,148.4850637605996,152.22461387427757,147.93660858360818,151.57643127441406,38758513,1.3129217624664307,148.4850637605996,152.22461387427757,147.93660858360818,151.57643127441406
2016-08-08,156.56248551917597,157.7591384161965,154.63487358108284,156.96136474609375,55863770,1.3085750341415405,156.56248551917597,157.7591384161965,154.63487358108284,156.96136474609375
2016-08-09,156.51265145790427,162.44606857573274,155.56530170232998,160.7508087158203,68394429,1.3032373189926147,156.51265145790427,162.44606857573274,155.56530170232998,160.7508087158203
2016-08-10,159.60401251619368,163.8421695937319,159.3547091586914,163.24383544921875,41935735,1.3007115125656128,159.60401251619368,163.8421695937319,159.3547091586914,163.24383544921875
2016-08-11,161.60829712297328,162.80502319335938,159.58183813657595,162.80502319335938,39927296,1.3020155429840088,161.60829712297328,162.80502319335938,159.58183813657595,162.80502319335938
2016-08-12,162.55570149250386,165.64725773046723,162.55570149250386,162.95460510253906,30886671,1.2954877614974976,162.55570149250386,165.64725773046723,162.55570149250386,162.95460510253906
2016-08-15,164.151343248453,165.19846900920118,162.61951932849783,163.1042022705078,24263452,1.290988802909851,164.151343248453,165.19846900920118,162.61951932849783,163.1042022705078
2016-08-16,161.80774968190025,163.40339459461006,160.810475415756,161.30911254882812,29427011,1.2883111238479614,161.80774968190025,163.40339459461006,160.810475415756,161.30911254882812
2016-08-17,162.55569272427752,163.3036483656469,158.4668624645797,159.7134552001953,71229139,1.303373098373413,162.55569272427752,163.3036483656469,158.4668624645797,159.7134552001953
2016-08-18,160.21209716796875,161.45868994150476,158.91565285724886,160.21209716796875,36619265,1.3044612407684326,160.21209716796875,161.45868994150476,158.91565285724886,160.21209716796875
2016-08-19,160.2120881659015,160.81045875045604,158.04900939364487,159.9129180908203,30692286,1.3166556358337402,160.2120881659015,160.81045875045604,158.04900939364487,159.9129180908203
2016-08-22,160.61104392355122,162.79906418373528,158.7660802109141,159.61376953125,25327765,1.3056023120880127,160.61104392355122,162.79906418373528,158.7660802109141,159.61376953125
2016-08-23,160.9102105314694,165.14862620478524,160.511291690721,164.15135192871094,37672688,1.3137152194976807,160.9102105314694,165.14862620478524,160.511291690721,164.15135192871094
2016-08-24,162.65543056109644,167.5919348821413,161.8576081456192,166.0960235595703,39674874,1.3196094036102295,162.65543056109644,167.5919348821413,161.8576081456192,166.0960235595703
2016-08-25,165.29818574072482,166.3453266123857,163.30363749649285,163.90200805664062,28150000,1.3234516382217407,165.29818574072482,166.3453266123857,163.30363749649285,163.90200805664062
2016-08-26,163.15409397162182,166.0960503368616,162.70530832874172,165.54754638671875,27054906,1.3194352388381958,163.15409397162182,166.0960503368616,162.70530832874172,165.54754638671875
2016-08-30,164.55025225038958,169.23743821044602,164.55025225038958,168.68893432617188,53494393,1.3107877969741821,164.55025225038958,169.23743821044602,164.55025225038958,168.68893432617188
2016-08-31,168.9881311685282,174.52300671050097,168.73881258751322,171.78050231933594,60135714,1.3090718984603882,168.9881311685282,174.52300671050097,168.73881258751322,171.78050231933594
2016-09-01,172.7777914310805,176.91647414327116,169.28733099812936,171.08242797851562,52656119,1.3133701086044312,172.7777914310805,176.91647414327116,169.28733099812936,171.08242797851562
2016-09-02,172.62817933497436,175.02163145604126,168.55829422036976,173.8249053955078,62995077,1.327492356300354,172.62817933497436,175.02163145604126,168.55829422036976,173.8249053955078
2016-09-05,173.92464570447126,174.3774182552641,171.18214116074296,172.7777862548828,29104327,1.3294336795806885,173.92464570447126,174.3774182552641,171.18214116074296,172.7777862548828
2016-09-06,172.32899836680497,173.1766723732042,168.74079833027446,169.23744201660156,33395953,1.3313806056976318,172.32899836680497,173.1766723732042,168.74079833027446,169.23744201660156
2016-09-07,166.49493673310886,169.73607811839656,164.30093637727674,169.2873077392578,39274536,1.3421016931533813,166.49493673310886,169.73607811839656,164.30093637727674,169.2873077392578
2016-09-08,169.28726712616296,175.62493934597757,167.94094109454116,172.7278594970703,42105066,1.333866834640503,169.28726712616296,175.62493934597757,167.94094109454116,172.7278594970703
2016-09-09,172.47859998233218,176.8197321682457,171.58305258550104,174.27369689941406,46137147,1.331026315689087,172.47859998233218,176.8197321682457,171.58305258550104,174.27369689941406
2016-09-12,170.83309498192682,171.9799543692404,167.0434495020233,169.5865020751953,49005058,1.327316164970398,170.83309498192682,171.9799543692404,167.0434495020233,169.5865020751953
2016-09-13,170.03527624399825,171.232002417525,167.79140896218593,170.135009765625,68280242,1.333866834640503,170.03527624399825,171.232002417525,167.79140896218593,170.135009765625
2016-09-14,171.13230580676554,171.4314759751725,168.33993423642747,169.83584594726562,34615802,1.3194352388381958,171.13230580676554,171.4314759751725,168.33993423642747,169.83584594726562
2016-09-15,168.78864533640993,170.6336085510421,167.5091378886945,169.0379638671875,43641176,1.326435923576355,168.78864533640993,170.6336085510421,167.5091378886945,169.0379638671875
2016-09-16,167.34262441821477,167.39249117481722,163.58589397284615,164.25106811523438,113454519,1.3247665166854858,167.34262441821477,167.39249117481722,163.58589397284615,164.25106811523438
2016-09-19,166.54478454589844,167.84124399598235,164.75268580395348,166.54478454589844,35633192,1.3016257286071777,166.54478454589844,167.84124399598235,164.75268580395348,166.54478454589844
2016-09-20,164.94915113200446,166.99356634169968,163.52605407884076,165.9962921142578,36240761,1.3044612407684326,164.94915113200446,166.99356634169968,163.52605407884076,165.9962921142578
2016-09-21,172.12952206138934,173.42596626519284,170.0352402876833,171.1322479248047,47424096,1.2985326051712036,172.12952206138934,173.42596626519284,170.0352402876833,171.1322479248047
2016-09-22,172.37882271578644,173.94254158245298,169.8856376329269,172.7278594970703,33596677,1.3036110401153564,172.37882271578644,173.94254158245298,169.8856376329269,172.7278594970703
2016-09-23,171.97995665074347,171.97995665074347,170.07515901186082,170.9328155517578,34047150,1.3087291717529297,171.97995665074347,171.97995665074347,170.07515901186082,170.9328155517578
2016-09-26,168.6390894811963,170.53390455605094,165.34808126211357,167.64181518554688,53209171,1.297858476638794,168.6390894811963,170.53390455605094,165.34808126211357,167.64181518554688
2016-09-27,168.78865804395653,171.93006568138193,164.00173884919673,165.49765014648438,74818005,1.2969495058059692,168.78865804395653,171.93006568138193,164.00173884919673,165.49765014648438
2016-09-28,165.547513809617,168.040699258557,165.14861022466513,165.64724731445312,35145499,1.3012362718582153,165.547513809617,168.040699258557,165.14861022466513,165.64724731445312
2016-09-29,167.79140168620106,168.24017207966358,166.19575671255848,166.843994140625,26470038,1.3039510250091553,167.79140168620106,168.24017207966358,166.19575671255848,166.843994140625
2016-09-30,162.45596793353275,167.34262084960938,155.52491499513144,167.34262084960938,117264694,1.2963443994522095,162.45596793353275,167.34262084960938,155.52491499513144,167.34262084960938
2016-10-03,167.29276098812,167.94098318524846,164.99902709357653,167.7415313720703,33873563,1.2931592464447021,167.29276098812,167.94098318524846,164.99902709357653,167.7415313720703
2016-10-04,168.73878376157143,171.0823841096305,168.04069489742486,168.7886505126953,76371807,1.2848516702651978,168.73878376157143,171.0823841096305,168.04069489742486,168.7886505126953
2016-10-05,168.53935666041951,172.22926852611332,167.99085275210868,171.97994995117188,47452833,1.273236632347107,168.53935666041951,172.22926852611332,167.99085275210868,171.97994995117188
2016-10-06,172.52844684879955,174.87204744489637,172.52844684879955,173.77503967285156,58204075,1.2755101919174194,172.52844684879955,174.87204744489637,172.52844684879955,173.77503967285156
2016-10-07,173.17672838734552,174.82224060941766,169.98545270739118,173.1268768310547,57671030,1.2402331829071045,173.17672838734552,174.82224060941766,169.98545270739118,173.1268768310547
2016-10-10,172.77777560069194,173.32627951905445,167.9409890713112,171.8303680419922,42151000,1.2434717416763306,172.77777560069194,173.32627951905445,167.9409890713112,171.8303680419922
2016-10-11,171.281862016642,172.47858814013085,169.83581731670972,171.93008422851562,69986691,1.2341108322143555,171.281862016642,172.47858814013085,169.83581731670972,171.93008422851562
2016-10-12,171.78052113407998,172.67806203716026,167.7914234009228,167.99087524414062,63645274,1.2278977632522583,171.78052113407998,172.67806203716026,167.7914234009228,167.99087524414062
2016-10-13,166.59469232042446,167.99087039988862,163.95190601809617,166.0461883544922,48168546,1.2187690734863281,166.59469232042446,167.99087039988862,163.95190601809617,166.0461883544922
2016-10-14,166.19578805621947,172.67807225622036,166.19578805621947,169.68624877929688,100571191,1.222195029258728,166.19578805621947,172.67807225622036,166.19578805621947,169.68624877929688
2016-10-17,168.38975594713773,170.88294146476073,167.99083713399995,169.0878448486328,30941725,1.2183235883712769,168.38975594713773,170.88294146476073,167.99083713399995,169.0878448486328
2016-10-18,169.28735524758525,173.87482427490136,169.28735524758525,173.52577209472656,39387506,1.2218962907791138,169.28735524758525,173.87482427490136,169.28735524758525,173.52577209472656
2016-10-19,174.52300585080826,178.16305102881716,173.9246351724404,176.9164581298828,48798830,1.230466365814209,174.52300585080826,178.16305102881716,173.9246351724404,176.9164581298828
2016-10-20,177.6145800550034,183.2990411980783,177.5148465262547,182.6009521484375,73323480,1.2289540767669678,177.6145800550034,183.2990411980783,177.5148465262547,182.6009521484375
2016-10-21,182.6009500245721,184.196579945592,181.5747477206361,182.7006683349609,52720691,1.2256402969360352,182.6009500245721,184.196579945592,181.5747477206361,182.7006683349609
2016-10-24,182.600928524334,184.94451397472525,182.4513282505656,182.9998321533203,47684140,1.2219113111495972,182.600928524334,184.94451397472525,182.4513282505656,182.9998321533203
2016-10-25,182.94994598040935,185.19381289402972,181.1548494060738,183.1992645263672,31817041,1.2217471599578857,182.94994598040935,185.19381289402972,181.1548494060738,183.1992645263672
2016-10-26,182.50118465442577,183.29900708433263,179.30991015199547,181.3044586181641,39926097,1.217581868171692,182.50118465442577,183.29900708433263,179.30991015199547,181.3044586181641
2016-10-27,184.2962832630507,191.47665477362204,178.7614081675612,189.98074340820312,86513948,1.2235409021377563,184.2962832630507,191.47665477362204,178.7614081675612,189.98074340820312
2016-10-28,189.2328014785312,192.47394300583144,184.80789886841927,190.7785797119141,60128488,1.2171372175216675,189.2328014785312,192.47394300583144,184.80789886841927,190.7785797119141
2016-10-31,189.6815622629338,191.17747366124905,188.3851026742877,189.7812957763672,40797797,1.2215979099273682,189.6815622629338,191.17747366124905,188.3851026742877,189.7812957763672
2016-11-01,188.78405117654307,189.53200699323529,185.79222790977445,186.19113159179688,41313876,1.2236906290054321,188.78405117654307,189.53200699323529,185.79222790977445,186.19113159179688
2016-11-02,184.19655800860463,184.39600982282832,181.00528332943168,181.5537872314453,44867745,1.2238553762435913,184.19655800860463,184.39600982282832,181.00528332943168,181.5537872314453
2016-11-03,181.2545952381874,189.5818413263806,179.65895034866136,184.794921875,54937697,1.230466365814209,181.2545952381874,189.5818413263806,179.65895034866136,184.794921875
2016-11-04,182.7006613428085,185.94679428314876,179.24510930662657,180.855712890625,52390506,1.2468827962875366,182.7006613428085,185.94679428314876,179.24510930662657,180.855712890625
2016-11-07,183.59818270275096,184.9444937160042,181.9028044222748,184.69517517089844,32737609,1.248907208442688,183.59818270275096,184.9444937160042,181.9028044222748,184.69517517089844
2016-11-08,183.54833074331592,185.96672386919064,182.20200440435957,185.44314575195312,27898948,1.2399256229400635,183.54833074331592,185.96672386919064,182.20200440435957,185.44314575195312
2016-11-09,177.9635818236699,192.52379154775687,174.98073730471236,192.3741912841797,92034440,1.2388503551483154,177.9635818236699,192.52379154775687,174.98073730471236,192.3741912841797
2016-11-10,196.46301902454533,204.44121269051672,185.80515309140543,200.5518493652344,121529803,1.242081642150879,196.46301902454533,204.44121269051672,185.80515309140543,200.5518493652344
2016-11-11,200.30256291537495,204.4412454560196,197.85922853982416,201.2001037597656,69174432,1.2553352117538452,200.30256291537495,204.4412454560196,197.85922853982416,201.2001037597656
2016-11-14,204.44120884969504,212.18804011026737,203.6433864546472,211.7213134765625,81569337,1.2573871612548828,204.44120884969504,212.18804011026737,203.6433864546472,211.7213134765625
2016-11-15,212.7684781225372,213.5164338479965,208.3305953110534,211.32241821289065,59272967,1.2520345449447632,212.7684781225372,213.5164338479965,208.3305953110534,211.32241821289065
2016-11-16,210.42484901006424,213.81557508732905,207.92368978447817,209.02867126464844,47852029,1.2456402778625488,210.42484901006424,213.81557508732905,207.92368978447817,209.02867126464844
2016-11-17,206.93440108749903,212.2698242626579,205.33875624524677,212.12022399902344,46020522,1.2442454099655151,206.93440108749903,212.2698242626579,205.33875624524677,212.12022399902344
2016-11-18,212.9679379545139,214.01507905300693,209.02870736227703,211.6714782714844,48837663,1.2410026788711548,212.9679379545139,214.01507905300693,209.02870736227703,211.6714782714844
2016-11-21,212.41943808822592,212.5690231549296,209.32788149395896,210.02598571777344,30536128,1.2324377298355103,212.41943808822592,212.5690231549296,209.32788149395896,210.02598571777344
2016-11-22,211.77120971679688,214.21452877787,210.724068628566,211.77120971679688,38172982,1.2493752241134644,211.77120971679688,214.21452877787,210.724068628566,211.77120971679688
2016-11-23,211.7213221494453,214.2693505037675,208.8292177510752,212.7684631347656,33555637,1.2423903942108154,211.7213221494453,214.2693505037675,208.8292177510752,212.7684631347656
2016-11-24,213.46655408467387,215.01233219989052,211.172820289565,214.86273193359372,29151308,1.2433171272277832,213.46655408467387,215.01233219989052,211.172820289565,214.86273193359372
2016-11-25,214.86273090105735,215.9098718913138,213.51641981403955,214.91259765625,26393569,1.2452834844589233,214.86273090105735,215.9098718913138,213.51641981403955,214.91259765625
2016-11-28,213.46656708952625,213.66601890620908,209.77665522069995,211.32241821289065,37582077,1.248127818107605,213.46656708952625,213.66601890620908,209.77665522069995,211.32241821289065
2016-11-29,213.4166970536756,215.90988276691948,210.27528914186752,213.666015625,41605699,1.2411566972732544,213.4166970536756,215.90988276691948,210.27528914186752,213.666015625
2016-11-30,212.86821840988785,216.3088120589472,211.2725884944109,215.3614044189453,47668673,1.249219298362732,212.86821840988785,216.3088120589472,211.2725884944109,215.3614044189453
2016-12-01,214.41396289589173,218.6523784415082,213.8654590171372,218.4529266357422,43643166,1.2517211437225342,214.41396289589173,218.6523784415082,213.8654590171372,218.4529266357422
2016-12-02,217.1066365899593,266.59140329323293,210.52463459680456,212.3695831298828,60217443,1.2589701414108276,217.1066365899593,266.59140329323293,210.52463459680456,212.3695831298828
2016-12-05,210.2254151627044,219.8491055983629,209.92622984395285,216.2090606689453,50466816,1.266784906387329,210.2254151627044,219.8491055983629,209.92622984395285,216.2090606689453
2016-12-06,215.1619256807136,226.65052963488623,212.05442170577192,226.13194274902344,64700826,1.2728476524353027,215.1619256807136,226.65052963488623,212.05442170577192,226.13194274902344
2016-12-07,228.37580879376628,235.0824843746981,224.6938708342748,234.2098693847656,62594961,1.2671059370040894,228.37580879376628,235.0824843746981,224.6938708342748,234.2098693847656
2016-12-08,234.85811152119015,239.5452979645852,233.0430648837348,238.34857177734372,59079687,1.262785792350769,234.85811152119015,239.5452979645852,233.0430648837348,238.34857177734372
2016-12-09,236.35397804017452,237.70030425513,229.9215626939128,232.4646148681641,55294637,1.2584948539733887,236.35397804017452,237.70030425513,229.9215626939128,232.4646148681641
2016-12-12,231.86623721887835,233.5616002110181,226.40615522329745,226.9297332763672,56733341,1.2597631216049194,231.86623721887835,233.5616002110181,226.40615522329745,226.9297332763672
2016-12-13,227.228972015815,230.71943232194303,225.3730367378596,229.47283935546875,45813371,1.2675877809524536,227.228972015815,230.71943232194303,225.3730367378596,229.47283935546875
2016-12-14,227.2787995067212,227.6278515872719,221.14556884765625,221.14556884765625,66400017,1.2663036584854126,227.2787995067212,227.6278515872719,221.14556884765625,221.14556884765625
2016-12-15,220.64696817599776,229.6224380679028,220.64696817599776,228.8246154785156,61953816,1.253824234008789,220.64696817599776,229.6224380679028,220.64696817599776,228.8246154785156
2016-12-16,229.27335194632005,229.52267051747404,226.17681955340305,227.5281219482422,54968261,1.2423903942108154,229.27335194632005,229.52267051747404,226.17681955340305,227.5281219482422
2016-12-19,226.53083741594529,226.6864180407113,220.64692548976385,221.4447479248047,39900955,1.248907208442688,226.53083741594529,226.6864180407113,220.64692548976385,221.4447479248047
2016-12-20,221.94337545040025,227.12919822819748,221.0149134170348,227.0294647216797,29052053,1.2390038967132568,221.94337545040025,227.12919822819748,221.0149134170348,227.0294647216797
2016-12-21,226.6305839163358,228.6749992679316,224.8853538971781,228.12649536132807,43712472,1.2365524768829346,226.6305839163358,228.6749992679316,224.8853538971781,228.12649536132807
2016-12-22,227.32867892588783,229.17364251065388,224.98509339672933,226.3812713623047,20402149,1.2354830503463745,227.32867892588783,229.17364251065388,224.98509339672933,226.3812713623047
2016-12-23,225.63329732702235,226.78015661882225,222.58762093878536,224.3368377685547,12081273,1.2285012006759644,225.63329732702235,226.78015661882225,222.58762093878536,224.3368377685547
2016-12-28,224.88537645180844,225.4338804134235,222.89082765844427,224.13742065429688,24881132,1.227596402168274,224.88537645180844,225.4338804134235,222.89082765844427,224.13742065429688
2016-12-29,222.34226709853928,223.04035595507492,219.89894849206655,221.7439117431641,24654062,1.2224938869476318,222.34226709853928,223.04035595507492,219.89894849206655,221.7439117431641
2016-12-30,220.74664522330687,222.8409118652344,219.48308532784853,222.8409118652344,15871501,1.2288031578063965,220.74664522330687,222.8409118652344,219.48308532784853,222.8409118652344
2017-01-03,225.48374968578813,233.9107153880836,224.18728991223503,231.26792907714844,55552090,1.2281994819641113,225.48374968578813,233.9107153880836,224.18728991223503,231.26792907714844
2017-01-04,232.8136579880808,234.35943603515625,230.53987403881757,234.35943603515625,31177764,1.2245597839355469,232.8136579880808,234.35943603515625,230.53987403881757,234.35943603515625
2017-01-05,233.8608041181604,236.2542561544526,230.2207593093834,231.91612243652344,36901986,1.2326807975769043,233.8608041181604,236.2542561544526,230.2207593093834,231.91612243652344
2017-01-06,231.11830481307285,235.30685357207096,230.868986253404,234.6087646484375,28600450,1.2425447702407837,231.11830481307285,235.30685357207096,230.868986253404,234.6087646484375
2017-01-09,238.348568565226,239.3458429106872,231.91615208044104,233.4120635986328,32589710,1.2260912656784058,238.348568565226,239.3458429106872,231.91615208044104,233.4120635986328
2017-01-10,233.013084097248,236.65314364131223,229.42290651811552,235.6060028076172,31718216,1.2173447608947754,233.013084097248,236.65314364131223,229.42290651811552,235.6060028076172
2017-01-11,235.90526168675896,236.85266932060145,231.11834153705004,233.5616607666016,36655762,1.2174336910247803,235.90526168675896,236.85266932060145,231.11834153705004,233.5616607666016
2017-01-12,232.16547782731365,234.40934517380728,231.06846992659257,231.61697387695312,28992021,1.2214486598968506,232.16547782731365,234.40934517380728,231.06846992659257,231.61697387695312
2017-01-13,230.4202158894394,235.50630537636664,230.4202158894394,234.6087646484375,39301433,1.2165449857711792,230.4202158894394,235.50630537636664,230.4202158894394,234.6087646484375
2017-01-16,232.86349871280797,232.86349871280797,228.57521710634936,230.4700469970703,28280597,1.2039345502853394,232.86349871280797,232.86349871280797,228.57521710634936,230.4700469970703
2017-01-17,228.3757852906595,234.90793415791453,228.3757852906595,230.9687042236328,48407947,1.2040214538574219,228.3757852906595,234.90793415791453,228.3757852906595,230.9687042236328
2017-01-18,230.71942353234104,234.37642072826523,225.63331833600895,226.97964477539065,43766069,1.2388043403625488,230.71942353234104,234.37642072826523,225.63331833600895,226.97964477539065
2017-01-19,228.6750087128518,234.3764213545844,226.18182286822235,227.677734375,37558870,1.225970983505249,228.6750087128518,234.3764213545844,226.18182286822235,227.677734375
2017-01-20,227.3785219856073,228.82456656005888,225.7828771479524,226.7801513671875,54380881,1.2338367700576782,227.3785219856073,228.82456656005888,225.7828771479524,226.7801513671875
2017-01-23,224.63606311483744,224.68592987927963,221.54450632582203,223.8881072998047,28342201,1.2386969327926636,224.63606311483744,224.68592987927963,221.54450632582203,223.8881072998047
2017-01-24,225.1845563436294,228.77473495414543,225.1346895815668,228.0267791748047,36563063,1.2517211437225342,225.1845563436294,228.77473495414543,225.1346895815668,228.0267791748047
2017-01-25,229.42294172551635,232.36489768712852,229.42294172551635,230.22076416015625,41402288,1.2533055543899536,229.42294172551635,232.36489768712852,229.42294172551635,230.22076416015625
2017-01-26,231.3676379710375,235.53623724746743,230.96873433727708,231.71669006347656,52157732,1.2634079456329346,231.3676379710375,235.53623724746743,230.96873433727708,231.71669006347656
2017-01-27,231.2180743156336,233.93563790872705,227.82733224600923,229.9714813232422,28619310,1.2595410346984863,231.2180743156336,233.93563790872705,227.82733224600923,229.9714813232422
2017-01-30,226.97965651716535,227.47829371055352,222.19273641719923,222.7910919189453,68379387,1.2591921091079712,226.97965651716535,227.47829371055352,222.19273641719923,222.7910919189453
2017-01-31,222.1927120747724,225.4338534767106,218.50280029139,218.85183715820312,48441418,1.25,222.1927120747724,225.4338534767106,218.50280029139,218.85183715820312
2017-02-01,221.14556157838396,223.33956185161844,219.3504649122113,221.4946136474609,32776938,1.2589701414108276,221.14556157838396,223.33956185161844,219.3504649122113,221.4946136474609
2017-02-02,223.28972632353185,224.08754886642828,219.599814181985,220.74668884277344,42923195,1.2661433219909668,223.28972632353185,224.08754886642828,219.599814181985,220.74668884277344
2017-02-03,221.8935141580356,229.5226558613095,220.696788136353,228.2262115478516,43542033,1.2520031929016113,221.8935141580356,229.5226558613095,220.696788136353,228.2262115478516
2017-02-06,228.87443331446,232.713945145394,226.7352758533856,226.7801513671875,42267862,1.2484238147735596,228.87443331446,232.713945145394,226.7352758533856,226.7801513671875
2017-02-07,225.9823417487777,228.52537880687308,224.83546727860443,225.433837890625,33574738,1.2468360662460327,225.9823417487777,228.52537880687308,224.83546727860443,225.433837890625
2017-02-08,225.0349266947458,227.17907544607235,220.49734106590492,224.3368377685547,41800806,1.2496250867843628,225.0349266947458,227.17907544607235,220.49734106590492,224.3368377685547
2017-02-09,225.3839595862452,229.5725080041433,225.03490754425536,228.92428588867188,35017596,1.252803087234497,225.3839595862452,229.5725080041433,225.03490754425536,228.92428588867188
2017-02-10,230.42024679901465,230.71943215419083,225.98237888503272,228.0267791748047,36606240,1.2498124837875366,230.42024679901465,230.71943215419083,225.98237888503272,228.0267791748047
2017-02-13,228.07662973232016,232.71396436507587,227.62785934004012,231.71669006347656,43470017,1.2484550476074219,228.07662973232016,232.71396436507587,227.62785934004012,231.71669006347656
2017-02-14,230.56980093836185,235.95509095752848,230.071163819024,234.6087646484375,42280267,1.2523010969161987,230.56980093836185,235.95509095752848,230.071163819024,234.6087646484375
2017-02-15,235.35675858803552,240.3431305920193,234.0982048680603,238.597900390625,56437420,1.2470382452011108,235.35675858803552,240.3431305920193,234.0982048680603,238.597900390625
2017-02-16,238.0992588876676,240.04394089064007,236.66517479484605,237.35130310058597,34933624,1.2469760179519653,238.0992588876676,240.04394089064007,236.66517479484605,237.35130310058597
2017-02-17,236.45372215570995,236.56141425791893,232.91339565362716,236.3539886474609,39329071,1.2489228248596191,236.45372215570995,236.56141425791893,232.91339565362716,236.3539886474609
2017-02-20,237.15181592892463,239.36377249332637,236.3091179836757,236.8526306152344,39921131,1.2433944940567017,237.15181592892463,239.36377249332637,236.3091179836757,236.8526306152344
2017-02-21,235.2071359542112,236.90249912139063,232.86353539971205,235.30685424804688,27779089,1.2473337650299072,235.2071359542112,236.90249912139063,232.86353539971205,235.30685424804688
2017-02-22,237.3512863389872,239.5452867827146,232.5643665962738,234.5090484619141,41900244,1.248704433441162,237.3512863389872,239.5452867827146,232.5643665962738,234.5090484619141
2017-02-23,239.3458246444396,243.73382534270857,224.13739203682417,228.42567443847656,101825857,1.2453765869140625,239.3458246444396,243.73382534270857,224.13739203682417,228.42567443847656
2017-02-24,228.82459825229415,238.17404535252305,221.36998156136448,225.2842712402344,45639146,1.255618929862976,228.82459825229415,238.17404535252305,221.36998156136448,225.2842712402344
2017-02-27,224.38671875,227.92704557816188,223.4891779618793,224.38671875,141718211,1.2399563789367676,224.38671875,227.92704557816188,223.4891779618793,224.38671875
2017-02-28,223.888080790606,226.8300369379561,222.14285076217143,225.88262939453125,67908759,1.2439358234405518,223.888080790606,226.8300369379561,222.14285076217143,225.88262939453125
2017-03-01,227.4783078327504,232.7638502370396,223.96989096580933,232.2652130126953,56748348,1.2378076314926147,227.4783078327504,232.7638502370396,223.96989096580933,232.2652130126953
2017-03-02,229.7917065351475,234.52916588826,228.49515088699343,228.8940887451172,58832685,1.227219820022583,229.7917065351475,234.52916588826,228.49515088699343,228.8940887451172
2017-03-03,225.15401522450009,231.18804614021988,224.65533523507705,230.78909301757807,45689044,1.227475881576538,225.15401522450009,231.18804614021988,224.65533523507705,230.78909301757807
2017-03-06,228.1959212452947,229.34287890759572,226.3009285277289,226.35079956054688,32187324,1.23001229763031,228.1959212452947,229.34287890759572,226.3009285277289,226.35079956054688
2017-03-07,226.69993204211372,228.04635891694005,225.50310308054395,226.4505920410156,35044891,1.224289894104004,226.69993204211372,228.04635891694005,225.50310308054395,226.4505920410156
2017-03-08,225.45323689866447,233.08303500940605,225.35349480867183,231.68673706054688,51738303,1.2204499244689941,225.45323689866447,233.08303500940605,225.35349480867183,231.68673706054688
2017-03-09,230.39019175277556,232.8835920964203,229.39283161531765,231.58702087402344,40862590,1.217730164527893,230.39019175277556,232.8835920964203,229.39283161531765,231.58702087402344
2017-03-10,231.786450847538,233.5318307943372,230.2405550694629,231.2379150390625,40321888,1.2157316207885742,231.786450847538,233.5318307943372,230.2405550694629,231.2379150390625
2017-03-13,231.3875209485213,231.3875209485213,228.395440936256,229.5922698974609,31282402,1.2171372175216675,231.3875209485213,231.3875209485213,228.395440936256,229.5922698974609
2017-03-14,229.8914420858748,229.8914420858748,225.3534517905874,225.95187377929688,43785364,1.220598816871643,229.8914420858748,229.8914420858748,225.3534517905874,225.95187377929688
2017-03-15,226.0516215190005,228.19595449459385,225.0542615913305,226.89938354492188,43924854,1.2157464027404785,226.0516215190005,228.19595449459385,225.0542615913305,226.89938354492188
2017-03-16,228.5450424903447,229.59227355502188,226.9991466341852,228.84425354003903,50162188,1.2284257411956787,228.5450424903447,229.59227355502188,226.9991466341852,228.84425354003903
2017-03-17,234.37959477317585,234.72867685279343,228.48221082510167,229.79173278808597,73609268,1.2351168394088745,234.37959477317585,234.72867685279343,228.48221082510167,229.79173278808597
2017-03-20,228.74449655179487,230.14079430851857,227.2484567188034,227.697265625,23214061,1.2384514808654785,228.74449655179487,230.14079430851857,227.2484567188034,227.697265625
2017-03-21,228.8940965403681,232.62122999137756,226.84950570621956,229.3927764892578,43334005,1.2367054224014282,228.8940965403681,232.62122999137756,226.84950570621956,229.3927764892578
2017-03-22,227.44791273232823,228.8342422900744,221.3540435500406,223.9571533203125,63753003,1.2482056617736816,227.44791273232823,228.8342422900744,221.3540435500406,223.9571533203125
2017-03-23,224.60548532274944,224.9046963882534,222.3614251592303,223.3089141845703,34561906,1.2475050687789917,224.60548532274944,224.9046963882534,222.3614251592303,223.3089141845703
2017-03-24,225.55290869096663,227.1486904301271,224.1316831759205,226.35079956054688,40143210,1.251877784729004,225.55290869096663,227.1486904301271,224.1316831759205,226.35079956054688
2017-03-27,223.40862431942023,229.34291285920384,220.31680244902637,223.60809326171875,41205128,1.2514548301696777,223.40862431942023,229.34291285920384,220.31680244902637,223.60809326171875
2017-03-28,225.5529689817034,227.7970290918316,223.40865096387245,227.49783325195312,36878067,1.2557923793792725,225.5529689817034,227.7970290918316,223.40865096387245,227.49783325195312
2017-03-29,227.94660525445968,228.35850928744784,224.35610357327667,226.6999053955078,25611188,1.2421433925628662,227.94660525445968,228.35850928744784,224.35610357327667,226.6999053955078
2017-03-30,226.3009639513756,227.84687489970463,224.1067751304432,227.44793701171875,42483919,1.2440440654754639,226.3009639513756,227.84687489970463,224.1067751304432,227.44793701171875
2017-03-31,227.1986062036193,227.34820411303,224.4937603408313,224.5057373046875,47777985,1.2478474378585815,227.1986062036193,227.34820411303,224.4937603408313,224.5057373046875
2017-04-03,224.4558738361736,224.65534279495407,219.8181406473717,220.8653717041016,32265178,1.2540757656097412,224.4558738361736,224.65534279495407,219.8181406473717,220.8653717041016
2017-04-04,220.5661118082749,222.41123350999655,216.1278637796908,217.1750946044922,48827684,1.249219298362732,220.5661118082749,222.41123350999655,216.1278637796908,217.1750946044922
2017-04-05,218.072759267888,219.3433979855016,215.230292381326,218.0229034423828,42916752,1.2439976930618286,218.072759267888,219.3433979855016,215.230292381326,218.0229034423828
2017-04-06,216.07802956556336,216.7263226716235,213.0360938578772,215.8286895751953,46255713,1.248907208442688,216.07802956556336,216.7263226716235,213.0360938578772,215.8286895751953
2017-04-07,214.08332002168936,215.08068003151507,213.16774426315763,214.7316131591797,39411693,1.246867299079895,214.08332002168936,215.08068003151507,213.16774426315763,214.7316131591797
2017-04-10,214.93104731685625,216.2774891995141,212.1883077339265,215.6291961669922,30052090,1.2375165224075317,214.93104731685625,216.2774891995141,212.1883077339265,215.6291961669922
2017-04-11,215.7289439276034,217.03848097369425,213.1358021661466,214.432373046875,37315733,1.2425447702407837,215.7289439276034,217.03848097369425,213.1358021661466,214.432373046875
2017-04-12,215.23026505717692,217.53217032002044,212.93633429044093,213.13580322265625,31565816,1.2492347955703735,215.23026505717692,217.53217032002044,212.93633429044093,213.13580322265625
2017-04-13,213.18567925113177,213.18567925113177,209.5453216928417,212.0885772705078,42248903,1.2549885511398315,213.18567925113177,213.18567925113177,209.5453216928417,212.0885772705078
2017-04-18,212.4376489305267,212.4376489305267,205.0571920973371,206.7527008056641,56685240,1.2557765245437622,212.4376489305267,212.4376489305267,205.0571920973371,206.7527008056641
2017-04-19,205.85509241192335,209.3458523186464,205.85509241192335,207.94955444335935,40331126,1.2844555377960205,205.85509241192335,209.3458523186464,205.85509241192335,207.94955444335935
2017-04-20,207.10179599945656,208.84717598333327,205.55590018854173,207.2015380859375,39346696,1.2782330513000488,207.10179599945656,208.84717598333327,205.55590018854173,207.2015380859375
2017-04-21,206.75275351109596,208.84720060759167,205.3434740598568,207.40103149414065,37576926,1.2801966667175293,206.75275351109596,208.84720060759167,205.3434740598568,207.40103149414065
2017-04-24,215.0806763549869,219.568796322484,213.06302208126863,218.62130737304688,65475250,1.2826268672943115,215.0806763549869,219.568796322484,213.06302208126863,218.62130737304688
2017-04-25,218.12262523336864,222.81021410965943,217.12526525039164,222.21180725097656,44227722,1.2776614427566528,218.12262523336864,222.81021410965943,217.12526525039164,222.21180725097656
2017-04-26,222.21182356909276,224.90469267718024,219.5189544610052,224.0569305419922,42177568,1.283235788345337,222.21182356909276,224.90469267718024,219.5189544610052,224.0569305419922
2017-04-27,222.56087362012505,224.5555935816534,222.56087362012505,223.3587646484375,60183495,1.2848351001739502,222.56087362012505,224.5555935816534,222.56087362012505,223.3587646484375
2017-04-28,212.43768677189155,217.51525010269472,207.20154660497877,211.68966674804688,99386155,1.2893576622009277,212.43768677189155,217.51525010269472,207.20154660497877,211.68966674804688
2017-05-02,209.3957168533667,211.1410967524849,206.6529770118952,209.2959899902344,78983672,1.2897402048110962,209.3957168533667,211.1410967524849,206.6529770118952,209.2959899902344
2017-05-03,205.4561373158128,209.3957058371482,205.25666838153717,208.3983459472656,40394551,1.2941633462905884,205.4561373158128,209.3957058371482,205.25666838153717,208.3983459472656
2017-05-04,209.39573254443235,211.5400657122804,207.4010125102515,211.2907257080078,42576213,1.287166953086853,209.39573254443235,211.5400657122804,207.4010125102515,211.2907257080078
2017-05-05,207.2015193309293,209.34583702962385,205.20679952990952,205.8052215576172,61065156,1.2924906015396118,207.2015193309293,209.34583702962385,205.20679952990952,205.8052215576172
2017-05-08,206.1542901868924,208.79730307736168,203.96010143036443,204.35903930664065,49673081,1.296562910079956,206.1542901868924,208.79730307736168,203.96010143036443,204.35903930664065
2017-05-09,205.2566755678696,206.60011950832532,204.28325435097983,204.75799560546875,31076614,1.2943308353424072,205.2566755678696,206.60011950832532,204.28325435097983,204.75799560546875
2017-05-10,205.456137649033,209.84451508423203,204.95745770328293,209.3957061767578,43534561,1.2948503494262695,205.456137649033,209.84451508423203,204.95745770328293,209.3957061767578
2017-05-11,210.34320633717485,210.34320633717485,205.10706662532547,206.00469970703125,36617684,1.2930588722229004,210.34320633717485,210.34320633717485,205.10706662532547,206.00469970703125
2017-05-12,205.506027923754,205.9099575001412,204.2094568997371,205.35641479492188,30616010,1.2891582250595093,205.506027923754,205.9099575001412,204.2094568997371,205.35641479492188
2017-05-15,206.15430848424845,210.34321743095552,204.9574795306901,210.0440216064453,55592453,1.2886598110198975,206.15430848424845,210.34321743095552,204.9574795306901,210.0440216064453
2017-05-16,210.74212508112663,212.68697361325664,208.6476634505236,211.0413360595703,32886360,1.2903059720993042,210.74212508112663,212.68697361325664,208.6476634505236,211.0413360595703
2017-05-17,212.43764355643555,212.73685454880723,208.04926639666164,208.94688415527344,41009680,1.2916892766952515,212.43764355643555,212.73685454880723,208.04926639666164,208.94688415527344
2017-05-18,207.5506287035088,212.587284689258,204.55854860813005,211.68966674804688,58947592,1.2970168590545654,207.5506287035088,212.587284689258,204.55854860813005,211.68966674804688
2017-05-19,212.9862053281208,213.58461212476664,209.58321086228332,213.13580322265625,53924313,1.2958402633666992,212.9862053281208,213.58461212476664,209.58321086228332,213.13580322265625
2017-05-22,214.0334569106769,215.5294968744929,212.11951678607005,213.08595275878903,30438685,1.3012192249298096,214.0334569106769,215.5294968744929,212.11951678607005,213.08595275878903
2017-05-23,213.3851456783925,216.67643636305107,213.08593466733183,213.68435668945312,41267517,1.2995283603668213,213.3851456783925,216.67643636305107,213.08593466733183,213.68435668945312
2017-05-24,213.73423752092305,216.15283841160144,212.63713550293335,215.8785552978516,42715516,1.2956557273864746,213.73423752092305,216.15283841160144,212.63713550293335,215.8785552978516
2017-05-25,216.1279223933234,216.52687554923048,212.38782216079528,213.48492431640625,21482505,1.2980270385742188,216.1279223933234,216.52687554923048,212.38782216079528,213.48492431640625
2017-05-26,212.9363851224748,213.18572515189217,209.03372058244412,211.0912628173828,32508938,1.293326497077942,212.9363851224748,213.18572515189217,209.03372058244412,211.0912628173828
2017-05-30,209.94427609772652,210.1417514260873,207.75008718221156,208.647705078125,36400400,1.281410574913025,209.94427609772652,210.1417514260873,207.75008718221156,208.647705078125
2017-05-31,208.64772656474352,214.8363477132416,206.0545994770048,209.44561767578125,79506925,1.2809016704559326,208.64772656474352,214.8363477132416,206.0545994770048,209.44561767578125
2017-06-01,210.54270935058597,213.99058372001704,207.5496248259455,210.54270935058597,48295008,1.2875481843948364,210.54270935058597,213.99058372001704,207.5496248259455,210.54270935058597
2017-06-02,211.98885367990343,213.88383143728532,209.9183304718124,210.34320068359372,34571548,1.2888258695602417,211.98885367990343,213.88383143728532,209.9183304718124,210.34320068359372
2017-06-05,210.5925165688737,211.3405364220217,208.9917583443177,211.1410675048828,22486743,1.2870012521743774,210.5925165688737,211.3405364220217,208.9917583443177,211.1410675048828
2017-06-06,210.2933260116944,211.041345883372,208.34846217053007,208.94688415527344,29144274,1.2907389402389526,210.2933260116944,211.041345883372,208.34846217053007,208.94688415527344
2017-06-07,209.34582836202637,213.3851388355517,207.50072175357903,207.60044860839844,45634186,1.2906723022460938,209.34582836202637,213.3851388355517,207.50072175357903,207.60044860839844
2017-06-08,208.5978268524764,208.5978268524764,201.76592034581628,204.85772705078125,60463671,1.2962098121643066,208.5978268524764,208.5978268524764,201.76592034581628,204.85772705078125
2017-06-09,202.9627586220649,207.0020696383428,201.56646071894687,206.05458068847656,68772462,1.2722970247268677,202.9627586220649,207.0020696383428,201.56646071894687,206.05458068847656
2017-06-12,205.50600556881665,207.09081491703864,203.66088371013885,204.70811462402344,34223624,1.2739177942276,205.50600556881665,207.09081491703864,203.66088371013885,204.70811462402344
2017-06-13,206.1044379627314,207.7500910942352,205.1070779624888,205.75537109375,37023332,1.2669775485992432,206.1044379627314,207.7500910942352,205.1070779624888,205.75537109375
2017-06-14,206.4036576560165,207.65035770856372,202.9627685546875,202.9627685546875,71255468,1.2750548124313354,206.4036576560165,207.65035770856372,202.9627685546875,202.9627685546875
2017-06-15,203.06250215346637,203.26197110983009,200.26989110885663,202.6136779785156,37791049,1.2754452228546143,203.06250215346637,203.26197110983009,200.26989110885663,202.6136779785156
2017-06-16,203.3118467838429,205.7553757965865,201.16751360320595,202.7134246826172,63714189,1.275835633277893,203.3118467838429,205.7553757965865,201.16751360320595,202.7134246826172
2017-06-19,203.96010278704088,206.8524404555433,203.6110207290989,206.20416259765625,3019939,1.277955174446106,203.96010278704088,206.8524404555433,203.6110207290989,206.20416259765625
2017-06-20,205.75536251646324,206.50338248546265,202.25363011886296,202.2646026611328,4038453,1.273236632347107,205.75536251646324,206.50338248546265,202.25363011886296,202.2646026611328
2017-06-21,201.36694650018893,201.61628646129293,199.17275788617445,199.6215667724609,5449453,1.263248324394226,201.36694650018893,201.61628646129293,199.17275788617445,199.6215667724609
2017-06-22,199.3223857173544,199.22264363814372,194.933992946663,195.4825439453125,13633620,1.2675718069076538,199.3223857173544,199.22264363814372,194.933992946663,195.4825439453125
2017-06-23,195.38281975377936,198.3748997819751,193.93665078385263,197.02847290039065,15458558,1.267812728881836,195.38281975377936,198.3748997819751,193.93665078385263,197.02847290039065
2017-06-26,197.82633367348316,201.56643313629036,196.95364379882807,196.95364379882807,51037539,1.2743399143218994,197.82633367348316,201.56643313629036,196.95364379882807,196.95364379882807
2017-06-27,199.82107829958215,203.31183823341112,199.17278518076773,202.0760955810547,9336346,1.2724589109420776,199.82107829958215,203.31183823341112,199.17278518076773,202.0760955810547
2017-06-28,201.41683243715045,204.05984535148795,200.36960147933763,202.91287231445312,10363102,1.281295657157898,201.41683243715045,204.05984535148795,200.36960147933763,202.91287231445312
2017-06-29,205.00736005956628,209.7079153895795,204.55855108352964,204.95748901367188,15823763,1.2941465377807617,205.00736005956628,209.7079153895795,204.55855108352964,204.95748901367188
2017-06-30,205.40628584645543,206.60311478463436,201.46671694980157,202.21473693847656,5096293,1.3011176586151123,205.40628584645543,206.60311478463436,201.46671694980157,202.21473693847656
2017-07-03,203.0125975101954,207.0519078866856,203.0125975101954,206.50335693359372,32201762,1.301642656326294,203.0125975101954,207.0519078866856,203.0125975101954,206.50335693359372
2017-07-04,205.4561366397116,208.79729834722505,204.757987762792,206.40362548828125,28407424,1.2948671579360962,205.4561366397116,208.79729834722505,204.757987762792,206.40362548828125
2017-07-05,206.7527104513349,206.7527104513349,202.89891337789396,203.660888671875,37017298,1.2934937477111816,206.7527104513349,206.7527104513349,202.89891337789396,203.660888671875
2017-07-06,205.1070493244385,209.4455708071305,203.1123296024658,208.59780883789065,36322682,1.2931759357452393,205.1070493244385,209.4455708071305,203.1123296024658,208.59780883789065
2017-07-07,208.44821057613348,208.996761542403,205.9548109280936,207.60044860839844,27769804,1.2973533868789673,208.44821057613348,208.996761542403,205.9548109280936,207.60044860839844
2017-07-10,208.7972947614348,209.44557258919025,205.81717689705775,207.15164184570312,24280854,1.2891249656677246,208.7972947614348,209.44557258919025,205.81717689705775,207.15164184570312
2017-07-11,207.75008864124348,208.39836654634436,204.63432788015552,205.20681762695312,19801390,1.2891249656677246,207.75008864124348,208.39836654634436,204.63432788015552,205.20681762695312
2017-07-12,206.0046978356415,209.64505551483643,205.45614682711087,207.45086669921875,29155254,1.2859586477279663,206.0046978356415,209.64505551483643,205.45614682711087,207.45086669921875
2017-07-13,209.94428119297584,212.587279120592,207.9495611816412,210.7421722412109,49329661,1.2893743515014648,209.94428119297584,212.587279120592,207.9495611816412,210.7421722412109
2017-07-14,211.44031435008245,212.0387364214943,206.8025965614097,207.94955444335935,47490398,1.294716238975525,211.44031435008245,212.0387364214943,206.8025965614097,207.94955444335935
2017-07-17,208.3983810757425,209.24614321244653,206.47946434183308,208.4981231689453,15960482,1.311131477355957,208.3983810757425,209.24614321244653,206.47946434183308,208.4981231689453
2017-07-18,207.94952484927808,208.69754472283665,204.00995655890367,204.50863647460935,32392948,1.3053126335144043,207.94952484927808,208.69754472283665,204.00995655890367,204.50863647460935
2017-07-19,205.306562137342,206.1044379627314,203.6110379621249,205.75537109375,32844722,1.303865909576416,205.306562137342,206.1044379627314,203.6110379621249,205.75537109375
2017-07-20,206.25406211984105,208.29865327333968,204.5086820261116,207.65036010742188,26480344,1.3032711744308472,206.25406211984105,208.29865327333968,204.5086820261116,207.65036010742188
2017-07-21,207.0519070884091,207.301247046262,203.26193668534512,204.50863647460935,31192222,1.2965459823608398,207.0519070884091,207.301247046262,203.26193668534512,204.50863647460935
2017-07-24,203.9102579239153,207.32821274219972,202.83709449903392,204.95748901367188,45887652,1.3004746437072754,203.9102579239153,207.32821274219972,202.83709449903392,204.95748901367188
2017-07-25,205.95481375508908,210.49280422051217,205.8052158615548,209.1463623046875,32927851,1.3031013011932373,205.95481375508908,210.49280422051217,205.8052158615548,209.1463623046875
2017-07-26,209.1464007118104,212.1883519264908,207.8498295952327,210.64244079589844,34818852,1.3027619123458862,209.1464007118104,212.1883519264908,207.8498295952327,210.64244079589844
2017-07-27,209.4455683313571,210.74213917901383,207.40097759680265,208.0492706298828,35748314,1.311475396156311,209.4455683313571,210.74213917901383,207.40097759680265,208.0492706298828
2017-07-28,206.80257718584244,213.33527222442137,201.91550464320224,204.5585174560547,46984715,1.3076680898666382,206.80257718584244,213.33527222442137,201.91550464320224,204.5585174560547
2017-07-31,203.4115697706389,205.85509873672015,200.66882975965856,202.46408081054688,50907891,1.3144922256469727,203.4115697706389,205.85509873672015,200.66882975965856,202.46408081054688
2017-08-01,203.76064966034912,206.85245650825505,203.11235653364693,206.05458068847656,58112789,1.3195397853851318,203.76064966034912,206.85245650825505,203.11235653364693,206.05458068847656
2017-08-02,206.4534929807733,207.4508528502456,205.07215504021548,207.15164184570312,32057721,1.3207945823669434,206.4534929807733,207.4508528502456,205.07215504021548,207.15164184570312
2017-08-03,206.2540455323664,208.29863652143388,204.65826348760515,207.94955444335935,54506181,1.3228389024734497,206.2540455323664,208.29863652143388,204.65826348760515,207.94955444335935
2017-08-04,206.70284067721025,210.19360035089048,206.70284067721025,209.79466247558597,25077232,1.314405918121338,206.70284067721025,210.19360035089048,206.70284067721025,209.79466247558597
2017-08-07,209.44561767578125,210.44297775995165,208.6277751018781,209.44561767578125,40789337,1.3046995401382446,209.44561767578125,210.44297775995165,208.6277751018781,209.44561767578125
2017-08-08,210.59253822619505,210.6424092652342,208.8970294283941,209.79466247558597,21010826,1.3037809133529663,210.59253822619505,210.6424092652342,208.8970294283941,209.79466247558597
2017-08-09,208.5978362247995,209.2960003939552,205.75536937890183,208.1988983154297,44309770,1.2986170053482056,208.5978362247995,209.2960003939552,205.75536937890183,208.1988983154297
2017-08-10,206.56317566298088,209.4556523940615,203.8352645337459,204.2691345214844,35019576,1.3014055490493774,206.56317566298088,209.4556523940615,203.8352645337459,204.2691345214844
2017-08-11,202.7231207464261,203.3843964695112,198.4342644715356,198.83323669433597,38018819,1.2976733446121216,202.7231207464261,203.3843964695112,198.4342644715356,198.83323669433597
2017-08-14,200.17971954556825,201.9750564242976,198.98283336615984,199.2820587158203,26733473,1.3005930185317993,200.17971954556825,201.9750564242976,198.98283336615984,199.2820587158203
2017-08-15,200.1298679193904,201.62597961144436,198.6836296609186,199.93038940429688,25083848,1.2965123653411865,200.1298679193904,201.62597961144436,198.6836296609186,199.93038940429688
2017-08-16,200.778160986109,201.426469864449,200.2186106733936,200.2295837402344,20662125,1.2867032289505005,200.778160986109,201.426469864449,200.2186106733936,200.2295837402344
2017-08-17,199.1823393616776,200.1298737504056,196.3846177212547,196.7386932373047,32882767,1.2891582250595093,199.1823393616776,200.1298737504056,196.3846177212547,196.7386932373047
2017-08-18,194.49452851705155,195.6914148794632,192.79893823536543,195.1428375244141,32289600,1.2865046262741089,194.49452851705155,195.6914148794632,192.79893823536543,195.1428375244141
2017-08-21,193.5469525809584,194.0955298182881,191.7516158129851,192.7490234375,27412481,1.2873657941818237,193.5469525809584,194.0955298182881,191.7516158129851,192.7490234375
2017-08-22,193.94594784353475,194.44465175427624,192.3501044607032,192.79893493652344,24295794,1.289823293685913,193.94594784353475,194.44465175427624,192.3501044607032,192.79893493652344
2017-08-23,191.80150511472192,194.2451509532134,191.6020266171533,192.3500823974609,26929957,1.2823965549468994,191.80150511472192,194.2451509532134,191.6020266171533,192.3500823974609
2017-08-24,192.9983809208809,195.1926747143776,192.5495505207254,193.99578857421875,27528155,1.28037691116333,192.9983809208809,195.1926747143776,192.5495505207254,193.99578857421875
2017-08-25,194.6440824745375,195.3322961374288,193.69654832066868,193.7962951660156,21900389,1.280393362045288,194.6440824745375,195.3322961374288,193.69654832066868,193.7962951660156
2017-08-29,192.0009879133721,192.0009879133721,188.93893887881995,189.8565673828125,31951300,1.2927078008651733,192.0009879133721,192.0009879133721,188.93893887881995,189.8565673828125
2017-08-30,191.402544234505,192.99840274802236,190.19468489075643,190.2056579589844,24268026,1.292657732963562,191.402544234505,192.99840274802236,190.19468489075643,190.2056579589844
2017-08-31,191.003571243212,191.75162700526116,189.5074597191137,190.6046142578125,32271117,1.2920564413070679,191.003571243212,191.75162700526116,189.5074597191137,190.6046142578125
2017-09-01,193.34747588021327,193.89603790336147,189.80667573673583,191.65187072753903,23721351,1.2941633462905884,193.34747588021327,193.89603790336147,189.80667573673583,191.65187072753903
2017-09-04,189.4077295809776,190.90384123712823,188.95889912797935,189.7069549560547,15619212,1.2965123653411865,189.4077295809776,190.90384123712823,188.95889912797935,189.7069549560547
2017-09-05,189.85659481516024,190.13087589268792,187.01397628788976,187.41293334960935,22060310,1.2924071550369263,189.85659481516024,190.13087589268792,187.01397628788976,187.41293334960935
2017-09-06,186.116311505176,187.11371935843155,184.2212274524489,185.3682556152344,33111872,1.3041210174560547,186.116311505176,187.11371935843155,184.2212274524489,185.3682556152344
2017-09-07,185.71730407179112,186.2658813310706,183.373405191936,183.52301025390625,29739440,1.3049719333648682,185.71730407179112,186.2658813310706,183.373405191936,183.52301025390625
2017-09-08,183.27365250500344,187.9115919092737,182.6253436314543,187.1136779785156,38784724,1.3104785680770874,183.27365250500344,187.9115919092737,182.6253436314543,187.1136779785156
2017-09-11,188.5100672858256,188.5100672858256,183.42527532444657,186.1661529541016,86562472,1.3197661638259888,188.5100672858256,188.5100672858256,183.42527532444657,186.1661529541016
2017-09-12,186.1661598113416,192.0010015299457,185.21163981606944,190.8539886474609,57524204,1.3169677257537842,186.1661598113416,192.0010015299457,185.21163981606944,190.8539886474609
2017-09-13,190.05604381950468,193.2477454751179,189.20824117101705,191.05345153808597,66004703,1.3289213180541992,190.05604381950468,193.2477454751179,189.20824117101705,191.05345153808597
2017-09-14,190.55477373472064,192.10075895376207,188.36047949764705,189.3080139160156,45577631,1.3206027746200562,190.55477373472064,192.10075895376207,188.36047949764705,189.3080139160156
2017-09-15,188.2607153449713,189.9204033243438,185.56771742759213,186.1661529541016,69312959,1.3399077653884888,188.2607153449713,189.9204033243438,185.56771742759213,186.1661529541016
2017-09-18,187.6123896717595,189.92038640403615,186.31575665098947,186.9640655517578,25217243,1.3575152158737183,187.6123896717595,189.92038640403615,186.31575665098947,186.9640655517578
2017-09-19,186.4155247581132,188.5100873721651,185.4181168884192,187.81190490722656,43154941,1.3516618013381958,186.4155247581132,188.5100873721651,185.4181168884192,187.81190490722656
2017-09-20,187.01394927515412,187.71213164193452,184.22120458879837,185.4180908203125,36404300,1.3515340089797974,187.01394927515412,187.71213164193452,184.22120458879837,185.4180908203125
2017-09-21,186.0165339483224,191.10331924854367,185.51783010395687,189.9064178466797,51114905,1.3489633798599243,186.0165339483224,191.10331924854367,185.51783010395687,189.9064178466797
2017-09-22,189.5074665304382,191.45240853782485,186.01653951540385,191.05345153808597,31308572,1.3579760789871216,189.5074665304382,191.45240853782485,186.01653951540385,191.05345153808597
2017-09-25,189.85656082761477,190.1557709607226,188.3105758565451,189.20823669433597,25308345,1.3507307767868042,189.85656082761477,190.1557709607226,188.3105758565451,189.20823669433597
2017-09-26,188.70956590225663,189.45762180452712,187.31320097237955,187.81190490722656,23629490,1.3477815389633179,188.70956590225663,189.45762180452712,187.31320097237955,187.81190490722656
2017-09-27,188.859159809186,191.70176270883772,187.81187864858413,189.7568206787109,31641716,1.3448090553283691,188.859159809186,191.70176270883772,187.81187864858413,189.7568206787109
2017-09-28,190.60459722875095,194.84357950164213,190.60459722875095,191.7017364501953,46470022,1.3398897647857666,190.60459722875095,194.84357950164213,190.60459722875095,191.7017364501953
2017-09-29,192.2503346910906,193.54696774841813,191.0035750627437,192.84878540039065,28016234,1.343021035194397,192.2503346910906,193.54696774841813,191.0035750627437,192.84878540039065
2017-10-02,192.00097622202352,193.64669278766183,190.7292875321424,192.2004547119141,32128057,1.3394052982330322,192.00097622202352,193.64669278766183,190.7292875321424,192.2004547119141
2017-10-03,192.59946336647192,193.5968712239488,192.01897126289708,193.1480255126953,30653839,1.3275628089904785,192.59946336647192,193.5968712239488,192.01897126289708,193.1480255126953
2017-10-04,193.44723798710288,193.54698485387965,191.50229583883672,191.8513946533203,27410610,1.3241175413131714,193.44723798710288,193.54698485387965,191.50229583883672,191.8513946533203
2017-10-05,189.50746890264307,191.6518894367425,188.51006117157647,189.65707397460935,43251720,1.323276400566101,189.50746890264307,191.6518894367425,188.51006117157647,189.65707397460935
2017-10-06,190.45501078413,191.1033349666695,188.90902569559407,189.7069549560547,27738250,1.3112690448760986,190.45501078413,191.1033349666695,188.90902569559407,189.7069549560547
2017-10-09,189.50744128222107,190.6045957141793,187.1136691642437,187.8617248535156,26159584,1.3084039688110352,189.50744128222107,190.6045957141793,187.1136691642437,187.8617248535156
2017-10-10,187.7620132044742,190.7043630899935,187.71213977199392,189.50747680664065,43914836,1.314405918121338,187.7620132044742,190.7043630899935,187.71213977199392,189.50747680664065
2017-10-11,190.80409389807767,190.99958495279185,188.95789433605245,189.9064178466797,38047429,1.3211086988449097,190.80409389807767,190.99958495279185,188.95789433605245,189.9064178466797
2017-10-12,190.1059448430816,192.89867468508552,189.30801550855068,192.54959106445312,36146771,1.3239772319793701,190.1059448430816,192.89867468508552,189.30801550855068,192.54959106445312
2017-10-13,191.9511282607256,192.24934917534972,189.15838337404765,190.75424194335935,28479219,1.326435923576355,191.9511282607256,192.24934917534972,189.15838337404765,190.75424194335935
2017-10-16,191.4524280017456,191.5023014365918,188.2098633364936,188.75942993164065,32884726,1.3288860321044922,191.4524280017456,191.5023014365918,188.2098633364936,188.75942993164065
2017-10-17,189.4077351618472,192.30022691383945,188.809299613295,190.8539886474609,35957387,1.3252933025360107,189.4077351618472,192.30022691383945,188.809299613295,190.8539886474609
2017-10-18,191.75164722058756,192.3999561950177,189.60722656433217,192.15060424804688,28717709,1.319487452507019,191.75164722058756,192.3999561950177,189.60722656433217,192.15060424804688
2017-10-19,191.65189389380487,192.6991750796272,190.5547544956571,191.50228881835935,40185076,1.321300745010376,191.65189389380487,192.6991750796272,190.5547544956571,191.50228881835935
2017-10-20,192.99836387105427,195.2126098833925,192.5495335105493,195.19265747070312,47803754,1.3150626420974731,192.99836387105427,195.2126098833925,192.5495335105493,195.19265747070312
2017-10-23,194.8934554293589,195.242554206566,192.6492881396283,194.94332885742188,25821543,1.3189828395843506,194.8934554293589,195.242554206566,192.6492881396283,194.94332885742188
2017-10-24,194.94330204685568,197.65125988475563,194.09849773266475,197.4866943359375,31883742,1.3206549882888794,194.94330204685568,197.65125988475563,194.09849773266475,197.4866943359375
2017-10-25,197.486711221298,198.08516188844956,195.19267062286065,196.4893035888672,40174169,1.3131976127624512,197.486711221298,198.08516188844956,195.19267062286065,196.4893035888672
2017-10-26,189.00877100154045,190.44403614518976,179.93235427472248,181.9271697998047,159880023,1.327351450920105,189.00877100154045,190.44403614518976,179.93235427472248,181.9271697998047
2017-10-27,182.2263775839006,184.9193752389862,181.8274206050854,183.3235321044922,88917554,1.3130252361297607,182.2263775839006,184.9193752389862,181.8274206050854,183.3235321044922
2017-10-30,183.7724089661476,185.46799938358896,182.47577562837355,183.02435302734372,65752823,1.3134045600891113,183.7724089661476,185.46799938358896,182.47577562837355,183.02435302734372
2017-10-31,183.92197158269525,186.16613888073417,183.21382064697372,185.46795654296875,58150594,1.3212482929229736,183.92197158269525,186.16613888073417,183.21382064697372,185.46795654296875
2017-11-01,185.5677296990196,186.4255010410513,183.0243366902668,183.62278747558597,126480244,1.3292216062545776,185.5677296990196,186.4255010410513,183.0243366902668,183.62278747558597
2017-11-02,183.5229934279983,185.66741362220884,183.07416306400444,184.52040100097656,78630013,1.3255391120910645,183.5229934279983,185.66741362220884,183.07416306400444,184.52040100097656
2017-11-03,184.2212322777389,184.52045768540032,182.32616339461043,182.7749938964844,53617792,1.30532968044281,184.2212322777389,184.52045768540032,182.32616339461043,182.7749938964844
2017-11-06,181.52821350097656,182.82484664125903,179.38379289071935,181.52821350097656,44583068,1.30804443359375,181.52821350097656,182.82484664125903,179.38379289071935,181.52821350097656
2017-11-07,182.0269262295841,182.77498209080156,180.86992951161787,180.87991333007807,54328146,1.3175057172775269,182.0269262295841,182.77498209080156,180.86992951161787,180.87991333007807
2017-11-08,180.68037682756508,180.92972872228663,178.7853085153738,178.9847869873047,49243369,1.3172106742858887,180.68037682756508,180.92972872228663,178.7853085153738,178.9847869873047
2017-11-09,178.9847869873047,180.0819414117724,177.9375059856277,178.9847869873047,43230765,1.3113033771514893,178.9847869873047,180.0819414117724,177.9375059856277,178.9847869873047
2017-11-10,178.88511692876887,179.73290453107057,177.98744066727417,178.6856231689453,56936029,1.3144404888153076,178.88511692876887,179.73290453107057,177.98744066727417,178.6856231689453
2017-11-13,178.78534759590906,178.98482611144377,176.84040543578385,178.43624877929688,98992113,1.312026023864746,178.78534759590906,178.98482611144377,176.84040543578385,178.43624877929688
2017-11-14,178.68558241222908,180.83001808730725,178.28662542205498,180.2315673828125,52607264,1.3123359680175781,178.68558241222908,180.83001808730725,178.28662542205498,180.2315673828125
2017-11-15,179.53339725739988,182.17652174044,178.1370324775362,181.9271697998047,43864443,1.3157894611358643,179.53339725739988,182.17652174044,178.1370324775362,181.9271697998047
2017-11-16,182.17650895704497,185.56770424326407,181.97703046238115,184.96925354003903,64669126,1.3157894611358643,182.17650895704497,185.56770424326407,181.97703046238115,184.96925354003903
2017-11-17,184.0715706369827,185.61755541894533,183.27364153475372,184.52040100097656,66355298,1.3200448751449585,184.0715706369827,185.61755541894533,183.27364153475372,184.52040100097656
2017-11-20,185.7173038263676,188.7594002426855,185.66743039936568,188.2606964111328,43732596,1.3202714920043945,185.7173038263676,188.7594002426855,185.66743039936568,188.2606964111328
2017-11-21,188.8092652821899,189.80667290098728,187.46275890912045,188.7095184326172,52269715,1.3245033025741577,188.8092652821899,189.80667290098728,187.46275890912045,188.7095184326172
2017-11-22,189.3079690915886,189.6570526266282,188.0113361433055,188.7095184326172,36885505,1.3245558738708496,189.3079690915886,189.6570526266282,188.0113361433055,188.7095184326172
2017-11-23,187.3131621750294,189.357850928242,187.2632887480275,188.2606964111328,22932407,1.3316820859909058,187.3131621750294,189.357850928242,187.2632887480275,188.2606964111328
2017-11-24,188.51007781136028,189.35788054529607,187.3131914722781,188.8591766357422,69658322,1.330672025680542,188.51007781136028,189.35788054529607,187.3131914722781,188.8591766357422
2017-11-27,188.46021542946,189.0087928059896,185.0690347333004,187.01397705078125,37415009,1.3324450254440308,188.46021542946,189.0087928059896,185.0690347333004,187.01397705078125
2017-11-28,186.66487088094183,186.86436462402344,183.57291571324333,186.86436462402344,41048278,1.3322319984436035,186.66487088094183,186.86436462402344,183.57291571324333,186.86436462402344
2017-11-29,189.3578569330107,193.9459231972486,189.15836321867693,193.74644470214844,79538404,1.3365410566329956,189.3578569330107,193.9459231972486,189.15836321867693,193.74644470214844
2017-11-30,193.19787633144333,195.2425652437432,191.20306085002576,192.99839782714844,72175125,1.3417235612869263,193.19787633144333,195.2425652437432,191.20306085002576,192.99839782714844
2017-12-01,192.0010128081989,192.49971673757088,188.36048021147815,188.90904235839844,43627557,1.3529969453811646,192.0010128081989,192.49971673757088,188.36048021147815,188.90904235839844
2017-12-04,192.1007280935302,194.94333089198287,191.45240396041268,193.74644470214844,54254951,1.349400281906128,192.1007280935302,194.94333089198287,191.45240396041268,193.74644470214844
2017-12-05,194.04568215986552,194.3947657432598,190.05605113203683,191.20306396484372,40010235,1.347527265548706,194.04568215986552,194.3947657432598,190.05605113203683,191.20306396484372
2017-12-06,189.50745987018365,191.00357139547455,188.55992561467943,190.5048675537109,31864442,1.341525673866272,189.50745987018365,191.00357139547455,188.55992561467943,190.5048675537109
2017-12-07,191.352691977012,192.00100095748607,190.255537312418,191.1531982421875,27722346,1.3392258882522583,191.352691977012,192.00100095748607,190.255537312418,191.1531982421875
2017-12-08,191.602043066174,198.13505193299852,191.602043066174,195.8908843994141,59495467,1.348435878753662,191.602043066174,198.13505193299852,191.602043066174,195.8908843994141
2017-12-11,197.536627716832,199.33196489050184,195.39219170800223,198.085205078125,53208643,1.3392080068588257,197.536627716832,199.33196489050184,195.39219170800223,198.085205078125
2017-12-12,198.5340167662596,200.22960690667844,197.0379051330839,200.0800018310547,40285470,1.334935188293457,198.5340167662596,200.22960690667844,197.0379051330839,200.0800018310547
2017-12-13,199.58128064606424,203.4711644673047,199.2082420203652,202.15159606933597,67221862,1.331948161125183,199.58128064606424,203.4711644673047,199.2082420203652,202.15159606933597
2017-12-14,201.07743626066696,204.06965992395524,200.82808428872627,202.1745758056641,58129231,1.3409678936004639,201.07743626066696,204.06965992395524,200.82808428872627,202.1745758056641
2017-12-15,200.67842687542085,201.7257080078125,197.93555569113664,201.7257080078125,68863272,1.3432915210723877,200.67842687542085,201.7257080078125,197.93555569113664,201.7257080078125
2017-12-18,202.77300809708044,203.9698944091797,202.17455733141324,203.9698944091797,35226775,1.3317352533340454,202.77300809708044,203.9698944091797,202.17455733141324,203.9698944091797
2017-12-19,203.12207700455903,204.61818859129303,202.77299343252824,203.670654296875,38070571,1.3380789756774902,203.12207700455903,204.61818859129303,202.77299343252824,203.670654296875
2017-12-20,203.52104271347423,204.7678023291912,202.8727185817613,203.0223388671875,51934903,1.3386881351470947,203.52104271347423,204.7678023291912,202.8727185817613,203.0223388671875
2017-12-21,202.02494461398712,204.7678159510293,201.3267622265869,204.01976013183597,36042132,1.3372023105621338,202.02494461398712,204.7678159510293,201.3267622265869,204.01976013183597
2017-12-22,202.37400176641316,202.57349546753025,201.1272422305944,201.62594604492188,17852431,1.338043212890625,202.37400176641316,202.57349546753025,201.1272422305944,201.62594604492188
2017-12-27,202.4239049418497,202.9226088294716,201.5262440318244,202.1246795654297,28131455,1.337470531463623,202.4239049418497,202.9226088294716,201.5262440318244,202.1246795654297
2017-12-28,202.4737846644214,203.02236200169423,201.3766299898757,202.87274169921875,20631269,1.3403927087783813,202.4737846644214,203.02236200169423,201.3766299898757,202.87274169921875
2017-12-29,202.72310664803857,203.3215573310028,201.3267420134329,202.5735015869141,15181039,1.344085931777954,202.72310664803857,203.3215573310028,201.3267420134329,202.5735015869141
2018-01-02,203.4212887756176,204.11947109226924,202.12465577655985,202.67323303222656,23759135,1.3511322736740112,203.4212887756176,204.11947109226924,202.12465577655985,202.67323303222656
2018-01-03,202.6732626509264,203.7704173225981,202.07482710029797,203.1719665527344,26003107,1.359619379043579,202.6732626509264,203.7704173225981,202.07482710029797,203.1719665527344
2018-01-04,203.22183856171327,205.4161326704344,202.52365614792492,203.9698944091797,41817624,1.3511322736740112,203.22183856171327,205.4161326704344,202.52365614792492,203.9698944091797
2018-01-05,203.82030847495443,204.56836439269577,198.5440122123796,198.6636962890625,58768373,1.3552889823913574,203.82030847495443,204.56836439269577,198.5440122123796,198.6636962890625
2018-01-08,198.4841442046267,202.7730006157093,198.24476086334488,199.581298828125,55607013,1.3575890064239502,198.4841442046267,202.7730006157093,198.24476086334488,199.581298828125
2018-01-09,199.8306477999144,201.9750683639864,198.24475791873456,201.27688598632807,38643646,1.3571282625198364,199.8306477999144,201.9750683639864,198.24475791873456,201.27688598632807
2018-01-10,196.48932677266063,202.52364670470348,196.48932677266063,200.67843627929688,85664577,1.353234887123108,196.48932677266063,202.52364670470348,196.48932677266063,200.67843627929688
2018-01-11,199.4815591198301,200.27948840015648,193.97586382673697,195.5916748046875,124866096,1.351278305053711,199.4815591198301,200.27948840015648,193.97586382673697,195.5916748046875
2018-01-12,196.66883377993244,198.0452612116933,193.13801738357884,193.99578857421875,62954316,1.3541878461837769,196.66883377993244,198.0452612116933,193.13801738357884,193.99578857421875
2018-01-15,199.48155698959704,199.48155698959704,194.29503955171447,195.0331115722656,38161003,1.3733056783676147,199.48155698959704,199.48155698959704,194.29503955171447,195.0331115722656
2018-01-16,194.9932032576368,199.7308897817993,194.05563759461987,198.88308715820312,75894038,1.379824161529541,194.9932032576368,199.7308897817993,194.05563759461987,198.88308715820312
2018-01-17,198.30464227837425,200.92781465728532,196.9282145319338,198.0054168701172,53204596,1.3798813819885254,198.30464227837425,200.92781465728532,196.9282145319338,198.0054168701172
2018-01-18,199.1623755739928,199.53142679679692,197.38699096658655,198.7833709716797,36794397,1.382800817489624,199.1623755739928,199.53142679679692,197.38699096658655,198.7833709716797
2018-01-19,199.48152080735665,201.57608286352675,197.78593092434053,199.980224609375,47896486,1.3894678354263306,199.48152080735665,201.57608286352675,197.78593092434053,199.980224609375
2018-01-22,201.2270295593821,208.65771484375,200.92780416674773,208.65771484375,92915773,1.3891589641571045,201.2270295593821,208.65771484375,200.92780416674773,208.65771484375
2018-01-23,209.30603906433032,209.85460119505163,206.9621245778031,208.65771484375,54340331,1.3984841108322144,209.30603906433032,209.85460119505163,206.9621245778031,208.65771484375
2018-01-24,208.45823760913143,210.3533064087929,207.95953369140625,207.95953369140625,36895346,1.401738166809082,208.45823760913143,210.3533064087929,207.95953369140625,207.95953369140625
2018-01-25,207.5605431956094,209.95431552722889,207.0119659306702,209.7548370361328,42719168,1.4220906496047974,207.5605431956094,209.95431552722889,207.0119659306702,209.7548370361328
2018-01-26,209.4556427001953,211.4005849099929,209.1065438746674,209.4556427001953,68123589,1.4150274991989136,209.4556427001953,211.4005849099929,209.1065438746674,209.4556427001953
2018-01-29,209.3558769931636,209.7548492177596,206.96210452252444,207.11170959472656,41036237,1.4149274826049805,209.3558769931636,209.7548492177596,206.96210452252444,207.11170959472656
2018-01-30,205.6155928305548,206.4633954696939,199.5812883750643,201.2270050048828,54603987,1.4076577425003052,205.6155928305548,206.4633954696939,199.5812883750643,201.2270050048828
2018-01-31,202.77299778836405,203.67065867199375,198.62377791274145,199.4217071533203,53613477,1.4155884981155396,202.77299778836405,203.67065867199375,198.62377791274145,199.4217071533203
2018-02-01,201.3267329969631,202.52361909005555,196.58904682991317,196.8284149169922,46811134,1.420051097869873,201.3267329969631,202.52361909005555,196.58904682991317,196.8284149169922
2018-02-02,197.30720603777604,197.8059099067796,194.81368669275855,195.0530548095703,38872443,1.4266760349273682,197.30720603777604,197.8059099067796,194.81368669275855,195.0530548095703
2018-02-05,193.297598061323,195.8310066968752,192.39992207985725,193.4172821044922,45753135,1.411133885383606,193.297598061323,195.8310066968752,192.39992207985725,193.4172821044922
2018-02-06,188.13105390548063,191.6618860316123,186.65489462647875,188.5699157714844,82124653,1.3943694829940796,188.13105390548063,191.6618860316123,186.65489462647875,188.5699157714844
2018-02-07,190.60462584411388,193.5369918254404,189.62715529777068,192.6991729736328,93588729,1.395868182182312,190.60462584411388,193.5369918254404,189.62715529777068,192.6991729736328
2018-02-08,192.0408484104525,197.38695363838173,190.84396236045708,193.5968170166016,64720143,1.3879250288009644,192.0408484104525,197.38695363838173,190.84396236045708,193.5968170166016
2018-02-09,192.39993286132807,194.3548585849555,191.12325226520815,192.39993286132807,144212087,1.3934950828552246,192.39993286132807,194.3548585849555,191.12325226520815,192.39993286132807
2018-02-12,194.494515928906,195.7512442452144,192.0608385252821,192.81887817382807,40766079,1.3827433586120605,194.494515928906,195.7512442452144,192.0608385252821,192.81887817382807
2018-02-13,193.21779898687757,195.35225061446167,192.3201382461974,192.49966430664065,30184717,1.3852334022521973,193.21779898687757,195.35225061446167,192.3201382461974,192.49966430664065
2018-02-14,194.6740012754012,195.81106051022024,192.2203871877172,195.19265747070312,35424730,1.3886960744857788,194.6740012754012,195.81106051022024,192.2203871877172,195.19265747070312
2018-02-15,196.788556830425,199.53142820859577,196.4693790375506,197.9854431152344,48541201,1.401581048965454,196.788556830425,199.53142820859577,196.4693790375506,197.9854431152344
2018-02-16,198.9229985274393,199.6810229172986,197.34709250023903,199.5314178466797,52709789,1.4104173183441162,198.9229985274393,199.6810229172986,197.34709250023903,199.5314178466797
2018-02-19,200.1797327604689,202.07481662060056,199.78077574740672,200.4789581298828,30775951,1.4031543731689453,200.1797327604689,202.07481662060056,199.78077574740672,200.4789581298828
2018-02-20,201.2270368320068,202.1745712602309,199.4815730676647,200.5288543701172,55803915,1.3992668390274048,201.2270368320068,202.1745712602309,199.4815730676647,200.5288543701172
2018-02-21,200.478971411176,202.07483000761584,199.38181672371908,201.5761260986328,73438598,1.4001091718673706,200.478971411176,202.07483000761584,199.38181672371908,201.5761260986328
2018-02-22,207.26131669107616,214.44264886503532,207.26131669107616,210.45301818847656,108366042,1.3910139799118042,207.26131669107616,214.44264886503532,207.26131669107616,210.45301818847656
2018-02-23,207.9595313355375,210.15382550482315,207.9595313355375,209.25616455078125,46441488,1.3953033685684204,207.9595313355375,210.15382550482315,207.9595313355375,209.25616455078125
2018-02-26,209.3558985733425,210.85201032651807,207.95953369140625,207.95953369140625,45828616,1.3968042135238647,209.3558985733425,210.85201032651807,207.95953369140625,207.95953369140625
2018-02-27,209.15642880924915,211.7496953777165,208.65772487063904,211.45046997070312,75807825,1.3966480493545532,209.15642880924915,211.7496953777165,208.65772487063904,211.45046997070312
2018-02-28,210.40315572917788,215.24058926436695,210.35328229927444,212.9465484619141,81046305,1.3906078338623047,210.40315572917788,215.24058926436695,210.35328229927444,212.9465484619141
2018-03-01,210.72210693359372,212.21835858045952,209.82436203373783,210.72210693359372,55056984,1.375421166419983,210.72210693359372,212.21835858045952,209.82436203373783,210.72210693359372
2018-03-02,208.37798228012423,209.97399019409136,203.49023277717168,204.7869873046875,61214079,1.377543330192566,208.37798228012423,209.97399019409136,203.49023277717168,204.7869873046875
2018-03-05,203.83938161494845,206.6822509765625,203.5900063084563,206.6822509765625,86995443,1.3795006275177002,203.83938161494845,206.6822509765625,203.5900063084563,206.6822509765625
2018-03-06,209.4752666118645,212.31815131843297,208.677262552068,210.8218994140625,56515338,1.3852334022521973,209.4752666118645,212.31815131843297,208.677262552068,210.8218994140625
2018-03-07,210.8219069934412,211.61989586126523,209.72464946919013,210.4228973388672,72558950,1.390008568763733,210.8219069934412,211.61989586126523,209.72464946919013,210.4228973388672
2018-03-08,212.4677485049729,212.7171237966454,210.02387369071437,211.76950073242188,46362521,1.390627145767212,212.4677485049729,212.7171237966454,210.02387369071437,211.76950073242188
2018-03-09,212.16852846738476,212.61740101883376,209.47527793802823,210.2234039306641,40946591,1.3805670738220215,212.16852846738476,212.61740101883376,209.47527793802823,210.2234039306641
2018-03-12,211.5201558643318,213.61489948327815,210.27327922662727,210.97152709960935,39289664,1.38554048538208,211.5201558643318,213.61489948327815,210.27327922662727,210.97152709960935
2018-03-13,211.27075344402945,212.81688332064425,209.1261167698025,209.17599487304688,47728134,1.3907625675201416,211.27075344402945,212.81688332064425,209.1261167698025,209.17599487304688
2018-03-14,208.5774932304897,208.8767313941949,206.73211004412397,206.88172912597656,51810247,1.397233486175537,208.5774932304897,208.8767313941949,206.73211004412397,206.88172912597656
2018-03-15,206.88176726608577,208.47777546315956,204.9865208501401,206.48277282714844,72189652,1.3971552848815918,206.88176726608577,208.47777546315956,204.9865208501401,206.48277282714844
2018-03-16,205.8343787721329,210.0737588734484,205.4353691596129,208.97650146484372,64316443,1.3938642740249634,205.8343787721329,210.0737588734484,205.4353691596129,208.97650146484372
2018-03-19,214.46273100540927,219.5499925733359,213.2657327602085,216.45773315429688,100833219,1.3943500518798828,214.46273100540927,219.5499925733359,213.2657327602085,216.45773315429688
2018-03-20,215.5101108102584,216.85672813231488,215.1609793449149,215.4103546142578,48334830,1.4025245904922485,215.5101108102584,216.85672813231488,215.1609793449149,215.4103546142578
2018-03-21,215.01139196775932,215.5101425799691,209.4752571280989,210.921630859375,47770479,1.4004818201065063,215.01139196775932,215.5101425799691,209.4752571280989,210.921630859375
2018-03-22,209.12614523159823,210.32315898973468,205.43539339911013,206.48277282714844,40465039,1.414627194404602,209.12614523159823,210.32315898973468,205.43539339911013,206.48277282714844
2018-03-23,204.58752723663977,205.1361407872265,201.89426149062865,203.8394012451172,51836215,1.4114724397659302,204.58752723663977,205.1361407872265,201.89426149062865,203.8394012451172
2018-03-26,204.43789010684245,207.18101870486723,203.5401450175719,205.3855133056641,49037824,1.4147672653198242,204.43789010684245,207.18101870486723,203.5401450175719,205.3855133056641
2018-03-27,207.58002741430133,208.8269040440829,205.0862741547382,205.6348876953125,43549367,1.423892855644226,207.58002741430133,208.8269040440829,205.0862741547382,205.6348876953125
2018-03-28,204.5376368548237,205.4852600097656,201.7446302765781,205.4852600097656,52744816,1.417635440826416,204.5376368548237,205.4852600097656,201.7446302765781,205.4852600097656
2018-03-29,206.58253093238145,207.72965137029095,203.63988984088223,205.9840240478516,64604049,1.4080342054367065,206.58253093238145,207.72965137029095,203.63988984088223,205.9840240478516
2018-04-03,204.78703026327383,209.4752835656097,204.68727403997752,206.33316040039065,56800094,1.4046719074249268,204.78703026327383,209.4752835656097,204.68727403997752,206.33316040039065
2018-04-04,206.48273476059663,207.5799920963805,202.0438577579428,206.88172912597656,40605934,1.4068654775619507,206.48273476059663,207.5799920963805,202.0438577579428,206.88172912597656
2018-04-05,210.82185673563652,211.6697235107422,208.27822596900285,211.6697235107422,50014939,1.4088078737258911,210.82185673563652,211.6697235107422,208.27822596900285,211.6697235107422
2018-04-06,211.3705165967957,211.3705165967957,209.02639770507807,209.02639770507807,39367016,1.400874137878418,211.3705165967957,211.3705165967957,209.02639770507807,209.02639770507807
2018-04-09,210.72213457529665,210.8717536713461,207.48025558183056,210.67225646972656,40824992,1.4091651439666748,210.72213457529665,210.8717536713461,207.48025558183056,210.67225646972656
2018-04-10,212.16851355146176,214.26327227184072,211.1211341912723,214.21339416503903,47633985,1.4138271808624268,212.16851355146176,214.26327227184072,211.1211341912723,214.21339416503903
2018-04-11,213.4153815583992,215.0612676928716,212.81688996276787,214.0637664794922,57975849,1.4182183742523193,213.4153815583992,215.0612676928716,212.81688996276787,214.0637664794922
2018-04-12,214.0139075273624,216.2582854583215,213.9640294180976,215.4602813720703,35579006,1.4189025163650513,214.0139075273624,216.2582854583215,213.9640294180976,215.4602813720703
2018-04-13,216.20839264128023,218.55252663130705,212.26826580798192,212.81689453125,49698774,1.4238117933273315,216.20839264128023,218.55252663130705,212.26826580798192,212.81689453125
2018-04-16,214.46276074026397,215.8592563498433,212.86675271160703,213.2657623291016,124872788,1.4246840476989746,214.46276074026397,215.8592563498433,212.86675271160703,213.2657623291016
2018-04-17,213.41540131774107,213.41540131774107,210.9715261628242,211.2209014892578,47065417,1.4342057704925537,213.41540131774107,213.41540131774107,210.9715261628242,211.2209014892578
2018-04-18,211.91911069260013,213.8143719600853,210.57249330795835,213.4652404785156,57783345,1.4296538829803467,211.91911069260013,213.8143719600853,210.57249330795835,213.4652404785156
2018-04-19,213.41538909214884,215.21089438374688,213.01639468097645,213.66476440429688,57974131,1.4204343557357788,213.41538909214884,215.21089438374688,213.01639468097645,213.66476440429688
2018-04-20,214.7620201300108,216.10863767232823,213.8143969956405,214.9615173339844,41349994,1.4086490869522095,214.7620201300108,216.10863767232823,213.8143969956405,214.9615173339844
2018-04-23,214.81188602321444,216.10862538564817,214.11362301801452,215.80938720703125,118217783,1.4001679420471191,214.81188602321444,216.10862538564817,214.11362301801452,215.80938720703125
2018-04-24,216.20838809803087,216.20838809803087,214.06376657655684,214.86175537109372,32704204,1.3938252925872803,216.20838809803087,216.20838809803087,214.06376657655684,214.86175537109372
2018-04-25,213.3156556169472,214.9116485385408,211.47027215375587,212.4677734375,54388956,1.3993842601776123,213.3156556169472,214.9116485385408,211.47027215375587,212.4677734375
2018-04-26,207.9790287562779,217.1061599012021,206.68227397409663,209.47528076171875,87651927,1.3939224481582642,207.9790287562779,217.1061599012021,206.68227397409663,209.47528076171875
2018-04-27,209.97398622889705,210.12360530896743,206.18347892030053,208.4278564453125,72486645,1.391943335533142,209.97398622889705,210.12360530896743,206.18347892030053,208.4278564453125
2018-04-30,208.27827729680885,208.92664706229996,206.43289377862325,206.73214721679688,57926034,1.37710702419281,208.27827729680885,208.92664706229996,206.43289377862325,206.73214721679688
2018-05-01,206.23337246785775,207.7795023672507,204.63736446448567,204.9864959716797,26414858,1.3772207498550415,206.23337246785775,207.7795023672507,204.63736446448567,204.9864959716797
2018-05-02,205.3854568940032,206.23333886150343,203.5400891127641,204.93658447265625,55382600,1.3609329462051392,205.3854568940032,206.23333886150343,203.5400891127641,204.93658447265625
2018-05-03,205.13612229468717,206.0338825359806,201.54512699149592,202.1934967041016,50081359,1.3573862314224243,205.13612229468717,206.0338825359806,201.54512699149592,202.1934967041016
2018-05-04,201.4952324449344,205.08624267578125,200.34811220987316,205.08624267578125,79776275,1.3572388887405396,201.4952324449344,205.08624267578125,200.34811220987316,205.08624267578125
2018-05-08,205.5850068087977,206.6822490145507,203.1909947568027,206.38299560546875,61290361,1.3570362329483032,205.5850068087977,206.6822490145507,203.1909947568027,206.38299560546875
2018-05-09,206.68226744345952,210.6722726652277,206.68226744345952,210.4228973388672,47175088,1.3553440570831299,206.68226744345952,210.6722726652277,206.68226744345952,210.4228973388672
2018-05-10,212.96650892114585,214.06376634343,210.37299967974351,213.2657623291016,39586132,1.3544628620147705,212.96650892114585,214.06376634343,210.37299967974351,213.2657623291016
2018-05-11,213.1659976553033,214.1136207256517,211.6697458955974,213.91412353515625,24559430,1.352338194847107,213.1659976553033,214.1136207256517,211.6697458955974,213.91412353515625
2018-05-14,213.71466342667625,216.25829490365837,211.02141283602683,211.3705291748047,30761349,1.355380892753601,213.71466342667625,216.25829490365837,211.02141283602683,211.3705291748047
2018-05-15,211.71961292650155,212.76699214765492,210.0737421651599,211.0712432861328,33125052,1.3562448024749756,211.71961292650155,212.76699214765492,210.0737421651599,211.0712432861328
2018-05-16,210.5725131607313,211.4203800634443,207.97900390625,207.97900390625,35591185,1.3500195741653442,210.5725131607313,211.4203800634443,207.97900390625,207.97900390625
2018-05-17,208.57752416080365,209.5251473346001,207.33064755826572,208.47776794433597,52548787,1.354830026626587,208.57752416080365,209.5251473346001,207.33064755826572,208.47776794433597
2018-05-18,208.47774283167823,209.27574680530947,206.1336090130103,206.9814910888672,47992028,1.3515340089797974,208.47774283167823,209.27574680530947,206.1336090130103,206.9814910888672
2018-05-21,208.12861542728652,210.22337399665605,207.6797429397531,208.37799072265625,31741219,1.3477089405059814,208.12861542728652,210.22337399665605,207.6797429397531,208.37799072265625
2018-05-22,209.02639500562032,211.02139755357052,208.07877183947625,210.5725250244141,36993710,1.3431833982467651,209.02639500562032,211.02139755357052,208.07877183947625,210.5725250244141
2018-05-23,211.61986375236728,212.1186143294133,206.98148947410303,208.2782440185547,48188515,1.3441040515899658,211.61986375236728,212.1186143294133,206.98148947410303,208.2782440185547
2018-05-24,208.52761658367965,209.27574243947805,204.53761201942137,204.7869873046875,56732534,1.3371307849884033,208.52761658367965,209.27574243947805,204.53761201942137,204.7869873046875
2018-05-25,206.1336412256147,207.53015220286773,202.54264561409732,205.6847686767578,42638275,1.3383476734161377,206.1336412256147,207.53015220286773,202.54264561409732,205.6847686767578
2018-05-29,203.0413599025839,203.1909789851812,196.62741966359707,198.2633209228516,80551999,1.3315579891204834,203.0413599025839,203.1909789851812,196.62741966359707,198.2633209228516
2018-05-30,198.0040336048833,199.08133697440212,195.7696249250668,198.6823272705078,63534542,1.3253810405731201,198.0040336048833,199.08133697440212,195.7696249250668,198.6823272705078
2018-05-31,199.20102198843463,200.5476549359586,195.7696148154619,196.74717712402344,66922727,1.328356385231018,199.20102198843463,200.5476549359586,195.7696148154619,196.74717712402344
2018-06-01,198.1236897320093,202.6922471988068,198.1236897320093,201.3954925537109,44908763,1.3289390802383423,198.1236897320093,202.6922471988068,198.1236897320093,201.3954925537109
2018-06-04,202.6423533874664,204.1884832206083,201.74460843695024,204.0388641357422,36941868,1.3356484174728394,202.6423533874664,204.1884832206083,201.74460843695024,204.0388641357422
2018-06-05,202.94161604681904,202.94161604681904,197.3057403564453,197.3057403564453,52802094,1.3316465616226196,202.94161604681904,202.94161604681904,197.3057403564453,197.3057403564453
2018-06-06,197.7845212796784,201.14609519066929,197.22592308658716,200.74710083007807,98506035,1.3406083583831787,197.7845212796784,201.14609519066929,197.22592308658716,200.74710083007807
2018-06-07,200.7471561303012,202.89177804541544,199.7496547333804,200.64739990234372,40826403,1.3421558141708374,200.7471561303012,202.89177804541544,199.7496547333804,200.64739990234372
2018-06-08,199.64983622480327,200.0987238899182,197.38551971902277,198.50271606445312,35815683,1.3419216871261597,199.64983622480327,200.0987238899182,197.38551971902277,198.50271606445312
2018-06-11,200.24837005615237,200.9466178665124,199.00149353027345,199.500244140625,39582247,1.341381549835205,200.24837005615237,200.9466178665124,199.00149353027345,199.500244140625
2018-06-12,200.4977417269308,200.9466142239784,198.0837906430659,198.3231964111328,58642308,1.3374348878860474,200.4977417269308,200.9466142239784,198.0837906430659,198.3231964111328
2018-06-13,198.70222214190693,199.64984517170444,197.22592473062255,197.38552856445312,52338989,1.3372559547424316,198.70222214190693,199.64984517170444,197.22592473062255,197.38552856445312
2018-06-14,196.846891098368,200.74712460071189,195.19103538659104,200.0987548828125,53958702,1.3382760286331177,196.846891098368,200.74712460071189,195.19103538659104,200.0987548828125
2018-06-15,199.4603487390091,200.39798709147885,193.5152348276264,194.0538787841797,76095469,1.3256621360778809,199.4603487390091,200.39798709147885,193.5152348276264,194.0538787841797
2018-06-18,194.2733269402676,196.667338936739,193.0962828380142,194.47283935546875,26562810,1.3275099992752075,194.2733269402676,196.667338936739,193.0962828380142,194.47283935546875
2018-06-19,191.679802976954,193.654850768987,190.00399331957917,192.5177001953125,52893403,1.3258730173110962,191.679802976954,193.654850768987,190.00399331957917,192.5177001953125
2018-06-20,194.0139921995052,195.88929941117112,193.0364452409535,193.2159881591797,43594187,1.317332148551941,194.0139921995052,195.88929941117112,193.0364452409535,193.2159881591797
2018-06-21,193.19603147387065,193.7546449496258,188.82698642400536,189.7247314453125,45896670,1.3175230026245117,193.19603147387065,193.7546449496258,188.82698642400536,189.7247314453125
2018-06-22,190.38304930726392,194.0139524879289,190.00399404104712,193.53515625,31857132,1.3247840404510498,190.38304930726392,194.0139524879289,190.00399404104712,193.53515625
2018-06-25,192.09878275454784,192.47783808082775,189.82448123818884,189.9840850830078,30477268,1.3262423276901245,192.09878275454784,192.47783808082775,189.82448123818884,189.9840850830078
2018-06-26,190.3830907581989,191.58008922396525,188.44793588189037,188.58758544921875,31013944,1.3278449773788452,190.3830907581989,191.58008922396525,188.44793588189037,188.58758544921875
2018-06-27,189.0065098126627,189.42545846069945,185.55516442712496,187.53021240234372,81278782,1.3221042156219482,189.0065098126627,189.42545846069945,185.55516442712496,187.53021240234372
2018-06-28,186.2933119791417,189.7446727049677,186.113769075471,189.44541931152344,40182754,1.3120431900024414,186.2933119791417,189.7446727049677,186.113769075471,189.44541931152344
2018-06-29,191.36062495102215,192.6174861937096,188.4080299473412,188.52772521972656,40829966,1.3075141906738281,191.36062495102215,192.6174861937096,188.4080299473412,188.52772521972656
2018-07-02,186.31326299627185,187.1112669579064,184.45791025425183,184.93670654296875,45534173,1.3207770586013794,186.31326299627185,187.1112669579064,184.45791025425183,184.93670654296875
2018-07-03,185.55516692322445,186.41301851521845,183.9591590058116,185.2958068847656,112941066,1.314405918121338,185.55516692322445,186.41301851521845,183.9591590058116,185.2958068847656
2018-07-04,184.5776048439958,186.3731099459204,184.5776048439958,185.2958068847656,49836923,1.3194352388381958,184.5776048439958,186.3731099459204,184.5776048439958,185.2958068847656
2018-07-05,185.55517551102173,188.56761814408645,185.55517551102173,186.13372802734372,29031826,1.3229262828826904,185.55517551102173,188.56761814408645,185.55517551102173,186.13372802734372
2018-07-06,186.3930823785907,186.83198535964567,184.47788182361896,186.0339813232422,26715611,1.3225764036178589,186.3930823785907,186.83198535964567,184.47788182361896,186.0339813232422
2018-07-09,186.03399442330883,188.50779341176369,185.6150456993444,187.9093017578125,48483437,1.329787254333496,186.03399442330883,188.50779341176369,185.6150456993444,187.9093017578125
2018-07-10,188.10876604209773,190.9017722668624,185.5551655693961,186.01400756835935,31844390,1.325556755065918,188.10876604209773,190.9017722668624,185.5551655693961,186.01400756835935
2018-07-11,185.5352338743477,187.7297335964712,183.0813740840799,186.99159240722656,55985713,1.3257324695587158,185.5352338743477,187.7297335964712,183.0813740840799,186.99159240722656
2018-07-12,187.66990208116516,189.9841125030648,185.4155545252078,189.0265045166016,76077919,1.3210039138793945,187.66990208116516,189.9841125030648,185.4155545252078,189.0265045166016
2018-07-13,190.00401286718812,190.72221490557203,188.68731927725744,189.2060089111328,35192127,1.3180439472198486,190.00401286718812,190.72221490557203,188.68731927725744,189.2060089111328
2018-07-16,189.52519578452328,193.27579417955917,188.38804521864245,189.21597290039065,38742128,1.3227688074111938,189.52519578452328,193.27579417955917,188.38804521864245,189.21597290039065
2018-07-17,190.76212085827308,192.298265895566,187.88931274414065,187.88931274414065,48822488,1.3236442804336548,190.76212085827308,192.298265895566,187.88931274414065,187.88931274414065
2018-07-18,188.46787182685225,189.52522062238737,185.65491124643484,188.42796325683597,43510397,1.3106160163879395,188.46787182685225,189.52522062238737,185.65491124643484,188.42796325683597
2018-07-19,188.16864139270024,189.66489331701263,184.9766403316328,185.0564422607422,49980327,1.3078221082687378,188.16864139270024,189.66489331701263,184.9766403316328,185.0564422607422
2018-07-20,184.77713300380023,186.61253161085477,182.861932472005,186.3132781982422,45066501,1.3023037910461426,184.77713300380023,186.61253161085477,182.861932472005,186.3132781982422
2018-07-23,186.03398286367184,186.8718802595361,184.4978376379206,186.11378479003903,42342468,1.3147169351577759,186.03398286367184,186.8718802595361,184.4978376379206,186.11378479003903
2018-07-24,187.5302494579157,190.58260108293533,186.7721539289072,188.8668975830078,129353852,1.3102725744247437,187.5302494579157,190.58260108293533,186.7721539289072,188.8668975830078
2018-07-25,188.74716499835213,190.40302052677788,186.7920560868546,187.53021240234372,40256331,1.3152183294296265,188.74716499835213,190.40302052677788,186.7920560868546,187.53021240234372
2018-07-26,188.44793055025585,189.86438047041517,188.0289818601237,188.707275390625,25851699,1.3199577331542969,188.44793055025585,189.86438047041517,188.0289818601237,188.707275390625
2018-07-27,190.5825774783083,190.96163280619575,189.6249848466543,190.4229736328125,43018685,1.3108737468719482,190.5825774783083,190.96163280619575,189.6249848466543,190.4229736328125
2018-07-30,189.64495924284589,193.35566562829857,189.52526394675493,192.47787475585935,33163761,1.3111830949783325,189.64495924284589,193.35566562829857,189.52526394675493,192.47787475585935
2018-07-31,192.25837393764283,195.62991741860372,191.93916626902725,193.47532653808597,35121549,1.3135426044464111,192.25837393764283,195.62991741860372,191.93916626902725,193.47532653808597
2018-08-01,194.5326890867558,195.27083023657235,189.82448218571733,191.22097778320312,133232332,1.3121638298034668,194.5326890867558,195.27083023657235,189.82448218571733,191.22097778320312
2018-08-02,197.0065199955665,197.0065199955665,184.7172958473932,186.0738983154297,195187405,1.3126115798950195,197.0065199955665,197.0065199955665,184.7172958473932,186.0738983154297
2018-08-03,186.47287324915544,190.46287797396232,186.47287324915544,188.2284698486328,45961471,1.3018121719360352,186.47287324915544,190.46287797396232,186.47287324915544,188.2284698486328
2018-08-06,188.4279834481032,188.9466883692792,186.37313327120728,188.08883666992188,181057065,1.3003562688827515,188.4279834481032,188.9466883692792,186.37313327120728,188.08883666992188
2018-08-07,188.0888519556692,189.76466213694343,186.5327522863405,188.8868560791016,35712022,1.2944984436035156,188.0888519556692,189.76466213694343,186.5327522863405,188.8868560791016
2018-08-08,188.78708049157788,193.11624747043007,188.62749185979092,192.63743591308597,45918718,1.2946659326553345,188.78708049157788,193.11624747043007,188.62749185979092,192.63743591308597
2018-08-09,190.886579110878,191.26568349842807,188.77160773324164,191.04620361328125,31744420,1.2881617546081543,190.886579110878,191.26568349842807,188.77160773324164,191.04620361328125
2018-08-10,189.92887091567897,190.10843707182687,185.63905736589444,187.1953582763672,41570399,1.2828407287597656,189.92887091567897,190.10843707182687,185.63905736589444,187.1953582763672
2018-08-13,186.11792132369467,186.9958409296505,184.0029497885809,184.06280517578125,35928796,1.2758845090866089,186.11792132369467,186.9958409296505,184.0029497885809,184.06280517578125
2018-08-14,184.38202571379173,185.08036382760835,182.86562350762625,183.5240631103516,65386513,1.2762752771377563,184.38202571379173,185.08036382760835,182.86562350762625,183.5240631103516
2018-08-15,184.7412040050415,184.82101626973648,178.81529177211198,179.37396240234375,94325775,1.271779179573059,184.7412040050415,184.82101626973648,178.81529177211198,179.37396240234375
2018-08-16,180.17206357493916,181.98774306019084,179.57347922181344,181.7483062744141,37612805,1.2693899869918823,180.17206357493916,181.98774306019084,179.57347922181344,181.7483062744141
2018-08-17,181.92784537438027,183.7435244375185,181.1097812968028,182.1672821044922,24124066,1.2714558839797974,181.92784537438027,183.7435244375185,181.1097812968028,182.1672821044922
2018-08-20,182.74589335785728,184.5815445013705,182.4067027421212,183.2846221923828,28754161,1.2747135162353516,182.74589335785728,184.5815445013705,182.4067027421212,183.2846221923828
2018-08-21,182.34685655554165,184.90078756942185,182.2670443085292,183.9630126953125,28271396,1.2804261445999146,182.34685655554165,184.90078756942185,182.2670443085292,183.9630126953125
2018-08-22,183.4442747616547,185.4594771208003,183.3245487675265,184.7611389160156,31380373,1.290555715560913,183.4442747616547,185.4594771208003,183.3245487675265,184.7611389160156
2018-08-23,184.9207647947925,185.22005694838097,182.70602416992188,182.70602416992188,48603130,1.2904725074768066,184.9207647947925,185.22005694838097,182.70602416992188,182.70602416992188
2018-08-24,181.92786998981848,184.5616134868883,181.92786998981848,183.22479248046875,27437058,1.281065821647644,181.92786998981848,184.5616134868883,181.92786998981848,183.22479248046875
2018-08-28,184.56160136051585,185.10031501247585,182.5064854242304,183.26467895507807,27523590,1.2896735668182373,184.56160136051585,185.10031501247585,182.5064854242304,183.26467895507807
2018-08-29,183.10507017121864,183.5440299666655,179.61336389987662,181.0100555419922,38206958,1.2867693901062012,183.10507017121864,183.5440299666655,179.61336389987662,181.0100555419922
2018-08-30,180.9501593170555,180.9501593170555,177.77768756217944,177.87745666503906,39664086,1.3035939931869507,180.9501593170555,180.9501593170555,177.77768756217944,177.87745666503906
2018-08-31,178.37632126453695,178.45613352446088,174.76488881048252,175.28366088867188,55999433,1.301100730895996,178.37632126453695,178.45613352446088,174.76488881048252,175.28366088867188
2018-09-03,176.4808391972983,177.37871583092246,175.82241459980165,177.09938049316406,42328205,1.292306900024414,176.4808391972983,177.37871583092246,175.82241459980165,177.09938049316406
2018-09-04,178.2965114227472,180.67087671413137,177.57821629632227,180.591064453125,46907935,1.2869019508361816,178.2965114227472,180.67087671413137,177.57821629632227,180.591064453125
2018-09-05,179.812898745432,180.13213253985523,177.31882288456197,177.5782012939453,87522028,1.2858428955078125,179.812898745432,180.13213253985523,177.31882288456197,177.5782012939453
2018-09-06,177.3188146277651,178.2166758068173,175.52307704703048,175.78245544433594,56094829,1.2914891242980957,177.3188146277651,178.2166758068173,175.52307704703048,175.78245544433594
2018-09-07,175.80244296333916,175.86229835602757,172.0114441258662,174.08651733398438,55377621,1.2925406694412231,175.80244296333916,175.86229835602757,172.0114441258662,174.08651733398438
2018-09-10,174.22615734976574,176.83994390002945,173.088859401222,176.38104248046875,108272589,1.2930254936218262,174.22615734976574,176.83994390002945,173.088859401222,176.38104248046875
2018-09-11,176.1615947101162,176.38107463692194,173.2884140120291,174.32595825195312,46928387,1.302643060684204,176.1615947101162,176.38107463692194,173.2884140120291,174.32595825195312
2018-09-12,174.0865164119253,174.32595320404369,171.33306180441173,171.81192016601562,44363997,1.3015578985214233,174.0865164119253,174.32595320404369,171.33306180441173,171.81192016601562
2018-09-13,172.23092150667176,173.9069485903866,171.3330601843253,171.79196166992188,37694060,1.3045463562011719,172.23092150667176,173.9069485903866,171.3330601843253,171.79196166992188
2018-09-14,171.5924091003674,172.01141199354802,170.59477881490014,170.67459106445312,52296269,1.311131477355957,171.5924091003674,172.01141199354802,170.59477881490014,170.67459106445312
2018-09-17,170.21567926843545,171.3729340858688,168.79904604956243,170.7344512939453,37770697,1.307326316833496,170.21567926843545,171.3729340858688,168.79904604956243,170.7344512939453
2018-09-18,170.39524676148605,170.81424963243518,168.69927841070256,169.0584259033203,37577249,1.3146305084228516,170.39524676148605,170.81424963243518,168.69927841070256,169.0584259033203
2018-09-19,168.59954526832976,172.98911313892555,167.94110552095063,172.70977783203125,65874933,1.3168463706970215,168.59954526832976,172.98911313892555,167.94110552095063,172.70977783203125
2018-09-20,173.68745186873102,174.82474987090467,173.00905530775782,173.84706115722656,53951833,1.3141123056411743,173.68745186873102,174.82474987090467,173.00905530775782,173.84706115722656
2018-09-21,174.8846183726155,177.33878071906005,174.2062217607651,176.08177185058594,91188368,1.327087163925171,174.8846183726155,177.33878071906005,174.2062217607651,176.08177185058594
2018-09-24,175.38339163511668,177.19907067745484,175.1040563978339,175.56295776367188,27564081,1.30804443359375,175.38339163511668,177.19907067745484,175.1040563978339,175.56295776367188
2018-09-25,175.56299510925743,175.96205640642702,174.1064632368264,174.7050323486328,72762296,1.311733365058899,175.56299510925743,175.96205640642702,174.1064632368264,174.7050323486328
2018-09-26,174.7648807747892,175.6827141103961,173.56772737623987,175.18389892578125,35147625,1.3179919719696045,174.7648807747892,175.6827141103961,173.56772737623987,175.18389892578125
2018-09-27,174.3658304553191,176.83994944821393,173.3881569797014,176.26132202148438,66701076,1.3172800540924072,174.3658304553191,176.83994944821393,173.3881569797014,176.26132202148438
2018-09-28,174.5853265485699,174.76489272044202,170.47509401764023,171.37295532226562,59694245,1.3078734874725342,174.5853265485699,174.76489272044202,170.47509401764023,171.37295532226562
2018-10-01,172.29074720820876,173.7273372545067,170.29548663782387,171.991455078125,51310092,1.3039000034332275,172.29074720820876,173.7273372545067,170.29548663782387,171.991455078125
2018-10-02,170.99382112675673,171.15344562239633,168.99856059915103,169.87648010253906,54657741,1.3043591976165771,170.99382112675673,171.15344562239633,168.99856059915103,169.87648010253906
2018-10-03,171.19335753091983,172.4902646819212,169.99618904902684,172.11117553710938,61715180,1.2981956005096436,171.19335753091983,172.4902646819212,169.99618904902684,172.11117553710938
2018-10-04,171.69219435957,176.06180506933612,171.2532345570749,173.88697814941406,53882628,1.294062852859497,171.69219435957,176.06180506933612,171.2532345570749,173.88697814941406
2018-10-05,174.68508237770283,175.4033774557522,172.5301971435547,172.5301971435547,44503624,1.3024225234985352,174.68508237770283,175.4033774557522,172.5301971435547,172.5301971435547
2018-10-08,172.07128251766505,172.15109477424167,168.16057328119896,168.5995330810547,34660360,1.31271493434906,172.07128251766505,172.15109477424167,168.16057328119896,168.5995330810547
2018-10-09,169.55725616106656,169.55725616106656,166.7838298621334,167.36245727539062,33198560,1.309311866760254,169.55725616106656,169.55725616106656,166.7838298621334,167.36245727539062
2018-10-10,167.60190242358183,173.02901408053788,167.10308723779735,171.2332763671875,108893129,1.3157029151916504,167.60190242358183,173.02901408053788,167.10308723779735,171.2332763671875
2018-10-11,168.59951319013322,170.45510607438544,166.92350166764976,167.6018829345703,78297935,1.3206725120544434,168.59951319013322,170.45510607438544,166.92350166764976,167.6018829345703
2018-10-12,167.302576689583,170.0959442138672,164.54912289682437,164.60897827148438,66516750,1.3234164714813232,167.302576689583,170.0959442138672,164.54912289682437,164.60897827148438
2018-10-15,163.75103554188965,164.66885358393688,162.3344023537757,162.97288513183594,43756978,1.3103927373886108,163.75103554188965,164.66885358393688,162.3344023537757,162.97288513183594
2018-10-16,163.0127873619998,163.61137163997878,160.85791745106272,162.45411682128906,40971219,1.315477967262268,163.0127873619998,163.61137163997878,160.85791745106272,162.45411682128906
2018-10-17,163.0127909432539,164.74867320942434,162.4142218747554,164.56910705566406,39514446,1.318721890449524,163.0127909432539,164.74867320942434,162.4142218747554,164.56910705566406
2018-10-18,164.82845812698997,165.78617456680672,163.73105884946204,164.60897827148438,54750514,1.3104442358016968,164.82845812698997,165.78617456680672,163.73105884946204,164.60897827148438
2018-10-19,164.4095108519343,164.58907703660742,162.0950007652572,163.03277587890625,39041376,1.3024225234985352,164.4095108519343,164.58907703660742,162.0950007652572,163.03277587890625
2018-10-22,164.46933652487374,165.70640361205585,163.89070910777068,164.92825317382812,65195405,1.3065404891967773,164.46933652487374,165.70640361205585,163.89070910777068,164.92825317382812
2018-10-23,162.85317018863583,165.8261041205613,162.8132564533019,165.3671875,63482466,1.2965964078903198,162.85317018863583,165.8261041205613,162.8132564533019,165.3671875
2018-10-24,168.5995482254171,171.47272882973178,163.73110669535782,170.29551696777344,78197132,1.2981280088424683,168.5995482254171,171.47272882973178,163.73110669535782,170.29551696777344
2018-10-25,169.3577448248328,173.68747267774984,168.51973887496487,171.6522979736328,49989302,1.2888258695602417,169.3577448248328,173.68747267774984,168.51973887496487,171.6522979736328
2018-10-26,169.59716378638785,169.75678829985364,166.06555895608798,167.66175842285156,53724595,1.2824623584747314,169.59716378638785,169.75678829985364,166.06555895608798,167.66175842285156
2018-10-29,168.00095149257214,173.82712453609935,167.3624686522361,172.59005737304688,41751357,1.2831040620803833,168.00095149257214,173.82712453609935,167.3624686522361,172.59005737304688
2018-10-30,172.61002829878953,172.80955134839826,168.75917407307284,169.55728149414062,36174619,1.2802459001541138,172.61002829878953,172.80955134839826,168.75917407307284,169.55728149414062
2018-10-31,171.55253382941194,173.28840101882275,170.93399261723178,172.09124755859375,64958723,1.2708903551101685,171.55253382941194,173.28840101882275,170.93399261723178,172.09124755859375
2018-11-01,172.0513203907345,177.85752055621472,171.37292390190038,175.12400817871094,52198345,1.276943564414978,172.0513203907345,177.85752055621472,171.37292390190038,175.12400817871094
2018-11-02,178.07701524645827,180.5710910902462,175.30360412597656,175.30360412597656,145881987,1.3003731966018677,178.07701524645827,180.5710910902462,175.30360412597656,175.30360412597656
2018-11-05,175.96205387106298,176.1615769054569,174.3857960208767,174.4855499267578,23418021,1.3005592823028564,175.96205387106298,176.1615769054569,174.3857960208767,174.4855499267578
2018-11-06,174.58533033697873,175.2038563503587,171.57248208825484,172.5501708984375,26906631,1.3058068752288818,174.58533033697873,175.2038563503587,171.57248208825484,172.5501708984375
2018-11-07,172.6898070236137,176.2214115059474,172.6898070236137,174.98434448242188,45259728,1.3112518787384033,172.6898070236137,176.2214115059474,172.6898070236137,174.98434448242188
2018-11-08,175.72260474455027,179.5734584059384,175.72260474455027,178.47605895996094,36094586,1.3128528594970703,175.72260474455027,179.5734584059384,175.72260474455027,178.47605895996094
2018-11-09,176.38104248046875,177.5781958122047,172.9292348976224,176.38104248046875,41871763,1.3066771030426025,176.38104248046875,177.5781958122047,172.9292348976224,176.38104248046875
2018-11-12,176.7800866761498,176.8000435445496,170.21567745461448,170.3354034423828,43030561,1.2938451766967773,176.7800866761498,176.8000435445496,170.21567745461448,170.3354034423828
2018-11-13,171.2931202823316,175.16393073603228,170.4551144797666,175.04421997070312,43385986,1.2857933044433594,171.2931202823316,175.16393073603228,170.4551144797666,175.04421997070312
2018-11-14,174.58528848103848,176.3411121879013,172.1111697980433,173.1686553955078,34710962,1.3014055490493774,174.58528848103848,176.3411121879013,172.1111697980433,173.1686553955078
2018-11-15,172.6099867464494,174.02661984706856,160.09969513108936,166.0455780029297,98099954,1.2986170053482056,172.6099867464494,174.02661984706856,160.09969513108936,166.0455780029297
2018-11-16,167.0831261590632,168.53967316282,163.0527062574122,164.58905029296875,57852586,1.276650071144104,167.0831261590632,168.53967316282,163.0527062574122,164.58905029296875
2018-11-19,164.60901971928348,167.40238794692502,164.60901971928348,165.68646240234375,23590867,1.2833181619644165,164.60901971928348,167.40238794692502,164.60901971928348,165.68646240234375
2018-11-20,164.40949621448473,165.52683741332953,160.2992485338459,161.15721130371094,37539709,1.2859750986099243,164.40949621448473,165.52683741332953,160.2992485338459,161.15721130371094
2018-11-21,162.6536269898307,166.52443717699836,161.6360551093391,166.24510192871094,40538141,1.2789195775985718,162.6536269898307,166.52443717699836,161.6360551093391,166.24510192871094
2018-11-22,166.3448873245578,167.18289315145088,164.01042077445445,165.12777709960938,33473310,1.277726650238037,166.3448873245578,167.18289315145088,164.01042077445445,165.12777709960938
2018-11-23,165.00807880672014,167.10310894825912,162.67362708738244,164.15011596679688,36989462,1.287597894668579,165.00807880672014,167.10310894825912,162.67362708738244,164.15011596679688
2018-11-26,166.06554975935543,168.8988162146251,166.06554975935543,168.30023193359375,35798057,1.2812299728393555,166.06554975935543,168.8988162146251,166.06554975935543,168.30023193359375
2018-11-27,166.62422331205923,168.59952711892657,164.72871653631523,167.96104431152344,35348177,1.2812299728393555,166.62422331205923,168.59952711892657,164.72871653631523,167.96104431152344
2018-11-28,168.08075100013886,169.67696559120887,165.7662565879809,166.4047393798828,46528217,1.2743724584579468,168.08075100013886,169.67696559120887,165.7662565879809,166.4047393798828
2018-11-29,167.00331350948565,168.59952814906168,165.9857415188211,166.8437042236328,48274071,1.2824130058288574,167.00331350948565,168.59952814906168,165.9857415188211,166.8437042236328
2018-11-30,167.16295217098164,167.16295217098164,161.15721272881797,162.49404907226562,56930709,1.2784454822540283,167.16295217098164,167.16295217098164,161.15721272881797,162.49404907226562
2018-12-03,164.64891537968026,167.1429913927322,162.39427614402877,163.01280212402344,39053819,1.2753475904464722,164.64891537968026,167.1429913927322,162.39427614402877,163.01280212402344
2018-12-04,163.71116098149346,165.12779437688158,158.50352887679355,158.74295043945312,77755231,1.2725884914398193,163.71116098149346,165.12779437688158,158.50352887679355,158.74295043945312
2018-12-05,154.71247804034795,160.95763699853936,153.0763652820209,158.08447265625,69986594,1.2720541954040527,154.71247804034795,160.95763699853936,153.0763652820209,158.08447265625
2018-12-06,156.647909252195,156.80751852619068,152.01890540846395,152.95668029785156,69360218,1.2727665901184082,156.647909252195,156.80751852619068,152.01890540846395,152.95668029785156
2018-12-07,153.85457977284608,157.26647431922186,152.95671839529643,153.99424743652344,52239594,1.2778573036193848,153.85457977284608,157.26647431922186,152.95671839529643,153.99424743652344
2018-12-10,153.0365110704678,155.01183040088011,151.8593143991816,152.99661254882812,61971887,1.2721028327941895,153.0365110704678,155.01183040088011,151.8593143991816,152.99661254882812
2018-12-11,151.8393363422,154.95195338798194,150.80180747536008,153.6749725341797,53710603,1.2561235427856445,151.8393363422,154.95195338798194,150.80180747536008,153.6749725341797
2018-12-12,152.51775161449874,159.10210360405796,151.3205828685489,158.6232452392578,85761698,1.2492972612380981,152.51775161449874,159.10210360405796,151.3205828685489,158.6232452392578
2018-12-13,159.6607451548168,162.87311591127963,158.3837795994983,158.64317321777344,55348886,1.2628655433654785,159.6607451548168,162.87311591127963,158.3837795994983,158.64317321777344
2018-12-14,156.50828919552447,158.6232611394744,155.03178498688536,158.06459045410156,44436672,1.2655024528503418,156.50828919552447,158.6232611394744,155.03178498688536,158.06459045410156
2018-12-17,156.02939082137178,158.00471000342287,151.65977995493768,152.4778289794922,60747200,1.2585581541061401,156.02939082137178,158.00471000342287,151.65977995493768,152.4778289794922
2018-12-18,151.69965732144763,154.73246188493067,151.69965732144763,151.83932495117188,38879220,1.2615749835968018,151.69965732144763,154.73246188493067,151.69965732144763,151.83932495117188
2018-12-19,151.83929547836627,153.1362176298546,150.66209928813777,151.10105895996094,33971431,1.2655024528503418,151.83929547836627,153.1362176298546,150.66209928813777,151.10105895996094
2018-12-20,148.44741700792903,149.94386271320525,147.3899311451551,147.48968505859375,83225321,1.262785792350769,148.44741700792903,149.94386271320525,147.3899311451551,147.48968505859375
2018-12-21,147.72912391996786,148.64694213867188,145.8136752171117,148.64694213867188,104312937,1.2669775485992432,147.72912391996786,148.64694213867188,145.8136752171117,148.64694213867188
2018-12-24,147.7091676378442,149.06594571061493,145.95334345887218,146.01319885253906,21661736,1.2648941278457642,147.7091676378442,149.06594571061493,145.95334345887218,146.01319885253906
2018-12-27,148.3675844138812,148.88635644963065,144.656398355502,145.7338409423828,28846377,1.2648781538009644,148.3675844138812,148.88635644963065,144.656398355502,145.7338409423828
2018-12-28,144.9157843115865,150.04360388393906,144.9157843115865,149.7842254638672,23548059,1.2646220922470093,144.9157843115865,150.04360388393906,144.9157843115865,149.7842254638672
2018-12-31,147.7490363419416,150.16329956054688,147.4098305101782,150.16329956054688,11218424,1.269357681274414,147.7490363419416,150.16329956054688,147.4098305101782,150.16329956054688
2019-01-02,148.08820962705914,150.84166313268804,145.09531942513033,150.32289123535156,30140271,1.2754288911819458,148.08820962705914,150.84166313268804,145.09531942513033,150.32289123535156
2019-01-03,149.06593999836164,153.85456920244093,148.28778946524494,149.90394592285156,43761563,1.2521913051605225,149.06593999836164,153.85456920244093,148.28778946524494,149.90394592285156
2019-01-04,152.6773665316135,156.2089870612065,150.5823515944794,154.7324981689453,34380996,1.2628813982009888,152.6773665316135,156.2089870612065,150.5823515944794,154.7324981689453
2019-01-07,154.79233361714017,156.72773899249822,152.41796843838566,155.0517120361328,41121106,1.2734960317611694,154.79233361714017,156.72773899249822,152.41796843838566,155.0517120361328
2019-01-08,155.73012469868394,158.86268381068982,155.3909187647981,156.94723510742188,23750186,1.278608798980713,155.73012469868394,158.86268381068982,155.3909187647981,156.94723510742188
2019-01-09,158.62322157566595,158.62322157566595,155.809896754065,156.44839477539062,29908109,1.2737879753112793,158.62322157566595,158.62322157566595,155.809896754065,156.44839477539062
2019-01-10,156.14912289727016,159.08215886717906,155.07168018040778,158.96243286132812,24283222,1.279967188835144,156.14912289727016,159.08215886717906,155.07168018040778,158.96243286132812
2019-01-11,158.14436510814056,158.48355576891288,155.17141574688435,156.84744262695312,29964836,1.2753963470458984,158.14436510814056,158.48355576891288,155.17141574688435,156.84744262695312
2019-01-14,155.71016060558313,158.92253183408025,155.63034834381912,158.74295043945312,39430540,1.2849836349487305,155.71016060558313,158.92253183408025,155.63034834381912,158.74295043945312
2019-01-15,160.61848348550242,161.97526134621066,157.36621408265114,158.72299194335938,31620615,1.2874983549118042,160.61848348550242,161.97526134621066,157.36621408265114,158.72299194335938
2019-01-16,159.94010496689822,161.4764490074414,158.20422267831503,161.0175323486328,52890246,1.2872166633605957,159.94010496689822,161.4764490074414,158.20422267831503,161.0175323486328
2019-01-17,159.38142827893756,160.75816311129356,157.42608120666725,159.99996948242188,25949153,1.2885768413543701,159.38142827893756,160.75816311129356,157.42608120666725,159.99996948242188
2019-01-18,161.39661632468193,165.62657395206645,160.23936161210094,165.46694946289062,40871801,1.2983977794647217,161.39661632468193,165.62657395206645,160.23936161210094,165.46694946289062
2019-01-21,165.46696826972723,165.54678052338653,162.79331105134852,164.56910705566406,19081195,1.2853471040725708,165.46696826972723,165.54678052338653,162.79331105134852,164.56910705566406
2019-01-22,162.6935722573014,163.71115955765168,161.55627417666253,162.87313842773438,23556175,1.2891747951507568,162.6935722573014,163.71115955765168,161.55627417666253,162.87313842773438
2019-01-23,162.05508762709104,162.83323813576007,160.4389312202603,162.47409057617188,16472115,1.2957731485366821,162.05508762709104,162.83323813576007,160.4389312202603,162.47409057617188
2019-01-24,163.1724432763551,164.17007378327594,161.11732686771947,162.2745819091797,23991637,1.308215618133545,163.1724432763551,164.17007378327594,161.11732686771947,162.2745819091797
2019-01-25,163.11256680717892,164.03038492824666,162.61375161816616,163.71115112304688,29903977,1.3121638298034668,163.11256680717892,164.03038492824666,162.61375161816616,163.71115112304688
2019-01-28,162.7135162558115,162.7135162558115,158.72299485380637,159.70066833496094,26265295,1.3208470344543457,162.7135162558115,162.7135162558115,158.72299485380637,159.70066833496094
2019-01-29,159.62086308741962,162.15483759097444,158.9424817261613,160.91778564453125,64362766,1.3160146474838257,159.62086308741962,162.15483759097444,158.9424817261613,160.91778564453125
2019-01-30,160.11967613540045,162.07503837993394,158.82275359569644,161.4564971923828,51379013,1.30804443359375,160.11967613540045,162.07503837993394,158.82275359569644,161.4564971923828
2019-01-31,160.31916224816186,161.4165615034978,156.28874313539973,157.8051300048828,49242728,1.3117163181304932,160.31916224816186,161.4165615034978,156.28874313539973,157.8051300048828
2019-02-01,158.68310046837783,159.16195883268415,155.33106147296783,158.244140625,48364111,1.3109424114227295,158.68310046837783,159.16195883268415,155.33106147296783,158.244140625
2019-02-04,158.1244426062398,159.2218423032863,157.18666745106083,158.02467346191406,35033974,1.3077365159988403,158.1244426062398,159.2218423032863,157.18666745106083,158.02467346191406
2019-02-05,157.96479103021332,161.15720520804183,157.82512338564055,160.13963317871094,35828717,1.3031013011932373,157.96479103021332,161.15720520804183,157.82512338564055,160.13963317871094
2019-02-06,159.44128910934532,161.45649144676727,158.2042220008971,161.19711303710938,42470095,1.2957228422164917,159.44128910934532,161.45649144676727,158.2042220008971,161.19711303710938
2019-02-07,160.05979413295464,160.97761210405483,156.04931640625,156.04931640625,44383164,1.2934435606002808,160.05979413295464,160.97761210405483,156.04931640625,156.04931640625
2019-02-08,156.56809534729982,157.66547949907212,154.57283482848143,155.57046508789062,33753322,1.2949174642562866,156.56809534729982,157.66547949907212,154.57283482848143,155.57046508789062
2019-02-11,157.1068514599907,157.54581132841517,155.1714457979195,156.46836853027344,23954410,1.293677806854248,157.1068514599907,157.54581132841517,155.1714457979195,156.46836853027344
2019-02-12,157.46599065855173,158.2042426908465,156.90732002768345,157.6854705810547,18314982,1.2864052057266235,157.46599065855173,158.2042426908465,156.90732002768345,157.6854705810547
2019-02-13,157.80514760286687,158.68306710503873,156.56809581994804,157.64553833007812,16834071,1.2892080545425415,157.80514760286687,158.68306710503873,156.56809581994804,157.64553833007812
2019-02-14,158.02464871439852,158.98238059298347,156.0094462737908,156.58807373046875,16196805,1.2856775522232056,158.02464871439852,158.98238059298347,156.0094462737908,156.58807373046875
2019-02-15,156.5082681742278,159.56101488258375,156.18901912681758,159.12205505371094,24137384,1.2798361778259277,156.5082681742278,159.56101488258375,156.18901912681758,159.12205505371094
2019-02-18,159.6208501535143,159.76051778849342,157.62558952659538,157.74530029296875,21331507,1.290555715560913,159.6208501535143,159.76051778849342,157.62558952659538,157.74530029296875
2019-02-19,157.62561476605492,158.68310063202873,156.82750734296604,158.6232452392578,24078775,1.2924071550369263,157.62561476605492,158.68310063202873,156.82750734296604,158.6232452392578
2019-02-20,158.2241531789174,161.01750551438093,157.60561211381173,160.49874877929688,46171558,1.3061310052871704,158.2241531789174,161.01750551438093,157.60561211381173,160.49874877929688
2019-02-21,165.3073414364482,168.24037702097718,159.62085164125466,160.3990020751953,54673325,1.30451238155365,165.3073414364482,168.24037702097718,159.62085164125466,160.3990020751953
2019-02-22,158.3638803311054,159.94013844019844,155.59046859637954,155.77003479003906,64590604,1.3041380643844604,158.3638803311054,159.94013844019844,155.59046859637954,155.77003479003906
2019-02-25,156.08927299190523,159.3415429055849,154.23367967363816,158.8427276611328,123302392,1.306557536125183,156.08927299190523,159.3415429055849,154.23367967363816,158.8427276611328
2019-02-26,158.22420216181652,164.9083234154457,157.60566090522343,164.50926208496094,94779694,1.31271493434906,158.22420216181652,164.9083234154457,157.60566090522343,164.50926208496094
2019-02-27,163.29213035905232,167.96104836937388,163.29213035905232,166.50450134277344,54904955,1.3258028030395508,163.29213035905232,167.96104836937388,163.29213035905232,166.50450134277344
2019-02-28,162.51303873092635,165.7261799634734,161.67483194668313,163.81027221679688,48669408,1.3318239450454712,162.51303873092635,165.7261799634734,161.67483194668313,163.81027221679688
2019-03-01,164.96780814996131,165.02767788923703,161.69478188216686,162.15380859375,37978418,1.3264886140823364,164.96780814996131,165.02767788923703,161.69478188216686,162.15380859375
2019-03-04,163.0319254249467,164.84804001557825,162.71259987311504,163.3911590576172,56376661,1.3239772319793701,163.0319254249467,164.84804001557825,162.71259987311504,163.3911590576172
2019-03-05,163.6506375199312,165.26718162790016,163.07187124301151,164.20944213867188,153922400,1.3178529739379883,163.6506375199312,165.26718162790016,163.07187124301151,164.20944213867188
2019-03-06,164.62850150326747,166.06543598156185,163.63063202959415,164.96778869628906,82958305,1.3156682252883911,164.62850150326747,166.06543598156185,163.63063202959415,164.96778869628906
2019-03-07,164.56865557805088,165.12746012794153,159.6990469696632,161.9342803955078,53376219,1.3182177543640137,164.56865557805088,165.12746012794153,159.6990469696632,161.9342803955078
2019-03-08,159.67909041391732,160.31772631990395,157.5037268669035,158.4417266845703,48810878,1.3092432022094727,159.67909041391732,160.31772631990395,157.5037268669035,158.4417266845703
2019-03-11,159.5194270017901,160.65699768066406,158.66125857904092,160.65699768066406,29078530,1.2988362312316895,159.5194270017901,160.65699768066406,158.66125857904092,160.65699768066406
2019-03-12,162.49308460897024,165.16738309741544,161.73470918230052,162.51304626464844,51935288,1.3248542547225952,162.49308460897024,165.16738309741544,161.73470918230052,162.51304626464844
2019-03-13,161.7147203779667,164.34909511279687,161.29561703677547,163.55079650878906,106573971,1.3066771030426025,161.7147203779667,164.34909511279687,161.29561703677547,163.55079650878906
2019-03-14,164.56863978635278,166.70407995496893,163.81026443088518,164.62850952148438,45237564,1.3285682201385498,164.56863978635278,166.70407995496893,163.81026443088518,164.62850952148438
2019-03-15,165.14740653003335,165.5864715576172,164.06970561494956,165.5864715576172,69892412,1.3258554935455322,165.14740653003335,165.5864715576172,164.06970561494956,165.5864715576172
2019-03-18,165.64634272844623,165.86587524414062,164.84804405558313,165.86587524414062,41757822,1.329716444015503,165.64634272844623,165.86587524414062,164.84804405558313,165.86587524414062
2019-03-19,166.18517504926058,169.07900565177272,165.0476044610399,168.2407989501953,37292304,1.326435923576355,166.18517504926058,169.07900565177272,165.0476044610399,168.2407989501953
2019-03-20,168.08113858684032,168.56011167655902,163.98986760546154,164.08966064453125,50566922,1.3271400928497314,168.08113858684032,168.56011167655902,163.98986760546154,164.08966064453125
2019-03-21,163.43107940689396,163.85018280542403,159.87866612063604,160.23789978027344,40966425,1.320533037185669,163.43107940689396,163.85018280542403,159.87866612063604,160.23789978027344
2019-03-22,160.1181659579697,161.65487847352426,154.6697911320757,155.10885620117188,54265702,1.313232183456421,160.1181659579697,161.65487847352426,154.6697911320757,155.10885620117188
2019-03-25,155.0689170405632,156.20648768228048,153.09313965785012,155.2086181640625,33837424,1.3206549882888794,155.0689170405632,156.20648768228048,153.09313965785012,155.2086181640625
2019-03-26,155.22856813181144,155.82729588818077,152.474453950327,152.973388671875,39907078,1.3215277194976807,155.22856813181144,155.82729588818077,152.474453950327,152.973388671875
2019-03-27,154.29058003445562,157.48377467377756,153.0731780041272,155.2086181640625,47161776,1.321143627166748,154.29058003445562,157.48377467377756,153.0731780041272,155.2086181640625
2019-03-28,155.20861084599073,155.64767584950965,152.5941977039387,152.7538604736328,29229204,1.3152703046798706,155.20861084599073,155.64767584950965,152.5941977039387,152.7538604736328
2019-03-29,154.1109849057615,155.06893120402924,152.6540885765319,154.3504638671875,33607623,1.30565345287323,154.1109849057615,155.06893120402924,152.6540885765319,154.3504638671875
2019-04-01,154.86934849479047,158.24215238914203,154.66977763342285,157.9827117919922,33997748,1.3022867441177368,154.86934849479047,158.24215238914203,154.66977763342285,157.9827117919922
2019-04-02,158.04259005269267,160.79670463119837,157.48378552020876,159.6591339111328,29387265,1.3068991899490356,158.04259005269267,160.79670463119837,157.48378552020876,159.6591339111328
2019-04-03,161.5550721275291,163.8102670284499,160.63703397963278,163.65060424804688,108305713,1.312766671180725,161.5550721275291,163.8102670284499,160.63703397963278,163.65060424804688
2019-04-04,164.08967158200005,164.9079166970483,162.2535952604606,164.3092041015625,46618350,1.3176966905593872,164.08967158200005,164.9079166970483,162.2535952604606,164.3092041015625
2019-04-05,165.0875367719971,165.46673206418205,161.77460263797843,162.41323852539062,46549562,1.3077024221420288,165.0875367719971,165.46673206418205,161.77460263797843,162.41323852539062
2019-04-08,162.0939685807427,162.97209885457698,160.63707201063448,161.77464294433594,27047782,1.3038150072097778,162.0939685807427,162.97209885457698,160.63707201063448,161.77464294433594
2019-04-09,161.25573212493262,163.5508200050408,160.33767870135142,161.0960693359375,22958172,1.306335687637329,161.25573212493262,163.5508200050408,160.33767870135142,161.0960693359375
2019-04-10,161.91428550612906,162.55292132153286,160.09817109175037,160.7966766357422,15023648,1.305721640586853,161.91428550612906,162.55292132153286,160.09817109175037,160.7966766357422
2019-04-11,161.71473974170758,164.52873923187084,161.21580495774512,163.33128356933594,25734878,1.3099292516708374,161.71473974170758,164.52873923187084,161.21580495774512,163.33128356933594
2019-04-12,163.6106910400432,167.3626749042776,162.59285987971418,165.60643005371094,37877028,1.3056023120880127,163.6106910400432,167.3626749042776,162.59285987971418,165.60643005371094
2019-04-15,167.64209474936746,168.16099121076016,165.70622526665178,167.32276916503906,35424658,1.3083868026733398,167.64209474936746,168.16099121076016,165.70622526665178,167.32276916503906
2019-04-16,168.10113540335325,168.9992120377207,166.34487499654298,167.0433807373047,30302038,1.3102725744247437,168.10113540335325,168.9992120377207,166.34487499654298,167.0433807373047
2019-04-17,168.4004720937098,169.71766730466717,167.50239552353494,168.5601348876953,37307158,1.3046314716339111,168.4004720937098,169.71766730466717,167.50239552353494,168.5601348876953
2019-04-18,169.03909301757812,169.63782082866217,166.26501693036482,169.03909301757812,36191982,1.3039339780807495,169.03909301757812,169.63782082866217,166.26501693036482,169.03909301757812
2019-04-23,169.45821576668126,170.09685167519663,163.8901018019936,166.22511291503906,38797261,1.2981449365615845,169.45821576668126,170.09685167519663,163.8901018019936,166.22511291503906
2019-04-24,164.98775033784943,166.74401051829415,163.65060877412444,166.02554321289062,69575842,1.2938116788864136,164.98775033784943,166.74401051829415,163.65060877412444,166.02554321289062
2019-04-25,165.14741422495908,165.14741422495908,158.74109339758573,160.0582733154297,39058951,1.2904890775680542,165.14741422495908,165.14741422495908,158.74109339758573,160.0582733154297
2019-04-26,159.7389532098488,161.3355352922984,157.9228233905114,160.6968994140625,32612328,1.289607048034668,159.7389532098488,161.3355352922984,157.9228233905114,160.6968994140625
2019-04-29,161.41539700176472,164.36909800987502,161.07612495846948,164.34913635253906,31281940,1.2920230627059937,161.41539700176472,164.36909800987502,161.07612495846948,164.34913635253906
2019-04-30,164.68838330869738,165.0476169546062,162.57290474183492,163.9300079345703,43942256,1.2932428121566772,164.68838330869738,165.0476169546062,162.57290474183492,163.9300079345703
2019-05-01,164.2094052672913,166.7240407132751,163.1915740966797,163.1915740966797,15992214,1.3039849996566772,164.2094052672913,166.7240407132751,163.1915740966797,163.1915740966797
2019-05-02,163.3113534302993,165.78606594223317,162.3933151633929,164.18946838378906,21953392,1.3053126335144043,163.3113534302993,165.78606594223317,162.3933151633929,164.18946838378906
2019-05-03,163.75040218699192,165.6064401923835,162.83234878537348,163.33128356933594,30493616,1.3033220767974854,163.75040218699192,165.6064401923835,162.83234878537348,163.33128356933594
2019-05-07,162.13384654794987,162.55294994815176,158.78100412005324,159.0803680419922,57021032,1.3099292516708374,162.13384654794987,162.55294994815176,158.78100412005324,159.0803680419922
2019-05-08,158.6612577465419,159.45955642825868,156.46594779153148,159.22006225585938,36524855,1.3068820238113403,158.6612577465419,159.45955642825868,156.46594779153148,159.22006225585938
2019-05-09,158.52154151327693,158.6612426272938,156.02686788706163,156.5258026123047,67875683,1.3012022972106934,158.52154151327693,158.6612426272938,156.02686788706163,156.5258026123047
2019-05-10,157.60350581416847,159.41962032367726,156.48589688524,157.1844024658203,32144009,1.3009653091430664,157.60350581416847,159.41962032367726,156.48589688524,157.1844024658203
2019-05-13,158.18230473772945,158.64131626033108,154.07107133342558,154.76959228515625,27545969,1.3010668754577637,158.18230473772945,158.64131626033108,154.07107133342558,154.76959228515625
2019-05-14,154.8094946128976,157.38400009915054,154.72966321491896,157.30416870117188,22838968,1.2963106632232666,154.8094946128976,157.38400009915054,154.72966321491896,157.30416870117188
2019-05-15,161.0561452423426,161.0561452423426,157.52369360412266,159.6591339111328,33142294,1.2906556129455566,161.0561452423426,161.0561452423426,157.52369360412266,159.6591339111328
2019-05-16,158.96061220599978,160.63702563429715,157.8429880275215,160.33766174316406,21533907,1.2847524881362915,158.96061220599978,160.63702563429715,157.8429880275215,160.33766174316406
2019-05-17,159.060391989499,159.77885924660774,156.7253810170357,158.4018096923828,21583524,1.2797706127166748,159.060391989499,159.77885924660774,156.7253810170357,158.4018096923828
2019-05-20,158.80097769245498,159.12030329349548,154.6099281496361,156.0269012451172,25184744,1.2731555700302124,158.80097769245498,159.12030329349548,154.6099281496361,156.0269012451172
2019-05-21,156.4659412294718,158.46168023692354,155.8472517832912,156.66551208496094,30334065,1.2729123830795288,156.4659412294718,158.46168023692354,155.8472517832912,156.66551208496094
2019-05-22,156.56572486955122,157.1045829483299,152.0354038536356,152.4944305419922,69987679,1.2729123830795288,156.56572486955122,157.1045829483299,152.0354038536356,152.4944305419922
2019-05-23,151.25704292238947,151.49653705580153,147.3453967676632,149.1814727783203,39043440,1.2664159536361694,151.25704292238947,151.49653705580153,147.3453967676632,149.1814727783203
2019-05-24,150.45875188546043,151.2370888250765,148.56280605332475,148.94198608398438,29139281,1.2664639949798584,150.45875188546043,151.2370888250765,148.56280605332475,148.94198608398438
2019-05-28,148.8222690046095,150.53860590553015,148.14372499676162,150.3390350341797,48841492,1.2682307958602905,148.8222690046095,150.53860590553015,148.14372499676162,150.3390350341797
2019-05-29,148.54285107969417,150.59845976783123,147.68468271970417,150.4387969970703,29141132,1.2659670114517212,148.54285107969417,150.59845976783123,147.68468271970417,150.4387969970703
2019-05-30,151.1173492309791,153.45236004774824,150.33901229205603,150.5784912109375,22478909,1.2629451751708984,151.1173492309791,153.45236004774824,150.33901229205603,150.5784912109375
2019-05-31,149.02183532714844,150.11949792549265,148.1237588203439,149.02183532714844,46562842,1.2609704732894897,149.02183532714844,150.11949792549265,148.1237588203439,149.02183532714844
2019-06-03,147.7245799039184,149.99973615375882,147.1857371251922,149.16151428222656,44774283,1.2639508247375488,147.7245799039184,149.99973615375882,147.1857371251922,149.16151428222656
2019-06-04,148.96197441972174,154.07106195932693,148.76240354263376,153.77171325683594,49006117,1.2664159536361694,148.96197441972174,154.07106195932693,148.76240354263376,153.77171325683594
2019-06-05,153.87146966302402,153.87146966302402,150.73816012743188,152.1750946044922,67049984,1.2702767848968506,153.87146966302402,153.87146966302402,150.73816012743188,152.1750946044922
2019-06-06,153.01331788753228,153.19294232976844,149.2812953996246,150.9178009033203,31278842,1.2688584327697754,153.01331788753228,153.19294232976844,149.2812953996246,150.9178009033203
2019-06-07,151.35683337653427,152.23496337950107,149.87999082940985,150.7381591796875,21154119,1.269841194152832,151.35683337653427,152.23496337950107,149.87999082940985,150.7381591796875
2019-06-10,151.6561979648355,153.4124579789112,150.37892625984216,152.7538604736328,21160315,1.2722970247268677,151.6561979648355,153.4124579789112,150.37892625984216,152.7538604736328
2019-06-11,152.29483261276727,153.7317670760894,151.19718533893152,151.89569091796875,22900404,1.2691160440444946,152.29483261276727,153.7317670760894,151.19718533893152,151.89569091796875
2019-06-12,150.45877248547075,150.97766892501906,149.30124013043277,150.15940856933594,24086085,1.2724426984786987,150.45877248547075,150.97766892501906,149.30124013043277,150.15940856933594
2019-06-13,149.3611093506002,149.80017439590495,148.4231247485087,149.2014617919922,31869890,1.2693415880203247,149.3611093506002,149.80017439590495,148.4231247485087,149.2014617919922
2019-06-14,148.44307722404267,149.00189699391964,147.50509258374046,148.6825714111328,24241710,1.268005609512329,148.44307722404267,149.00189699391964,147.50509258374046,148.6825714111328
2019-06-17,148.94202615628058,151.31696091813131,148.94202615628058,150.41888427734375,26511504,1.2596044540405273,148.94202615628058,151.31696091813131,148.94202615628058,150.41888427734375
2019-06-18,150.17936076748083,152.41459394408562,148.98192040462408,151.2770233154297,30884820,1.2541544437408447,150.17936076748083,152.41459394408562,148.98192040462408,151.2770233154297
2019-06-19,150.9576855646315,153.53219051116267,150.89781583526926,152.8935546875,30129518,1.2566603422164917,150.9576855646315,153.53219051116267,150.89781583526926,152.8935546875
2019-06-20,152.43454996991062,153.19294058762304,150.13946214086656,150.15940856933594,27212037,1.2656625509262085,152.43454996991062,153.19294058762304,150.13946214086656,150.15940856933594
2019-06-21,150.51864960309496,152.31481796168552,148.38320922851562,148.38320922851562,79909331,1.2707933187484741,150.51864960309496,152.31481796168552,148.38320922851562,148.38320922851562
2019-06-24,148.68256540049694,149.540733836692,147.48512496601765,148.1437225341797,58858446,1.2750873565673828,148.68256540049694,149.540733836692,147.48512496601765,148.1437225341797
2019-06-25,147.1658023200039,147.32546510811497,145.46942706859818,146.5870361328125,27052544,1.2739664316177368,147.1658023200039,147.32546510811497,145.46942706859818,146.5870361328125
2019-06-26,146.34757346071146,148.98194885253906,146.3276118034061,148.98194885253906,40422872,1.2690677642822266,146.34757346071146,148.98194885253906,146.3276118034061,148.98194885253906
2019-06-27,150.1194696196355,151.55640394060563,149.02180722826162,149.68040466308594,21677392,1.269841194152832,150.1194696196355,151.55640394060563,149.02180722826162,149.68040466308594
2019-06-28,149.68045162755152,150.5186585023579,148.48301105978769,149.4808807373047,27885051,1.267748475074768,149.68045162755152,150.5186585023579,148.48301105978769,149.4808807373047
2019-07-01,151.4566090398015,152.75384224275425,150.9975976645628,152.19503784179688,93933886,1.2694543600082397,151.4566090398015,152.75384224275425,150.9975976645628,152.19503784179688
2019-07-02,153.75175651646816,154.3903924793351,151.7759788854552,153.452392578125,26919563,1.2644623517990112,153.75175651646816,154.3903924793351,151.7759788854552,153.452392578125
2019-07-03,153.19292984825657,154.64981079101562,152.6341253646624,154.64981079101562,21486262,1.25982666015625,153.19292984825657,154.64981079101562,152.6341253646624,154.64981079101562
2019-07-04,154.62987700084076,156.10671971764387,154.0311491616139,155.62774658203125,19335461,1.2582731246948242,154.62987700084076,156.10671971764387,154.0311491616139,155.62774658203125
2019-07-05,155.24853495110966,158.12240391528545,155.00904079533504,156.88504028320312,38847901,1.2583048343658447,155.24853495110966,158.12240391528545,155.00904079533504,156.88504028320312
2019-07-08,156.78526423100186,158.66126392211368,155.26851342561253,156.585693359375,84330908,1.2525520324707031,156.78526423100186,158.66126392211368,155.26851342561253,156.585693359375
2019-07-09,156.1466280544516,156.88505702719092,154.13094246010192,156.10671997070312,24010608,1.2516427040100098,156.1466280544516,156.88505702719092,154.13094246010192,156.10671997070312
2019-07-10,156.5058247605666,158.6013564801981,155.96698201264078,156.14659118652344,34723823,1.2458575963974,156.5058247605666,158.6013564801981,155.96698201264078,156.14659118652344
2019-07-11,156.64555417894263,157.80308648526344,155.72751604070635,157.603515625,28734987,1.2508130073547363,156.64555417894263,157.80308648526344,155.72751604070635,157.603515625
2019-07-12,158.74106587145675,159.4994411334819,156.84510487697582,156.8650665283203,23590936,1.2523481845855713,158.74106587145675,159.4994411334819,156.84510487697582,156.8650665283203
2019-07-15,156.46594554070177,156.98484196029526,154.3903750886085,156.44598388671875,20102161,1.2571974992752075,156.46594554070177,156.98484196029526,154.3903750886085,156.44598388671875
2019-07-16,156.0069114554556,158.24214458080706,156.0069114554556,157.7432098388672,28751304,1.251799464225769,156.0069114554556,158.24214458080706,156.0069114554556,157.7432098388672
2019-07-17,157.6434301219867,157.6633917767096,154.76957611942174,155.4481201171875,19276599,1.2412029504776,157.6434301219867,157.6633917767096,154.76957611942174,155.4481201171875
2019-07-18,154.55003446461976,156.4260187881339,154.1708391786961,155.98696899414062,27047530,1.2434717416763306,154.55003446461976,156.4260187881339,154.1708391786961,155.98696899414062
2019-07-19,156.5458082718989,156.98487338974488,154.4303140883031,155.28848266601562,26541048,1.2541857957839966,156.5458082718989,156.98487338974488,154.4303140883031,155.28848266601562
2019-07-22,155.94701667092724,157.08458709075694,155.04894037021654,156.26634216308594,23556379,1.2512825727462769,155.94701667092724,157.08458709075694,155.04894037021654,156.26634216308594
2019-07-23,157.06468133687414,160.6769799276407,156.82520235880722,159.75894165039062,30747922,1.2474894523620605,157.06468133687414,160.6769799276407,156.82520235880722,159.75894165039062
2019-07-24,159.65913131957134,160.17802775971873,157.86296304696992,159.5792999267578,20769565,1.243904948234558,159.65913131957134,160.17802775971873,157.86296304696992,159.5792999267578
2019-07-25,160.91642520701257,161.1559193612082,157.52367510044638,159.20008850097656,33082431,1.2485953569412231,160.91642520701257,161.1559193612082,157.52367510044638,159.20008850097656
2019-07-26,158.82091451669098,160.13809434932898,158.04257751870483,159.73895263671875,19674229,1.2453454732894897,158.82091451669098,160.13809434932898,158.04257751870483,159.73895263671875
2019-07-29,158.96062051287797,160.95635958968427,158.6013868700016,160.47738647460938,36762512,1.2376697063446045,158.96062051287797,160.95635958968427,158.6013868700016,160.47738647460938
2019-07-30,159.93854655771509,160.27781858498813,156.96489925898325,157.38400268554688,36105583,1.2217471599578857,159.93854655771509,160.27781858498813,156.96489925898325,157.38400268554688
2019-07-31,156.66553225969216,159.93854343529523,152.29485839812608,153.7517547607422,58800125,1.2161602973937988,156.66553225969216,159.93854343529523,152.29485839812608,153.7517547607422
2019-08-01,155.16870206911835,159.19011480174618,154.05109313884353,155.5478973388672,49978955,1.215376853942871,155.16870206911835,159.19011480174618,154.05109313884353,155.5478973388672
2019-08-02,153.99122671855878,154.31053703709833,151.43666803884216,152.8336944580078,214718672,1.2124298810958862,153.99122671855878,154.31053703709833,151.43666803884216,152.8336944580078
2019-08-05,150.65834350712294,151.3169410780321,146.2278001774159,146.98619079589844,282344614,1.215214490890503,150.65834350712294,151.3169410780321,146.2278001774159,146.98619079589844
2019-08-06,147.18575590436043,149.1814949674704,145.5492504816615,146.9263153076172,62402418,1.2158203125,147.18575590436043,149.1814949674704,145.5492504816615,146.9263153076172
2019-08-07,148.04392254618324,148.46302591728784,145.66898821697666,147.2256622314453,29807601,1.2169743776321411,148.04392254618324,148.46302591728784,145.66898821697666,147.2256622314453
2019-08-08,146.01799002341036,146.7964852496432,143.2433500674778,145.6387176513672,99598938,1.2143291234970093,146.01799002341036,146.7964852496432,143.2433500674778,145.6387176513672
2019-08-09,144.04182828149044,147.036045735164,143.0437557969326,143.48289489746094,27373127,1.2143733501434326,144.04182828149044,147.036045735164,143.0437557969326,143.48289489746094
2019-08-12,144.4809827882806,144.7205256926933,141.20730590820312,141.20730590820312,92185786,1.2021976709365845,144.4809827882806,144.7205256926933,141.20730590820312,141.20730590820312
2019-08-13,141.2072906348403,142.38502408409184,139.94972478879853,140.82803344726562,35453739,1.207875370979309,141.2072906348403,142.38502408409184,139.94972478879853,140.82803344726562
2019-08-14,141.067551858474,141.70631759660796,137.81384125944427,138.49252319335938,40414641,1.2064181566238403,141.067551858474,141.70631759660796,137.81384125944427,138.49252319335938
2019-08-15,138.4925221392254,139.03148976911586,136.2049479727776,136.93553161621094,46069480,1.2060399055480957,138.4925221392254,139.03148976911586,136.2049479727776,136.93553161621094
2019-08-16,138.29291035270057,139.73013705626522,137.0153788893934,139.5504913330078,41389283,1.209160566329956,138.29291035270057,139.73013705626522,137.0153788893934,139.5504913330078
2019-08-19,140.02956996542994,141.24721959177626,139.84990900235107,140.32899475097656,40913390,1.2161011695861816,140.02956996542994,141.24721959177626,139.84990900235107,140.32899475097656
2019-08-20,140.28906633087797,141.09651269907732,137.65415557446963,138.21307373046875,113580699,1.2131506204605103,140.28906633087797,141.09651269907732,137.65415557446963,138.21307373046875
2019-08-21,138.2330458925811,140.1892747592076,138.2330458925811,138.91172790527344,87447577,1.2162343263626099,138.2330458925811,140.1892747592076,138.2330458925811,138.91172790527344
2019-08-22,138.27295733512184,140.02957468047595,138.1332277944121,139.0514678955078,30987696,1.213224172592163,138.27295733512184,140.02957468047595,138.1332277944121,139.0514678955078
2019-08-23,140.28904175443105,140.9278074250108,137.77389526367188,137.77389526367188,28748111,1.2251899242401123,140.28904175443105,140.9278074250108,137.77389526367188,137.77389526367188
2019-08-27,137.47451938495487,137.7739289683368,136.21693821723636,136.4165496826172,57867087,1.222195029258728,137.47451938495487,137.7739289683368,136.21693821723636,136.4165496826172
2019-08-28,136.7159640043075,137.4944593201189,134.44035996895454,135.89755249023438,65332813,1.2283201217651367,136.7159640043075,137.4944593201189,134.44035996895454,135.89755249023438
2019-08-29,135.238810821737,137.55434611048284,134.88050928574526,137.27487182617188,37868778,1.2218515872955322,135.238810821737,137.55434611048284,134.88050928574526,137.27487182617188
2019-08-30,137.97353862039688,138.2130662575156,135.53823944717834,136.33670043945312,30570424,1.218650221824646,137.97353862039688,138.2130662575156,135.53823944717834,136.33670043945312
2019-09-02,137.27487182617188,138.69214804253863,136.95648648543815,137.27487182617188,17558771,1.21592378616333,137.27487182617188,138.69214804253863,136.95648648543815,137.27487182617188
2019-09-03,137.13513023505567,137.5932450629568,135.79771698560842,137.0552978515625,23726386,1.2066656351089478,137.13513023505567,137.5932450629568,135.79771698560842,137.0552978515625
2019-09-04,137.65414822871213,138.2729482642071,136.55627768926553,137.09523010253906,64499402,1.2090436220169067,137.65414822871213,138.2729482642071,136.55627768926553,137.09523010253906
2019-09-05,137.7339922411757,139.75010276864148,137.07526079714586,139.5504913330078,38887890,1.2248897552490234,137.7339922411757,139.75010276864148,137.07526079714586,139.5504913330078
2019-09-06,139.57044747140972,140.84797898648253,138.39272929288634,139.8299560546875,32240129,1.2323921918869019,139.57044747140972,140.84797898648253,138.39272929288634,139.8299560546875
2019-09-09,139.53052975049064,140.50863647460938,138.1132687173538,140.50863647460938,70595248,1.2283051013946533,139.53052975049064,140.50863647460938,138.1132687173538,140.50863647460938
2019-09-10,139.77002324217776,148.7127567946457,139.77002324217776,147.39529418945312,82448390,1.2345373630523682,139.77002324217776,148.7127567946457,139.77002324217776,147.39529418945312
2019-09-11,148.59303682152955,149.87056838725783,147.4851757511614,148.4133758544922,67572371,1.2354830503463745,148.59303682152955,149.87056838725783,147.4851757511614,148.4133758544922
2019-09-12,148.4133758544922,149.01222543878,130.78342197218885,148.4133758544922,45365639,1.233471393585205,148.4133758544922,149.01222543878,130.78342197218885,148.4133758544922
2019-09-13,148.71279297436848,156.9967972396214,148.111948372619,149.8236541748047,55723247,1.2329391241073608,148.71279297436848,156.9967972396214,148.111948372619,149.8236541748047
2019-09-16,155.06055488659223,156.37800275803482,152.6052896665973,153.18417358398438,58826500,1.2497344017028809,155.06055488659223,156.37800275803482,152.6052896665973,153.18417358398438
2019-09-17,152.46553460544484,152.9935218505547,148.77266976492527,148.9123992919922,77556704,1.2428536415100098,152.46553460544484,152.9935218505547,148.77266976492527,148.9123992919922
2019-09-18,149.71088203223977,149.9494197870891,147.71473693847656,147.71473693847656,46776416,1.2502655982971191,149.71088203223977,149.9494197870891,147.71473693847656,147.71473693847656
2019-09-19,148.11393378792957,150.18992614746094,147.39532046234655,150.18992614746094,27138898,1.247053861618042,148.11393378792957,150.18992614746094,147.39532046234655,150.18992614746094
2019-09-20,150.70894185821126,152.84481631907968,149.99032846676232,151.24789428710938,81170079,1.2525050640106201,150.70894185821126,152.84481631907968,149.99032846676232,151.24789428710938
2019-09-23,150.3097341068422,150.86865230552309,146.9961258869788,148.97230529785156,21093444,1.2471938133239746,150.3097341068422,150.86865230552309,146.9961258869788,148.97230529785156
2019-09-24,148.71278991467054,149.73082804274134,146.41623040359568,146.75656127929688,28001800,1.243456244468689,148.71278991467054,149.73082804274134,146.41623040359568,146.75656127929688
2019-09-25,145.49897197801832,147.83445739746094,144.1016769140887,147.83445739746094,45278202,1.2485953569412231,145.49897197801832,147.83445739746094,144.1016769140887,147.83445739746094
2019-09-26,147.39531622400892,149.45135804214647,147.13582289754513,148.85250854492188,36969316,1.2359564304351807,147.39531622400892,149.45135804214647,147.13582289754513,148.85250854492188
2019-09-27,149.2517596474983,150.9484951344135,148.61299383656515,150.6291046142578,28929397,1.2331976890563965,149.2517596474983,150.9484951344135,148.61299383656515,150.6291046142578
2019-09-30,150.84867126739428,151.6870484802564,149.75078546766255,150.11009216308594,27681120,1.2293167114257812,150.84867126739428,151.6870484802564,149.75078546766255,150.11009216308594
2019-10-01,149.99032826605796,151.70701411784694,149.3116463024739,149.3515625,34175644,1.2289994955062866,149.99032826605796,151.70701411784694,149.3116463024739,149.3515625
2019-10-02,148.97227370588396,148.97227370588396,144.04180908203125,144.04180908203125,38770652,1.2292261123657227,148.97227370588396,148.97227370588396,144.04180908203125,144.04180908203125
2019-10-03,143.18348924300665,143.56274644151168,139.69023545172487,141.7861785888672,31833504,1.230436086654663,143.18348924300665,143.56274644151168,139.69023545172487,141.7861785888672
2019-10-04,142.58462686599157,142.82416972993096,140.42878677866676,142.6644744873047,23361466,1.2342326641082764,142.58462686599157,142.82416972993096,140.42878677866676,142.6644744873047
2019-10-07,142.70437338034824,144.06175231933594,140.90784019207416,144.06175231933594,26154335,1.2334411144256592,142.70437338034824,144.06175231933594,140.90784019207416,144.06175231933594
2019-10-08,145.79842632842906,145.79842632842906,142.52474988821567,143.6625518798828,38081192,1.2288031578063965,145.79842632842906,145.79842632842906,142.52474988821567,143.6625518798828
2019-10-09,143.38309133731406,145.47903433760212,142.72435986749056,144.7205047607422,98990874,1.2219561338424683,143.38309133731406,145.47903433760212,142.72435986749056,144.7205047607422
2019-10-10,144.18154585460067,149.31163739030927,144.18154585460067,148.9123992919922,50756258,1.2212995290756226,144.18154585460067,149.31163739030927,144.18154585460067,148.9123992919922
2019-10-11,149.67097214359097,160.37529152271844,149.2527733933888,160.17068481445312,123587863,1.2433171272277832,149.67097214359097,160.37529152271844,149.2527733933888,160.17068481445312
2019-10-14,157.6954570442836,160.375279304823,149.25276202284186,157.29623413085938,42147458,1.261899709701538,157.6954570442836,160.375279304823,149.25276202284186,157.29623413085938
2019-10-15,158.87316786413462,167.4565971654497,156.47979508535465,163.7238006591797,112820443,1.2611771821975708,158.87316786413462,167.4565971654497,156.47979508535465,163.7238006591797
2019-10-16,165.2807879036,165.7598583692643,159.5119309161983,163.943359375,90129526,1.2760635614395142,165.2807879036,165.7598583692643,159.5119309161983,163.943359375
2019-10-17,162.44626833230012,170.05159084402342,160.9102333522098,163.6838836669922,106525171,1.2823801040649414,162.44626833230012,170.05159084402342,160.9102333522098,163.6838836669922
2019-10-18,162.66583529099483,167.496517275477,161.74761051163077,164.68194580078125,69390679,1.286860466003418,162.66583529099483,167.496517275477,161.74761051163077,164.68194580078125
2019-10-21,165.60020607970043,167.59635130519737,165.00137164967902,165.30078125,48873819,1.2900229692459106,165.60020607970043,167.59635130519737,165.00137164967902,165.30078125
2019-10-22,164.94143759452692,166.5074134172117,164.18290806113595,164.9813690185547,86428355,1.297168254852295,164.94143759452692,166.5074134172117,164.18290806113595,164.9813690185547
2019-10-23,163.34454050229266,169.6124342576727,162.32650234105998,165.46044921875,33461611,1.2884771823883057,163.34454050229266,169.6124342576727,162.32650234105998,165.46044921875
2019-10-24,165.4604388858572,166.93758175249346,164.6619779314082,166.07923889160156,41665835,1.2923235893249512,165.4604388858572,166.93758175249346,164.6619779314082,166.07923889160156
2019-10-25,167.17711350932174,171.249250400238,166.8407575332542,170.03160095214844,56669699,1.2840267419815063,167.17711350932174,171.249250400238,166.8407575332542,170.03160095214844
2019-10-28,169.7721180817757,171.17938856451016,166.84076780293006,170.1713409423828,39259001,1.283202886581421,169.7721180817757,171.17938856451016,166.84076780293006,170.1713409423828
2019-10-29,170.1713124726649,171.3889617919922,167.03736633014384,171.3889617919922,52268451,1.2857435941696167,170.1713124726649,171.3889617919922,167.03736633014384,171.3889617919922
2019-10-30,171.42892590297413,171.8880459506478,166.35871581136757,168.09536743164062,39146621,1.2866700887680054,171.42892590297413,171.8880459506478,166.35871581136757,168.09536743164062
2019-10-31,167.31688249495355,168.2860040011688,165.67903897509933,167.47657775878906,72593355,1.290172815322876,167.31688249495355,168.2860040011688,165.67903897509933,167.47657775878906
2019-11-01,167.07728890579887,167.07728890579887,164.40246258033426,166.8577117919922,57642346,1.2939623594284058,167.07728890579887,167.07728890579887,164.40246258033426,166.8577117919922
2019-11-04,166.6780855601162,168.85387601361495,166.41859222684934,167.81588745117188,42592916,1.2937614917755127,166.6780855601162,168.85387601361495,166.41859222684934,167.81588745117188
2019-11-05,169.67233113267372,169.9318245094769,167.59633843011326,168.83395385742188,28883746,1.2891582250595093,169.67233113267372,169.9318245094769,167.59633843011326,168.83395385742188
2019-11-06,168.65430656287768,169.87195637401456,166.59827940847984,167.99559020996094,33001550,1.288062334060669,168.65430656287768,169.87195637401456,166.59827940847984,167.99559020996094
2019-11-07,167.9556475498686,170.27118317671776,167.59634082257745,169.71224975585938,39115024,1.2856775522232056,167.9556475498686,170.27118317671776,167.59634082257745,169.71224975585938
2019-11-08,169.37288165364106,169.37288165364106,166.11917114257812,166.11917114257812,32194960,1.2779992818832397,169.37288165364106,169.37288165364106,166.11917114257812,166.11917114257812
2019-11-11,165.22091015992038,171.70838122187217,163.6848903943015,171.3091583251953,56510091,1.2796396017074585,165.22091015992038,171.70838122187217,163.6848903943015,171.3091583251953
2019-11-12,171.66847232542594,172.427001953125,169.49268155605392,172.427001953125,51856991,1.2858428955078125,171.66847232542594,172.427001953125,169.49268155605392,172.427001953125
2019-11-13,170.41089912539016,170.7512300198931,168.51455229348392,170.55062866210938,23291755,1.285214900970459,170.41089912539016,170.7512300198931,168.51455229348392,170.55062866210938
2019-11-14,170.15135182315285,172.96592286017864,169.03351578373065,169.7720947265625,37107435,1.2853800058364868,170.15135182315285,172.96592286017864,169.03351578373065,169.7720947265625
2019-11-15,171.06960488778523,171.94791348150065,168.17520099213405,170.410888671875,26795954,1.2881784439086914,171.06960488778523,171.94791348150065,168.17520099213405,170.410888671875
2019-11-18,170.92987448616157,173.05178348423723,169.69227445157017,169.99169921875,31399697,1.2921231985092163,170.92987448616157,173.05178348423723,169.69227445157017,169.99169921875
2019-11-19,170.98981198918383,173.0657896784601,169.3529582394339,170.09153747558594,25796847,1.2950851917266846,170.98981198918383,173.0657896784601,169.3529582394339,170.09153747558594
2019-11-20,168.8339393937233,169.0934327482962,166.9375926000113,168.8738555908203,43279995,1.2929502725601196,168.8339393937233,169.0934327482962,166.9375926000113,168.8738555908203
2019-11-21,167.07732439850102,168.1153282896157,165.60018141585942,167.85581970214844,26167704,1.2927078008651733,167.07732439850102,168.1153282896157,165.60018141585942,167.85581970214844
2019-11-22,167.67618046696438,169.83202072801888,166.69807367846622,168.93374633789062,24545024,1.2919896841049194,167.67618046696438,169.83202072801888,166.69807367846622,168.93374633789062
2019-11-25,170.2312151720845,172.18744365134694,168.37480001816076,171.66844177246094,29112403,1.2853471040725708,170.2312151720845,172.18744365134694,168.37480001816076,171.66844177246094
2019-11-26,171.82815466108298,173.68457000580185,170.53065744520387,171.40896606445312,42582224,1.289723515510559,171.82815466108298,173.68457000580185,170.53065744520387,171.40896606445312
2019-11-27,172.52679550496046,174.70957630841696,171.2891802475917,174.0837860107422,35393262,1.2860909700393677,172.52679550496046,174.70957630841696,171.2891802475917,174.0837860107422
2019-11-28,175.46115750787595,175.8504051935824,173.42508097542807,173.8842010498047,30474291,1.2929919958114624,175.46115750787595,175.8504051935824,173.42508097542807,173.8842010498047
2019-11-29,173.80432969727718,173.88417731798322,171.0895715107776,171.20933532714844,28532134,1.29128897190094,173.80432969727718,173.88417731798322,171.0895715107776,171.20933532714844
2019-12-02,171.1694171210872,171.94791237710706,168.71415230868718,168.8538818359375,47771495,1.29128897190094,171.1694171210872,171.94791237710706,168.71415230868718,168.8538818359375
2019-12-03,168.67427071260948,170.1514139078783,164.2827573301868,166.01939392089844,45455357,1.294062852859497,168.67427071260948,170.1514139078783,164.2827573301868,166.01939392089844
2019-12-04,164.68198898804,168.8339749109109,164.6221070651088,166.83782958984375,29835743,1.2997816801071167,164.68198898804,168.8339749109109,164.6221070651088,166.83782958984375
2019-12-05,166.53840474580764,168.35488906870106,165.22094152380083,166.83782958984375,49974529,1.311131477355957,166.53840474580764,168.35488906870106,165.22094152380083,166.83782958984375
2019-12-06,167.8957377071603,169.89188247578244,167.17712437210622,169.07345581054688,20971015,1.3158414363861084,167.8957377071603,169.89188247578244,167.17712437210622,169.07345581054688
2019-12-09,169.17328463046675,171.76827915902723,168.73413030446014,171.3490753173828,36216265,1.3139568567276,169.17328463046675,171.76827915902723,168.73413030446014,171.3490753173828
2019-12-10,171.34908247093125,171.34908247093125,166.83780565759864,169.8120574951172,51972517,1.314578652381897,171.34908247093125,171.34908247093125,166.83780565759864,169.8120574951172
2019-12-11,169.17325447514574,170.1912924831149,167.85579173196513,168.35482788085938,56576014,1.3131287097930908,169.17325447514574,170.1912924831149,167.85579173196513,168.35482788085938
2019-12-12,169.672286741643,172.38704454785926,169.29301440376193,171.52870178222656,44604235,1.3200099468231201,169.672286741643,172.38704454785926,169.29301440376193,171.52870178222656
2019-12-13,184.64341234294585,187.31823933056933,170.4109039876277,182.12826538085935,183046871,1.347527265548706,184.64341234294585,187.31823933056933,170.4109039876277,182.12826538085935
2019-12-16,183.4257580411601,192.61801222701428,182.966653231602,192.0890350341797,109295227,1.335327386856079,183.4257580411601,192.61801222701428,182.966653231602,192.0890350341797
2019-12-17,189.474055551755,191.37040219724463,185.00269558691107,186.99884033203125,52622212,1.3272457122802734,189.474055551755,191.37040219724463,185.00269558691107,186.99884033203125
2019-12-18,184.8430312244159,186.9190239335947,184.1044672921683,184.76318359375,41111821,1.3122154474258423,184.8430312244159,186.9190239335947,184.1044672921683,184.76318359375
2019-12-19,185.32208953935591,185.3520457245832,181.76895397097192,183.0265350341797,44095125,1.3087291717529297,185.32208953935591,185.3520457245832,181.76895397097192,183.0265350341797
2019-12-20,182.9666600224705,183.3688831225593,178.00523328562048,178.0760955810547,90725761,1.3017443418502808,182.9666600224705,183.3688831225593,178.00523328562048,178.0760955810547
2019-12-23,177.53713365507576,180.3017833978467,176.89836789130126,179.1140899658203,87793327,1.3005423545837402,177.53713365507576,180.3017833978467,176.89836789130126,179.1140899658203
2019-12-24,179.65304565429688,180.21196380407653,179.03424559266617,179.65304565429688,26428457,1.2944984436035156,179.65304565429688,180.21196380407653,179.03424559266617,179.65304565429688
2019-12-27,181.888725566942,181.99851414368337,179.01427208816955,181.150146484375,18054510,1.3002209663391113,181.888725566942,181.99851414368337,179.01427208816955,181.150146484375
2019-12-30,181.01041435989688,181.80887534027028,179.79276479143712,179.892578125,36499610,1.3091918230056763,181.01041435989688,181.80887534027028,179.79276479143712,179.892578125
2019-12-31,178.01620019046723,180.03231077423865,177.15785728683204,179.29373168945312,13247081,1.3113033771514893,178.01620019046723,180.03231077423865,177.15785728683204,179.29373168945312
2020-01-02,179.73287659084704,185.84107470251743,178.91444992653777,184.84300231933597,34370855,1.3250298500061035,179.73287659084704,185.84107470251743,178.91444992653777,184.84300231933597
2020-01-03,183.80502871967147,184.5934992657104,180.95054086199065,182.9466857910156,27868540,1.3152703046798706,183.80502871967147,184.5934992657104,180.95054086199065,182.9466857910156
2020-01-06,181.5693245017277,182.07833593003585,178.2956483324351,180.63113403320312,26746306,1.308010220527649,181.5693245017277,182.07833593003585,178.2956483324351,180.63113403320312
2020-01-07,180.21195856432087,183.09638732650689,174.66267819660342,182.7869873046875,25508436,1.317002534866333,180.21195856432087,183.09638732650689,174.66267819660342,182.7869873046875
2020-01-08,180.77089252766768,182.687189965878,179.87263333860537,181.68911743164065,28272528,1.31137216091156,180.77089252766768,182.687189965878,179.87263333860537,181.68911743164065
2020-01-09,183.8649016778244,184.44378550657908,181.5194254086785,182.5075225830078,26927681,1.3105130195617676,183.8649016778244,184.44378550657908,181.5194254086785,182.5075225830078
2020-01-10,181.78892509114428,182.2380546716284,180.05227345331105,180.651123046875,18841487,1.3070186376571655,181.78892509114428,182.2380546716284,180.05227345331105,180.651123046875
2020-01-13,180.85071771525008,182.2380377565053,179.41349100760053,181.3297882080078,29073687,1.3045634031295776,180.85071771525008,182.2380377565053,179.41349100760053,181.3297882080078
2020-01-14,181.52943172293476,181.74900889194967,178.8545894955609,180.651123046875,29601850,1.2988194227218628,181.52943172293476,181.74900889194967,178.8545894955609,180.651123046875
2020-01-15,180.4515146661487,181.3577540365181,177.17783801882143,178.15594482421875,48507487,1.3022528886795044,180.4515146661487,181.3577540365181,177.17783801882143,178.15594482421875
2020-01-16,177.65689715809373,178.69488581134993,174.1037616516322,176.45921325683594,40833263,1.3041210174560547,177.65689715809373,178.69488581134993,174.1037616516322,176.45921325683594
2020-01-17,177.67684637242135,178.17588255405315,174.66266357113992,174.90220642089844,39232128,1.3078734874725342,177.67684637242135,178.17588255405315,174.66266357113992,174.90220642089844
2020-01-20,175.30142437687408,175.650755786007,174.37322441507132,174.66265869140625,40252357,1.3007283210754395,175.30142437687408,175.650755786007,174.37322441507132,174.66265869140625
2020-01-21,172.86615878583706,174.90223527119818,172.167511062185,174.0638427734375,41543663,1.3005592823028564,172.86615878583706,174.90223527119818,172.167511062185,174.0638427734375
2020-01-22,175.0219910604698,175.5359977795475,173.36319203677667,174.4231414794922,37906829,1.3048017024993896,175.0219910604698,175.5359977795475,173.36319203677667,174.4231414794922
2020-01-23,174.58285527618375,175.29149351463417,170.73029447709138,171.16944885253906,36096342,1.3144749402999878,174.58285527618375,175.29149351463417,170.73029447709138,171.16944885253906
2020-01-24,173.18556052555545,175.65080104753352,173.04583097177195,173.105712890625,30346248,1.311991572380066,173.18556052555545,175.65080104753352,173.04583097177195,173.105712890625
2020-01-27,171.66846086479825,172.08764946496612,169.39285690424293,170.3509979248047,22028619,1.3061821460723877,171.66846086479825,172.08764946496612,169.39285690424293,170.3509979248047
2020-01-28,170.67040776943955,171.98787085881418,168.87387411546445,171.68844604492188,23574278,1.3060115575790405,170.67040776943955,171.98787085881418,168.87387411546445,171.68844604492188
2020-01-29,172.86616435568527,173.26540251733454,170.67040776943955,171.68844604492188,24723987,1.3024563789367676,172.86616435568527,173.26540251733454,170.67040776943955,171.68844604492188
2020-01-30,169.51264470130607,171.6684851465698,168.95372648869233,171.16944885253906,31571302,1.3022021055221558,169.51264470130607,171.6684851465698,168.95372648869233,171.16944885253906
2020-01-31,172.3471185443923,172.5666956701316,167.51645223687711,167.6761474609375,30957886,1.3089004755020142,172.3471185443923,172.5666956701316,167.51645223687711,167.6761474609375
2020-02-03,168.43469573542984,170.7302653421099,167.81589570983076,169.35292053222656,20908923,1.31816565990448,168.43469573542984,170.7302653421099,167.81589570983076,169.35292053222656
2020-02-04,171.1294894120074,172.50681887955545,169.73417405229804,171.66844177246094,25943981,1.2997479438781738,171.1294894120074,172.50681887955545,169.73417405229804,171.66844177246094
2020-02-05,171.149474370603,173.20550136000318,170.31109709462245,172.6266326904297,45799552,1.3032711744308472,171.149474370603,173.20550136000318,170.31109709462245,172.6266326904297
2020-02-06,175.06191621863243,177.61699469611392,174.63774757555626,176.37937927246094,44900146,1.2997140884399414,175.06191621863243,177.61699469611392,174.63774757555626,176.37937927246094
2020-02-07,175.82045472469036,176.8185272216797,174.1037688115185,176.8185272216797,28415827,1.2930254936218262,175.82045472469036,176.8185272216797,174.1037688115185,176.8185272216797
2020-02-10,175.38130274393592,178.1160269049783,175.28148940114585,176.55902099609375,24270086,1.2891582250595093,175.38130274393592,178.1160269049783,175.28148940114585,176.55902099609375
2020-02-11,178.83460676877849,179.57318583332946,177.23770005348428,178.6749267578125,53077341,1.2918227910995483,178.83460676877849,179.57318583332946,177.23770005348428,178.6749267578125
2020-02-12,179.31369896389586,180.9505371630616,174.14367578412885,178.9943084716797,37065004,1.2956557273864746,179.31369896389586,180.9505371630616,174.14367578412885,178.9943084716797
2020-02-13,172.70642659535758,180.65108891948185,172.16747424646752,175.98011779785156,66320954,1.295756459236145,172.70642659535758,180.65108891948185,172.16747424646752,175.98011779785156
2020-02-14,175.82042968856376,177.01811346853003,173.76440307423616,175.5808868408203,45491839,1.3046824932098389,175.82042968856376,177.01811346853003,173.76440307423616,175.5808868408203
2020-02-17,176.07992101125893,179.2338332717424,175.58088483951315,177.35745239257812,44760510,1.3052955865859985,176.07992101125893,179.2338332717424,175.58088483951315,177.35745239257812
2020-02-18,175.660778681063,179.97245964970026,174.5229765192358,174.7425537109375,37375227,1.3008975982666016,175.660778681063,179.97245964970026,174.5229765192358,174.7425537109375
2020-02-19,175.341352966785,177.79661778634184,175.2215891514717,176.39932250976562,23823522,1.3002209663391113,175.341352966785,177.79661778634184,175.2215891514717,176.39932250976562
2020-02-20,177.13789496112076,183.64533162871157,176.41928157552783,180.9705047607422,61331728,1.2928247451782227,177.13789496112076,183.64533162871157,176.41928157552783,180.9705047607422
2020-02-21,179.9923865941395,181.6292248449437,177.63693494255514,179.27377319335938,55407380,1.2883278131484985,179.9923865941395,181.6292248449437,177.63693494255514,179.27377319335938
2020-02-24,173.84424566665098,174.30336567776897,167.91570832336492,169.69227600097656,110455869,1.29537034034729,173.84424566665098,174.30336567776897,167.91570832336492,169.69227600097656
2020-02-25,170.87000173158094,171.58861511955595,165.14107557054,165.54029846191406,58799289,1.292657732963562,170.87000173158094,171.58861511955595,165.14107557054,165.54029846191406
2020-02-26,165.48043341470918,166.25892879278646,161.60790701036066,165.6201629638672,79663724,1.3003394603729248,165.48043341470918,166.25892879278646,161.60790701036066,165.6201629638672
2020-02-27,157.5357279309591,163.48424553059542,151.08818941147672,154.1422882080078,86684922,1.2906889915466309,157.5357279309591,163.48424553059542,151.08818941147672,154.1422882080078
2020-02-28,150.13003172149757,153.50352092806915,146.31740350091545,148.45327758789062,135279400,1.2888922691345215,150.13003172149757,153.50352092806915,146.31740350091545,148.45327758789062
2020-03-02,151.88666165798418,152.06632262243224,140.74818443165492,143.02378845214844,121644563,1.2807048559188843,151.88666165798418,152.06632262243224,140.74818443165492,143.02378845214844
2020-03-03,146.27749207796398,146.79649400285825,138.99156033423762,139.29098510742188,127613836,1.2767152786254883,146.27749207796398,146.79649400285825,138.99156033423762,139.29098510742188
2020-03-04,140.0495167191915,141.26715095131837,137.1550978232542,138.27293395996094,111314954,1.2820841073989868,140.0495167191915,141.26715095131837,137.1550978232542,138.27293395996094
2020-03-05,138.55244533118156,139.49062078039762,133.75969876737622,134.42041015625,89049029,1.2874983549118042,138.55244533118156,139.49062078039762,133.75969876737622,134.42041015625
2020-03-06,132.04500134682925,133.96129881437437,129.09069989933568,130.6876220703125,75493609,1.295068383216858,132.04500134682925,133.96129881437437,129.09069989933568,130.6876220703125
2020-03-09,123.062349741718,124.39976331758706,116.91421911467695,117.87236785888672,145382066,1.3099292516708374,123.062349741718,124.39976331758706,116.91421911467695,117.87236785888672
2020-03-10,119.96828481711886,125.4177661580764,115.556807174141,116.61476135253906,93758905,1.3075313568115234,119.96828481711886,125.4177661580764,115.556807174141,116.61476135253906
2020-03-11,117.83242555822198,121.58517992869574,115.67659312560984,117.71266174316406,103760553,1.2909722328186035,117.83242555822198,121.58517992869574,115.67659312560984,117.71266174316406
2020-03-12,109.78796275209294,111.6284100033811,96.81302169957289,97.33201599121094,180121998,1.2818212509155273,109.78796275209294,111.6284100033811,96.81302169957289,97.33201599121094
2020-03-13,104.79760008662248,110.80599247445944,96.45371436578873,102.18264770507812,154975322,1.257023572921753,104.79760008662248,110.80599247445944,96.45371436578873,102.18264770507812
2020-03-16,95.87484382062992,96.50363438153995,82.879942962573,88.88833618164062,137258666,1.2399870157241821,95.87484382062992,96.50363438153995,82.879942962573,88.88833618164062
2020-03-17,92.5212999687877,94.6442062875231,80.55441511982353,87.59082794189453,135397275,1.2266627550125122,92.5212999687877,94.6442062875231,80.55441511982353,87.59082794189453
2020-03-18,83.62848611301173,85.33718402708205,80.16517371622275,83.03961944580078,122678276,1.2121652364730835,83.62848611301173,85.33718402708205,80.16517371622275,83.03961944580078
2020-03-19,83.13942848521438,83.80813512160721,72.8992042041508,83.57857513427734,181813611,1.1625338792800903,83.13942848521438,83.80813512160721,72.8992042041508,83.57857513427734
2020-03-20,89.82651054432587,91.06411811304626,83.8181184117124,88.84839630126953,234374785,1.149438500404358,89.82651054432587,91.06411811304626,83.8181184117124,88.84839630126953
2020-03-23,79.84579074488656,88.56894125165277,79.11719455387674,84.53672790527344,88162933,1.162304162979126,79.84579074488656,88.56894125165277,79.11719455387674,84.53672790527344
2020-03-24,88.69871015797044,95.83492279052734,86.52291169688047,95.83492279052734,93840271,1.1595547199249268,88.69871015797044,95.83492279052734,86.52291169688047,95.83492279052734
2020-03-25,99.36808413305536,115.5737849477756,97.08249745950232,105.57609558105467,117817465,1.1792036294937134,99.36808413305536,115.5737849477756,97.08249745950232,105.57609558105467
2020-03-26,100.84525492532411,107.77188110351562,96.8130407672353,107.77188110351562,93679670,1.1851149797439575,100.84525492532411,107.77188110351562,96.8130407672353,107.77188110351562
2020-03-27,102.84139682103184,104.35547117892186,95.1662164483171,97.1823272705078,91655178,1.2200626134872437,102.84139682103184,104.35547117892186,95.1662164483171,97.1823272705078
2020-03-30,95.88481136137358,104.35545099695446,88.83842293347821,93.8188018798828,68438334,1.245319128036499,95.88481136137358,104.35545099695446,88.83842293347821,93.8188018798828
2020-03-31,93.8786898294723,104.35545771619704,89.60095592515412,93.92859649658205,115570307,1.2371643781661987,93.8786898294723,104.35545771619704,89.60095592515412,93.92859649658205
2020-04-01,86.83228231963793,90.2955941086676,82.70026397705078,82.70026397705078,128275526,1.2408487796783447,86.83228231963793,90.2955941086676,82.70026397705078,82.70026397705078
2020-04-02,82.93981997989592,86.75245647604032,80.7540464684593,81.46267700195312,135087059,1.238236665725708,82.93981997989592,86.75245647604032,80.7540464684593,81.46267700195312
2020-04-03,81.50261127073486,83.14942495079168,79.84580711798569,80.08534240722656,94613738,1.2394952774047852,81.50261127073486,83.14942495079168,79.84580711798569,80.08534240722656
2020-04-06,82.84001478283372,87.35629422013677,82.52462199473581,86.39315032958984,92998962,1.2220158576965332,82.84001478283372,87.35629422013677,82.52462199473581,86.39315032958984
2020-04-07,89.82650955002349,100.08669186694284,89.38935033699835,94.6072769165039,116393334,1.2240501642227173,89.82650955002349,100.08669186694284,89.38935033699835,94.6072769165039
2020-04-08,92.461437430796,94.3328234014884,90.13393158850332,92.47142028808594,83803942,1.2338672876358032,92.461437430796,94.3328234014884,90.13393158850332,92.47142028808594
2020-04-09,94.27792549065028,98.79919260399596,92.74588819440471,97.39191436767578,99457766,1.23931086063385,94.27792549065028,98.79919260399596,92.74588819440471,97.39191436767578
2020-04-14,97.80111888647288,99.70744095305012,92.96046894558634,93.36968231201172,65998085,1.2523951530456543,97.80111888647288,99.70744095305012,92.96046894558634,93.36968231201172
2020-04-15,92.65106216340791,93.29481550708115,86.8322982788086,86.8322982788086,215800815,1.26262629032135,92.65106216340791,93.29481550708115,86.8322982788086,86.8322982788086
2020-04-16,87.64074381234128,90.8445556244575,85.30026258084902,86.91215515136719,85796816,1.252097249031067,87.64074381234128,90.8445556244575,85.30026258084902,86.91215515136719
2020-04-17,90.99426868973012,92.72093747832918,88.87835984703383,90.53515625,75365406,1.2487823963165283,90.99426868973012,92.72093747832918,88.87835984703383,90.53515625
2020-04-20,91.32363285587236,92.01230531083016,88.71866304720187,90.83457946777344,47458721,1.248751163482666,91.32363285587236,92.01230531083016,88.71866304720187,90.83457946777344
2020-04-21,88.57892652984084,89.54705798744668,86.2733816957362,86.34324645996094,71559831,1.2442762851715088,88.57892652984084,89.54705798744668,86.2733816957362,86.34324645996094
2020-04-22,87.25147817067253,87.85032002452435,84.99584026734112,87.53093719482422,114702624,1.2298610210418701,87.25147817067253,87.85032002452435,84.99584026734112,87.53093719482422
2020-04-23,87.830382220041,91.6430189618234,87.24152308520739,90.42536926269533,122176124,1.2323921918869019,87.830382220041,91.6430189618234,87.24152308520739,90.42536926269533
2020-04-24,89.02806813195782,90.62499029864792,87.3712716638473,88.439208984375,44627087,1.235223650932312,89.02806813195782,90.62499029864792,87.3712716638473,88.439208984375
2020-04-27,91.80270045125916,91.80270045125916,88.66874618659755,90.88446807861328,49340336,1.2366595268249512,91.80270045125916,91.80270045125916,88.66874618659755,90.88446807861328
2020-04-28,91.10405809238674,99.04871441036669,91.00425236366948,97.57157135009766,89985993,1.2422668933868408,91.10405809238674,99.04871441036669,91.00425236366948,97.57157135009766
2020-04-29,98.80918446702918,112.512724208728,97.61150042845613,109.96763610839844,165145769,1.2435646057128906,98.80918446702918,112.512724208728,97.61150042845613,109.96763610839844
2020-04-30,111.78410960680522,114.39906205496644,105.17686752982952,105.69586944580078,141310957,1.2471472024917603,111.78410960680522,114.39906205496644,105.17686752982952,105.69586944580078
2020-05-01,102.801454991064,104.77764165106366,101.55186946962944,102.54195404052734,48948301,1.2581465244293213,102.801454991064,104.77764165106366,101.55186946962944,102.54195404052734
2020-05-04,99.30821590421068,101.80339720833658,98.50975484101478,99.48786926269533,60557969,1.2454230785369873,99.30821590421068,101.80339720833658,98.50975484101478,99.48786926269533
2020-05-05,101.80339581836876,104.23869517464588,100.04678607213498,103.20069885253906,55451254,1.244555115699768,101.80339581836876,104.23869517464588,100.04678607213498,103.20069885253906
2020-05-06,103.00105865479168,104.02807438479594,100.52584360683004,100.6655731201172,62793019,1.2444202899932861,103.00105865479168,104.02807438479594,100.52584360683004,100.6655731201172
2020-05-07,101.08477017120282,106.11505591714692,100.2064692116334,105.21678924560548,50540060,1.232559323310852,101.08477017120282,106.11505591714692,100.2064692116334,105.21678924560548
2020-05-11,107.43253125451568,108.49048574623862,101.94313209760097,102.4022445678711,70014920,1.2417423725128174,107.43253125451568,108.49048574623862,101.94313209760097,102.4022445678711
2020-05-12,103.16078511438351,104.5580882850313,101.22452182299914,101.80340576171876,43251895,1.2333498001098633,103.16078511438351,104.5580882850313,101.22452182299914,101.80340576171876
2020-05-13,99.80725289881566,100.88517305764826,97.8210906982422,97.8210906982422,63054163,1.2254902124404907,99.80725289881566,100.88517305764826,97.8210906982422,97.8210906982422
2020-05-14,95.29594745623288,98.32010533550002,91.68292295475594,96.95274353027344,61997276,1.224155068397522,95.29594745623288,98.32010533550002,91.68292295475594,96.95274353027344
2020-05-15,97.67136696997176,100.90511945679408,95.94469834458376,97.26215362548828,45747626,1.2233912944793701,97.67136696997176,100.90511945679408,95.94469834458376,97.26215362548828
2020-05-18,99.0387365315276,105.15691815383862,98.86905842106692,104.99722290039062,49098546,1.2085760831832886,99.0387365315276,105.15691815383862,98.86905842106692,104.99722290039062
2020-05-19,107.37263820440803,108.03136207530297,102.41121928343716,104.51815032958984,49855725,1.2200031280517578,107.37263820440803,108.03136207530297,102.41121928343716,104.51815032958984
2020-05-20,103.67976765054206,106.5741793981266,101.20455213644917,106.51429748535156,39082367,1.2255953550338745,103.67976765054206,106.5741793981266,101.20455213644917,106.51429748535156
2020-05-21,104.1987742123479,105.65396415162496,102.98112450088384,103.71969604492188,49566772,1.2236906290054321,104.1987742123479,105.65396415162496,102.98112450088384,103.71969604492188
2020-05-22,102.10282298521034,106.39453030045492,100.40609511339716,102.94120025634766,46027977,1.2223445177078247,102.10282298521034,106.39453030045492,100.40609511339716,102.94120025634766
2020-05-26,107.41255481992933,110.6063834656695,106.38553898668678,110.56645965576172,81042993,1.220137119293213,107.41255481992933,110.6063834656695,106.38553898668678,110.56645965576172
2020-05-27,112.52268096763196,121.16599166227594,110.88384778198116,119.60899353027344,110243263,1.23350191116333,112.52268096763196,121.16599166227594,110.88384778198116,119.60899353027344
2020-05-28,121.28575077833572,124.69217377973898,118.17176986436064,122.38363647460938,88919715,1.2264822721481323,121.28575077833572,124.69217377973898,118.17176986436064,122.38363647460938
2020-05-29,119.20976903111358,123.04236336436328,114.69847755149353,115.01786041259766,128278561,1.2321492433547974,119.20976903111358,123.04236336436328,114.69847755149353,115.01786041259766
2020-06-01,117.27351142792098,120.56715351815495,116.57486376741724,120.54718780517578,49810343,1.2347996234893799,117.27351142792098,120.56715351815495,116.57486376741724,120.54718780517578
2020-06-02,121.2857640019085,123.04237369277854,119.01015997368688,119.26966094970705,67513905,1.248704433441162,121.2857640019085,123.04237369277854,119.01015997368688,119.26966094970705
2020-06-03,121.82471952051094,125.07843780517578,120.06811750968424,125.07843780517578,75304789,1.2581465244293213,121.82471952051094,125.07843780517578,120.06811750968424,125.07843780517578
2020-06-04,124.49955573976789,125.12235349912096,120.36753639071314,123.28190612792967,82742905,1.2575136423110962,124.49955573976789,125.12235349912096,120.36753639071314,123.28190612792967
2020-06-05,126.15637332181448,132.46419160717073,124.29995774787736,131.146728515625,120165390,1.2609069347381592,126.15637332181448,132.46419160717073,124.29995774787736,131.146728515625
2020-06-08,130.24846216763945,134.46032936566354,128.78229950289094,131.54595947265625,76619331,1.2725722789764404,130.24846216763945,134.46032936566354,128.78229950289094,131.54595947265625
2020-06-09,131.48605977867717,132.20467310491543,124.31989222796096,125.03850555419922,91790897,1.2735283374786377,131.48605977867717,132.20467310491543,124.31989222796096,125.03850555419922
2020-06-10,126.03658257258282,130.02887220802577,123.12221296623466,123.76097869873048,61592626,1.2711325883865356,126.03658257258282,130.02887220802577,123.12221296623466,123.76097869873048
2020-06-11,118.9702290469406,120.52722719527084,113.7802555250085,114.77832794189452,76691563,1.2710679769515991,118.9702290469406,120.52722719527084,113.7802555250085,114.77832794189452
2020-06-12,112.283142961274,121.16598868292571,111.784106770335,116.8343505859375,69936980,1.257703423500061,112.283142961274,121.16598868292571,111.784106770335,116.8343505859375
2020-06-15,111.98372151681288,118.59096362178153,112.80214058959972,115.87620544433594,45669811,1.2508755922317505,111.98372151681288,118.59096362178153,112.80214058959972,115.87620544433594
2020-06-16,121.225870073226,126.23619767315586,118.93030817348884,122.44351959228516,73561276,1.2637752294540405,121.225870073226,126.23619767315586,118.93030817348884,122.44351959228516
2020-06-17,122.66310639516068,124.04044364348768,118.13185653005638,119.14988708496094,52763860,1.258510708808899,122.66310639516068,124.04044364348768,118.13185653005638,119.14988708496094
2020-06-18,118.63089307728292,120.76676753021243,116.82438436332473,118.41131591796876,58057406,1.2552721500396729,118.63089307728292,120.76676753021243,116.82438436332473,118.41131591796876
2020-06-19,119.88845467060288,120.40744894753986,116.33531188964844,116.33531188964844,95260381,1.2426837682724,119.88845467060288,120.40744894753986,116.33531188964844,116.33531188964844
2020-06-22,115.61671122171256,118.27158764586004,114.35914539261088,115.0777587890625,76213234,1.234811782836914,115.61671122171256,118.27158764586004,114.35914539261088,115.0777587890625
2020-06-23,115.8362901409822,118.7506675835552,114.9779471949399,116.67467498779295,41982797,1.250156283378601,115.8362901409822,118.7506675835552,114.9779471949399,116.67467498779295
2020-06-24,115.93610092717029,117.67274488022868,111.62442057802345,111.6443862915039,44141039,1.2524893283843994,115.93610092717029,117.67274488022868,111.62442057802345,111.6443862915039
2020-06-25,110.78605097142676,113.54073328985628,109.48855363489476,112.4029312133789,68711572,1.2412954568862915,110.78605097142676,113.54073328985628,109.48855363489476,112.4029312133789
2020-06-26,114.01979343614272,115.1775611218232,110.76608276367188,110.76608276367188,34718153,1.2425447702407837,114.01979343614272,115.1775611218232,110.76608276367188,110.76608276367188
2020-06-29,110.78604325873364,115.13763980131482,109.88777652018456,114.279296875,49161840,1.2342174053192139,110.78604325873364,115.13763980131482,109.88777652018456,114.279296875
2020-06-30,114.89808756185936,115.72249169932688,112.34301725930044,114.19943237304688,37348805,1.2310571670532227,114.89808756185936,115.72249169932688,112.34301725930044,114.19943237304688
2020-07-01,114.99789834113297,115.85624117844196,112.1593787875336,113.32113647460938,28248870,1.2389271259307861,114.99789834113297,115.85624117844196,112.1593787875336,113.32113647460938
2020-07-02,114.83820755464863,119.3095752433805,113.68044753384176,117.67273712158205,49917085,1.2464786767959595,114.83820755464863,119.3095752433805,113.68044753384176,117.67273712158205
2020-07-03,117.67274654635996,118.15181707103372,114.01979762595124,115.4969482421875,32838722,1.2466403245925903,117.67274654635996,118.15181707103372,114.01979762595124,115.4969482421875
2020-07-06,116.7744887622859,127.75328685104782,115.71653429225124,117.07391357421876,33569883,1.247551679611206,116.7744887622859,127.75328685104782,115.71653429225124,117.07391357421876
2020-07-07,115.87621296339516,117.06292412254992,114.4389937756615,114.73841094970705,30825878,1.249547004699707,115.87621296339516,117.06292412254992,114.4389937756615,114.73841094970705
2020-07-08,113.78026623785556,115.47698646043924,113.68046050970752,114.17949676513672,22682955,1.2542802095413208,113.78026623785556,115.47698646043924,113.68046050970752,114.17949676513672
2020-07-09,115.47698297664569,115.7764077667455,111.4447768553506,111.74419403076172,30987302,1.2613521814346313,115.47698297664569,115.7764077667455,111.4447768553506,111.74419403076172
2020-07-10,111.40485546372038,117.83243720145012,110.78604777091914,117.53302001953124,34170193,1.2605094909667969,111.40485546372038,117.83243720145012,110.78604777091914,117.53302001953124
2020-07-13,120.98634805027532,121.40952676406,116.4750561463837,119.3295440673828,50200490,1.2627506256103516,120.98634805027532,121.40952676406,116.4750561463837,119.3295440673828
2020-07-14,118.05200851219594,119.9683057942636,116.23551695248187,119.1299285888672,42241323,1.255177617073059,118.05200851219594,119.9683057942636,116.23551695248187,119.1299285888672
2020-07-15,119.26965425208408,121.16599337400883,117.79250371925232,120.068115234375,60019172,1.25692880153656,119.26965425208408,121.16599337400883,117.79250371925232,120.068115234375
2020-07-16,119.58904821380568,121.0661988836414,117.85240417314272,118.3514404296875,33585809,1.2591001987457275,119.58904821380568,121.0661988836414,117.85240417314272,118.3514404296875
2020-07-17,117.5330308883101,118.53110348304682,114.99792558391606,116.17565155029295,39498898,1.2559500932693481,117.5330308883101,118.53110348304682,114.99792558391606,116.17565155029295
2020-07-20,115.25740784123656,117.09385746175788,114.51882875870275,115.99597930908205,25627739,1.2571184635162354,115.25740784123656,117.09385746175788,114.51882875870275,115.99597930908205
2020-07-21,117.11381642415031,120.4723356664542,115.29732488840936,116.41516876220705,37541275,1.266175389289856,117.11381642415031,120.4723356664542,115.29732488840936,116.41516876220705
2020-07-22,116.51499015467422,118.05202283237092,114.75838790704036,117.19367980957033,43476755,1.2730745077133179,116.51499015467422,118.05202283237092,114.75838790704036,117.19367980957033
2020-07-23,117.77255966319557,117.93225492456936,116.19560322323078,116.23552703857422,28397331,1.2729934453964233,117.77255966319557,117.93225492456936,116.19560322323078,116.23552703857422
2020-07-24,114.87813587587796,115.81632640254251,113.38102722167967,113.38102722167967,33818949,1.2730745077133179,114.87813587587796,115.81632640254251,113.38102722167967,113.38102722167967
2020-07-27,113.60062089308714,152.525459176458,110.66628506751668,110.78605651855467,30918441,1.2795906066894531,113.60062089308714,152.525459176458,110.66628506751668,110.78605651855467
2020-07-28,110.78604336437064,112.442847307573,110.16723569618264,111.6443862915039,36861631,1.2889753580093384,110.78604336437064,112.442847307573,110.16723569618264,111.6443862915039
2020-07-29,112.66239962596072,113.2482736764158,103.7995202533116,104.81755065917967,84847529,1.292373776435852,112.66239962596072,113.2482736764158,103.7995202533116,104.81755065917967
2020-07-30,104.79760604464867,105.15691273169112,98.52971234909032,100.5857391357422,59871200,1.298246145248413,104.79760604464867,105.15691273169112,98.52971234909032,100.5857391357422
2020-07-31,101.48400906898372,103.65980735848848,100.0467822752738,100.3661651611328,70172778,1.311785101890564,101.48400906898372,103.65980735848848,100.0467822752738,100.3661651611328
2020-08-03,100.52586502902778,103.8793892919348,99.40802106982912,103.61988830566406,40276909,1.3101695775985718,100.52586502902778,103.8793892919348,99.40802106982912,103.61988830566406
2020-08-04,104.3185353154956,105.85556789349071,103.4402342486508,105.09703826904295,102952484,1.3078734874725342,104.3185353154956,105.85556789349071,103.4402342486508,105.09703826904295
2020-08-05,105.79568133892964,107.39259576073049,105.11699175782822,107.13309478759766,39314509,1.3086093664169312,105.79568133892964,107.39259576073049,105.11699175782822,107.13309478759766
2020-08-06,106.2148778581297,106.7338798430523,104.15885086283954,105.63599395751952,26960922,1.3126804828643799,106.2148778581297,106.7338798430523,104.15885086283954,105.63599395751952
2020-08-07,104.9573098835616,105.37649851453732,102.81145244210632,104.39838409423828,44275008,1.3138015270233154,104.9573098835616,105.37649851453732,102.81145244210632,104.39838409423828
2020-08-10,106.05518344255722,107.27283308175008,105.13695097738132,106.4344482421875,25747440,1.3052273988723755,106.05518344255722,107.27283308175008,105.13695097738132,106.4344482421875
2020-08-11,106.81371698758674,112.0236567236404,106.67398744494604,111.54458618164062,39001421,1.3077194690704346,106.81371698758674,112.0236567236404,106.67398744494604,111.54458618164062
2020-08-12,112.083540974709,112.72230674375702,110.9457389726742,111.28507995605467,29669867,1.3050740957260132,112.083540974709,112.72230674375702,110.9457389726742,111.28507995605467
2020-08-13,110.28701491614372,111.46474080988104,107.8716812133789,107.8716812133789,21609203,1.3048017024993896,110.28701491614372,111.46474080988104,107.8716812133789,107.8716812133789
2020-08-14,108.11122369486132,109.229067747813,105.33658308604706,108.9895248413086,31089405,1.3070528507232666,108.11122369486132,109.229067747813,105.33658308604706,108.9895248413086
2020-08-17,108.4505545957122,110.64631090994595,107.71197551019075,107.73194122314452,24990890,1.3107001781463623,108.4505545957122,110.64631090994595,107.71197551019075,107.73194122314452
2020-08-18,107.09319422775812,110.46667691232967,106.31469119468188,107.91161346435548,25067936,1.3107877969741821,107.09319422775812,110.46667691232967,106.31469119468188,107.91161346435548
2020-08-19,107.2927793732736,109.9875717163086,106.85362509541775,109.9875717163086,18545911,1.325398564338684,107.2927793732736,109.9875717163086,106.85362509541775,109.9875717163086
2020-08-20,107.77186538650275,108.31081780300111,106.33463863667134,107.37263488769533,24819348,1.311079978942871,107.77186538650275,108.31081780300111,106.33463863667134,107.37263488769533
2020-08-21,107.19297480818878,108.19104718514645,105.93540148110952,107.79181671142578,34233555,1.3220343589782715,107.19297480818878,108.19104718514645,105.93540148110952,107.79181671142578
2020-08-24,108.53039098003686,110.18719482421876,105.9753280648233,110.18719482421876,26568183,1.3094146251678467,108.53039098003686,110.18719482421876,105.9753280648233,110.18719482421876
2020-08-25,110.82595011628314,112.24321096768088,108.7878866438524,108.92961120605467,28228370,1.307138204574585,110.82595011628314,112.24321096768088,108.7878866438524,108.92961120605467
2020-08-26,109.16915670884023,110.5265357862195,108.05132049077838,110.18719482421876,27591235,1.3152183294296265,109.16915670884023,110.5265357862195,108.05132049077838,110.18719482421876
2020-08-27,109.54842433344344,111.61343628934516,109.46857671714189,110.32691955566406,20808450,1.3219819068908691,109.54842433344344,111.61343628934516,109.46857671714189,110.32691955566406
2020-08-28,111.06550443926568,112.57758363842348,110.3868148477696,111.74419403076172,37493134,1.3199577331542969,111.06550443926568,112.57758363842348,110.3868148477696,111.74419403076172
2020-09-01,110.20715337589834,110.9457324398045,105.65594563575006,105.69586944580078,60998790,1.3364516496658325,110.20715337589834,110.9457324398045,105.65594563575006,105.69586944580078
2020-09-02,105.83561172530028,107.21294907190284,102.9811236875982,103.30050659179688,47192541,1.339943766593933,105.83561172530028,107.21294907190284,102.9811236875982,103.30050659179688
2020-09-03,104.05903203679586,108.09124550393383,103.7456343137787,105.35652160644533,29996389,1.335131287574768,104.05903203679586,108.09124550393383,103.7456343137787,105.35652160644533
2020-09-04,104.83753105997243,108.37070844667474,104.73772533791184,106.67398071289062,30751373,1.3262248039245605,104.83753105997243,108.37070844667474,104.73772533791184,106.67398071289062
2020-09-07,107.392579971893,108.4904579995532,106.05516671985124,106.73385620117188,14729583,1.3245735168457031,107.392579971893,108.4904579995532,106.05516671985124,106.73385620117188
2020-09-08,106.77379495766064,107.81178361354426,103.40030517462893,104.07899475097656,36782017,1.3162224292755127,106.77379495766064,107.81178361354426,103.40030517462893,104.07899475097656
2020-09-09,102.82140324280992,104.67781829833984,102.16267949567616,104.67781829833984,43584298,1.2968486547470093,102.82140324280992,104.67781829833984,102.16267949567616,104.67781829833984
2020-09-10,103.59993186531038,106.09511319525824,102.36231644308008,104.83753967285156,29812789,1.2999167442321777,103.59993186531038,106.09511319525824,102.36231644308008,104.83753967285156
2020-09-11,104.77763136715664,104.77763136715664,102.38624646688751,102.42218017578124,21647791,1.2808295488357544,104.77763136715664,104.77763136715664,102.38624646688751,102.42218017578124
2020-09-14,103.20069566381764,103.69973190240992,102.003004122383,103.42027282714844,17394692,1.2806557416915894,103.20069566381764,103.69973190240992,102.003004122383,103.42027282714844
2020-09-15,103.02104544193074,103.38035215380388,102.02297293443624,102.4421615600586,28600393,1.2849671840667725,103.02104544193074,103.38035215380388,102.02297293443624,102.4421615600586
2020-09-16,102.2026175249704,103.20068994686524,100.3462022110709,102.76153564453124,27509156,1.2884771823883057,102.2026175249704,103.20068994686524,100.3462022110709,102.76153564453124
2020-09-17,100.88518205129128,101.1247173474894,98.80918917840133,100.34622192382812,46856482,1.2959998846054077,100.88518205129128,101.1247173474894,98.80918917840133,100.34622192382812
2020-09-18,99.46790364341294,100.00685606343546,97.23221588134766,97.23221588134766,73544325,1.2975554466247559,99.46790364341294,100.00685606343546,97.23221588134766,97.23221588134766
2020-09-21,95.8548792126726,96.48366211620268,88.72864251391124,91.98236083984376,78895072,1.2932761907577515,95.8548792126726,96.48366211620268,88.72864251391124,91.98236083984376
2020-09-22,92.57121220932063,93.92859124010944,91.2238160343328,91.79271697998048,40473692,1.2820513248443604,92.57121220932063,93.92859124010944,91.2238160343328,91.79271697998048
2020-09-23,93.01038158393132,96.01457441912709,92.068200871166,92.72093963623048,40643007,1.2744048833847046,93.01038158393132,96.01457441912709,92.068200871166,92.72093963623048
2020-09-24,90.5950284991983,94.86678477232986,90.5650875455148,92.69098663330078,43704705,1.2717468738555908,90.5950284991983,94.86678477232986,90.5650875455148,92.69098663330078
2020-09-25,94.05833699500472,94.44758460590158,90.95433134884608,91.37352752685548,33180100,1.2757054567337036,94.05833699500472,94.44758460590158,90.95433134884608,91.37352752685548
2020-09-28,93.31977034588247,98.25025048855768,92.73091127896414,97.81109619140624,48500179,1.2766826152801514,93.31977034588247,98.25025048855768,92.73091127896414,97.81109619140624
2020-09-29,96.92280100569953,98.09054376126524,96.1243401252327,97.06253051757812,38484870,1.2873492240905762,96.92280100569953,98.09054376126524,96.1243401252327,97.06253051757812
2020-09-30,96.39383871027393,99.34813223814452,95.66424494967876,97.4218521118164,41223431,1.2866535186767578,96.39383871027393,99.34813223814452,95.66424494967876,97.4218521118164
2020-10-01,98.64947336085368,99.71741814977888,96.71321806321583,97.81109619140624,39991603,1.2917560338974,98.64947336085368,99.71741814977888,96.71321806321583,97.81109619140624
2020-10-02,97.29209983642026,98.11051889086522,96.30400268867156,97.52165222167967,35973115,1.2886265516281128,97.29209983642026,98.11051889086522,96.30400268867156,97.52165222167967
2020-10-05,99.50781124184472,100.4859255050653,97.89093889211448,99.25829315185548,80935616,1.2931090593338013,99.50781124184472,100.4859255050653,97.89093889211448,99.25829315185548
2020-10-06,100.68555230448575,103.97919464111328,99.62759787809624,103.97919464111328,61172964,1.2992581129074097,100.68555230448575,103.97919464111328,99.62759787809624,103.97919464111328
2020-10-07,103.63984484926677,107.2528700441914,103.22065622637017,104.29857635498048,72284882,1.2883278131484985,103.63984484926677,107.2528700441914,103.22065622637017,104.29857635498048
2020-10-08,105.23676594063988,107.57125439146934,104.2187277350824,106.89356231689452,36922959,1.2917560338974,105.23676594063988,107.57125439146934,104.2187277350824,106.89356231689452
2020-10-09,107.73192779209124,108.78988200609272,106.33462503237824,107.0731964111328,50394313,1.29404616355896,107.73192779209124,108.78988200609272,106.33462503237824,107.0731964111328
2020-10-12,107.07322085153396,107.79183429854116,105.21680531832838,105.63599395751952,29455602,1.3031693696975708,107.07322085153396,107.79183429854116,105.21680531832838,105.63599395751952
2020-10-13,106.23482879250004,106.23482879250004,101.5239258417244,101.90319061279295,55347707,1.3065747022628784,106.23482879250004,106.23482879250004,101.5239258417244,101.90319061279295
2020-10-14,101.64369359128214,103.4801508397384,100.6256630533784,101.34427642822266,32678409,1.2935272455215454,101.64369359128214,103.4801508397384,100.6256630533784,101.34427642822266
2020-10-15,100.30627434622257,100.57575053877956,97.79113529516805,99.92700958251952,36727928,1.3012362718582153,100.30627434622257,100.57575053877956,97.79113529516805,99.92700958251952
2020-10-16,101.0049330673153,102.4421598913971,98.80917663246927,101.6037826538086,37486411,1.2902060747146606,101.0049330673153,102.4421598913971,98.80917663246927,101.6037826538086
2020-10-19,102.3024312716007,103.879387649459,100.92509396259788,103.16077423095705,22865749,1.2927746772766113,102.3024312716007,103.879387649459,100.92509396259788,103.16077423095705
2020-10-20,102.14273253895958,104.99722040155336,102.14273253895958,104.1189193725586,28477306,1.2948671579360962,102.14273253895958,104.99722040155336,102.14273253895958,104.1189193725586
2020-10-21,104.71775172283202,105.79567171500052,102.44214792693492,102.5219955444336,37940575,1.2954038381576538,104.71775172283202,105.79567171500052,102.44214792693492,102.5219955444336
2020-10-22,101.18458309847377,104.71776051522274,100.46597732471322,104.07899475097656,31440511,1.3131976127624512,101.18458309847377,104.71776051522274,100.46597732471322,104.07899475097656
2020-10-23,108.29084850234658,113.08159876307198,106.33462763671189,111.32498931884766,97495567,1.307805061340332,108.29084850234658,113.08159876307198,106.33462763671189,111.32498931884766
2020-10-26,110.32693440307104,114.15952912506894,106.33464442697884,110.30696868896484,52191345,1.3054660558700562,110.32693440307104,114.15952912506894,106.33464442697884,110.30696868896484
2020-10-27,112.4029241452826,112.78218894202983,106.39452362060548,106.39452362060548,52849727,1.301574945449829,112.4029241452826,112.78218894202983,106.39452362060548,106.39452362060548
2020-10-28,104.25865370796711,106.3745701750647,100.96501898660522,103.59992980957033,62752208,1.303186297416687,104.25865370796711,106.3745701750647,100.96501898660522,103.59992980957033
2020-10-29,104.23869005258824,106.59414166495652,101.88323844022,104.45826721191406,44813216,1.2989881038665771,104.23869005258824,106.59414166495652,101.88323844022,104.45826721191406
2020-10-30,104.01912801923405,107.49241641732864,103.79955082797836,106.3546142578125,37873402,1.2931926250457764,104.01912801923405,107.49241641732864,103.79955082797836,106.3546142578125
2020-11-02,106.81370585741944,106.9334772877835,104.4203332159468,106.83367156982422,44537297,1.2926744222640991,106.81370585741944,106.9334772877835,104.4203332159468,106.83367156982422
2020-11-03,108.01141019575698,113.54073291449872,108.01141019575698,113.1415023803711,57652142,1.2923903465270996,108.01141019575698,113.54073291449872,108.01141019575698,113.1415023803711
2020-11-04,111.62442121832451,112.82211274929836,108.31082092760086,110.167236328125,49682057,1.3121638298034668,111.62442121832451,112.82211274929836,108.31082092760086,110.167236328125
2020-11-05,110.46664900034617,112.03661487171637,106.5542071805332,109.9476547241211,53515927,1.2966804504394531,110.46664900034617,112.03661487171637,106.5542071805332,109.9476547241211
2020-11-06,110.84593723593,113.18143101038892,109.7879827479684,110.7261734008789,68836974,1.3139395713806152,110.84593723593,113.18143101038892,109.7879827479684,110.7261734008789
2020-11-09,111.8240471948808,129.37015648824237,111.4447823747013,128.292236328125,138499150,1.318061351776123,111.8240471948808,129.37015648824237,111.4447823747013,128.292236328125
2020-11-10,128.8910599493739,135.73783673503678,127.3739933598566,134.1409149169922,144498633,1.3169677257537842,128.8910599493739,135.73783673503678,127.3739933598566,134.1409149169922
2020-11-11,133.8215622300682,136.85569592013044,131.2066171612356,135.2587890625,92506383,1.3261544704437256,133.8215622300682,136.85569592013044,131.2066171612356,135.2587890625
2020-11-12,133.22269457009602,133.7017802688431,129.39010035637338,132.1048583984375,68867988,1.3224189281463623,133.22269457009602,133.7017802688431,129.39010035637338,132.1048583984375
2020-11-13,130.96706239339966,135.43842251009352,129.43002235900792,133.90139770507812,45650523,1.3121638298034668,130.96706239339966,135.43842251009352,129.43002235900792,133.90139770507812
2020-11-16,135.85760554171844,138.6122950177705,135.27872174210427,138.51248168945312,71349413,1.3220518827438354,135.85760554171844,138.6122950177705,135.27872174210427,138.51248168945312
2020-11-17,139.61036729391174,139.61036729391174,134.73577918273108,138.13320922851562,79501678,1.322209119796753,139.61036729391174,139.61036729391174,134.73577918273108,138.13320922851562
2020-11-18,137.29483589018662,141.90592547062616,135.5581996738528,141.32705688476562,52441640,1.3259083032608032,137.29483589018662,141.90592547062616,135.5581996738528,141.32705688476562
2020-11-19,135.83765824583804,139.63032114084956,135.83765824583804,138.67218017578125,37442579,1.325644612312317,135.83765824583804,139.63032114084956,135.83765824583804,138.67218017578125
2020-11-20,137.91360376289114,139.33087963198207,137.1351086964173,137.49441528320312,30600035,1.3249244689941406,137.91360376289114,139.33087963198207,137.1351086964173,137.49441528320312
2020-11-23,139.01153890611664,140.58849531001087,137.97355018968622,139.9297637939453,63641880,1.3305126428604126,139.01153890611664,140.58849531001087,137.97355018968622,139.9297637939453
2020-11-24,141.72628576380347,149.9703585939674,141.047603818134,149.9104766845703,78845811,1.332906723022461,141.72628576380347,149.9703585939674,141.047603818134,149.9104766845703
2020-11-25,152.20602994596004,152.20602994596004,141.44681147370383,143.12356567382812,72137852,1.3363267183303833,152.20602994596004,152.20602994596004,141.44681147370383,143.12356567382812
2020-11-26,142.96390795177444,143.3431651393491,137.59427311967295,140.82803344726562,34544240,1.3385447263717651,142.96390795177444,143.3431651393491,137.59427311967295,140.82803344726562
2020-11-27,138.73207338394658,140.4487592513643,137.4545418402,139.23110961914062,77855252,1.3354523181915283,138.73207338394658,140.4487592513643,137.4545418402,139.23110961914062
2020-11-30,139.77004563436356,139.77004563436356,134.3006134033203,134.3006134033203,66657521,1.333191156387329,139.77004563436356,139.77004563436356,134.3006134033203,134.3006134033203
2020-12-01,134.63996221888615,143.20342533703595,133.34248026744416,142.96389770507812,51536659,1.3336889743804932,134.63996221888615,143.20342533703595,133.34248026744416,142.96389770507812
2020-12-02,142.50476890914922,146.65675354003906,141.36696703936815,146.65675354003906,46385964,1.3422638177871704,142.50476890914922,146.65675354003906,141.36696703936815,146.65675354003906
2020-12-03,145.71858790874472,148.27365112304688,144.32129247260386,148.27365112304688,42251461,1.3370771408081055,145.71858790874472,148.27365112304688,144.32129247260386,148.27365112304688
2020-12-04,147.41527143163842,149.9104521099985,146.75654007750154,148.33349609375,92767366,1.345496654510498,147.41527143163842,149.9104521099985,146.75654007750154,148.33349609375
2020-12-07,148.71278160974703,148.9323587472524,142.76426364443188,145.97805786132812,201179938,1.3417415618896484,148.71278160974703,148.9323587472524,142.76426364443188,145.97805786132812
2020-12-08,144.50090950491096,146.97612459828844,143.45891566572604,146.07786560058594,37242394,1.3357375860214233,144.50090950491096,146.97612459828844,143.45891566572604,146.07786560058594
2020-12-09,147.11586777673014,149.21182593852015,145.49899533895734,145.61875915527344,31964551,1.3365589380264282,147.11586777673014,149.21182593852015,145.49899533895734,145.61875915527344
2020-12-10,145.11973874546376,145.5189768922714,137.73001807030914,141.48675537109375,143650430,1.3367018699645996,145.11973874546376,145.5189768922714,137.73001807030914,141.48675537109375
2020-12-11,141.48673917595104,142.68443824990243,134.0411275354359,135.7977294921875,82366916,1.3305658102035522,141.48673917595104,142.68443824990243,134.0411275354359,135.7977294921875
2020-12-14,138.27294269458056,144.78037896442666,138.21306078767074,142.08558654785156,60342841,1.3318239450454712,138.27294269458056,144.78037896442666,138.21306078767074,142.08558654785156
2020-12-15,141.40691339765718,144.99998071574922,140.34895891771305,144.4210968017578,48178265,1.3330844640731812,141.40691339765718,144.99998071574922,140.34895891771305,144.4210968017578
2020-12-16,144.72048850135937,149.27169590994347,143.36310951727506,143.92202758789062,41004979,1.3444474935531616,144.72048850135937,149.27169590994347,143.36310951727506,143.92202758789062
2020-12-17,144.70055750331085,147.63489330734876,143.22341435812905,145.2594757080078,39062373,1.3502929210662842,144.70055750331085,147.63489330734876,143.22341435812905,145.2594757080078
2020-12-18,144.54085903045046,145.49900005076017,142.46486651394355,144.7205047607422,61091622,1.3570178747177124,144.54085903045046,145.49900005076017,142.46486651394355,144.7205047607422
2020-12-21,139.7301356774936,145.49899291782862,135.20187865060993,140.98770141601562,62377629,1.3401951789855957,139.7301356774936,145.49899291782862,135.20187865060993,140.98770141601562
2020-12-22,141.10749915710392,146.3972713823128,140.7481924371484,145.69862365722656,59502325,1.3449536561965942,141.10749915710392,146.3972713823128,140.7481924371484,145.69862365722656
2020-12-23,145.2794160408462,151.93756225710607,144.64065031431343,151.52735900878906,82164262,1.339943766593933,145.2794160408462,151.93756225710607,144.64065031431343,151.52735900878906
2020-12-24,154.40180005732404,157.9419600008148,153.0324506694013,154.302001953125,32838786,1.3505300283432007,154.40180005732404,157.9419600008148,153.0324506694013,154.302001953125
2020-12-29,154.70123979706463,155.59351382310797,148.51319325105766,148.9922637939453,54336596,1.3466018438339233,154.70123979706463,155.59351382310797,148.51319325105766,148.9922637939453
2020-12-30,149.351547087863,152.7889085335418,148.41335663435447,148.593017578125,22973899,1.3499903678894043,149.351547087863,152.7889085335418,148.41335663435447,148.593017578125
2020-12-31,145.03989863439512,148.58104867057523,144.33426066717337,146.3972625732422,16230212,1.36306631565094,145.03989863439512,148.58104867057523,144.33426066717337,146.3972625732422
2021-01-04,146.73663163603894,148.77269295197058,142.14549178078363,143.24337768554688,45934459,1.3684196472167969,146.73663163603894,148.77269295197058,142.14549178078363,143.24337768554688
2021-01-05,140.38886824448286,144.26137882272425,138.64722154051492,142.92396545410156,36696545,1.3571596145629883,140.38886824448286,144.26137882272425,138.64722154051492,142.92396545410156
2021-01-06,145.71856705556044,155.75917273241467,145.13968324932145,154.7411346435547,88207450,1.3629549741744995,145.71856705556044,155.75917273241467,145.13968324932145,154.7411346435547
2021-01-07,156.7772328556855,157.69545774413868,150.71394535855072,155.81907653808594,60453467,1.3625277280807495,156.7772328556855,157.69545774413868,150.71394535855072,155.81907653808594
2021-01-08,157.03670704211734,157.89504991136334,152.28089268706202,152.62522888183594,35279721,1.3569625616073608,157.03670704211734,157.89504991136334,152.28089268706202,152.62522888183594
2021-01-11,152.1062533724571,154.18224614280115,149.75080150123776,150.9085693359375,97258483,1.3516253232955933,152.1062533724571,154.18224614280115,149.75080150123776,150.9085693359375
2021-01-12,150.64904611804906,154.5614879849117,150.64904611804906,153.94268798828125,27671875,1.3524113893508911,150.64904611804906,154.5614879849117,150.64904611804906,153.94268798828125
2021-01-13,154.70120975677173,154.70120975677173,151.5273470860554,152.06629943847656,45710699,1.3670539855957031,154.70120975677173,154.70120975677173,151.5273470860554,152.06629943847656
2021-01-14,152.6451704825237,154.5015854539664,152.06628675708737,152.56532287597656,29064530,1.364926815032959,152.6451704825237,154.5015854539664,152.06628675708737,152.56532287597656
2021-01-15,151.58721741776472,153.84285520849974,146.51700858651736,148.51315307617188,44861784,1.3683634996414185,151.58721741776472,153.84285520849974,146.51700858651736,148.51315307617188
2021-01-18,148.13391623040164,151.1680651098576,147.59496379003087,151.02833557128906,18232370,1.357533574104309,148.13391623040164,151.1680651098576,147.59496379003087,151.02833557128906
2021-01-19,152.8847135593121,152.98452688495007,145.35925482509316,146.576904296875,39908739,1.3581236600875854,152.8847135593121,152.98452688495007,145.35925482509316,146.576904296875
2021-01-20,145.71855815713215,152.70506437014535,143.75734971095773,146.03794860839844,34274687,1.3644241094589233,145.71855815713215,152.70506437014535,143.75734971095773,146.03794860839844
2021-01-21,146.01799791036555,147.0160703291249,143.6825121055191,144.52088928222656,20750000,1.3668484687805176,146.01799791036555,147.0160703291249,143.6825121055191,144.52088928222656
2021-01-22,143.32316241914398,144.06172604060689,141.68632475271352,142.78419494628906,52565137,1.3729474544525146,143.32316241914398,144.06172604060689,141.68632475271352,142.78419494628906
2021-01-25,143.72242534632736,145.37922918245334,136.3167299789237,136.85568237304688,41080426,1.3688204288482666,143.72242534632736,145.37922918245334,136.3167299789237,136.85568237304688
2021-01-26,136.53633826649587,140.46874684917063,136.496406833008,139.17124938964844,43534642,1.3678992986679077,136.53633826649587,140.46874684917063,136.496406833008,139.17124938964844
2021-01-27,137.17506168832867,138.87178158139264,132.74361816404698,134.0610809326172,71178352,1.374154806137085,137.17506168832867,138.87178158139264,132.74361816404698,134.0610809326172
2021-01-28,132.54402916523972,136.8756600987286,129.92906889636592,136.31674194335938,51994502,1.3669419288635254,132.54402916523972,136.8756600987286,129.92906889636592,136.31674194335938
2021-01-29,134.81961749204288,135.57814701024515,132.4042841855131,133.28257751464844,35497911,1.3725008964538574,134.81961749204288,135.57814701024515,132.4042841855131,133.28257751464844
2021-02-01,134.93938479647716,136.9754610113065,132.82347619187615,134.580078125,29645822,1.3697690963745117,134.93938479647716,136.9754610113065,132.82347619187615,134.580078125
2021-02-02,136.03726441638395,140.46870808921798,135.41844920311064,139.90977478027344,34967416,1.3678767681121826,136.03726441638395,140.46870808921798,135.41844920311064,139.90977478027344
2021-02-03,141.8660133314179,145.11972394175308,139.09137321900363,141.52667236328125,44305349,1.3659336566925049,141.8660133314179,145.11972394175308,139.09137321900363,141.52667236328125
2021-02-04,142.08560204809422,147.255610300325,139.8299636752898,145.49900817871094,55719232,1.364908218383789,142.08560204809422,147.255610300325,139.8299636752898,145.49900817871094
2021-02-05,148.63295371137775,148.8126146792507,145.11973427459668,146.9362335205078,61896323,1.3676148653030396,148.63295371137775,148.8126146792507,145.11973427459668,146.9362335205078
2021-02-08,147.15580828919315,149.43141231598463,146.39726346067778,147.1957244873047,43942144,1.3738716840744019,147.15580828919315,149.43141231598463,146.39726346067778,147.1957244873047
2021-02-09,146.95617845009565,148.29359174544268,145.938140387807,147.415283203125,22036215,1.374570369720459,146.95617845009565,148.29359174544268,145.938140387807,147.415283203125
2021-02-10,146.71661240814038,148.67284060783976,145.97005331107255,147.39529418945312,30458652,1.3817994594573975,146.71661240814038,148.67284060783976,145.97005331107255,147.39529418945312
2021-02-11,145.7185660962393,147.53506512069006,144.0617623061223,145.67864990234375,23145752,1.3832597732543945,145.7185660962393,147.53506512069006,144.0617623061223,145.67864990234375
2021-02-12,144.04181814252362,146.99610396041408,143.702461947334,145.61875915527344,29981925,1.381024718284607,144.04181814252362,146.99610396041408,143.702461947334,145.61875915527344
2021-02-15,148.05407579629886,154.60142917192712,147.75465099071306,153.6632537841797,109807959,1.3871549367904663,148.05407579629886,154.60142917192712,147.75465099071306,153.6632537841797
2021-02-16,154.44175078752642,156.17838726555695,152.27892015489292,155.26016235351562,38397229,1.3914785385131836,154.44175078752642,156.17838726555695,152.27892015489292,155.26016235351562
2021-02-17,155.2601380418244,156.4378713774323,152.58531135550908,154.0624542236328,33211246,1.388811707496643,155.2601380418244,156.4378713774323,152.58531135550908,154.0624542236328
2021-02-18,151.2279697535007,154.94080116997742,144.8003795544522,147.21571350097656,91617217,1.3866355419158936,151.2279697535007,154.94080116997742,144.8003795544522,147.21571350097656
2021-02-19,148.15386816511617,154.18322384499308,145.31934622956618,153.34384155273438,60807468,1.3967455625534058,148.15386816511617,154.18322384499308,145.31934622956618,153.34384155273438
2021-02-22,151.8267871555086,154.4267770401672,148.8645055956931,153.96266174316406,30215704,1.403114914894104,151.8267871555086,154.4267770401672,148.8645055956931,153.96266174316406
2021-02-23,154.00258563294872,159.6915956832905,153.1043112696038,158.8731689453125,68232394,1.4071228504180908,154.00258563294872,159.6915956832905,153.1043112696038,158.8731689453125
2021-02-24,158.27433668924078,164.94145358696062,157.27924916103711,164.2627716064453,83564176,1.412030577659607,158.27433668924078,164.94145358696062,157.27924916103711,164.2627716064453
2021-02-25,164.3924973630095,165.49044972379988,162.07683678884322,162.2365264892578,53517314,1.4148274660110474,164.3924973630095,165.49044972379988,162.07683678884322,162.2365264892578
2021-02-26,158.8428998053948,164.41248429178128,157.465471263405,159.3020477294922,81184844,1.4008152484893799,158.8428998053948,164.41248429178128,157.465471263405,159.3020477294922
2021-03-01,161.69752868896413,163.9732704669034,159.98073889433638,161.03875732421875,47114977,1.3972529172897339,161.69752868896413,163.9732704669034,159.98073889433638,161.03875732421875
2021-03-02,160.38002646158856,163.7337544387019,159.44179409854698,161.9171600341797,31296043,1.3929517269134521,160.38002646158856,163.7337544387019,159.44179409854698,161.9171600341797
2021-03-03,163.4742225710623,170.02197265625,111.61822318008522,170.02197265625,86451554,1.3954981565475464,163.4742225710623,170.02197265625,111.61822318008522,170.02197265625
2021-03-04,170.6208543800868,170.8603965483746,165.31077960529757,166.34884643554688,43262872,1.3926994800567627,170.6208543800868,170.8603965483746,165.31077960529757,166.34884643554688
2021-03-05,165.74999002624529,175.8510927264764,164.35260969509594,171.2596893310547,92300565,1.3894098997116089,165.74999002624529,175.8510927264764,164.35260969509594,171.2596893310547
2021-03-08,173.15614618793123,177.84736926088328,172.78783174118217,177.58786010742188,84993372,1.385367751121521,173.15614618793123,177.84736926088328,172.78783174118217,177.58786010742188
2021-03-09,175.45184326171875,176.6695669187923,171.49924453081044,175.45184326171875,98181786,1.3823610544204712,175.45184326171875,176.6695669187923,171.49924453081044,175.45184326171875
2021-03-10,172.876646130877,176.27030773558013,172.17795602206527,173.67515563964844,42147591,1.3890432119369507,172.876646130877,176.27030773558013,172.17795602206527,173.67515563964844
2021-03-11,172.93652880344084,174.01451433781406,170.24157258265862,173.93466186523438,101975567,1.3931456804275513,172.93652880344084,174.01451433781406,170.24157258265862,173.93466186523438
2021-03-12,175.69138150279915,180.38260373238975,174.31395303752856,180.2628326416016,83424067,1.3989927768707275,175.69138150279915,180.38260373238975,174.31395303752856,180.2628326416016
2021-03-15,181.0014543276184,182.1992110123369,177.847350047961,179.9434356689453,45420351,1.3929517269134521,181.0014543276184,182.1992110123369,177.847350047961,179.9434356689453
2021-03-16,181.66021423832908,185.46708904296017,181.04137662396096,182.6783142089844,74878061,1.3899120092391968,181.66021423832908,185.46708904296017,181.04137662396096,182.6783142089844
2021-03-17,182.1193621513256,184.43502289672267,179.74380062975567,180.9814910888672,85698077,1.3902212381362915,182.1193621513256,184.43502289672267,179.74380062975567,180.9814910888672
2021-03-18,182.27905844753727,184.59473450687904,179.69389742204098,183.4568634033203,47424759,1.3975849151611328,182.27905844753727,184.59473450687904,179.69389742204098,183.4568634033203
2021-03-19,179.84358388795954,210.05707192188905,177.2484474099994,182.2590789794922,133130758,1.3925055265426636,179.84358388795954,210.05707192188905,177.2484474099994,182.2590789794922
2021-03-22,179.5640977091283,185.15364788844624,177.9670942509653,180.62213134765625,102678713,1.3832597732543945,179.5640977091283,185.15364788844624,177.9670942509653,180.62213134765625
2021-03-23,178.12685455221478,182.75819191245284,177.36826358568632,180.7419586181641,111007236,1.3862512111663818,178.12685455221478,182.75819191245284,177.36826358568632,180.7419586181641
2021-03-24,178.94530335684357,186.23167813092425,177.60780864012344,183.87608337402344,93725377,1.3730417490005493,178.94530335684357,186.23167813092425,177.60780864012344,183.87608337402344
2021-03-25,182.4587557900487,183.7762837216147,178.90540396120485,181.70016479492188,73354309,1.3688879013061523,182.4587557900487,183.7762837216147,178.90540396120485,181.70016479492188
2021-03-26,183.9359511243829,184.75442750873415,182.3588991301436,182.6184234619141,73107263,1.374910593032837,183.9359511243829,184.75442750873415,182.3588991301436,182.6184234619141
2021-03-29,180.46244216486372,184.7045072437073,178.58594732687922,180.04322814941406,55454794,1.3791011571884155,180.46244216486372,184.7045072437073,178.58594732687922,180.04322814941406
2021-03-30,182.6184404447972,189.98465243748507,182.0255399957925,188.78689575195312,69548927,1.3775053024291992,182.6184404447972,189.98465243748507,182.0255399957925,188.78689575195312
2021-03-31,187.72886223688064,189.26598040278665,185.5728912353516,185.5728912353516,73896216,1.3746649026870728,187.72886223688064,189.26598040278665,185.5728912353516,185.5728912353516
2021-04-01,185.73262828982652,189.68522724575672,183.51677136017017,183.6565093994141,97180484,1.3786258697509766,185.73262828982652,189.68522724575672,183.51677136017017,183.6565093994141
2021-04-06,184.65463197318965,189.2859691604943,184.65463197318965,185.23355102539065,79645742,1.3914011716842651,184.65463197318965,189.2859691604943,184.65463197318965,185.23355102539065
2021-04-07,186.41132221009136,189.6452787624223,185.6926651984623,187.0102081298828,58139462,1.383125901222229,186.41132221009136,189.6452787624223,185.6926651984623,187.0102081298828
2021-04-08,188.64714353887516,189.86486705950784,185.83240107076628,187.6290435791016,55098830,1.3743815422058105,188.64714353887516,189.86486705950784,185.83240107076628,187.6290435791016
2021-04-09,188.7869131704113,188.7869131704113,183.5646856199049,185.35333251953125,69012903,1.373437762260437,188.7869131704113,188.7869131704113,183.5646856199049,185.35333251953125
2021-04-12,184.4150425387105,189.80496972904896,183.65646696242607,187.72885131835935,78525247,1.3712154626846313,184.4150425387105,189.80496972904896,183.65646696242607,187.72885131835935
2021-04-13,186.810598788861,189.84491677873373,186.27159837395357,186.4712371826172,66672523,1.3753834962844849,186.810598788861,189.84491677873373,186.27159837395357,186.4712371826172
2021-04-14,181.79999564076024,189.12629028610627,164.791811191883,187.22984313964844,63661849,1.3759700059890747,181.79999564076024,189.12629028610627,164.791811191883,187.22984313964844
2021-04-15,188.52739336383965,189.8249542685276,184.27533641733507,184.29530334472656,58142184,1.3779228925704956,188.52739336383965,189.8249542685276,184.27533641733507,184.29530334472656
2021-04-16,185.07383776714036,189.74510859976328,184.65462369233995,188.82681274414065,62082613,1.3785498142242432,185.07383776714036,189.74510859976328,184.65462369233995,188.82681274414065
2021-04-19,187.70891582813735,189.4057391196843,181.66023143798483,187.32962036132807,41800957,1.3818453550338745,187.70891582813735,189.4057391196843,181.66023143798483,187.32962036132807
2021-04-20,188.20794447129583,188.9655300522491,179.66392895346783,181.4605712890625,57315982,1.3993842601776123,188.20794447129583,188.9655300522491,179.66392895346783,181.4605712890625
2021-04-21,180.8816722305333,185.2335329303137,178.74566811639303,180.40257263183597,62965545,1.3938837051391602,180.8816722305333,185.2335329303137,178.74566811639303,180.40257263183597
2021-04-22,180.5622520077086,182.91784647604496,179.84359503565338,181.9796142578125,42056630,1.3931845426559448,180.5622520077086,182.91784647604496,179.84359503565338,181.9796142578125
2021-04-23,180.40256832731183,182.0993914228665,178.0270068553545,181.64024353027344,83291209,1.3840255737304688,180.40256832731183,182.0993914228665,178.0270068553545,181.64024353027344
2021-04-26,182.0395305933419,186.21171989156983,180.0432642733546,185.7326202392578,40721434,1.3866355419158936,182.0395305933419,186.21171989156983,180.0432642733546,185.7326202392578
2021-04-27,185.27346294097623,187.30966301364748,183.9559351559853,186.15182495117188,52370374,1.3895643949508667,185.27346294097623,187.30966301364748,183.9559351559853,186.15182495117188
2021-04-28,187.7488436875278,189.7451099033216,185.8124630213594,188.60723876953125,68836515,1.390356421470642,187.7488436875278,189.7451099033216,185.8124630213594,188.60723876953125
2021-04-29,189.4257097520402,190.2242193255346,186.91040992613904,188.36769104003903,54782804,1.395673394203186,189.4257097520402,190.2242193255346,186.91040992613904,188.36769104003903
2021-04-30,178.6658292156339,180.14306197483145,174.29400125833658,175.17236328125,147740583,1.3952839374542236,178.6658292156339,180.14306197483145,174.29400125833658,175.17236328125
2021-05-04,177.16860100916938,179.14490001228052,169.34324223113504,170.58091735839844,89771624,1.3903758525848389,177.16860100916938,179.14490001228052,169.34324223113504,170.58091735839844
2021-05-05,173.55539485463902,176.56974596463434,172.94254269205098,176.4300079345703,58059189,1.388811707496643,173.55539485463902,176.56974596463434,172.94254269205098,176.4300079345703
2021-05-06,176.68952618622012,177.4680687882623,174.912850481016,176.76937866210938,73071388,1.3909753561019897,176.68952618622012,177.4680687882623,174.912850481016,176.76937866210938
2021-05-07,178.86542234712445,182.55851123161565,178.11982300061246,181.2010498046875,60271635,1.389854073524475,178.86542234712445,182.55851123161565,178.11982300061246,181.2010498046875
2021-05-10,182.8180754482595,185.85239358996304,182.5385993785093,185.11378479003903,62984368,1.4041197299957275,182.8180754482595,185.85239358996304,182.5385993785093,185.11378479003903
2021-05-11,181.64023950992976,184.0956533971346,178.81552128553804,179.6639404296875,44109066,1.4131278991699219,181.64023950992976,184.0956533971346,178.81552128553804,179.6639404296875
2021-05-12,179.86360398657064,182.798118103086,178.42628970661988,181.1212615966797,36776980,1.4138271808624268,179.86360398657064,182.798118103086,178.42628970661988,181.1212615966797
2021-05-13,177.86729431152344,178.96524668362875,173.87476238430494,177.86729431152344,48908907,1.4063708782196045,177.86729431152344,178.96524668362875,173.87476238430494,177.86729431152344
2021-05-14,181.97961089445977,181.97961089445977,178.84545873907174,180.3626251220703,35198377,1.4050863981246948,181.97961089445977,181.97961089445977,178.84545873907174,180.3626251220703
2021-05-17,181.04137753807248,181.99957673739664,177.8074209721747,178.88540649414062,29206075,1.4101786613464355,181.04137753807248,181.99957673739664,177.8074209721747,178.88540649414062
2021-05-18,181.32085735178745,182.0594660770102,178.00704824518158,179.9234619140625,33884356,1.4148674011230469,181.32085735178745,182.0594660770102,178.00704824518158,179.9234619140625
2021-05-19,177.44810036048514,180.65211429586196,174.93280069731193,177.74754333496094,32876459,1.41880202293396,177.44810036048514,180.65211429586196,174.93280069731193,177.74754333496094
2021-05-20,180.4025791717346,180.66208829079048,177.0887700207176,178.54605102539062,28753461,1.4106162786483765,180.4025791717346,180.66208829079048,177.0887700207176,178.54605102539062
2021-05-21,178.5460529914712,179.6639571847015,176.4100487763763,178.685791015625,32681504,1.4185603857040405,178.5460529914712,179.6639571847015,176.4100487763763,178.685791015625
2021-05-24,179.7637421619352,180.64208876114188,177.82736189068726,179.34451293945312,18683315,1.4142870903015137,179.7637421619352,180.64208876114188,177.82736189068726,179.34451293945312
2021-05-25,179.98334956465763,181.28091027821165,178.60592115330232,179.3046112060547,26189150,1.415608525276184,179.98334956465763,181.28091027821165,178.60592115330232,179.3046112060547
2021-05-26,178.50610943665157,179.23774266166018,174.79305330488617,178.92532348632812,40727970,1.4143872261047363,178.50610943665157,179.23774266166018,174.79305330488617,178.92532348632812
2021-05-27,178.4062941009561,183.77623916991453,178.22662224502858,183.3570251464844,60136371,1.4116119146347046,178.4062941009561,183.77623916991453,178.22662224502858,183.3570251464844
2021-05-28,184.654610112535,184.95405306688588,182.3589011029135,182.75816345214844,33343363,1.4203739166259766,184.654610112535,184.95405306688588,182.3589011029135,182.75816345214844
2021-06-01,184.65463197318965,186.45127468169213,183.75631823409,185.23355102539065,28035436,1.4226775169372559,184.65463197318965,186.45127468169213,183.75631823409,185.23355102539065
2021-06-02,185.8124429237539,186.2516238805748,183.8560955425428,186.0919189453125,24455974,1.4157087802886963,185.8124429237539,186.2516238805748,183.8560955425428,186.0919189453125
2021-06-03,186.91039179589416,186.91039179589416,183.67645042087292,185.9921112060547,20995195,1.4171934127807617,186.91039179589416,186.91039179589416,183.67645042087292,185.9921112060547
2021-06-04,185.55292720592183,186.65087964891848,183.19733260755768,183.61656188964844,17250609,1.4109944105148315,185.55292720592183,186.65087964891848,183.19733260755768,183.61656188964844
2021-06-07,184.19545818047968,187.6789478534689,183.6764399833044,186.6309051513672,31081962,1.4164307117462158,184.19545818047968,187.6789478534689,183.6764399833044,186.6309051513672
2021-06-08,185.91228369141007,187.8286976009942,184.0557553367656,184.81434631347656,49034615,1.41765558719635,185.91228369141007,187.8286976009942,184.0557553367656,184.81434631347656
2021-06-09,184.17552423667567,184.41506643375055,179.40444922776908,180.16302490234372,31636423,1.414987564086914,184.17552423667567,184.41506643375055,179.40444922776908,180.16302490234372
2021-06-10,180.50238368311943,181.700140340698,178.6059369111453,178.7257080078125,30700316,1.4112334251403809,180.50238368311943,181.700140340698,178.6059369111453,178.7257080078125
2021-06-11,178.40632768155533,180.6621031551692,178.1068846855137,180.06321716308594,24749966,1.4170126914978027,178.40632768155533,180.6621031551692,178.1068846855137,180.06321716308594
2021-06-14,181.2609838216031,182.1393306258007,178.82553652979902,179.06507873535156,21613049,1.411930799484253,181.2609838216031,182.1393306258007,178.82553652979902,179.06507873535156
2021-06-15,179.1049969836319,179.164882529802,176.74940237569936,178.88540649414062,38862480,1.4109944105148315,179.1049969836319,179.164882529802,176.74940237569936,178.88540649414062
2021-06-16,179.52419645928993,181.3607574674457,175.0525650215148,176.789306640625,32392516,1.4081531763076782,179.52419645928993,181.3607574674457,175.0525650215148,176.789306640625
2021-06-17,177.96714203944137,181.5604122079122,177.44810854177334,178.48617553710938,45179342,1.3990709781646729,177.96714203944137,181.5604122079122,177.44810854177334,178.48617553710938
2021-06-18,176.76934549736092,177.4480685696266,171.40936138239385,171.53912353515625,104144773,1.3938642740249634,176.76934549736092,177.4480685696266,171.40936138239385,171.53912353515625
2021-06-21,169.6227274126639,173.1361598983726,167.656404149975,172.61712646484375,38740763,1.381711721420288,169.6227274126639,173.1361598983726,167.656404149975,172.61712646484375
2021-06-22,173.51542559170844,173.95460651951748,171.09994571905858,172.2178497314453,22908500,1.392540454864502,173.51542559170844,173.95460651951748,171.09994571905858,172.2178497314453
2021-06-23,172.25778075551355,174.07437474587906,172.24780490924493,172.4773712158203,19772874,1.3949919939041138,172.25778075551355,174.07437474587906,172.24780490924493,172.4773712158203
2021-06-24,172.87664521381635,174.8529444340579,172.05818401363638,174.07440185546875,23417109,1.3967455625534058,172.87664521381635,174.8529444340579,172.05818401363638,174.07440185546875
2021-06-25,175.71133694660705,176.29025594827078,173.17608567892273,174.51358032226562,18840303,1.3916915655136108,175.71133694660705,176.29025594827078,173.17608567892273,174.51358032226562
2021-06-28,174.51357709901106,174.81302005714116,171.1997833251953,171.1997833251953,20576150,1.389506459236145,174.51357709901106,174.81302005714116,171.1997833251953,171.1997833251953
2021-06-29,171.8585479340691,176.6695567330509,171.49923464315984,172.87664794921875,24909381,1.3879058361053467,171.8585479340691,176.6695567330509,171.49923464315984,172.87664794921875
2021-06-30,173.35575549695773,174.2341175290529,169.0039096514392,170.800537109375,30481846,1.3842746019363403,173.35575549695773,174.2341175290529,169.0039096514392,170.800537109375
2021-07-01,172.61713785820723,175.8710462267708,172.61713785820723,174.9727325439453,34588336,1.3829153776168823,172.61713785820723,175.8710462267708,172.61713785820723,174.9727325439453
2021-07-02,176.01081999797438,176.84924830294116,171.77874461272958,172.0382537841797,21799362,1.3759511709213257,176.01081999797438,176.84924830294116,171.77874461272958,172.0382537841797
2021-07-05,172.25778918296842,177.9571198926081,171.99828009459145,177.36822509765625,22592068,1.383125901222229,172.25778918296842,177.9571198926081,171.99828009459145,177.36822509765625
2021-07-06,177.5279431449982,177.74753363227353,170.08186396352968,171.1997833251953,40959552,1.3856172561645508,177.5279431449982,177.74753363227353,170.08186396352968,171.1997833251953
2021-07-07,171.1997970633978,173.6102818476603,170.10184453891426,172.17796325683594,28770363,1.3805670738220215,171.1997970633978,173.6102818476603,170.10184453891426,172.17796325683594
2021-07-08,170.56099853361738,170.56099853361738,164.91156121662203,167.32704162597656,41982501,1.3801099061965942,170.56099853361738,170.56099853361738,164.91156121662203,167.32704162597656
2021-07-09,168.28523859281316,217.2237008946082,167.1872861439264,173.03634643554688,38170667,1.3790820837020874,168.28523859281316,217.2237008946082,167.1872861439264,173.03634643554688
2021-07-12,172.7369140933708,173.19606202666918,168.24531508501542,172.39755249023438,26113468,1.3899506330490112,172.7369140933708,173.19606202666918,168.24531508501542,172.39755249023438
2021-07-13,174.9926922829712,176.2183964909876,169.48299362510443,169.6826171875,38505222,1.3886960744857788,174.9926922829712,176.2183964909876,169.48299362510443,169.6826171875
2021-07-14,169.22344877710538,173.29583292367505,168.70443062384138,170.38128662109375,38592489,1.3806052207946777,169.22344877710538,173.29583292367505,168.70443062384138,170.38128662109375
2021-07-15,170.94026441865984,170.94026441865984,167.8260941078832,168.80426025390625,31990226,1.385809302330017,170.94026441865984,170.94026441865984,167.8260941078832,168.80426025390625
2021-07-16,170.1816777842194,170.50108765717414,163.93337063997694,165.1111602783203,35153358,1.3829728364944458,170.1816777842194,170.50108765717414,163.93337063997694,165.1111602783203
2021-07-19,162.53600077946817,163.72877722105972,156.61707842716677,159.0225830078125,42659558,1.3763866424560547,162.53600077946817,163.72877722105972,156.61707842716677,159.0225830078125
2021-07-20,160.10055776382328,162.6757432245541,156.86661597198292,161.35821533203125,44276931,1.3669979572296143,160.10055776382328,162.6757432245541,156.86661597198292,161.35821533203125
2021-07-21,161.2983117915616,167.56658631442755,160.91901634753205,166.88784790039062,27027116,1.3633265495300293,161.2983117915616,167.56658631442755,160.91901634753205,166.88784790039062
2021-07-22,168.10555565716328,169.98104534450073,164.53223774001538,165.0113525390625,25686515,1.3714035749435425,168.10555565716328,169.98104534450073,164.53223774001538,165.0113525390625
2021-07-23,166.20912793591452,168.24531275685936,165.2109948367587,166.80799865722656,18625582,1.377389669418335,166.20912793591452,168.24531275685936,165.2109948367587,166.80799865722656
2021-07-26,164.89156784192858,169.6227237244075,162.89530185054855,169.1236572265625,22089394,1.3757808208465576,164.89156784192858,169.6227237244075,162.89530185054855,169.1236572265625
2021-07-27,169.0437995557088,169.82234204995757,166.16917174291305,169.0637664794922,21220583,1.3829153776168823,169.0437995557088,169.82234204995757,166.16917174291305,169.0637664794922
2021-07-28,175.03262164371316,178.30649700485765,172.1579934318585,172.43746948242188,53572257,1.3882719278335571,175.03262164371316,178.30649700485765,172.1579934318585,172.43746948242188
2021-07-29,173.81490298644852,177.408188353546,173.81490298644852,175.89102172851562,32079518,1.3906852006912231,173.81490298644852,177.408188353546,173.81490298644852,175.89102172851562
2021-07-30,175.09252081133482,176.96901606561156,173.81491155787518,174.1742401123047,27799937,1.3964334726333618,175.09252081133482,176.96901606561156,173.81491155787518,174.1742401123047
2021-08-02,176.52982399240932,178.88541876188577,175.13244371827193,175.5716094970703,30112526,1.3896223306655884,176.52982399240932,178.88541876188577,175.13244371827193,175.5716094970703
2021-08-03,176.17048447866395,178.18671751735184,174.09436589343215,176.03074645996094,25957326,1.3892748355865479,176.17048447866395,178.18671751735184,174.09436589343215,176.03074645996094
2021-08-04,177.78744653135968,178.86543200775765,176.07065653898155,178.506103515625,44421678,1.391788363456726,177.78744653135968,178.86543200775765,176.07065653898155,178.506103515625
2021-08-05,176.8093206514633,179.50427734009716,176.03077794653143,179.38450622558594,29177262,1.3890432119369507,176.8093206514633,179.50427734009716,176.03077794653143,179.38450622558594
2021-08-06,179.04509484341074,183.0575783679405,178.60192356646385,182.3189697265625,43064760,1.3927576541900635,179.04509484341074,183.0575783679405,178.60192356646385,182.3189697265625
2021-08-09,182.8579617470036,184.47494755647256,181.79994320852063,184.0357666015625,24985030,1.3868471384048462,182.8579617470036,184.47494755647256,181.79994320852063,184.0357666015625
2021-08-10,184.61469098647584,185.45311907211791,183.19732868845549,185.03390502929688,23847919,1.3849073648452759,184.61469098647584,185.45311907211791,183.19732868845549,185.03390502929688
2021-08-11,185.35331541738515,186.85051508187175,183.8072112513252,186.15182495117188,21471281,1.3836042881011963,185.35331541738515,186.85051508187175,183.8072112513252,186.15182495117188
2021-08-12,184.1752825497035,186.0320095846852,180.8411645592104,183.93569946289065,33481678,1.3866932392120361,184.1752825497035,186.0320095846852,180.8411645592104,183.93569946289065
2021-08-13,184.23517282462703,185.83236292487115,184.17528086145632,184.77423095703125,22421190,1.3811582326889038,184.23517282462703,185.83236292487115,184.17528086145632,184.77423095703125
2021-08-16,182.67794453465157,184.4747798223631,180.32209720897097,182.59808349609372,49644007,1.3863856792449951,182.67794453465157,184.4747798223631,180.32209720897097,182.59808349609372
2021-08-17,181.65970891136035,183.27686805106,180.04256500359418,181.8992919921875,43163979,1.3842746019363403,181.65970891136035,183.27686805106,180.04256500359418,181.8992919921875
2021-08-18,181.67970478926887,182.57811481907893,178.82473739044585,182.07899475097656,176161271,1.3740416765213013,181.67970478926887,182.57811481907893,178.82473739044585,182.07899475097656
2021-08-19,178.50531349271702,180.9809448352564,177.5270271647021,178.5851593017578,40544150,1.3743815422058105,178.50531349271702,180.9809448352564,177.5270271647021,178.5851593017578
2021-08-20,178.8846258771008,179.80300495668826,176.60863962944163,179.00442504882812,27386058,1.3630849123001099,178.8846258771008,179.80300495668826,176.60863962944163,179.00442504882812
2021-08-23,181.3602514155408,182.77776574100056,179.2040644072118,180.28216552734372,18508495,1.3625277280807495,181.3602514155408,182.77776574100056,179.2040644072118,180.28216552734372
2021-08-24,181.81947472908965,181.81947472908965,178.72792461753983,181.5000457763672,29212706,1.37247633934021,181.81947472908965,181.81947472908965,178.72792461753983,181.5000457763672
2021-08-25,182.078995006264,185.20349151118515,180.541711896405,184.81417846679688,24880568,1.3725517988204956,182.078995006264,185.20349151118515,180.541711896405,184.81417846679688
2021-08-26,183.3567381064244,185.70260848345225,182.877587113306,184.21522521972656,38524901,1.3766520023345947,183.3567381064244,185.70260848345225,182.877587113306,184.21522521972656
2021-08-27,183.57635704143345,185.4730224609375,183.05728313170192,185.4730224609375,29684420,1.3702384233474731,183.57635704143345,185.4730224609375,183.05728313170192,185.4730224609375
2021-08-31,182.67793489902212,185.31328810468145,179.02437254537733,184.5745849609375,65512687,1.376045823097229,182.67793489902212,185.31328810468145,179.02437254537733,184.5745849609375
2021-09-01,185.49299294419788,186.45129496327272,183.0173463923933,183.65621948242188,38587321,1.3753398656845093,185.49299294419788,186.45129496327272,183.0173463923933,183.65621948242188
2021-09-02,183.07723836137384,185.43308573680065,182.77477780899383,185.1535797119141,22671065,1.3771638870239258,183.07723836137384,185.43308573680065,182.77477780899383,185.1535797119141
2021-09-03,185.1535650054593,186.5311411843644,183.9956180937328,184.37493896484372,24072521,1.383680820465088,185.1535650054593,186.5311411843644,183.9956180937328,184.37493896484372
2021-09-06,184.834117919984,186.4911999385707,184.155306814567,185.2733459472656,11792101,1.3859245777130127,184.834117919984,186.4911999385707,184.155306814567,185.2733459472656
2021-09-07,184.25514638547045,186.1717654133685,183.6561962752812,185.05374145507807,18954116,1.3839489221572876,184.25514638547045,186.1717654133685,183.6561962752812,185.05374145507807
2021-09-08,183.29682293542237,183.91574208979316,181.08072892884127,182.09893798828125,49061492,1.3779798746109009,183.29682293542237,183.91574208979316,181.08072892884127,182.09893798828125
2021-09-09,179.0643187085605,183.0492824471368,177.9862175444528,181.420166015625,35584853,1.3767657279968262,179.0643187085605,183.0492824471368,177.9862175444528,181.420166015625
2021-09-10,183.01734577764145,183.3956766017796,179.62333535425324,179.94276428222656,30709605,1.3839681148529053,183.01734577764145,183.3956766017796,179.62333535425324,179.94276428222656
2021-09-13,182.23871202606628,184.2950842153488,181.00090403823,183.81593322753903,1549882,1.3840830326080322,182.23871202606628,184.2950842153488,181.00090403823,183.81593322753903
2021-09-14,182.83766102088467,183.97565412964803,180.28216879292023,180.6215667724609,27875505,1.3838149309158325,182.83766102088467,183.97565412964803,180.28216879292023,180.6215667724609
2021-09-15,179.94279283893468,182.17885661735232,178.82476856569505,179.5435028076172,49605732,1.381024718284607,179.94279283893468,182.17885661735232,178.82476856569505,179.5435028076172
2021-09-16,179.68321851379727,183.2768889768473,179.52849251640964,182.3784637451172,28606806,1.3848881721496582,179.68321851379727,183.2768889768473,179.52849251640964,182.3784637451172
2021-09-17,182.67797408177117,184.57462455050063,180.88113850343169,182.39846801757807,74010939,1.3797005414962769,182.67797408177117,184.57462455050063,180.88113850343169,182.39846801757807
2021-09-20,178.68498904833814,179.40172780011034,174.29273842707522,174.61216735839844,47433772,1.3729662895202637,178.68498904833814,179.40172780011034,174.29273842707522,174.61216735839844
2021-09-21,176.16939701809747,177.94626306089705,173.9533029230222,174.71197509765625,39211822,1.366269588470459,176.16939701809747,177.94626306089705,173.9533029230222,174.71197509765625
2021-09-22,176.0496444872294,181.3403206599104,176.0496444872294,180.90109252929688,26876550,1.3657469749450684,176.0496444872294,181.3403206599104,176.0496444872294,180.90109252929688
2021-09-23,182.5381907507364,184.41488706904383,181.5199815533637,183.63626098632807,39115752,1.3617113828659058,182.5381907507364,184.41488706904383,181.5199815533637,183.63626098632807
2021-09-24,182.2386948373773,185.0736928264302,181.38020781455887,183.4166259765625,29868089,1.3722503185272217,182.2386948373773,185.0736928264302,181.38020781455887,183.4166259765625
2021-09-27,184.63449477690708,187.90872107179047,184.2950815681459,187.44952392578125,43652049,1.3669044971466064,184.63449477690708,187.90872107179047,184.2950815681459,187.44952392578125
2021-09-28,187.26982664640724,188.1682365371002,185.2134394894272,185.99208068847656,33952073,1.3701633214950562,187.26982664640724,188.1682365371002,185.2134394894272,185.99208068847656
2021-09-29,185.6726577742385,188.2680881154696,185.4310792843156,187.44952392578125,26829823,1.354224443435669,185.6726577742385,188.2680881154696,185.4310792843156,187.44952392578125
2021-09-30,188.66737675832184,191.04319304357176,188.1083647457772,189.26632690429688,53202366,1.3426424264907837,188.66737675832184,191.04319304357176,188.1083647457772,189.26632690429688
2021-10-01,186.43132286926212,188.12834329104808,184.2351976099304,187.5493621826172,33784479,1.346982717514038,186.43132286926212,188.12834329104808,184.2351976099304,187.5493621826172
2021-10-04,187.7090506244898,190.3843418552165,185.09366659105328,186.9503936767578,23906512,1.3570915460586548,187.7090506244898,190.3843418552165,185.09366659105328,186.9503936767578
2021-10-05,187.42956369017463,194.59693583461467,186.8445964288797,194.25753784179688,42464706,1.3607479333877563,187.42956369017463,194.59693583461467,186.8445964288797,194.25753784179688
2021-10-06,194.11779405829623,194.43722299850376,153.50937520663908,191.56228637695312,36957945,1.3627691268920898,194.11779405829623,194.43722299850376,153.50937520663908,191.56228637695312
2021-10-07,194.3573345100096,194.75663966880325,191.5423054922023,193.39903259277344,40405972,1.3592127561569214,194.3573345100096,194.75663966880325,191.5423054922023,193.39903259277344
2021-10-08,193.5787203588501,195.41547850611207,193.03967740134712,194.8165435791016,31711544,1.3620266914367676,193.5787203588501,195.41547850611207,193.03967740134712,194.8165435791016
2021-10-11,195.096029161913,198.2704250688865,194.1976040175731,197.3320770263672,30434461,1.361655831336975,195.096029161913,198.2704250688865,194.1976040175731,197.3320770263672
2021-10-12,195.11602278892275,197.5317620791209,192.78012930513464,197.1125030517578,20730008,1.3590649366378784,195.11602278892275,197.5317620791209,192.78012930513464,197.1125030517578
2021-10-13,196.4336821805517,197.7114282673677,191.0631456634461,192.5804748535156,51152842,1.3578838109970093,196.4336821805517,197.7114282673677,191.0631456634461,192.5804748535156
2021-10-14,194.6568114561485,196.0882934276026,193.73343635541832,194.057861328125,40912565,1.366923213005066,194.6568114561485,196.0882934276026,193.73343635541832,194.057861328125
2021-10-15,195.15595354238076,198.51004112814104,194.95630855445356,197.4718780517578,41273237,1.3668859004974365,195.15595354238076,198.51004112814104,194.95630855445356,197.4718780517578
2021-10-18,197.75138627261344,199.94751162802143,197.01268305396704,199.10899353027344,29625968,1.376159429550171,197.75138627261344,199.94751162802143,197.01268305396704,199.10899353027344
2021-10-19,199.06903891577983,199.9275260110642,198.2824313223256,199.1688690185547,22713720,1.373645305633545,199.06903891577983,199.9275260110642,198.2824313223256,199.1688690185547
2021-10-20,199.6280422625228,199.9974014411961,195.67502016809985,198.09075927734372,28212917,1.3793197870254517,199.6280422625228,199.9974014411961,195.67502016809985,198.09075927734372
2021-10-21,199.62806358637695,199.6480326545845,195.65507200149287,196.5534820556641,35093906,1.3822999000549316,199.62806358637695,199.6480326545845,195.65507200149287,196.5534820556641
2021-10-22,197.2722018285833,200.74608831083688,196.3138998714985,198.5100250244141,30111945,1.379120111465454,197.2722018285833,200.74608831083688,196.3138998714985,198.5100250244141
2021-10-25,199.6280290901924,203.53614718395824,198.78552038704095,200.2469482421875,58537731,1.3762730360031128,199.6280290901924,203.53614718395824,198.78552038704095,200.2469482421875
2021-10-26,200.09721451196464,203.06698474659967,199.50825653949505,202.44308471679688,27625285,1.37644362449646,200.09721451196464,203.06698474659967,199.50825653949505,202.44308471679688
2021-10-27,201.3450417909348,202.14363698342945,198.53001239651323,199.10899353027344,28863498,1.3766140937805176,201.3450417909348,202.14363698342945,198.53001239651323,199.10899353027344
2021-10-28,199.6979552499608,202.0438105830727,196.593427615674,198.92930603027344,29834449,1.3732868432998657,199.6979552499608,202.0438105830727,196.593427615674,198.92930603027344
2021-10-29,198.1307187715513,202.64276892587785,196.6832734684682,201.8940887451172,36670928,1.380071759223938,198.1307187715513,202.64276892587785,196.6832734684682,201.8940887451172
2021-11-01,194.51704278370292,202.64271559790825,194.3752944127588,200.4965057373047,60270275,1.36832594871521,194.51704278370292,202.64271559790825,194.3752944127588,200.4965057373047
2021-11-02,200.09723645531489,200.59635653389236,195.1479691893256,198.1107482910156,38218272,1.365541934967041,200.09723645531489,200.59635653389236,195.1479691893256,198.1107482910156
2021-11-03,199.00914694688896,199.8157236072852,197.13245068465451,199.1688690185547,28919283,1.3617392778396606,199.00914694688896,199.8157236072852,197.13245068465451,199.1688690185547
2021-11-04,200.59632901163585,200.69017295640532,190.9034269454332,191.1629638671875,52883516,1.3694878816604614,200.59632901163585,200.69017295640532,190.9034269454332,191.1629638671875
2021-11-05,191.36263165576904,194.26251804185563,190.98331076055464,192.04144287109372,35517830,1.3508602380752563,191.36263165576904,194.26251804185563,190.98331076055464,192.04144287109372
2021-11-08,191.86173526300527,194.177659498776,189.86126438891156,192.101318359375,38706089,1.349127173423767,191.86173526300527,194.177659498776,189.86126438891156,192.101318359375
2021-11-09,190.66387433503803,192.64038562602977,189.4360431788697,189.66563415527344,57571077,1.3564507961273193,190.66387433503803,192.64038562602977,189.4360431788697,189.66563415527344
2021-11-10,190.78364791185143,193.6585843475185,190.0509461180732,192.42076110839844,50491006,1.3560001850128174,190.78364791185143,193.6585843475185,190.0509461180732,192.42076110839844
2021-11-11,193.07961658137603,196.95279341003544,190.078909846978,196.2540283203125,29006199,1.3412736654281616,193.07961658137603,196.95279341003544,190.078909846978,196.2540283203125
2021-11-12,196.2539679517386,196.6732268766065,194.17762715815573,194.9562530517578,35293599,1.3366482257843018,196.2539679517386,196.6732268766065,194.17762715815573,194.9562530517578
2021-11-15,193.03966056898577,197.31212664991187,192.6603244859345,195.6550445556641,24569783,1.341705560684204,193.03966056898577,197.31212664991187,192.6603244859345,195.6550445556641
2021-11-16,196.89286189796275,197.15239881290395,194.3573237833469,195.4354248046875,32695415,1.3408420085906982,196.89286189796275,197.15239881290395,194.3573237833469,195.4354248046875
2021-11-17,195.95451038124847,197.3879723856959,195.25574544427084,195.3555603027344,59331043,1.3424620628356934,195.95451038124847,197.3879723856959,195.25574544427084,195.3555603027344
2021-11-18,195.55525843951511,196.79308183021035,194.3174502807573,194.99624633789065,22030156,1.34916353225708,195.55525843951511,196.79308183021035,194.3174502807573,194.99624633789065
2021-11-19,195.7349475427106,196.61340382568764,188.78718878957932,190.62396240234372,53317815,1.3499648571014404,195.7349475427106,196.61340382568764,188.78718878957932,190.62396240234372
2021-11-22,191.20291241218624,194.97627420802436,190.8834834834844,194.3972930908203,25293180,1.3434540033340454,191.20291241218624,194.97627420802436,190.8834834834844,194.3972930908203
2021-11-23,192.48067806338503,195.3755684812472,191.52236079229476,193.43898010253903,32836092,1.3397642374038696,192.48067806338503,195.3755684812472,191.52236079229476,193.43898010253903
2021-11-24,192.66033206489783,195.255762320204,192.1013200670004,193.0196990966797,44231692,1.337595820426941,192.66033206489783,195.255762320204,192.1013200670004,193.0196990966797
2021-11-25,193.71849175065736,195.53529623513825,192.5206065510109,195.1559600830078,18554255,1.333066701889038,193.71849175065736,195.53529623513825,192.5206065510109,195.1559600830078
2021-11-26,187.05022040566,188.8071173628476,181.3402862548828,181.3402862548828,62762131,1.331416130065918,187.05022040566,188.8071173628476,181.3402862548828,181.3402862548828
2021-11-29,184.07545191650064,186.9903261524195,182.9574279785156,182.9574279785156,37433914,1.334098219871521,184.07545191650064,186.9903261524195,182.9574279785156,182.9574279785156
2021-11-30,180.98093838149157,186.2246845165878,180.18234323213653,183.8957977294922,66480343,1.3315047025680542,180.98093838149157,186.2246845165878,180.18234323213653,183.8957977294922
2021-12-01,185.3931837348524,189.7255428409832,185.27339977694905,189.34620666503903,40928174,1.3295927047729492,185.3931837348524,189.7255428409832,185.27339977694905,189.34620666503903
2021-12-02,185.9721133969941,187.6092263731972,184.23517032890305,186.91046142578125,29733935,1.3280000686645508,185.9721133969941,187.6092263731972,184.23517032890305,186.91046142578125
2021-12-03,188.5276377630302,189.46598595320856,184.5147080434758,186.33151245117188,17798417,1.3299994468688965,188.5276377630302,189.46598595320856,184.5147080434758,186.33151245117188
2021-12-06,186.67088196226103,188.66736198324784,185.8123949439594,186.73077392578125,29634799,1.3237318992614746,186.67088196226103,188.66736198324784,185.8123949439594,186.73077392578125
2021-12-07,185.4330707658291,187.52938101516835,184.87405876118788,186.39138793945312,46886308,1.326435923576355,185.4330707658291,187.52938101516835,184.87405876118788,186.39138793945312
2021-12-08,186.391394401036,187.3097734736316,182.91752308609875,185.5728302001953,72018078,1.3246086835861206,186.391394401036,187.3097734736316,182.91752308609875,185.5728302001953
2021-12-09,185.2733714603295,187.28980552589243,182.0390680038216,182.51821899414065,29267720,1.3210039138793945,185.2733714603295,187.28980552589243,182.0390680038216,182.51821899414065
2021-12-10,181.8793579071658,184.5945724176728,181.67971291738013,182.1788330078125,30767048,1.3224014043807983,181.8793579071658,184.5945724176728,181.67971291738013,182.1788330078125
2021-12-13,182.61803220656677,183.25690521187585,177.48707909869634,177.82647705078125,28555415,1.3257148265838623,182.61803220656677,183.25690521187585,177.48707909869634,177.82647705078125
2021-12-14,179.2839562414101,181.4800817603177,179.06434216632556,179.7631072998047,34426348,1.3213530778884888,179.2839562414101,181.4800817603177,179.06434216632556,179.7631072998047
2021-12-15,179.62333597420488,180.561684157257,176.01968840444664,176.16941833496094,43247637,1.323050618171692,179.62333597420488,180.561684157257,176.01968840444664,176.16941833496094
2021-12-16,178.38550949821575,186.0719555094304,176.16941517474194,181.8194580078125,56900237,1.3263126611709595,178.38550949821575,186.0719555094304,176.16941517474194,181.8194580078125
2021-12-17,180.9609565784554,182.87757566285995,178.774808413326,180.521728515625,74707696,1.3323739767074585,180.9609565784554,182.87757566285995,178.774808413326,180.521728515625
2021-12-20,176.56871609438414,180.18234042989457,176.56871609438414,178.2856903076172,36263625,1.3229438066482544,176.56871609438414,180.18234042989457,176.56871609438414,178.2856903076172
2021-12-21,180.80122642877464,183.93569946289065,180.4019365160204,183.93569946289065,27005362,1.3210004568099976,180.80122642877464,183.93569946289065,180.4019365160204,183.93569946289065
2021-12-22,183.9157644071051,186.4912257335419,183.85585720533507,185.512939453125,34376929,1.3269639015197754,183.9157644071051,186.4912257335419,183.85585720533507,185.512939453125
2021-12-23,187.03026752735852,187.94864660027693,186.6519367192524,187.0701904296875,25626748,1.3352025747299194,187.03026752735852,187.94864660027693,186.6519367192524,187.0701904296875
2021-12-24,187.5693351791881,188.06845529965636,185.91226795550588,187.1101531982422,5005050,1.3406623601913452,187.5693351791881,188.06845529965636,185.91226795550588,187.1101531982422
2021-12-29,189.66563419574769,189.96510929612825,187.3297558302648,188.16827392578125,17383167,1.3433277606964111,189.66563419574769,189.96510929612825,187.3297558302648,188.16827392578125
2021-12-30,187.5293589612048,189.02671889694355,187.4095750405642,187.72900390625,8830898,1.349879264831543,187.5293589612048,189.02671889694355,187.4095750405642,187.72900390625
2021-12-31,187.64918480793705,188.2081968717359,185.99211768508653,186.67091369628903,8016884,1.349837303161621,187.64918480793705,188.2081968717359,185.99211768508653,186.67091369628903
2022-01-04,192.6004493785628,197.1524218458433,189.9650960958249,196.31390380859372,40400336,1.3483266830444336,192.6004493785628,197.1524218458433,189.9650960958249,196.31390380859372
2022-01-05,196.3538467718787,198.84944730337676,195.98949884271957,197.5717010498047,28170350,1.353143334388733,196.3538467718787,198.84944730337676,195.98949884271957,197.5717010498047
2022-01-06,195.9345695314156,200.69817455220996,194.87643744134488,200.09722900390625,29020547,1.3555645942687988,195.9345695314156,200.69817455220996,194.87643744134488,200.09722900390625
2022-01-07,200.6462433567581,204.8887634277344,199.79773324978936,204.8887634277344,40109355,1.353363037109375,200.6462433567581,204.8887634277344,199.79773324978936,204.8887634277344
2022-01-10,206.08665834588112,209.4307686559671,204.6891283478379,207.5341033935547,38889136,1.3592311143875122,206.08665834588112,209.4307686559671,204.6891283478379,207.5341033935547
2022-01-11,208.18298695345095,208.63219197591144,205.73730162500087,206.63571166992188,67439259,1.3580313920974731,208.18298695345095,208.63219197591144,205.73730162500087,206.63571166992188
2022-01-12,208.93164596335143,211.82653602184,208.63217090131675,211.42724609375,42752702,1.3633265495300293,208.93164596335143,211.82653602184,208.63217090131675,211.42724609375
2022-01-13,211.1278052520315,216.8177714252024,210.92816025562732,216.71795654296875,53562771,1.3709993362426758,211.1278052520315,216.8177714252024,210.92816025562732,216.71795654296875
2022-01-14,216.9175626484206,219.21351777527076,213.09929756099345,215.1207275390625,46476960,1.3713659048080444,216.9175626484206,219.21351777527076,213.09929756099345,215.1207275390625
2022-01-17,217.86590719502328,218.71441739371167,213.77311659136893,214.42198181152344,24158972,1.367353081703186,217.86590719502328,218.71441739371167,213.77311659136893,214.42198181152344
2022-01-18,214.32215676607956,215.2205820385956,209.4307861328125,209.4307861328125,60762210,1.364800214767456,214.32215676607956,215.2205820385956,209.4307861328125,209.4307861328125
2022-01-19,209.1313002044213,210.578745297874,205.9868499934057,206.58578491210935,71653314,1.3600261211395264,209.1313002044213,210.578745297874,205.9868499934057,206.58578491210935
2022-01-20,205.7871825783828,207.43428781896196,202.5928174280794,205.1882476806641,36605898,1.3608589172363281,205.7871825783828,207.43428781896196,202.5928174280794,205.1882476806641
2022-01-21,201.64449565085465,203.0869598741412,197.71142730847595,198.8893585205078,40878212,1.359767198562622,201.64449565085465,203.0869598741412,197.71142730847595,198.8893585205078
2022-01-24,197.25227384171785,198.13071487883408,188.827123935979,190.02500915527344,55257456,1.3555830717086792,197.25227384171785,198.13071487883408,188.827123935979,190.02500915527344
2022-01-25,191.8417862798396,197.0725701919853,191.8417862798396,196.3538360595703,35195382,1.3489269018173218,191.8417862798396,197.0725701919853,191.8417862798396,196.3538360595703
2022-01-26,198.80951853256929,204.8987745106454,198.4102133201459,201.8441619873047,42206968,1.3510775566101074,198.80951853256929,204.8987745106454,198.4102133201459,201.8441619873047
2022-01-27,200.4965423327165,207.434308401926,200.0473220749348,203.19178771972656,27601885,1.3468012809753418,200.4965423327165,207.434308401926,200.0473220749348,203.19178771972656
2022-01-28,199.52822848708604,201.3150714961967,194.71670407642776,196.53350830078125,82325034,1.3388315439224243,199.52822848708604,201.3150714961967,194.71670407642776,196.53350830078125
2022-01-31,198.37028503883815,199.10898823784947,195.25578062602423,196.8729248046875,27261791,1.3403388261795044,198.37028503883815,199.10898823784947,195.25578062602423,196.8729248046875
2022-02-01,199.7478688152733,200.7960088329156,198.15067841287356,200.74610900878903,37250421,1.3445378541946411,199.7478688152733,200.7960088329156,198.15067841287356,200.74610900878903
2022-02-02,202.9921478315551,205.759257562304,200.6462773026549,202.6926727294922,25198986,1.352539300918579,202.9921478315551,205.759257562304,200.6462773026549,202.6926727294922
2022-02-03,203.44132949006652,209.0813797977185,200.54942483650845,204.09017944335935,53035673,1.3565024137496948,203.44132949006652,209.0813797977185,200.54942483650845,204.09017944335935
2022-02-04,205.88699809729144,207.33444303752813,197.19232107559267,200.2469482421875,46999172,1.359841227531433,205.88699809729144,207.33444303752813,197.19232107559267,200.2469482421875
2022-02-07,203.6908961395892,204.83886616569376,200.44661580362788,204.63922119140625,37412438,1.3533447980880737,203.6908961395892,204.83886616569376,200.44661580362788,204.63922119140625
2022-02-08,205.03850207419347,207.0349821926644,203.99036219754385,205.83709716796875,25800865,1.353780746459961,205.03850207419347,207.0349821926644,203.99036219754385,205.83709716796875
2022-02-09,207.08490654675492,208.63218175447903,203.44133625960632,207.63394165039065,30093834,1.3547565937042236,207.08490654675492,208.63218175447903,203.44133625960632,207.63394165039065
2022-02-10,207.43432658362423,208.80092077325344,205.43784608759697,208.28282165527344,26138252,1.3533265590667725,207.43432658362423,208.80092077325344,205.43784608759697,208.28282165527344
2022-02-11,205.0884394392332,206.68562980057413,201.3949538645603,205.7373046875,42198884,1.3551788330078125,205.0884394392332,206.68562980057413,201.3949538645603,205.7373046875
2022-02-14,198.7695524273879,199.5531745165684,193.3391241580128,195.2158203125,62142328,1.3569625616073608,198.7695524273879,199.5531745165684,193.3391241580128,195.2158203125
2022-02-15,192.84002624785657,199.54820132249247,192.24109129272523,198.1107482910156,34554049,1.3532898426055908,192.84002624785657,199.54820132249247,192.24109129272523,198.1107482910156
2022-02-16,198.1905675126508,198.94923967875332,193.99796246141625,195.6550445556641,58329765,1.3541145324707031,198.1905675126508,198.94923967875332,193.99796246141625,195.6550445556641
2022-02-17,194.2175988517764,195.6151441844228,190.60397442569888,192.3009796142578,27405293,1.3584926128387451,194.2175988517764,195.6151441844228,190.60397442569888,192.3009796142578
2022-02-18,191.06316103023508,192.8001043966685,189.3262328957377,190.82359313964844,49093183,1.3618782758712769,191.06316103023508,192.8001043966685,189.3262328957377,190.82359313964844
2022-02-21,192.22109707563592,194.79655817197076,189.7055279437848,191.1030731201172,37489573,1.359342098236084,192.22109707563592,194.79655817197076,189.7055279437848,191.1030731201172
2022-02-22,186.2716004805309,191.7419517206531,184.77424039702805,189.8253326416016,72591504,1.3596007823944092,186.2716004805309,191.7419517206531,184.77424039702805,189.8253326416016
2022-02-23,192.66033489453423,201.99388570888277,191.40255788079185,195.6350860595703,83411502,1.3589357137680054,192.66033489453423,201.99388570888277,191.40255788079185,195.6350860595703
2022-02-24,182.4782998932952,190.72974408324808,177.92632731059143,179.0842742919922,87307925,1.3545730113983154,182.4782998932952,190.72974408324808,177.92632731059143,179.0842742919922
2022-02-25,183.9556862258605,189.9451268850014,179.43365974676388,188.5675506591797,77049862,1.337327480316162,183.9556862258605,189.9451268850014,179.43365974676388,188.5675506591797
2022-02-28,180.8411921991579,183.5564066702978,178.7049588523574,182.55816650390625,95541358,1.337327480316162,180.8411921991579,183.5564066702978,178.7049588523574,182.55816650390625
2022-03-01,180.1623632874136,184.85408856270257,172.73545474109793,172.91514587402344,97416901,1.3422818183898926,180.1623632874136,184.85408856270257,172.73545474109793,172.91514587402344
2022-03-02,169.92046042565505,178.24578064372523,169.80067646715952,176.6486053466797,72847106,1.3335111141204834,169.92046042565505,178.24578064372523,169.80067646715952,176.6486053466797
2022-03-03,174.23226836428745,174.6436388010005,168.02181035906258,168.68080139160156,75911976,1.33969247341156,174.23226836428745,174.6436388010005,168.02181035906258,168.68080139160156
2022-03-04,165.745314856056,167.90200453717983,156.53945940244964,156.55943298339844,74942661,1.3350956439971924,165.745314856056,167.90200453717983,156.53945940244964,156.55943298339844
2022-03-07,149.76986520899368,154.88200506613953,141.8210806920647,151.3873748779297,77579763,1.3212482929229736,149.76986520899368,154.88200506613953,141.8210806920647,151.3873748779297
2022-03-08,147.6331542653063,157.69769138944915,152.02639770507812,152.02639770507812,92661915,1.3112295866012573,147.6331542653063,157.69769138944915,152.02639770507812,152.02639770507812
2022-03-09,158.9757144064129,161.6386147020637,155.48108435895315,161.5517578125,65108283,1.3099292516708374,158.9757144064129,161.6386147020637,155.48108435895315,161.5517578125
2022-03-10,162.45038327745922,164.1567609709904,156.25989833921165,157.53793334960938,45299911,1.3185653686523438,162.45038327745922,164.1567609709904,156.25989833921165,157.53793334960938
2022-03-11,158.79597685748095,165.38585651490473,157.41810456339869,160.8528289794922,67505079,1.3103240728378296,158.79597685748095,165.38585651490473,157.41810456339869,160.8528289794922
2022-03-14,164.30752527230035,170.53894748415195,162.96958479211554,169.7391815185547,46588292,1.3050298690795898,164.30752527230035,170.53894748415195,162.96958479211554,169.7391815185547
2022-03-15,167.6823291289078,169.97880324535248,165.0563595090475,167.90199279785156,46163222,1.3011853694915771,167.6823291289078,169.97880324535248,165.0563595090475,167.90199279785156
2022-03-16,171.77602735639218,175.34055711528137,169.91888059868876,174.89125061035156,54098114,1.304648518562317,171.77602735639218,175.34055711528137,169.91888059868876,174.89125061035156
2022-03-17,176.80830436172673,177.74686453815752,169.63931286021156,171.45652770996094,79041449,1.3141123056411743,176.80830436172673,177.74686453815752,169.63931286021156,171.45652770996094
2022-03-18,172.0955662486406,172.53489363919786,169.27988537391224,170.31829833984375,100515607,1.3160406351089478,172.0955662486406,172.53489363919786,169.27988537391224,170.31829833984375
2022-03-21,170.81751366942785,171.9158167974631,168.24147033691406,168.24147033691406,40472147,1.3160839080810547,170.81751366942785,171.9158167974631,168.24147033691406,168.24147033691406
2022-03-22,169.9388801094932,173.25379395643424,169.57943180362463,172.5948028564453,54227594,1.3168290853500366,169.9388801094932,173.25379395643424,169.57943180362463,172.5948028564453
2022-03-23,173.33366439780494,173.9327347207609,169.7391815185547,169.7391815185547,23109779,1.3266470432281494,173.33366439780494,173.9327347207609,169.7391815185547,169.7391815185547
2022-03-24,169.8190466030118,170.81751229430276,167.2330241190588,168.0817108154297,34082638,1.3206027746200562,169.8190466030118,170.81751229430276,167.2330241190588,168.0817108154297
2022-03-25,168.60095460567194,168.60595181055663,166.0648578913164,167.04335021972656,29250194,1.3195745944976807,168.60095460567194,168.60595181055663,166.0648578913164,167.04335021972656
2022-03-28,163.76838839832504,166.38436429624372,159.52490813638883,160.2338104248047,55348037,1.317627191543579,163.76838839832504,166.38436429624372,159.52490813638883,160.2338104248047
2022-03-29,151.0678536744179,157.15848490878216,150.4687681990617,156.19996643066406,164239206,1.3103584051132202,151.0678536744179,157.15848490878216,150.4687681990617,156.19996643066406
2022-03-30,153.62394216696427,154.46264974736636,151.16770969821144,151.20765686035156,91045185,1.3093804121017456,153.62394216696427,154.46264974736636,151.16770969821144,151.20765686035156
2022-03-31,150.7683338256685,152.42579068845484,147.25372998978656,148.07247924804688,112418700,1.3138878345489502,150.7683338256685,152.42579068845484,147.25372998978656,148.07247924804688
2022-04-01,149.76985731101396,151.5271514853939,146.21532180182635,146.81439208984375,86209995,1.314699649810791,149.76985731101396,151.5271514853939,146.21532180182635,146.81439208984375
2022-04-04,149.33055481267832,149.8098141699342,142.34129364156053,146.0755615234375,71652092,1.3103755712509155,149.33055481267832,149.8098141699342,142.34129364156053,146.0755615234375
2022-04-05,145.57628889588742,148.17229033907128,145.19686708899948,146.77444458007812,144775164,1.3114582300186157,145.57628889588742,148.17229033907128,145.19686708899948,146.77444458007812
2022-04-06,146.69459612596535,147.9316936897657,141.3088743079505,143.12008666992188,63265141,1.3077365159988403,146.69459612596535,147.9316936897657,141.3088743079505,143.12008666992188
2022-04-07,143.2199315404084,144.94727304519228,139.84511238477992,140.36431884765625,83235307,1.307206630706787,143.2199315404084,144.94727304519228,139.84511238477992,140.36431884765625
2022-04-08,143.17998743933012,144.73760686126192,142.31132708191683,144.37815856933594,53486518,1.3069332838058472,143.17998743933012,144.73760686126192,142.31132708191683,144.37815856933594
2022-04-11,145.19689542854138,147.04406326059052,144.03867143909844,144.71763610839844,50447161,1.303220272064209,145.19689542854138,147.04406326059052,144.03867143909844,144.71763610839844
2022-04-12,143.938819927605,145.93575134091125,142.1805202337096,143.04019165039062,38599477,1.3024225234985352,143.938819927605,145.93575134091125,142.1805202337096,143.04019165039062
2022-04-13,142.22148106789834,144.03868103027344,141.60243710335232,144.03868103027344,38615655,1.3002548217773438,142.22148106789834,144.03868103027344,141.60243710335232,144.03868103027344
2022-04-14,143.37970311732815,146.05957596985365,142.44114277436245,145.63623046875,43283321,1.312026023864746,143.37970311732815,146.05957596985365,142.44114277436245,145.63623046875
2022-04-19,145.8758511268498,146.85434328895244,144.00870982763354,145.47645568847656,36566254,1.3009822368621826,145.8758511268498,146.85434328895244,144.00870982763354,145.47645568847656
2022-04-20,146.7545018712261,149.82977842325968,145.57631951730238,148.65159606933594,72095874,1.301371693611145,146.7545018712261,149.82977842325968,145.57631951730238,148.65159606933594
2022-04-21,148.651575499538,150.74235678568667,147.732988901035,149.8297576904297,54347891,1.3068820238113403,148.651575499538,150.74235678568667,147.732988901035,149.8297576904297
2022-04-22,147.81288572321557,150.0894020008645,146.07556480091534,146.47494506835938,78958551,1.302626132965088,147.81288572321557,150.0894020008645,146.07556480091534,146.47494506835938
2022-04-25,144.19842327795652,146.4749239926683,142.92038832357022,143.9587860107422,41592916,1.2830876111984253,144.19842327795652,146.4749239926683,142.92038832357022,143.9587860107422
2022-04-26,147.2737050439061,147.8927489626677,142.5409716818265,142.76063537597656,43814852,1.2739989757537842,147.2737050439061,147.8927489626677,142.5409716818265,142.76063537597656
2022-04-27,144.9173473437706,145.03715838242397,140.7437669866123,141.70228576660156,111171869,1.2583998441696167,144.9173473437706,145.03715838242397,140.7437669866123,141.70228576660156
2022-04-28,144.65774179982782,148.09246687015224,142.1216299287807,146.0755615234375,61052856,1.2541857957839966,144.65774179982782,148.09246687015224,142.1216299287807,146.0755615234375
2022-04-29,149.2307023674244,149.2307023674244,147.09398620498982,147.97262573242188,73893935,1.2463854551315308,149.2307023674244,149.2307023674244,147.09398620498982,147.97262573242188
2022-05-03,149.370479872478,152.34590349333294,148.63160974472078,150.76832580566406,117982240,1.2498282194137573,149.370479872478,152.34590349333294,148.63160974472078,150.76832580566406
2022-05-04,152.8651061843498,153.2964349608287,149.82976189633845,150.32899475097656,44075562,1.2500405311584473,152.8651061843498,153.2964349608287,149.82976189633845,150.32899475097656
2022-05-05,153.74375494874403,154.2030559063614,149.29060614780286,149.59014892578125,75893157,1.261813759803772,153.74375494874403,154.2030559063614,149.29060614780286,149.59014892578125
2022-05-06,149.98951916777136,150.24911476589207,147.05402756242432,148.4119415283203,51130102,1.2364147901535034,149.98951916777136,150.24911476589207,147.05402756242432,148.4119415283203
2022-05-09,147.1738621783216,148.2522071390928,145.55635235485482,145.75604248046875,33883551,1.2326656579971313,147.1738621783216,148.2522071390928,145.55635235485482,145.75604248046875
2022-05-10,148.9710995640318,149.03100507648278,143.4196319580078,143.4196319580078,38652634,1.2338824272155762,148.9710995640318,149.03100507648278,143.4196319580078,143.4196319580078
2022-05-11,144.2783130036475,148.0325390545075,143.49951087200836,147.0740203857422,120851388,1.2309207916259766,144.2783130036475,148.0325390545075,143.49951087200836,147.0740203857422
2022-05-12,142.4411135917038,146.97414094888296,141.98181268815068,145.71607971191406,40307444,1.2234212160110474,142.4411135917038,146.97414094888296,141.98181268815068,145.71607971191406
2022-05-13,147.33361095134825,150.3140319725701,146.77447254123277,150.1293182373047,40300228,1.220613718032837,147.33361095134825,150.3140319725701,146.77447254123277,150.1293182373047
2022-05-16,150.36896657831335,152.74830636604682,148.71150957252792,151.46726989746094,48063820,1.2258507013320923,150.36896657831335,152.74830636604682,148.71150957252792,151.46726989746094
2022-05-17,152.14617865614642,156.83896348654812,151.9464733666776,155.62083435058594,50124597,1.2324832677841187,152.14617865614642,156.83896348654812,151.9464733666776,155.62083435058594
2022-05-18,156.7790985486087,156.97878865435771,154.0832440325504,154.96188354492188,30534183,1.2484394311904907,156.7790985486087,156.97878865435771,154.0832440325504,154.96188354492188
2022-05-19,155.04173092451418,155.44610825744903,150.9679896118227,153.0447998046875,30700867,1.2345831394195557,155.04173092451418,155.44610825744903,150.9679896118227,153.0447998046875
2022-05-20,155.42117893493463,156.83899844097806,152.48568725585938,152.48568725585938,56300727,1.2462146282196045,155.42117893493463,156.83899844097806,152.48568725585938,152.48568725585938
2022-05-23,155.00182157657653,157.49798583984375,153.17462750761965,157.49798583984375,70822987,1.2504063844680786,155.00182157657653,157.49798583984375,153.17462750761965,157.49798583984375
2022-05-24,157.1984398206627,164.09784135772077,156.96879697911098,162.53024291992188,74921425,1.256754994392395,157.1984398206627,164.09784135772077,156.96879697911098,162.53024291992188
2022-05-25,164.28754636699946,164.5271836296433,161.76942783390535,163.62857055664062,108468680,1.2542959451675415,164.28754636699946,164.5271836296433,161.76942783390535,163.62857055664062
2022-05-26,163.56866632671483,168.50508123391575,163.06943345217653,167.4227294921875,51023672,1.258610486984253,163.56866632671483,168.50508123391575,163.06943345217653,167.4227294921875
2022-05-27,167.12320919048304,170.817529574917,166.17465449949498,170.1186065673828,52394921,1.261734127998352,167.12320919048304,170.817529574917,166.17465449949498,170.1186065673828
2022-05-30,170.27837167625594,173.07407930562076,169.85901781715836,170.95733642578125,105182657,1.262833595275879,170.27837167625594,173.07407930562076,169.85901781715836,170.95733642578125
2022-05-31,169.87895821694516,171.35668322730015,168.66082881092697,168.8006134033203,68320374,1.2647020816802979,169.87895821694516,171.35668322730015,168.66082881092697,168.8006134033203
2022-06-01,170.91736065507425,171.8369528565455,167.22304040806293,167.5425567626953,37314104,1.2608909606933594,170.91736065507425,171.8369528565455,167.22304040806293,167.5425567626953
2022-06-06,168.0817358312086,172.43105583309526,167.8221401975729,171.09710693359375,36572161,1.249230146408081,168.0817358312086,172.43105583309526,167.8221401975729,171.09710693359375
2022-06-07,168.9204391898841,170.61784326289532,167.3638404919022,168.74072265625,44760521,1.2523481845855713,168.9204391898841,170.61784326289532,167.3638404919022,168.74072265625
2022-06-08,168.28143327677802,169.39871989109238,167.12322443097736,168.30140686035156,42131882,1.2587324380874634,168.28143327677802,169.39871989109238,167.12322443097736,168.30140686035156
2022-06-09,166.96345969440634,169.3797452092471,165.16621812767943,165.6654510498047,41256650,1.254028558731079,166.96345969440634,169.3797452092471,165.16621812767943,165.6654510498047
2022-06-10,164.66699592676443,165.50570363405072,159.23533894273405,159.5548553466797,54031382,1.2492972612380981,164.66699592676443,165.50570363405072,159.23533894273405,159.5548553466797
2022-06-13,157.77755631741022,158.97071492267833,154.92194376730848,155.8405303955078,59237518,1.2274909019470215,157.77755631741022,158.97071492267833,154.92194376730848,155.8405303955078
2022-06-14,157.41814448258228,159.09555995653213,154.0233511297037,156.51951599121094,63205077,1.2144765853881836,157.41814448258228,159.09555995653213,154.0233511297037,156.51951599121094
2022-06-15,157.5978482066311,163.15931037818922,156.91889873257014,160.51336669921875,52138059,1.201258897781372,157.5978482066311,163.15931037818922,156.91889873257014,160.51336669921875
2022-06-16,159.97417235542622,160.05405143801505,153.22454984812987,153.40426635742188,60187717,1.2174336910247803,159.97417235542622,160.05405143801505,153.22454984812987,153.40426635742188
2022-06-17,154.84207851501353,158.77603621541513,153.5240963424331,155.6807861328125,62981976,1.2354830503463745,154.84207851501353,158.77603621541513,153.5240963424331,155.6807861328125
2022-06-20,156.61933580190916,161.00259976915507,155.78062824099777,159.87432861328125,28154520,1.2228227853775024,156.61933580190916,161.00259976915507,155.78062824099777,159.87432861328125
2022-06-21,160.2537377232711,162.29060095712256,158.41656457346355,160.17385864257812,40945612,1.225174903869629,160.2537377232711,162.29060095712256,158.41656457346355,160.17385864257812
2022-06-22,157.41809161498455,162.55719727488767,157.41809161498455,161.09243774414062,43468134,1.2266627550125122,157.41809161498455,162.55719727488767,157.41809161498455,161.09243774414062
2022-06-23,159.11554245239532,160.17391397528615,153.80369601664177,153.84364318847656,42518920,1.225084900856018,159.11554245239532,160.17391397528615,153.80369601664177,153.84364318847656
2022-06-24,154.84207325635057,159.35514279730836,152.72533070178014,158.69615173339844,55663456,1.2260762453079224,154.84207325635057,159.35514279730836,152.72533070178014,158.69615173339844
2022-06-27,158.3367009377935,161.03255542379753,157.09859791934662,158.3966064453125,46256489,1.228244662284851,158.3367009377935,161.03255542379753,157.09859791934662,158.3966064453125
2022-06-28,159.49495163509692,162.3904967105705,159.25531432942526,159.77452087402344,95098056,1.2267379760742188,159.49495163509692,162.3904967105705,159.25531432942526,159.77452087402344
2022-06-29,157.6378082092254,159.33519726797405,156.51951599121094,156.51951599121094,48146770,1.2189769744873047,157.6378082092254,159.33519726797405,156.51951599121094,156.51951599121094
2022-06-30,154.16310574225278,154.6823121982813,149.88967355007392,152.88507080078125,49777626,1.2131799459457397,154.16310574225278,154.6823121982813,149.88967355007392,152.88507080078125
2022-07-01,151.62702523214114,156.47956989309358,151.40736152538108,152.9649658203125,39156126,1.2160863876342773,151.62702523214114,156.47956989309358,151.40736152538108,152.9649658203125
2022-07-04,153.78368880418648,156.79904419821057,153.6838361417079,155.28138732910156,28079764,1.2102727890014648,153.78368880418648,156.79904419821057,153.6838361417079,155.28138732910156
2022-07-05,156.2599045818685,156.79807913436673,146.9541956030523,147.2537384033203,67023196,1.211445689201355,156.2599045818685,156.79807913436673,146.9541956030523,147.2537384033203
2022-07-06,148.61161643810678,150.38888398955606,145.75600420902936,146.63465881347656,62994202,1.19491446018219,148.61161643810678,150.38888398955606,145.75600420902936,146.63465881347656
2022-07-07,148.8313000164462,152.26602458239145,148.7713945100087,150.78829956054688,56736408,1.1923214197158813,148.8313000164462,152.26602458239145,148.7713945100087,150.78829956054688
2022-07-08,150.96802392712036,153.08478175533466,148.93116042547962,151.72686767578125,42802419,1.2028049230575562,150.96802392712036,153.08478175533466,148.93116042547962,151.72686767578125
2022-07-11,149.63007547853312,152.16617173885015,149.29060078552763,150.76832580566406,27895710,1.2016630172729492,149.63007547853312,152.16617173885015,149.29060078552763,150.76832580566406
2022-07-12,149.4104212017271,151.9864647853371,146.71456659784002,151.90658569335938,42389480,1.1900936365127563,149.4104212017271,151.9864647853371,146.71456659784002,151.90658569335938
2022-07-13,150.12930867927136,151.56710177681876,147.7929025134459,148.99105834960938,42491244,1.1877753734588623,150.12930867927136,151.56710177681876,147.7929025134459,148.99105834960938
2022-07-14,148.49182512228953,150.90911590434533,144.9572478934751,145.3166961669922,71086571,1.186380386352539,148.49182512228953,150.90911590434533,144.9572478934751,145.3166961669922
2022-07-15,145.37659647262618,151.28751095647294,144.93726917393218,150.0693817138672,53102595,1.1839643716812134,145.37659647262618,151.28751095647294,144.93726917393218,150.0693817138672
2022-07-18,151.22760831520705,156.1011156771218,151.22760831520705,153.98336791992188,43856613,1.1888344287872314,151.22760831520705,156.1011156771218,151.22760831520705,153.98336791992188
2022-07-19,152.82517707926195,159.3551521212056,152.82517707926195,157.97726440429688,38552890,1.194828748703003,152.82517707926195,159.3551521212056,152.82517707926195,157.97726440429688
2022-07-20,158.29676070588985,159.47495826839767,155.66081161200637,157.3981475830078,65043186,1.2003505229949951,158.29676070588985,159.47495826839767,155.66081161200637,157.3981475830078
2022-07-21,157.61782220042804,160.53334070061115,156.47957172271697,158.7161407470703,77532446,1.1971746683120728,157.61782220042804,160.53334070061115,156.47957172271697,158.7161407470703
2022-07-22,158.25683044472643,159.62671955996674,156.51949445542323,157.59783935546875,54866757,1.1996161937713623,158.25683044472643,159.62671955996674,156.51949445542323,157.59783935546875
2022-07-25,156.63931430309185,161.64162230785797,155.9813135404018,160.47341918945312,55314543,1.1986957788467407,156.63931430309185,161.64162230785797,155.9813135404018,160.47341918945312
2022-07-26,160.3735649225486,160.87279780076386,156.4995281476555,156.63931274414062,50305161,1.2055164575576782,160.3735649225486,160.87279780076386,156.4995281476555,156.63931274414062
2022-07-27,157.21841598597334,158.97071293120445,155.46110660153877,157.41810607910156,118779130,1.2036880254745483,157.21841598597334,158.97071293120445,155.46110660153877,157.41810607910156
2022-07-28,155.86051723213413,157.3182687660583,149.07094675560106,150.10934448242188,87466863,1.2163082361221313,155.86051723213413,157.3182687660583,149.07094675560106,150.10934448242188
2022-07-29,153.1646582648953,157.73763377478653,152.30597700783483,156.93885803222656,72309405,1.2173447608947754,153.1646582648953,157.73763377478653,152.30597700783483,156.93885803222656
2022-08-01,159.75454548145538,161.83135640095998,157.6118415404428,159.5548553466797,59578386,1.2167373895645142,159.75454548145538,161.83135640095998,157.6118415404428,159.5548553466797
2022-08-02,158.9957186748166,161.27221975486444,158.37665944401,159.77452087402344,76480735,1.2254151105880737,158.9957186748166,161.27221975486444,158.37665944401,159.77452087402344
2022-08-03,158.6561956335339,163.42886052079768,158.53638462334615,163.06942749023438,40177324,1.2142995595932007,158.6561956335339,163.42886052079768,158.53638462334615,163.06942749023438
2022-08-04,162.8697610072531,165.4458049883743,160.87282910579927,162.23074340820312,63556077,1.2138278484344482,162.8697610072531,165.4458049883743,160.87282910579927,162.23074340820312
2022-08-05,161.65161346813673,165.1761966659517,160.7729738886346,163.74839782714844,43242514,1.215849757194519,161.65161346813673,165.1761966659517,160.7729738886346,163.74839782714844
2022-08-08,165.24608267358985,166.66390221934142,164.4872541835108,165.7453155517578,57175243,1.2059526443481445,165.24608267358985,166.66390221934142,164.4872541835108,165.7453155517578
2022-08-09,164.88664841939408,167.4427185354075,164.3874154987546,165.6055450439453,47518114,1.208473801612854,164.88664841939408,167.4427185354075,164.3874154987546,165.6055450439453
2022-08-10,165.74531645674296,169.83903217422352,165.16620448666072,169.49954223632812,82316178,1.207423210144043,165.74531645674296,169.83903217422352,165.16620448666072,169.49954223632812
2022-08-11,168.78307074677255,169.90149584629847,167.2651972278451,168.7431182861328,47289799,1.2212995290756226,168.78307074677255,169.90149584629847,167.2651972278451,168.7431182861328
2022-08-12,169.66182222268435,172.67958904818997,168.86295588020718,171.3594512939453,50918564,1.2196162939071655,169.66182222268435,172.67958904818997,168.86295588020718,171.3594512939453
2022-08-15,171.97859756691523,172.05848725806635,170.48070014198265,171.31951904296875,43128335,1.2127974033355713,171.97859756691523,172.05848725806635,170.48070014198265,171.31951904296875
2022-08-16,171.8188124185816,171.9586155640543,169.64187554802058,170.26100158691406,26647334,1.205690860748291,171.8188124185816,171.9586155640543,169.64187554802058,170.26100158691406
2022-08-17,171.09978643606462,173.11695876596488,168.30370884521815,168.44351196289062,20688108,1.209818959236145,171.09978643606462,173.11695876596488,168.30370884521815,168.44351196289062
2022-08-18,168.3636598586373,169.22245490607372,167.2252585387703,168.2637939453125,25224763,1.2045146226882935,168.3636598586373,169.22245490607372,167.2252585387703,168.2637939453125
2022-08-19,167.80441935993505,168.98277305079432,164.6798080742615,165.0482940673828,53335326,1.193274736404419,167.80441935993505,168.98277305079432,164.6798080742615,165.0482940673828
2022-08-22,163.77008781476047,164.56298104208452,161.5531988216908,162.85137939453125,36166208,1.1818095445632935,163.77008781476047,164.56298104208452,161.5531988216908,162.85137939453125
2022-08-23,162.07248583704,164.9085009793394,161.93867100064412,163.37066650390625,30777856,1.1766505241394043,162.07248583704,164.9085009793394,161.93867100064412,163.37066650390625
2022-08-24,162.57178440184325,163.7501229232613,160.41480870724206,162.39202880859375,31788791,1.18327796459198,162.57178440184325,163.7501229232613,160.41480870724206,162.39202880859375
2022-08-25,163.7701064936296,164.92848407458482,162.8513979686167,163.9298858642578,27147208,1.1791757345199585,163.7701064936296,164.92848407458482,162.8513979686167,163.9298858642578
2022-08-26,165.16813404416362,166.4663147348167,161.81284352615825,161.87277221679688,30454502,1.1824007034301758,165.16813404416362,166.4663147348167,161.81284352615825,161.87277221679688
2022-08-30,161.49331290158253,167.84439848697068,161.01399000006276,164.46913146972656,49358851,1.172250509262085,161.49331290158253,167.84439848697068,161.01399000006276,164.46913146972656
2022-08-31,165.4277714195047,166.72595204812217,163.90989798124127,164.26939392089844,52657111,1.1659767627716064,165.4277714195047,166.72595204812217,163.90989798124127,164.26939392089844
2022-09-01,163.6303102362418,163.83002683922774,160.23508227328085,161.1737518310547,34587713,1.1598505973815918,163.6303102362418,163.83002683922774,160.23508227328085,161.1737518310547
2022-09-02,161.7329811558468,169.21446848284785,161.2097135944734,168.4036102294922,51300909,1.154894471168518,161.7329811558468,169.21446848284785,161.2097135944734,168.4036102294922
2022-09-05,163.73016881969596,166.88572757523335,163.5703894495069,166.2666015625,26400585,1.1474601030349731,163.73016881969596,166.88572757523335,163.5703894495069,166.2666015625
2022-09-06,167.14536948539435,171.4093727747266,166.346487887983,167.64466857910156,37590573,1.156644344329834,167.14536948539435,171.4093727747266,166.346487887983,167.64466857910156
2022-09-07,165.7872712435708,166.46631068027855,163.37066551824236,163.86996459960938,46181307,1.151185154914856,165.7872712435708,166.46631068027855,163.37066551824236,163.86996459960938
2022-09-08,164.04969650994852,167.06546707263007,162.6316890203507,166.02691650390625,44118012,1.1519808769226074,164.04969650994852,167.06546707263007,162.6316890203507,166.02691650390625
2022-09-09,165.76728701363513,169.761679471795,165.1082086010632,168.60330200195312,41608887,1.1521600484848022,165.76728701363513,169.761679471795,165.1082086010632,168.60330200195312
2022-09-12,172.79944355572613,175.0143215239863,170.29894052716628,173.71615600585938,49161895,1.1619395017623901,172.79944355572613,175.0143215239863,170.29894052716628,173.71615600585938
2022-09-13,174.0756122289948,175.57350924237576,171.35942442573898,171.69894409179688,44341919,1.1689754724502563,174.0756122289948,175.57350924237576,171.35942442573898,171.69894409179688
2022-09-14,170.18107945658443,172.5177952586343,168.84296171394703,169.66180419921875,42259194,1.1506155729293823,170.18107945658443,172.5177952586343,168.84296171394703,169.66180419921875
2022-09-15,169.46211762115334,172.397998873314,169.40220416497044,171.99856567382812,41696437,1.1544944047927856,169.46211762115334,172.397998873314,169.40220416497044,171.99856567382812
2022-09-16,171.47928951069323,173.1968796876501,170.36086436752126,170.9001007080078,127232166,1.1452654600143433,171.47928951069323,173.1968796876501,170.36086436752126,170.9001007080078
2022-09-20,170.9000822104126,174.1355456153366,170.06126344382426,170.68038940429688,41957108,1.1443217992782593,170.9000822104126,174.1355456153366,170.06126344382426,170.68038940429688
2022-09-21,168.88289982271226,172.17827648363567,164.78865689996266,167.56475830078125,59874890,1.138057827949524,168.88289982271226,172.17827648363567,164.78865689996266,167.56475830078125
2022-09-22,164.8885152664884,170.4676885218396,164.48908211691645,166.02691650390625,65411705,1.1255937814712524,164.8885152664884,170.4676885218396,164.48908211691645,166.02691650390625
2022-09-23,165.14815669497872,167.18529009035922,160.39482004342827,161.63308715820312,51682595,1.126417875289917,165.14815669497872,167.18529009035922,160.39482004342827,161.63308715820312
2022-09-26,160.2750138769516,161.7529349720865,156.46036137290665,157.37608337402344,52779101,1.0797386169433594,160.2750138769516,161.7529349720865,156.46036137290665,157.37608337402344
2022-09-27,160.79425120350191,162.01254195958947,155.3019623067582,155.6215057373047,55358565,1.077284336090088,160.79425120350191,162.01254195958947,155.3019623067582,155.6215057373047
2022-09-28,153.2848155255046,154.12363431179557,146.2946284982829,150.8682098388672,84832724,1.072754144668579,153.2848155255046,154.12363431179557,146.2946284982829,150.8682098388672
2022-09-29,150.04933909334235,150.32894533130562,142.5199164212219,144.4571990966797,68587663,1.0835996866226196,150.04933909334235,150.32894533130562,142.5199164212219,144.4571990966797
2022-09-30,143.83807201207213,147.412064816237,141.4813797490702,144.09771728515625,75103787,1.1169440746307373,143.83807201207213,147.412064816237,141.4813797490702,144.09771728515625
2022-10-03,143.25889334926015,145.9151527745199,141.06196528998038,144.87661743164062,52847044,1.114057183265686,143.25889334926015,145.9151527745199,141.06196528998038,144.87661743164062
2022-10-04,146.2946398266932,150.84824529048208,145.8752304010705,150.52870178222656,43680699,1.1334141492843628,146.2946398266932,150.84824529048208,145.8752304010705,150.52870178222656
2022-10-05,149.60998356059923,151.15481198766562,145.39589810878894,147.41305541992188,36822485,1.1451343297958374,149.60998356059923,151.15481198766562,145.39589810878894,147.41305541992188
2022-10-06,148.35175459994787,148.99085687483714,143.917975901541,144.59703063964844,37789764,1.13553786277771,148.35175459994787,148.99085687483714,143.917975901541,144.59703063964844
2022-10-07,144.59701120595494,145.8552393550198,142.4000983836235,143.2788543701172,32681532,1.1162084341049194,144.59701120595494,145.8552393550198,142.4000983836235,143.2788543701172
2022-10-10,142.08053893189376,144.95650638611914,142.08053893189376,143.03919982910156,27915059,1.1072726249694824,142.08053893189376,144.95650638611914,142.08053893189376,143.03919982910156
2022-10-11,141.84087034058288,142.19538364431003,139.36435126805338,139.96351623535156,52106881,1.1076405048370361,141.84087034058288,142.19538364431003,139.36435126805338,139.96351623535156
2022-10-12,137.8065469295509,138.18601910865786,131.87487138459946,135.4897918701172,65690001,1.0967799425125122,137.8065469295509,138.18601910865786,131.87487138459946,135.4897918701172
2022-10-13,135.1303000367156,143.59840752230642,134.27150507500585,142.3401641845703,65181658,1.11055588722229,135.1303000367156,143.59840752230642,134.27150507500585,142.3401641845703
2022-10-14,144.79674892295304,148.6713150804457,142.34019047814888,142.61981201171875,51791492,1.1303905248641968,144.79674892295304,148.6713150804457,142.34019047814888,142.61981201171875
2022-10-17,142.57984467772644,147.05356018725493,142.42006531446503,145.1961669921875,30616486,1.124416708946228,142.57984467772644,147.05356018725493,142.42006531446503,145.1961669921875
2022-10-18,147.53288190892692,149.94948736989903,146.87380353664443,147.293212890625,30635600,1.1353960037231445,147.53288190892692,149.94948736989903,146.87380353664443,147.293212890625
2022-10-19,145.3958979383808,147.0735355303151,143.01922944574193,144.09771728515625,28614081,1.134429931640625,145.3958979383808,147.0735355303151,143.01922944574193,144.09771728515625
2022-10-20,143.39869476715052,148.2918194137912,142.00064826996896,145.13624572753906,69905432,1.1211013793945312,143.39869476715052,148.2918194137912,142.00064826996896,145.13624572753906
2022-10-21,143.53851963030118,145.99506282127732,141.7010872482456,144.83668518066406,25886257,1.1221455335617065,143.53851963030118,145.99506282127732,141.7010872482456,144.83668518066406
2022-10-24,145.6755084159985,150.62854689127104,145.23612277567292,148.73121643066406,30167127,1.1344685554504395,145.6755084159985,150.62854689127104,145.23612277567292,148.73121643066406
2022-10-25,149.3903190900815,150.0893348868297,145.8352961685878,150.0094451904297,24812022,1.1307740211486816,149.3903190900815,150.0893348868297,145.8352961685878,150.0094451904297
2022-10-26,150.7084341976519,152.00961663551286,147.37311996218588,149.6099853515625,63447450,1.146223783493042,150.7084341976519,152.00961663551286,147.37311996218588,149.6099853515625
2022-10-27,149.80970836314106,151.10788908910163,147.93233884444734,150.0493621826172,24538170,1.1638191938400269,149.80970836314106,151.10788908910163,147.93233884444734,150.0493621826172
2022-10-28,146.77393165703583,148.14700392465608,144.6768849725628,146.2346954345703,22647996,1.1566041707992554,146.77393165703583,148.14700392465608,144.6768849725628,146.2346954345703
2022-10-31,146.87380183197806,148.9109351330111,146.43441625555604,147.55284118652344,24632742,1.159595012664795,146.87380183197806,148.9109351330111,146.43441625555604,147.55284118652344
2022-11-01,149.1506200245953,151.66709162453,148.47156536037232,150.12924194335938,28844091,1.146815299987793,149.1506200245953,151.66709162453,148.47156536037232,150.12924194335938
2022-11-02,150.36892555223417,151.64713008677117,147.8724299398729,149.8896026611328,19608289,1.1489498615264893,150.36892555223417,151.64713008677117,147.8724299398729,149.8896026611328
2022-11-03,148.57145656375042,149.94952711884355,146.67412585411876,149.3104248046875,23393870,1.1384334564208984,148.57145656375042,149.94952711884355,146.67412585411876,149.3104248046875
2022-11-04,150.80828389271835,154.40322778070308,150.08929206764196,153.30477905273438,34319023,1.1171187162399292,150.80828389271835,154.40322778070308,150.08929206764196,153.30477905273438
2022-11-07,152.68566041311948,155.3119785848116,151.54725906173115,152.38609313964844,23685124,1.1331573724746704,152.68566041311948,155.3119785848116,151.54725906173115,152.38609313964844
2022-11-08,152.90534035192476,155.72139438441465,152.6057731037009,153.96385192871094,56097569,1.1517950296401978,152.90534035192476,155.72139438441465,152.6057731037009,153.96385192871094
2022-11-09,154.20353946383267,155.18216147936087,152.74559455624572,154.18356323242188,21699444,1.1552680730819702,154.20353946383267,155.18216147936087,152.74559455624572,154.18356323242188
2022-11-10,153.50449162208812,157.23925376971323,152.78549981572826,156.77989196777344,59021509,1.1368157863616943,153.50449162208812,157.23925376971323,152.78549981572826,156.77989196777344
2022-11-11,156.7998847383271,159.60594308321123,156.240672216024,157.99819946289062,53765652,1.1695632934570312,156.7998847383271,159.60594308321123,156.240672216024,157.99819946289062
2022-11-14,156.5602138193865,158.5174728613543,154.98242694331202,157.39903259277344,27491978,1.1799131631851196,156.5602138193865,158.5174728613543,154.98242694331202,157.39903259277344
2022-11-15,156.40043828305403,157.1394064037983,155.10227287045262,156.99960327148438,22762920,1.175249695777893,156.40043828305403,157.1394064037983,155.10227287045262,156.99960327148438
2022-11-16,155.62154714599805,156.2806256459538,153.72421657177392,154.18356323242188,27203752,1.1880435943603516,155.62154714599805,156.2806256459538,153.72421657177392,154.18356323242188
2022-11-17,155.00238507307773,156.80085497793053,153.30477149543174,156.44036865234375,30779589,1.191525936126709,155.00238507307773,156.80085497793053,153.30477149543174,156.44036865234375
2022-11-18,156.66008160775132,158.9568451475821,155.8412238162372,157.99819946289062,22358632,1.1860145330429077,156.66008160775132,158.9568451475821,155.8412238162372,157.99819946289062
2022-11-21,157.5388570594553,158.2578490304272,156.6001874882312,157.71861267089844,13670802,1.1886366605758667,157.5388570594553,158.2578490304272,156.6001874882312,157.71861267089844
2022-11-22,158.89693843258652,159.07669402946,156.89974206118688,157.69862365722656,16784247,1.1827600002288818,158.89693843258652,159.07669402946,156.89974206118688,157.69862365722656
2022-11-23,157.4389795249902,158.43757762132418,156.70001144823988,158.05810546875,13194996,1.1894567012786865,157.4389795249902,158.43757762132418,156.70001144823988,158.05810546875
2022-11-24,157.85840005761835,160.3349192451462,157.85840005761835,159.19651794433594,14339660,1.2073503732681274,157.85840005761835,160.3349192451462,157.85840005761835,159.19651794433594
2022-11-25,159.39621809306752,159.9953830264014,157.83840755127602,158.83700561523438,17701072,1.2113430500030518,159.39621809306752,159.9953830264014,157.83840755127602,158.83700561523438
2022-11-28,158.1380075480105,160.55062110367683,157.65868469064733,157.958251953125,25642764,1.2054728269577026,158.1380075480105,160.55062110367683,157.65868469064733,157.958251953125
2022-11-29,157.0595357023492,161.55322794641097,156.99962224374576,160.77432250976562,42340565,1.1960291862487793,157.0595357023492,161.55322794641097,156.99962224374576,160.77432250976562
2022-11-30,161.55319805705798,162.57177237706853,160.12521009987057,161.0139617919922,84403402,1.1946860551834106,161.55319805705798,162.57177237706853,160.12521009987057,161.0139617919922
2022-12-01,161.73295438670584,162.092450310882,157.9582395641575,158.05810546875,28956372,1.207749843597412,161.73295438670584,162.092450310882,157.9582395641575,158.05810546875
2022-12-02,158.8370241221548,158.87697658231062,155.641512992642,156.6001739501953,28802164,1.2259259223937988,158.8370241221548,158.87697658231062,155.641512992642,156.6001739501953
2022-12-05,156.14080276408225,158.6372980658632,155.8012830600156,156.0609130859375,24394215,1.2297248840332031,156.14080276408225,158.6372980658632,155.8012830600156,156.0609130859375
2022-12-06,157.0395326506981,160.39482289606775,155.42180859508346,158.5374298095703,80092367,1.2192445993423462,157.0395326506981,160.39482289606775,155.42180859508346,158.5374298095703
2022-12-07,157.77849654409368,159.2963698912423,155.74136316658684,157.2192840576172,24905097,1.2133007049560547,157.77849654409368,159.2963698912423,155.74136316658684,157.2192840576172
2022-12-08,157.17931933617768,157.6846218710394,156.36047689841962,156.58016967773438,21644000,1.2212398052215576,157.17931933617768,157.6846218710394,156.36047689841962,156.58016967773438
2022-12-09,156.48032239490615,159.2564239501953,155.92110988555265,159.2564239501953,23399847,1.2236007452011108,156.48032239490615,159.2564239501953,155.92110988555265,159.2564239501953
2022-12-12,159.6558860662151,159.99540579931107,156.72000490231596,157.91831970214844,33870358,1.2239153385162354,159.6558860662151,159.99540579931107,156.72000490231596,157.91831970214844
2022-12-13,158.69723106960484,161.59317511894432,157.7385852885407,161.55322265625,42888082,1.2270842790603638,158.69723106960484,161.59317511894432,157.7385852885407,161.55322265625
2022-12-14,162.61170899219553,162.61170899219553,159.8156312983289,160.0353240966797,42580381,1.235666275024414,162.61170899219553,162.61170899219553,159.8156312983289,160.0353240966797
2022-12-15,159.11661739423516,159.46113495728792,154.982421875,154.982421875,32662221,1.2419428825378418,159.11661739423516,159.46113495728792,154.982421875,154.982421875
2022-12-16,154.1236320494608,155.52167857682272,151.88678198551892,154.20352172851562,109511197,1.2189176082611084,154.1236320494608,155.52167857682272,151.88678198551892,154.20352172851562
2022-12-19,154.62293413414727,156.34052417386204,154.16358751736223,155.1621856689453,14673171,1.2160272598266602,154.62293413414727,156.34052417386204,154.16358751736223,155.1621856689453
2022-12-20,153.78410136914658,156.3205337392219,153.4046292300608,155.52166748046875,20757044,1.2153326272964478,153.78410136914658,156.3205337392219,153.4046292300608,155.52166748046875
2022-12-21,156.08089493758982,158.1579809319857,154.84262773783496,157.8583984375,26030701,1.2189176082611084,156.08089493758982,158.1579809319857,154.84262773783496,157.8583984375
2022-12-22,157.85840827450582,158.7781224757916,156.9197235107422,156.9197235107422,18858465,1.2077397108078003,157.85840827450582,158.7781224757916,156.9197235107422,156.9197235107422
2022-12-23,156.9197101467892,158.1380010891021,156.42041107985432,157.5188751220703,6137843,1.203992486000061,156.9197101467892,158.1380010891021,156.42041107985432,157.5188751220703
2022-12-28,158.01818535630957,159.4361929781288,157.2193037452764,158.65728759765625,15974901,1.2027326822280884,158.01818535630957,159.4361929781288,157.2193037452764,158.65728759765625
2022-12-29,157.91830821216047,159.1166229248047,156.81984417042096,159.1166229248047,17312328,1.2028483152389526,157.91830821216047,159.1166229248047,156.81984417042096,159.1166229248047
2022-12-30,158.33772775078637,159.51608154723314,157.9782317902059,158.29779052734375,9144860,1.2056326866149902,158.33772775078637,159.51608154723314,157.9782317902059,158.29779052734375
2023-01-03,159.29638414688233,164.0796626707817,158.85699851464463,163.37066650390625,34940227,1.206287145614624,159.29638414688233,164.0796626707817,158.85699851464463,163.37066650390625
2023-01-04,163.86995931725727,168.05407268482284,163.86995931725727,167.84437561035156,31851649,1.1969740390777588,163.86995931725727,168.05407268482284,163.86995931725727,167.84437561035156
2023-01-05,166.9456241279692,173.4964405059155,166.1267816040996,172.17828369140625,40113321,1.2057054042816162,166.9456241279692,173.4964405059155,166.1267816040996,172.17828369140625
2023-01-06,171.57912788994383,172.45788383107956,171.0997898448909,171.85873413085938,23266356,1.1912277936935425,171.57912788994383,172.45788383107956,171.0997898448909,171.85873413085938
2023-01-09,171.85874591978114,173.91585564936938,171.63905311007773,172.3780059814453,32930427,1.2116365432739258,171.85874591978114,173.91585564936938,171.63905311007773,172.3780059814453
2023-01-10,169.94142849003114,172.41796291138647,169.78166436397495,171.3594512939453,50086285,1.2184869050979614,169.94142849003114,172.41796291138647,169.78166436397495,171.3594512939453
2023-01-11,170.80022694828887,174.1555174611596,170.80022694828887,173.29672241210938,119855470,1.2154507637023926,170.80022694828887,174.1555174611596,170.80022694828887,173.29672241210938
2023-01-12,173.99572657913575,177.7504496939496,173.99572657913575,176.8317413330078,31151382,1.2159533500671387,173.99572657913575,177.7504496939496,173.99572657913575,176.8317413330078
2023-01-13,177.63065702835283,180.72630238148528,176.67199602849396,180.4866485595703,40855553,1.2217769622802734,177.63065702835283,180.72630238148528,176.67199602849396,180.4866485595703
2023-01-16,178.58928312799344,182.24415588378903,178.469456230229,182.24415588378903,20281691,1.2226732969284058,178.58928312799344,182.24415588378903,178.469456230229,182.24415588378903
2023-01-17,180.74623851542964,182.6036314102222,179.9074198500127,180.6863250732422,31207511,1.2207776308059692,180.74623851542964,182.6036314102222,179.9074198500127,180.6863250732422
2023-01-18,180.08718409215282,182.5836794308066,179.6278374827836,181.8447265625,55985902,1.228471040725708,180.08718409215282,182.5836794308066,179.6278374827836,181.8447265625
2023-01-19,178.60928406235567,179.46807916905317,175.59351307315282,177.13136291503906,34438199,1.2347661256790161,178.60928406235567,179.46807916905317,175.59351307315282,177.13136291503906
2023-01-20,177.69056848159337,178.95079284400154,176.46328737688742,178.16989135742188,27839430,1.2393262386322021,177.69056848159337,178.95079284400154,176.46328737688742,178.16989135742188
2023-01-23,178.30968127722085,179.98733407433255,178.30968127722085,179.62783813476562,26445387,1.240633249282837,178.30968127722085,179.98733407433255,178.30968127722085,179.62783813476562
2023-01-24,180.6663577440048,180.92598775206852,178.60924819481536,179.5079803466797,41893275,1.2379761934280396,180.6663577440048,180.92598775206852,178.60924819481536,179.5079803466797
2023-01-25,178.74906756976662,181.4652557373047,178.34963440758685,181.4652557373047,59311967,1.232923984527588,178.74906756976662,181.4652557373047,178.34963440758685,181.4652557373047
2023-01-26,182.26412246898516,185.00027140582412,181.9295854138957,184.78057861328125,109872375,1.2412492036819458,182.26412246898516,185.00027140582412,181.9295854138957,184.78057861328125
2023-01-27,185.4996007953948,185.7192936238925,184.0416559198004,185.5195770263672,22327860,1.2415266036987305,185.4996007953948,185.7192936238925,184.0416559198004,185.5195770263672
2023-01-30,184.44108674688692,186.51817285676245,182.8832759738302,186.3983459472656,33763580,1.2400301694869995,184.44108674688692,186.51817285676245,182.8832759738302,186.3983459472656
2023-01-31,185.45964087706488,186.21856994975445,183.22277564125665,185.5794677734375,31947853,1.2353609800338745,185.45964087706488,186.21856994975445,183.22277564125665,185.5794677734375
2023-02-01,185.57947993512076,186.76781419335092,182.9831338400468,186.2185821533203,28527540,1.2308903932571411,185.57947993512076,186.76781419335092,182.9831338400468,186.2185821533203
2023-02-02,186.0987611519508,188.4554535133259,185.04024949798895,188.13589477539065,27188071,1.2390038967132568,186.0987611519508,188.4554535133259,185.04024949798895,188.13589477539065
2023-02-03,187.0973449379365,188.69510802972275,185.5395343040139,188.37554931640625,21357380,1.222299575805664,187.0973449379365,188.69510802972275,185.5395343040139,188.37554931640625
2023-02-06,187.33701497465216,188.4853967273029,185.37975593861808,186.2784881591797,17931883,1.2045146226882935,187.33701497465216,188.4853967273029,185.37975593861808,186.2784881591797
2023-02-07,187.3769871936536,189.83354575270263,186.31847541787025,188.57530212402344,27257436,1.2026747465133667,187.3769871936536,189.83354575270263,186.31847541787025,188.57530212402344
2023-02-08,189.1344970413277,190.11313426924363,188.2157885061125,189.4540557861328,20120348,1.2054582834243774,189.1344970413277,190.11313426924363,188.2157885061125,189.4540557861328
2023-02-09,189.2942760539005,192.9091967325888,189.1344966818017,189.334228515625,158538872,1.2071462869644165,189.2942760539005,192.9091967325888,189.1344966818017,189.334228515625
2023-02-10,187.01745110222228,188.5932418308936,185.1600580252047,185.4596405029297,46689161,1.2116806507110596,187.01745110222228,188.5932418308936,185.1600580252047,185.4596405029297
2023-02-13,186.33841362516145,187.2970592788692,185.18003615931653,186.05880737304688,21870906,1.2052258253097534,186.33841362516145,187.2970592788692,185.18003615931653,186.05880737304688
2023-02-14,186.31846588138256,188.6951346251065,185.739277059912,187.05743408203125,21599769,1.215214490890503,186.31846588138256,188.6951346251065,185.739277059912,187.05743408203125
2023-02-15,174.75467696013106,176.7318970386941,167.34508048550933,172.35804748535156,144966337,1.2174336910247803,174.75467696013106,176.7318970386941,167.34508048550933,172.35804748535156
2023-02-16,172.09837593758806,175.11414616887032,170.3408489402468,174.41513061523438,49374194,1.2039779424667358,172.09837593758806,175.11414616887032,170.3408489402468,174.41513061523438
2023-02-17,173.07703455357196,176.15270337347553,172.03848396934117,173.25677490234375,64702066,1.197533130645752,173.07703455357196,176.15270337347553,172.03848396934117,173.25677490234375
2023-02-20,174.1555170868084,176.4522959560661,173.51641485894007,175.63345336914062,35128709,1.2029786109924316,174.1555170868084,176.4522959560661,173.51641485894007,175.63345336914062
2023-02-21,175.79320592760055,175.9729615122255,171.1796875,171.1796875,114830121,1.2039200067520142,175.79320592760055,175.9729615122255,171.1796875,171.1796875
2023-02-22,170.08124809837432,172.937224244564,168.50346115692622,172.57774353027344,35163655,1.2109322547912598,170.08124809837432,172.937224244564,168.50346115692622,172.57774353027344
2023-02-23,168.23257224727377,174.6853899531519,167.89295427375606,172.40792846679688,40518994,1.204993486404419,168.23257224727377,174.6853899531519,167.89295427375606,172.40792846679688
2023-02-24,172.80745676922473,174.2858053108741,170.12044821082924,170.39015197753906,47280571,1.2017786502838135,172.80745676922473,174.2858053108741,170.12044821082924,170.39015197753906
2023-02-27,171.2092504306206,172.987268328071,171.2092504306206,172.4478759765625,65039485,1.1952428817749023,171.2092504306206,172.987268328071,171.2092504306206,172.4478759765625
2023-02-28,170.88962738843253,175.2247942642296,170.80971458183325,174.44566345214844,77677027,1.2061562538146973,170.88962738843253,175.2247942642296,170.80971458183325,174.44566345214844
2023-03-01,175.30467568774122,176.6032318893451,173.48270060379085,174.2258758544922,66688362,1.2033549547195435,175.30467568774122,176.6032318893451,173.48270060379085,174.2258758544922
2023-03-02,173.98615267752874,174.9071389251297,171.40903729950867,171.56884765625,47614942,1.2029930353164673,173.98615267752874,174.9071389251297,171.40903729950867,171.56884765625
2023-03-03,171.76864613189372,173.20703086757825,170.37019493519355,171.28916931152344,28320132,1.1951572895050049,171.76864613189372,173.20703086757825,170.37019493519355,171.28916931152344
2023-03-06,171.28919542056522,172.26811598001157,170.3702209041591,172.1482391357422,12810497,1.2028483152389526,171.28919542056522,172.26811598001157,170.3702209041591,172.1482391357422
2023-03-07,171.72867123715147,172.82745316200854,168.5122535027239,168.7320098876953,40741359,1.2026457786560059,171.72867123715147,172.82745316200854,168.5122535027239,168.7320098876953
2023-03-08,167.9129468288709,198.64070873222792,167.77310322853435,168.69207763671875,54618563,1.1827740669250488,167.9129468288709,198.64070873222792,167.77310322853435,168.69207763671875
2023-03-09,167.11381550195,167.6602038212618,162.1793107708476,163.23812866210938,49699846,1.1850166320800781,167.11381550195,167.6602038212618,162.1793107708476,163.23812866210938
2023-03-10,151.11167489884704,158.8230863484434,151.11167489884704,157.24484252929688,115174718,1.192250370979309,151.11167489884704,158.8230863484434,151.11167489884704,157.24484252929688
2023-03-13,156.8253145883774,157.36470705317606,145.89748449620447,147.31590270996094,137764902,1.2079336643218994,156.8253145883774,157.36470705317606,145.89748449620447,147.31590270996094
2023-03-14,147.07614945070765,155.3069698118192,146.03729827931156,151.89077758789062,101874320,1.2171372175216675,147.07614945070765,155.3069698118192,146.03729827931156,151.89077758789062
2023-03-15,150.83194437959682,152.33027495290406,137.9063435285105,138.08615112304688,149633932,1.215214490890503,150.83194437959682,152.33027495290406,137.9063435285105,138.08615112304688
2023-03-16,141.84197562194728,143.64396889817863,139.64442693532104,142.2215576171875,158923216,1.20692777633667,141.84197562194728,143.64396889817863,139.64442693532104,142.2215576171875
2023-03-17,142.26151157260836,145.37803472368807,137.58672684598875,139.40469360351562,144812125,1.2110495567321777,142.26151157260836,145.37803472368807,137.58672684598875,139.40469360351562
2023-03-20,131.43355788665866,137.886359596971,127.97740203936516,136.20823669433594,147930521,1.2187690734863281,131.43355788665866,137.886359596971,127.97740203936516,136.20823669433594
2023-03-21,139.02509804409112,144.9794777736256,138.60556729478307,142.98069763183594,101651780,1.2276264429092407,139.02509804409112,144.9794777736256,138.60556729478307,142.98069763183594
2023-03-22,141.26262560903595,147.84829121739807,140.5234435960042,142.50125122070312,96414561,1.2225087881088257,141.26262560903595,147.84829121739807,140.5234435960042,142.50125122070312
2023-03-23,140.94297369215477,144.2792528956996,139.4845918426743,139.6244354248047,75878807,1.227973222732544,140.94297369215477,144.2792528956996,139.4845918426743,139.6244354248047
2023-03-24,137.20713263410005,137.84641976828064,129.91525375741645,133.7509765625,124849932,1.228154182434082,137.20713263410005,137.84641976828064,129.91525375741645,133.7509765625
2023-03-27,137.14721865349205,138.6055854624596,134.88972377661025,136.84754943847656,88189227,1.2246003150939941,137.14721865349205,138.6055854624596,134.88972377661025,136.84754943847656
2023-03-28,138.8453103747758,140.26372826325658,135.68882340174702,137.02732849121094,80446359,1.229755163192749,138.8453103747758,140.26372826325658,135.68882340174702,137.02732849121094
2023-03-29,137.64666365463285,141.88193576468305,137.44987665121812,141.86196899414062,136034186,1.2330456972122192,137.64666365463285,141.88193576468305,137.44987665121812,141.86196899414062
2023-03-30,142.40136430705613,146.3170005086459,142.1306697634762,144.6588592529297,110866685,1.2313603162765503,142.40136430705613,146.3170005086459,142.1306697634762,144.6588592529297
2023-03-31,143.7798255518612,146.87636671698027,143.77282956151467,145.63775634765625,70480092,1.2387275695800781,143.7798255518612,146.87636671698027,143.77282956151467,145.63775634765625
2023-04-03,146.4967758548845,149.79310611072984,146.29700149673164,148.09498596191406,61316572,1.228697419166565,146.4967758548845,149.79310611072984,146.29700149673164,148.09498596191406
2023-04-04,148.37468281213938,150.05282106231135,146.3369598388672,146.3369598388672,85429670,1.2423131465911865,148.37468281213938,150.05282106231135,146.3369598388672,146.3369598388672
2023-04-05,148.2348542655249,150.05283628414912,146.89634907662233,147.5556182861328,79983446,1.249843716621399,148.2348542655249,150.05283628414912,146.89634907662233,147.5556182861328
2023-04-06,148.39467121523225,152.0905505882459,148.2748096357014,151.45126342773438,77732100,1.2463078498840332,148.39467121523225,152.0905505882459,148.2748096357014,151.45126342773438
2023-04-11,151.61110569311504,154.00842899809027,151.57115690948305,152.37025451660156,155427194,1.239218831062317,151.61110569311504,154.00842899809027,151.57115690948305,152.37025451660156
2023-04-12,153.2092996074832,154.42794301988243,152.53004849217226,152.8896484375,75043727,1.2431007623672485,153.2092996074832,154.42794301988243,152.53004849217226,152.8896484375
2023-04-13,152.41020591806117,154.4199603155579,152.05060592791918,152.76980590820312,67937747,1.2492660284042358,152.41020591806117,154.4199603155579,152.05060592791918,152.76980590820312
2023-04-14,153.52895878572372,158.4035331735147,152.86968957915022,157.70431518554688,102778899,1.2525300979614258,153.52895878572372,158.4035331735147,152.86968957915022,157.70431518554688
2023-04-17,158.74314260905152,158.90296820963576,153.4090889344698,154.10830688476562,48532054,1.2400178909301758,158.74314260905152,158.90296820963576,153.4090889344698,154.10830688476562
2023-04-18,155.42683901486097,157.04503124112895,154.7875518798828,154.7875518798828,34842720,1.2375471591949463,155.42683901486097,157.04503124112895,154.7875518798828,154.7875518798828
2023-04-19,154.44793523707574,155.88633525541087,154.08833523249194,155.22706604003906,23709051,1.2425447702407837,154.44793523707574,155.88633525541087,154.08833523249194,155.22706604003906
2023-04-20,156.08610113815368,157.84415228328837,153.92851647010133,154.28811645507812,51785070,1.2428845167160034,156.08610113815368,157.84415228328837,153.92851647010133,154.28811645507812
2023-04-21,153.16936810585827,154.34806299313195,152.01065523140213,153.06948852539062,34635495,1.2440905570983887,153.16936810585827,154.34806299313195,152.01065523140213,153.06948852539062
2023-04-24,152.13050203353313,154.85745943509522,151.90973970209706,154.02838134765625,36313960,1.2449734210968018,152.13050203353313,154.85745943509522,151.90973970209706,154.02838134765625
2023-04-25,153.3491478039831,154.06834771630656,150.67212252104417,151.29144287109375,41514946,1.25,153.3491478039831,154.06834771630656,150.67212252104417,151.29144287109375
2023-04-26,151.2914435882548,154.30807159067027,149.51341056638827,153.6887664794922,49550436,1.2414803504943848,151.2914435882548,154.30807159067027,149.51341056638827,153.6887664794922
2023-04-27,156.04616441814608,162.29420892430826,155.22706957280454,161.85968017578125,78793688,1.2471472024917603,156.04616441814608,162.29420892430826,155.22706957280454,161.85968017578125
2023-04-28,160.2015309929272,162.69874894584447,156.76535665102364,159.70208740234375,41563257,1.249750018119812,160.2015309929272,162.69874894584447,156.76535665102364,159.70208740234375
2023-05-02,157.96401397037909,161.8596677754023,154.30808332762908,154.767578125,49769428,1.2485953569412231,157.96401397037909,161.8596677754023,154.30808332762908,154.767578125
2023-05-03,156.20595431588615,156.2459030895883,151.57111923432754,153.08941650390625,73452404,1.2476606369018555,156.20595431588615,156.2459030895883,151.57111923432754,153.08941650390625
2023-05-04,152.01062979084804,153.60885522895003,146.57669683327745,148.0750274658203,41318797,1.256897211074829,152.01062979084804,153.60885522895003,146.57669683327745,148.0750274658203
2023-05-05,149.2537318931743,153.6887937464438,149.2537318931743,153.06948852539062,35537126,1.2583364248275757,149.2537318931743,153.6887937464438,149.2537318931743,153.06948852539062
2023-05-09,154.2681470254012,155.8863394688617,152.72985214795506,153.4091033935547,71557794,1.2612725496292114,154.2681470254012,155.8863394688617,152.72985214795506,153.4091033935547
2023-05-10,153.86859443850042,155.94628187113616,152.51010708800055,153.0495147705078,100719834,1.2624667882919312,153.86859443850042,155.94628187113616,152.51010708800055,153.0495147705078
2023-05-11,153.52896050621632,154.76758612864614,150.65217571750938,153.3092041015625,37699768,1.2626996040344238,153.52896050621632,154.76758612864614,150.65217571750938,153.3092041015625
2023-05-12,154.7875624505518,155.50674718993474,153.48900608218878,153.72872924804688,22601842,1.2508130073547363,154.7875624505518,155.50674718993474,153.48900608218878,153.72872924804688
2023-05-15,155.62661915163002,155.80641152040545,153.3091936753594,154.8474884033203,14615597,1.2450973987579346,155.62661915163002,155.80641152040545,153.3091936753594,154.8474884033203
2023-05-16,155.04727476418097,156.40576198653844,153.88856193650358,154.22817993164062,65808944,1.2525207996368408,155.04727476418097,156.40576198653844,153.88856193650358,154.22817993164062
2023-05-17,153.14940666906745,156.0661557278062,152.62998101039025,155.78646850585938,19770009,1.2484394311904907,153.14940666906745,156.0661557278062,152.62998101039025,155.78646850585938
2023-05-18,157.58442505678613,159.10273773236904,157.4046326929737,157.88409423828125,24764647,1.2482805252075195,157.58442505678613,159.10273773236904,157.4046326929737,157.88409423828125
2023-05-19,158.42350470872086,160.20152257846422,157.30474076014616,159.24258422851562,39076824,1.2412338256835938,158.42350470872086,160.20152257846422,157.30474076014616,159.24258422851562
2023-05-22,158.14381958644856,160.83081319444213,157.64437601560982,159.90185546875,48913521,1.2461059093475342,158.14381958644856,160.83081319444213,157.64437601560982,159.90185546875
2023-05-23,160.1815434352968,163.57775363694665,159.68209986200662,163.25811767578125,25118768,1.243440866470337,160.1815434352968,163.57775363694665,159.68209986200662,163.25811767578125
2023-05-24,161.1604390334142,161.50005698511822,157.58442143127607,158.48342895507812,26590965,1.2417269945144653,161.1604390334142,161.50005698511822,157.58442143127607,158.48342895507812
2023-05-25,157.8042003404322,158.50341835312673,155.227069457807,156.80531311035156,21692176,1.2371032238006592,157.8042003404322,158.50341835312673,155.227069457807,156.80531311035156
2023-05-26,157.72429972151804,157.844176562822,154.12831456042542,157.14495849609375,35862972,1.2318304777145386,157.72429972151804,157.844176562822,154.12831456042542,157.14495849609375
2023-05-30,156.8452763241732,157.7842327542847,154.9074326691447,155.6266326904297,18218560,1.234933853149414,156.8452763241732,157.7842327542847,154.9074326691447,155.6266326904297
2023-05-31,154.62774149895847,155.24704668514138,150.37247227521138,151.1715850830078,87428261,1.241187572479248,154.62774149895847,155.24704668514138,150.37247227521138,151.1715850830078
2023-06-01,151.8508415995321,154.06837247863643,151.11165955922743,152.45016479492188,66415327,1.244694471359253,151.8508415995321,154.06837247863643,151.11165955922743,152.45016479492188
2023-06-02,153.8286327741007,157.18489446248074,153.80865076187794,156.58555603027344,46644665,1.2525991201400757,153.8286327741007,157.18489446248074,153.80865076187794,156.58555603027344
2023-06-05,156.98511286249857,158.40353082904232,154.36801808654087,155.6066436767578,17458498,1.2430236339569092,156.98511286249857,158.40353082904232,154.36801808654087,155.6066436767578
2023-06-06,154.80752325960307,158.04392305036075,153.16934897480652,158.02394104003906,24565612,1.2433171272277832,154.80752325960307,158.04392305036075,153.16934897480652,158.02394104003906
2023-06-07,158.10386784975825,158.44348584628236,156.26591902430027,158.0639190673828,23106469,1.2428536415100098,158.10386784975825,158.44348584628236,156.26591902430027,158.0639190673828
2023-06-08,158.60330110779486,159.46234466998854,156.7653524022948,157.42462158203125,17716412,1.2445859909057617,158.60330110779486,159.46234466998854,156.7653524022948,157.42462158203125
2023-06-09,157.44460535981034,158.18378742074546,155.44683083580082,156.16603088378906,31345921,1.2559500932693481,157.44460535981034,158.18378742074546,155.44683083580082,156.16603088378906
2023-06-12,156.90519416750104,157.4545851442187,155.00729945173163,155.06724548339844,26578620,1.25809907913208,156.90519416750104,157.4545851442187,155.00729945173163,155.06724548339844
2023-06-13,155.3069816005867,157.26480726956234,153.70877118438304,156.58555603027344,103425892,1.2515331506729126,155.3069816005867,157.26480726956234,153.70877118438304,156.58555603027344
2023-06-14,156.8652217858263,158.6032908081321,156.52660979281072,157.26478576660156,20989017,1.2606843709945679,156.8652217858263,158.6032908081321,156.52660979281072,157.26478576660156
2023-06-15,157.26480941550778,157.5844454063863,152.94960922507522,153.6288604736328,77609910,1.26708984375,157.26480941550778,157.5844454063863,152.94960922507522,153.6288604736328
2023-06-16,153.90853560948156,155.20709196725787,152.82973564648933,153.76869201660156,101253358,1.278576135635376,153.90853560948156,155.20709196725787,152.82973564648933,153.76869201660156
2023-06-19,153.52895351042656,155.68655343499918,152.95159380526815,153.2892303466797,13924531,1.2830382585525513,153.52895351042656,155.68655343499918,152.95159380526815,153.2892303466797
2023-06-20,153.3891208612588,155.8663569281697,153.0894516433867,154.14828491210938,19125932,1.2794759273529053,153.3891208612588,155.8663569281697,153.0894516433867,154.14828491210938
2023-06-21,153.14937343762816,153.96845291222553,151.21153007619034,151.29144287109375,41614170,1.276535987854004,153.14937343762816,153.96845291222553,151.21153007619034,151.29144287109375
2023-06-22,149.4934552829714,149.59333485339147,146.7165502112742,146.7964630126953,52493524,1.2772045135498047,149.4934552829714,149.59333485339147,146.7165502112742,146.7964630126953
2023-06-23,145.35806458373838,146.01731852915972,143.14053385709855,145.0583953857422,41598622,1.2747135162353516,145.35806458373838,146.01731852915972,143.14053385709855,145.0583953857422
2023-06-26,144.45905882553936,145.4579460036815,141.09880394341727,144.75872802734375,33921705,1.2729610204696655,144.45905882553936,145.4579460036815,141.09880394341727,144.75872802734375
2023-06-27,145.09833241460316,147.15605261189322,144.15939135824485,146.15716552734375,21529834,1.2711971998214722,145.09833241460316,147.15605261189322,144.15939135824485,146.15716552734375
2023-06-28,146.8564035513644,148.81421396980753,146.51078028123112,148.1749267578125,28271599,1.2744698524475098,146.8564035513644,148.81421396980753,146.51078028123112,148.1749267578125
2023-06-29,148.51454960429393,152.39922969492366,148.3647226129223,151.15162658691406,41115318,1.2642544507980347,148.51454960429393,152.39922969492366,148.3647226129223,151.15162658691406
2023-06-30,152.64996089107038,154.42797902366576,152.27037884867013,153.20933532714844,39518151,1.2614636421203613,152.64996089107038,154.42797902366576,152.27037884867013,153.20933532714844
2023-07-03,154.40798712559183,156.58555393260872,154.1482819374128,155.4468231201172,28280882,1.2693254947662354,154.40798712559183,156.58555393260872,154.1482819374128,155.4468231201172
2023-07-04,154.86744874446111,156.0661254537806,151.81085666767288,152.3902130126953,17870487,1.269293189048767,154.86744874446111,156.0661254537806,151.81085666767288,152.3902130126953
2023-07-05,150.83195469632375,152.48811429207575,149.2337292120899,149.87301635742188,43163289,1.2717629671096802,150.83195469632375,152.48811429207575,149.2337292120899,149.87301635742188
2023-07-06,147.73540470639549,148.6094309704437,145.75761239945564,146.5367431640625,38697741,1.2704542875289917,147.73540470639549,148.6094309704437,145.75761239945564,146.5367431640625
2023-07-07,146.01732239176366,149.27370439202372,146.01732239176366,148.55450439453125,29450409,1.2742749452590942,146.01732239176366,149.27370439202372,146.01732239176366,148.55450439453125
2023-07-10,147.59556598393831,149.3336351848466,147.2959120198239,148.55450439453125,23448396,1.2838947772979736,147.59556598393831,149.3336351848466,147.2959120198239,148.55450439453125
2023-07-11,148.214888507476,149.85306291568585,148.07504490830476,149.6932373046875,48047287,1.2864713668823242,148.214888507476,149.85306291568585,148.07504490830476,149.6932373046875
2023-07-12,150.6122007786301,156.9651235577355,150.3125315902009,154.6277313232422,47980417,1.2934770584106445,150.6122007786301,156.9651235577355,150.3125315902009,154.6277313232422
2023-07-13,154.48789742079575,156.38577699683336,153.86857699472776,155.5267333984375,71642871,1.29962956905365,154.48789742079575,156.38577699683336,153.86857699472776,155.5267333984375
2023-07-14,155.52673712742802,157.34471918415124,154.76758832717306,154.9274139404297,41907830,1.3128528594970703,155.52673712742802,157.34471918415124,154.76758832717306,154.9274139404297
2023-07-17,154.16823495008606,156.78532957752745,154.16823495008606,155.88632202148438,19453247,1.3090204000473022,154.16823495008606,156.78532957752745,154.16823495008606,155.88632202148438
2023-07-18,155.32694975111843,159.20263671875,154.68766259332634,159.20263671875,39312111,1.307172417640686,155.32694975111843,159.20263671875,154.68766259332634,159.20263671875
2023-07-19,163.2980856268842,164.41684972682972,161.12051870775477,164.09719848632812,118509859,1.303508996963501,163.2980856268842,164.41684972682972,161.12051870775477,164.09719848632812
2023-07-20,164.31693709797256,166.2547806185468,164.17709350585938,164.17709350585938,29099236,1.2939791679382324,164.31693709797256,166.2547806185468,164.17709350585938,164.17709350585938
2023-07-21,164.0572284714649,164.91627201688124,162.53891575918783,163.07830810546875,48356749,1.2872332334518433,164.0572284714649,164.91627201688124,162.53891575918783,163.07830810546875
2023-07-24,160.98065765626657,164.3568858778013,160.88076284398213,164.17709350585938,17236701,1.2853471040725708,160.98065765626657,164.3568858778013,160.88076284398213,164.17709350585938
2023-07-25,164.6565510414854,164.96920624963627,163.0982895555736,163.33802795410156,18551553,1.281262755393982,164.6565510414854,164.96920624963627,163.0982895555736,163.33802795410156
2023-07-26,161.8197059553364,163.87741088867188,160.11160235274602,163.87741088867188,27428782,1.2893908023834229,161.8197059553364,163.87741088867188,160.11160235274602,163.87741088867188
2023-07-27,155.8264044616151,158.66324047454876,152.88967363114904,155.22706604003906,104746692,1.292724609375,155.8264044616151,158.66324047454876,152.88967363114904,155.22706604003906
2023-07-28,152.94958636756104,156.52161062580197,152.87168548990914,155.56668090820312,37756906,1.2793776988983154,152.94958636756104,156.52161062580197,152.87168548990914,155.56668090820312
2023-07-31,155.06723904882276,156.52560568089433,154.7875518798828,154.7875518798828,41439055,1.2853965759277344,155.06723904882276,156.52560568089433,154.7875518798828,154.7875518798828
2023-08-01,153.82862612147113,155.34693890674018,151.25149536132812,151.25149536132812,41550164,1.283400535583496,153.82862612147113,155.34693890674018,151.25149536132812,151.25149536132812
2023-08-02,148.33473532003188,150.0128583429383,145.8175355438646,146.29701232910156,57040917,1.2795741558074951,148.33473532003188,150.0128583429383,145.8175355438646,146.29701232910156
2023-08-03,145.797582559946,149.97292374393135,144.7986953589762,148.9940185546875,57132976,1.2720379829406738,145.797582559946,149.97292374393135,144.7986953589762,148.9940185546875
2023-08-04,149.83308359222696,151.91875755520675,148.87414515084055,150.572265625,26360950,1.2716336250305176,149.83308359222696,151.91875755520675,148.87414515084055,150.572265625
2023-08-07,150.9518145828882,152.35026567638712,149.75315310403744,150.65216064453125,40570055,1.2747948169708252,150.9518145828882,152.35026567638712,149.75315310403744,150.65216064453125
2023-08-08,149.03395663743683,150.37246173261315,145.91743367151986,146.91632080078125,40910767,1.2782002687454224,149.03395663743683,150.37246173261315,145.91743367151986,146.91632080078125
2023-08-09,149.3935679192926,150.57226274676125,148.59445510704748,148.7342987060547,86031726,1.2741613388061523,149.3935679192926,150.57226274676125,148.59445510704748,148.7342987060547
2023-08-10,147.50242590883784,149.1408971189584,146.96293579770025,147.86209106445312,36325951,1.2720056772232056,147.50242590883784,149.1408971189584,146.96293579770025,147.86209106445312
2023-08-11,147.1827397729622,148.5514583773502,145.9838456946911,146.46340942382812,31925648,1.2670094966888428,147.1827397729622,148.5514583773502,145.9838456946911,146.46340942382812
2023-08-14,146.10372946923758,146.80307411443488,144.98476279235197,145.7440643310547,39239686,1.2695027589797974,146.10372946923758,146.80307411443488,144.98476279235197,145.7440643310547
2023-08-15,145.8639956449624,146.27361737362224,142.8667902549974,143.40628051757812,28344045,1.2685203552246094,145.8639956449624,146.27361737362224,142.8667902549974,143.40628051757812
2023-08-16,143.1465000432306,145.66415634397094,142.7069075667203,144.86489868164062,50752319,1.2701315879821777,143.1465000432306,145.66415634397094,142.7069075667203,144.86489868164062
2023-08-17,144.70505391747182,145.96388977553107,144.46528727370662,145.28451538085938,29310433,1.2728151082992554,144.70505391747182,145.96388977553107,144.46528727370662,145.28451538085938
2023-08-18,144.50525787297255,145.5442823380787,143.206465858159,144.1056365966797,27512973,1.275022268295288,144.50525787297255,145.5442823380787,143.206465858159,144.1056365966797
2023-08-21,143.7259794526854,145.92392686570855,143.5261688232422,143.5261688232422,22173472,1.2741937637329102,143.7259794526854,145.92392686570855,143.5261688232422,143.5261688232422
2023-08-22,144.4053137253619,145.18659800033393,142.56703186035156,142.56703186035156,34256300,1.2760798931121826,144.4053137253619,145.18659800033393,142.56703186035156,142.56703186035156
2023-08-23,142.66694115363464,144.1155869860359,142.56702823640524,142.90670776367188,86181183,1.2731555700302124,142.66694115363464,144.1155869860359,142.56702823640524,142.90670776367188
2023-08-24,145.04472228880653,145.90392159993485,143.8258730398109,144.4053192138672,24601950,1.2720541954040527,145.04472228880653,145.90392159993485,143.8258730398109,144.4053192138672
2023-08-25,145.52428301896407,145.88394819396524,143.50616091231478,143.84584045410156,20465367,1.2592872381210327,145.52428301896407,145.88394819396524,143.50616091231478,143.84584045410156
2023-08-29,145.18463546990117,149.8203125,145.08472252638413,149.8203125,52760042,1.2611136436462402,145.18463546990117,149.8203125,145.08472252638413,149.8203125
2023-08-30,150.4796526876305,152.39786186961186,148.84118139190238,148.901123046875,29777075,1.2636793851852417,150.4796526876305,152.39786186961186,148.84118139190238,148.901123046875
2023-08-31,148.86117339217603,149.76032874436706,147.2227020263672,147.2227020263672,56729612,1.271179437637329,148.86117339217603,149.76032874436706,147.2227020263672,147.2227020263672
2023-09-01,147.96201507007055,149.84025302832495,147.83412835720685,148.92111206054688,27326603,1.2672826051712036,147.96201507007055,149.84025302832495,147.83412835720685,148.92111206054688
2023-09-04,149.80030078892594,151.99824796256416,149.47560664587235,150.6595001220703,30146626,1.2591445446014404,149.80030078892594,151.99824796256416,149.47560664587235,150.6595001220703
2023-09-05,149.84025939735918,151.35884748216213,148.24175926376296,149.50057983398438,64373046,1.2623074054718018,149.84025939735918,151.35884748216213,148.24175926376296,149.50057983398438
2023-09-06,148.5414577513091,150.21990031203094,147.92204032433526,149.08096313476562,25186830,1.2570552825927734,148.5414577513091,150.21990031203094,147.92204032433526,149.08096313476562
2023-09-07,148.36165238728702,149.60050264947645,147.68229321563612,147.84213256835938,24059524,1.2498750686645508,148.36165238728702,149.60050264947645,147.68229321563612,147.84213256835938
2023-09-08,147.36256694119243,148.58143142630564,145.72409562023932,148.1018829345703,92559662,1.2475050687789917,147.36256694119243,148.58143142630564,145.72409562023932,148.1018829345703
2023-09-11,147.80216489363258,150.43970456288093,147.80216489363258,149.7603302001953,28151720,1.2489992380142212,147.80216489363258,150.43970456288093,147.80216489363258,149.7603302001953
2023-09-12,150.65949636929457,153.6167298762888,150.4596857665904,153.43690490722656,42675861,1.2508755922317505,150.65949636929457,153.6167298762888,150.4596857665904,153.43690490722656
2023-09-13,153.97640237961778,157.81283625896722,153.59676678980205,157.093505859375,45204574,1.2491724491119385,153.97640237961778,157.81283625896722,153.59676678980205,157.093505859375
2023-09-14,157.23338094535632,160.3105132759546,156.61394820541844,159.9308624267578,46592313,1.248953938484192,157.23338094535632,160.3105132759546,156.61394820541844,159.9308624267578
2023-09-15,160.86997783257726,163.4475758102017,160.1706330893238,161.3095703125,95245108,1.2401869297027588,160.86997783257726,163.4475758102017,160.1706330893238,161.3095703125
2023-09-18,160.6302048576792,161.94898237050873,158.39329245252546,158.6520538330078,30159436,1.2397565841674805,160.6302048576792,161.94898237050873,158.39329245252546,158.6520538330078
2023-09-19,157.8528058748925,159.99081162316187,157.51312628044172,159.07167053222656,35030804,1.2383747100830078,157.8528058748925,159.99081162316187,157.51312628044172,159.07167053222656
2023-09-20,160.1106639891655,161.98891708043928,159.43130493164062,159.43130493164062,49443117,1.2393569946289062,160.1106639891655,161.98891708043928,159.43130493164062,159.43130493164062
2023-09-21,156.05446670036517,157.65298209140065,153.61673758909373,156.5540008544922,101649512,1.2328935861587524,156.05446670036517,157.65298209140065,153.61673758909373,156.5540008544922
2023-09-22,156.05446269111715,158.37230842411276,154.77565650897202,155.17529296875,63665727,1.2294225692749023,156.05446269111715,158.37230842411276,154.77565650897202,155.17529296875
2023-09-25,154.09630378168177,157.77286789660386,152.85745357187656,153.49685668945312,31285690,1.2241849899291992,154.09630378168177,157.77286789660386,152.85745357187656,153.49685668945312
2023-09-26,156.0944223916656,160.86996720896184,155.71477159415443,159.5312042236328,57010417,1.2213143110275269,156.0944223916656,160.86996720896184,155.71477159415443,159.5312042236328
2023-09-27,158.0925700686628,160.5302838657039,157.32328322480927,157.97267150878906,44397025,1.2146830558776855,158.0925700686628,160.5302838657039,157.32328322480927,157.97267150878906
2023-09-28,157.27333611129217,158.97174923884236,156.7738019417437,158.93179321289062,31913112,1.2135332822799683,157.27333611129217,158.97174923884236,156.7738019417437,158.93179321289062
2023-09-29,158.85187281616146,159.83095556252258,158.2724113249675,158.79193115234375,47529159,1.2204796075820923,158.85187281616146,159.83095556252258,158.2724113249675,158.79193115234375
2023-10-02,158.85186519151335,160.2006135409686,155.67483520507812,155.67483520507812,34149954,1.2193039655685425,158.85186519151335,160.2006135409686,155.67483520507812,155.67483520507812
2023-10-03,154.87556170781227,156.61393067625391,153.94642032418707,154.13624572753906,49422328,1.209116816520691,154.87556170781227,156.61393067625391,153.94642032418707,154.13624572753906
2023-10-04,152.917389985814,155.2352357353652,152.1980595976479,153.73663330078125,47005528,1.2078461647033691,152.917389985814,155.2352357353652,152.1980595976479,153.73663330078125
2023-10-05,153.4968507713966,153.716647013768,151.43877254243893,152.37789916992188,40701456,1.2137395143508911,153.4968507713966,153.716647013768,151.43877254243893,152.37789916992188
2023-10-06,152.65761862542095,155.03539049126024,151.47871026381844,154.61578369140625,27501875,1.2187690734863281,152.65761862542095,155.03539049126024,151.47871026381844,154.61578369140625
2023-10-09,152.6176730019901,154.0763194752179,151.44077672595716,151.8783721923828,65100536,1.222090482711792,152.6176730019901,154.0763194752179,151.44077672595716,151.8783721923828
2023-10-10,153.33699796242908,157.5330817611157,151.0791090991469,156.63392639160156,46151859,1.2250398397445679,153.33699796242908,157.5330817611157,151.0791090991469,156.63392639160156
2023-10-11,155.37511222165136,158.29238993977725,154.39601427414604,157.03355407714844,31683307,1.229135513305664,155.37511222165136,158.29238993977725,154.39601427414604,157.03355407714844
2023-10-12,157.73292706865954,158.53216960920685,151.01918606495718,152.1381378173828,70870493,1.2316333055496216,157.73292706865954,158.53216960920685,151.01918606495718,152.1381378173828
2023-10-13,151.6785573536728,154.49592204605975,150.55959048597612,152.9373779296875,48831138,1.2183235883712769,151.6785573536728,154.49592204605975,150.55959048597612,152.9373779296875
2023-10-16,153.037260214309,154.25612464309705,151.87835268321749,153.1171875,53256134,1.215376853942871,153.037260214309,154.25612464309705,151.87835268321749,153.1171875
2023-10-17,152.69759638814352,155.09536947176494,151.918324328224,154.65577697753906,49166082,1.2211503982543945,152.69759638814352,155.09536947176494,151.918324328224,154.65577697753906
2023-10-18,155.13531068350738,155.77471372917256,151.2988924095164,151.4987030029297,32855695,1.2178784608840942,155.13531068350738,155.77471372917256,151.2988924095164,151.4987030029297
2023-10-19,150.35977374458005,152.41785192946074,147.50243789951813,147.66229248046875,60376953,1.214343786239624,150.35977374458005,152.41785192946074,147.50243789951813,147.66229248046875
2023-10-20,146.72317324971877,147.7222415640313,144.18554643897696,144.72503662109375,71027245,1.2137248516082764,146.72317324971877,147.7222415640313,144.18554643897696,144.72503662109375
2023-10-23,145.14464242508575,145.64417657859846,143.3463164235255,143.90579223632812,43059578,1.2163970470428467,145.14464242508575,145.64417657859846,143.3463164235255,143.90579223632812
2023-10-24,136.35283891969542,139.72969469168692,129.45927366642238,134.51455688476562,119659255,1.2250248193740845,136.35283891969542,139.72969469168692,129.45927366642238,134.51455688476562
2023-10-25,132.1567443952792,134.75432789406477,131.29754510671825,133.0958709716797,76612630,1.216189980506897,132.1567443952792,134.75432789406477,131.29754510671825,133.0958709716797
2023-10-26,131.55728455228223,133.77521702906748,130.49827476949778,132.1167755126953,70540765,1.210345983505249,131.55728455228223,133.77521702906748,130.49827476949778,132.1167755126953
2023-10-27,131.15768423938658,132.97599584940238,128.5201445565763,129.07962036132812,98106787,1.213710069656372,131.15768423938658,132.97599584940238,128.5201445565763,129.07962036132812
2023-10-30,128.42023385946473,130.95787590381897,128.00062699861448,130.53826904296875,60102076,1.2113723754882812,128.42023385946473,130.95787590381897,128.00062699861448,130.53826904296875
2023-10-31,130.63815756718108,132.6562796803503,129.33938105090962,131.47738647460938,55502586,1.2165746688842773,130.63815756718108,132.6562796803503,129.33938105090962,131.47738647460938
2023-11-01,131.5772840765794,132.87607583667926,128.7998755906867,129.219482421875,64118027,1.215214490890503,131.5772840765794,132.87607583667926,128.7998755906867,129.219482421875
2023-11-02,129.7789752990231,133.27571459762962,129.51922301060168,133.11587524414062,35920598,1.2182197570800781,129.7789752990231,133.27571459762962,129.51922301060168,133.11587524414062
2023-11-03,134.07494637011257,137.20302554100346,132.036853995646,136.21295166015625,35763911,1.2191851139068604,134.07494637011257,137.20302554100346,132.036853995646,136.21295166015625
2023-11-06,136.37284531181834,137.8714480075526,135.11402453544852,136.17303466796875,34139210,1.237378716468811,136.37284531181834,137.8714480075526,135.11402453544852,136.17303466796875
2023-11-07,135.67345656471954,137.19204440716103,134.7543157045647,136.0930633544922,26541070,1.2345526218414307,135.67345656471954,137.19204440716103,134.7543157045647,136.0930633544922
2023-11-08,134.43463354363155,136.97227566706854,132.71623477731814,135.89328002929688,29514626,1.2291808128356934,134.43463354363155,136.97227566706854,132.71623477731814,135.89328002929688
2023-11-09,135.81336203626773,137.48180445090307,134.71438068790954,136.85238647460938,57710185,1.2285012006759644,135.81336203626773,137.48180445090307,134.71438068790954,136.85238647460938
2023-11-10,136.3328746069943,136.43277229587935,133.97507267636612,135.4536895751953,25413757,1.2217023372650146,136.3328746069943,136.43277229587935,133.97507267636612,135.4536895751953
2023-11-13,136.4327696354777,137.1720856927625,134.45461859707672,136.61260986328125,31803455,1.2228227853775024,136.4327696354777,137.1720856927625,134.45461859707672,136.61260986328125
2023-11-14,136.35282758344167,138.5108186161141,135.01407981569113,138.33099365234375,26715991,1.228063702583313,136.35282758344167,138.5108186161141,135.01407981569113,138.33099365234375
2023-11-15,138.87049457761037,142.06751010889985,138.55078540219515,139.7496795654297,64647934,1.2494533061981201,138.87049457761037,142.06751010889985,138.55078540219515,139.7496795654297
2023-11-16,138.80056329374088,140.94856946642582,137.67162638595195,138.91046142578125,40382923,1.2422360181808472,138.80056329374088,140.94856946642582,137.67162638595195,138.91046142578125
2023-11-17,139.96948020709476,143.06658290716553,137.45182372765535,142.66696166992188,39566527,1.2414957284927368,139.96948020709476,143.06658290716553,137.45182372765535,142.66696166992188
2023-11-20,142.66696357271056,143.5261629643595,141.66789522170356,142.40719604492188,39490867,1.2454540729522705,142.66696357271056,143.5261629643595,141.66789522170356,142.40719604492188
2023-11-21,141.36817066371856,143.24642402853877,140.0294227415724,141.5879669189453,20885928,1.2509069442749023,141.36817066371856,143.24642402853877,140.0294227415724,141.5879669189453
2023-11-22,141.38815260379744,142.44716258153576,139.5098992880667,139.84957885742188,33759659,1.2544218301773071,141.38815260379744,142.44716258153576,139.5098992880667,139.84957885742188
2023-11-23,139.54986862443255,141.10842815431107,137.35192116452706,140.10935974121094,44680451,1.2490007877349854,139.54986862443255,141.10842815431107,137.35192116452706,140.10935974121094
2023-11-24,140.54892905213987,141.8876922355076,139.15023945109692,141.50804138183594,21281303,1.2533526420593262,140.54892905213987,141.8876922355076,139.15023945109692,141.50804138183594
2023-11-27,141.0884203447713,142.58702272890815,140.06936645507812,140.06936645507812,16277027,1.2600330114364624,141.0884203447713,142.58702272890815,140.06936645507812,140.06936645507812
2023-11-28,139.46993639438855,141.18833503594632,138.65069309674203,139.98944091796875,37092272,1.2634397745132446,139.46993639438855,141.18833503594632,138.65069309674203,139.98944091796875
2023-11-29,138.75059079073534,140.70875584528264,138.17112942920636,140.1692657470703,37260280,1.2712295055389404,138.75059079073534,140.70875584528264,138.17112942920636,140.1692657470703
2023-11-30,140.38908006119567,141.90765288246294,139.03034658009133,140.90858459472656,88216617,1.2696397304534912,140.38908006119567,141.90765288246294,139.03034658009133,140.90858459472656
2023-12-01,141.14836042316574,143.2064385685758,140.6288406673257,142.22735595703125,34100824,1.2631685733795166,141.14836042316574,143.2064385685758,140.6288406673257,142.22735595703125
2023-12-04,142.66696151582994,143.58610255615596,141.25526832163968,142.84678649902344,58569218,1.2713103294372559,142.66696151582994,143.58610255615596,141.25526832163968,142.84678649902344
2023-12-05,136.3728440506098,140.36911786894268,136.3728440506098,139.33009338378906,117463540,1.2634079456329346,136.3728440506098,140.36911786894268,136.3728440506098,139.33009338378906
2023-12-06,140.3291560116589,141.12839854647967,138.21112060957617,140.10935974121094,309071142,1.2594457864761353,140.3291560116589,141.12839854647967,138.21112060957617,140.10935974121094
2023-12-07,139.07031845379393,140.96855756357817,137.9713523587784,140.0094451904297,44771743,1.2558711767196655,139.07031845379393,140.96855756357817,137.9713523587784,140.0094451904297
2023-12-08,140.58890230346387,144.46529245891278,139.15024141094375,143.14651489257812,58692654,1.258954405784607,140.58890230346387,144.46529245891278,139.15024141094375,143.14651489257812
2023-12-11,143.6859953545034,144.5052233485505,141.5679604113723,142.36721801757812,59341287,1.2554770708084106,143.6859953545034,144.5052233485505,141.5679604113723,142.36721801757812
2023-12-12,142.90670697898918,143.76590623090345,141.46806159295278,141.5479736328125,36126207,1.2554612159729004,142.90670697898918,143.76590623090345,141.46806159295278,141.5479736328125
2023-12-13,140.40907238424478,142.4072092718477,139.33009188016487,140.94857788085938,59678930,1.2570710182189941,140.40907238424478,142.4072092718477,139.33009188016487,140.94857788085938
2023-12-14,143.7659073950102,150.4596765079846,143.28536803200842,149.8602294921875,176673102,1.2622915506362915,143.7659073950102,150.4596765079846,143.28536803200842,149.8602294921875
2023-12-15,150.6395142680948,151.61859691550467,145.83498917030357,146.5033721923828,103975982,1.2771391868591309,150.6395142680948,151.61859691550467,145.83498917030357,146.5033721923828
2023-12-18,145.06471825581292,147.88209825970466,144.04566429221666,146.36351013183594,22514276,1.2672343254089355,145.06471825581292,147.88209825970466,144.04566429221666,146.36351013183594
2023-12-19,145.42436582779638,148.34164316401137,144.6051378249178,147.5224151611328,42444436,1.2651821374893188,145.42436582779638,148.34164316401137,144.6051378249178,147.5224151611328
2023-12-20,151.07909618339045,152.21803333487438,146.62324525187586,151.4987030029297,75955329,1.2732689380645752,151.07909618339045,152.21803333487438,146.62324525187586,151.4987030029297
2023-12-21,149.90021143603735,152.417867995387,148.74130371341792,151.2789306640625,55268216,1.2641266584396362,149.90021143603735,152.417867995387,148.74130371341792,151.2789306640625
2023-12-22,149.7603271023328,151.9383038512337,149.7403567130877,151.63858032226562,13070297,1.268499493598938,149.7603271023328,151.9383038512337,149.7403567130877,151.63858032226562
2023-12-27,152.45782054198114,154.5758403466907,150.7194363047032,153.51683044433594,26184336,1.272718071937561,152.45782054198114,154.5758403466907,150.7194363047032,153.51683044433594
2023-12-28,153.3170233469484,153.89646952804208,152.65763463037308,153.3569793701172,21442794,1.2800819873809814,153.3170233469484,153.89646952804208,152.65763463037308,153.3569793701172
2023-12-29,153.2371127552637,153.67670528088578,152.81750586569,153.63673400878906,10578303,1.2733986377716064,153.2371127552637,153.67670528088578,152.81750586569,153.63673400878906
2024-01-02,153.95645202238293,155.35514173438034,153.2570919218097,155.13534545898438,94542523,1.2728800773620605,153.95645202238293,155.35514173438034,153.2570919218097,155.13534545898438
2024-01-03,155.15530214988942,156.25426807726794,152.00524008211403,152.97732543945312,60606163,1.2623074054718018,155.15530214988942,156.25426807726794,152.00524008211403,152.97732543945312
2024-01-04,152.85743036228297,155.69478031292516,152.43782355926436,155.43502807617188,108657862,1.2674272060394287,152.85743036228297,155.69478031292516,152.43782355926436,155.43502807617188
2024-01-05,153.1971282519599,156.23430439690526,152.5577251547986,155.4550323486328,37399562,1.2684078216552734,153.1971282519599,156.23430439690526,152.5577251547986,155.4550323486328
2024-01-08,153.9963916004095,155.53495011923894,153.81656661861,154.67576599121094,103418887,1.271779179573059,153.9963916004095,155.53495011923894,153.81656661861,154.67576599121094
2024-01-09,153.11719186166442,154.8156200529793,153.11719186166442,154.13624572753906,18430452,1.274518609046936,153.11719186166442,154.8156200529793,153.11719186166442,154.13624572753906
2024-01-10,152.73756935999276,154.3760407920076,152.17809354094956,152.49778747558594,69093738,1.2712942361831665,152.73756935999276,154.3760407920076,152.17809354094956,152.49778747558594
2024-01-11,151.85839911008915,152.49780228603288,144.68509520636346,145.4443817138672,91243689,1.274518609046936,151.85839911008915,152.49780228603288,144.68509520636346,145.4443817138672
2024-01-12,146.2436173553274,149.0110254703783,145.40438842773438,145.40438842773438,50953321,1.2777756452560425,146.2436173553274,149.0110254703783,145.40438842773438,145.40438842773438
2024-01-15,145.18460445661867,146.90298781035946,144.1655505798121,144.84490966796875,133986526,1.273658275604248,145.18460445661867,146.90298781035946,144.1655505798121,144.84490966796875
2024-01-16,143.80587596167794,144.94481307466643,141.0584384725366,141.2682342529297,35953235,1.2716174125671387,143.80587596167794,144.94481307466643,141.0584384725366,141.2682342529297
2024-01-17,140.0693863738847,141.72084631409564,138.27106020827208,140.54893493652344,45080070,1.26385498046875,140.0693863738847,141.72084631409564,138.27106020827208,140.54893493652344
2024-01-18,140.70876575554192,141.80774690559753,139.29009069928824,140.58888244628906,42768637,1.2676842212677002,140.70876575554192,141.80774690559753,139.29009069928824,140.58888244628906
2024-01-19,142.24734768616824,142.90672117019932,140.22922547646053,140.90858459472656,113629727,1.2709871530532837,142.24734768616824,142.90672117019932,140.22922547646053,140.90858459472656
2024-01-22,143.52614082693364,145.5042915883376,142.986635463642,144.80494689941406,36259223,1.2699863910675049,143.52614082693364,145.5042915883376,142.986635463642,144.80494689941406
2024-01-23,145.62419553792483,147.7622011726231,145.60422514724658,146.64324951171875,27395162,1.2706964015960693,145.62419553792483,147.7622011726231,145.60422514724658,146.64324951171875
2024-01-24,148.18181087855191,149.50057304779267,146.30355768114805,147.2027130126953,84852530,1.269196629524231,148.18181087855191,149.50057304779267,146.30355768114805,147.2027130126953
2024-01-25,146.82308233696074,147.44249979736253,144.88488741878086,145.2445526123047,47524415,1.271876335144043,146.82308233696074,147.44249979736253,144.88488741878086,145.2445526123047
2024-01-26,146.62326690044785,150.25987511796197,146.3435289794524,149.10096740722656,29055466,1.270825743675232,146.62326690044785,150.25987511796197,146.3435289794524,149.10096740722656
2024-01-29,149.2807800941669,150.51963024547854,147.2097135076094,147.40252685546875,31299311,1.2697607278823853,149.2807800941669,150.51963024547854,147.2097135076094,147.40252685546875
2024-01-30,148.46155334884511,150.4796603098127,147.80216462160357,150.1199951171875,21202090,1.2713264226913452,148.46155334884511,150.4796603098127,147.80216462160357,150.1199951171875
2024-01-31,150.75942378149486,151.07913300453282,148.28173828125,148.28173828125,67089613,1.269551157951355,150.75942378149486,151.07913300453282,148.28173828125,148.28173828125
2024-02-01,146.3035518380005,149.22082919633766,145.00476010963712,145.90391540527344,30614570,1.2678449153900146,146.3035518380005,149.22082919633766,145.00476010963712,145.90391540527344
2024-02-02,148.6213940198904,151.8683659774112,148.30170009278908,150.57957458496094,31830750,1.27472984790802,148.6213940198904,151.8683659774112,148.30170009278908,150.57957458496094
2024-02-05,150.5196369638343,151.1390544448514,145.20458617648498,145.5442657470703,66340122,1.2621959447860718,150.5196369638343,151.1390544448514,145.20458617648498,145.5442657470703
2024-02-06,146.38347725432237,147.74221061909253,146.02381209174877,146.16368103027344,48838185,1.2534469366073608,146.38347725432237,147.74221061909253,146.02381209174877,146.16368103027344
2024-02-07,146.22362227295287,146.8630253107816,142.90670853357383,144.26544189453125,77270341,1.2606525421142578,146.22362227295287,146.8630253107816,142.90670853357383,144.26544189453125
2024-02-08,145.22457387637664,145.8839626365873,142.90672802032933,143.02662658691406,21760942,1.2627378702163696,145.22457387637664,145.8839626365873,142.90672802032933,143.02662658691406
2024-02-09,143.7059898881687,144.26546573314596,140.96855232601928,142.14744567871094,28838646,1.2620525360107422,143.7059898881687,144.26546573314596,140.96855232601928,142.14744567871094
2024-02-12,142.08748326528567,143.48617267346202,141.02847339272768,142.7468719482422,22934953,1.2637271881103516,142.08748326528567,143.48617267346202,141.02847339272768,142.7468719482422
2024-02-13,142.72689318792635,143.1764708590187,139.40997922514867,140.34910583496094,91445142,1.2627538442611694,142.72689318792635,143.1764708590187,139.40997922514867,140.34910583496094
2024-02-14,140.3491214734138,143.0665886811485,140.3491214734138,141.8876953125,17014136,1.2590652704238892,140.3491214734138,143.0665886811485,140.3491214734138,141.8876953125
2024-02-15,142.866770087113,144.3154161055153,141.53800738912187,143.286376953125,55601953,1.2568340301513672,142.866770087113,144.3154161055153,141.53800738912187,143.286376953125
2024-02-16,144.7050445044553,147.74222058087972,143.06657315215884,146.5832977294922,38348527,1.259921908378601,144.7050445044553,147.74222058087972,143.06657315215884,146.5832977294922
2024-02-19,146.42346147393445,150.31983735963183,146.36351980939006,148.86119079589844,38658012,1.2611136436462402,146.42346147393445,150.31983735963183,146.36351980939006,148.86119079589844
2024-02-20,157.39320570595066,162.82813943573706,149.62345910590625,161.6492462158203,143877464,1.2587641477584839,157.39320570595066,162.82813943573706,149.62345910590625,161.6492462158203
2024-02-21,162.64832393049682,166.52469860731117,159.2414973344149,162.6083526611328,163049918,1.2627378702163696,162.64832393049682,166.52469860731117,159.2414973344149,162.6083526611328
2024-02-22,163.12787510518388,164.16691470153796,158.9517768184788,163.52749633789062,53761544,1.2638070583343506,163.12787510518388,164.16691470153796,158.9517768184788,163.52749633789062
2024-02-23,162.70827831898907,164.72240665338563,162.22872976111324,163.58746337890625,55444497,1.266367793083191,162.70827831898907,164.72240665338563,162.22872976111324,163.58746337890625
2024-02-26,162.74822255214897,166.98427769934742,162.66831050210592,165.68548583984375,59511408,1.2672665119171143,162.74822255214897,166.98427769934742,162.66831050210592,165.68548583984375
2024-02-27,164.44665510370808,167.32396156083053,164.44665510370808,166.7045440673828,38751376,1.268455982208252,164.44665510370808,167.32396156083053,164.44665510370808,166.7045440673828
2024-02-28,166.02517801862766,169.74171365539183,165.98522199057138,168.74264526367188,56183655,1.268166422843933,166.02517801862766,169.74171365539183,165.98522199057138,168.74264526367188
2024-02-29,163.5588440976949,166.55698977356897,162.07974791805967,164.3583526611328,110800848,1.2663036584854126,163.5588440976949,166.55698977356897,162.07974791805967,164.3583526611328
2024-03-01,165.01793270481102,171.97363736504218,164.87801985026348,169.41522216796875,187325677,1.2625465393066406,165.01793270481102,171.97363736504218,164.87801985026348,169.41522216796875
2024-03-04,168.2159837830953,170.35466063053352,167.17661797443134,170.03485107421875,73813990,1.26603102684021,168.2159837830953,170.35466063053352,167.17661797443134,170.03485107421875
2024-03-05,168.13602319810352,170.2147394647439,167.51639602528763,169.3552703857422,55762395,1.269196629524231,168.13602319810352,170.2147394647439,167.51639602528763,169.3552703857422
2024-03-06,168.8955349650977,173.40473934638445,168.7636127772489,170.81434631347656,87938434,1.27048659324646,168.8955349650977,173.40473934638445,168.7636127772489,170.81434631347656
2024-03-07,171.09418245736455,173.33280345844307,170.154761008257,172.95303344726562,111717909,1.2735446691513062,171.09418245736455,173.33280345844307,170.154761008257,172.95303344726562
2024-03-08,172.53329158439877,173.7725306371948,167.9361287185869,172.133544921875,59143288,1.2815583944320679,172.53329158439877,173.7725306371948,167.9361287185869,172.133544921875
2024-03-11,169.27532978005755,174.2722398314291,168.9555202170773,173.69259643554688,137094836,1.2855123281478882,169.27532978005755,174.2722398314291,168.9555202170773,173.69259643554688
2024-03-12,174.55203694115633,178.34969100711027,173.90242959142287,177.47023010253906,63898102,1.2819806337356567,174.55203694115633,178.34969100711027,173.90242959142287,177.47023010253906
2024-03-13,177.530204870918,179.2091744376473,174.9118291024355,176.9505615234375,79857591,1.2795906066894531,177.530204870918,179.2091744376473,174.9118291024355,176.9505615234375
2024-03-14,176.45088992806535,177.6701372325685,173.7125929075909,174.29222106933594,42841599,1.2802129983901978,176.45088992806535,177.6701372325685,173.7125929075909,174.29222106933594
2024-03-15,174.03237307097743,178.52959186944005,173.8924602072218,176.81065368652344,117586336,1.2745835781097412,174.03237307097743,178.52959186944005,173.8924602072218,176.81065368652344
2024-03-18,176.51083297482938,177.39029395988993,175.59140342197432,176.41090393066406,43582971,1.2731393575668335,176.51083297482938,177.39029395988993,175.59140342197432,176.41090393066406
2024-03-19,175.69136092348035,176.69074293641327,173.99340575972258,174.95181274414062,38894707,1.272718071937561,175.69136092348035,176.69074293641327,173.99340575972258,174.95181274414062
2024-03-20,173.95242378823582,175.8712353465583,173.69258996501338,175.6313934326172,88814638,1.2719409465789795,173.95242378823582,175.8712353465583,173.69258996501338,175.6313934326172
2024-03-21,178.88937419663532,183.9962167180332,178.64951703196564,181.7276153564453,81665407,1.2798361778259277,178.88937419663532,183.9962167180332,178.64951703196564,181.7276153564453
2024-03-22,181.5077482238876,182.74898502047532,179.72884954005613,180.68826293945312,34353481,1.2661913633346558,181.5077482238876,182.74898502047532,179.72884954005613,180.68826293945312
2024-03-25,180.6082883972936,182.5670682754692,179.82877177749933,181.3678131103516,82797106,1.25979483127594,180.6082883972936,182.5670682754692,179.82877177749933,181.3678131103516
2024-03-26,180.88813918230517,181.7076397292321,179.84878862821313,180.66827392578125,128129984,1.2637910842895508,180.88813918230517,181.7076397292321,179.84878862821313,180.66827392578125
2024-03-27,179.52894844767872,183.16669764047583,179.52894844767872,181.4077911376953,85794046,1.2628495693206787,179.52894844767872,183.16669764047583,179.52894844767872,181.4077911376953
2024-03-28,183.2066976724637,185.62520004641223,182.70700672125065,183.08676147460935,54858025,1.261670470237732,183.2066976724637,185.62520004641223,182.70700672125065,183.08676147460935
2024-04-02,181.84752662106152,185.4053235375306,181.7885573586445,184.0061798095703,95958125,1.2545477151870728,181.84752662106152,185.4053235375306,181.7885573586445,184.0061798095703
2024-04-03,183.4265522762196,189.1230414628469,183.406575617206,188.4234619140625,73013964,1.2576876878738403,183.4265522762196,189.1230414628469,183.406575617206,188.4234619140625
2024-04-04,188.62336746795808,194.6796200539577,187.6509615672575,193.04063415527344,101520061,1.2651821374893188,188.62336746795808,194.6796200539577,187.6509615672575,193.04063415527344
2024-04-05,189.94253600201253,191.3616565786322,188.4434630373547,189.62274169921875,45929447,1.26401948928833,189.94253600201253,191.3616565786322,188.4434630373547,189.62274169921875
2024-04-08,189.20297811235528,193.5602683148068,188.18360436118888,193.06057739257807,42259039,1.2625305652618408,189.20297811235528,193.5602683148068,188.18360436118888,193.06057739257807
2024-04-09,192.32103854159533,193.3204203546368,188.78321838378903,188.78321838378903,50866409,1.2658709287643433,192.32103854159533,193.3204203546368,188.78321838378903,188.78321838378903
2024-04-10,189.82260692068897,190.84198076285003,187.28416826953315,189.3628845214844,51917164,1.2677645683288574,189.82260692068897,190.84198076285003,187.28416826953315,189.3628845214844
2024-04-11,186.8044761610352,188.81623255633224,182.4471701581624,183.5265045166016,80275550,1.2537612915039062,186.8044761610352,188.81623255633224,182.4471701581624,183.5265045166016
2024-04-12,185.02556832064127,186.5986005887314,182.34723209094315,182.7469787597656,67912255,1.2554770708084106,185.02556832064127,186.5986005887314,182.34723209094315,182.7469787597656
2024-04-15,183.68640543915444,184.8856607291475,182.08738821959145,183.0268096923828,41143593,1.2461835145950317,183.68640543915444,184.8856607291475,182.08738821959145,183.0268096923828
2024-04-16,178.82941235785404,180.36845388371043,176.1310840856151,178.36968994140625,144230906,1.2447409629821777,178.82941235785404,180.36845388371043,176.1310840856151,178.36968994140625
2024-04-17,177.6701276444833,180.98808314636656,177.3003611907207,179.82879638671875,58349174,1.2431007623672485,177.6701276444833,180.98808314636656,177.3003611907207,179.82879638671875
2024-04-18,181.1879509201808,183.8662872314453,181.02804614803884,183.8662872314453,72982970,1.2453765869140625,181.1879509201808,183.8662872314453,181.02804614803884,183.8662872314453
2024-04-19,182.1673310585818,185.7850886477817,181.38781439847085,185.72512817382807,59013824,1.2437657117843628,182.1673310585818,185.7850886477817,181.38781439847085,185.72512817382807
2024-04-22,188.04370599488112,189.9225336375938,186.7245145389104,189.0630645751953,42043695,1.2375777959823608,188.04370599488112,189.9225336375938,186.7245145389104,189.0630645751953
2024-04-23,191.121803385272,193.46035341228807,190.3622633684116,192.1211853027344,81046062,1.2350252866744995,191.121803385272,193.46035341228807,190.3622633684116,192.1211853027344
2024-04-24,192.4409710156055,193.340423850876,190.1224130000242,191.0218505859375,159914286,1.2453300952911377,192.4409710156055,193.340423850876,190.1224130000242,191.0218505859375
2024-04-25,195.8388778465508,206.57222936482296,193.88008267271752,203.8739013671875,174179117,1.2459505796432495,195.8388778465508,206.57222936482296,193.88008267271752,203.8739013671875
2024-04-26,201.8751554066738,204.8733012790501,198.95696192081715,204.2237091064453,107959690,1.2509069442749023,201.8751554066738,204.8733012790501,198.95696192081715,204.2237091064453
2024-04-29,203.8739139210961,207.37175067954624,202.57471436094292,203.5241241455078,41778612,1.2510477304458618,203.8739139210961,207.37175067954624,202.57471436094292,203.5241241455078
2024-04-30,202.5247348866372,205.92264247865836,201.6752694256501,202.57470703125,46614733,1.2559815645217896,202.5247348866372,205.92264247865836,201.6752694256501,202.57470703125
2024-05-01,200.6259211242469,202.92450259795797,202.92450259795797,203.32424926757807,67105158,1.2490164041519165,200.6259211242469,202.92450259795797,202.92450259795797,203.32424926757807
2024-05-02,204.72337382304624,204.72337382304624,204.72337382304624,200.8757476806641,22410988,1.2539342641830444,204.72337382304624,204.72337382304624,204.72337382304624,200.8757476806641
2024-05-03,202.3748309920437,203.27426858559875,199.4166539132576,202.2249298095703,47827113,1.2540600299835205,202.3748309920437,203.27426858559875,199.4166539132576,202.2249298095703
2024-05-07,204.1237503534512,210.53778257016472,203.9738491701928,210.2199859619141,95337526,1.2559815645217896,204.1237503534512,210.53778257016472,203.9738491701928,210.2199859619141
2024-05-08,210.76964384711596,213.06822534591012,209.470459531994,211.5191802978516,54664931,1.25014066696167,210.76964384711596,213.06822534591012,209.470459531994,211.5191802978516
2024-05-09,214.86711294122765,214.86711294122765,211.7690228874482,213.11819458007807,32434866,1.2493284940719604,214.86711294122765,214.86711294122765,211.7690228874482,213.11819458007807
2024-05-10,213.1681569046824,215.01700422310088,211.8189852742128,213.8177490234375,44867099,1.2525677680969238,213.1681569046824,215.01700422310088,211.8189852742128,213.8177490234375
2024-05-13,213.8177536784507,216.0663629452828,212.5185541632985,214.4173889160156,34622487,1.2522854804992676,213.8177536784507,216.0663629452828,212.5185541632985,214.4173889160156
2024-05-14,213.96769035858128,217.8902524735076,212.51857427224067,217.06576538085935,36942402,1.2561867237091064,213.96769035858128,217.8902524735076,212.51857427224067,217.06576538085935
2024-05-15,217.4155542866786,218.71475391944097,212.01888240813307,212.9683074951172,39563337,1.2585265636444092,217.4155542866786,218.71475391944097,212.01888240813307,212.9683074951172
2024-05-16,213.16814908777647,215.4167582231974,211.6690763308292,214.76715087890625,45743448,1.2690032720565796,213.16814908777647,215.4167582231974,211.6690763308292,214.76715087890625
2024-05-17,214.417375587768,217.76529558288468,213.96765681222777,216.6160125732422,38843437,1.2672007083892822,214.417375587768,217.76529558288468,213.96765681222777,216.6160125732422
2024-05-20,217.2156477735336,218.41490292475984,216.1662937977019,216.6160125732422,24874213,1.2706480026245117,217.2156477735336,218.41490292475984,216.1662937977019,216.6160125732422
2024-05-21,215.21690539952232,217.9652057156328,213.41801487001476,217.41554260253903,34485145,1.2710840702056885,215.21690539952232,217.9652057156328,213.41801487001476,217.41554260253903
2024-05-22,216.96582245723744,218.7646977263991,211.31930541992188,211.31930541992188,76075814,1.2711325883865356,216.96582245723744,218.7646977263991,211.31930541992188,211.31930541992188
2024-05-23,211.16940117935687,215.8914715667125,209.77025735212143,214.8671112060547,59978110,1.2721028327941895,211.16940117935687,215.8914715667125,209.77025735212143,214.8671112060547
2024-05-24,212.4186373144418,216.56606632266343,210.5697746003044,216.0164031982422,42916160,1.2694060802459717,212.4186373144418,216.56606632266343,210.5697746003044,216.0164031982422
2024-05-28,216.51608645180903,220.0638953108568,214.71721119875536,218.96458435058597,97926592,1.2772371768951416,216.51608645180903,220.0638953108568,214.71721119875536,218.96458435058597
2024-05-29,218.1151112676773,220.3137485146619,213.46799128542887,214.01763916015625,81883936,1.275835633277893,218.1151112676773,220.3137485146619,213.46799128542887,214.01763916015625
2024-05-30,212.41864044037655,219.71413185981163,211.1194408315415,218.41493225097656,47795152,1.2697993516921997,212.41864044037655,219.71413185981163,211.1194408315415,218.41493225097656
2024-05-31,219.0645355243469,220.96337051014416,217.06577148626093,219.86404418945312,82218581,1.27304208278656,219.0645355243469,220.96337051014416,217.06577148626093,219.86404418945312
2024-06-03,221.9127587363984,224.16136805995023,218.8646408257121,219.06451416015625,47887792,1.2743724584579468,221.9127587363984,224.16136805995023,218.8646408257121,219.06451416015625
2024-06-04,218.51484908725155,219.2144286255482,214.8671112060547,214.8671112060547,96266689,1.2810165882110596,218.51484908725155,219.2144286255482,214.8671112060547,214.8671112060547
2024-06-05,216.1663232885589,216.51609782865037,211.6920852044364,212.51856994628903,54732210,1.2773023843765259,216.1663232885589,216.51609782865037,211.6920852044364,212.51856994628903
2024-06-06,212.61851065531545,216.1163474933582,211.21938201984167,216.0164031982422,78914345,1.2794759273529053,212.61851065531545,216.1163474933582,211.21938201984167,216.0164031982422
2024-06-07,215.9164673991596,218.1151045787184,213.1681671123716,217.11572265625,96238708,1.2793285846710205,215.9164673991596,218.1151045787184,213.1681671123716,217.11572265625
2024-06-10,214.5673069041309,218.46490575482025,212.368669609807,214.6172790527344,41892783,1.2729448080062866,214.5673069041309,218.46490575482025,212.368669609807,214.6172790527344
2024-06-11,215.3168140331986,216.46611229697143,208.67093090758772,208.9207763671875,62590795,1.2726370096206665,215.3168140331986,216.46611229697143,208.67093090758772,208.9207763671875
2024-06-12,210.3698896124933,212.51855459430303,206.1225165443076,208.5709991455078,130991228,1.274047613143921,210.3698896124933,212.51855459430303,206.1225165443076,208.5709991455078
2024-06-13,207.97139768052145,208.2712000772584,204.52351762445724,205.0232086181641,91990995,1.27962327003479,207.97139768052145,208.2712000772584,204.52351762445724,205.0232086181641
2024-06-14,205.6228504180908,206.0485820344184,197.54184887604788,201.8751678466797,77082657,1.2755101919174194,205.6228504180908,206.0485820344184,197.54184887604788,201.8751678466797
2024-06-17,203.6240780310219,205.57286983837955,201.92513171818084,204.7733612060547,79510265,1.2683112621307373,203.6240780310219,205.57286983837955,201.92513171818084,204.7733612060547
2024-06-18,207.07193594815624,207.7715002597644,205.02319991109368,205.8726806640625,58351028,1.2715997695922852,207.07193594815624,207.7715002597644,205.02319991109368,205.8726806640625
2024-06-19,206.17251890679543,208.1712829965378,205.57288358012883,206.572265625,34889006,1.2707449197769165,206.17251890679543,208.1712829965378,205.57288358012883,206.572265625
2024-06-20,206.32240002051492,208.8358450086129,205.27304592572247,207.92141723632807,78618616,1.2721998691558838,206.32240002051492,208.8358450086129,205.27304592572247,207.92141723632807
2024-06-21,207.9214077075823,210.7196800823353,202.7745817639893,204.723388671875,85228878,1.2660471200942993,207.9214077075823,210.7196800823353,202.7745817639893,204.723388671875
2024-06-24,204.8233232969876,209.17064078784492,203.7240123247115,207.42172241210935,50595956,1.2639029026031494,204.8233232969876,209.17064078784492,203.7240123247115,207.42172241210935
2024-06-25,207.27181044601016,208.67095432640653,205.6228363273326,206.0225830078125,62344856,1.268343448638916,207.27181044601016,208.67095432640653,205.6228363273326,206.0225830078125
2024-06-26,206.97200574453265,207.79348867107973,204.52350779357465,205.7227783203125,86932141,1.268399715423584,206.97200574453265,207.79348867107973,204.52350779357465,205.7227783203125
2024-06-27,206.1225095437451,211.4192364752255,204.473535567138,209.62034606933597,55243693,1.262179970741272,206.1225095437451,211.4192364752255,204.473535567138,209.62034606933597
2024-06-28,210.02010140569683,211.81899188602185,208.6609414038244,208.7708740234375,40264979,1.2645741701126099,210.02010140569683,211.81899188602185,208.6609414038244,208.7708740234375
2024-07-01,211.8689819660721,214.3224665824419,207.4717073080293,213.0682373046875,39103981,1.2648621797561646,211.8689819660721,214.3224665824419,207.4717073080293,213.0682373046875
2024-07-02,211.86896309450992,214.3674178479829,210.02010047719688,210.61973571777344,42471582,1.2645741701126099,211.86896309450992,214.3674178479829,210.02010047719688,210.61973571777344
2024-07-03,213.16817390746533,218.01516723632807,212.7184550778906,218.01516723632807,47996480,1.2690355777740479,213.16817390746533,218.01516723632807,212.7184550778906,218.01516723632807
2024-07-04,218.86463499086787,224.4611797022495,216.66599787188133,224.2113342285156,70585662,1.2747784852981567,218.86463499086787,224.4611797022495,216.66599787188133,224.2113342285156
2024-07-05,223.8115888835528,226.0601983135604,219.21444097626352,220.4136962890625,62764166,1.2755752801895142,223.8115888835528,226.0601983135604,219.21444097626352,220.4136962890625
2024-07-08,219.41431062280068,225.61047567564896,218.11511103526195,221.9127655029297,42154602,1.2806508541107178,219.41431062280068,225.61047567564896,218.11511103526195,221.9127655029297
2024-07-09,221.66289388606563,223.3118678128321,215.2668409972648,216.6160125732422,42282199,1.2815583944320679,221.66289388606563,223.3118678128321,215.2668409972648,216.6160125732422
2024-07-10,217.0157657576295,219.51422041866303,215.26684749490605,219.41429138183597,37845061,1.2787723541259766,217.0157657576295,219.51422041866303,215.26684749490605,219.41429138183597
2024-07-11,219.91399070122043,222.46241760253903,217.8652547511659,222.46241760253903,39455797,1.285264492034912,219.91399070122043,222.46241760253903,217.8652547511659,222.46241760253903
2024-07-12,224.0614336990685,225.2107321094387,221.1132599496121,222.31251525878903,32863299,1.292373776435852,224.0614336990685,225.2107321094387,221.1132599496121,222.31251525878903
2024-07-15,218.8646307149995,225.61045837402344,217.5654312270938,225.61045837402344,50879577,1.2966804504394531,218.8646307149995,225.61045837402344,217.5654312270938,225.61045837402344
2024-07-16,224.41120038993603,227.5592471586911,222.4124366639056,227.20947265625,39118646,1.2970000505447388,224.41120038993603,227.5592471586911,222.4124366639056,227.20947265625
2024-07-17,227.3593995497764,232.90397490068844,227.1595262044396,230.5574188232422,58691836,1.29776930809021,227.3593995497764,232.90397490068844,227.1595262044396,230.5574188232422
2024-07-18,232.45625286492705,234.15519916802523,228.2588363816319,228.45872497558597,30816784,1.3007453680038452,232.45625286492705,234.15519916802523,228.2588363816319,228.45872497558597
2024-07-19,225.21071889776,231.9565467716744,224.11139270004563,228.5086669921875,26127466,1.2951691150665283,225.21071889776,231.9565467716744,224.11139270004563,228.5086669921875
2024-07-22,229.5080506695605,231.4068854575888,227.8590766096287,230.7073211669922,26026695,1.2933096885681152,229.5080506695605,231.4068854575888,227.8590766096287,230.7073211669922
2024-07-23,231.35689526473104,231.85658618322935,229.35813159073768,230.3575134277344,25145346,1.2932428121566772,231.35689526473104,231.85658618322935,229.35813159073768,230.3575134277344
2024-07-24,229.00837131305263,230.48845880995952,227.4593414658896,228.2588348388672,41895286,1.2901561260223389,229.00837131305263,230.48845880995952,227.4593414658896,228.2588348388672
2024-07-25,222.56234202052184,227.95901333169945,222.2125675115164,227.75912475585935,122205338,1.289989709854126,222.56234202052184,227.95901333169945,222.2125675115164,227.75912475585935
2024-07-26,230.85725705784955,232.0365205750756,229.25823965380872,231.2570037841797,34080525,1.2856775522232056,230.85725705784955,232.0365205750756,229.25823965380872,231.2570037841797
2024-07-29,232.20639347145783,236.7535689738924,231.40688489157824,232.60614013671875,37775372,1.2868356704711914,232.20639347145783,236.7535689738924,231.40688489157824,232.60614013671875
2024-07-30,232.30633250292385,234.70485834570604,231.95655796811863,233.9053497314453,27716677,1.286041259765625,232.30633250292385,234.70485834570604,231.95655796811863,233.9053497314453
2024-07-31,234.85477294328268,236.2039447599346,231.30696374894845,233.655517578125,67449383,1.2836971282958984,234.85477294328268,236.2039447599346,231.30696374894845,233.655517578125
2024-08-01,236.85352958596448,241.65056614643808,222.11264536067767,222.76223754882807,70189217,1.2853139638900757,236.85352958596448,241.65056614643808,222.11264536067767,222.76223754882807
2024-08-02,220.21382676395257,221.1632366009925,206.87207114813373,208.9707794189453,79681248,1.27289617061615,220.21382676395257,221.1632366009925,206.87207114813373,208.9707794189453
2024-08-05,200.92574458670111,207.56164014088768,196.31859317600663,206.0725555419922,132361965,1.278788685798645,200.92574458670111,207.56164014088768,196.31859317600663,206.0725555419922
2024-08-06,211.31931092756773,212.8713601283114,205.52289254986843,208.07131958007807,42550008,1.2788705825805664,211.31931092756773,212.8713601283114,205.52289254986843,208.07131958007807
2024-08-07,212.26872531260008,217.2156782865273,211.01451130399784,214.6172790527344,34121303,1.2684721946716309,212.26872531260008,217.2156782865273,211.01451130399784,214.6172790527344
2024-08-08,213.01825606108372,216.5160928781745,209.92018117270408,213.86773681640625,89969114,1.2680377960205078,213.01825606108372,216.5160928781745,209.92018117270408,213.86773681640625
2024-08-09,215.21691072661372,218.5148589880913,214.16555895501875,218.1151123046875,55429932,1.2747459411621094,215.21691072661372,218.5148589880913,214.16555895501875,218.1151123046875
2024-08-12,219.71411326926608,222.01267940268852,218.56481495319747,219.9639587402344,25894995,1.2750385999679565,219.71411326926608,222.01267940268852,218.56481495319747,219.9639587402344
2024-08-13,220.21381290976336,221.41306816791092,218.21504906306475,219.11448669433597,49951914,1.2771228551864624,220.21381290976336,221.41306816791092,218.21504906306475,219.11448669433597
2024-08-14,222.06266322513443,222.86217182415095,220.01392720557888,221.46304321289065,23166080,1.2866700887680054,222.06266322513443,222.86217182415095,220.01392720557888,221.46304321289065
2024-08-15,220.19265608570785,227.63902282714844,218.9432651810583,227.63902282714844,37720588,1.2828736305236816,220.19265608570785,227.63902282714844,218.9432651810583,227.63902282714844
2024-08-16,225.78992670130276,229.138300552558,225.19022819527115,228.1887664794922,24567341,1.2859420776367188,225.78992670130276,229.138300552558,225.19022819527115,228.1887664794922
2024-08-19,227.1892590503733,230.3876969116744,226.38964577220932,228.888427734375,19484792,1.294716238975525,227.1892590503733,230.3876969116744,226.38964577220932,228.888427734375
2024-08-20,229.1882878651562,229.73802295488724,225.1402579788613,225.889892578125,20957190,1.2990386486053467,229.1882878651562,229.73802295488724,225.1402579788613,225.889892578125
2024-08-21,226.2896959238516,226.9893670976261,223.9668382614198,224.74046325683597,48959784,1.3035430908203125,226.2896959238516,226.9893670976261,223.9668382614198,224.74046325683597
2024-08-22,224.6404991797216,226.9893603328657,223.39110819429487,225.2901763916016,34155635,1.309346079826355,224.6404991797216,226.9893603328657,223.39110819429487,225.2901763916016
2024-08-23,225.9898512289625,230.3377227783203,225.490094826644,230.3377227783203,25996351,1.3097747564315796,225.9898512289625,230.3377227783203,225.490094826644,230.3377227783203
2024-08-27,229.38817372244264,230.3377077747266,226.25370018513152,230.08782958984372,34832552,1.3191741704940796,229.38817372244264,230.3377077747266,226.25370018513152,230.08782958984372
2024-08-28,230.7874826461864,230.93741870610228,221.5919686047729,223.7908935546875,27776677,1.3257501125335693,230.7874826461864,230.93741870610228,221.5919686047729,223.7908935546875
2024-08-29,222.89134810808903,228.1387901599611,222.89134810808903,225.9398651123047,23203038,1.3193656206130981,222.89134810808903,228.1387901599611,222.89134810808903,225.9398651123047
2024-08-30,226.63953671936827,228.63856240156775,226.3396798167672,228.28872680664065,33995001,1.3166210651397705,226.63953671936827,228.63856240156775,226.3396798167672,228.28872680664065
2024-09-02,228.73849045368232,229.68802448069135,226.419613639044,227.039306640625,17872003,1.3128528594970703,228.73849045368232,229.68802448069135,226.419613639044,227.039306640625
2024-09-03,226.1897310292662,227.5320789271264,221.6919238003423,222.9413146972656,27378608,1.314198613166809,226.1897310292662,227.5320789271264,221.6919238003423,222.9413146972656
2024-09-04,219.193153334066,224.34063799486276,218.99325383049847,223.59100341796875,29048790,1.3114066123962402,219.193153334066,224.34063799486276,218.99325383049847,223.59100341796875
2024-09-05,222.14171096922985,230.6375694314951,220.99227739546512,228.4386444091797,30394843,1.3144749402999878,222.14171096922985,230.6375694314951,220.99227739546512,228.4386444091797
2024-09-06,227.0892980550637,227.5890544395385,220.2426447385721,220.74240112304688,25949375,1.317748785018921,227.0892980550637,227.5890544395385,220.2426447385721,220.74240112304688
2024-09-09,220.7423948496643,224.34063156480988,220.54248010047223,223.89085388183597,23793597,1.3133355379104614,220.7423948496643,224.34063156480988,220.54248010047223,223.89085388183597
2024-09-10,222.74141858490697,224.79040748587877,216.5944061279297,216.5944061279297,35297193,1.307138204574585,222.74141858490697,224.79040748587877,216.5944061279297,216.5944061279297
2024-09-11,218.5434607049421,220.3575788197619,213.7947837171122,215.045166015625,66928057,1.3080273866653442,218.5434607049421,220.3575788197619,213.7947837171122,215.045166015625
2024-09-12,218.89328348051157,220.74238809447283,216.7943006890611,218.4934844970703,84571938,1.3039510250091553,218.89328348051157,220.74238809447283,216.7943006890611,218.4934844970703
2024-09-13,218.39354874388044,221.8348645123039,218.09369185094047,221.0422515869141,26828833,1.313232183456421,218.39354874388044,221.8348645123039,218.09369185094047,221.0422515869141
2024-09-16,220.24265674966895,221.99180419072167,219.19316523476627,220.892333984375,23352431,1.3137997388839722,220.24265674966895,221.99180419072167,219.19316523476627,220.892333984375
2024-09-17,222.1916842636497,226.1637469004374,222.0417482024369,224.89036560058597,41836456,1.3210737705230713,222.1916842636497,226.1637469004374,222.0417482024369,224.89036560058597
2024-09-18,223.7908970190512,224.98931792215916,222.99129902587063,223.3910980224609,46038527,1.3167423009872437,223.7908970190512,224.98931792215916,222.99129902587063,223.3910980224609
2024-09-19,226.8894005537805,227.53907775878903,224.59051811463863,227.53907775878903,47880775,1.3201146125793457,226.8894005537805,227.53907775878903,224.59051811463863,227.53907775878903
2024-09-20,226.7894471859623,229.03835097571388,225.34015668283783,226.6395263671875,69402309,1.328179955482483,226.7894471859623,229.03835097571388,225.34015668283783,226.6395263671875
2024-09-23,227.1892560224705,227.38915552650852,221.7419144678206,223.09124755859372,28963678,1.331398367881775,227.1892560224705,227.38915552650852,221.7419144678206,223.09124755859372
2024-09-24,223.64097025412215,229.7879673583309,223.28114506622904,226.2896728515625,41617232,1.3349887132644653,223.64097025412215,229.7879673583309,223.28114506622904,226.2896728515625
2024-09-25,223.9408395149489,228.2387474828637,222.28664709815013,223.09124755859372,25163698,1.3427324295043945,223.9408395149489,228.2387474828637,222.28664709815013,223.09124755859372
2024-09-26,225.39011383708373,228.23873113246188,225.39011383708373,226.9393615722656,38928906,1.3315792083740234,225.39011383708373,228.23873113246188,225.39011383708373,226.9393615722656
2024-09-27,225.09027583979176,229.1383056640625,224.1717324983593,229.1383056640625,38836293,1.341381549835205,225.09027583979176,229.1383056640625,224.1717324983593,229.1383056640625
2024-09-30,226.18972951940736,228.58855392494604,223.39109087870983,224.44058227539065,30475294,1.338329792022705,226.18972951940736,228.58855392494604,223.39109087870983,224.44058227539065
2024-10-01,224.59052048455365,226.88940294795364,218.2935868678857,219.59295654296875,35105841,1.3376137018203735,224.59052048455365,226.88940294795364,218.2935868678857,219.59295654296875
2024-10-02,219.74289207809568,222.49155223928864,217.89378732366032,220.09271240234372,44979363,1.327404260635376,219.74289207809568,222.49155223928864,217.89378732366032,220.09271240234372
2024-10-03,219.34306040597744,222.09172034903816,216.0946441096329,219.2431182861328,40271438,1.326611876487732,219.34306040597744,222.09172034903816,216.0946441096329,219.2431182861328
2024-10-04,218.89328795375087,228.1867614692149,218.89328795375087,226.13975524902344,39320183,1.3130252361297607,218.89328795375087,228.1867614692149,218.89328795375087,226.13975524902344
2024-10-07,226.68949895674265,229.73801595108208,224.8403942343888,229.53810119628903,28441204,1.3125253915786743,226.68949895674265,229.73801595108208,224.8403942343888,229.53810119628903
2024-10-08,228.28870539439285,230.03785270225688,227.2392292107578,228.33868408203125,22265092,1.3084723949432373,228.28870539439285,230.03785270225688,227.2392292107578,228.33868408203125
2024-10-09,228.7884655780468,230.53761291503903,227.0892969295252,230.53761291503903,21968348,1.309483289718628,228.7884655780468,230.53761291503903,227.0892969295252,230.53761291503903
2024-10-10,230.48763373406052,233.68607131010063,230.48563580676657,231.037353515625,45453313,1.306830883026123,230.48763373406052,233.68607131010063,230.48563580676657,231.037353515625
2024-10-11,230.9374427801585,235.735107421875,229.98790864045603,235.735107421875,31789043,1.3062163591384888,230.9374427801585,235.735107421875,229.98790864045603,235.735107421875
2024-10-14,235.5851530434109,235.7850525439196,231.8869589042604,232.78651428222656,57673311,1.3049037456512451,235.5851530434109,235.7850525439196,231.8869589042604,232.78651428222656
2024-10-15,233.18632431046092,234.03590098507144,231.487155709886,233.9359588623047,38896576,1.3067454099655151,233.18632431046092,234.03590098507144,231.487155709886,233.9359588623047
2024-10-16,233.33625714255817,237.0844300948953,232.86248905746945,236.93450927734372,35189461,1.3065917491912842,233.33625714255817,237.0844300948953,232.86248905746945,236.93450927734372
2024-10-17,237.834065224186,245.90413661150305,237.58418702679745,244.9805908203125,52767389,1.29902184009552,237.834065224186,245.90413661150305,237.58418702679745,244.9805908203125
2024-10-18,244.6807339302052,245.03055425573208,240.4328045746508,242.1319732666016,61009377,1.301574945449829,244.6807339302052,245.03055425573208,240.4328045746508,242.1319732666016
2024-10-21,241.7321615593121,243.1314732906592,239.6331787109375,239.6331787109375,25124465,1.3052616119384766,241.7321615593121,243.1314732906592,239.6331787109375,239.6331787109375
2024-10-22,238.5337121539158,242.0819854736328,237.18437908958688,242.0819854736328,32138237,1.298296570777893,238.5337121539158,242.0819854736328,237.18437908958688,242.0819854736328
2024-10-23,242.6816941559887,244.04103208030884,237.73410918742383,238.0339508056641,30653807,1.2982797622680664,242.6816941559887,244.04103208030884,237.73410918742383,238.0339508056641
2024-10-24,246.579789884181,251.17755458828356,240.7826129424638,247.92913818359372,48850966,1.291372299194336,246.579789884181,251.17755458828356,240.7826129424638,247.92913818359372
2024-10-25,248.67878287807545,250.27799417631604,241.28237915039065,241.28237915039065,99402220,1.2973365783691406,248.67878287807545,250.27799417631604,241.28237915039065,241.28237915039065
2024-10-28,240.28284774733328,242.03199497792303,234.78552787976545,241.6821746826172,38999270,1.295823574066162,240.28284774733328,242.03199497792303,234.78552787976545,241.6821746826172
2024-10-29,242.5817485245057,243.90510856896503,237.3842851215882,238.68365478515625,83286742,1.2974711656570435,242.5817485245057,243.90510856896503,237.3842851215882,238.68365478515625
2024-10-30,236.88453426912164,247.17951918847265,236.78457688829727,241.9820556640625,52249910,1.3014055490493774,236.88453426912164,247.17951918847265,236.78457688829727,241.9820556640625
2024-10-31,239.0334672752807,242.2818837020899,236.0849077227555,237.38427734375,54088115,1.2959579229354858,239.0334672752807,242.2818837020899,236.0849077227555,237.38427734375
2024-11-01,235.58515122014157,242.0320053826164,235.33527303360103,240.48277282714844,34968637,1.2897733449935913,235.58515122014157,242.0320053826164,235.33527303360103,240.48277282714844
2024-11-04,239.2333759630608,245.58027259301724,239.08343990404137,243.38134765625,133591019,1.2953401803970337,239.2333759630608,245.58027259301724,239.08343990404137,243.38134765625
2024-11-05,242.63173894560208,245.38039922201983,242.03202514838696,244.7806854248047,28591141,1.2954542636871338,242.63173894560208,245.38039922201983,242.03202514838696,244.7806854248047
2024-11-06,250.8277416314955,258.4240299884783,250.7447895092692,258.02423095703125,109014314,1.3043591976165771,250.8277416314955,258.4240299884783,250.7447895092692,258.02423095703125
2024-11-07,259.17366014604755,259.57348967331745,253.57639754543783,253.7263336181641,37077657,1.2883278131484985,259.17366014604755,259.57348967331745,253.57639754543783,253.7263336181641
2024-11-08,251.77725566456107,253.77628116487944,248.22899760257928,251.37745666503903,29463841,1.2982292175292969,251.77725566456107,253.77628116487944,248.22899760257928,251.37745666503903
2024-11-11,254.1761130020693,261.8723586605236,253.67635659241185,260.52301025390625,47158973,1.2917059659957886,254.1761130020693,261.8723586605236,253.67635659241185,260.52301025390625
2024-11-12,257.37451171875,260.3730497193568,256.37499905188105,257.37451171875,35440090,1.2874983549118042,257.37451171875,260.3730497193568,256.37499905188105,257.37451171875
2024-11-13,256.72485148777764,263.0467512203139,256.17510118318233,258.723876953125,37127842,1.2739177942276,256.72485148777764,263.0467512203139,256.17510118318233,258.723876953125
2024-11-14,258.12416550897694,259.5434870231898,255.4254841570242,256.4749755859375,25442875,1.27068030834198,258.12416550897694,259.5434870231898,255.4254841570242,256.4749755859375
2024-11-15,253.82622503364345,259.2236022949219,249.3284182749208,259.2236022949219,39728022,1.266784906387329,253.82622503364345,259.2236022949219,249.3284182749208,259.2236022949219
2024-11-18,259.32361903009587,261.6224863653641,258.52399045495514,260.7229309082031,62281442,1.261765956878662,259.32361903009587,261.6224863653641,258.52399045495514,260.7229309082031
2024-11-19,260.22314914740656,261.322619266967,253.1765812479696,255.725341796875,51889335,1.2679253816604614,260.22314914740656,261.322619266967,253.1765812479696,255.725341796875
2024-11-20,256.72489982230115,260.67295755805253,256.72489982230115,258.8238830566406,31095842,1.2694543600082397,256.72489982230115,260.67295755805253,256.72489982230115,258.8238830566406
2024-11-21,259.9232942824345,262.52203369140625,255.92524303869644,262.52203369140625,32355750,1.2655344009399414,259.9232942824345,262.52203369140625,255.92524303869644,262.52203369140625
2024-11-22,262.27212420903646,264.6709485686437,250.22800847478985,257.0746765136719,75378934,1.2584789991378784,262.27212420903646,264.6709485686437,250.22800847478985,257.0746765136719
2024-11-25,257.9242675915793,265.3706502032634,256.12515674043783,263.52154541015625,78251572,1.2593823671340942,257.9242675915793,265.3706502032634,256.12515674043783,263.52154541015625
2024-11-26,263.7713895567123,264.9708169710904,259.5234606762904,260.8228454589844,60513917,1.2533055543899536,263.7713895567123,264.9708169710904,259.5234606762904,260.8228454589844
2024-11-27,258.3241265962128,260.42307932783865,256.1751494142024,258.8238830566406,38376963,1.2573871612548828,258.3241265962128,260.42307932783865,256.1751494142024,258.8238830566406
2024-11-28,259.2736204156525,265.37065474190314,258.92378482675,264.9708557128906,27795051,1.2677645683288574,259.2736204156525,265.37065474190314,258.92378482675,264.9708557128906
2024-11-29,263.7713745989757,265.3706008932234,261.8173408459802,263.6714172363281,33732740,1.2696800231933594,263.7713745989757,265.3706008932234,261.8173408459802,263.6714172363281
2024-12-02,262.37208827654814,265.1207482489691,260.4230262768394,262.721923828125,37219828,1.270163893699646,262.37208827654814,265.1207482489691,260.4230262768394,262.721923828125
2024-12-03,263.22167844763726,268.1942602836137,263.22167844763726,264.4710693359375,44720091,1.265854835510254,263.22167844763726,268.1942602836137,263.22167844763726,264.4710693359375
2024-12-04,264.2211936592902,266.0203043543893,261.858331923758,261.9722900390625,29800816,1.2674272060394287,264.2211936592902,266.0203043543893,261.858331923758,261.9722900390625
2024-12-05,263.42153574796134,267.5195435430234,263.42153574796134,267.4195861816406,26092339,1.2701154947280884,263.42153574796134,267.5195435430234,263.42153574796134,267.4195861816406
2024-12-06,267.719491609647,269.468638892234,264.12123967064065,264.67095947265625,34652434,1.2759333848953247,267.719491609647,269.468638892234,264.12123967064065,264.67095947265625
2024-12-09,266.27015278249866,268.9688490263138,265.3705975354616,267.4195861816406,21226133,1.2749296426773071,266.27015278249866,268.9688490263138,265.3705975354616,267.4195861816406
2024-12-10,265.5705582346882,268.1193036263244,263.42158135238424,264.0712890625,23272737,1.2749085426330566,265.5705582346882,268.1193036263244,263.42158135238424,264.0712890625
2024-12-11,262.0223029934898,268.86897252067416,261.5225465389904,266.5201110839844,66367713,1.2780042886734009,262.0223029934898,268.86897252067416,261.5225465389904,266.5201110839844
2024-12-12,268.81896791147784,273.096881286798,267.4196256509932,270.568115234375,30383450,1.2766337394714355,268.81896791147784,273.096881286798,267.4196256509932,270.568115234375
2024-12-13,269.51858544296294,271.867446318684,268.1692372375312,269.2687072753906,17943580,1.2677323818206787,269.51858544296294,271.867446318684,268.1692372375312,269.2687072753906
2024-12-16,269.4186393915779,273.11684862806374,268.619041422844,270.16827392578125,31793460,1.2627378702163696,269.4186393915779,273.11684862806374,268.619041422844,270.16827392578125
2024-12-17,269.3187183410748,270.91791431309287,263.9713191143542,264.42108154296875,61963968,1.2690355777740479,269.3187183410748,270.91791431309287,263.9713191143542,264.42108154296875
2024-12-18,263.97131660459985,268.04733242280884,263.609493486424,266.9198608398437,25399661,1.2710840702056885,263.97131660459985,268.04733242280884,263.609493486424,266.9198608398437
2024-12-19,257.4744967120332,260.7229132279002,257.0247037625987,260.1231994628906,51575171,1.2567708492279053,257.4744967120332,260.7229132279002,257.0247037625987,260.1231994628906
2024-12-20,256.6748681911173,261.12271223700355,254.57590051629293,260.1231994628906,68228161,1.2497968673706055,256.6748681911173,261.12271223700355,254.57590051629293,260.1231994628906
2024-12-23,261.07273519142296,261.9222966029697,259.17363661742826,261.4725341796875,13605305,1.256991982460022,261.07273519142296,261.9222966029697,259.17363661742826,261.4725341796875
2024-12-24,262.82188658375503,264.0522743187797,262.1452145081473,263.42156982421875,8298189,1.2534469366073608,262.82188658375503,264.0522743187797,262.1452145081473,263.42156982421875
2024-12-27,264.221215218766,265.77044786025147,263.41161228964,264.7709350585937,15970484,1.2529758214950562,264.221215218766,265.77044786025147,263.41161228964,264.7709350585937
2024-12-30,262.47208614178123,265.6205455862879,261.27265849496337,264.6210327148437,14724719,1.257880687713623,262.47208614178123,265.6205455862879,261.27265849496337,264.6210327148437
2024-12-31,264.1212543697952,268.01934814453125,263.07177814291964,268.01934814453125,9253099,1.254909873008728,264.1212543697952,268.01934814453125,263.07177814291964,268.01934814453125
2025-01-02,266.0203239009365,268.01934948802256,260.463035209054,266.7699584960937,16234904,1.2519248723983765,266.0203239009365,268.01934948802256,260.463035209054,266.7699584960937
2025-01-03,266.17020861125224,268.3691486598265,265.4755704960326,266.3201599121094,22674822,1.2380222082138062,266.17020861125224,268.3691486598265,265.4755704960326,266.3201599121094
2025-01-06,268.76895978084946,272.8170045302968,267.2197272920247,272.66705322265625,33697063,1.2426837682724,268.76895978084946,272.8170045302968,267.2197272920247,272.66705322265625
2025-01-07,271.6675289505548,272.36720001405854,263.8713423989411,265.5705261230469,36053588,1.2510946989059448,271.6675289505548,272.36720001405854,263.8713423989411,265.5705261230469
2025-01-08,267.7194975798036,272.5171466036612,260.0232371637106,264.8708801269531,42976306,1.247785210609436,267.7194975798036,272.5171466036612,260.0232371637106,264.8708801269531
2025-01-09,262.37208531881254,265.9703371608691,260.9227796940639,265.720458984375,77895220,1.2359870672225952,262.37208531881254,265.9703371608691,260.9227796940639,265.720458984375
2025-01-10,264.42108830742063,266.27019301291693,256.4749801715384,257.9242553710937,58858463,1.2299367189407349,264.42108830742063,266.27019301291693,256.4749801715384,257.9242553710937
2025-01-13,257.72435029455767,261.5224862724058,254.97569042822627,260.5729675292969,44675614,1.2204945087432861,257.72435029455767,261.5224862724058,254.97569042822627,260.5729675292969
2025-01-14,262.0222275121089,263.97128932427086,258.3240491157846,263.6714172363281,29124701,1.2233314514160156,262.0222275121089,263.97128932427086,258.3240491157846,263.6714172363281
2025-01-15,267.5695668367241,282.31237942871405,267.3016920597965,280.8131103515625,65565586,1.221344232559204,267.5695668367241,282.31237942871405,267.3016920597965,280.8131103515625
2025-01-16,284.86115366155866,285.4608674540198,281.11298058706444,282.5622863769531,37501667,1.2243348360061646,284.86115366155866,285.4608674540198,281.11298058706444,282.5622863769531
2025-01-17,285.9106045777731,291.6078393470768,284.66121366368964,289.2090148925781,51385499,1.2236906290054321,285.9106045777731,291.6078393470768,284.66121366368964,289.2090148925781
2025-01-20,292.207581120611,293.4569721545603,289.8587198762441,291.70782470703125,28352078,1.2171002626419067,292.207581120611,293.4569721545603,289.8587198762441,291.70782470703125
2025-01-21,293.8567545467013,297.9997239997263,292.4074488282955,295.8058166503906,39436643,1.233136773109436,293.8567545467013,297.9997239997263,292.4074488282955,295.8058166503906
2025-01-22,297.8548017785904,299.1541561624471,292.7073171772538,293.6068725585937,119155572,1.2335399389266968,297.8548017785904,299.1541561624471,292.7073171772538,293.6068725585937
2025-01-23,292.25753119982807,298.95427903672737,292.25753119982807,298.5044860839844,37652718,1.231420874595642,292.25753119982807,298.95427903672737,292.25753119982807,298.5044860839844
2025-01-24,296.8553144950848,297.4550283016777,292.25754931482066,292.9072265625,22990549,1.2353914976119995,296.8553144950848,297.4550283016777,292.25754931482066,292.9072265625
2025-01-27,287.4598929124932,291.93171228966327,287.4098989699051,288.2594909667969,33626143,1.2459352016448975,287.4598929124932,291.93171228966327,287.4098989699051,288.2594909667969
2025-01-28,285.86064114229293,289.87269281026926,284.9610857846944,289.2090148925781,39485551,1.2460592985153198,285.86064114229293,289.87269281026926,284.9610857846944,289.2090148925781
2025-01-29,290.0586357810076,298.304616637432,289.5088854222861,296.1556396484375,44836689,1.2441680431365967,290.0586357810076,298.304616637432,289.5088854222861,296.1556396484375
2025-01-30,295.55595690793507,297.5049886305843,294.20660848289424,295.6558837890625,32430324,1.245530128479004,295.55595690793507,297.5049886305843,294.20660848289424,295.6558837890625
2025-01-31,294.5064245902366,298.60443295051755,294.5064245902366,296.85528564453125,29162819,1.2423903942108154,294.5064245902366,298.60443295051755,294.5064245902366,296.85528564453125
2025-02-03,287.95959855667525,291.7487361010712,286.0155391453381,290.40838623046875,109731938,1.2291958332061768,287.95959855667525,291.7487361010712,286.0155391453381,290.40838623046875
2025-02-04,292.15756634291745,294.10662841796875,289.0091072624342,294.10662841796875,38513525,1.2431780099868774,292.15756634291745,294.10662841796875,289.0091072624342,294.10662841796875
2025-02-05,292.45749181577344,295.1561584472656,291.2081006430324,295.1561584472656,28853413,1.2478163242340088,292.45749181577344,295.1561584472656,291.2081006430324,295.1561584472656
2025-02-06,298.15462954736097,307.849915047002,296.35551886829904,307.35015869140625,74428801,1.2504063844680786,298.15462954736097,307.849915047002,296.35551886829904,307.35015869140625
2025-02-07,305.8508985508408,307.2002468508714,302.75240295517625,304.5515441894531,31910538,1.2437502145767212,305.8508985508408,307.2002468508714,302.75240295517625,304.5515441894531
2025-02-10,304.50154610765094,308.7894642462202,302.6024780273437,302.6024780273437,25448783,1.2391574382781982,304.50154610765094,308.7894642462202,302.6024780273437,302.6024780273437
2025-02-11,302.3526323190152,308.2647592735494,301.6529611340521,306.3007202148437,27287744,1.2360633611679077,302.3526323190152,308.2647592735494,301.6529611340521,306.3007202148437
2025-02-12,307.65003057806524,312.24779560253216,306.0508344849552,307.6000671386719,38726785,1.245159387588501,307.65003057806524,312.24779560253216,306.0508344849552,307.6000671386719
2025-02-13,295.4559777843919,301.4030604013016,287.7097538989053,293.10711669921875,95487410,1.2450664043426514,295.4559777843919,301.4030604013016,287.7097538989053,293.10711669921875
2025-02-14,292.7572979439278,295.65587901214286,291.3080226611755,294.4564819335937,80572764,1.2563445568084717,292.7572979439278,295.65587901214286,291.3080226611755,294.4564819335937
2025-02-17,298.454486715713,305.95083167423206,298.3545293490583,304.25164794921875,48798577,1.2584155797958374,298.454486715713,305.95083167423206,298.3545293490583,304.25164794921875
2025-02-18,305.40110207169647,310.2987388447893,304.8014188366064,308.0498352050781,31610524,1.262148141860962,305.40110207169647,310.2987388447893,304.8014188366064,308.0498352050781
2025-02-19,308.9993254553018,312.44765625210647,305.2511530686468,305.8009033203125,38353533,1.2625784873962402,308.9993254553018,312.44765625210647,305.2511530686468,305.8009033203125
2025-02-20,305.7509227373537,309.24921711764995,297.70485786375474,298.25457763671875,44965737,1.2584155797958374,305.7509227373537,309.24921711764995,297.70485786375474,298.25457763671875
2025-02-21,299.8038475164515,305.9008506036133,299.4040180330186,303.6519470214844,41171276,1.2670401334762573,299.8038475164515,305.9008506036133,299.4040180330186,303.6519470214844
2025-02-24,301.702926747688,303.85187303870293,295.45597212106986,298.6044311523437,39817525,1.2649900913238525,301.702926747688,303.85187303870293,295.45597212106986,298.6044311523437
2025-02-25,297.7548595486116,305.20124217294574,296.70538330078125,296.70538330078125,58511638,1.261781930923462,297.7548595486116,305.20124217294574,296.70538330078125,296.70538330078125
2025-02-26,304.5015459693888,309.79898172044926,301.30312354682576,308.7994689941406,69455584,1.2674431800842285,304.5015459693888,309.79898172044926,301.30312354682576,308.7994689941406
2025-02-27,301.60670203577763,303.3911231214986,296.0084279094161,300.9568786621094,136383465,1.2682307958602905,301.60670203577763,303.3911231214986,296.0084279094161,300.9568786621094
2025-02-28,299.00752583708135,311.2127352535228,297.208064083437,311.2037353515625,104348091,1.259890079498291,299.00752583708135,311.2127352535228,297.208064083437,311.2037353515625
2025-03-03,310.403994114257,315.90229352690886,305.5554876214719,311.0038146972656,47887027,1.260398268699646,310.403994114257,315.90229352690886,305.5554876214719,311.0038146972656
2025-03-04,306.905029378388,308.91042078035656,290.8100038207604,292.3095397949219,71125845,1.270147681236267,306.905029378388,308.91042078035656,290.8100038207604,292.3095397949219
2025-03-05,306.90509149238943,312.4033911771065,301.2398512455121,303.356201171875,109193473,1.2794268131256104,306.90509149238943,312.4033911771065,301.2398512455121,303.356201171875
2025-03-06,307.90472578164434,310.903797786011,303.9059631091555,308.3045959472656,69237234,1.2891913652420044,307.90472578164434,310.903797786011,303.9059631091555,308.3045959472656
2025-03-07,302.2564853486531,306.6551182702994,298.4076701016606,298.6575927734375,39777130,1.2885303497314453,302.2564853486531,306.6551182702994,298.4076701016606,298.6575927734375
2025-03-10,299.6073456778723,300.5570336352522,280.0633721863713,284.4620056152344,96013777,1.2932428121566772,299.6073456778723,300.5570336352522,280.0633721863713,284.4620056152344
2025-03-11,283.36236611870896,284.8468922952788,277.4641660618122,283.4623107910156,64205536,1.2875481843948364,283.36236611870896,284.8468922952788,277.4641660618122,283.4623107910156
2025-03-12,287.1111654950004,294.15897234016745,286.1614471788375,292.0096435546875,53815331,1.294481635093689,287.1111654950004,294.15897234016745,286.1614471788375,292.0096435546875
2025-03-13,291.9596732686547,295.8084887832836,286.6613244618061,288.7606811523437,35149260,1.2964283227920532,291.9596732686547,295.8084887832836,286.6613244618061,288.7606811523437
2025-03-14,287.2111358188529,295.25866453646915,285.36173236653826,294.6588439941406,40187488,1.2958402633666992,287.2111358188529,295.25866453646915,285.36173236653826,294.6588439941406
2025-03-17,296.20835284224086,297.15807124459656,291.5597970219601,294.7588195800781,47951738,1.2930588722229004,296.20835284224086,297.15807124459656,291.5597970219601,294.7588195800781
2025-03-18,296.75820638558787,304.6057849050334,295.0437404036913,303.5560913085937,54934802,1.2985326051712036,296.75820638558787,304.6057849050334,295.0437404036913,303.5560913085937
2025-03-19,301.5566997384397,305.95533280702995,299.5573182974315,304.8056945800781,40816410,1.3000519275665283,301.5566997384397,305.95533280702995,299.5573182974315,304.8056945800781
2025-03-20,306.3552371149364,308.37960474620496,298.5576310981545,301.9565734863281,35080182,1.3010668754577637,306.3552371149364,308.37960474620496,298.5576310981545,301.9565734863281
2025-03-21,299.4573584404864,301.7566655201353,293.0093712683151,297.3580322265625,72074784,1.2967981100082397,299.4573584404864,301.7566655201353,293.0093712683151,297.3580322265625
2025-03-24,300.0071860553187,305.7054047572197,299.2074151880795,303.506103515625,34814034,1.2924572229385376,300.0071860553187,305.7054047572197,299.2074151880795,303.506103515625
2025-03-25,303.10622114324093,308.8044396159239,302.956243137321,307.9047241210937,73406373,1.2924238443374634,303.10622114324093,308.8044396159239,302.956243137321,307.9047241210937
2025-03-26,308.8044600534157,311.50363722468273,304.30585177339725,309.15435791015625,33447570,1.2943308353424072,308.8044600534157,311.50363722468273,304.30585177339725,309.15435791015625
2025-03-27,302.9062825788973,305.70540434006705,298.757572268966,303.4061279296875,49575169,1.2877637147903442,302.9062825788973,305.70540434006705,298.757572268966,303.4061279296875
2025-03-28,297.907818198001,301.95655318837635,293.1093152088051,293.4092102050781,52813410,1.295202612876892,297.907818198001,301.95655318837635,293.1093152088051,293.4092102050781
2025-03-31,289.0605872097411,290.71007091950383,284.56197863321967,287.71099853515625,79020262,1.2938284873962402,289.0605872097411,290.71007091950383,284.56197863321967,287.71099853515625
2025-04-01,291.85973384327264,295.90846927708435,291.5098359705397,293.8091125488281,42981084,1.292089819908142,291.85973384327264,295.90846927708435,291.5098359705397,293.8091125488281
2025-04-02,292.30957272597027,296.6582336425781,289.1605529270959,296.6582336425781,33005123,1.292306900024414,292.30957272597027,296.6582336425781,289.1605529270959,296.6582336425781
2025-04-03,284.9118369791269,286.51134813046184,268.3669688244713,270.8161926269531,83298971,1.3046314716339111,284.9118369791269,286.51134813046184,268.3669688244713,270.8161926269531
2025-04-04,264.2682520798952,265.21793997391165,240.07572407306787,249.97267150878903,148960169,1.308866262435913,264.2682520798952,265.21793997391165,240.07572407306787,249.97267150878903
2025-04-07,223.68079932708648,255.6889022735231,223.68079932708648,241.77520751953125,127396742,1.2910722494125366,223.68079932708648,255.6889022735231,223.68079932708648,241.77520751953125
2025-04-08,245.42407666909256,259.86962006529524,243.0648059125385,253.971435546875,91562896,1.2734960317611694,245.42407666909256,259.86962006529524,243.0648059125385,253.971435546875
2025-04-09,241.3253336676963,248.97297682691251,238.4762242685948,241.57525634765625,67187218,1.2790995836257935,241.3253336676963,248.97297682691251,238.4762242685948,241.57525634765625
2025-04-10,308.9044506062005,309.9041413848613,260.1695251464844,260.1695251464844,103159497,1.2825446128845215,308.9044506062005,309.9041413848613,260.1695251464844,260.1695251464844
2025-04-11,262.5687363695404,264.2182197980003,250.9723342801556,257.8702087402344,74749197,1.2992074489593506,262.5687363695404,264.2182197980003,250.9723342801556,257.8702087402344
2025-04-14,263.4684879164326,272.7656303006687,261.9689517746017,270.3163757324219,30875395,1.3085237741470337,263.4684879164326,272.7656303006687,261.9689517746017,270.3163757324219
2025-04-15,269.9664829350267,279.51354818888626,269.0167949989141,279.1136779785156,42882246,1.3174536228179932,269.9664829350267,279.51354818888626,269.0167949989141,279.1136779785156
2025-04-16,274.9149596948418,278.68478965528794,273.41542355105173,277.9140319824219,82382137,1.323101282119751,274.9149596948418,278.68478965528794,273.41542355105173,277.9140319824219
2025-04-17,277.9139985336595,279.61348482866697,274.0651834595335,277.2142028808594,27299550,1.3233989477157593,277.9139985336595,279.61348482866697,274.0651834595335,277.2142028808594
2025-04-22,276.71439889467854,280.0133968116416,275.2648655518324,279.9134216308594,49402964,1.3379716873168945,276.71439889467854,280.0133968116416,275.2648655518324,279.9134216308594
2025-04-23,284.91185536486034,297.7398874235185,284.66193268471574,293.6591491699219,37152214,1.327316164970398,284.91185536486034,297.7398874235185,284.66193268471574,293.6591491699219
2025-04-24,293.1093296854334,294.8087855951462,287.71097542079167,289.51043701171875,85245595,1.326453447341919,293.1093296854334,294.8087855951462,287.71097542079167,289.51043701171875
2025-04-25,291.3598690421057,292.9093774362088,288.9106146043151,292.7594299316406,32894742,1.3326226472854614,291.3598690421057,292.9093774362088,288.9106146043151,292.7594299316406
2025-04-28,291.1599127782609,298.4576425948554,291.1599127782609,295.0087280273437,27585988,1.3290096521377563,291.1599127782609,298.4576425948554,291.1599127782609,295.0087280273437
2025-04-29,297.6079418989486,301.6566771436858,295.1087150791997,297.9078369140625,38025663,1.3436164855957031,297.6079418989486,301.6566771436858,295.1087150791997,297.9078369140625
2025-04-30,309.9041523855432,309.9041523855432,287.8269655579492,296.7082214355469,95599721,1.3410794734954834,309.9041523855432,309.9041523855432,287.8269655579492,296.7082214355469
2025-05-01,292.6594475717717,299.20740934492994,291.95965189012094,294.70880126953125,23323919,1.3323917388916016,292.6594475717717,299.20740934492994,291.95965189012094,294.70880126953125
2025-05-02,298.25773202649657,302.0065722216307,293.6591486188375,300.9568786621094,37012296,1.3286387920379639,298.25773202649657,302.0065722216307,293.6591486188375,300.9568786621094
2025-05-06,301.10685986239605,303.4061363364841,292.209587965292,298.0078125,53053469,1.3292568922042847,301.10685986239605,303.4061363364841,292.209587965292,298.0078125
2025-05-07,298.0577614285137,299.4073499086946,293.70910099599195,296.0583801269531,57720572,1.335594892501831,298.0577614285137,299.4073499086946,293.70910099599195,296.0583801269531
2025-05-08,299.65730906779777,305.25558349563005,299.40738637466364,304.9556579589844,68823766,1.3294159173965454,299.65730906779777,305.25558349563005,299.40738637466364,304.9556579589844
2025-05-09,307.1050101674256,307.9277537009869,304.9056783172905,306.9050598144531,30367934,1.323539137840271,307.1050101674256,307.9277537009869,304.9056783172905,306.9050598144531
2025-05-12,312.90319946574266,320.4008799641231,310.80384282456816,313.2030944824219,56096457,1.3289036750793457,312.90319946574266,320.4008799641231,310.80384282456816,313.2030944824219
2025-05-13,310.1540791170485,317.60178798242333,310.1540791170485,316.7520446777344,34889792,1.3177834749221802,310.1540791170485,317.60178798242333,310.1540791170485,316.7520446777344
2025-05-14,316.7520130302523,320.7507759392455,313.2530954848832,320.200927734375,34788080,1.3304418325424194,316.7520130302523,320.7507759392455,313.2530954848832,320.200927734375
2025-05-15,320.2009358774692,324.4996244188416,318.95132243662965,322.2003173828125,43328424,1.3263479471206665,320.2009358774692,324.4996244188416,318.95132243662965,322.2003173828125
2025-05-16,323.1000461054253,326.6009465808023,322.45022274459353,325.3993225097656,34896375,1.3306896686553955,323.1000461054253,326.6009465808023,322.45022274459353,325.3993225097656
2025-05-19,322.85015451242447,326.89889002971927,321.4505629926338,325.59930419921875,30040938,1.3305498361587524,322.85015451242447,326.89889002971927,321.4505629926338,325.59930419921875
2025-05-20,327.29874553871485,330.64771565376736,325.64926190238765,329.4980773925781,28093280,1.3360053300857544,327.29874553871485,330.64771565376736,325.64926190238765,329.4980773925781
2025-05-21,328.14851279375034,331.0976129261516,326.94887160236675,327.8985900878906,27263394,1.3397821187973022,328.14851279375034,331.0976129261516,326.94887160236675,327.8985900878906
2025-05-22,325.5992927955991,328.3984147208615,321.8004496020106,326.5489807128906,31204174,1.3419036865234375,325.5992927955991,328.3984147208615,321.8004496020106,326.5489807128906
2025-05-23,326.49901003729155,329.99792771572027,311.97350443831164,323.20001220703125,39132476,1.3419216871261597,326.49901003729155,329.99792771572027,311.97350443831164,323.20001220703125
2025-05-27,325.0994381360907,328.59835569686845,324.3996424206792,327.99853515625,30892653,1.3565207719802856,325.0994381360907,328.59835569686845,324.3996424206792,327.99853515625
2025-05-28,326.2490438959437,329.1081444599183,323.6998144791403,323.84979248046875,20539081,1.3513330221176147,326.2490438959437,329.1081444599183,323.6998144791403,323.84979248046875
2025-05-29,327.69861653207016,329.19815266112136,325.14941731593933,325.9491577148437,27844325,1.3431472778320312,327.69861653207016,329.19815266112136,325.14941731593933,325.9491577148437
2025-05-30,325.999151246025,328.2984277083076,322.9001038995408,327.3987121582031,52310756,1.3498992919921875,325.999151246025,328.2984277083076,322.9001038995408,327.3987121582031
2025-06-02,324.79949317865953,327.89854036298607,322.65016433583463,326.9488220214844,18595152,1.346728801727295,324.79949317865953,327.89854036298607,322.65016433583463,326.9488220214844
2025-06-03,327.09880911088186,329.7479833631819,321.8784089014924,329.1481628417969,27269277,1.3556748628616333,327.09880911088186,329.7479833631819,321.8784089014924,329.1481628417969
2025-06-04,329.8979479867013,331.8473571553335,324.74954671823394,325.8492126464844,42342840,1.353143334388733,329.8979479867013,331.8473571553335,324.74954671823394,325.8492126464844
2025-06-05,324.0997280132556,327.84856803264944,324.0997280132556,326.9488220214844,23868229,1.3552155494689941,324.0997280132556,327.84856803264944,324.0997280132556,326.9488220214844
2025-06-06,328.0485280471923,334.1466479940372,326.6489670368037,333.09698486328125,38557917,1.3579576015472412,328.0485280471923,334.1466479940372,326.6489670368037,333.09698486328125
2025-06-09,333.0969665408094,333.9966821045589,329.6979936206488,332.3471984863281,17946358,1.3538211584091187,333.0969665408094,333.9966821045589,329.6979936206488,332.3471984863281
2025-06-10,330.89762789658624,332.49713914816743,323.25,323.25,71278280,1.3556748628616333,330.89762789658624,332.49713914816743,323.25,323.25
2025-06-11,323.5499088601483,326.44900596689075,322.6501932764201,322.9001159667969,48031211,1.3508219718933105,323.5499088601483,326.44900596689075,322.6501932764201,322.9001159667969
2025-06-12,318.0015961809043,325.24935326381774,316.90193038393835,323.84979248046875,46385664,1.3567416667938232,318.0015961809043,325.24935326381774,316.90193038393835,323.84979248046875
2025-06-13,317.8517052407568,319.2012634277344,315.4024505530152,319.2012634277344,61656560,1.3627691268920898,317.8517052407568,319.2012634277344,315.4024505530152,319.2012634277344
2025-06-16,320.80073960137827,325.8991682741663,319.55112622609386,325.4992980957031,32419385,1.3557006120681763,320.80073960137827,325.8991682741663,319.55112622609386,325.4992980957031
2025-06-17,323.7498694625513,324.7495602556991,320.30092402293457,321.6505126953125,33319731,1.3565576076507568,323.7498694625513,324.7495602556991,320.30092402293457,321.6505126953125
2025-06-18,322.90010948410134,326.29905190335853,322.25031660379545,325.0494384765625,31743515,1.3430029153823853,322.90010948410134,326.29905190335853,322.25031660379545,325.0494384765625
2025-06-19,324.8994995785281,325.0994499353713,319.651123046875,319.651123046875,15272321,1.3416515588760376,324.8994995785281,325.0994499353713,319.651123046875,319.651123046875
2025-06-20,321.1506309038327,327.1987473137079,321.1506309038327,323.8997802734375,54976252,1.3476725816726685,321.1506309038327,327.1987473137079,321.1506309038327,323.8997802734375
2025-06-23,322.10037311803853,323.7498567603874,317.75171223683463,318.55145263671875,24584331,1.3435983657836914,322.10037311803853,323.7498567603874,317.75171223683463,318.55145263671875
2025-06-24,327.8485793686476,333.3968505859375,326.89886099430754,333.3968505859375,53443541,1.3545364141464233,327.8485793686476,333.3968505859375,326.89886099430754,333.3968505859375
2025-06-25,333.39685909431626,333.6467817772956,328.4483777680712,331.74737548828125,28326349,1.361488938331604,333.39685909431626,333.6467817772956,328.4483777680712,331.74737548828125
2025-06-26,331.89733562755725,335.59620367967506,330.64772216510414,331.0975952148437,27767378,1.369187831878662,331.89733562755725,335.59620367967506,330.64772216510414,331.0975952148437
2025-06-27,334.0466489039672,340.24474358824864,334.0466489039672,338.4452819824219,35720599,1.37247633934021,334.0466489039672,340.24474358824864,334.0466489039672,338.4452819824219
2025-06-30,338.6952454934064,339.2950661009914,332.34723304521685,337.1957092285156,22865391,1.3719680309295654,338.6952454934064,339.2950661009914,332.34723304521685,337.1957092285156
2025-07-01,335.69611107405683,336.6958017330125,329.3480997961986,329.5980224609375,24617583,1.3730605840682983,335.69611107405683,336.6958017330125,329.3480997961986,329.5980224609375
2025-07-02,335.9460639856693,337.9204593164988,319.251246782876,325.6492614746094,51318423,1.374721646308899,335.9460639856693,337.9204593164988,319.251246782876,325.6492614746094
2025-07-03,326.8988713500688,335.7461404836482,324.9494622075692,332.2472229003906,33811657,1.3650014400482178,326.8988713500688,335.7461404836482,324.9494622075692,332.2472229003906
2025-07-04,330.697661110734,333.3468657901649,329.04817760846777,330.39776611328125,15476731,1.366829752922058,330.697661110734,333.3468657901649,329.04817760846777,330.39776611328125
2025-07-07,331.5474502175188,336.04605885142854,331.4474750351368,334.1966247558594,19248214,1.3651504516601562,331.5474502175188,336.04605885142854,331.4474750351368,334.1966247558594
2025-07-08,335.0963570153273,337.94645806098487,333.2469229963294,334.5465087890625,38120942,1.3623607158660889,335.0963570153273,337.94645806098487,333.2469229963294,334.5465087890625
2025-07-09,336.1959823252337,339.5449523925781,335.94605964122496,339.5449523925781,33057727,1.3585295677185059,336.1959823252337,339.5449523925781,335.94605964122496,339.5449523925781
2025-07-10,339.94480856890976,344.79331454039493,339.94480856890976,343.543701171875,55679501,1.3593051433563232,339.94480856890976,344.79331454039493,339.94480856890976,343.543701171875
2025-07-11,344.34350314043354,345.3431939255611,337.5455874966814,339.8948669433594,26291575,1.3579576015472412,344.34350314043354,345.3431939255611,337.5455874966814,339.8948669433594
2025-07-14,338.6452393199122,343.94358805656907,337.72252061466554,343.89361572265625,17404955,1.3493820428848267,338.6452393199122,343.94358805656907,337.72252061466554,343.89361572265625
2025-07-15,346.19287416585314,346.6427471801572,340.89452570564845,343.2438049316406,37652535,1.3428045511245728,346.19287416585314,346.6427471801572,340.89452570564845,343.2438049316406
2025-07-16,342.5440214053451,348.19226790962523,341.6942781860142,342.4940490722656,41093798,1.3393335342407227,342.5440214053451,348.19226790962523,341.6942781860142,342.4940490722656
2025-07-17,346.39284146448915,351.89114053535405,343.59371959530495,351.0914001464844,21147896,1.3411099910736084,346.39284146448915,351.89114053535405,343.59371959530495,351.0914001464844
2025-07-18,347.8923560818833,349.5418395996094,343.7436458681667,349.5418395996094,26646132,1.3432555198669434,347.8923560818833,349.5418395996094,343.7436458681667,349.5418395996094
2025-07-21,347.6924336578835,352.6908874511719,346.192897519897,352.6908874511719,43624091,1.341597557067871,347.6924336578835,352.6908874511719,346.192897519897,352.6908874511719
2025-07-22,349.4419218673981,350.8415134537124,343.8436775547149,348.6421813964844,29163457,1.348945140838623,349.4419218673981,350.8415134537124,343.8436775547149,348.6421813964844
2025-07-23,350.04169401930625,352.74087112425127,346.4928042221926,351.7411804199219,54654264,1.352155327796936,350.04169401930625,352.74087112425127,346.4928042221926,351.7411804199219
2025-07-24,351.3912940688013,360.78838089532894,350.9314448720432,358.2891540527344,33393108,1.3579576015472412,351.3912940688013,360.78838089532894,350.9314448720432,358.2891540527344
2025-07-25,359.1389058360445,363.1566754512298,354.7902449247106,360.3885192871094,73558090,1.3510043621063232,359.1389058360445,363.1566754512298,354.7902449247106,360.3885192871094
2025-07-28,364.88713058903824,366.19373325760125,359.6387540531685,361.08831787109375,23321180,1.344085931777954,364.88713058903824,366.19373325760125,359.6387540531685,361.08831787109375
2025-07-29,359.48878669915746,372.68468581331547,355.0401508205429,371.085205078125,54910973,1.336023211479187,359.48878669915746,372.68468581331547,355.0401508205429,371.085205078125
2025-07-30,374.884033203125,375.03398071477807,366.8865071614583,374.884033203125,34619306,1.3353630304336548,374.884033203125,375.03398071477807,366.8865071614583,374.884033203125
2025-07-31,374.5341201421915,376.2336065603532,370.6353324566824,371.1851501464844,52230372,1.3257676362991333,374.5341201421915,376.2336065603532,370.6353324566824,371.1851501464844
2025-08-01,367.5363017265736,370.0155457937255,352.4909679953421,356.5397033691406,31946918,1.3209865093231201,367.5363017265736,370.0155457937255,352.4909679953421,356.5397033691406
2025-08-04,361.1382800505728,365.9867862442292,359.88866662479217,362.3379211425781,46854272,1.3289920091629028,361.1382800505728,365.9867862442292,359.88866662479217,362.3379211425781
2025-08-05,367.2363930166446,367.2363930166446,359.37380473854773,360.7384033203125,28505056,1.3297518491744995,367.2363930166446,367.2363930166446,359.37380473854773,360.7384033203125
2025-08-06,365.9867809672866,365.9867809672866,362.68778326590814,364.7871398925781,64620801,1.3299463987350464,365.9867809672866,365.9867809672866,362.68778326590814,364.7871398925781
2025-08-07,363.1175253150152,365.4669671945212,360.3681498715829,361.9177856445313,83644462,1.3357912302017212,363.1175253150152,365.4669671945212,360.3681498715829,361.9177856445313
2025-08-08,363.0675267953956,367.866455078125,361.6178743797648,367.866455078125,71584352,1.345152735710144,363.0675267953956,367.866455078125,361.6178743797648,367.866455078125
2025-08-11,369.6160484183419,371.9805015319873,365.5169734807303,370.9157409667969,16640285,1.3444474935531616,369.6160484183419,371.9805015319873,365.5169734807303,370.9157409667969
2025-08-12,371.8155403599855,374.8648660519872,370.2158975965508,373.9150695800781,26541665,1.3435261249542236,371.8155403599855,374.8648660519872,370.2158975965508,373.9150695800781
2025-08-13,374.115044909952,375.4147375226818,372.2654588759529,373.4151916503906,23288060,1.3504207134246826,374.115044909952,375.4147375226818,372.2654588759529,373.4151916503906
2025-08-14,374.81488037109375,375.1648070127426,372.2154645468236,374.81488037109375,20413339,1.3585295677185059,374.81488037109375,375.1648070127426,372.2154645468236,374.81488037109375
2025-08-15,377.8141713954751,379.2378592276712,368.8662222803141,371.0657043457031,32981703,1.3530701398849487,377.8141713954751,379.2378592276712,368.8662222803141,371.0657043457031
2025-08-18,370.5658292400856,372.21544846728193,366.66672092744494,371.11572265625,20397846,1.3556381464004517,370.5658292400856,372.21544846728193,366.66672092744494,371.11572265625
2025-08-19,371.6655763118642,375.41472469429726,371.56559291953647,372.0155029296875,14132345,1.3508219718933105,371.6655763118642,375.41472469429726,371.56559291953647,372.0155029296875
2025-08-20,370.2659144516308,373.5151765068107,367.96641838311416,372.6153869628906,20100018,1.348679542541504,370.2659144516308,373.5151765068107,367.96641838311416,372.6153869628906
2025-08-21,374.2149778876277,375.564677381753,370.2658933063244,373.8650817871094,19805084,1.3466380834579468,374.2149778876277,375.564677381753,370.2658933063244,373.8650817871094
2025-08-22,374.3649866066232,378.2640949394493,373.4651665592684,376.3645324707031,23768320,1.3419395685195923,374.3649866066232,378.2640949394493,373.4651665592684,376.3645324707031
2025-08-26,373.815101805842,375.1148249538479,368.76626058689953,373.7151184082031,29403636,1.3453518152236938,373.815101805842,375.1148249538479,368.76626058689953,373.7151184082031
2025-08-27,375.6146850215515,376.2145243439105,367.1665919407792,371.3156433105469,34678914,1.3478723764419556,375.6146850215515,376.2145243439105,367.1665919407792,371.3156433105469
2025-08-28,373.16524575529166,373.7151086619912,366.366802042241,368.5662841796875,21372591,1.3503841161727905,373.16524575529166,373.7151086619912,366.366802042241,368.5662841796875
2025-08-29,364.8671616397145,366.616764356558,352.7699024668378,360.3181762695313,43548289,1.35111403465271,364.8671616397145,366.616764356558,352.7699024668378,360.3181762695313
2025-09-01,363.9173145593861,367.2665596828723,362.46763173394345,367.216552734375,17417191,1.3503841161727905,363.9173145593861,367.2665596828723,362.46763173394345,367.216552734375
2025-09-02,368.9661686571395,369.7159983161181,358.31859360177293,359.6183166503906,28693331,1.3547931909561157,368.9661686571395,369.7159983161181,358.31859360177293,359.6183166503906
2025-09-03,359.1184598001233,362.3677219234155,355.6442426584733,362.1677551269531,24744128,1.3383476734161377,359.1184598001233,362.3677219234155,355.6442426584733,362.1677551269531
2025-09-04,362.767610557556,370.2159005140661,361.4179110118137,370.1659240722656,23574721,1.3441582918167114,362.767610557556,370.2159005140661,361.4179110118137,370.1659240722656
2025-09-05,372.4153987706415,372.4153987706415,360.5181075697625,360.9679870605469,24020916,1.3444474935531616,372.4153987706415,372.4153987706415,360.5181075697625,360.9679870605469
2025-09-08,363.9173272078934,366.46673583984375,363.1674975501848,366.46673583984375,19572415,1.3492909669876099,363.9173272078934,366.46673583984375,363.1674975501848,366.46673583984375
2025-09-09,368.9662010939703,373.4651794433594,365.8169223515279,373.4651794433594,25656974,1.3553073406219482,368.9662010939703,373.4651794433594,365.8169223515279,373.4651794433594
2025-09-10,374.2649905101324,377.0643424205853,372.16546132196896,374.9648132324219,30874965,1.352109670639038,374.2649905101324,377.0643424205853,372.16546132196896,374.9648132324219
2025-09-11,376.9143973664588,380.6635458813771,373.4151920858683,379.46380615234375,33834978,1.3534730672836304,376.9143973664588,380.6635458813771,373.4151920858683,379.46380615234375
2025-09-12,380.3136220717364,381.8132814888258,378.4140595788864,380.0137023925781,14315611,1.3576626777648926,380.3136220717364,381.8132814888258,378.4140595788864,380.0137023925781
2025-09-15,381.9132604174906,386.4622150585181,381.2634141131508,384.5626525878906,20158639,1.3553440570831299,381.9132604174906,386.4622150585181,381.2634141131508,384.5626525878906
2025-09-16,384.9125818147477,385.712387962311,373.8651030344541,374.764892578125,51928207,1.3602666854858398,384.9125818147477,385.712387962311,373.8651030344541,374.764892578125
2025-09-17,377.11437765274775,380.9135027462192,373.54017706970114,378.3140869140625,28082218,1.365392804145813,377.11437765274775,380.9135027462192,373.54017706970114,378.3140869140625
2025-09-18,379.6637488935344,384.6126368239893,376.9143734900921,384.462646484375,24966437,1.3629734516143799,379.6637488935344,384.6126368239893,376.9143734900921,384.462646484375
2025-09-19,388.5617343258138,388.5617343258138,377.6642157382108,381.5633239746094,78944993,1.3556013107299805,388.5617343258138,388.5617343258138,377.6642157382108,381.5633239746094
2025-09-22,382.1632136135702,384.36272632783607,379.1638947362891,383.2629699707031,27294342,1.3464748859405518,382.1632136135702,384.36272632783607,379.1638947362891,383.2629699707031
2025-09-23,386.2622666159568,389.81144821220016,383.262947911307,389.2115783691406,36179557,1.3514974117279053,386.2622666159568,389.81144821220016,383.262947911307,389.2115783691406
2025-09-24,384.3626851114484,386.9120936794967,379.6637405033304,384.9625244140625,23537903,1.3524478673934937,384.3626851114484,386.9120936794967,379.6637405033304,384.9625244140625
2025-09-25,382.21315664742656,384.0127661228782,375.0647867168864,376.2645263671875,31719401,1.3452396392822266,382.21315664742656,384.0127661228782,375.0647867168864,376.2645263671875
2025-09-26,376.9143881445034,383.4129120780293,376.9143881445034,382.51312255859375,28960805,1.333653450012207,376.9143881445034,383.4129120780293,376.9143881445034,382.51312255859375
2025-09-29,382.7630536895176,386.1122989438418,380.3135979261911,380.7135009765625,21435248,1.3408241271972656,382.7630536895176,386.1122989438418,380.3135979261911,380.7135009765625
2025-09-30,382.16318599330015,385.0625212629969,379.3138271636863,379.5137939453125,35398710,1.3437248468399048,382.16318599330015,385.0625212629969,379.3138271636863,379.5137939453125
2025-10-01,378.9139382652371,381.8632805958353,374.71487977941047,380.1136779785156,44205760,1.3443390130996704,378.9139382652371,381.8632805958353,374.71487977941047,380.1136779785156
2025-10-02,381.1634195095842,384.5126648388799,379.313833535736,380.213623046875,37181357,1.3480178117752075,381.1634195095842,384.5126648388799,379.313833535736,380.213623046875
2025-10-03,384.9125550827032,388.5887218796419,383.0129927311776,385.2624816894531,34745760,1.3446643352508545,384.9125550827032,388.5887218796419,383.0129927311776,385.2624816894531
2025-10-06,384.91256645941246,385.362476468624,377.7891845476636,381.0134582519531,28622908,1.3433817625045776,384.91256645941246,385.362476468624,377.7891845476636,381.0134582519531
2025-10-07,381.013443271774,384.91255132593335,377.9641177405963,378.6639709472656,33197675,1.3484903573989868,381.013443271774,384.91255132593335,377.9641177405963,378.6639709472656
2025-10-08,379.9636981131216,385.8623829370403,379.3638587505833,382.7130737304688,45185809,1.3421016931533813,379.9636981131216,385.8623829370403,379.3638587505833,382.7130737304688
2025-10-09,377.6642208537361,381.2134025185192,374.4649353027344,374.4649353027344,36965461,1.3401411771774292,377.6642208537361,381.2134025185192,374.4649353027344,374.4649353027344
2025-10-10,373.2152113892288,378.6140094580866,371.8655423826619,372.4154052734375,29639365,1.3304948806762695,373.2152113892288,378.6140094580866,371.8655423826619,372.4154052734375
2025-10-13,373.5651493159823,375.9645982466466,370.9157571527353,374.6149291992188,26450947,1.3336178064346313,373.5651493159823,375.9645982466466,370.9157571527353,374.6149291992188
2025-10-14,372.5653726786859,380.9134826660156,369.5440557401803,380.9134826660156,25709451,1.3332622051239014,372.5653726786859,380.9134826660156,369.5440557401803,380.9134826660156
2025-10-15,384.21272042940814,384.21272042940814,377.5642366225764,379.1638793945313,28507828,1.3321610689163208,384.21272042940814,384.21272042940814,377.5642366225764,379.1638793945313
2025-10-16,379.31383923019774,383.0899895987153,375.1148112782952,379.1638793945313,23611230,1.3404465913772583,379.31383923019774,383.0899895987153,375.1148112782952,379.1638793945313
2025-10-17,360.21815164904206,365.3670063207969,353.4696847991676,357.7187194824219,77116129,1.3445558547973633,360.21815164904206,365.3670063207969,353.4696847991676,357.7187194824219
2025-10-20,361.1179951221752,363.8543731479759,357.5188064660463,361.71783447265625,34215853,1.342588186264038,361.1179951221752,363.8543731479759,357.5188064660463,361.71783447265625
2025-10-21,364.6671838387284,367.81646253191593,363.86737768227255,364.1672973632813,29867197,1.3405184745788574,364.6671838387284,367.81646253191593,363.86737768227255,364.1672973632813
2025-10-22,372.415425964675,384.51268482968425,371.1337040990679,381.9132690429688,114371754,1.336523175239563,372.415425964675,384.51268482968425,371.1337040990679,381.9132690429688
2025-10-23,381.5633112966145,388.5617214152867,380.1136589355634,386.6121826171875,42702315,1.3351848125457764,381.5633112966145,388.5617214152867,380.1136589355634,386.6121826171875
2025-10-24,386.5621728640203,388.2117919921875,379.9136894016213,388.2117919921875,33272193,1.332746982574463,386.5621728640203,388.2117919921875,379.9136894016213,388.2117919921875
2025-10-28,397.909607004231,404.3821356654415,393.5106124259116,404.358154296875,72950638,1.3341000080108643,397.909607004231,404.3821356654415,393.5106124259116,404.358154296875
2025-10-29,408.157293351048,408.4072365802893,403.308388601637,404.9580078125,32672661,1.3279330730438232,408.157293351048,408.4072365802893,403.308388601637,404.9580078125
2025-10-30,404.90802993903327,407.2625061339935,401.1089050722596,405.7578430175781,53875055,1.3195397853851318,404.90802993903327,407.2625061339935,401.1089050722596,405.7578430175781
2025-10-31,404.85807041950176,408.3202663452001,404.15821714659,406.9075927734375,29240730,1.3159106969833374,404.85807041950176,408.3202663452001,404.15821714659,406.9075927734375
2025-11-03,407.50743279408175,408.70714194606046,404.6080975384912,406.5076599121094,106413186,1.3134735822677612,407.50743279408175,408.70714194606046,404.6080975384912,406.5076599121094
2025-11-04,404.5081070734791,406.35769297490896,396.5599005965506,406.2077026367188,30126221,1.3135254383087158,404.5081070734791,406.35769297490896,396.5599005965506,406.2077026367188
2025-11-05,403.5083617285256,406.6076639219384,401.458808910159,405.6578674316406,42372150,1.3021697998046875,403.5083617285256,406.6076639219384,401.458808910159,405.6578674316406
2025-11-06,408.4072470760689,412.90622531803297,407.3074907370146,409.7069396972656,65890100,1.3052598237991333,408.4072470760689,412.90622531803297,407.3074907370146,409.7069396972656
2025-11-07,413.8559923222117,414.45583163653714,403.808256658207,404.6080932617188,33549227,1.3140950202941895,413.8559923222117,414.45583163653714,403.808256658207,404.6080932617188
2025-11-10,411.9064351899528,417.95504903642,410.4567522793213,417.1552429199219,35794947,1.3142677545547485,411.9064351899528,417.95504903642,410.4567522793213,417.1552429199219
2025-11-11,419.904638794499,426.10324328572506,419.8056622488383,422.7539978027344,67493203,1.3172974586486816,419.904638794499,426.10324328572506,419.8056622488383,422.7539978027344
2025-11-12,420.70441884436366,429.35247872952255,420.70441884436366,428.9525451660156,39313072,1.3152875900268555,420.70441884436366,429.35247872952255,420.70441884436366,428.9525451660156
2025-11-13,430.4522230860179,430.8021497138743,425.7533086183638,427.1529846191406,36632795,1.3127838373184204,430.4522230860179,430.8021497138743,425.7533086183638,427.1529846191406
2025-11-14,418.2550021175007,418.2550021175007,409.50698917347177,413.4060974121094,34799102,1.3152183294296265,418.2550021175007,418.2550021175007,409.50698917347177,413.4060974121094
2025-11-17,412.1563784674559,412.90620814326087,409.1570597642361,410.7066955566406,36053201,1.3160146474838257,412.1563784674559,412.90620814326087,409.1570597642361,410.7066955566406
2025-11-18,395.9100731368514,401.7087438219704,395.0352718388849,399.7091979980469,34964137,1.3156163692474365,395.9100731368514,401.7087438219704,395.0352718388849,399.7091979980469
2025-11-19,398.9593839142802,403.358409307442,394.25146870921407,399.50927734375,31094998,1.3147515058517456,398.9593839142802,403.358409307442,394.25146870921407,399.50927734375
2025-11-20,405.7078586838657,405.8078420829124,397.6596984863281,397.6596984863281,21960599,1.3061821460723877,405.7078586838657,405.8078420829124,397.6596984863281,397.6596984863281
2025-11-21,391.7610047902315,395.0102666142364,389.26157261792,392.1109313964844,44762935,1.308489441871643,391.7610047902315,395.0102666142364,389.26157261792,392.1109313964844
2025-11-24,399.00937384054015,401.7087423868042,397.2597712508578,400.509033203125,47510313,1.3096375465393066,399.00937384054015,401.7087423868042,397.2597712508578,400.509033203125
2025-11-25,408.90711796458174,413.4560724760656,404.4581163350357,409.9068908691406,76904301,1.3106160163879395,408.90711796458174,413.4560724760656,404.4581163350357,409.9068908691406
2025-11-26,412.10638463804383,426.4531007545749,409.3570092761008,422.85394287109375,55231292,1.315870761871338,412.10638463804383,426.4531007545749,409.3570092761008,422.85394287109375
2025-11-27,422.8539759154921,430.8021524583861,421.354316509967,429.8523864746094,26966929,1.3244997262954712,422.8539759154921,430.8021524583861,421.354316509967,429.8523864746094
2025-11-28,430.2022896758359,432.3018189802623,428.7026302456241,430.1523132324219,23628366,1.3241175413131714,430.2022896758359,432.3018189802623,428.7026302456241,430.1523132324219
2025-12-01,429.3024746231716,431.7769186381914,426.50312272395865,429.50244140625,25230556,1.3239772319793701,429.3024746231716,431.7769186381914,426.50312272395865,429.50244140625
2025-12-02,432.0518683408318,438.15149620609367,429.4024761616383,436.3009033203125,29684291,1.3209341764450073,432.0518683408318,438.15149620609367,429.4024761616383,436.3009033203125
2025-12-03,436.5508252386588,436.5508252386588,430.9021145262332,433.2515869140625,44068058,1.3219469785690308,436.5508252386588,436.5508252386588,430.9021145262332,433.2515869140625
2025-12-04,441.3497698424434,442.8534261245256,435.8510187562275,439.1002807617188,48021624,1.3348817825317383,441.3497698424434,442.8534261245256,435.8510187562275,439.1002807617188
2025-12-05,441.6496672958693,443.7791884001878,434.3013305664063,434.3013305664063,20292757,1.3321788311004639,441.6496672958693,443.7791884001878,434.3013305664063,434.3013305664063
2025-12-08,434.3513481479045,436.9007568359375,429.70237975932434,436.9007568359375,68625536,1.3324593305587769,434.3513481479045,436.9007568359375,429.70237975932434,436.9007568359375
2025-12-09,438.8003291334661,441.2497849953403,436.45085666586897,439.9000854492188,31546937,1.3326793909072876,438.8003291334661,441.2497849953403,436.45085666586897,439.9000854492188
2025-12-10,439.100301805553,442.54950025491104,435.4511060467492,442.1495971679688,67159116,1.3303532600402832,439.100301805553,442.54950025491104,435.4511060467492,442.1495971679688
2025-12-11,441.8996416216068,448.7980688389093,441.2997717525698,446.7985229492188,24388070,1.3388315439224243,441.8996416216068,448.7980688389093,441.2997717525698,446.7985229492188
2025-12-12,451.54744529724553,454.4967876944159,444.2491149902344,444.2491149902344,40414755,1.339046597480774,451.54744529724553,454.4967876944159,444.2491149902344,444.2491149902344
2025-12-15,448.0482296493021,456.87123790512095,448.0482296493021,454.1468505859375,25991599,1.3367732763290405,448.0482296493021,456.87123790512095,448.0482296493021,454.1468505859375
2025-12-16,452.8971566791185,457.3961350567256,448.9480412322922,450.3477478027344,32213422,1.3380612134933472,452.8971566791185,457.3961350567256,448.9480412322922,450.3477478027344
2025-12-17,456.29632645294976,463.9945896665731,454.5967309001271,458.0459289550781,49808915,1.342499852180481,456.29632645294976,463.9945896665731,454.5967309001271,458.0459289550781
2025-12-18,457.1461795818229,464.4445098837356,457.1461795818229,463.1947937011719,23277854,1.3374598026275635,457.1461795818229,464.4445098837356,457.1461795818229,463.1947937011719
2025-12-19,466.9939503202024,470.1432290056703,464.7444611862039,468.8435363769531,55651367,1.3385393619537354,466.9939503202024,470.1432290056703,464.7444611862039,468.8435363769531
2025-12-22,468.99348275557975,469.49336921545336,465.5942609305686,467.84375,19053174,1.3377031087875366,468.99348275557975,469.49336921545336,465.5942609305686,467.84375
2025-12-23,468.8435277593263,473.04255575922,465.74422557398793,471.492919921875,30256669,1.3469899892807007,468.8435277593263,473.04255575922,465.74422557398793,471.492919921875
2025-12-24,471.44292016177104,472.93159574612446,469.34342138511647,469.6433410644531,4908878,1.3513604402542114,471.44292016177104,472.93159574612446,469.34342138511647,469.6433410644531
2025-12-29,471.7928553859807,474.0873477619596,468.8935198938841,469.1434631347656,20672147,1.349727988243103,471.7928553859807,474.0873477619596,468.8935198938841,469.1434631347656
2025-12-30,470.1432110675891,477.4415411085047,468.843518488461,476.6917114257813,19330769,1.3510993719100952,470.1432110675891,477.4415411085047,468.843518488461,476.6917114257813
2025-12-31,475.49199233187016,475.8918953855269,472.1427470500316,475.8419189453125,5418881,1.346719741821289,475.49199233187016,475.8918953855269,472.1427470500316,475.8419189453125
2026-01-02,477.141624219972,482.3404555880738,475.59198840423966,479.39111328125,20953437,1.347363829612732,477.141624219972,482.3404555880738,475.59198840423966,479.39111328125
2026-01-05,485.0898373055807,488.8889622311338,480.5408521727056,486.53948974609375,38715300,1.3437970876693726,485.0898373055807,488.8889622311338,480.5408521727056,486.53948974609375
2026-01-06,486.1395873197337,492.83807815647066,485.0398309943614,488.2890930175781,43672809,1.3533997535705566,486.1395873197337,492.83807815647066,485.0398309943614,488.2890930175781
2026-01-07,486.6394784449991,487.8891946197423,478.6412949266427,479.4411010742188,40250735,1.3500559329986572,486.6394784449991,487.8891946197423,478.6412949266427,479.4411010742188
2026-01-08,478.7912341946724,486.9743729144581,476.3937990471193,484.5899353027344,33129578,1.3459312915802002,478.7912341946724,486.9743729144581,476.3937990471193,484.5899353027344
2026-01-09,484.0900637317023,486.7894323297413,481.3906646230148,484.7898864746094,16503598,1.3438005447387695,484.0900637317023,486.7894323297413,481.3906646230148,484.7898864746094
2026-01-12,469.89327072708414,476.1668396756193,460.9452909206815,472.9425659179688,32588967,1.3394231796264648,469.89327072708414,476.1668396756193,460.9452909206815,472.9425659179688
2026-01-13,477.4415439428734,481.6905788368642,475.1920548813488,477.2416076660156,42317714,1.3465656042099,477.4415439428734,481.6905788368642,475.1920548813488,477.2416076660156
2026-01-14,475.4420050827597,482.2904557615187,472.8925963132373,479.6910400390625,33944846,1.3426783084869385,475.4420050827597,482.2904557615187,472.8925963132373,479.6910400390625
2026-01-15,484.24003991343966,487.2393587973747,478.9912318665533,484.1900329589844,64030157,1.344266653060913,484.24003991343966,487.2393587973747,478.9912318665533,484.1900329589844
2026-01-16,485.23980058610965,488.8389892578125,482.9403045269376,488.8389892578125,27607986,1.3381328582763672,485.23980058610965,488.8389892578125,482.9403045269376,488.8389892578125
2026-01-19,479.6910342795092,484.2400193668509,477.0416421465784,482.8903198242188,34834142,1.3404287099838257,479.6910342795092,484.2400193668509,477.0416421465784,482.8903198242188
2026-01-20,478.8912495045507,482.14051163584463,475.2420842899966,479.4911193847656,108917905,1.3418315649032593,478.8912495045507,482.14051163584463,475.2420842899966,479.4911193847656
2026-01-21,476.8916803731614,479.5410724953272,469.8932699693624,475.4920043945313,57152586,1.344085931777954,476.8916803731614,479.5410724953272,469.8932699693624,475.4920043945313
2026-01-22,485.1397854189034,489.88870655386427,481.8905235897196,485.3397521972656,28515315,1.3419395685195923,485.1397854189034,489.88870655386427,481.8905235897196,485.3397521972656
2026-01-23,484.5899431950099,486.639465462653,479.8909982990723,480.19091796875,27617455,1.3501288890838623,484.5899431950099,486.639465462653,479.8909982990723,480.19091796875
2026-01-26,482.7903443317118,483.8901006626203,480.12594091628006,480.6408386230469,18075592,1.3662508726119995,482.7903443317118,483.8901006626203,480.12594091628006,480.6408386230469
2026-01-27,484.9398299747485,491.3883773445669,483.9400570808633,489.6887512207031,34286583,1.3677457571029663,484.9398299747485,491.3883773445669,483.9400570808633,489.6887512207031
2026-01-28,489.988719533668,490.8885090693436,479.6910400390625,479.6910400390625,33418557,1.3824374675750732,489.988719533668,490.8885090693436,479.6910400390625,479.6910400390625
2026-01-29,483.290244441711,488.2891092590863,477.6415333002069,479.4911193847656,29788023,1.382533073425293,483.290244441711,488.2891092590863,477.6415333002069,479.4911193847656
2026-01-30,483.2402710608584,490.338665248655,481.2477120600184,486.0896301269531,37576953,1.380643367767334,483.2402710608584,490.338665248655,481.2477120600184,486.0896301269531
2026-02-02,481.3406883676325,499.55154858903376,479.6410621858516,499.4365539550781,47130277,1.3679141998291016,481.3406883676325,499.55154858903376,479.6410621858516,499.4365539550781
2026-02-03,501.486083984375,504.18545246084574,497.88689550510026,501.486083984375,40282690,1.367315649986267,501.486083984375,504.18545246084574,497.88689550510026,501.486083984375
2026-02-04,505.68512570677615,506.28499555494494,483.1402587890625,483.1402587890625,44992456,1.3697504997253418,505.68512570677615,506.28499555494494,483.1402587890625,483.1402587890625
2026-02-05,480.7408094834863,488.0891464681218,465.9441521211673,466.3440856933594,39097422,1.3644611835479736,480.7408094834863,488.0891464681218,465.9441521211673,466.3440856933594
2026-02-06,469.49336822003806,481.9625209154077,467.793742055812,478.9912109375,24556036,1.3520822525024414,469.49336822003806,481.9625209154077,467.793742055812,478.9912109375
2026-02-09,480.6408131299288,486.4394836425781,468.0436687117576,486.4394836425781,46398586,1.3608959913253784,480.6408131299288,486.4394836425781,468.0436687117576,486.4394836425781
2026-02-10,495.037554922574,499.1866064358185,471.3429550399586,474.2922668457031,65869573,1.368344783782959,495.037554922574,499.1866064358185,471.3429550399586,474.2922668457031
2026-02-11,476.6417108825364,488.1390987695824,473.8923355182428,477.39154052734375,45662962,1.3634566068649292,476.6417108825364,488.1390987695824,473.8923355182428,477.39154052734375
2026-02-12,484.8898543206959,487.9891563988958,463.4947204589844,463.4947204589844,64979878,1.362399697303772,484.8898543206959,487.9891563988958,463.4947204589844,463.4947204589844
2026-02-13,464.8944138850409,467.4938296131946,444.7489953854856,453.89691162109375,62621593,1.3620266914367676,464.8944138850409,467.4938296131946,444.7489953854856,453.89691162109375
2026-02-16,461.9450854632453,466.6940070386607,459.8955630928522,460.9453125,29724887,1.3647778034210205,461.9450854632453,466.6940070386607,459.8955630928522,460.9453125
2026-02-17,461.9450548268801,473.8423767089844,459.4956295357655,473.8423767089844,34450657,1.3627691268920898,461.9450548268801,473.8423767089844,459.4956295357655,473.8423767089844
2026-02-18,475.3420373841969,489.5888012054486,474.5922077093942,485.9396057128906,31841948,1.3564472198486328,475.3420373841969,489.5888012054486,474.5922077093942,485.9396057128906
2026-02-19,483.09592470642747,484.1838156425224,466.1978220838611,467.8976440429688,83183935,1.349582314491272,483.09592470642747,484.1838156425224,466.1978220838611,467.8976440429688
2026-02-20,474.9468567086952,478.3964829262449,469.9474161117616,473.7469787597656,41771607,1.3461124897003174,474.9468567086952,478.3964829262449,469.9474161117616,473.7469787597656
2026-02-23,476.44670164301897,481.5461372912441,461.1484252125081,462.9482116699219,52117956,1.3533265590667725,476.44670164301897,481.5461372912441,461.1484252125081,462.9482116699219
2026-02-24,461.7483282074094,461.9983002409808,451.0495434790524,459.8985595703125,40643463,1.34969162940979,461.7483282074094,461.9983002409808,451.0495434790524,459.8985595703125
2026-02-25,462.0483166254637,470.2973937988281,462.0483166254637,470.2973937988281,62717186,1.3497462272644043,462.0483166254637,470.2973937988281,462.0483166254637,470.2973937988281
2026-02-26,469.1974934779289,474.9968322838181,466.0978342482308,472.59710693359375,33176881,1.3558034896850586,469.1974934779289,474.9968322838181,466.0978342482308,472.59710693359375
2026-02-27,454.54915115577415,471.2972773758286,447.7999062611253,452.7993469238281,97142602,1.3491452932357788,454.54915115577415,471.2972773758286,447.7999062611253,452.7993469238281
2026-03-02,436.0512262442249,437.3270844940109,422.10277441238975,437.3010864257813,75561153,1.3406623601913452,436.0512262442249,437.3270844940109,422.10277441238975,437.3010864257813
2026-03-03,424.9524541824647,429.1619746552239,412.9437880067995,422.5027160644531,103520985,1.3410578966140747,424.9524541824647,429.1619746552239,412.9437880067995,422.5027160644531
2026-03-04,423.2526174619703,436.20118046894873,417.9532227759784,430.55181884765625,115491818,1.3353630304336548,423.2526174619703,436.20118046894873,417.9532227759784,430.55181884765625
2026-03-05,431.90167795680463,437.6010218309239,416.9533386230469,416.9533386230469,57741583,1.3369520902633667,431.90167795680463,437.6010218309239,416.9533386230469,416.9533386230469
2026-03-06,420.8029102111866,422.0487729725856,400.5051636066223,404.1047668457031,44439425,1.3357375860214233,420.8029102111866,422.0487729725856,400.5051636066223,404.1047668457031
2026-03-09,389.6564096277824,398.30543569765,382.7571572405403,397.35552978515625,66734984,1.3301055431365967,389.6564096277824,398.30543569765,382.7571572405403,397.35552978515625
2026-03-10,414.95356039639256,419.5530517469924,409.7541300845557,417.7532348632813,68568279,1.3424980640411377,414.95356039639256,419.5530517469924,409.7541300845557,417.7532348632813
2026-03-11,411.90392357354335,416.0034404575353,408.4043151507067,410.2041015625,75235209,1.3419036865234375,411.90392357354335,416.0034404575353,408.4043151507067,410.2041015625
2026-03-12,408.6542993355095,409.0042357768703,385.23190110037353,389.3064575195313,87205325,1.338186502456665,408.6542993355095,409.0042357768703,385.23190110037353,389.3064575195313
2026-03-13,383.4570947739685,391.9061616102469,379.7075143165959,386.206787109375,74968667,1.335250735282898,383.4570947739685,391.9061616102469,379.7075143165959,386.206787109375
2026-03-16,386.9567021485114,393.30599780856136,381.4073352923572,388.1065673828125,85716014,1.3247665166854858,386.9567021485114,393.30599780856136,381.4073352923572,388.1065673828125
2026-03-17,389.5064206556621,398.5554268152586,386.83173203241256,393.7059631347656,66801654,1.3314337730407715,389.5064206556621,398.5554268152586,386.83173203241256,393.7059631347656
2026-03-18,397.9054880596491,409.5621732217936,396.9055999434185,399.0053405761719,45737621,1.335951805114746,397.9054880596491,409.5621732217936,396.9055999434185,399.0053405761719
2026-03-19,389.9563661018489,392.55608131202735,375.3080112729071,381.5573120117188,95797421,1.32650625705719,389.9563661018489,392.55608131202735,375.3080112729071,381.5573120117188
2026-03-20,389.9563588015137,391.3062138386593,371.3084518488381,373.858154296875,124507818,1.342570185661316,389.9563588015137,391.3062138386593,371.3084518488381,373.858154296875
2026-03-23,364.60920735159885,507.3932533065884,361.3095886662744,382.2072448730469,219645217,1.3331555128097534,364.60920735159885,507.3932533065884,361.3095886662744,382.2072448730469
2026-03-24,381.8072834945551,385.8068359616676,375.55798276469193,384.0070190429688,102635403,1.342426061630249,381.8072834945551,385.8068359616676,375.55798276469193,384.0070190429688
2026-03-25,390.9062647582957,398.3554127920848,389.1064478704533,394.8558044433594,74679798,1.3416335582733154,390.9062647582957,398.3554127920848,389.1064478704533,394.8558044433594
2026-03-26,390.45631370628354,391.9061636965179,381.207348528862,385.4068908691406,43024695,1.336362361907959,390.45631370628354,391.9061636965179,381.207348528862,385.4068908691406
2026-03-27,387.6066291027296,387.90661385147496,378.0577096272058,382.1572570800781,120497634,1.3335645198822021,387.6066291027296,387.90661385147496,378.0577096272058,382.1572570800781
2026-03-30,377.9577116271975,385.75682680431527,377.15781333206473,384.85693359375,32853733,1.3238370418548584,377.9577116271975,385.75682680431527,377.15781333206473,384.85693359375
2026-03-31,384.1070078621423,393.97891943802847,383.9570307498383,389.4064331054688,58283900,1.3172800540924072,384.1070078621423,393.97891943802847,383.9570307498383,389.4064331054688
2026-04-01,411.3039779719071,413.00077905339367,404.6047154647399,409.0542297363281,97007719,1.324327826499939,411.3039779719071,413.00077905339367,404.6047154647399,409.0542297363281
2026-04-02,400.2052353231914,411.6039542239421,397.2555530508085,408.7042846679688,81419503,1.3302648067474365,400.2052353231914,411.6039542239421,397.2555530508085,408.7042846679688
2026-04-07,410.604041010955,416.6193590156108,403.2048751945327,405.7545776367188,46624062,1.3234164714813232,410.604041010955,416.6193590156108,403.2048751945327,405.7545776367188
2026-04-08,440.1507753411034,447.0499974655184,434.0514515301238,435.95123291015625,62992465,1.3401771783828735,440.1507753411034,447.0499974655184,434.0514515301238,435.95123291015625
2026-04-09,434.4014078999026,436.9511104117426,429.4519494779026,433.4015197753906,34096918,1.3394052982330322,434.4014078999026,436.9511104117426,429.4519494779026,433.4015197753906
2026-04-10,438.350937907584,442.9004470811536,434.4513804117838,440.9506530761719,66876587,1.3430029153823853,438.350937907584,442.9004470811536,434.4513804117838,440.9506530761719
2026-04-13,435.201296488444,438.6509226467461,431.3517211920892,434.9513244628906,53330332,1.339441180229187,435.201296488444,438.6509226467461,431.3517211920892,434.9513244628906
2026-04-14,438.9508814099141,442.90045166015625,434.1514306753345,442.90045166015625,45814381,1.3515340089797974,438.9508814099141,442.90045166015625,434.1514306753345,442.90045166015625
2026-04-15,441.3006337639487,442.95044308116985,439.00087274870816,440.8006896972656,48623581,1.357533574104309,441.3006337639487,442.95044308116985,439.00087274870816,440.8006896972656
2026-04-16,442.35050677170045,448.9307642702048,437.3760571753079,437.5510559082031,38536500,1.3573696613311768,442.35050677170045,448.9307642702048,437.3760571753079,437.5510559082031
2026-04-17,437.9510020527679,455.0990774230058,435.20130968828136,452.7993469238281,46508486,1.3526124954223633,437.9510020527679,455.0990774230058,435.20130968828136,452.7993469238281
2026-04-20,443.70036370572177,447.4239461758941,439.90080096585126,442.7504577636719,118001488,1.348435878753662,443.70036370572177,447.4239461758941,439.90080096585126,442.7504577636719
2026-04-21,446.94999571004473,447.5499346930253,437.30108132383526,437.801025390625,36628892,1.3531250953674316,446.94999571004473,447.5499346930253,437.30108132383526,437.801025390625
2026-04-22,439.9007905040517,441.600581999184,432.2266308762215,434.201416015625,61875232,1.3509680032730103,439.9007905040517,441.600581999184,432.2266308762215,434.201416015625
2026-04-23,431.3517396553449,431.650717439916,422.85269042274285,427.7521362304688,52526961,1.3500378131866455,431.3517396553449,431.650717439916,422.85269042274285,427.7521362304688
2026-04-24,422.9026860520581,427.95210877469225,419.4030776859099,424.0525512695313,61778014,1.3466380834579468,422.9026860520581,427.95210877469225,419.4030776859099,424.0525512695313
2026-04-27,423.6025924325663,430.3018549868383,422.7526814347611,427.3521728515625,43658349,1.3515102863311768,423.6025924325663,430.3018549868383,422.7526814347611,427.3521728515625
2026-04-28,417.953227222353,428.8520014466104,409.0542292049011,426.5022583007813,58069934,1.3538211584091187,417.953227222353,428.8520014466104,409.0542292049011,426.5022583007813
2026-04-29,428.902023774306,430.9517822265625,421.3528501158991,430.9517822265625,80951265,1.3524478673934937,428.902023774306,430.9517822265625,421.3528501158991,430.9517822265625
2026-04-30,429.0519902581659,432.101636760666,421.9527786379647,431.4017333984375,57699966,1.3488596677780151,429.0519902581659,432.101636760666,421.9527786379647,431.4017333984375
2026-05-01,428.3020872433565,435.4512812809573,424.3025347172398,433.7014770507813,27779555,1.3602666854858398,428.3020872433565,435.4512812809573,424.3025347172398,433.7014770507813
2026-05-05,429.8019177813004,430.7517931940874,414.853578066985,419.5030517578125,100384663,1.353143334388733,429.8019177813004,430.7517931940874,414.853578066985,419.5030517578125
2026-05-06,424.6524906791039,454.6991160484959,424.15254662627433,442.6004638671875,84940634,1.3568705320358276,424.6524906791039,454.6991160484959,424.15254662627433,442.6004638671875
2026-05-07,443.9503150647266,447.6499132292646,435.30128912857305,438.4759216308594,45776782,1.3591758012771606,443.9503150647266,447.6499132292646,435.30128912857305,438.4759216308594
2026-05-08,429.9518859680011,441.5505941109008,428.202081780922,434.15142822265625,28064209,1.3555645942687988,429.9518859680011,441.5505941109008,428.202081780922,434.15142822265625
2026-05-11,433.7014756468521,439.1508781517116,428.6020400897278,429.052001953125,63383850,1.3594714403152466,433.7014756468521,439.1508781517116,428.6020400897278,429.052001953125
2026-05-12,418.3531850951297,418.3531850951297,409.3541919766266,414.85357666015625,78666695,1.360470175743103,418.3531850951297,418.3531850951297,409.3541919766266,414.85357666015625
2026-05-13,422.35274709425096,424.7024903420013,414.0536876816976,422.3027648925781,33222521,1.3537001609802246,422.35274709425096,424.7024903420013,414.0536876816976,422.3027648925781
2026-05-14,434.9513214103937,437.70101367218354,429.0019750383104,434.6513671875,36672528,1.352630853652954,434.9513214103937,437.70101367218354,429.0019750383104,434.6513671875
2026-05-15,420.5029322108144,426.0523295265922,416.95334162803965,423.2526245117188,59549672,1.3391362428665161,420.5029322108144,426.0523295265922,416.95334162803965,423.2526245117188
2026-05-18,419.8030288214271,429.9048952169096,417.7032576889194,426.2522888183594,31744714,1.330849051475525,419.8030288214271,429.9048952169096,417.7032576889194,426.2522888183594
2026-05-19,428.15210782262335,432.0516654117712,424.60248666629633,424.9524536132813,32439554,1.3432012796401978,428.15210782262335,432.0516654117712,424.60248666629633,424.9524536132813
2026-05-20,419.6030514938656,443.40040751427046,419.6030514938656,440.55072021484375,47865388,1.3396027088165283,419.6030514938656,443.40040751427046,419.6030514938656,440.55072021484375
2026-05-21,438.8509016818903,443.9503373351951,434.6513897723535,441.400634765625,40889028,1.3433998823165894,438.8509016818903,443.9503373351951,434.6513897723535,441.400634765625
2026-05-22,444.3502847725479,447.449944119561,440.5007093180718,445.7501220703125,32891397,1.3432555198669434,444.3502847725479,447.449944119561,440.5007093180718,445.7501220703125
2026-05-26,454.7991099033764,459.6385646618035,449.8996642998825,453.4992370605469,38958474,1.3496370315551758,454.7991099033764,459.6385646618035,449.8996642998825,453.4992370605469
2026-05-27,455.4490280193172,460.3484735900184,453.7492060493647,456.1989440917969,120267407,1.345532774925232,455.4490280193172,460.3484735900184,453.7492060493647,456.1989440917969
2026-05-28,452.04941660670687,455.1990580223153,447.8498743764535,452.3993835449219,69940534,1.3416515588760376,452.04941660670687,455.1990580223153,447.8498743764535,452.3993835449219
2026-05-29,453.6992309164016,463.0481908684208,452.29939366213694,457.8987731933594,74917831,1.3444474935531616,453.6992309164016,463.0481908684208,452.29939366213694,457.8987731933594
2026-06-01,461.4483777504572,461.4483777504572,449.7496742778784,454.7491149902344,36733639,1.345152735710144,461.4483777504572,461.4483777504572,449.7496742778784,454.7491149902344
2026-06-02,459.5985620698135,522.9414797221667,458.848645989906,470.14739990234375,52243558,1.3460001945495605,459.5985620698135,522.9414797221667,458.848645989906,470.14739990234375
2026-06-03,468.1476195889813,468.69754583709823,458.39871063556967,459.74853515625,31024015,1.3454241752624512,468.1476195889813,468.69754583709823,458.39871063556967,459.74853515625
2026-06-04,460.2984929466908,466.8977605096504,453.1492991343858,463.84808349609375,27698005,1.3427144289016724,460.2984929466908,466.8977605096504,453.1492991343858,463.84808349609375
2026-06-05,463.0481877812828,464.79799196598873,456.4489201818452,457.5987854003906,30605114,1.3427000045776367,463.0481877812828,464.79799196598873,456.4489201818452,457.5987854003906
2026-06-08,451.999407923618,461.4983449686975,451.1495274414417,456.79888916015625,25879639,1.3335645198822021,451.999407923618,461.4983449686975,451.1495274414417,456.79888916015625
2026-06-09,456.698905727358,462.198290470654,447.8728973083617,447.89990234375,41425146,1.3333333730697632,456.698905727358,462.198290470654,447.8728973083617,447.89990234375
2026-06-10,448.5998093815046,450.6495983837354,439.7507932106089,445.7501220703125,53881051,1.3372201919555664,448.5998093815046,450.6495983837354,439.7507932106089,445.7501220703125
2026-06-11,444.35027105346063,451.9494268106314,444.35027105346063,448.8997802734375,35806483,1.3362016677856445,444.35027105346063,451.9494268106314,444.35027105346063,448.8997802734375
2026-06-12,462.7982376129145,473.00409672058856,460.0485451927941,472.797119140625,41469083,1.341381549835205,462.7982376129145,473.00409672058856,460.0485451927941,472.797119140625
2026-06-15,486.0956143671048,488.49533980624005,476.5906962372376,479.8463134765625,36957050,1.344971776008606,486.0956143671048,488.49533980624005,476.5906962372376,479.8463134765625
2026-06-16,479.3963773362736,490.8450781449833,479.114395944901,486.8955383300781,41796671,1.341599464416504,479.3963773362736,490.8450781449833,479.114395944901,486.8955383300781
2026-06-17,492.84484445740577,505.6634173806879,413.953678498557,503.4436645507813,47256526,1.3426424264907837,492.84484445740577,505.6634173806879,413.953678498557,503.4436645507813
2026-06-18,501.54389448238425,503.9436199028985,498.6942071955767,500.54400634765625,65649737,1.3301233053207397,501.54389448238425,503.9436199028985,498.6942071955767,500.54400634765625
2026-06-19,493.4447880502154,499.5940938957288,491.844960952691,496.39447021484375,80916692,1.3202017545700073,493.4447880502154,499.5940938957288,491.844960952691,496.39447021484375
2026-06-22,496.9443868001302,516.5421691921849,493.4947606418282,515.9422607421875,76410772,1.3207945823669434,496.9443868001302,516.5421691921849,493.4947606418282,515.9422607421875
2026-06-23,509.8429524269108,519.1049471964344,507.3432320967983,511.4427795410156,67815800,1.3247138261795044,509.8429524269108,519.1049471964344,507.3432320967983,511.4427795410156
2026-06-24,513.0425834757052,515.4423394382528,506.4433461211931,507.1432800292969,77830631,1.3200099468231201,513.0425834757052,515.4423394382528,506.4433461211931,507.1432800292969
2026-06-25,510.4428592436535,521.267636249842,507.6431848560133,521.2416381835938,36888398,1.3166556358337402,510.4428592436535,521.267636249842,507.6431848560133,521.2416381835938
2026-06-26,514.0424663464498,519.9448211487446,506.14338668842953,510.6428833007813,24461133,1.318791389465332,514.0424663464498,519.9448211487446,506.14338668842953,510.6428833007813
2026-06-29,509.842960824277,510.5648954466429,504.34357600745193,505.2434692382813,33202632,1.319713830947876,509.842960824277,510.5648954466429,504.34357600745193,505.2434692382813
2026-06-30,506.6433298772047,512.4426688507277,504.1436095413474,506.5433349609375,33071775,1.325398564338684,506.6433298772047,512.4426688507277,504.1436095413474,506.5433349609375
2026-07-01,506.5433286908182,515.6423167035417,503.74362364081503,514.9423828125,47729679,1.325065016746521,506.5433286908182,515.6423167035417,503.74362364081503,514.9423828125
2026-07-02,512.9426074276082,524.0413411886874,512.0426837050006,522.0415649414062,51755954,1.3279330730438232,512.9426074276082,524.0413411886874,512.0426837050006,522.0415649414062
2026-07-03,523.641444992846,526.4760888866939,517.6410785123295,522.2415771484375,13341776,1.3338704109191895,523.641444992846,526.4760888866939,517.6410785123295,522.2415771484375
2026-07-06,522.5414827455177,529.9406788999794,521.1416760597579,529.4407348632812,39662289,1.335309624671936,522.5414827455177,529.9406788999794,521.1416760597579,529.4407348632812
2026-07-07,531.04055818647,531.2405480169135,516.042236328125,516.042236328125,28990821,1.3397893905639648,531.04055818647,531.2405480169135,516.042236328125,516.042236328125
2026-07-08,512.4426879882812,513.5425405658018,496.244487401327,512.4426879882812,35418203,1.3348907232284546,512.4426879882812,513.5425405658018,496.244487401327,512.4426879882812
2026-07-09,503.74361368951696,509.8429372158522,501.7438374850899,506.9432678222656,21441024,1.339620590209961,503.74361368951696,509.8429372158522,501.7438374850899,506.9432678222656
2026-07-10,509.34297900939913,513.9424702545879,506.94325373361096,512.5426025390625,29755341,1.3415615558624268,509.34297900939913,513.9424702545879,506.94325373361096,512.5426025390625
2026-07-13,509.3429931647455,513.0425608344376,506.2433339450509,509.9429321289063,23175441,1.3386881351470947,509.3429931647455,513.0425608344376,506.2433339450509,509.9429321289063
2026-07-14,508.1431547024976,525.2412171402334,502.4437802138097,519.8418579101562,28490804,1.3347926139831543,508.1431547024976,525.2412171402334,502.4437802138097,519.8418579101562
2026-07-15,517.8421077035488,524.6413350545289,514.8924253961023,524.4413452148438,44805585,1.3397103548049927,517.8421077035488,524.6413350545289,514.8924253961023,524.4413452148438
2026-07-16,526.6410838076512,528.140915984228,517.2421110897725,524.7412719726562,26094075,1.3541291952133179,526.6410838076512,528.140915984228,517.2421110897725,524.7412719726562
2026-07-17,519.1419322532748,520.4417746239994,504.94350852088326,516.6422119140625,27866781,1.3478904962539673,519.1419322532748,520.4417746239994,504.94350852088326,516.6422119140625
2026-07-20,512.4426768059985,519.241904019417,509.2430225207634,512.3427124023438,59535921,1.3446282148361206,512.4426768059985,519.241904019417,509.2430225207634,512.3427124023438
2026-07-21,512.5426008153029,522.341552734375,508.2430943153991,522.341552734375,48849522,1.3431652784347534,512.5426008153029,522.341552734375,508.2430943153991,522.341552734375
2026-07-22,520.7417214799962,529.9407044036112,518.3420266053539,526.9410400390625,27169393,1.3379179239273071,520.7417214799962,529.9407044036112,518.3420266053539,526.9410400390625
2026-07-23,526.0411319176203,528.1359293290465,511.1428350822299,519.44189453125,49486885,1.337524175643921,526.0411319176203,528.1359293290465,511.1428350822299,519.44189453125
2026-07-24,518.2420052233906,525.6412017917255,516.9421628609339,525.3412475585938,34304953,1.3312742710113525,518.2420052233906,525.6412017917255,516.9421628609339,525.3412475585938
2026-07-27,529.9407185715564,538.2397779963508,528.7328458768465,530.3406982421875,51304166,1.335131287574768,529.9407185715564,538.2397779963508,528.7328458768465,530.3406982421875
2026-07-28,507.9431763903929,512.3427086287279,491.5949991576724,504.9435119628906,85105022,1.3289920091629028,507.9431763903929,512.3427086287279,491.5949991576724,504.9435119628906
2026-07-29,504.94348640248256,504.94348640248256,491.4949793609493,492.4448852539063,62598231,1.3287270069122314,504.94348640248256,504.94348640248256,491.4949793609493,492.4448852539063
2026-07-30,489.3452398898161,513.6425395175244,485.9456263841998,510.84283447265625,32319893,1.3367303609848022,489.3452398898161,513.6425395175244,485.9456263841998,510.84283447265625
2026-07-31,514.3424713919145,520.4417644894902,504.44355463006303,508.6430969238281,32454284,1.3460942506790161,514.3424713919145,520.4417644894902,504.44355463006303,508.6430969238281
2026-08-03,516.7421692263732,518.8419708994986,511.24278455556015,514.9423828125,68176981,1.34916353225708,516.7421692263732,518.8419708994986,511.24278455556015,514.9423828125
2026-08-04,518.541978726784,524.7412975646452,512.0427056446441,522.2415771484375,66925791,1.3427000045776367,518.541978726784,524.7412975646452,512.0427056446441,522.2415771484375
2026-08-05,524.3413502684842,530.6906153674374,518.0420063411314,527.4409790039062,53713064,1.3450984954833984,524.3413502684842,530.6906153674374,518.0420063411314,527.4409790039062
2026-08-06,526.5,529.8040161132812,520.0,520.0,21401502,1.3469645977020264,526.5,529.8040161132812,520.0,520.0
2026-08-07,519.2999877929688,525.2999877929688,514.5,516.0,26833764,1.345532774925232,519.2999877929688,525.2999877929688,514.5,516.0
2026-08-10,516.0,518.7000122070312,512.7999877929688,518.0,28559111,1.34907066822052,516.0,518.7000122070312,512.7999877929688,518.0
2026-08-11,518.0,521.0,514.5,516.0,17532809,1.3511322736740112,518.0,521.0,514.5,516.0
2026-08-12,518.0,520.0999755859375,516.0,519.4000244140625,16456343,1.3509862422943115,518.0,520.0999755859375,516.0,519.4000244140625
2026-08-13,522.5999755859375,525.0999755859375,517.9000244140625,519.0,38819930,1.3497827053070068,522.5999755859375,525.0999755859375,517.9000244140625,519.0
2026-08-14,520.5999755859375,522.2000122070312,515.2990112304688,520.5,27761436,1.3490725755691528,520.5999755859375,522.2000122070312,515.2990112304688,520.5
2026-08-17,523.5,523.5999755859375,514.4000244140625,515.4000244140625,37399052,1.3546648025512695,523.5,523.5999755859375,514.4000244140625,515.4000244140625
2026-08-18,514.0,514.7999877929688,503.2000122070313,503.6000061035156,42921240,1.3550318479537964,514.0,514.7999877929688,503.2000122070313,503.6000061035156
2026-08-19,503.3999938964844,507.3999938964844,495.75,496.1000061035156,33346849,1.3536745309829712,503.3999938964844,507.3999938964844,495.75,496.1000061035156
2026-08-20,495.1499938964844,496.7000122070313,489.0,489.0,33368597,1.3599891662597656,495.1499938964844,496.7000122070313,489.0,489.0
2026-08-21,489.0,495.7369995117188,484.8500061035156,492.6000061035156,26642487,1.364349603652954,489.0,495.7369995117188,484.8500061035156,492.6000061035156
2026-08-24,491.7000122070313,497.25,488.9500122070313,495.3500061035156,38895532,1.3627691268920898,491.7000122070313,497.25,488.9500122070313,495.3500061035156
