Date,Close,High,Low,Open,Volume,Bank
,BARC.L,BARC.L,BARC.L,BARC.L,BARC.L,
2015-01-02,242.3541717529297,244.79616514846484,240.75941762700091,241.40728411427705,20219711,Barclays
2015-01-05,233.9318084716797,242.35414802594218,233.43344500445886,241.50693925697442,39050852,Barclays
2015-01-06,229.59605407714844,235.078052184224,229.49637530075412,233.28394067104827,37573308,Barclays
2015-01-07,229.84523010253906,232.69586965579464,229.3966908287473,231.34032045825677,37219841,Barclays
2015-01-08,236.27415466308594,237.56990289408867,230.7921557855612,233.53315522432356,41082776,Barclays
2015-01-09,230.24391174316406,234.6295039785433,227.5527521801429,234.6295039785433,46867721,Barclays
2015-01-12,230.6426239013672,233.00785818981032,227.45310051292185,230.59279971797284,34490093,Barclays
2015-01-13,232.23736572265625,234.13114073299383,228.8983245525477,229.496366770994,25844745,Barclays
2015-01-14,222.8182830810547,232.05694115350252,222.17040152441047,230.24389482923297,60864512,Barclays
2015-01-15,227.20388793945312,228.49963591772396,218.82541120330615,226.75536388781768,56132853,Barclays
2015-01-16,223.61569213867188,226.3995497155427,222.61896521174907,226.0576700678636,43987461,Barclays
2015-01-19,229.24722290039062,229.5462440589868,222.31997290234403,223.41636353873284,55228983,Barclays
2015-01-20,234.48001098632812,237.00372126891884,229.89506101102728,230.64260621077116,50977535,Barclays
2015-01-21,237.12132263183594,237.2210014050401,233.48327554256574,234.48000243922556,28672971,Barclays
2015-01-22,242.60337829589844,242.63229031801532,235.92530954086368,237.71942142356608,65363101,Barclays
2015-01-23,242.3541717529297,245.36131071400064,240.28497762816107,243.40073817832368,43954371,Barclays
2015-01-26,239.96202087402344,240.958747855847,238.41709101042755,239.56333616483272,30093855,Barclays
2015-01-27,238.6662139892578,240.7095068406468,236.92194220055748,240.11146471526948,24688504,Barclays
2015-01-28,236.0747833251953,242.2046479616745,234.43017473841942,240.95873927874408,29917309,Barclays
2015-01-29,235.7757568359375,236.8223231475603,232.93507901993928,234.13114828657424,27623329,Barclays
2015-01-30,233.38357543945312,238.5665669954652,233.38357543945312,236.97179802302392,30434587,Barclays
2015-02-02,235.0780792236328,237.17119688905643,232.48658282775858,235.77578511210734,37110013,Barclays
2015-02-03,247.63685607910156,248.03555606232356,238.0184452155034,239.16467534846197,66603907,Barclays
2015-02-04,247.935791015625,249.18169951319098,244.24790490459858,247.935791015625,45978031,Barclays
2015-02-05,247.98565673828125,248.03549612524662,243.3010433316034,245.24465775248783,26413977,Barclays
2015-02-06,254.61392211914062,256.7568944039559,246.1417421862076,247.23814802577337,50807751,Barclays
2015-02-09,252.81979370117188,254.28498358605833,248.58370401426072,252.570611954883,31406863,Barclays
2015-02-10,252.37124633789062,253.60320844324846,247.58695420835548,252.47092511075724,52510700,Barclays
2015-02-11,250.1783905029297,253.6170944222574,248.2846159412251,252.17184381371,34724177,Barclays
2015-02-12,252.52076721191406,255.85980842385197,250.22829229094518,250.77649512991422,41779731,Barclays
2015-02-13,255.6106414794922,259.39819176664463,253.7666905169208,254.8630810494162,41448524,Barclays
2015-02-16,257.952880859375,258.3146992540492,253.46762551714068,253.46762551714068,18762501,Barclays
2015-02-17,256.70697021484375,257.25518819486814,253.38887199357237,255.76009802374458,26978599,Barclays
2015-02-18,259.4978942871094,262.8449054338942,257.35493720706995,259.4480396838506,47455508,Barclays
2015-02-19,259.5477294921875,261.4485009597323,256.60740281212827,258.25199643557795,36082492,Barclays
2015-02-20,260.64410400390625,263.35121787521797,257.1057354091715,258.2519653470649,39275392,Barclays
2015-02-23,261.9896240234375,263.3850353457055,259.49780722735704,263.13585366609743,39601203,Barclays
2015-02-24,263.13592529296875,263.8336463528685,260.24542310624383,261.9398407381959,26668647,Barclays
2015-02-25,262.0394592285156,269.0554203550977,261.6407746078886,262.08931381714825,25320216,Barclays
2015-02-26,261.2420959472656,264.08277336278184,259.64732701068743,262.33850149226856,23202372,Barclays
2015-02-27,256.0591735839844,262.8369357884327,255.16212532069295,260.1457605808627,41803803,Barclays
2015-03-02,261.8899841308594,263.1358927137845,253.37693960043637,254.16535091672367,44514567,Barclays
2015-03-03,253.4676513671875,262.20295817272756,252.57058804017805,256.65717437591525,66495839,Barclays
2015-03-04,261.54107666015625,261.54107666015625,252.0721731309448,254.2151446339138,48202782,Barclays
2015-03-05,265.12939453125,265.12939453125,261.1534367132008,261.34184391931035,59603687,Barclays
2015-03-06,264.13262939453125,267.292267062016,263.58444176475115,265.12935629790684,36330501,Barclays
2015-03-09,261.840087890625,263.9830439799308,259.1987380876277,262.8866386451729,40265273,Barclays
2015-03-10,253.50518798828125,260.1344125293768,253.50518798828125,258.5892388035216,41894665,Barclays
2015-03-11,254.20298767089844,263.15590479696607,249.71705259435316,251.36188937131425,39519142,Barclays
2015-03-12,253.70452880859375,257.0440640541668,251.21234286744843,254.20296599682283,35839890,Barclays
2015-03-13,249.2186279296875,255.59861872024834,247.37440399856865,255.199875,38870903,Barclays
2015-03-16,251.06288146972656,255.91665211421036,250.61427571766882,250.81366281240545,29822569,Barclays
2015-03-17,249.2186279296875,253.90393509254605,238.03669127760082,251.96003283691405,35199431,Barclays
2015-03-18,251.561279296875,252.50830700382065,249.41799005368506,250.5145580582099,37933134,Barclays
2015-03-19,252.0098876953125,253.9288742341983,251.31207855692628,252.4086314283622,44500418,Barclays
2015-03-20,254.5020751953125,254.5020751953125,250.31520513513115,252.25910746188336,61802208,Barclays
2015-03-23,256.34625244140625,257.1437702351487,245.76742152440374,255.05032785709045,27104068,Barclays
2015-03-24,257.6422424316406,259.0876922916169,256.04723704977255,256.39614923052454,36456067,Barclays
2015-03-25,251.11270141601562,259.18739162413004,249.86063022515182,257.6422481890961,41860488,Barclays
2015-03-26,249.2186279296875,250.99107068983466,245.67972037086636,249.36815302200614,40638745,Barclays
2015-03-27,243.48660278320312,252.4664441255229,242.3900347210299,250.16565905990862,45277658,Barclays
2015-03-30,247.02552795410156,248.171927655169,244.2342760428209,246.62676898900477,34875856,Barclays
2015-03-31,241.84178161621094,247.72333561271708,241.2436507777768,247.72333561271708,46741243,Barclays
2015-04-01,248.5208282470703,251.361911586652,242.63925927801805,242.63925927801805,49780346,Barclays
2015-04-02,253.95376586914062,254.71138497434512,249.16876547197765,249.86657454402086,38046988,Barclays
2015-04-07,257.1936950683594,258.19056985544603,255.19994549418604,256.3962074075717,35822684,Barclays
2015-04-08,255.15005493164062,257.2933444827731,254.90083627763215,257.1936509367299,29089328,Barclays
2015-04-09,257.143798828125,258.063887740426,255.4989315053406,257.09393684798806,28388642,Barclays
2015-04-10,256.2465515136719,259.0876496288252,254.95062696678409,258.68890595456685,44749195,Barclays
2015-04-13,258.63909912109375,259.2371994785441,255.1001764211381,255.1001764211381,28900664,Barclays
2015-04-14,261.33062744140625,263.3243763143862,259.08765995930383,259.1375219344444,50441866,Barclays
2015-04-15,258.83843994140625,262.47702553035225,258.52941130155176,262.47702553035225,36941797,Barclays
2015-04-16,259.5362548828125,261.2807850744666,256.69515677196586,260.63282280200497,34927443,Barclays
2015-04-17,254.5020751953125,260.5331692540861,253.2808977893395,259.8852068822015,41661498,Barclays
2015-04-20,256.4459533691406,257.9243198885131,253.20611139265975,254.75126983904696,26487252,Barclays
2015-04-21,254.20298767089844,258.83844783222304,252.857201063496,257.8415733707685,31108276,Barclays
2015-04-22,252.50830078125,255.94751458545642,251.561273097642,254.45220291309738,34203659,Barclays
2015-04-23,257.6422424316406,260.72057330911457,252.38371999627154,253.80426928776362,38191193,Barclays
2015-04-24,260.9319152832031,264.42097623254875,257.79176651323155,258.19051025157444,51429607,Barclays
2015-04-27,262.9256896972656,263.37429545994195,257.8416228831344,262.42725237082533,34999068,Barclays
2015-04-28,260.5830078125,264.17176236682855,258.1616138291772,263.67332507934395,34098106,Barclays
2015-04-29,256.14691162109375,263.3243896746689,253.15627294879116,259.18736663777423,50518060,Barclays
2015-04-30,254.5020751953125,257.39302051172467,252.00988882483568,257.2933269724662,38686597,Barclays
2015-05-01,253.5550537109375,257.0740197365168,251.21239238009628,253.70457881243848,28669658,Barclays
2015-05-05,249.4180145263672,257.1438076597543,249.4180145263672,254.8509778940147,22382946,Barclays
2015-05-06,248.67031860351562,252.2590725649822,246.87594162278234,249.31829609685903,43993493,Barclays
2015-05-07,248.13311767578125,249.32943257124685,242.30115101337756,246.08944602154176,44742242,Barclays
2015-05-08,257.25494384765625,264.4327730421622,256.50725457421,261.69124570619255,96188190,Barclays
2015-05-11,259.9964599609375,262.23952768445474,256.02874185885645,257.205098963315,45026160,Barclays
2015-05-12,256.6567687988281,258.4242857096677,255.6099857575135,258.25181461189067,38611349,Barclays
2015-05-13,259.4481506347656,261.19275875622895,257.0156660200983,258.4512317082151,42586838,Barclays
2015-05-14,261.2924499511719,262.2395046526812,257.85306757442896,259.49797767582976,24223492,Barclays
2015-05-15,260.8437805175781,264.13363059202845,260.4948528761681,262.18962689241937,37139540,Barclays
2015-05-18,260.3453674316406,262.98719646015405,258.00260190690204,260.1958356797532,23762274,Barclays
2015-05-19,261.8905334472656,263.7348085540508,260.7291147372438,260.74405269629085,34247039,Barclays
2015-05-20,270.71337890625,271.31454840408804,261.1928133376039,261.1928133376039,89154839,Barclays
2015-05-21,270.2149353027344,272.55770149281267,269.3177141130506,270.1152677222046,41727032,Barclays
2015-05-22,269.3176574707031,271.46102720181386,269.1182919280143,270.8629001501945,29614695,Barclays
2015-05-26,264.0838928222656,269.5669484809609,262.6383782209274,268.42049747340025,42622520,Barclays
2015-05-27,268.42034912109375,269.7163312092714,263.1865261577298,264.831435861507,36448458,Barclays
2015-05-28,270.2646484375,271.1120353632261,266.37667183989237,267.8221856086794,36484250,Barclays
2015-05-29,269.168212890625,271.16205150462963,267.1245404806954,269.3177447019628,39224439,Barclays
2015-06-01,265.57916259765625,270.81298630479745,264.9810052321306,269.1680763672626,29111023,Barclays
2015-06-02,266.8253173828125,268.2209976528742,261.94042122582266,266.42655593758747,33553754,Barclays
2015-06-03,270.36444091796875,272.5078106511393,266.22720279112315,266.4265987575565,31894286,Barclays
2015-06-04,265.57916259765625,270.11516139797374,264.77166080243825,269.81606750343724,38019254,Barclays
2015-06-05,264.63214111328125,266.67581274244776,262.38907352946626,264.98103839858925,40717019,Barclays
2015-06-08,261.1927185058594,265.34787522123787,261.1428847366318,264.6819342110903,31704736,Barclays
2015-06-09,260.74420166015625,264.5823466217325,259.6476148913281,262.5386744541245,35781703,Barclays
2015-06-10,266.32684326171875,267.1742303007401,258.0524296419726,260.8936542205517,46584538,Barclays
2015-06-11,267.92193603515625,270.5139310824386,265.1804092478198,266.2271618517471,33185579,Barclays
2015-06-12,268.8691101074219,269.766331268332,265.6789566202321,267.32386715249373,31896396,Barclays
2015-06-15,264.1336364746094,267.77636933249096,263.385947407884,266.5262354034214,39522320,Barclays
2015-06-16,262.8377380371094,263.784823435874,260.64453407592913,262.43897644630925,28754554,Barclays
2015-06-17,261.09307861328125,263.68507408407356,259.84692986997277,262.68815508942674,35525683,Barclays
2015-06-18,260.74420166015625,266.67588300291584,257.4045467165372,260.04637648213463,30685643,Barclays
2015-06-19,264.93121337890625,265.6789025982258,259.12913773533376,260.1460145446818,68268596,Barclays
2015-06-22,271.6105041503906,272.10896348601364,266.22711898682746,268.1711225651745,40009875,Barclays
2015-06-23,271.6105041503906,273.22051806891903,271.16187857891254,272.15879725015856,29674041,Barclays
2015-06-24,273.6044921875,275.7667858809243,270.61373452652634,270.9127981231996,51287874,Barclays
2015-06-25,272.05914306640625,275.747754912847,271.1619222026513,273.0062281258716,40061655,Barclays
2015-06-26,271.5108642578125,275.3111003043332,268.8690352987967,270.61364334654013,31441420,Barclays
2015-06-29,263.4357604980469,268.2708221680556,261.0780575615737,262.68807149001077,54158099,Barclays
2015-06-30,259.6973876953125,264.48258650837727,259.6973876953125,261.6912256046815,48682385,Barclays
2015-07-01,265.7287292480469,266.6259806260016,260.84383256424996,261.9902832517404,37900544,Barclays
2015-07-02,265.57916259765625,266.7754773287075,264.43271206080146,265.87825649219275,15356017,Barclays
2015-07-03,262.1398620605469,265.3020861939061,260.54478558288776,264.6819933298872,20630344,Barclays
2015-07-06,258.0025634765625,260.39519284457396,256.1084239131753,258.40135532026187,33628335,Barclays
2015-07-07,251.3731231689453,258.85001577018437,251.024210641287,258.85001577018437,39396892,Barclays
2015-07-08,256.5072021484375,261.4668794000004,256.48128128536877,258.2019763246207,87780445,Barclays
2015-07-09,260.3453674316406,261.6413802696166,255.70970058182644,257.20507894780206,34329384,Barclays
2015-07-10,267.22412109375,269.6167509906286,261.44200316458364,262.1896924014699,45805231,Barclays
2015-07-13,272.8567199707031,274.459767294241,270.01549497026895,271.21177941749585,53933584,Barclays
2015-07-14,275.149658203125,275.1795645577266,271.6115812936231,273.40504986306894,32793529,Barclays
2015-07-15,277.1932678222656,277.1932678222656,272.5725697447274,274.15267756775165,33663508,Barclays
2015-07-16,279.1373291015625,280.3834778921945,277.8911803109305,278.09057628685343,39786031,Barclays
2015-07-17,279.2369689941406,279.7354284066887,277.49236105022237,279.08743725508583,34270713,Barclays
2015-07-20,279.9847412109375,281.08135832872296,278.5391963160988,279.23705187020516,22794355,Barclays
2015-07-21,282.2774963378906,282.8756535843632,279.3864384740715,279.984595720544,32384446,Barclays
2015-07-22,280.532958984375,281.97850348979375,278.7385172194507,280.1341975281195,28637984,Barclays
2015-07-23,280.8818664550781,283.87262279710205,279.536020016458,282.22771289369825,28649144,Barclays
2015-07-24,281.2807312011719,282.0284205613151,279.13736112013953,279.93488426820244,35596813,Barclays
2015-07-27,275.9471435546875,280.58284084915357,274.85055708682114,279.23699422893924,41053743,Barclays
2015-07-28,278.738525390625,279.9846739926722,276.44559370872827,276.44559370872827,31760658,Barclays
2015-07-29,283.7231140136719,287.8104874297547,282.47696543703375,282.6264971815205,57312024,Barclays
2015-07-30,286.16558837890625,287.96006084306106,284.96930382635674,285.1188355924812,42573711,Barclays
2015-07-31,288.05975341796875,288.55821291139074,285.46775796746397,286.61420871762385,40987558,Barclays
2015-08-03,287.3120422363281,289.0067861304064,285.51756994291793,286.6640206055254,33963175,Barclays
2015-08-04,281.2807312011719,286.7139527209692,278.98782933282246,285.6671693626339,50299034,Barclays
2015-08-05,281.131103515625,283.87263023430575,280.2338826742208,281.38033321732325,60374911,Barclays
2015-08-06,281.1422119140625,281.7902286579925,278.5002787735789,279.14829551750887,32879931,Barclays
2015-08-07,280.3943786621094,282.3384585240616,280.04543735038243,281.8898153483073,20205652,Barclays
2015-08-10,281.7403869628906,281.9896265071917,277.15437326280096,281.3416097769587,45503931,Barclays
2015-08-11,277.5032958984375,281.1421869136111,277.4534297381082,280.9427831217877,27438960,Barclays
2015-08-12,270.3251647949219,275.45949258432785,268.58048823567503,275.3099549641985,55583256,Barclays
2015-08-13,274.7118225097656,276.7057389291426,273.4157890070706,274.06380575841814,35524505,Barclays
2015-08-14,273.51544189453125,276.2570764798287,271.9203029599547,275.6588955762694,22866367,Barclays
2015-08-17,273.1167297363281,276.3568441078955,271.5445002604312,276.05773837259204,21732772,Barclays
2015-08-18,273.2164001464844,274.3130603221044,271.4218874407438,272.66808527105024,20907881,Barclays
2015-08-19,267.0850524902344,272.16954457269526,266.73611109173066,271.82060317419155,26889552,Barclays
2015-08-20,264.34344482421875,269.2285336268985,263.44618858286907,264.6923862582847,30765978,Barclays
2015-08-21,256.01885986328125,263.89485417606505,256.01885986328125,261.15321905888726,38649169,Barclays
2015-08-24,243.95567321777344,251.08393361312162,236.57818847997797,246.8468611811394,95800341,Barclays
2015-08-25,255.57029724121094,260.0067439586424,248.34234869085836,249.18975422105896,64279552,Barclays
2015-08-26,251.23345947265625,258.01276287582834,250.03711270811849,253.82555680613342,48887274,Barclays
2015-08-27,261.8011779785156,263.5458544858033,257.3148669597759,258.0127193078447,45542709,Barclays
2015-08-28,260.6547546386719,262.648671199917,256.9659968304675,259.70763210217956,43554775,Barclays
2015-09-01,252.37997436523438,265.1410581929169,249.98728065527865,265.0911920256723,43535518,Barclays
2015-09-02,253.02798461914062,258.1124621191431,249.5386310512985,253.2273732091139,28381044,Barclays
2015-09-03,256.5173034667969,258.01274059643174,254.7227910811336,255.57021153954258,27927333,Barclays
2015-09-04,250.1367950439453,254.22432956503874,249.2395387892537,253.82555238792563,31456305,Barclays
2015-09-07,252.23040771484375,253.9252334989114,250.88450814999285,251.48268911489856,18072664,Barclays
2015-09-08,257.7137451171875,259.20918270974374,253.0429974704174,253.77576249926506,29842241,Barclays
2015-09-09,261.70159912109375,265.59971040087794,261.2031198846726,264.1939953031994,34297916,Barclays
2015-09-10,257.8134460449219,260.50521544626315,256.61708380559986,258.01281946830517,32064628,Barclays
2015-09-11,257.66387939453125,258.7605091617022,255.81950049330857,258.2620300221692,18996962,Barclays
2015-09-14,253.72586059570312,259.45837021623475,252.1307213989531,257.6638576353595,26097874,Barclays
2015-09-15,258.86016845703125,260.2060679971383,253.07782356032706,254.2243193075489,43010829,Barclays
2015-09-16,261.70159912109375,262.94779721214655,259.4584425571987,262.698557593936,31479147,Barclays
2015-09-17,259.6578369140625,262.74838372690385,258.26207076338414,262.2000687568209,37409872,Barclays
2015-09-18,252.4796600341797,257.8133924021813,249.4389345312734,257.66385475956895,71056711,Barclays
2015-09-21,254.1246337890625,256.41765585603525,249.6383219827343,251.0340725610167,25774865,Barclays
2015-09-22,245.8997344970703,254.7726716244141,245.8997344970703,254.62311876665345,41528376,Barclays
2015-09-23,247.4450225830078,250.83468959571331,245.3514194871712,246.79700583694824,24949647,Barclays
2015-09-24,245.7003173828125,250.1367778253958,245.15198739274643,248.04317497110696,23852360,Barclays
2015-09-25,254.17453002929688,255.47057893564096,247.4699942070952,250.03715893343644,31433038,Barclays
2015-09-28,244.45411682128906,254.42369756614076,244.45411682128906,253.37688854545675,35400077,Barclays
2015-09-29,238.27304077148438,242.60981559014206,235.9301826120023,240.26695743065997,41888256,Barclays
2015-09-30,243.40736389160156,246.45706506407961,242.26086792669332,242.75934707880586,40715567,Barclays
2015-10-01,246.39820861816406,249.0401569281227,245.00247324819034,246.79700101842414,34456601,Barclays
2015-10-02,247.79396057128906,252.68902892339148,244.00551641592136,247.79396057128906,32907386,Barclays
2015-10-05,255.4207000732422,255.86931300323448,250.78483536911736,252.9282893895234,30445454,Barclays
2015-10-06,254.57330322265625,257.1155346701478,253.5763449413259,256.567219785317,22825541,Barclays
2015-10-07,254.9720458984375,258.610937047229,253.52645962887814,255.32098733456777,34680485,Barclays
2015-10-08,253.97509765625,255.46055561614108,251.63223983629646,252.2304208323111,24812157,Barclays
2015-10-09,256.2182922363281,258.7106880752029,253.72589639745334,255.96905265244064,24011025,Barclays
2015-10-12,255.7696075439453,256.9659695234595,254.52342503797132,256.06871325119835,14712630,Barclays
2015-10-13,250.63528442382812,256.60906231624347,246.82890484612193,256.41766021627103,40728752,Barclays
2015-10-14,245.30157470703125,250.6851430459324,245.05233515037148,247.49487976316226,29455900,Barclays
2015-10-15,247.24563598632812,248.5416847013121,241.05652684463197,244.25476135746126,48316260,Barclays
2015-10-16,250.03713989257812,251.6322640145949,248.34231385752074,249.53866075212736,24683825,Barclays
2015-10-19,253.87542724609375,253.87542724609375,250.53562603910382,250.73501465838467,33340057,Barclays
2015-10-20,251.83163452148438,254.97204660587394,251.18360259721214,254.2243279941265,25404848,Barclays
2015-10-21,247.29550170898438,252.57938357803687,245.35143612658678,252.5295326221034,40003127,Barclays
2015-10-22,249.88754272460938,250.91440835491193,245.50093315122217,246.74713078143142,25943995,Barclays
2015-10-23,250.48570251464844,253.48454785752133,250.10785761566564,252.18052810610396,34709267,Barclays
2015-10-26,250.18667602539062,252.33014544369456,249.58851018791998,251.2334852564343,19325332,Barclays
2015-10-27,250.08697509765625,251.71200664875923,248.72612165348207,249.43894312846015,23323226,Barclays
2015-10-28,252.37997436523438,253.0778573086491,246.39822487796948,250.08698256501665,24344309,Barclays
2015-10-29,236.52830505371094,248.24256252212444,235.13256982327474,245.25168827486993,86342195,Barclays
2015-10-30,231.29432678222656,235.61614772826255,229.99827794312674,233.28824339241817,60170767,Barclays
2015-11-02,235.33197021484375,237.08661105155744,229.05113093773258,229.6991476388963,49312915,Barclays
2015-11-03,232.7897491455078,235.58920654600757,231.04507222471705,235.23229379213976,44068449,Barclays
2015-11-04,231.64328002929688,233.53749482015513,231.39404044037462,232.9891646820507,40623102,Barclays
2015-11-05,227.4668731689453,231.40505835303182,227.10098286244755,230.80684877205368,40421368,Barclays
2015-11-06,231.7041473388672,232.90056649776895,226.02121718649002,228.06508216766207,54794204,Barclays
2015-11-09,233.34922790527344,237.736047666628,233.24952123260988,234.29638044316792,41307714,Barclays
2015-11-10,229.9095458984375,234.86366192708263,228.7131267558149,234.84472161590102,33506822,Barclays
2015-11-11,231.40509033203125,234.19669486077711,228.71316205872048,231.15583884102867,25897944,Barclays
2015-11-12,225.0242462158203,231.45493173198085,224.57559656829355,231.00628208445409,41604332,Barclays
2015-11-13,224.426025390625,225.87168084641777,222.48185179124283,224.3263187192867,40145721,Barclays
2015-11-16,223.7281036376953,224.77496280869838,221.7191374855611,222.33230155175906,25005955,Barclays
2015-11-17,226.7689971923828,228.31435943642907,224.92454533789808,225.87169793486086,32216671,Barclays
2015-11-18,227.2176055908203,227.2176055908203,225.02419597136347,225.32330074063043,21167614,Barclays
2015-11-19,229.26148986816406,230.85670529742416,226.76897526813377,228.81284028277898,28447540,Barclays
2015-11-20,221.23558044433594,229.560584941122,220.6373860935227,228.81283059277956,58492815,Barclays
2015-11-23,219.88966369628906,222.28247187343177,217.48687572333358,219.8398103565354,28477143,Barclays
2015-11-24,219.39114379882812,219.88964673169838,214.75505739527324,218.84278753005037,40258237,Barclays
2015-11-25,220.83680725097656,222.23260942826985,218.04518768328722,220.28845096236037,33440257,Barclays
2015-11-26,224.52574157714844,225.02424456253868,220.58757103518622,221.3851788544314,21186962,Barclays
2015-11-27,223.62843322753906,225.35324922743285,222.43202915370006,223.22962172752395,15829447,Barclays
2015-11-30,222.5316925048828,223.82780309325466,220.83678567998174,222.83079728883035,27498730,Barclays
2015-12-01,232.80087280273438,233.8477320185577,226.32033458766895,227.8158434065302,68770791,Barclays
2015-12-02,234.04710388183594,235.51071066067468,233.00024478351432,233.79785244000226,32691724,Barclays
2015-12-03,229.61041259765625,237.38705999342108,229.61041259765625,234.3960429345192,41233133,Barclays
2015-12-04,228.91256713867188,233.7121490509583,226.6194504618052,229.36121676362112,28696589,Barclays
2015-12-07,227.31732177734375,231.55459641573722,226.3203159800747,231.15580018207007,19533483,Barclays
2015-12-08,221.43502807617188,227.36721044933702,220.9365251000554,226.6693093253947,28836435,Barclays
2015-12-09,221.28546142578125,224.5755840121988,218.94250663609074,221.33531476452,27506177,Barclays
2015-12-10,217.34727478027344,222.73110027215873,216.00131080075116,219.9893341912149,59328192,Barclays
2015-12-11,210.567626953125,217.6463743876544,208.75507718084702,217.29741626406854,48587947,Barclays
2015-12-14,208.47398376464844,214.10706220302464,208.4241304165085,213.20976278892954,42068185,Barclays
2015-12-15,214.15684509277344,215.75204521668311,210.3313283074508,210.51776485931205,31559019,Barclays
2015-12-16,215.10401916503906,216.79892612279198,213.11000739989385,215.65237544307448,25341801,Barclays
2015-12-17,218.09503173828125,220.03919012144206,217.0731068176627,219.19174426883458,29172437,Barclays
2015-12-18,216.948486328125,221.23559945656032,215.40312416612736,215.40312416612736,54977089,Barclays
2015-12-21,215.7520751953125,220.03920369775926,215.10402743197534,215.65238373108534,22814632,Barclays
2015-12-22,218.34426879882812,220.6174407911925,217.0581380188461,217.89561923432748,18438800,Barclays
2015-12-23,221.63442993164062,222.38218440832424,218.7431034939351,220.03921429614076,20864400,Barclays
2015-12-24,221.03619384765625,223.1299122173787,219.8896432056809,222.23259782473966,5576663,Barclays
2015-12-29,221.93345642089844,224.1767190590621,220.6871993996964,221.03614223777393,17024340,Barclays
2015-12-30,220.03919982910156,222.3323164494519,218.443999511586,222.1329183114003,15513552,Barclays
2015-12-31,218.2445831298828,219.34129569359177,216.8986343068973,219.34129569359177,5181681,Barclays
2016-01-04,213.60850524902344,216.35027136073788,212.01328978969423,215.70222363775528,28332220,Barclays
2016-01-05,214.6055145263672,216.94848441712247,211.41509876998938,214.20671826173333,20472926,Barclays
2016-01-06,211.11595153808594,214.2565133269665,209.22164684211023,214.2565133269665,26042785,Barclays
2016-01-07,204.93453979492188,208.22466189024257,200.99637003203685,205.98139889976494,41970431,Barclays
2016-01-08,199.5507354736328,208.0252860769325,199.5507354736328,205.38322638585106,42733252,Barclays
2016-01-11,199.10203552246094,202.7411154603485,198.80293076942775,199.40114027549413,45116284,Barclays
2016-01-12,201.74412536621094,204.33633126246963,199.17184863208976,200.39816147998562,31436248,Barclays
2016-01-13,201.09609985351562,205.18383039028987,199.73618530107092,203.7381747854173,41349239,Barclays
2016-01-14,197.10806274414062,199.55072414854874,191.9435795012836,197.6564190299717,57104764,Barclays
2016-01-15,191.2257080078125,198.2546016656808,190.39819140058708,195.861778711353,49774602,Barclays
2016-01-18,187.0881805419922,197.40719931890422,185.29358180957715,190.72726177851183,37826678,Barclays
2016-01-19,189.33140563964844,193.02033947090987,187.36232820533664,189.4311123103157,35139323,Barclays
2016-01-20,181.5049285888672,185.4430988827348,179.3633496753389,185.3433922066965,52318608,Barclays
2016-01-21,185.59262084960938,186.0412856234782,179.4480797931851,181.45505292582678,65099459,Barclays
2016-01-22,190.1788330078125,192.37224245597739,187.63646548723761,190.37823110071852,50097304,Barclays
2016-01-25,181.30551147460938,191.67436574707818,180.80700857279643,191.37526096337015,48650638,Barclays
2016-01-26,182.4521026611328,183.24971052413028,174.62559927594617,177.9655755465148,60932969,Barclays
2016-01-27,181.25567626953125,181.95357735924753,177.7163022700596,181.95357735924753,40891761,Barclays
2016-01-28,177.86585998535156,183.2038338739754,175.9715547167023,180.45808160749638,36740224,Barclays
2016-01-29,185.44308471679688,185.44308471679688,180.0094059760487,180.80701368411763,57835626,Barclays
2016-02-01,182.2526397705078,188.33436523805372,180.3583198670302,188.33436523805372,38834066,Barclays
2016-02-02,173.22979736328125,182.48998375283085,172.1829379912707,181.80405528923805,45374492,Barclays
2016-02-03,165.1041717529297,172.3823021511327,163.0104534219031,171.78410778019773,73258391,Barclays
2016-02-04,173.1300811767578,175.27365314719597,166.54985088089887,167.19789867829655,80582665,Barclays
2016-02-05,172.63156127929688,174.52588157084654,169.142040714608,173.92767196023036,48965004,Barclays
2016-02-08,163.40927124023438,177.31751659369712,163.11018162183603,177.31751659369712,61112475,Barclays
2016-02-09,155.78219604492188,165.20390021909773,153.83803728090228,162.6615317370236,69827807,Barclays
2016-02-10,158.5239715576172,161.46513654075054,156.03145628155403,156.33056115730278,82269718,Barclays
2016-02-11,147.40733337402344,157.2278326925227,147.30762669541807,156.8290364043077,87421203,Barclays
2016-02-12,156.7293243408203,156.7293243408203,149.84998972029967,150.29863933240273,65583733,Barclays
2016-02-15,160.26870727539062,162.81107550340633,158.92274315082244,161.51496471921172,40965023,Barclays
2016-02-16,160.96658325195312,162.16298716847496,155.13410845399622,161.26568803435887,40946815,Barclays
2016-02-17,167.6465301513672,168.25870538355133,160.5179443002908,161.2158453633238,42633762,Barclays
2016-02-18,161.26571655273438,168.99251286360726,160.25874599409929,168.84296805250935,54745700,Barclays
2016-02-19,161.21585083007812,164.25672186473162,159.869901994253,160.01944679386602,49234427,Barclays
2016-02-22,164.65548706054688,165.25369657229285,159.96458857855654,162.31253276792478,20956651,Barclays
2016-02-23,161.06629943847656,167.19787938130455,160.41823650277064,162.81105969036608,37983040,Barclays
2016-02-24,156.28067016601562,161.5149509849731,154.7851613605992,160.66748990999622,40169026,Barclays
2016-02-25,164.35643005371094,164.8549330078161,158.31256855447705,158.72333754446097,53040842,Barclays
2016-02-26,168.5937042236328,169.48202772014824,162.41225545671045,165.8519379913408,55463331,Barclays
2016-02-29,171.5348663330078,172.39627783938275,165.62162464572702,167.34744463968164,55849036,Barclays
2016-03-01,157.6266326904297,168.6465322637949,152.34249858514323,165.55282624180833,143251124,Barclays
2016-03-02,161.91372680664062,162.11314012600255,155.45613082331258,159.27166766919922,83273822,Barclays
2016-03-03,165.80209350585938,166.61963047886906,162.41226412799716,163.60868344553887,68395935,Barclays
2016-03-04,173.77810668945312,174.2945458140895,164.9964813103557,165.55280918465468,73756344,Barclays
2016-03-07,173.1798858642578,173.39524250172087,164.505939376136,172.58169157620435,40593955,Barclays
2016-03-08,171.48500061035156,174.87481430461793,169.59069564233826,172.1330483064873,76553713,Barclays
2016-03-09,167.69639587402344,172.55082107637443,166.9007809968472,170.43816220589486,40560129,Barclays
2016-03-10,159.45440673828125,171.4060092087524,159.45440673828125,164.24103380629398,65783785,Barclays
2016-03-11,165.5374298095703,170.0248902562153,161.95145724460355,162.3962135834266,47408631,Barclays
2016-03-14,162.7951202392578,167.3823088868728,162.17186173910753,166.1357918865722,37775080,Barclays
2016-03-15,163.09423828125,164.39061861468628,160.90037206419413,161.7479942395532,36616371,Barclays
2016-03-16,163.5430145263672,164.9351206814825,162.44607358632848,162.54580102315762,49488295,Barclays
2016-03-17,160.15248107910156,165.33798781144853,158.9059643061206,164.78951738808306,74742589,Barclays
2016-03-18,161.7480010986328,163.19395740190038,159.55413478854393,159.55413478854393,59524807,Barclays
2016-03-21,160.05271911621094,162.89478283188367,159.70368840857887,161.49867521762133,32708862,Barclays
2016-03-22,156.76193237304688,159.20510198736287,154.01661332809323,159.0056623646924,59749406,Barclays
2016-03-23,156.0140380859375,158.75637501853754,155.21626429865452,157.01125151597387,50463596,Barclays
2016-03-24,152.17477416992188,156.11376414062272,152.17477416992188,154.66780772305776,46024814,Barclays
2016-03-29,150.5792236328125,156.07585732868273,149.432434307547,153.62072755076878,43111779,Barclays
2016-03-30,151.2274169921875,152.5058575671103,150.62909803855212,152.1747819639161,67777312,Barclays
2016-03-31,149.58203125,151.9254891594251,147.88677127242087,150.92827561775843,54550695,Barclays
2016-04-01,149.58203125,151.2214475127061,146.14164757450422,148.3853780432542,42059700,Barclays
2016-04-04,149.83132934570312,150.67896691270283,147.93662976993622,148.98369177870342,31541453,Barclays
2016-04-05,146.19149780273438,148.28563691720228,143.50998024614702,147.83689390812128,78218756,Barclays
2016-04-06,149.13323974609375,150.10551350356423,146.4906155895034,147.23852550275737,59767039,Barclays
2016-04-07,146.69012451171875,149.9310686645531,146.14165399644628,149.18315847543747,37767274,Barclays
2016-04-08,150.28004455566406,151.3271215868331,146.83966163862388,146.88952534796863,45780423,Barclays
2016-04-11,153.07223510742188,154.7674946028175,148.98365466299705,149.93101943113783,35902903,Barclays
2016-04-12,155.2162628173828,156.31320366646216,152.1249103435333,153.62073047431284,40249184,Barclays
2016-04-13,166.33514404296875,166.33514404296875,156.96831626831667,157.26049896906858,69966034,Barclays
2016-04-14,168.529052734375,168.57891644411802,162.12893831416878,166.43489865531055,55747834,Barclays
2016-04-15,166.43492126464844,169.62601652648223,166.2354816148513,167.88089296228497,52600702,Barclays
2016-04-18,167.232666015625,168.68361318135445,162.14688735647493,164.04158652466015,35589076,Barclays
2016-04-19,167.33238220214844,171.83180170002615,166.734048180628,167.6813977011468,39979466,Barclays
2016-04-20,170.67306518554688,171.3322339469431,165.51747379808094,166.53463571389472,40769233,Barclays
2016-04-21,171.4708251953125,173.4153881018421,169.8752930329433,171.52068890394506,49165309,Barclays
2016-04-22,171.0220947265625,172.33143942510986,169.24007185958,170.0248813462327,29372191,Barclays
2016-04-25,169.87525939941406,173.11620200737974,169.47636502559806,170.62316923202152,62860186,Barclays
2016-04-26,173.4652862548828,173.83126799372187,169.0276891982421,170.92238877236312,49907720,Barclays
2016-04-27,174.31292724609375,181.49286158419224,172.06919681442105,179.74773791511348,63765072,Barclays
2016-04-28,173.9140167236328,174.51235087026723,170.6232245659519,171.72015021308906,47783034,Barclays
2016-04-29,171.0220947265625,174.36276563717482,170.77279138148006,171.3212617839152,63013667,Barclays
2016-05-03,164.2909393310547,171.96948094849301,164.0914996558495,171.27143447713897,56338248,Barclays
2016-05-04,161.99732971191406,165.08869764231895,159.8034630594995,163.99175670797646,45931021,Barclays
2016-05-05,160.50146484375,163.79726245093687,159.95299452905934,162.19672427584877,32746333,Barclays
2016-05-06,161.54855346679688,162.79507008305302,157.41012438733338,159.50426317288333,33173809,Barclays
2016-05-09,158.00845336914062,163.4432631213906,157.55971040175635,162.54577718662208,35743357,Barclays
2016-05-10,162.8449249267578,163.6187633738481,158.75634456148597,158.75634456148597,39804227,Barclays
2016-05-11,163.1441192626953,164.09146895487783,159.55414491558702,162.79508848418487,29916018,Barclays
2016-05-12,162.3961944580078,165.08866736564806,161.34911743385115,162.29646703998617,48733584,Barclays
2016-05-13,164.88926696777344,165.18841886046178,160.1525025941054,161.39901953454435,35781641,Barclays
2016-05-16,163.04440307617188,163.84217689900348,161.99732588472227,163.54300981340788,25217333,Barclays
2016-05-17,163.79229736328125,166.33519452085076,161.5485672624144,163.24382696203787,34180989,Barclays
2016-05-18,169.92514038085938,170.27417112266903,161.9035654750029,162.4959043326699,51448705,Barclays
2016-05-19,170.17445373535156,174.7616412761838,169.1772403757157,169.77557447800453,47214051,Barclays
2016-05-20,175.35995483398438,175.45966702850507,172.41816359469274,172.6674669053943,45215941,Barclays
2016-05-23,175.21038818359375,178.05245240895445,173.6946195823168,175.11067597514958,37751331,Barclays
2016-05-24,180.89447021484375,181.5426679311297,171.62039953447976,173.0663556457853,42931162,Barclays
2016-05-25,185.23239135742188,186.17974105596912,179.94715722833044,180.19646058143599,60316069,Barclays
2016-05-26,184.28504943847656,186.37918856320587,182.29062252943734,186.37918856320587,44331325,Barclays
2016-05-27,185.6811065673828,186.77804724342604,184.2351503789744,184.7337570105819,27230015,Barclays
2016-05-31,181.89169311523438,187.62566937844716,181.0241224454841,186.03013728713935,47907064,Barclays
2016-06-01,179.4485626220703,181.54072368448243,176.6563618357604,181.49285329863312,42805647,Barclays
2016-06-02,179.89724731445312,184.53429762112168,179.59809554056793,179.9471110155224,40051652,Barclays
2016-06-03,179.1493377685547,182.88888711147968,176.75603227558878,181.4429310754684,29555292,Barclays
2016-06-06,179.59814453125,182.04131438743875,178.25190031647796,178.9998103877359,38197828,Barclays
2016-06-07,179.74771118164062,182.58977539224057,178.45133074844998,180.84465198271008,24456046,Barclays
2016-06-08,177.5538330078125,179.49839592036292,176.40702857078298,178.55104631848118,30376289,Barclays
2016-06-09,175.5594024658203,177.9028445637966,174.91120469860093,177.35438942819115,30037205,Barclays
2016-06-10,168.92791748046875,175.21036396216329,167.98056794173488,175.21036396216329,44750644,Barclays
2016-06-13,164.6897735595703,167.08309465512315,163.09424137880276,166.53462428637556,41436851,Barclays
2016-06-14,159.60400390625,162.09703734678413,158.85609387408977,160.7009294903239,63316712,Barclays
2016-06-15,160.50146484375,163.8311642920003,159.85328233673954,161.4986780645453,45194603,Barclays
2016-06-16,158.0583038330078,159.89317260414938,155.3498691740249,157.31039387796204,41635541,Barclays
2016-06-17,165.2880859375,166.2852991256599,159.70169266649322,160.75076288811943,87695628,Barclays
2016-06-20,176.357177734375,177.1439804867972,171.42095973915616,172.4181730365713,63959244,Barclays
2016-06-21,179.84744262695312,180.6741273004692,174.91122412804276,176.25746830343084,50303255,Barclays
2016-06-22,181.49285888671875,184.28505975899932,177.75330822284405,179.54829558475802,59432490,Barclays
2016-06-23,186.4290313720703,186.9276380434138,180.54547873672456,182.44017800132255,69230282,Barclays
2016-06-24,153.47116088867188,166.4848008976578,130.63497643761295,130.63497643761295,345720341,Barclays
2016-06-27,126.84552764892578,155.2162427518398,120.7625280917609,147.58756715756704,324668157,Barclays
2016-06-28,131.13357543945312,137.21658388474964,124.68160286783011,134.57395897616948,160582903,Barclays
2016-06-29,137.5655975341797,137.96449205887458,132.5296663798996,137.61546125180033,118228084,Barclays
2016-06-30,138.21377563476562,138.96168564314365,133.9756189206235,137.61544154155598,100950677,Barclays
2016-07-01,139.60989379882812,142.9007014816261,135.07256920711205,140.2580765049572,91077140,Barclays
2016-07-04,136.16949462890625,141.1555616953893,135.37172085501513,140.3577879214982,42395491,Barclays
2016-07-05,135.47140502929688,138.961650861463,134.0254338686738,135.870284180753,70932286,Barclays
2016-07-06,131.28311157226562,136.3689049740757,129.78729177364687,133.67643237981514,87263933,Barclays
2016-07-07,134.37449645996094,137.2165605420962,132.3302060865187,132.52964570962502,46922884,Barclays
2016-07-08,138.86195373535156,141.50456292639342,131.3429720558985,134.17505421087688,49577485,Barclays
2016-07-11,144.99481201171875,145.99202534114258,139.31069907725646,141.60429277818483,63915075,Barclays
2016-07-12,148.13604736328125,151.9254611666568,144.29676984875573,145.59315025731422,74088737,Barclays
2016-07-13,144.6956787109375,150.8285353855615,143.7313628291334,147.4878642177866,82826893,Barclays
2016-07-14,147.5875701904297,150.3797705075562,144.55105748104492,146.4407809680246,66591166,Barclays
2016-07-15,149.382568359375,152.17476888517305,146.09176114026545,146.2413370617514,75008664,Barclays
2016-07-18,150.5293731689453,151.7758900305899,148.53494619031397,150.23020607889654,40881808,Barclays
2016-07-19,149.98094177246094,151.8257932947359,146.98930052527402,149.88122952731925,35411295,Barclays
2016-07-20,150.5293731689453,151.5764503759808,148.08620316337598,149.58202339734947,40188853,Barclays
2016-07-21,151.47671508789062,153.07226267458958,148.73437813443707,148.73437813443707,45128323,Barclays
2016-07-22,151.3769989013672,152.8229553047159,149.73158764271318,150.82852848181585,30043612,Barclays
2016-07-25,150.5792236328125,151.37699739729973,148.68452425639063,150.9282544098597,28741068,Barclays
2016-07-26,148.5847930908203,151.57643322016568,147.7551108312343,150.08061315549298,43328772,Barclays
2016-07-27,149.33267211914062,150.52932487917948,147.30833060253966,149.58197541149312,40102814,Barclays
2016-07-28,146.09176635742188,150.54033397325017,145.44358371947686,149.58201333524423,48530941,Barclays
2016-07-29,154.11929321289062,159.40452587697234,146.73392688458878,150.03071326876244,114349697,Barclays
2016-08-01,150.9780731201172,156.81177645469984,149.28281371521146,156.5624731535,61889663,Barclays
2016-08-02,145.59315490722656,151.68014933378117,145.3937152725252,150.23019108317524,47437379,Barclays
2016-08-03,147.88673400878906,149.2329628210616,144.84523042983176,145.94217113577284,54152674,Barclays
2016-08-04,148.43521118164062,151.57642710420077,147.78701338334216,148.38534747157644,56492306,Barclays
2016-08-05,151.57643127441406,152.22461387427757,147.93660858360818,148.4850637605996,38758513,Barclays
2016-08-08,156.96136474609375,157.7591384161965,154.63487358108284,156.56248551917597,55863770,Barclays
2016-08-09,160.7508087158203,162.44606857573274,155.56530170232998,156.51265145790427,68394429,Barclays
2016-08-10,163.24383544921875,163.8421695937319,159.3547091586914,159.60401251619368,41935735,Barclays
2016-08-11,162.80502319335938,162.80502319335938,159.58183813657595,161.60829712297328,39927296,Barclays
2016-08-12,162.95460510253906,165.64725773046723,162.55570149250386,162.55570149250386,30886671,Barclays
2016-08-15,163.1042022705078,165.19846900920118,162.61951932849783,164.151343248453,24263452,Barclays
2016-08-16,161.30911254882812,163.40339459461006,160.810475415756,161.80774968190025,29427011,Barclays
2016-08-17,159.7134552001953,163.3036483656469,158.4668624645797,162.55569272427752,71229139,Barclays
2016-08-18,160.21209716796875,161.45868994150476,158.91565285724886,160.21209716796875,36619265,Barclays
2016-08-19,159.9129180908203,160.81045875045604,158.04900939364487,160.2120881659015,30692286,Barclays
2016-08-22,159.61376953125,162.79906418373528,158.7660802109141,160.61104392355122,25327765,Barclays
2016-08-23,164.15135192871094,165.14862620478524,160.511291690721,160.9102105314694,37672688,Barclays
2016-08-24,166.0960235595703,167.5919348821413,161.8576081456192,162.65543056109644,39674874,Barclays
2016-08-25,163.90200805664062,166.3453266123857,163.30363749649285,165.29818574072482,28150000,Barclays
2016-08-26,165.54754638671875,166.0960503368616,162.70530832874172,163.15409397162182,27054906,Barclays
2016-08-30,168.68893432617188,169.23743821044602,164.55025225038958,164.55025225038958,53494393,Barclays
2016-08-31,171.78050231933594,174.52300671050097,168.73881258751322,168.9881311685282,60135714,Barclays
2016-09-01,171.08242797851562,176.91647414327116,169.28733099812936,172.7777914310805,52656119,Barclays
2016-09-02,173.8249053955078,175.02163145604126,168.55829422036976,172.62817933497436,62995077,Barclays
2016-09-05,172.7777862548828,174.3774182552641,171.18214116074296,173.92464570447126,29104327,Barclays
2016-09-06,169.23744201660156,173.1766723732042,168.74079833027446,172.32899836680497,33395953,Barclays
2016-09-07,169.2873077392578,169.73607811839656,164.30093637727674,166.49493673310886,39274536,Barclays
2016-09-08,172.7278594970703,175.62493934597757,167.94094109454116,169.28726712616296,42105066,Barclays
2016-09-09,174.27369689941406,176.8197321682457,171.58305258550104,172.47859998233218,46137147,Barclays
2016-09-12,169.5865020751953,171.9799543692404,167.0434495020233,170.83309498192682,49005058,Barclays
2016-09-13,170.135009765625,171.232002417525,167.79140896218593,170.03527624399823,68280242,Barclays
2016-09-14,169.83584594726562,171.4314759751725,168.33993423642747,171.13230580676554,34615802,Barclays
2016-09-15,169.0379638671875,170.6336085510421,167.5091378886945,168.78864533640993,43641176,Barclays
2016-09-16,164.25106811523438,167.39249117481722,163.58589397284615,167.34262441821477,113454519,Barclays
2016-09-19,166.54478454589844,167.84124399598235,164.75268580395348,166.54478454589844,35633192,Barclays
2016-09-20,165.9962921142578,166.99356634169968,163.52605407884076,164.94915113200446,36240761,Barclays
2016-09-21,171.1322479248047,173.42596626519284,170.0352402876833,172.12952206138934,47424096,Barclays
2016-09-22,172.7278594970703,173.94254158245298,169.8856376329269,172.37882271578644,33596677,Barclays
2016-09-23,170.9328155517578,171.97995665074347,170.07515901186082,171.97995665074347,34047150,Barclays
2016-09-26,167.64181518554688,170.53390455605094,165.34808126211357,168.6390894811963,53209171,Barclays
2016-09-27,165.49765014648438,171.93006568138193,164.00173884919673,168.78865804395653,74818005,Barclays
2016-09-28,165.64724731445312,168.040699258557,165.14861022466513,165.547513809617,35145499,Barclays
2016-09-29,166.843994140625,168.24017207966358,166.19575671255848,167.79140168620106,26470038,Barclays
2016-09-30,167.34262084960938,167.34262084960938,155.52491499513144,162.45596793353275,117264694,Barclays
2016-10-03,167.7415313720703,167.94098318524846,164.99902709357653,167.29276098812,33873563,Barclays
2016-10-04,168.7886505126953,171.0823841096305,168.04069489742486,168.73878376157143,76371807,Barclays
2016-10-05,171.97994995117188,172.22926852611332,167.99085275210868,168.53935666041951,47452833,Barclays
2016-10-06,173.77503967285156,174.87204744489637,172.52844684879955,172.52844684879955,58204075,Barclays
2016-10-07,173.1268768310547,174.82224060941766,169.98545270739118,173.17672838734552,57671030,Barclays
2016-10-10,171.8303680419922,173.32627951905445,167.9409890713112,172.77777560069194,42151000,Barclays
2016-10-11,171.93008422851562,172.47858814013085,169.83581731670972,171.281862016642,69986691,Barclays
2016-10-12,167.99087524414062,172.67806203716026,167.7914234009228,171.78052113407998,63645274,Barclays
2016-10-13,166.0461883544922,167.99087039988862,163.95190601809617,166.59469232042446,48168546,Barclays
2016-10-14,169.68624877929688,172.67807225622036,166.19578805621947,166.19578805621947,100571191,Barclays
2016-10-17,169.0878448486328,170.88294146476073,167.99083713399997,168.38975594713773,30941725,Barclays
2016-10-18,173.52577209472656,173.87482427490136,169.28735524758525,169.28735524758525,39387506,Barclays
2016-10-19,176.9164581298828,178.16305102881716,173.9246351724404,174.52300585080826,48798830,Barclays
2016-10-20,182.6009521484375,183.2990411980783,177.5148465262547,177.6145800550034,73323480,Barclays
2016-10-21,182.70066833496094,184.19657994559196,181.5747477206361,182.6009500245721,52720691,Barclays
2016-10-24,182.9998321533203,184.94451397472525,182.45132825056558,182.60092852433397,47684140,Barclays
2016-10-25,183.1992645263672,185.19381289402975,181.1548494060738,182.94994598040938,31817041,Barclays
2016-10-26,181.30445861816406,183.29900708433263,179.30991015199547,182.50118465442577,39926097,Barclays
2016-10-27,189.98074340820312,191.47665477362204,178.7614081675612,184.2962832630507,86513948,Barclays
2016-10-28,190.77857971191406,192.47394300583144,184.80789886841927,189.23280147853117,60128488,Barclays
2016-10-31,189.7812957763672,191.17747366124902,188.3851026742877,189.6815622629338,40797797,Barclays
2016-11-01,186.19113159179688,189.53200699323526,185.79222790977443,188.78405117654307,41313876,Barclays
2016-11-02,181.5537872314453,184.39600982282832,181.00528332943168,184.19655800860465,44867745,Barclays
2016-11-03,184.794921875,189.5818413263806,179.65895034866136,181.2545952381874,54937697,Barclays
2016-11-04,180.855712890625,185.94679428314873,179.24510930662655,182.7006613428085,52390506,Barclays
2016-11-07,184.69517517089844,184.9444937160042,181.90280442227478,183.59818270275096,32737609,Barclays
2016-11-08,185.44314575195312,185.96672386919064,182.20200440435954,183.54833074331592,27898948,Barclays
2016-11-09,192.3741912841797,192.52379154775687,174.98073730471236,177.9635818236699,92034440,Barclays
2016-11-10,200.55184936523438,204.44121269051672,185.80515309140546,196.46301902454533,121529803,Barclays
2016-11-11,201.20010375976562,204.4412454560196,197.85922853982416,200.30256291537498,69174432,Barclays
2016-11-14,211.7213134765625,212.18804011026737,203.64338645464716,204.44120884969502,81569337,Barclays
2016-11-15,211.32241821289062,213.5164338479965,208.3305953110534,212.76847812253718,59272967,Barclays
2016-11-16,209.02867126464844,213.81557508732902,207.92368978447817,210.42484901006426,47852029,Barclays
2016-11-17,212.12022399902344,212.2698242626579,205.33875624524674,206.93440108749903,46020522,Barclays
2016-11-18,211.67147827148438,214.01507905300693,209.02870736227703,212.9679379545139,48837663,Barclays
2016-11-21,210.02598571777344,212.56902315492957,209.32788149395898,212.41943808822592,30536128,Barclays
2016-11-22,211.77120971679688,214.21452877787,210.72406862856596,211.77120971679688,38172982,Barclays
2016-11-23,212.76846313476562,214.2693505037675,208.8292177510752,211.72132214944534,33555637,Barclays
2016-11-24,214.86273193359375,215.01233219989055,211.172820289565,213.46655408467387,29151308,Barclays
2016-11-25,214.91259765625,215.9098718913138,213.51641981403955,214.86273090105738,26393569,Barclays
2016-11-28,211.32241821289062,213.66601890620908,209.77665522069995,213.46656708952622,37582077,Barclays
2016-11-29,213.666015625,215.90988276691948,210.27528914186752,213.41669705367562,41605699,Barclays
2016-11-30,215.3614044189453,216.3088120589472,211.2725884944109,212.86821840988785,47668673,Barclays
2016-12-01,218.4529266357422,218.6523784415082,213.8654590171372,214.41396289589173,43643166,Barclays
2016-12-02,212.3695831298828,266.59140329323293,210.52463459680456,217.1066365899593,60217443,Barclays
2016-12-05,216.2090606689453,219.8491055983629,209.92622984395283,210.22541516270437,50466816,Barclays
2016-12-06,226.13194274902344,226.65052963488623,212.05442170577192,215.1619256807136,64700826,Barclays
2016-12-07,234.20986938476562,235.08248437469814,224.69387083427478,228.37580879376628,62594961,Barclays
2016-12-08,238.34857177734375,239.54529796458516,233.04306488373476,234.85811152119018,59079687,Barclays
2016-12-09,232.46461486816406,237.70030425512996,229.92156269391282,236.35397804017455,55294637,Barclays
2016-12-12,226.9297332763672,233.56160021101812,226.40615522329745,231.86623721887835,56733341,Barclays
2016-12-13,229.47283935546875,230.71943232194303,225.37303673785962,227.228972015815,45813371,Barclays
2016-12-14,221.14556884765625,227.6278515872719,221.14556884765625,227.27879950672119,66400017,Barclays
2016-12-15,228.82461547851562,229.62243806790278,220.64696817599778,220.64696817599778,61953816,Barclays
2016-12-16,227.5281219482422,229.52267051747404,226.17681955340305,229.27335194632005,54968261,Barclays
2016-12-19,221.4447479248047,226.68641804071132,220.64692548976382,226.53083741594529,39900955,Barclays
2016-12-20,227.0294647216797,227.12919822819748,221.01491341703476,221.94337545040025,29052053,Barclays
2016-12-21,228.12649536132812,228.6749992679316,224.8853538971781,226.6305839163358,43712472,Barclays
2016-12-22,226.3812713623047,229.17364251065388,224.98509339672935,227.32867892588783,20402149,Barclays
2016-12-23,224.3368377685547,226.78015661882222,222.58762093878536,225.63329732702235,12081273,Barclays
2016-12-28,224.13742065429688,225.4338804134235,222.89082765844427,224.88537645180844,24881132,Barclays
2016-12-29,221.74391174316406,223.04035595507494,219.89894849206658,222.34226709853928,24654062,Barclays
2016-12-30,222.84091186523438,222.84091186523438,219.48308532784853,220.74664522330687,15871501,Barclays
2017-01-03,231.26792907714844,233.9107153880836,224.18728991223503,225.48374968578815,55552090,Barclays
2017-01-04,234.35943603515625,234.35943603515625,230.53987403881754,232.8136579880808,31177764,Barclays
2017-01-05,231.91612243652344,236.2542561544526,230.2207593093834,233.86080411816042,36901986,Barclays
2017-01-06,234.6087646484375,235.30685357207096,230.86898625340396,231.11830481307285,28600450,Barclays
2017-01-09,233.4120635986328,239.34584291068717,231.91615208044104,238.34856856522597,32589710,Barclays
2017-01-10,235.6060028076172,236.65314364131225,229.42290651811552,233.013084097248,31718216,Barclays
2017-01-11,233.56166076660156,236.85266932060145,231.11834153705004,235.90526168675896,36655762,Barclays
2017-01-12,231.61697387695312,234.40934517380728,231.06846992659257,232.16547782731365,28992021,Barclays
2017-01-13,234.6087646484375,235.50630537636664,230.4202158894394,230.4202158894394,39301433,Barclays
2017-01-16,230.4700469970703,232.86349871280794,228.57521710634938,232.86349871280794,28280597,Barclays
2017-01-17,230.9687042236328,234.90793415791455,228.3757852906595,228.3757852906595,48407947,Barclays
2017-01-18,226.97964477539062,234.37642072826523,225.63331833600898,230.71942353234104,43766069,Barclays
2017-01-19,227.677734375,234.37642135458438,226.18182286822235,228.6750087128518,37558870,Barclays
2017-01-20,226.7801513671875,228.82456656005888,225.78287714795238,227.37852198560734,54380881,Barclays
2017-01-23,223.8881072998047,224.68592987927963,221.54450632582203,224.63606311483744,28342201,Barclays
2017-01-24,228.0267791748047,228.77473495414543,225.13468958156682,225.1845563436294,36563063,Barclays
2017-01-25,230.22076416015625,232.36489768712855,229.42294172551635,229.42294172551635,41402288,Barclays
2017-01-26,231.71669006347656,235.53623724746745,230.96873433727708,231.3676379710375,52157732,Barclays
2017-01-27,229.9714813232422,233.93563790872702,227.82733224600923,231.21807431563357,28619310,Barclays
2017-01-30,222.7910919189453,227.47829371055352,222.19273641719923,226.97965651716538,68379387,Barclays
2017-01-31,218.85183715820312,225.4338534767106,218.50280029139,222.1927120747724,48441418,Barclays
2017-02-01,221.49461364746094,223.33956185161844,219.3504649122113,221.14556157838393,32776938,Barclays
2017-02-02,220.74668884277344,224.08754886642828,219.599814181985,223.28972632353182,42923195,Barclays
2017-02-03,228.22621154785156,229.5226558613095,220.696788136353,221.8935141580356,43542033,Barclays
2017-02-06,226.7801513671875,232.713945145394,226.73527585338556,228.87443331446002,42267862,Barclays
2017-02-07,225.433837890625,228.52537880687308,224.83546727860445,225.9823417487777,33574738,Barclays
2017-02-08,224.3368377685547,227.17907544607235,220.49734106590495,225.0349266947458,41800806,Barclays
2017-02-09,228.92428588867188,229.5725080041433,225.03490754425536,225.3839595862452,35017596,Barclays
2017-02-10,228.0267791748047,230.71943215419083,225.98237888503272,230.42024679901465,36606240,Barclays
2017-02-13,231.71669006347656,232.71396436507587,227.62785934004015,228.07662973232019,43470017,Barclays
2017-02-14,234.6087646484375,235.95509095752848,230.071163819024,230.56980093836182,42280267,Barclays
2017-02-15,238.597900390625,240.34313059201932,234.0982048680603,235.35675858803552,56437420,Barclays
2017-02-16,237.35130310058594,240.04394089064007,236.66517479484605,238.09925888766762,34933624,Barclays
2017-02-17,236.35398864746094,236.56141425791895,232.91339565362713,236.45372215570993,39329071,Barclays
2017-02-20,236.85263061523438,239.36377249332634,236.3091179836757,237.15181592892463,39921131,Barclays
2017-02-21,235.30685424804688,236.90249912139063,232.86353539971205,235.2071359542112,27779089,Barclays
2017-02-22,234.50904846191406,239.5452867827146,232.5643665962738,237.35128633898717,41900244,Barclays
2017-02-23,228.42567443847656,243.73382534270857,224.13739203682417,239.34582464443957,101825857,Barclays
2017-02-24,225.28427124023438,238.17404535252302,221.36998156136448,228.82459825229418,45639146,Barclays
2017-02-27,224.38671875,227.92704557816188,223.4891779618793,224.38671875,141718211,Barclays
2017-02-28,225.88262939453125,226.8300369379561,222.14285076217146,223.888080790606,67908759,Barclays
2017-03-01,232.2652130126953,232.7638502370396,223.96989096580933,227.47830783275037,56748348,Barclays
2017-03-02,228.8940887451172,234.52916588825997,228.49515088699343,229.7917065351475,58832685,Barclays
2017-03-03,230.78909301757812,231.18804614021988,224.65533523507702,225.15401522450006,45689044,Barclays
2017-03-06,226.35079956054688,229.34287890759575,226.3009285277289,228.1959212452947,32187324,Barclays
2017-03-07,226.45059204101562,228.04635891694005,225.50310308054395,226.69993204211374,35044891,Barclays
2017-03-08,231.68673706054688,233.08303500940605,225.35349480867185,225.45323689866447,51738303,Barclays
2017-03-09,231.58702087402344,232.8835920964203,229.39283161531765,230.39019175277554,40862590,Barclays
2017-03-10,231.2379150390625,233.5318307943372,230.24055506946294,231.78645084753796,40321888,Barclays
2017-03-13,229.59226989746094,231.38752094852134,228.39544093625597,231.38752094852134,31282402,Barclays
2017-03-14,225.95187377929688,229.89144208587476,225.3534517905874,229.89144208587476,43785364,Barclays
2017-03-15,226.89938354492188,228.19595449459382,225.0542615913305,226.0516215190005,43924854,Barclays
2017-03-16,228.84425354003906,229.59227355502188,226.99914663418517,228.5450424903447,50162188,Barclays
2017-03-17,229.79173278808594,234.72867685279343,228.48221082510167,234.37959477317585,73609268,Barclays
2017-03-20,227.697265625,230.14079430851857,227.2484567188034,228.74449655179487,23214061,Barclays
2017-03-21,229.3927764892578,232.62122999137753,226.84950570621953,228.89409654036814,43334005,Barclays
2017-03-22,223.9571533203125,228.8342422900744,221.35404355004061,227.44791273232826,63753003,Barclays
2017-03-23,223.3089141845703,224.9046963882534,222.3614251592303,224.60548532274944,34561906,Barclays
2017-03-24,226.35079956054688,227.1486904301271,224.1316831759205,225.55290869096666,40143210,Barclays
2017-03-27,223.60809326171875,229.34291285920386,220.31680244902634,223.40862431942023,41205128,Barclays
2017-03-28,227.49783325195312,227.7970290918316,223.40865096387245,225.5529689817034,36878067,Barclays
2017-03-29,226.6999053955078,228.35850928744784,224.35610357327667,227.94660525445968,25611188,Barclays
2017-03-30,227.44793701171875,227.84687489970466,224.10677513044322,226.30096395137562,42483919,Barclays
2017-03-31,224.5057373046875,227.34820411303002,224.4937603408313,227.1986062036193,47777985,Barclays
2017-04-03,220.86537170410156,224.65534279495407,219.81814064737173,224.45587383617362,32265178,Barclays
2017-04-04,217.1750946044922,222.41123350999658,216.12786377969076,220.5661118082749,48827684,Barclays
2017-04-05,218.0229034423828,219.3433979855016,215.230292381326,218.072759267888,42916752,Barclays
2017-04-06,215.8286895751953,216.7263226716235,213.0360938578772,216.07802956556338,46255713,Barclays
2017-04-07,214.7316131591797,215.08068003151507,213.16774426315763,214.08332002168936,39411693,Barclays
2017-04-10,215.6291961669922,216.27748919951406,212.1883077339265,214.93104731685625,30052090,Barclays
2017-04-11,214.432373046875,217.03848097369422,213.1358021661466,215.7289439276034,37315733,Barclays
2017-04-12,213.13580322265625,217.53217032002044,212.93633429044095,215.23026505717695,31565816,Barclays
2017-04-13,212.0885772705078,213.18567925113177,209.5453216928417,213.18567925113177,42248903,Barclays
2017-04-18,206.75270080566406,212.4376489305267,205.0571920973371,212.4376489305267,56685240,Barclays
2017-04-19,207.94955444335938,209.34585231864642,205.85509241192338,205.85509241192338,40331126,Barclays
2017-04-20,207.2015380859375,208.84717598333327,205.55590018854173,207.10179599945656,39346696,Barclays
2017-04-21,207.40103149414062,208.84720060759167,205.34347405985676,206.75275351109593,37576926,Barclays
2017-04-24,218.62130737304688,219.56879632248402,213.06302208126863,215.0806763549869,65475250,Barclays
2017-04-25,222.21180725097656,222.81021410965943,217.12526525039164,218.12262523336864,44227722,Barclays
2017-04-26,224.0569305419922,224.90469267718024,219.51895446100522,222.21182356909273,42177568,Barclays
2017-04-27,223.3587646484375,224.5555935816534,222.56087362012502,222.56087362012502,60183495,Barclays
2017-04-28,211.68966674804688,217.51525010269472,207.20154660497874,212.43768677189155,99386155,Barclays
2017-05-02,209.29598999023438,211.1410967524849,206.65297701189522,209.3957168533667,78983672,Barclays
2017-05-03,208.39834594726562,209.3957058371482,205.25666838153714,205.4561373158128,40394551,Barclays
2017-05-04,211.2907257080078,211.5400657122804,207.4010125102515,209.39573254443235,42576213,Barclays
2017-05-05,205.8052215576172,209.34583702962382,205.20679952990952,207.2015193309293,61065156,Barclays
2017-05-08,204.35903930664062,208.79730307736168,203.96010143036443,206.1542901868924,49673081,Barclays
2017-05-09,204.75799560546875,206.60011950832535,204.28325435097983,205.25667556786956,31076614,Barclays
2017-05-10,209.3957061767578,209.84451508423203,204.95745770328293,205.456137649033,43534561,Barclays
2017-05-11,206.00469970703125,210.34320633717485,205.10706662532547,210.34320633717485,36617684,Barclays
2017-05-12,205.35641479492188,205.90995750014116,204.2094568997371,205.506027923754,30616010,Barclays
2017-05-15,210.0440216064453,210.34321743095552,204.9574795306901,206.15430848424845,55592453,Barclays
2017-05-16,211.0413360595703,212.68697361325664,208.6476634505236,210.74212508112666,32886360,Barclays
2017-05-17,208.94688415527344,212.73685454880723,208.04926639666164,212.43764355643555,41009680,Barclays
2017-05-18,211.68966674804688,212.58728468925796,204.55854860813005,207.5506287035088,58947592,Barclays
2017-05-19,213.13580322265625,213.58461212476666,209.58321086228335,212.98620532812077,53924313,Barclays
2017-05-22,213.08595275878906,215.5294968744929,212.11951678607005,214.0334569106769,30438685,Barclays
2017-05-23,213.68435668945312,216.67643636305107,213.08593466733186,213.3851456783925,41267517,Barclays
2017-05-24,215.87855529785156,216.15283841160144,212.63713550293338,213.73423752092302,42715516,Barclays
2017-05-25,213.48492431640625,216.52687554923048,212.38782216079528,216.1279223933234,21482505,Barclays
2017-05-26,211.0912628173828,213.18572515189217,209.03372058244415,212.93638512247477,32508938,Barclays
2017-05-30,208.647705078125,210.1417514260873,207.75008718221153,209.94427609772654,36400400,Barclays
2017-05-31,209.44561767578125,214.83634771324162,206.05459947700479,208.64772656474352,79506925,Barclays
2017-06-01,210.54270935058594,213.99058372001704,207.5496248259455,210.54270935058594,48295008,Barclays
2017-06-02,210.34320068359375,213.88383143728535,209.9183304718124,211.98885367990346,34571548,Barclays
2017-06-05,211.1410675048828,211.3405364220217,208.9917583443177,210.59251656887366,22486743,Barclays
2017-06-06,208.94688415527344,211.041345883372,208.34846217053007,210.2933260116944,29144274,Barclays
2017-06-07,207.60044860839844,213.3851388355517,207.50072175357906,209.34582836202634,45634186,Barclays
2017-06-08,204.85772705078125,208.5978268524764,201.76592034581628,208.5978268524764,60463671,Barclays
2017-06-09,206.05458068847656,207.0020696383428,201.56646071894687,202.9627586220649,68772462,Barclays
2017-06-12,204.70811462402344,207.09081491703864,203.66088371013885,205.50600556881665,34223624,Barclays
2017-06-13,205.75537109375,207.75009109423522,205.1070779624888,206.1044379627314,37023332,Barclays
2017-06-14,202.9627685546875,207.65035770856375,202.9627685546875,206.40365765601652,71255468,Barclays
2017-06-15,202.61367797851562,203.26197110983006,200.26989110885663,203.06250215346634,37791049,Barclays
2017-06-16,202.7134246826172,205.7553757965865,201.16751360320595,203.3118467838429,63714189,Barclays
2017-06-19,206.20416259765625,206.8524404555433,203.6110207290989,203.96010278704088,3019939,Barclays
2017-06-20,202.2646026611328,206.50338248546262,202.25363011886296,205.75536251646324,4038453,Barclays
2017-06-21,199.62156677246094,201.61628646129293,199.17275788617445,201.36694650018893,5449453,Barclays
2017-06-22,195.4825439453125,199.22264363814375,194.933992946663,199.32238571735442,13633620,Barclays
2017-06-23,197.02847290039062,198.3748997819751,193.93665078385263,195.38281975377936,15458558,Barclays
2017-06-26,196.95364379882812,201.56643313629033,196.95364379882812,197.82633367348313,51037539,Barclays
2017-06-27,202.0760955810547,203.31183823341112,199.17278518076773,199.82107829958218,9336346,Barclays
2017-06-28,202.91287231445312,204.05984535148795,200.36960147933763,201.41683243715045,10363102,Barclays
2017-06-29,204.95748901367188,209.7079153895795,204.55855108352964,205.00736005956628,15823763,Barclays
2017-06-30,202.21473693847656,206.60311478463433,201.46671694980154,205.40628584645546,5096293,Barclays
2017-07-03,206.50335693359375,207.05190788668557,203.0125975101954,203.0125975101954,32201762,Barclays
2017-07-04,206.40362548828125,208.79729834722502,204.757987762792,205.45613663971156,28407424,Barclays
2017-07-05,203.660888671875,206.75271045133493,202.89891337789393,206.75271045133493,37017298,Barclays
2017-07-06,208.59780883789062,209.4455708071305,203.1123296024658,205.10704932443846,36322682,Barclays
2017-07-07,207.60044860839844,208.996761542403,205.9548109280936,208.44821057613348,27769804,Barclays
2017-07-10,207.15164184570312,209.44557258919025,205.81717689705778,208.79729476143478,24280854,Barclays
2017-07-11,205.20681762695312,208.39836654634433,204.63432788015552,207.75008864124348,19801390,Barclays
2017-07-12,207.45086669921875,209.64505551483643,205.45614682711087,206.0046978356415,29155254,Barclays
2017-07-13,210.74217224121094,212.58727912059197,207.9495611816412,209.94428119297586,49329661,Barclays
2017-07-14,207.94955444335938,212.0387364214943,206.8025965614097,211.44031435008245,47490398,Barclays
2017-07-17,208.4981231689453,209.24614321244655,206.47946434183308,208.39838107574246,15960482,Barclays
2017-07-18,204.50863647460938,208.69754472283662,204.00995655890367,207.94952484927808,32392948,Barclays
2017-07-19,205.75537109375,206.1044379627314,203.6110379621249,205.306562137342,32844722,Barclays
2017-07-20,207.65036010742188,208.29865327333968,204.5086820261116,206.25406211984102,26480344,Barclays
2017-07-21,204.50863647460938,207.30124704626198,203.26193668534512,207.0519070884091,31192222,Barclays
2017-07-24,204.95748901367188,207.32821274219975,202.83709449903392,203.9102579239153,45887652,Barclays
2017-07-25,209.1463623046875,210.49280422051217,205.80521586155476,205.95481375508908,32927851,Barclays
2017-07-26,210.64244079589844,212.18835192649078,207.8498295952327,209.14640071181037,34818852,Barclays
2017-07-27,208.0492706298828,210.74213917901383,207.40097759680265,209.4455683313571,35748314,Barclays
2017-07-28,204.5585174560547,213.33527222442137,201.91550464320224,206.80257718584244,46984715,Barclays
2017-07-31,202.46408081054688,205.85509873672018,200.66882975965856,203.4115697706389,50907891,Barclays
2017-08-01,206.05458068847656,206.85245650825502,203.11235653364693,203.76064966034912,58112789,Barclays
2017-08-02,207.15164184570312,207.45085285024558,205.07215504021548,206.45349298077326,32057721,Barclays
2017-08-03,207.94955444335938,208.29863652143388,204.65826348760513,206.2540455323664,54506181,Barclays
2017-08-04,209.79466247558594,210.19360035089048,206.70284067721022,206.70284067721022,25077232,Barclays
2017-08-07,209.44561767578125,210.44297775995165,208.62777510187811,209.44561767578125,40789337,Barclays
2017-08-08,209.79466247558594,210.6424092652342,208.89702942839406,210.59253822619502,21010826,Barclays
2017-08-09,208.1988983154297,209.2960003939552,205.75536937890183,208.59783622479947,44309770,Barclays
2017-08-10,204.26913452148438,209.4556523940615,203.8352645337459,206.56317566298088,35019576,Barclays
2017-08-11,198.83323669433594,203.3843964695112,198.43426447153558,202.7231207464261,38018819,Barclays
2017-08-14,199.2820587158203,201.97505642429758,198.98283336615984,200.17971954556825,26733473,Barclays
2017-08-15,199.93038940429688,201.62597961144434,198.6836296609186,200.1298679193904,25083848,Barclays
2017-08-16,200.22958374023438,201.426469864449,200.2186106733936,200.778160986109,20662125,Barclays
2017-08-17,196.7386932373047,200.12987375040558,196.3846177212547,199.18233936167758,32882767,Barclays
2017-08-18,195.14283752441406,195.69141487946317,192.79893823536545,194.49452851705155,32289600,Barclays
2017-08-21,192.7490234375,194.0955298182881,191.7516158129851,193.54695258095842,27412481,Barclays
2017-08-22,192.79893493652344,194.44465175427626,192.35010446070316,193.94594784353473,24295794,Barclays
2017-08-23,192.35008239746094,194.2451509532134,191.6020266171533,191.80150511472192,26929957,Barclays
2017-08-24,193.99578857421875,195.1926747143776,192.5495505207254,192.99838092088086,27528155,Barclays
2017-08-25,193.79629516601562,195.33229613742878,193.69654832066868,194.6440824745375,21900389,Barclays
2017-08-29,189.8565673828125,192.0009879133721,188.93893887881993,192.0009879133721,31951300,Barclays
2017-08-30,190.20565795898438,192.99840274802233,190.19468489075643,191.402544234505,24268026,Barclays
2017-08-31,190.6046142578125,191.75162700526113,189.5074597191137,191.00357124321198,32271117,Barclays
2017-09-01,191.65187072753906,193.89603790336147,189.80667573673583,193.34747588021327,23721351,Barclays
2017-09-04,189.7069549560547,190.90384123712826,188.95889912797938,189.40772958097762,15619212,Barclays
2017-09-05,187.41293334960938,190.13087589268792,187.01397628788976,189.85659481516024,22060310,Barclays
2017-09-06,185.36825561523438,187.11371935843155,184.2212274524489,186.11631150517601,33111872,Barclays
2017-09-07,183.52301025390625,186.2658813310706,183.373405191936,185.71730407179112,29739440,Barclays
2017-09-08,187.11367797851562,187.9115919092737,182.6253436314543,183.27365250500344,38784724,Barclays
2017-09-11,186.16615295410156,188.51006728582556,183.42527532444657,188.51006728582556,86562472,Barclays
2017-09-12,190.85398864746094,192.00100152994574,185.21163981606944,186.1661598113416,57524204,Barclays
2017-09-13,191.05345153808594,193.2477454751179,189.20824117101702,190.05604381950468,66004703,Barclays
2017-09-14,189.30801391601562,192.10075895376207,188.36047949764705,190.55477373472064,45577631,Barclays
2017-09-15,186.16615295410156,189.9204033243438,185.56771742759213,188.2607153449713,69312959,Barclays
2017-09-18,186.9640655517578,189.92038640403618,186.31575665098947,187.6123896717595,25217243,Barclays
2017-09-19,187.81190490722656,188.5100873721651,185.41811688841918,186.41552475811318,43154941,Barclays
2017-09-20,185.4180908203125,187.71213164193455,184.22120458879834,187.01394927515415,36404300,Barclays
2017-09-21,189.9064178466797,191.10331924854367,185.51783010395692,186.0165339483224,51114905,Barclays
2017-09-22,191.05345153808594,191.45240853782485,186.01653951540382,189.5074665304382,31308572,Barclays
2017-09-25,189.20823669433594,190.1557709607226,188.3105758565451,189.85656082761474,25308345,Barclays
2017-09-26,187.81190490722656,189.45762180452712,187.31320097237955,188.70956590225663,23629490,Barclays
2017-09-27,189.75682067871094,191.70176270883775,187.81187864858413,188.859159809186,31641716,Barclays
2017-09-28,191.7017364501953,194.84357950164213,190.60459722875098,190.60459722875098,46470022,Barclays
2017-09-29,192.84878540039062,193.54696774841813,191.00357506274372,192.25033469109061,28016234,Barclays
2017-10-02,192.20045471191406,193.64669278766186,190.7292875321424,192.00097622202352,32128057,Barclays
2017-10-03,193.1480255126953,193.59687122394877,192.01897126289708,192.59946336647192,30653839,Barclays
2017-10-04,191.8513946533203,193.54698485387965,191.50229583883672,193.44723798710288,27410610,Barclays
2017-10-05,189.65707397460938,191.65188943674247,188.51006117157652,189.50746890264307,43251720,Barclays
2017-10-06,189.7069549560547,191.1033349666695,188.90902569559407,190.45501078413002,27738250,Barclays
2017-10-09,187.86172485351562,190.60459571417934,187.1136691642437,189.50744128222107,26159584,Barclays
2017-10-10,189.50747680664062,190.7043630899935,187.71213977199392,187.7620132044742,43914836,Barclays
2017-10-11,189.9064178466797,190.99958495279185,188.95789433605245,190.80409389807767,38047429,Barclays
2017-10-12,192.54959106445312,192.89867468508552,189.30801550855068,190.1059448430816,36146771,Barclays
2017-10-13,190.75424194335938,192.24934917534975,189.15838337404765,191.95112826072557,28479219,Barclays
2017-10-16,188.75942993164062,191.5023014365918,188.20986333649356,191.4524280017456,32884726,Barclays
2017-10-17,190.85398864746094,192.30022691383945,188.809299613295,189.4077351618472,35957387,Barclays
2017-10-18,192.15060424804688,192.39995619501772,189.60722656433217,191.75164722058753,28717709,Barclays
2017-10-19,191.50228881835938,192.69917507962722,190.5547544956571,191.65189389380492,40185076,Barclays
2017-10-20,195.19265747070312,195.2126098833925,192.5495335105493,192.99836387105427,47803754,Barclays
2017-10-23,194.94332885742188,195.24255420656598,192.6492881396283,194.89345542935894,25821543,Barclays
2017-10-24,197.4866943359375,197.65125988475563,194.09849773266475,194.94330204685568,31883742,Barclays
2017-10-25,196.4893035888672,198.08516188844953,195.19267062286062,197.48671122129798,40174169,Barclays
2017-10-26,181.9271697998047,190.44403614518976,179.93235427472248,189.00877100154045,159880023,Barclays
2017-10-27,183.3235321044922,184.9193752389862,181.8274206050854,182.2263775839006,88917554,Barclays
2017-10-30,183.02435302734375,185.46799938358896,182.47577562837353,183.77240896614762,65752823,Barclays
2017-10-31,185.46795654296875,186.16613888073417,183.21382064697374,183.92197158269525,58150594,Barclays
2017-11-01,183.62278747558594,186.4255010410513,183.0243366902668,185.56772969901957,126480244,Barclays
2017-11-02,184.52040100097656,185.66741362220884,183.07416306400444,183.5229934279983,78630013,Barclays
2017-11-03,182.77499389648438,184.52045768540032,182.32616339461043,184.2212322777389,53617792,Barclays
2017-11-06,181.52821350097656,182.82484664125906,179.38379289071935,181.52821350097656,44583068,Barclays
2017-11-07,180.87991333007812,182.77498209080153,180.86992951161787,182.02692622958406,54328146,Barclays
2017-11-08,178.9847869873047,180.92972872228665,178.7853085153738,180.68037682756508,49243369,Barclays
2017-11-09,178.9847869873047,180.0819414117724,177.9375059856277,178.9847869873047,43230765,Barclays
2017-11-10,178.6856231689453,179.73290453107055,177.98744066727417,178.88511692876887,56936029,Barclays
2017-11-13,178.43624877929688,178.98482611144377,176.84040543578385,178.78534759590906,98992113,Barclays
2017-11-14,180.2315673828125,180.83001808730725,178.28662542205498,178.68558241222908,52607264,Barclays
2017-11-15,181.9271697998047,182.17652174043997,178.1370324775362,179.53339725739988,43864443,Barclays
2017-11-16,184.96925354003906,185.56770424326407,181.97703046238115,182.17650895704497,64669126,Barclays
2017-11-17,184.52040100097656,185.61755541894533,183.27364153475375,184.0715706369827,66355298,Barclays
2017-11-20,188.2606964111328,188.7594002426855,185.66743039936568,185.71730382636758,43732596,Barclays
2017-11-21,188.7095184326172,189.80667290098728,187.46275890912045,188.8092652821899,52269715,Barclays
2017-11-22,188.7095184326172,189.6570526266282,188.0113361433055,189.3079690915886,36885505,Barclays
2017-11-23,188.2606964111328,189.35785092824196,187.2632887480275,187.3131621750294,22932407,Barclays
2017-11-24,188.8591766357422,189.35788054529607,187.3131914722781,188.51007781136028,69658322,Barclays
2017-11-27,187.01397705078125,189.0087928059896,185.0690347333004,188.46021542946002,37415009,Barclays
2017-11-28,186.86436462402344,186.86436462402344,183.57291571324333,186.66487088094186,41048278,Barclays
2017-11-29,193.74644470214844,193.9459231972486,189.15836321867695,189.3578569330107,79538404,Barclays
2017-11-30,192.99839782714844,195.2425652437432,191.20306085002576,193.19787633144333,72175125,Barclays
2017-12-01,188.90904235839844,192.49971673757088,188.36048021147818,192.00101280819894,43627557,Barclays
2017-12-04,193.74644470214844,194.94333089198292,191.45240396041268,192.1007280935302,54254951,Barclays
2017-12-05,191.20306396484375,194.3947657432598,190.05605113203683,194.04568215986552,40010235,Barclays
2017-12-06,190.50486755371094,191.00357139547458,188.55992561467943,189.50745987018365,31864442,Barclays
2017-12-07,191.1531982421875,192.00100095748607,190.255537312418,191.352691977012,27722346,Barclays
2017-12-08,195.89088439941406,198.13505193299855,191.60204306617402,191.60204306617402,59495467,Barclays
2017-12-11,198.085205078125,199.33196489050184,195.39219170800226,197.536627716832,53208643,Barclays
2017-12-12,200.0800018310547,200.22960690667844,197.0379051330839,198.53401676625958,40285470,Barclays
2017-12-13,202.15159606933594,203.4711644673047,199.20824202036516,199.58128064606422,67221862,Barclays
2017-12-14,202.17457580566406,204.06965992395524,200.82808428872627,201.07743626066696,58129231,Barclays
2017-12-15,201.7257080078125,201.7257080078125,197.93555569113664,200.67842687542085,68863272,Barclays
2017-12-18,203.9698944091797,203.9698944091797,202.17455733141324,202.77300809708044,35226775,Barclays
2017-12-19,203.670654296875,204.61818859129306,202.77299343252824,203.12207700455906,38070571,Barclays
2017-12-20,203.0223388671875,204.76780232919117,202.87271858176132,203.52104271347426,51934903,Barclays
2017-12-21,204.01976013183594,204.76781595102926,201.32676222658694,202.02494461398712,36042132,Barclays
2017-12-22,201.62594604492188,202.57349546753025,201.12724223059436,202.37400176641313,17852431,Barclays
2017-12-27,202.1246795654297,202.92260882947156,201.5262440318244,202.42390494184974,28131455,Barclays
2017-12-28,202.87274169921875,203.02236200169423,201.37662998987574,202.4737846644214,20631269,Barclays
2017-12-29,202.57350158691406,203.32155733100277,201.3267420134329,202.72310664803857,15181039,Barclays
2018-01-02,202.67323303222656,204.11947109226924,202.12465577655985,203.42128877561757,23759135,Barclays
2018-01-03,203.17196655273438,203.7704173225981,202.07482710029794,202.67326265092638,26003107,Barclays
2018-01-04,203.9698944091797,205.41613267043442,202.52365614792495,203.22183856171327,41817624,Barclays
2018-01-05,198.6636962890625,204.56836439269577,198.5440122123796,203.82030847495443,58768373,Barclays
2018-01-08,199.581298828125,202.77300061570926,198.24476086334488,198.4841442046267,55607013,Barclays
2018-01-09,201.27688598632812,201.9750683639864,198.24475791873456,199.83064779991437,38643646,Barclays
2018-01-10,200.67843627929688,202.52364670470348,196.48932677266066,196.48932677266066,85664577,Barclays
2018-01-11,195.5916748046875,200.27948840015648,193.97586382673697,199.4815591198301,124866096,Barclays
2018-01-12,193.99578857421875,198.0452612116933,193.13801738357884,196.66883377993244,62954316,Barclays
2018-01-15,195.03311157226562,199.48155698959704,194.29503955171452,199.48155698959704,38161003,Barclays
2018-01-16,198.88308715820312,199.7308897817993,194.05563759461987,194.99320325763676,75894038,Barclays
2018-01-17,198.0054168701172,200.92781465728535,196.9282145319338,198.30464227837422,53204596,Barclays
2018-01-18,198.7833709716797,199.53142679679695,197.38699096658658,199.16237557399282,36794397,Barclays
2018-01-19,199.980224609375,201.57608286352675,197.78593092434053,199.48152080735662,47896486,Barclays
2018-01-22,208.65771484375,208.65771484375,200.92780416674773,201.22702955938206,92915773,Barclays
2018-01-23,208.65771484375,209.85460119505163,206.9621245778031,209.30603906433032,54340331,Barclays
2018-01-24,207.95953369140625,210.3533064087929,207.95953369140625,208.45823760913146,36895346,Barclays
2018-01-25,209.7548370361328,209.95431552722889,207.01196593067021,207.5605431956094,42719168,Barclays
2018-01-26,209.4556427001953,211.40058490999286,209.1065438746674,209.4556427001953,68123589,Barclays
2018-01-29,207.11170959472656,209.75484921775956,206.96210452252444,209.35587699316358,41036237,Barclays
2018-01-30,201.2270050048828,206.4633954696939,199.5812883750643,205.61559283055476,54603987,Barclays
2018-01-31,199.4217071533203,203.67065867199378,198.62377791274142,202.77299778836405,53613477,Barclays
2018-02-01,196.8284149169922,202.52361909005555,196.58904682991314,201.3267329969631,46811134,Barclays
2018-02-02,195.0530548095703,197.80590990677956,194.81368669275858,197.30720603777604,38872443,Barclays
2018-02-05,193.4172821044922,195.8310066968752,192.39992207985725,193.29759806132301,45753135,Barclays
2018-02-06,188.56991577148438,191.6618860316123,186.65489462647875,188.13105390548066,82124653,Barclays
2018-02-07,192.6991729736328,193.5369918254404,189.62715529777068,190.60462584411388,93588729,Barclays
2018-02-08,193.59681701660156,197.38695363838175,190.84396236045708,192.0408484104525,64720143,Barclays
2018-02-09,192.39993286132812,194.3548585849555,191.12325226520818,192.39993286132812,144212087,Barclays
2018-02-12,192.81887817382812,195.75124424521437,192.0608385252821,194.49451592890597,40766079,Barclays
2018-02-13,192.49966430664062,195.35225061446167,192.3201382461974,193.21779898687754,30184717,Barclays
2018-02-14,195.19265747070312,195.81106051022022,192.22038718771722,194.67400127540122,35424730,Barclays
2018-02-15,197.98544311523438,199.53142820859577,196.4693790375506,196.788556830425,48541201,Barclays
2018-02-16,199.5314178466797,199.6810229172986,197.34709250023906,198.9229985274393,52709789,Barclays
2018-02-19,200.4789581298828,202.07481662060056,199.78077574740672,200.1797327604689,30775951,Barclays
2018-02-20,200.5288543701172,202.17457126023092,199.4815730676647,201.22703683200677,55803915,Barclays
2018-02-21,201.5761260986328,202.07483000761582,199.38181672371908,200.47897141117596,73438598,Barclays
2018-02-22,210.45301818847656,214.44264886503535,207.26131669107616,207.26131669107616,108366042,Barclays
2018-02-23,209.25616455078125,210.15382550482315,207.9595313355375,207.9595313355375,46441488,Barclays
2018-02-26,207.95953369140625,210.85201032651807,207.95953369140625,209.3558985733425,45828616,Barclays
2018-02-27,211.45046997070312,211.7496953777165,208.65772487063902,209.15642880924915,75807825,Barclays
2018-02-28,212.94654846191406,215.24058926436697,210.35328229927444,210.40315572917788,81046305,Barclays
2018-03-01,210.72210693359375,212.21835858045952,209.82436203373786,210.72210693359375,55056984,Barclays
2018-03-02,204.7869873046875,209.97399019409136,203.49023277717166,208.37798228012426,61214079,Barclays
2018-03-05,206.6822509765625,206.6822509765625,203.5900063084563,203.83938161494845,86995443,Barclays
2018-03-06,210.8218994140625,212.31815131843297,208.67726255206796,209.4752666118645,56515338,Barclays
2018-03-07,210.4228973388672,211.61989586126523,209.72464946919015,210.82190699344122,72558950,Barclays
2018-03-08,211.76950073242188,212.7171237966454,210.02387369071434,212.46774850497292,46362521,Barclays
2018-03-09,210.22340393066406,212.61740101883376,209.47527793802826,212.16852846738473,40946591,Barclays
2018-03-12,210.97152709960938,213.61489948327818,210.27327922662727,211.5201558643318,39289664,Barclays
2018-03-13,209.17599487304688,212.81688332064422,209.1261167698025,211.27075344402945,47728134,Barclays
2018-03-14,206.88172912597656,208.8767313941949,206.73211004412394,208.57749323048967,51810247,Barclays
2018-03-15,206.48277282714844,208.47777546315953,204.9865208501401,206.88176726608577,72189652,Barclays
2018-03-16,208.97650146484375,210.07375887344838,205.4353691596129,205.83437877213294,64316443,Barclays
2018-03-19,216.45773315429688,219.5499925733359,213.26573276020852,214.46273100540932,100833219,Barclays
2018-03-20,215.4103546142578,216.85672813231488,215.16097934491492,215.51011081025837,48334830,Barclays
2018-03-21,210.921630859375,215.5101425799691,209.47525712809886,215.01139196775935,47770479,Barclays
2018-03-22,206.48277282714844,210.32315898973468,205.43539339911015,209.12614523159826,40465039,Barclays
2018-03-23,203.8394012451172,205.1361407872265,201.89426149062865,204.58752723663977,51836215,Barclays
2018-03-26,205.38551330566406,207.18101870486723,203.5401450175719,204.43789010684245,49037824,Barclays
2018-03-27,205.6348876953125,208.8269040440829,205.0862741547382,207.58002741430133,43549367,Barclays
2018-03-28,205.48526000976562,205.48526000976562,201.74463027657814,204.53763685482372,52744816,Barclays
2018-03-29,205.98402404785156,207.72965137029098,203.63988984088226,206.58253093238145,64604049,Barclays
2018-04-03,206.33316040039062,209.47528356560971,204.68727403997752,204.78703026327383,56800094,Barclays
2018-04-04,206.88172912597656,207.5799920963805,202.04385775794276,206.48273476059666,40605934,Barclays
2018-04-05,211.6697235107422,211.6697235107422,208.27822596900285,210.82185673563654,50014939,Barclays
2018-04-06,209.02639770507812,211.3705165967957,209.02639770507812,211.3705165967957,39367016,Barclays
2018-04-09,210.67225646972656,210.87175367134614,207.48025558183056,210.72213457529665,40824992,Barclays
2018-04-10,214.21339416503906,214.26327227184072,211.1211341912723,212.16851355146176,47633985,Barclays
2018-04-11,214.0637664794922,215.0612676928716,212.81688996276787,213.4153815583992,57975849,Barclays
2018-04-12,215.4602813720703,216.2582854583215,213.9640294180976,214.01390752736242,35579006,Barclays
2018-04-13,212.81689453125,218.55252663130702,212.26826580798192,216.20839264128023,49698774,Barclays
2018-04-16,213.26576232910156,215.8592563498433,212.86675271160703,214.46276074026395,124872788,Barclays
2018-04-17,211.2209014892578,213.41540131774107,210.9715261628242,213.41540131774107,47065417,Barclays
2018-04-18,213.46524047851562,213.8143719600853,210.57249330795833,211.91911069260013,57783345,Barclays
2018-04-19,213.66476440429688,215.21089438374688,213.01639468097645,213.41538909214884,57974131,Barclays
2018-04-20,214.96151733398438,216.10863767232826,213.81439699564052,214.7620201300108,41349994,Barclays
2018-04-23,215.80938720703125,216.10862538564817,214.11362301801455,214.81188602321444,118217783,Barclays
2018-04-24,214.86175537109375,216.20838809803087,214.06376657655684,216.20838809803087,32704204,Barclays
2018-04-25,212.4677734375,214.9116485385408,211.47027215375587,213.3156556169472,54388956,Barclays
2018-04-26,209.47528076171875,217.10615990120206,206.68227397409666,207.9790287562779,87651927,Barclays
2018-04-27,208.4278564453125,210.12360530896746,206.18347892030053,209.97398622889702,72486645,Barclays
2018-04-30,206.73214721679688,208.92664706229993,206.43289377862325,208.27827729680885,57926034,Barclays
2018-05-01,204.9864959716797,207.7795023672507,204.63736446448567,206.23337246785778,26414858,Barclays
2018-05-02,204.93658447265625,206.23333886150346,203.54008911276412,205.38545689400317,55382600,Barclays
2018-05-03,202.19349670410156,206.0338825359806,201.54512699149592,205.13612229468714,50081359,Barclays
2018-05-04,205.08624267578125,205.08624267578125,200.34811220987314,201.4952324449344,79776275,Barclays
2018-05-08,206.38299560546875,206.6822490145507,203.1909947568027,205.58500680879771,61290361,Barclays
2018-05-09,210.4228973388672,210.6722726652277,206.68226744345952,206.68226744345952,47175088,Barclays
2018-05-10,213.26576232910156,214.06376634343002,210.37299967974351,212.96650892114582,39586132,Barclays
2018-05-11,213.91412353515625,214.1136207256517,211.6697458955974,213.1659976553033,24559430,Barclays
2018-05-14,211.3705291748047,216.25829490365834,211.02141283602683,213.71466342667622,30761349,Barclays
2018-05-15,211.0712432861328,212.76699214765495,210.0737421651599,211.71961292650153,33125052,Barclays
2018-05-16,207.97900390625,211.4203800634443,207.97900390625,210.5725131607313,35591185,Barclays
2018-05-17,208.47776794433594,209.5251473346001,207.33064755826575,208.57752416080365,52548787,Barclays
2018-05-18,206.9814910888672,209.27574680530947,206.1336090130103,208.47774283167826,47992028,Barclays
2018-05-21,208.37799072265625,210.22337399665605,207.6797429397531,208.12861542728655,31741219,Barclays
2018-05-22,210.57252502441406,211.02139755357055,208.07877183947625,209.02639500562032,36993710,Barclays
2018-05-23,208.2782440185547,212.1186143294133,206.98148947410306,211.61986375236728,48188515,Barclays
2018-05-24,204.7869873046875,209.27574243947805,204.53761201942137,208.52761658367965,56732534,Barclays
2018-05-25,205.6847686767578,207.53015220286773,202.54264561409735,206.1336412256147,42638275,Barclays
2018-05-29,198.26332092285156,203.19097898518118,196.62741966359707,203.0413599025839,80551999,Barclays
2018-05-30,198.6823272705078,199.08133697440215,195.76962492506678,198.00403360488332,63534542,Barclays
2018-05-31,196.74717712402344,200.5476549359586,195.7696148154619,199.20102198843466,66922727,Barclays
2018-06-01,201.39549255371094,202.6922471988068,198.1236897320093,198.1236897320093,44908763,Barclays
2018-06-04,204.0388641357422,204.1884832206083,201.74460843695024,202.64235338746636,36941868,Barclays
2018-06-05,197.3057403564453,202.94161604681904,197.3057403564453,202.94161604681904,52802094,Barclays
2018-06-06,200.74710083007812,201.14609519066926,197.22592308658713,197.7845212796784,98506035,Barclays
2018-06-07,200.64739990234375,202.89177804541544,199.74965473338042,200.7471561303012,40826403,Barclays
2018-06-08,198.50271606445312,200.0987238899182,197.38551971902274,199.64983622480332,35815683,Barclays
2018-06-11,199.500244140625,200.94661786651238,199.00149353027342,200.24837005615234,39582247,Barclays
2018-06-12,198.3231964111328,200.9466142239784,198.0837906430659,200.49774172693077,58642308,Barclays
2018-06-13,197.38552856445312,199.64984517170444,197.22592473062258,198.70222214190693,52338989,Barclays
2018-06-14,200.0987548828125,200.74712460071189,195.19103538659104,196.846891098368,53958702,Barclays
2018-06-15,194.0538787841797,200.39798709147883,193.51523482762641,199.4603487390091,76095469,Barclays
2018-06-18,194.47283935546875,196.667338936739,193.0962828380142,194.27332694026757,26562810,Barclays
2018-06-19,192.5177001953125,193.654850768987,190.00399331957914,191.67980297695402,52893403,Barclays
2018-06-20,193.2159881591797,195.88929941117112,193.0364452409535,194.01399219950522,43594187,Barclays
2018-06-21,189.7247314453125,193.7546449496258,188.82698642400536,193.19603147387062,45896670,Barclays
2018-06-22,193.53515625,194.01395248792892,190.00399404104712,190.38304930726392,31857132,Barclays
2018-06-25,189.9840850830078,192.47783808082778,189.82448123818884,192.09878275454784,30477268,Barclays
2018-06-26,188.58758544921875,191.58008922396525,188.44793588189034,190.3830907581989,31013944,Barclays
2018-06-27,187.53021240234375,189.42545846069945,185.55516442712496,189.0065098126627,81278782,Barclays
2018-06-28,189.44541931152344,189.74467270496774,186.113769075471,186.2933119791417,40182754,Barclays
2018-06-29,188.52772521972656,192.6174861937096,188.4080299473412,191.36062495102217,40829966,Barclays
2018-07-02,184.93670654296875,187.1112669579064,184.45791025425186,186.31326299627185,45534173,Barclays
2018-07-03,185.29580688476562,186.41301851521845,183.9591590058116,185.55516692322445,112941066,Barclays
2018-07-04,185.29580688476562,186.3731099459204,184.5776048439958,184.5776048439958,49836923,Barclays
2018-07-05,186.13372802734375,188.56761814408645,185.55517551102173,185.55517551102173,29031826,Barclays
2018-07-06,186.0339813232422,186.83198535964567,184.47788182361896,186.3930823785907,26715611,Barclays
2018-07-09,187.9093017578125,188.50779341176369,185.61504569934436,186.03399442330883,48483437,Barclays
2018-07-10,186.01400756835938,190.90177226686242,185.5551655693961,188.10876604209773,31844390,Barclays
2018-07-11,186.99159240722656,187.7297335964712,183.0813740840799,185.5352338743477,55985713,Barclays
2018-07-12,189.02650451660156,189.9841125030648,185.4155545252078,187.66990208116513,76077919,Barclays
2018-07-13,189.2060089111328,190.72221490557203,188.68731927725742,190.00401286718815,35192127,Barclays
2018-07-16,189.21597290039062,193.27579417955914,188.38804521864245,189.52519578452328,38742128,Barclays
2018-07-17,187.88931274414062,192.298265895566,187.88931274414062,190.76212085827308,48822488,Barclays
2018-07-18,188.42796325683594,189.52522062238737,185.65491124643484,188.46787182685225,43510397,Barclays
2018-07-19,185.0564422607422,189.66489331701263,184.97664033163278,188.16864139270024,49980327,Barclays
2018-07-20,186.3132781982422,186.61253161085475,182.861932472005,184.77713300380026,45066501,Barclays
2018-07-23,186.11378479003906,186.8718802595361,184.4978376379206,186.03398286367184,42342468,Barclays
2018-07-24,188.8668975830078,190.58260108293535,186.77215392890722,187.5302494579157,129353852,Barclays
2018-07-25,187.53021240234375,190.40302052677788,186.79205608685461,188.74716499835213,40256331,Barclays
2018-07-26,188.707275390625,189.86438047041514,188.02898186012374,188.44793055025585,25851699,Barclays
2018-07-27,190.4229736328125,190.96163280619578,189.6249848466543,190.5825774783083,43018685,Barclays
2018-07-30,192.47787475585938,193.35566562829857,189.52526394675493,189.64495924284589,33163761,Barclays
2018-07-31,193.47532653808594,195.62991741860375,191.93916626902723,192.25837393764283,35121549,Barclays
2018-08-01,191.22097778320312,195.27083023657235,189.82448218571733,194.5326890867558,133232332,Barclays
2018-08-02,186.0738983154297,197.0065199955665,184.7172958473932,197.0065199955665,195187405,Barclays
2018-08-03,188.2284698486328,190.46287797396232,186.47287324915544,186.47287324915544,45961471,Barclays
2018-08-06,188.08883666992188,188.94668836927917,186.37313327120728,188.42798344810322,181057065,Barclays
2018-08-07,188.88685607910156,189.76466213694346,186.5327522863405,188.08885195566918,35712022,Barclays
2018-08-08,192.63743591308594,193.11624747043012,188.62749185979095,188.78708049157788,45918718,Barclays
2018-08-09,191.04620361328125,191.26568349842807,188.77160773324164,190.88657911087802,31744420,Barclays
2018-08-10,187.1953582763672,190.10843707182687,185.63905736589444,189.92887091567897,41570399,Barclays
2018-08-13,184.06280517578125,186.9958409296505,184.0029497885809,186.11792132369467,35928796,Barclays
2018-08-14,183.52406311035156,185.08036382760835,182.86562350762625,184.38202571379173,65386513,Barclays
2018-08-15,179.37396240234375,184.82101626973648,178.81529177211198,184.7412040050415,94325775,Barclays
2018-08-16,181.74830627441406,181.98774306019084,179.57347922181344,180.17206357493913,37612805,Barclays
2018-08-17,182.1672821044922,183.7435244375185,181.10978129680282,181.92784537438027,24124066,Barclays
2018-08-20,183.2846221923828,184.5815445013705,182.4067027421212,182.74589335785726,28754161,Barclays
2018-08-21,183.9630126953125,184.90078756942185,182.2670443085292,182.34685655554165,28271396,Barclays
2018-08-22,184.76113891601562,185.4594771208003,183.3245487675265,183.4442747616547,31380373,Barclays
2018-08-23,182.70602416992188,185.22005694838097,182.70602416992188,184.92076479479252,48603130,Barclays
2018-08-24,183.22479248046875,184.5616134868883,181.92786998981848,181.92786998981848,27437058,Barclays
2018-08-28,183.26467895507812,185.10031501247585,182.50648542423036,184.56160136051585,27523590,Barclays
2018-08-29,181.0100555419922,183.5440299666655,179.61336389987662,183.10507017121864,38206958,Barclays
2018-08-30,177.87745666503906,180.95015931705547,177.77768756217944,180.95015931705547,39664086,Barclays
2018-08-31,175.28366088867188,178.45613352446088,174.76488881048252,178.37632126453695,55999433,Barclays
2018-09-03,177.09938049316406,177.37871583092246,175.82241459980165,176.4808391972983,42328205,Barclays
2018-09-04,180.591064453125,180.67087671413137,177.57821629632227,178.2965114227472,46907935,Barclays
2018-09-05,177.5782012939453,180.13213253985523,177.31882288456197,179.812898745432,87522028,Barclays
2018-09-06,175.78245544433594,178.2166758068173,175.52307704703048,177.3188146277651,56094829,Barclays
2018-09-07,174.08651733398438,175.86229835602757,172.0114441258662,175.80244296333916,55377621,Barclays
2018-09-10,176.38104248046875,176.83994390002945,173.088859401222,174.22615734976574,108272589,Barclays
2018-09-11,174.32595825195312,176.38107463692194,173.2884140120291,176.1615947101162,46928387,Barclays
2018-09-12,171.81192016601562,174.32595320404369,171.33306180441173,174.0865164119253,44363997,Barclays
2018-09-13,171.79196166992188,173.9069485903866,171.3330601843253,172.23092150667176,37694060,Barclays
2018-09-14,170.67459106445312,172.01141199354802,170.59477881490014,171.5924091003674,52296269,Barclays
2018-09-17,170.7344512939453,171.3729340858688,168.79904604956243,170.21567926843545,37770697,Barclays
2018-09-18,169.0584259033203,170.81424963243518,168.69927841070256,170.39524676148605,37577249,Barclays
2018-09-19,172.70977783203125,172.98911313892557,167.94110552095063,168.59954526832976,65874933,Barclays
2018-09-20,173.84706115722656,174.82474987090467,173.00905530775782,173.68745186873102,53951833,Barclays
2018-09-21,176.08177185058594,177.33878071906003,174.2062217607651,174.8846183726155,91188368,Barclays
2018-09-24,175.56295776367188,177.19907067745484,175.1040563978339,175.38339163511668,27564081,Barclays
2018-09-25,174.7050323486328,175.96205640642702,174.1064632368264,175.56299510925743,72762296,Barclays
2018-09-26,175.18389892578125,175.6827141103961,173.56772737623987,174.7648807747892,35147625,Barclays
2018-09-27,176.26132202148438,176.83994944821393,173.3881569797014,174.3658304553191,66701076,Barclays
2018-09-28,171.37295532226562,174.76489272044202,170.47509401764023,174.5853265485699,59694245,Barclays
2018-10-01,171.991455078125,173.7273372545067,170.29548663782387,172.29074720820876,51310092,Barclays
2018-10-02,169.87648010253906,171.15344562239633,168.99856059915103,170.99382112675673,54657741,Barclays
2018-10-03,172.11117553710938,172.4902646819212,169.99618904902684,171.19335753091983,61715180,Barclays
2018-10-04,173.88697814941406,176.06180506933612,171.2532345570749,171.69219435957,53882628,Barclays
2018-10-05,172.5301971435547,175.4033774557522,172.5301971435547,174.68508237770283,44503624,Barclays
2018-10-08,168.5995330810547,172.15109477424167,168.16057328119896,172.07128251766505,34660360,Barclays
2018-10-09,167.36245727539062,169.55725616106656,166.7838298621334,169.55725616106656,33198560,Barclays
2018-10-10,171.2332763671875,173.02901408053788,167.10308723779735,167.60190242358183,108893129,Barclays
2018-10-11,167.6018829345703,170.45510607438544,166.92350166764976,168.59951319013322,78297935,Barclays
2018-10-12,164.60897827148438,170.0959442138672,164.54912289682437,167.302576689583,66516750,Barclays
2018-10-15,162.97288513183594,164.66885358393688,162.3344023537757,163.75103554188965,43756978,Barclays
2018-10-16,162.45411682128906,163.61137163997878,160.85791745106272,163.0127873619998,40971219,Barclays
2018-10-17,164.56910705566406,164.74867320942434,162.4142218747554,163.0127909432539,39514446,Barclays
2018-10-18,164.60897827148438,165.78617456680672,163.73105884946204,164.82845812698997,54750514,Barclays
2018-10-19,163.03277587890625,164.58907703660742,162.0950007652572,164.4095108519343,39041376,Barclays
2018-10-22,164.92825317382812,165.70640361205585,163.89070910777068,164.46933652487374,65195405,Barclays
2018-10-23,165.3671875,165.8261041205613,162.8132564533019,162.85317018863583,63482466,Barclays
2018-10-24,170.29551696777344,171.47272882973178,163.73110669535782,168.5995482254171,78197132,Barclays
2018-10-25,171.6522979736328,173.68747267774984,168.51973887496487,169.3577448248328,49989302,Barclays
2018-10-26,167.66175842285156,169.75678829985364,166.06555895608798,169.59716378638785,53724595,Barclays
2018-10-29,172.59005737304688,173.82712453609935,167.3624686522361,168.00095149257214,41751357,Barclays
2018-10-30,169.55728149414062,172.80955134839826,168.75917407307284,172.61002829878953,36174619,Barclays
2018-10-31,172.09124755859375,173.28840101882275,170.93399261723178,171.55253382941194,64958723,Barclays
2018-11-01,175.12400817871094,177.85752055621472,171.37292390190038,172.0513203907345,52198345,Barclays
2018-11-02,175.30360412597656,180.5710910902462,175.30360412597656,178.07701524645827,145881987,Barclays
2018-11-05,174.4855499267578,176.1615769054569,174.3857960208767,175.96205387106298,23418021,Barclays
2018-11-06,172.5501708984375,175.2038563503587,171.57248208825484,174.58533033697873,26906631,Barclays
2018-11-07,174.98434448242188,176.2214115059474,172.6898070236137,172.6898070236137,45259728,Barclays
2018-11-08,178.47605895996094,179.5734584059384,175.72260474455027,175.72260474455027,36094586,Barclays
2018-11-09,176.38104248046875,177.5781958122047,172.9292348976224,176.38104248046875,41871763,Barclays
2018-11-12,170.3354034423828,176.8000435445496,170.21567745461448,176.7800866761498,43030561,Barclays
2018-11-13,175.04421997070312,175.16393073603228,170.4551144797666,171.29312028233159,43385986,Barclays
2018-11-14,173.1686553955078,176.3411121879013,172.1111697980433,174.58528848103848,34710962,Barclays
2018-11-15,166.0455780029297,174.02661984706856,160.09969513108936,172.6099867464494,98099954,Barclays
2018-11-16,164.58905029296875,168.53967316282,163.0527062574122,167.0831261590632,57852586,Barclays
2018-11-19,165.68646240234375,167.40238794692502,164.60901971928348,164.60901971928348,23590867,Barclays
2018-11-20,161.15721130371094,165.52683741332953,160.2992485338459,164.40949621448473,37539709,Barclays
2018-11-21,166.24510192871094,166.52443717699836,161.6360551093391,162.6536269898307,40538141,Barclays
2018-11-22,165.12777709960938,167.18289315145088,164.01042077445445,166.3448873245578,33473310,Barclays
2018-11-23,164.15011596679688,167.10310894825912,162.67362708738244,165.00807880672014,36989462,Barclays
2018-11-26,168.30023193359375,168.8988162146251,166.06554975935543,166.06554975935543,35798057,Barclays
2018-11-27,167.96104431152344,168.59952711892657,164.72871653631523,166.62422331205923,35348177,Barclays
2018-11-28,166.4047393798828,169.67696559120887,165.7662565879809,168.08075100013886,46528217,Barclays
2018-11-29,166.8437042236328,168.59952814906168,165.9857415188211,167.00331350948565,48274071,Barclays
2018-11-30,162.49404907226562,167.16295217098164,161.15721272881797,167.16295217098164,56930709,Barclays
2018-12-03,163.01280212402344,167.1429913927322,162.39427614402877,164.64891537968026,39053819,Barclays
2018-12-04,158.74295043945312,165.12779437688158,158.50352887679355,163.71116098149346,77755231,Barclays
2018-12-05,158.08447265625,160.95763699853936,153.0763652820209,154.71247804034795,69986594,Barclays
2018-12-06,152.95668029785156,156.80751852619068,152.01890540846395,156.647909252195,69360218,Barclays
2018-12-07,153.99424743652344,157.26647431922186,152.95671839529643,153.85457977284608,52239594,Barclays
2018-12-10,152.99661254882812,155.01183040088011,151.8593143991816,153.0365110704678,61971887,Barclays
2018-12-11,153.6749725341797,154.95195338798194,150.80180747536008,151.8393363422,53710603,Barclays
2018-12-12,158.6232452392578,159.10210360405796,151.3205828685489,152.51775161449874,85761698,Barclays
2018-12-13,158.64317321777344,162.87311591127963,158.3837795994983,159.6607451548168,55348886,Barclays
2018-12-14,158.06459045410156,158.6232611394744,155.03178498688536,156.50828919552447,44436672,Barclays
2018-12-17,152.4778289794922,158.00471000342287,151.65977995493768,156.02939082137178,60747200,Barclays
2018-12-18,151.83932495117188,154.73246188493067,151.69965732144763,151.69965732144763,38879220,Barclays
2018-12-19,151.10105895996094,153.1362176298546,150.66209928813777,151.83929547836627,33971431,Barclays
2018-12-20,147.48968505859375,149.94386271320525,147.3899311451551,148.44741700792903,83225321,Barclays
2018-12-21,148.64694213867188,148.64694213867188,145.8136752171117,147.72912391996786,104312937,Barclays
2018-12-24,146.01319885253906,149.06594571061493,145.95334345887218,147.7091676378442,21661736,Barclays
2018-12-27,145.7338409423828,148.88635644963065,144.656398355502,148.3675844138812,28846377,Barclays
2018-12-28,149.7842254638672,150.04360388393906,144.9157843115865,144.9157843115865,23548059,Barclays
2018-12-31,150.16329956054688,150.16329956054688,147.4098305101782,147.7490363419416,11218424,Barclays
2019-01-02,150.32289123535156,150.84166313268804,145.09531942513033,148.08820962705914,30140271,Barclays
2019-01-03,149.90394592285156,153.85456920244093,148.28778946524494,149.06593999836164,43761563,Barclays
2019-01-04,154.7324981689453,156.2089870612065,150.5823515944794,152.6773665316135,34380996,Barclays
2019-01-07,155.0517120361328,156.72773899249822,152.41796843838566,154.79233361714017,41121106,Barclays
2019-01-08,156.94723510742188,158.86268381068982,155.3909187647981,155.73012469868394,23750186,Barclays
2019-01-09,156.44839477539062,158.62322157566595,155.809896754065,158.62322157566595,29908109,Barclays
2019-01-10,158.96243286132812,159.08215886717906,155.07168018040778,156.14912289727016,24283222,Barclays
2019-01-11,156.84744262695312,158.48355576891288,155.17141574688435,158.14436510814056,29964836,Barclays
2019-01-14,158.74295043945312,158.92253183408025,155.63034834381912,155.71016060558313,39430540,Barclays
2019-01-15,158.72299194335938,161.97526134621066,157.36621408265114,160.61848348550242,31620615,Barclays
2019-01-16,161.0175323486328,161.4764490074414,158.20422267831503,159.94010496689822,52890246,Barclays
2019-01-17,159.99996948242188,160.75816311129356,157.42608120666725,159.38142827893756,25949153,Barclays
2019-01-18,165.46694946289062,165.62657395206645,160.23936161210094,161.39661632468193,40871801,Barclays
2019-01-21,164.56910705566406,165.54678052338653,162.79331105134852,165.46696826972723,19081195,Barclays
2019-01-22,162.87313842773438,163.71115955765168,161.55627417666253,162.6935722573014,23556175,Barclays
2019-01-23,162.47409057617188,162.83323813576007,160.4389312202603,162.05508762709104,16472115,Barclays
2019-01-24,162.2745819091797,164.17007378327594,161.11732686771947,163.1724432763551,23991637,Barclays
2019-01-25,163.71115112304688,164.03038492824666,162.61375161816616,163.11256680717892,29903977,Barclays
2019-01-28,159.70066833496094,162.7135162558115,158.72299485380637,162.7135162558115,26265295,Barclays
2019-01-29,160.91778564453125,162.15483759097444,158.9424817261613,159.62086308741962,64362766,Barclays
2019-01-30,161.4564971923828,162.07503837993394,158.82275359569644,160.11967613540045,51379013,Barclays
2019-01-31,157.8051300048828,161.4165615034978,156.28874313539973,160.31916224816186,49242728,Barclays
2019-02-01,158.244140625,159.16195883268415,155.33106147296783,158.68310046837783,48364111,Barclays
2019-02-04,158.02467346191406,159.2218423032863,157.18666745106083,158.1244426062398,35033974,Barclays
2019-02-05,160.13963317871094,161.15720520804183,157.82512338564055,157.96479103021332,35828717,Barclays
2019-02-06,161.19711303710938,161.45649144676727,158.2042220008971,159.44128910934532,42470095,Barclays
2019-02-07,156.04931640625,160.97761210405483,156.04931640625,160.05979413295464,44383164,Barclays
2019-02-08,155.57046508789062,157.66547949907212,154.57283482848143,156.56809534729982,33753322,Barclays
2019-02-11,156.46836853027344,157.54581132841517,155.1714457979195,157.1068514599907,23954410,Barclays
2019-02-12,157.6854705810547,158.2042426908465,156.90732002768345,157.46599065855173,18314982,Barclays
2019-02-13,157.64553833007812,158.68306710503873,156.56809581994804,157.80514760286687,16834071,Barclays
2019-02-14,156.58807373046875,158.98238059298347,156.00944627379081,158.02464871439852,16196805,Barclays
2019-02-15,159.12205505371094,159.56101488258375,156.18901912681758,156.5082681742278,24137384,Barclays
2019-02-18,157.74530029296875,159.76051778849342,157.62558952659538,159.6208501535143,21331507,Barclays
2019-02-19,158.6232452392578,158.68310063202873,156.82750734296604,157.62561476605492,24078775,Barclays
2019-02-20,160.49874877929688,161.01750551438093,157.60561211381173,158.2241531789174,46171558,Barclays
2019-02-21,160.3990020751953,168.24037702097718,159.62085164125466,165.3073414364482,54673325,Barclays
2019-02-22,155.77003479003906,159.94013844019844,155.59046859637954,158.3638803311054,64590604,Barclays
2019-02-25,158.8427276611328,159.3415429055849,154.23367967363816,156.08927299190523,123302392,Barclays
2019-02-26,164.50926208496094,164.9083234154457,157.60566090522343,158.22420216181652,94779694,Barclays
2019-02-27,166.50450134277344,167.96104836937388,163.29213035905232,163.29213035905232,54904955,Barclays
2019-02-28,163.81027221679688,165.7261799634734,161.67483194668313,162.51303873092635,48669408,Barclays
2019-03-01,162.15380859375,165.02767788923703,161.69478188216686,164.96780814996131,37978418,Barclays
2019-03-04,163.3911590576172,164.84804001557825,162.71259987311504,163.0319254249467,56376661,Barclays
2019-03-05,164.20944213867188,165.26718162790016,163.07187124301151,163.6506375199312,153922400,Barclays
2019-03-06,164.96778869628906,166.06543598156185,163.63063202959415,164.62850150326747,82958305,Barclays
2019-03-07,161.9342803955078,165.12746012794153,159.69904696966321,164.56865557805088,53376219,Barclays
2019-03-08,158.4417266845703,160.31772631990395,157.5037268669035,159.67909041391732,48810878,Barclays
2019-03-11,160.65699768066406,160.65699768066406,158.66125857904092,159.5194270017901,29078530,Barclays
2019-03-12,162.51304626464844,165.16738309741544,161.73470918230052,162.49308460897024,51935288,Barclays
2019-03-13,163.55079650878906,164.34909511279687,161.29561703677547,161.7147203779667,106573971,Barclays
2019-03-14,164.62850952148438,166.70407995496893,163.81026443088518,164.56863978635278,45237564,Barclays
2019-03-15,165.5864715576172,165.5864715576172,164.06970561494956,165.14740653003335,69892412,Barclays
2019-03-18,165.86587524414062,165.86587524414062,164.84804405558313,165.64634272844623,41757822,Barclays
2019-03-19,168.2407989501953,169.07900565177272,165.0476044610399,166.18517504926058,37292304,Barclays
2019-03-20,164.08966064453125,168.56011167655902,163.98986760546154,168.08113858684032,50566922,Barclays
2019-03-21,160.23789978027344,163.85018280542403,159.87866612063604,163.43107940689396,40966425,Barclays
2019-03-22,155.10885620117188,161.65487847352426,154.6697911320757,160.1181659579697,54265702,Barclays
2019-03-25,155.2086181640625,156.20648768228048,153.09313965785012,155.0689170405632,33837424,Barclays
2019-03-26,152.973388671875,155.82729588818077,152.474453950327,155.22856813181144,39907078,Barclays
2019-03-27,155.2086181640625,157.48377467377756,153.07317800412721,154.29058003445562,47161776,Barclays
2019-03-28,152.7538604736328,155.64767584950965,152.5941977039387,155.20861084599073,29229204,Barclays
2019-03-29,154.3504638671875,155.06893120402924,152.6540885765319,154.1109849057615,33607623,Barclays
2019-04-01,157.9827117919922,158.24215238914203,154.66977763342285,154.86934849479047,33997748,Barclays
2019-04-02,159.6591339111328,160.79670463119837,157.48378552020876,158.04259005269267,29387265,Barclays
2019-04-03,163.65060424804688,163.8102670284499,160.63703397963278,161.5550721275291,108305713,Barclays
2019-04-04,164.3092041015625,164.9079166970483,162.2535952604606,164.08967158200005,46618350,Barclays
2019-04-05,162.41323852539062,165.46673206418203,161.77460263797843,165.0875367719971,46549562,Barclays
2019-04-08,161.77464294433594,162.97209885457698,160.63707201063448,162.0939685807427,27047782,Barclays
2019-04-09,161.0960693359375,163.5508200050408,160.33767870135142,161.25573212493262,22958172,Barclays
2019-04-10,160.7966766357422,162.55292132153286,160.09817109175037,161.91428550612906,15023648,Barclays
2019-04-11,163.33128356933594,164.52873923187084,161.21580495774512,161.71473974170758,25734878,Barclays
2019-04-12,165.60643005371094,167.3626749042776,162.59285987971418,163.6106910400432,37877028,Barclays
2019-04-15,167.32276916503906,168.16099121076016,165.70622526665178,167.64209474936746,35424658,Barclays
2019-04-16,167.0433807373047,168.9992120377207,166.34487499654298,168.10113540335323,30302038,Barclays
2019-04-17,168.5601348876953,169.71766730466715,167.50239552353494,168.4004720937098,37307158,Barclays
2019-04-18,169.03909301757812,169.63782082866217,166.26501693036482,169.03909301757812,36191982,Barclays
2019-04-23,166.22511291503906,170.09685167519663,163.8901018019936,169.45821576668126,38797261,Barclays
2019-04-24,166.02554321289062,166.74401051829415,163.65060877412444,164.98775033784943,69575842,Barclays
2019-04-25,160.0582733154297,165.14741422495908,158.74109339758573,165.14741422495908,39058951,Barclays
2019-04-26,160.6968994140625,161.3355352922984,157.9228233905114,159.7389532098488,32612328,Barclays
2019-04-29,164.34913635253906,164.36909800987502,161.07612495846948,161.41539700176472,31281940,Barclays
2019-04-30,163.9300079345703,165.0476169546062,162.57290474183492,164.68838330869738,43942256,Barclays
2019-05-01,163.1915740966797,166.7240407132751,163.1915740966797,164.2094052672913,15992214,Barclays
2019-05-02,164.18946838378906,165.78606594223317,162.3933151633929,163.3113534302993,21953392,Barclays
2019-05-03,163.33128356933594,165.6064401923835,162.83234878537348,163.75040218699192,30493616,Barclays
2019-05-07,159.0803680419922,162.55294994815176,158.78100412005324,162.13384654794987,57021032,Barclays
2019-05-08,159.22006225585938,159.45955642825868,156.46594779153148,158.6612577465419,36524855,Barclays
2019-05-09,156.5258026123047,158.6612426272938,156.02686788706163,158.52154151327693,67875683,Barclays
2019-05-10,157.1844024658203,159.41962032367726,156.48589688524,157.60350581416847,32144009,Barclays
2019-05-13,154.76959228515625,158.64131626033108,154.07107133342558,158.18230473772945,27545969,Barclays
2019-05-14,157.30416870117188,157.38400009915054,154.72966321491896,154.8094946128976,22838968,Barclays
2019-05-15,159.6591339111328,161.0561452423426,157.52369360412266,161.0561452423426,33142294,Barclays
2019-05-16,160.33766174316406,160.63702563429717,157.8429880275215,158.96061220599978,21533907,Barclays
2019-05-17,158.4018096923828,159.77885924660774,156.7253810170357,159.060391989499,21583524,Barclays
2019-05-20,156.0269012451172,159.12030329349548,154.6099281496361,158.80097769245498,25184744,Barclays
2019-05-21,156.66551208496094,158.46168023692354,155.8472517832912,156.4659412294718,30334065,Barclays
2019-05-22,152.4944305419922,157.1045829483299,152.0354038536356,156.56572486955122,69987679,Barclays
2019-05-23,149.1814727783203,151.49653705580153,147.3453967676632,151.25704292238947,39043440,Barclays
2019-05-24,148.94198608398438,151.2370888250765,148.56280605332475,150.45875188546043,29139281,Barclays
2019-05-28,150.3390350341797,150.53860590553015,148.14372499676162,148.8222690046095,48841492,Barclays
2019-05-29,150.4387969970703,150.59845976783123,147.68468271970417,148.54285107969417,29141132,Barclays
2019-05-30,150.5784912109375,153.45236004774824,150.33901229205605,151.1173492309791,22478909,Barclays
2019-05-31,149.02183532714844,150.11949792549265,148.1237588203439,149.02183532714844,46562842,Barclays
2019-06-03,149.16151428222656,149.99973615375882,147.1857371251922,147.7245799039184,44774283,Barclays
2019-06-04,153.77171325683594,154.07106195932693,148.76240354263376,148.96197441972174,49006117,Barclays
2019-06-05,152.1750946044922,153.87146966302402,150.73816012743188,153.87146966302402,67049984,Barclays
2019-06-06,150.9178009033203,153.19294232976844,149.2812953996246,153.01331788753228,31278842,Barclays
2019-06-07,150.7381591796875,152.23496337950107,149.87999082940985,151.35683337653427,21154119,Barclays
2019-06-10,152.7538604736328,153.4124579789112,150.37892625984216,151.6561979648355,21160315,Barclays
2019-06-11,151.89569091796875,153.7317670760894,151.19718533893152,152.29483261276727,22900404,Barclays
2019-06-12,150.15940856933594,150.97766892501906,149.30124013043275,150.45877248547077,24086085,Barclays
2019-06-13,149.2014617919922,149.80017439590497,148.4231247485087,149.3611093506002,31869890,Barclays
2019-06-14,148.6825714111328,149.00189699391964,147.50509258374046,148.44307722404267,24241710,Barclays
2019-06-17,150.41888427734375,151.31696091813131,148.94202615628058,148.94202615628058,26511504,Barclays
2019-06-18,151.2770233154297,152.41459394408562,148.98192040462408,150.17936076748083,30884820,Barclays
2019-06-19,152.8935546875,153.53219051116267,150.89781583526926,150.9576855646315,30129518,Barclays
2019-06-20,150.15940856933594,153.19294058762304,150.13946214086656,152.43454996991062,27212037,Barclays
2019-06-21,148.38320922851562,152.31481796168552,148.38320922851562,150.51864960309496,79909331,Barclays
2019-06-24,148.1437225341797,149.540733836692,147.48512496601765,148.68256540049694,58858446,Barclays
2019-06-25,146.5870361328125,147.32546510811497,145.46942706859818,147.1658023200039,27052544,Barclays
2019-06-26,148.98194885253906,148.98194885253906,146.3276118034061,146.34757346071146,40422872,Barclays
2019-06-27,149.68040466308594,151.55640394060563,149.02180722826162,150.1194696196355,21677392,Barclays
2019-06-28,149.4808807373047,150.5186585023579,148.48301105978769,149.68045162755152,27885051,Barclays
2019-07-01,152.19503784179688,152.75384224275425,150.9975976645628,151.4566090398015,93933886,Barclays
2019-07-02,153.452392578125,154.3903924793351,151.7759788854552,153.75175651646816,26919563,Barclays
2019-07-03,154.64981079101562,154.64981079101562,152.6341253646624,153.19292984825657,21486262,Barclays
2019-07-04,155.62774658203125,156.10671971764387,154.0311491616139,154.62987700084076,19335461,Barclays
2019-07-05,156.88504028320312,158.12240391528545,155.00904079533504,155.24853495110966,38847901,Barclays
2019-07-08,156.585693359375,158.66126392211368,155.26851342561253,156.78526423100186,84330908,Barclays
2019-07-09,156.10671997070312,156.88505702719092,154.13094246010192,156.1466280544516,24010608,Barclays
2019-07-10,156.14659118652344,158.6013564801981,155.96698201264078,156.5058247605666,34723823,Barclays
2019-07-11,157.603515625,157.80308648526344,155.72751604070635,156.64555417894263,28734987,Barclays
2019-07-12,156.8650665283203,159.4994411334819,156.84510487697582,158.74106587145675,23590936,Barclays
2019-07-15,156.44598388671875,156.98484196029526,154.3903750886085,156.46594554070177,20102161,Barclays
2019-07-16,157.7432098388672,158.24214458080706,156.0069114554556,156.0069114554556,28751304,Barclays
2019-07-17,155.4481201171875,157.6633917767096,154.76957611942174,157.6434301219867,19276599,Barclays
2019-07-18,155.98696899414062,156.4260187881339,154.1708391786961,154.55003446461976,27047530,Barclays
2019-07-19,155.28848266601562,156.98487338974488,154.43031408830313,156.5458082718989,26541048,Barclays
2019-07-22,156.26634216308594,157.08458709075694,155.04894037021654,155.94701667092724,23556379,Barclays
2019-07-23,159.75894165039062,160.6769799276407,156.82520235880722,157.06468133687414,30747922,Barclays
2019-07-24,159.5792999267578,160.17802775971873,157.86296304696992,159.65913131957134,20769565,Barclays
2019-07-25,159.20008850097656,161.1559193612082,157.52367510044638,160.91642520701257,33082431,Barclays
2019-07-26,159.73895263671875,160.13809434932898,158.04257751870483,158.82091451669098,19674229,Barclays
2019-07-29,160.47738647460938,160.95635958968427,158.6013868700016,158.96062051287797,36762512,Barclays
2019-07-30,157.38400268554688,160.27781858498813,156.96489925898325,159.93854655771509,36105583,Barclays
2019-07-31,153.7517547607422,159.93854343529523,152.29485839812608,156.66553225969216,58800125,Barclays
2019-08-01,155.5478973388672,159.19011480174618,154.05109313884353,155.16870206911835,49978955,Barclays
2019-08-02,152.8336944580078,154.31053703709833,151.43666803884216,153.99122671855878,214718672,Barclays
2019-08-05,146.98619079589844,151.3169410780321,146.2278001774159,150.65834350712294,282344614,Barclays
2019-08-06,146.9263153076172,149.1814949674704,145.5492504816615,147.18575590436043,62402418,Barclays
2019-08-07,147.2256622314453,148.46302591728784,145.66898821697666,148.04392254618324,29807601,Barclays
2019-08-08,145.6387176513672,146.7964852496432,143.2433500674778,146.01799002341036,99598938,Barclays
2019-08-09,143.48289489746094,147.036045735164,143.0437557969326,144.04182828149044,27373127,Barclays
2019-08-12,141.20730590820312,144.7205256926933,141.20730590820312,144.4809827882806,92185786,Barclays
2019-08-13,140.82803344726562,142.38502408409184,139.94972478879853,141.2072906348403,35453739,Barclays
2019-08-14,138.49252319335938,141.70631759660796,137.81384125944427,141.067551858474,40414641,Barclays
2019-08-15,136.93553161621094,139.03148976911586,136.2049479727776,138.4925221392254,46069480,Barclays
2019-08-16,139.5504913330078,139.73013705626522,137.0153788893934,138.29291035270057,41389283,Barclays
2019-08-19,140.32899475097656,141.24721959177626,139.84990900235107,140.02956996542994,40913390,Barclays
2019-08-20,138.21307373046875,141.09651269907732,137.65415557446963,140.28906633087797,113580699,Barclays
2019-08-21,138.91172790527344,140.1892747592076,138.2330458925811,138.2330458925811,87447577,Barclays
2019-08-22,139.0514678955078,140.02957468047597,138.1332277944121,138.27295733512184,30987696,Barclays
2019-08-23,137.77389526367188,140.9278074250108,137.77389526367188,140.28904175443105,28748111,Barclays
2019-08-27,136.4165496826172,137.7739289683368,136.21693821723636,137.47451938495487,57867087,Barclays
2019-08-28,135.89755249023438,137.4944593201189,134.44035996895454,136.7159640043075,65332813,Barclays
2019-08-29,137.27487182617188,137.55434611048284,134.88050928574526,135.238810821737,37868778,Barclays
2019-08-30,136.33670043945312,138.2130662575156,135.53823944717834,137.97353862039688,30570424,Barclays
2019-09-02,137.27487182617188,138.69214804253863,136.95648648543815,137.27487182617188,17558771,Barclays
2019-09-03,137.0552978515625,137.5932450629568,135.79771698560842,137.13513023505567,23726386,Barclays
2019-09-04,137.09523010253906,138.2729482642071,136.55627768926553,137.65414822871213,64499402,Barclays
2019-09-05,139.5504913330078,139.75010276864148,137.07526079714586,137.7339922411757,38887890,Barclays
2019-09-06,139.8299560546875,140.84797898648253,138.39272929288634,139.57044747140972,32240129,Barclays
2019-09-09,140.50863647460938,140.50863647460938,138.1132687173538,139.53052975049064,70595248,Barclays
2019-09-10,147.39529418945312,148.7127567946457,139.77002324217776,139.77002324217776,82448390,Barclays
2019-09-11,148.4133758544922,149.87056838725783,147.4851757511614,148.59303682152955,67572371,Barclays
2019-09-12,148.4133758544922,149.01222543878,130.78342197218885,148.4133758544922,45365639,Barclays
2019-09-13,149.8236541748047,156.9967972396214,148.111948372619,148.71279297436848,55723247,Barclays
2019-09-16,153.18417358398438,156.37800275803482,152.6052896665973,155.06055488659223,58826500,Barclays
2019-09-17,148.9123992919922,152.9935218505547,148.77266976492527,152.46553460544484,77556704,Barclays
2019-09-18,147.71473693847656,149.9494197870891,147.71473693847656,149.71088203223977,46776416,Barclays
2019-09-19,150.18992614746094,150.18992614746094,147.39532046234655,148.11393378792957,27138898,Barclays
2019-09-20,151.24789428710938,152.84481631907968,149.99032846676232,150.70894185821126,81170079,Barclays
2019-09-23,148.97230529785156,150.86865230552309,146.9961258869788,150.3097341068422,21093444,Barclays
2019-09-24,146.75656127929688,149.73082804274134,146.41623040359568,148.71278991467054,28001800,Barclays
2019-09-25,147.83445739746094,147.83445739746094,144.1016769140887,145.49897197801832,45278202,Barclays
2019-09-26,148.85250854492188,149.45135804214647,147.13582289754513,147.39531622400892,36969316,Barclays
2019-09-27,150.6291046142578,150.9484951344135,148.61299383656515,149.2517596474983,28929397,Barclays
2019-09-30,150.11009216308594,151.6870484802564,149.75078546766255,150.84867126739428,27681120,Barclays
2019-10-01,149.3515625,151.70701411784694,149.3116463024739,149.99032826605796,34175644,Barclays
2019-10-02,144.04180908203125,148.97227370588396,144.04180908203125,148.97227370588396,38770652,Barclays
2019-10-03,141.7861785888672,143.56274644151168,139.69023545172487,143.18348924300665,31833504,Barclays
2019-10-04,142.6644744873047,142.82416972993096,140.42878677866676,142.58462686599157,23361466,Barclays
2019-10-07,144.06175231933594,144.06175231933594,140.90784019207416,142.70437338034824,26154335,Barclays
2019-10-08,143.6625518798828,145.79842632842906,142.52474988821567,145.79842632842906,38081192,Barclays
2019-10-09,144.7205047607422,145.47903433760212,142.72435986749056,143.38309133731406,98990874,Barclays
2019-10-10,148.9123992919922,149.31163739030927,144.18154585460067,144.18154585460067,50756258,Barclays
2019-10-11,160.17068481445312,160.37529152271844,149.2527733933888,149.67097214359097,123587863,Barclays
2019-10-14,157.29623413085938,160.375279304823,149.25276202284186,157.6954570442836,42147458,Barclays
2019-10-15,163.7238006591797,167.4565971654497,156.47979508535465,158.87316786413462,112820443,Barclays
2019-10-16,163.943359375,165.7598583692643,159.5119309161983,165.28078790360001,90129526,Barclays
2019-10-17,163.6838836669922,170.05159084402342,160.9102333522098,162.44626833230012,106525171,Barclays
2019-10-18,164.68194580078125,167.496517275477,161.74761051163077,162.66583529099483,69390679,Barclays
2019-10-21,165.30078125,167.59635130519737,165.00137164967902,165.60020607970043,48873819,Barclays
2019-10-22,164.9813690185547,166.50741341721167,164.18290806113595,164.94143759452692,86428355,Barclays
2019-10-23,165.46044921875,169.6124342576727,162.32650234105998,163.34454050229266,33461611,Barclays
2019-10-24,166.07923889160156,166.93758175249346,164.6619779314082,165.4604388858572,41665835,Barclays
2019-10-25,170.03160095214844,171.249250400238,166.8407575332542,167.17711350932174,56669699,Barclays
2019-10-28,170.1713409423828,171.17938856451016,166.84076780293006,169.7721180817757,39259001,Barclays
2019-10-29,171.3889617919922,171.3889617919922,167.03736633014384,170.1713124726649,52268451,Barclays
2019-10-30,168.09536743164062,171.8880459506478,166.35871581136755,171.42892590297413,39146621,Barclays
2019-10-31,167.47657775878906,168.2860040011688,165.67903897509933,167.31688249495355,72593355,Barclays
2019-11-01,166.8577117919922,167.07728890579887,164.40246258033426,167.07728890579887,57642346,Barclays
2019-11-04,167.81588745117188,168.85387601361495,166.41859222684934,166.6780855601162,42592916,Barclays
2019-11-05,168.83395385742188,169.9318245094769,167.59633843011326,169.67233113267372,28883746,Barclays
2019-11-06,167.99559020996094,169.87195637401456,166.59827940847984,168.65430656287768,33001550,Barclays
2019-11-07,169.71224975585938,170.27118317671776,167.59634082257745,167.9556475498686,39115024,Barclays
2019-11-08,166.11917114257812,169.37288165364106,166.11917114257812,169.37288165364106,32194960,Barclays
2019-11-11,171.3091583251953,171.70838122187217,163.6848903943015,165.22091015992038,56510091,Barclays
2019-11-12,172.427001953125,172.427001953125,169.49268155605392,171.66847232542594,51856991,Barclays
2019-11-13,170.55062866210938,170.7512300198931,168.51455229348392,170.41089912539016,23291755,Barclays
2019-11-14,169.7720947265625,172.96592286017864,169.03351578373065,170.15135182315285,37107435,Barclays
2019-11-15,170.410888671875,171.94791348150065,168.17520099213405,171.06960488778523,26795954,Barclays
2019-11-18,169.99169921875,173.05178348423723,169.69227445157017,170.92987448616157,31399697,Barclays
2019-11-19,170.09153747558594,173.0657896784601,169.3529582394339,170.98981198918383,25796847,Barclays
2019-11-20,168.8738555908203,169.0934327482962,166.9375926000113,168.8339393937233,43279995,Barclays
2019-11-21,167.85581970214844,168.1153282896157,165.60018141585942,167.07732439850102,26167704,Barclays
2019-11-22,168.93374633789062,169.83202072801888,166.69807367846622,167.67618046696438,24545024,Barclays
2019-11-25,171.66844177246094,172.18744365134694,168.37480001816076,170.2312151720845,29112403,Barclays
2019-11-26,171.40896606445312,173.68457000580185,170.53065744520387,171.82815466108298,42582224,Barclays
2019-11-27,174.0837860107422,174.70957630841696,171.2891802475917,172.52679550496046,35393262,Barclays
2019-11-28,173.8842010498047,175.8504051935824,173.42508097542807,175.46115750787595,30474291,Barclays
2019-11-29,171.20933532714844,173.88417731798322,171.0895715107776,173.80432969727718,28532134,Barclays
2019-12-02,168.8538818359375,171.94791237710706,168.71415230868718,171.1694171210872,47771495,Barclays
2019-12-03,166.01939392089844,170.1514139078783,164.2827573301868,168.67427071260948,45455357,Barclays
2019-12-04,166.83782958984375,168.8339749109109,164.6221070651088,164.68198898804,29835743,Barclays
2019-12-05,166.83782958984375,168.35488906870106,165.22094152380083,166.53840474580764,49974529,Barclays
2019-12-06,169.07345581054688,169.89188247578244,167.17712437210622,167.89573770716027,20971015,Barclays
2019-12-09,171.3490753173828,171.76827915902723,168.73413030446014,169.17328463046675,36216265,Barclays
2019-12-10,169.8120574951172,171.34908247093125,166.83780565759864,171.34908247093125,51972517,Barclays
2019-12-11,168.35482788085938,170.1912924831149,167.85579173196513,169.17325447514574,56576014,Barclays
2019-12-12,171.52870178222656,172.38704454785926,169.29301440376193,169.672286741643,44604235,Barclays
2019-12-13,182.12826538085938,187.31823933056933,170.4109039876277,184.64341234294582,183046871,Barclays
2019-12-16,192.0890350341797,192.61801222701428,182.966653231602,183.42575804116012,109295227,Barclays
2019-12-17,186.99884033203125,191.37040219724463,185.00269558691107,189.47405555175501,52622212,Barclays
2019-12-18,184.76318359375,186.9190239335947,184.1044672921683,184.8430312244159,41111821,Barclays
2019-12-19,183.0265350341797,185.3520457245832,181.76895397097192,185.32208953935591,44095125,Barclays
2019-12-20,178.0760955810547,183.36888312255934,178.00523328562048,182.9666600224705,90725761,Barclays
2019-12-23,179.1140899658203,180.3017833978467,176.89836789130126,177.53713365507576,87793327,Barclays
2019-12-24,179.65304565429688,180.21196380407653,179.03424559266617,179.65304565429688,26428457,Barclays
2019-12-27,181.150146484375,181.99851414368337,179.01427208816955,181.88872556694201,18054510,Barclays
2019-12-30,179.892578125,181.80887534027028,179.79276479143712,181.01041435989688,36499610,Barclays
2019-12-31,179.29373168945312,180.03231077423865,177.15785728683204,178.01620019046723,13247081,Barclays
2020-01-02,184.84300231933594,185.84107470251743,178.91444992653777,179.73287659084704,34370855,Barclays
2020-01-03,182.94668579101562,184.59349926571036,180.95054086199065,183.80502871967147,27868540,Barclays
2020-01-06,180.63113403320312,182.07833593003582,178.2956483324351,181.56932450172766,26746306,Barclays
2020-01-07,182.7869873046875,183.09638732650689,174.66267819660342,180.21195856432092,25508436,Barclays
2020-01-08,181.68911743164062,182.687189965878,179.87263333860537,180.77089252766766,28272528,Barclays
2020-01-09,182.5075225830078,184.44378550657908,181.5194254086785,183.8649016778244,26927681,Barclays
2020-01-10,180.651123046875,182.23805467162836,180.05227345331105,181.78892509114428,18841487,Barclays
2020-01-13,181.3297882080078,182.2380377565053,179.41349100760053,180.85071771525008,29073687,Barclays
2020-01-14,180.651123046875,181.74900889194967,178.8545894955609,181.52943172293473,29601850,Barclays
2020-01-15,178.15594482421875,181.3577540365181,177.17783801882143,180.4515146661487,48507487,Barclays
2020-01-16,176.45921325683594,178.69488581134993,174.1037616516322,177.65689715809373,40833263,Barclays
2020-01-17,174.90220642089844,178.17588255405317,174.66266357113992,177.67684637242135,39232128,Barclays
2020-01-20,174.66265869140625,175.650755786007,174.37322441507132,175.30142437687408,40252357,Barclays
2020-01-21,174.0638427734375,174.90223527119818,172.16751106218499,172.86615878583706,41543663,Barclays
2020-01-22,174.4231414794922,175.5359977795475,173.36319203677667,175.0219910604698,37906829,Barclays
2020-01-23,171.16944885253906,175.29149351463417,170.73029447709138,174.58285527618375,36096342,Barclays
2020-01-24,173.105712890625,175.65080104753352,173.04583097177195,173.18556052555545,30346248,Barclays
2020-01-27,170.3509979248047,172.08764946496612,169.39285690424293,171.66846086479825,22028619,Barclays
2020-01-28,171.68844604492188,171.98787085881418,168.87387411546445,170.67040776943955,23574278,Barclays
2020-01-29,171.68844604492188,173.26540251733454,170.67040776943955,172.86616435568527,24723987,Barclays
2020-01-30,171.16944885253906,171.6684851465698,168.95372648869233,169.51264470130607,31571302,Barclays
2020-01-31,167.6761474609375,172.5666956701316,167.51645223687711,172.3471185443923,30957886,Barclays
2020-02-03,169.35292053222656,170.7302653421099,167.81589570983076,168.43469573542984,20908923,Barclays
2020-02-04,171.66844177246094,172.50681887955545,169.73417405229804,171.1294894120074,25943981,Barclays
2020-02-05,172.6266326904297,173.20550136000318,170.31109709462245,171.149474370603,45799552,Barclays
2020-02-06,176.37937927246094,177.61699469611392,174.63774757555626,175.06191621863243,44900146,Barclays
2020-02-07,176.8185272216797,176.8185272216797,174.1037688115185,175.82045472469036,28415827,Barclays
2020-02-10,176.55902099609375,178.1160269049783,175.28148940114585,175.38130274393592,24270086,Barclays
2020-02-11,178.6749267578125,179.57318583332946,177.23770005348428,178.83460676877849,53077341,Barclays
2020-02-12,178.9943084716797,180.9505371630616,174.14367578412885,179.31369896389586,37065004,Barclays
2020-02-13,175.98011779785156,180.65108891948185,172.16747424646752,172.70642659535758,66320954,Barclays
2020-02-14,175.5808868408203,177.01811346853003,173.76440307423616,175.82042968856376,45491839,Barclays
2020-02-17,177.35745239257812,179.2338332717424,175.58088483951315,176.07992101125893,44760510,Barclays
2020-02-18,174.7425537109375,179.97245964970026,174.5229765192358,175.660778681063,37375227,Barclays
2020-02-19,176.39932250976562,177.79661778634184,175.2215891514717,175.341352966785,23823522,Barclays
2020-02-20,180.9705047607422,183.64533162871155,176.41928157552783,177.13789496112076,61331728,Barclays
2020-02-21,179.27377319335938,181.62922484494374,177.63693494255514,179.9923865941395,55407380,Barclays
2020-02-24,169.69227600097656,174.30336567776897,167.91570832336492,173.84424566665098,110455869,Barclays
2020-02-25,165.54029846191406,171.58861511955595,165.14107557054,170.87000173158094,58799289,Barclays
2020-02-26,165.6201629638672,166.25892879278646,161.60790701036066,165.48043341470918,79663724,Barclays
2020-02-27,154.1422882080078,163.48424553059542,151.08818941147672,157.5357279309591,86684922,Barclays
2020-02-28,148.45327758789062,153.50352092806915,146.31740350091545,150.13003172149755,135279400,Barclays
2020-03-02,143.02378845214844,152.06632262243224,140.74818443165492,151.88666165798418,121644563,Barclays
2020-03-03,139.29098510742188,146.79649400285825,138.99156033423762,146.27749207796398,127613836,Barclays
2020-03-04,138.27293395996094,141.26715095131837,137.1550978232542,140.0495167191915,111314954,Barclays
2020-03-05,134.42041015625,139.49062078039762,133.75969876737622,138.55244533118156,89049029,Barclays
2020-03-06,130.6876220703125,133.96129881437437,129.09069989933568,132.04500134682925,75493609,Barclays
2020-03-09,117.87236785888672,124.39976331758706,116.91421911467695,123.06234974171801,145382066,Barclays
2020-03-10,116.61476135253906,125.4177661580764,115.55680717414101,119.96828481711886,93758905,Barclays
2020-03-11,117.71266174316406,121.58517992869574,115.67659312560984,117.83242555822198,103760553,Barclays
2020-03-12,97.33201599121094,111.6284100033811,96.81302169957287,109.78796275209294,180121998,Barclays
2020-03-13,102.18264770507812,110.80599247445944,96.45371436578873,104.79760008662247,154975322,Barclays
2020-03-16,88.88833618164062,96.50363438153995,82.879942962573,95.87484382062993,137258666,Barclays
2020-03-17,87.59082794189453,94.6442062875231,80.55441511982353,92.5212999687877,135397275,Barclays
2020-03-18,83.03961944580078,85.33718402708205,80.16517371622275,83.62848611301173,122678276,Barclays
2020-03-19,83.57857513427734,83.80813512160721,72.8992042041508,83.13942848521438,181813611,Barclays
2020-03-20,88.84839630126953,91.06411811304626,83.8181184117124,89.82651054432587,234374785,Barclays
2020-03-23,84.53672790527344,88.56894125165277,79.11719455387674,79.84579074488656,88162933,Barclays
2020-03-24,95.83492279052734,95.83492279052734,86.52291169688047,88.69871015797044,93840271,Barclays
2020-03-25,105.57609558105469,115.5737849477756,97.08249745950232,99.36808413305536,117817465,Barclays
2020-03-26,107.77188110351562,107.77188110351562,96.8130407672353,100.84525492532413,93679670,Barclays
2020-03-27,97.18232727050781,104.35547117892186,95.1662164483171,102.84139682103184,91655178,Barclays
2020-03-30,93.81880187988281,104.35545099695446,88.83842293347821,95.88481136137358,68438334,Barclays
2020-03-31,93.92859649658203,104.35545771619705,89.60095592515412,93.8786898294723,115570307,Barclays
2020-04-01,82.70026397705078,90.29559410866761,82.70026397705078,86.83228231963793,128275526,Barclays
2020-04-02,81.46267700195312,86.75245647604032,80.7540464684593,82.93981997989592,135087059,Barclays
2020-04-03,80.08534240722656,83.14942495079168,79.84580711798569,81.50261127073486,94613738,Barclays
2020-04-06,86.39315032958984,87.35629422013677,82.52462199473581,82.84001478283372,92998962,Barclays
2020-04-07,94.6072769165039,100.08669186694283,89.38935033699835,89.82650955002349,116393334,Barclays
2020-04-08,92.47142028808594,94.33282340148841,90.13393158850333,92.461437430796,83803942,Barclays
2020-04-09,97.39191436767578,98.79919260399596,92.74588819440473,94.27792549065029,99457766,Barclays
2020-04-14,93.36968231201172,99.70744095305011,92.96046894558634,97.80111888647289,65998085,Barclays
2020-04-15,86.8322982788086,93.29481550708115,86.8322982788086,92.65106216340791,215800815,Barclays
2020-04-16,86.91215515136719,90.8445556244575,85.30026258084902,87.64074381234128,85796816,Barclays
2020-04-17,90.53515625,92.72093747832918,88.87835984703383,90.99426868973012,75365406,Barclays
2020-04-20,90.83457946777344,92.01230531083016,88.71866304720187,91.32363285587235,47458721,Barclays
2020-04-21,86.34324645996094,89.54705798744668,86.2733816957362,88.57892652984084,71559831,Barclays
2020-04-22,87.53093719482422,87.85032002452435,84.99584026734112,87.25147817067253,114702624,Barclays
2020-04-23,90.42536926269531,91.6430189618234,87.24152308520739,87.830382220041,122176124,Barclays
2020-04-24,88.439208984375,90.62499029864792,87.3712716638473,89.02806813195782,44627087,Barclays
2020-04-27,90.88446807861328,91.80270045125917,88.66874618659755,91.80270045125917,49340336,Barclays
2020-04-28,97.57157135009766,99.04871441036667,91.00425236366948,91.10405809238674,89985993,Barclays
2020-04-29,109.96763610839844,112.51272420872799,97.61150042845611,98.80918446702918,165145769,Barclays
2020-04-30,105.69586944580078,114.39906205496644,105.17686752982952,111.78410960680522,141310957,Barclays
2020-05-01,102.54195404052734,104.77764165106366,101.55186946962944,102.801454991064,48948301,Barclays
2020-05-04,99.48786926269531,101.80339720833658,98.50975484101478,99.30821590421068,60557969,Barclays
2020-05-05,103.20069885253906,104.23869517464588,100.04678607213498,101.80339581836876,55451254,Barclays
2020-05-06,100.66557312011719,104.02807438479594,100.52584360683004,103.00105865479168,62793019,Barclays
2020-05-07,105.21678924560547,106.11505591714692,100.2064692116334,101.08477017120282,50540060,Barclays
2020-05-11,102.4022445678711,108.49048574623862,101.94313209760097,107.43253125451567,70014920,Barclays
2020-05-12,101.80340576171875,104.5580882850313,101.22452182299914,103.16078511438351,43251895,Barclays
2020-05-13,97.82109069824219,100.88517305764826,97.82109069824219,99.80725289881566,63054163,Barclays
2020-05-14,96.95274353027344,98.32010533550002,91.68292295475594,95.29594745623287,61997276,Barclays
2020-05-15,97.26215362548828,100.90511945679408,95.94469834458376,97.67136696997176,45747626,Barclays
2020-05-18,104.99722290039062,105.15691815383862,98.86905842106692,99.0387365315276,49098546,Barclays
2020-05-19,104.51815032958984,108.03136207530295,102.41121928343716,107.37263820440803,49855725,Barclays
2020-05-20,106.51429748535156,106.5741793981266,101.20455213644917,103.67976765054206,39082367,Barclays
2020-05-21,103.71969604492188,105.65396415162496,102.98112450088384,104.1987742123479,49566772,Barclays
2020-05-22,102.94120025634766,106.39453030045493,100.40609511339717,102.10282298521034,46027977,Barclays
2020-05-26,110.56645965576172,110.6063834656695,106.38553898668678,107.41255481992931,81042993,Barclays
2020-05-27,119.60899353027344,121.16599166227594,110.88384778198115,112.52268096763197,110243263,Barclays
2020-05-28,122.38363647460938,124.69217377973898,118.17176986436063,121.28575077833572,88919715,Barclays
2020-05-29,115.01786041259766,123.04236336436327,114.69847755149353,119.20976903111358,128278561,Barclays
2020-06-01,120.54718780517578,120.56715351815497,116.57486376741724,117.27351142792098,49810343,Barclays
2020-06-02,119.26966094970703,123.04237369277854,119.01015997368688,121.2857640019085,67513905,Barclays
2020-06-03,125.07843780517578,125.07843780517578,120.06811750968424,121.82471952051094,75304789,Barclays
2020-06-04,123.28190612792969,125.12235349912095,120.36753639071314,124.49955573976787,82742905,Barclays
2020-06-05,131.146728515625,132.46419160717073,124.29995774787737,126.15637332181447,120165390,Barclays
2020-06-08,131.54595947265625,134.46032936566354,128.78229950289094,130.24846216763945,76619331,Barclays
2020-06-09,125.03850555419922,132.20467310491543,124.31989222796095,131.48605977867717,91790897,Barclays
2020-06-10,123.76097869873047,130.02887220802575,123.12221296623466,126.03658257258282,61592626,Barclays
2020-06-11,114.77832794189453,120.52722719527083,113.7802555250085,118.9702290469406,76691563,Barclays
2020-06-12,116.8343505859375,121.16598868292573,111.78410677033501,112.28314296127401,69936980,Barclays
2020-06-15,115.87620544433594,118.59096362178153,112.80214058959973,111.98372151681288,45669811,Barclays
2020-06-16,122.44351959228516,126.23619767315586,118.93030817348884,121.22587007322599,73561276,Barclays
2020-06-17,119.14988708496094,124.04044364348768,118.13185653005638,122.66310639516068,52763860,Barclays
2020-06-18,118.41131591796875,120.76676753021243,116.82438436332473,118.63089307728293,58057406,Barclays
2020-06-19,116.33531188964844,120.40744894753986,116.33531188964844,119.88845467060287,95260381,Barclays
2020-06-22,115.0777587890625,118.27158764586005,114.35914539261088,115.61671122171256,76213234,Barclays
2020-06-23,116.67467498779297,118.75066758355521,114.9779471949399,115.8362901409822,41982797,Barclays
2020-06-24,111.6443862915039,117.67274488022868,111.62442057802345,115.93610092717027,44141039,Barclays
2020-06-25,112.4029312133789,113.54073328985628,109.48855363489477,110.78605097142676,68711572,Barclays
2020-06-26,110.76608276367188,115.1775611218232,110.76608276367188,114.01979343614272,34718153,Barclays
2020-06-29,114.279296875,115.13763980131482,109.88777652018456,110.78604325873363,49161840,Barclays
2020-06-30,114.19943237304688,115.72249169932687,112.34301725930044,114.89808756185936,37348805,Barclays
2020-07-01,113.32113647460938,115.85624117844195,112.15937878753361,114.99789834113297,28248870,Barclays
2020-07-02,117.67273712158203,119.3095752433805,113.68044753384176,114.83820755464863,49917085,Barclays
2020-07-03,115.4969482421875,118.15181707103372,114.01979762595124,117.67274654635996,32838722,Barclays
2020-07-06,117.07391357421875,127.75328685104782,115.71653429225123,116.7744887622859,33569883,Barclays
2020-07-07,114.73841094970703,117.06292412254993,114.4389937756615,115.87621296339515,30825878,Barclays
2020-07-08,114.17949676513672,115.47698646043924,113.68046050970753,113.78026623785557,22682955,Barclays
2020-07-09,111.74419403076172,115.7764077667455,111.44477685535061,115.47698297664567,30987302,Barclays
2020-07-10,117.53302001953125,117.83243720145013,110.78604777091914,111.40485546372038,34170193,Barclays
2020-07-13,119.32954406738281,121.40952676405999,116.4750561463837,120.98634805027532,50200490,Barclays
2020-07-14,119.12992858886719,119.9683057942636,116.23551695248187,118.05200851219594,42241323,Barclays
2020-07-15,120.068115234375,121.16599337400883,117.79250371925232,119.26965425208407,60019172,Barclays
2020-07-16,118.3514404296875,121.06619888364139,117.85240417314272,119.58904821380567,33585809,Barclays
2020-07-17,116.17565155029297,118.53110348304682,114.99792558391606,117.5330308883101,39498898,Barclays
2020-07-20,115.99597930908203,117.09385746175789,114.51882875870275,115.25740784123657,25627739,Barclays
2020-07-21,116.41516876220703,120.47233566645421,115.29732488840936,117.11381642415033,37541275,Barclays
2020-07-22,117.19367980957031,118.05202283237092,114.75838790704036,116.51499015467422,43476755,Barclays
2020-07-23,116.23552703857422,117.93225492456935,116.19560322323078,117.77255966319557,28397331,Barclays
2020-07-24,113.38102722167969,115.81632640254253,113.38102722167969,114.87813587587797,33818949,Barclays
2020-07-27,110.78605651855469,152.525459176458,110.66628506751668,113.60062089308714,30918441,Barclays
2020-07-28,111.6443862915039,112.442847307573,110.16723569618264,110.78604336437063,36861631,Barclays
2020-07-29,104.81755065917969,113.2482736764158,103.7995202533116,112.66239962596073,84847529,Barclays
2020-07-30,100.58573913574219,105.15691273169112,98.52971234909032,104.79760604464869,59871200,Barclays
2020-07-31,100.36616516113281,103.65980735848848,100.0467822752738,101.48400906898371,70172778,Barclays
2020-08-03,103.61988830566406,103.8793892919348,99.40802106982912,100.52586502902778,40276909,Barclays
2020-08-04,105.09703826904297,105.85556789349073,103.4402342486508,104.31853531549561,102952484,Barclays
2020-08-05,107.13309478759766,107.39259576073049,105.11699175782822,105.79568133892965,39314509,Barclays
2020-08-06,105.63599395751953,106.7338798430523,104.15885086283954,106.2148778581297,26960922,Barclays
2020-08-07,104.39838409423828,105.37649851453733,102.81145244210632,104.9573098835616,44275008,Barclays
2020-08-10,106.4344482421875,107.27283308175008,105.13695097738132,106.05518344255722,25747440,Barclays
2020-08-11,111.54458618164062,112.0236567236404,106.67398744494605,106.81371698758674,39001421,Barclays
2020-08-12,111.28507995605469,112.72230674375702,110.9457389726742,112.08354097470901,29669867,Barclays
2020-08-13,107.8716812133789,111.46474080988105,107.8716812133789,110.28701491614372,21609203,Barclays
2020-08-14,108.9895248413086,109.229067747813,105.33658308604706,108.11122369486131,31089405,Barclays
2020-08-17,107.73194122314453,110.64631090994595,107.71197551019077,108.4505545957122,24990890,Barclays
2020-08-18,107.91161346435547,110.46667691232967,106.31469119468187,107.09319422775813,25067936,Barclays
2020-08-19,109.9875717163086,109.9875717163086,106.85362509541777,107.2927793732736,18545911,Barclays
2020-08-20,107.37263488769531,108.31081780300111,106.33463863667134,107.77186538650275,24819348,Barclays
2020-08-21,107.79181671142578,108.19104718514643,105.93540148110952,107.19297480818878,34233555,Barclays
2020-08-24,110.18719482421875,110.18719482421875,105.9753280648233,108.53039098003686,26568183,Barclays
2020-08-25,108.92961120605469,112.24321096768088,108.78788664385239,110.82595011628314,28228370,Barclays
2020-08-26,110.18719482421875,110.5265357862195,108.05132049077838,109.16915670884025,27591235,Barclays
2020-08-27,110.32691955566406,111.61343628934516,109.46857671714187,109.54842433344344,20808450,Barclays
2020-08-28,111.74419403076172,112.57758363842349,110.38681484776961,111.06550443926567,37493134,Barclays
2020-09-01,105.69586944580078,110.9457324398045,105.65594563575006,110.20715337589834,60998790,Barclays
2020-09-02,103.30050659179688,107.21294907190283,102.9811236875982,105.83561172530028,47192541,Barclays
2020-09-03,105.35652160644531,108.09124550393385,103.7456343137787,104.05903203679586,29996389,Barclays
2020-09-04,106.67398071289062,108.37070844667474,104.73772533791185,104.83753105997245,30751373,Barclays
2020-09-07,106.73385620117188,108.49045799955321,106.05516671985124,107.392579971893,14729583,Barclays
2020-09-08,104.07899475097656,107.81178361354426,103.40030517462893,106.77379495766064,36782017,Barclays
2020-09-09,104.67781829833984,104.67781829833984,102.16267949567616,102.82140324280992,43584298,Barclays
2020-09-10,104.83753967285156,106.09511319525824,102.36231644308009,103.59993186531038,29812789,Barclays
2020-09-11,102.42218017578125,104.77763136715663,102.38624646688751,104.77763136715663,21647791,Barclays
2020-09-14,103.42027282714844,103.69973190240992,102.003004122383,103.20069566381765,17394692,Barclays
2020-09-15,102.4421615600586,103.38035215380387,102.02297293443625,103.02104544193074,28600393,Barclays
2020-09-16,102.76153564453125,103.20068994686524,100.3462022110709,102.20261752497039,27509156,Barclays
2020-09-17,100.34622192382812,101.12471734748941,98.80918917840133,100.88518205129127,46856482,Barclays
2020-09-18,97.23221588134766,100.00685606343546,97.23221588134766,99.46790364341294,73544325,Barclays
2020-09-21,91.98236083984375,96.48366211620268,88.72864251391124,95.85487921267261,78895072,Barclays
2020-09-22,91.79271697998047,93.92859124010944,91.2238160343328,92.57121220932065,40473692,Barclays
2020-09-23,92.72093963623047,96.01457441912707,92.06820087116601,93.01038158393132,40643007,Barclays
2020-09-24,92.69098663330078,94.86678477232986,90.56508754551481,90.5950284991983,43704705,Barclays
2020-09-25,91.37352752685547,94.44758460590158,90.95433134884608,94.05833699500471,33180100,Barclays
2020-09-28,97.81109619140625,98.25025048855768,92.73091127896414,93.31977034588249,48500179,Barclays
2020-09-29,97.06253051757812,98.09054376126524,96.1243401252327,96.92280100569953,38484870,Barclays
2020-09-30,97.4218521118164,99.34813223814453,95.66424494967875,96.39383871027393,41223431,Barclays
2020-10-01,97.81109619140625,99.71741814977888,96.71321806321585,98.64947336085368,39991603,Barclays
2020-10-02,97.52165222167969,98.11051889086522,96.30400268867155,97.29209983642026,35973115,Barclays
2020-10-05,99.25829315185547,100.4859255050653,97.89093889211448,99.50781124184473,80935616,Barclays
2020-10-06,103.97919464111328,103.97919464111328,99.62759787809624,100.68555230448577,61172964,Barclays
2020-10-07,104.29857635498047,107.25287004419141,103.22065622637017,103.63984484926677,72284882,Barclays
2020-10-08,106.89356231689453,107.57125439146934,104.21872773508241,105.23676594063988,36922959,Barclays
2020-10-09,107.07319641113281,108.78988200609271,106.33462503237824,107.73192779209124,50394313,Barclays
2020-10-12,105.63599395751953,107.79183429854116,105.21680531832838,107.07322085153395,29455602,Barclays
2020-10-13,101.90319061279297,106.23482879250004,101.52392584172439,106.23482879250004,55347707,Barclays
2020-10-14,101.34427642822266,103.48015083973839,100.6256630533784,101.64369359128214,32678409,Barclays
2020-10-15,99.92700958251953,100.57575053877956,97.79113529516805,100.30627434622257,36727928,Barclays
2020-10-16,101.6037826538086,102.4421598913971,98.80917663246929,101.0049330673153,37486411,Barclays
2020-10-19,103.16077423095703,103.87938764945899,100.92509396259787,102.3024312716007,22865749,Barclays
2020-10-20,104.1189193725586,104.99722040155336,102.14273253895958,102.14273253895958,28477306,Barclays
2020-10-21,102.5219955444336,105.79567171500052,102.44214792693491,104.71775172283202,37940575,Barclays
2020-10-22,104.07899475097656,104.71776051522274,100.46597732471322,101.18458309847377,31440511,Barclays
2020-10-23,111.32498931884766,113.08159876307198,106.33462763671187,108.29084850234658,97495567,Barclays
2020-10-26,110.30696868896484,114.15952912506894,106.33464442697883,110.32693440307105,52191345,Barclays
2020-10-27,106.39452362060547,112.78218894202983,106.39452362060547,112.4029241452826,52849727,Barclays
2020-10-28,103.59992980957031,106.3745701750647,100.96501898660522,104.25865370796711,62752208,Barclays
2020-10-29,104.45826721191406,106.59414166495652,101.88323844022,104.23869005258825,44813216,Barclays
2020-10-30,106.3546142578125,107.49241641732863,103.79955082797835,104.01912801923403,37873402,Barclays
2020-11-02,106.83367156982422,106.9334772877835,104.4203332159468,106.81370585741945,44537297,Barclays
2020-11-03,113.1415023803711,113.54073291449873,108.01141019575698,108.01141019575698,57652142,Barclays
2020-11-04,110.167236328125,112.82211274929837,108.31082092760086,111.62442121832451,49682057,Barclays
2020-11-05,109.9476547241211,112.03661487171637,106.5542071805332,110.46664900034617,53515927,Barclays
2020-11-06,110.7261734008789,113.18143101038892,109.78798274796839,110.84593723593001,68836974,Barclays
2020-11-09,128.292236328125,129.37015648824237,111.4447823747013,111.82404719488079,138499150,Barclays
2020-11-10,134.1409149169922,135.73783673503678,127.3739933598566,128.8910599493739,144498633,Barclays
2020-11-11,135.2587890625,136.85569592013044,131.2066171612356,133.8215622300682,92506383,Barclays
2020-11-12,132.1048583984375,133.7017802688431,129.39010035637338,133.22269457009602,68867988,Barclays
2020-11-13,133.90139770507812,135.43842251009352,129.43002235900792,130.96706239339966,45650523,Barclays
2020-11-16,138.51248168945312,138.6122950177705,135.27872174210427,135.85760554171844,71349413,Barclays
2020-11-17,138.13320922851562,139.61036729391174,134.73577918273108,139.61036729391174,79501678,Barclays
2020-11-18,141.32705688476562,141.90592547062616,135.5581996738528,137.29483589018662,52441640,Barclays
2020-11-19,138.67218017578125,139.63032114084956,135.83765824583804,135.83765824583804,37442579,Barclays
2020-11-20,137.49441528320312,139.33087963198207,137.1351086964173,137.91360376289114,30600035,Barclays
2020-11-23,139.9297637939453,140.58849531001087,137.97355018968622,139.01153890611664,63641880,Barclays
2020-11-24,149.9104766845703,149.9703585939674,141.047603818134,141.72628576380347,78845811,Barclays
2020-11-25,143.12356567382812,152.20602994596004,141.44681147370383,152.20602994596004,72137852,Barclays
2020-11-26,140.82803344726562,143.3431651393491,137.59427311967295,142.96390795177444,34544240,Barclays
2020-11-27,139.23110961914062,140.4487592513643,137.4545418402,138.73207338394658,77855252,Barclays
2020-11-30,134.3006134033203,139.77004563436356,134.3006134033203,139.77004563436356,66657521,Barclays
2020-12-01,142.96389770507812,143.20342533703595,133.34248026744416,134.63996221888615,51536659,Barclays
2020-12-02,146.65675354003906,146.65675354003906,141.36696703936815,142.50476890914922,46385964,Barclays
2020-12-03,148.27365112304688,148.27365112304688,144.32129247260386,145.71858790874472,42251461,Barclays
2020-12-04,148.33349609375,149.9104521099985,146.75654007750154,147.41527143163842,92767366,Barclays
2020-12-07,145.97805786132812,148.9323587472524,142.76426364443188,148.71278160974703,201179938,Barclays
2020-12-08,146.07786560058594,146.97612459828844,143.45891566572604,144.50090950491096,37242394,Barclays
2020-12-09,145.61875915527344,149.21182593852015,145.49899533895734,147.11586777673014,31964551,Barclays
2020-12-10,141.48675537109375,145.5189768922714,137.73001807030914,145.11973874546376,143650430,Barclays
2020-12-11,135.7977294921875,142.68443824990243,134.0411275354359,141.48673917595104,82366916,Barclays
2020-12-14,142.08558654785156,144.78037896442666,138.21306078767074,138.27294269458056,60342841,Barclays
2020-12-15,144.4210968017578,144.99998071574922,140.34895891771305,141.40691339765718,48178265,Barclays
2020-12-16,143.92202758789062,149.27169590994347,143.36310951727506,144.72048850135937,41004979,Barclays
2020-12-17,145.2594757080078,147.63489330734876,143.22341435812905,144.70055750331085,39062373,Barclays
2020-12-18,144.7205047607422,145.49900005076017,142.46486651394355,144.54085903045046,61091622,Barclays
2020-12-21,140.98770141601562,145.49899291782862,135.20187865060993,139.7301356774936,62377629,Barclays
2020-12-22,145.69862365722656,146.3972713823128,140.7481924371484,141.10749915710392,59502325,Barclays
2020-12-23,151.52735900878906,151.93756225710607,144.64065031431343,145.2794160408462,82164262,Barclays
2020-12-24,154.302001953125,157.9419600008148,153.0324506694013,154.40180005732404,32838786,Barclays
2020-12-29,148.9922637939453,155.59351382310797,148.51319325105766,154.70123979706463,54336596,Barclays
2020-12-30,148.593017578125,152.78890853354181,148.41335663435447,149.351547087863,22973899,Barclays
2020-12-31,146.3972625732422,148.58104867057523,144.33426066717337,145.03989863439512,16230212,Barclays
2021-01-04,143.24337768554688,148.77269295197058,142.14549178078363,146.73663163603894,45934459,Barclays
2021-01-05,142.92396545410156,144.26137882272423,138.64722154051492,140.38886824448286,36696545,Barclays
2021-01-06,154.7411346435547,155.75917273241467,145.13968324932145,145.71856705556044,88207450,Barclays
2021-01-07,155.81907653808594,157.69545774413868,150.71394535855072,156.7772328556855,60453467,Barclays
2021-01-08,152.62522888183594,157.89504991136334,152.28089268706202,157.03670704211734,35279721,Barclays
2021-01-11,150.9085693359375,154.18224614280115,149.75080150123776,152.1062533724571,97258483,Barclays
2021-01-12,153.94268798828125,154.5614879849117,150.64904611804906,150.64904611804906,27671875,Barclays
2021-01-13,152.06629943847656,154.70120975677173,151.5273470860554,154.70120975677173,45710699,Barclays
2021-01-14,152.56532287597656,154.5015854539664,152.06628675708737,152.6451704825237,29064530,Barclays
2021-01-15,148.51315307617188,153.84285520849974,146.51700858651736,151.58721741776472,44861784,Barclays
2021-01-18,151.02833557128906,151.1680651098576,147.59496379003087,148.13391623040164,18232370,Barclays
2021-01-19,146.576904296875,152.98452688495007,145.35925482509316,152.8847135593121,39908739,Barclays
2021-01-20,146.03794860839844,152.70506437014535,143.75734971095773,145.71855815713215,34274687,Barclays
2021-01-21,144.52088928222656,147.0160703291249,143.6825121055191,146.01799791036555,20750000,Barclays
2021-01-22,142.78419494628906,144.06172604060689,141.68632475271352,143.32316241914398,52565137,Barclays
2021-01-25,136.85568237304688,145.37922918245334,136.3167299789237,143.72242534632736,41080426,Barclays
2021-01-26,139.17124938964844,140.46874684917063,136.496406833008,136.53633826649587,43534642,Barclays
2021-01-27,134.0610809326172,138.87178158139264,132.74361816404698,137.17506168832867,71178352,Barclays
2021-01-28,136.31674194335938,136.8756600987286,129.92906889636592,132.54402916523972,51994502,Barclays
2021-01-29,133.28257751464844,135.57814701024517,132.4042841855131,134.81961749204288,35497911,Barclays
2021-02-01,134.580078125,136.9754610113065,132.82347619187615,134.93938479647716,29645822,Barclays
2021-02-02,139.90977478027344,140.46870808921798,135.41844920311064,136.03726441638395,34967416,Barclays
2021-02-03,141.52667236328125,145.11972394175308,139.09137321900363,141.8660133314179,44305349,Barclays
2021-02-04,145.49900817871094,147.255610300325,139.8299636752898,142.08560204809422,55719232,Barclays
2021-02-05,146.9362335205078,148.8126146792507,145.11973427459668,148.63295371137775,61896323,Barclays
2021-02-08,147.1957244873047,149.43141231598463,146.39726346067778,147.15580828919317,43942144,Barclays
2021-02-09,147.415283203125,148.29359174544268,145.938140387807,146.95617845009565,22036215,Barclays
2021-02-10,147.39529418945312,148.67284060783976,145.97005331107255,146.71661240814038,30458652,Barclays
2021-02-11,145.67864990234375,147.53506512069006,144.0617623061223,145.7185660962393,23145752,Barclays
2021-02-12,145.61875915527344,146.99610396041408,143.702461947334,144.04181814252362,29981925,Barclays
2021-02-15,153.6632537841797,154.60142917192712,147.75465099071306,148.05407579629886,109807959,Barclays
2021-02-16,155.26016235351562,156.17838726555695,152.27892015489292,154.44175078752642,38397229,Barclays
2021-02-17,154.0624542236328,156.4378713774323,152.58531135550908,155.2601380418244,33211246,Barclays
2021-02-18,147.21571350097656,154.94080116997742,144.8003795544522,151.2279697535007,91617217,Barclays
2021-02-19,153.34384155273438,154.18322384499308,145.31934622956618,148.15386816511617,60807468,Barclays
2021-02-22,153.96266174316406,154.4267770401672,148.8645055956931,151.8267871555086,30215704,Barclays
2021-02-23,158.8731689453125,159.6915956832905,153.1043112696038,154.00258563294872,68232394,Barclays
2021-02-24,164.2627716064453,164.94145358696062,157.27924916103711,158.27433668924078,83564176,Barclays
2021-02-25,162.2365264892578,165.49044972379988,162.07683678884322,164.3924973630095,53517314,Barclays
2021-02-26,159.3020477294922,164.41248429178128,157.465471263405,158.8428998053948,81184844,Barclays
2021-03-01,161.03875732421875,163.9732704669034,159.98073889433638,161.69752868896413,47114977,Barclays
2021-03-02,161.9171600341797,163.7337544387019,159.44179409854698,160.38002646158856,31296043,Barclays
2021-03-03,170.02197265625,170.02197265625,111.61822318008522,163.4742225710623,86451554,Barclays
2021-03-04,166.34884643554688,170.8603965483746,165.31077960529757,170.6208543800868,43262872,Barclays
2021-03-05,171.2596893310547,175.8510927264764,164.35260969509594,165.74999002624529,92300565,Barclays
2021-03-08,177.58786010742188,177.84736926088328,172.78783174118215,173.15614618793123,84993372,Barclays
2021-03-09,175.45184326171875,176.6695669187923,171.49924453081044,175.45184326171875,98181786,Barclays
2021-03-10,173.67515563964844,176.27030773558013,172.17795602206527,172.876646130877,42147591,Barclays
2021-03-11,173.93466186523438,174.01451433781406,170.24157258265862,172.93652880344084,101975567,Barclays
2021-03-12,180.26283264160156,180.38260373238978,174.31395303752856,175.69138150279915,83424067,Barclays
2021-03-15,179.9434356689453,182.1992110123369,177.847350047961,181.00145432761838,45420351,Barclays
2021-03-16,182.67831420898438,185.46708904296017,181.04137662396096,181.66021423832908,74878061,Barclays
2021-03-17,180.9814910888672,184.43502289672267,179.74380062975567,182.1193621513256,85698077,Barclays
2021-03-18,183.4568634033203,184.59473450687904,179.69389742204098,182.27905844753727,47424759,Barclays
2021-03-19,182.2590789794922,210.05707192188905,177.24844740999941,179.84358388795954,133130758,Barclays
2021-03-22,180.62213134765625,185.15364788844624,177.9670942509653,179.5640977091283,102678713,Barclays
2021-03-23,180.74195861816406,182.75819191245284,177.36826358568632,178.12685455221478,111007236,Barclays
2021-03-24,183.87608337402344,186.23167813092425,177.60780864012344,178.94530335684357,93725377,Barclays
2021-03-25,181.70016479492188,183.7762837216147,178.90540396120485,182.4587557900487,73354309,Barclays
2021-03-26,182.61842346191406,184.75442750873418,182.35889913014358,183.9359511243829,73107263,Barclays
2021-03-29,180.04322814941406,184.7045072437073,178.58594732687922,180.46244216486375,55454794,Barclays
2021-03-30,188.78689575195312,189.98465243748507,182.0255399957925,182.6184404447972,69548927,Barclays
2021-03-31,185.57289123535156,189.26598040278662,185.57289123535156,187.72886223688062,73896216,Barclays
2021-04-01,183.65650939941406,189.68522724575672,183.51677136017017,185.73262828982655,97180484,Barclays
2021-04-06,185.23355102539062,189.2859691604943,184.65463197318965,184.65463197318965,79645742,Barclays
2021-04-07,187.0102081298828,189.6452787624223,185.69266519846227,186.41132221009136,58139462,Barclays
2021-04-08,187.62904357910156,189.86486705950784,185.83240107076628,188.64714353887513,55098830,Barclays
2021-04-09,185.35333251953125,188.7869131704113,183.56468561990494,188.7869131704113,69012903,Barclays
2021-04-12,187.72885131835938,189.80496972904896,183.65646696242607,184.4150425387105,78525247,Barclays
2021-04-13,186.4712371826172,189.84491677873373,186.27159837395354,186.810598788861,66672523,Barclays
2021-04-14,187.22984313964844,189.12629028610627,164.791811191883,181.79999564076022,63661849,Barclays
2021-04-15,184.29530334472656,189.82495426852762,184.27533641733507,188.52739336383965,58142184,Barclays
2021-04-16,188.82681274414062,189.74510859976328,184.65462369233995,185.07383776714033,62082613,Barclays
2021-04-19,187.32962036132812,189.4057391196843,181.66023143798483,187.70891582813738,41800957,Barclays
2021-04-20,181.4605712890625,188.9655300522491,179.66392895346783,188.20794447129586,57315982,Barclays
2021-04-21,180.40257263183594,185.23353293031371,178.74566811639303,180.8816722305333,62965545,Barclays
2021-04-22,181.9796142578125,182.91784647604499,179.84359503565338,180.5622520077086,42056630,Barclays
2021-04-23,181.64024353027344,182.09939142286652,178.0270068553545,180.40256832731183,83291209,Barclays
2021-04-26,185.7326202392578,186.21171989156983,180.0432642733546,182.0395305933419,40721434,Barclays
2021-04-27,186.15182495117188,187.30966301364748,183.95593515598532,185.27346294097623,52370374,Barclays
2021-04-28,188.60723876953125,189.7451099033216,185.8124630213594,187.7488436875278,68836515,Barclays
2021-04-29,188.36769104003906,190.2242193255346,186.91040992613904,189.4257097520402,54782804,Barclays
2021-04-30,175.17236328125,180.14306197483145,174.29400125833658,178.6658292156339,147740583,Barclays
2021-05-04,170.58091735839844,179.14490001228052,169.34324223113504,177.16860100916938,89771624,Barclays
2021-05-05,176.4300079345703,176.56974596463434,172.94254269205098,173.55539485463902,58059189,Barclays
2021-05-06,176.76937866210938,177.4680687882623,174.912850481016,176.68952618622012,73071388,Barclays
2021-05-07,181.2010498046875,182.55851123161563,178.11982300061246,178.86542234712445,60271635,Barclays
2021-05-10,185.11378479003906,185.85239358996304,182.5385993785093,182.8180754482595,62984368,Barclays
2021-05-11,179.6639404296875,184.0956533971346,178.81552128553804,181.64023950992978,44109066,Barclays
2021-05-12,181.1212615966797,182.798118103086,178.42628970661988,179.86360398657064,36776980,Barclays
2021-05-13,177.86729431152344,178.96524668362875,173.87476238430494,177.86729431152344,48908907,Barclays
2021-05-14,180.3626251220703,181.97961089445977,178.84545873907174,181.97961089445977,35198377,Barclays
2021-05-17,178.88540649414062,181.99957673739664,177.8074209721747,181.04137753807248,29206075,Barclays
2021-05-18,179.9234619140625,182.0594660770102,178.00704824518158,181.32085735178745,33884356,Barclays
2021-05-19,177.74754333496094,180.65211429586194,174.93280069731193,177.44810036048514,32876459,Barclays
2021-05-20,178.54605102539062,180.66208829079048,177.0887700207176,180.4025791717346,28753461,Barclays
2021-05-21,178.685791015625,179.6639571847015,176.4100487763763,178.5460529914712,32681504,Barclays
2021-05-24,179.34451293945312,180.64208876114188,177.82736189068726,179.7637421619352,18683315,Barclays
2021-05-25,179.3046112060547,181.28091027821165,178.60592115330232,179.98334956465763,26189150,Barclays
2021-05-26,178.92532348632812,179.23774266166018,174.79305330488617,178.50610943665157,40727970,Barclays
2021-05-27,183.35702514648438,183.77623916991453,178.22662224502858,178.4062941009561,60136371,Barclays
2021-05-28,182.75816345214844,184.95405306688588,182.3589011029135,184.654610112535,33343363,Barclays
2021-06-01,185.23355102539062,186.45127468169213,183.75631823409,184.65463197318965,28035436,Barclays
2021-06-02,186.0919189453125,186.2516238805748,183.85609554254276,185.8124429237539,24455974,Barclays
2021-06-03,185.9921112060547,186.91039179589416,183.67645042087295,186.91039179589416,20995195,Barclays
2021-06-04,183.61656188964844,186.65087964891848,183.19733260755766,185.55292720592183,17250609,Barclays
2021-06-07,186.6309051513672,187.6789478534689,183.6764399833044,184.19545818047968,31081962,Barclays
2021-06-08,184.81434631347656,187.8286976009942,184.0557553367656,185.91228369141012,49034615,Barclays
2021-06-09,180.16302490234375,184.41506643375058,179.40444922776908,184.17552423667567,31636423,Barclays
2021-06-10,178.7257080078125,181.70014034069797,178.60593691114533,180.50238368311946,30700316,Barclays
2021-06-11,180.06321716308594,180.6621031551692,178.1068846855137,178.40632768155533,24749966,Barclays
2021-06-14,179.06507873535156,182.1393306258007,178.82553652979902,181.2609838216031,21613049,Barclays
2021-06-15,178.88540649414062,179.164882529802,176.74940237569936,179.10499698363193,38862480,Barclays
2021-06-16,176.789306640625,181.36075746744572,175.0525650215148,179.52419645928993,32392516,Barclays
2021-06-17,178.48617553710938,181.5604122079122,177.44810854177334,177.96714203944137,45179342,Barclays
2021-06-18,171.53912353515625,177.4480685696266,171.40936138239385,176.76934549736092,104144773,Barclays
2021-06-21,172.61712646484375,173.1361598983726,167.656404149975,169.6227274126639,38740763,Barclays
2021-06-22,172.2178497314453,173.95460651951748,171.09994571905858,173.51542559170844,22908500,Barclays
2021-06-23,172.4773712158203,174.07437474587906,172.24780490924493,172.25778075551355,19772874,Barclays
2021-06-24,174.07440185546875,174.8529444340579,172.05818401363638,172.87664521381637,23417109,Barclays
2021-06-25,174.51358032226562,176.29025594827078,173.17608567892273,175.71133694660705,18840303,Barclays
2021-06-28,171.1997833251953,174.81302005714116,171.1997833251953,174.51357709901106,20576150,Barclays
2021-06-29,172.87664794921875,176.6695567330509,171.49923464315984,171.8585479340691,24909381,Barclays
2021-06-30,170.800537109375,174.2341175290529,169.0039096514392,173.35575549695773,30481846,Barclays
2021-07-01,174.9727325439453,175.8710462267708,172.61713785820723,172.61713785820723,34588336,Barclays
2021-07-02,172.0382537841797,176.84924830294116,171.77874461272958,176.01081999797438,21799362,Barclays
2021-07-05,177.36822509765625,177.9571198926081,171.99828009459145,172.25778918296842,22592068,Barclays
2021-07-06,171.1997833251953,177.74753363227353,170.08186396352968,177.5279431449982,40959552,Barclays
2021-07-07,172.17796325683594,173.6102818476603,170.10184453891426,171.1997970633978,28770363,Barclays
2021-07-08,167.32704162597656,170.56099853361738,164.91156121662203,170.56099853361738,41982501,Barclays
2021-07-09,173.03634643554688,217.2237008946082,167.1872861439264,168.28523859281316,38170667,Barclays
2021-07-12,172.39755249023438,173.19606202666918,168.24531508501542,172.7369140933708,26113468,Barclays
2021-07-13,169.6826171875,176.2183964909876,169.48299362510443,174.9926922829712,38505222,Barclays
2021-07-14,170.38128662109375,173.29583292367505,168.70443062384138,169.22344877710538,38592489,Barclays
2021-07-15,168.80426025390625,170.94026441865984,167.8260941078832,170.94026441865984,31990226,Barclays
2021-07-16,165.1111602783203,170.50108765717414,163.93337063997694,170.1816777842194,35153358,Barclays
2021-07-19,159.0225830078125,163.72877722105972,156.61707842716677,162.53600077946817,42659558,Barclays
2021-07-20,161.35821533203125,162.6757432245541,156.86661597198292,160.10055776382328,44276931,Barclays
2021-07-21,166.88784790039062,167.56658631442755,160.91901634753205,161.2983117915616,27027116,Barclays
2021-07-22,165.0113525390625,169.98104534450073,164.53223774001538,168.10555565716328,25686515,Barclays
2021-07-23,166.80799865722656,168.24531275685936,165.2109948367587,166.20912793591452,18625582,Barclays
2021-07-26,169.1236572265625,169.6227237244075,162.89530185054855,164.89156784192858,22089394,Barclays
2021-07-27,169.0637664794922,169.82234204995757,166.16917174291305,169.0437995557088,21220583,Barclays
2021-07-28,172.43746948242188,178.30649700485765,172.1579934318585,175.03262164371316,53572257,Barclays
2021-07-29,175.89102172851562,177.408188353546,173.81490298644852,173.81490298644852,32079518,Barclays
2021-07-30,174.1742401123047,176.96901606561156,173.81491155787518,175.09252081133482,27799937,Barclays
2021-08-02,175.5716094970703,178.88541876188575,175.13244371827193,176.52982399240932,30112526,Barclays
2021-08-03,176.03074645996094,178.18671751735184,174.09436589343215,176.17048447866395,25957326,Barclays
2021-08-04,178.506103515625,178.86543200775765,176.07065653898155,177.78744653135968,44421678,Barclays
2021-08-05,179.38450622558594,179.50427734009716,176.03077794653143,176.8093206514633,29177262,Barclays
2021-08-06,182.3189697265625,183.0575783679405,178.60192356646385,179.04509484341074,43064760,Barclays
2021-08-09,184.0357666015625,184.47494755647256,181.79994320852066,182.85796174700357,24985030,Barclays
2021-08-10,185.03390502929688,185.45311907211791,183.19732868845549,184.61469098647586,23847919,Barclays
2021-08-11,186.15182495117188,186.85051508187178,183.80721125132516,185.35331541738515,21471281,Barclays
2021-08-12,183.93569946289062,186.03200958468517,180.84116455921037,184.1752825497035,33481678,Barclays
2021-08-13,184.77423095703125,185.83236292487115,184.17528086145632,184.23517282462706,22421190,Barclays
2021-08-16,182.59808349609375,184.4747798223631,180.32209720897097,182.67794453465154,49644007,Barclays
2021-08-17,181.8992919921875,183.27686805105998,180.04256500359418,181.65970891136035,43163979,Barclays
2021-08-18,182.07899475097656,182.57811481907893,178.82473739044585,181.67970478926892,176161271,Barclays
2021-08-19,178.5851593017578,180.9809448352564,177.5270271647021,178.50531349271702,40544150,Barclays
2021-08-20,179.00442504882812,179.80300495668826,176.60863962944163,178.8846258771008,27386058,Barclays
2021-08-23,180.28216552734375,182.77776574100056,179.2040644072118,181.36025141554077,18508495,Barclays
2021-08-24,181.5000457763672,181.81947472908965,178.72792461753983,181.81947472908965,29212706,Barclays
2021-08-25,184.81417846679688,185.20349151118515,180.541711896405,182.07899500626402,24880568,Barclays
2021-08-26,184.21522521972656,185.70260848345225,182.87758711330596,183.3567381064244,38524901,Barclays
2021-08-27,185.4730224609375,185.4730224609375,183.05728313170192,183.57635704143343,29684420,Barclays
2021-08-31,184.5745849609375,185.31328810468145,179.02437254537733,182.67793489902215,65512687,Barclays
2021-09-01,183.65621948242188,186.45129496327272,183.01734639239334,185.49299294419788,38587321,Barclays
2021-09-02,185.15357971191406,185.43308573680062,182.77477780899386,183.07723836137384,22671065,Barclays
2021-09-03,184.37493896484375,186.5311411843644,183.99561809373282,185.1535650054593,24072521,Barclays
2021-09-06,185.27334594726562,186.4911999385707,184.155306814567,184.834117919984,11792101,Barclays
2021-09-07,185.05374145507812,186.17176541336846,183.65619627528116,184.25514638547043,18954116,Barclays
2021-09-08,182.09893798828125,183.91574208979313,181.08072892884127,183.29682293542234,49061492,Barclays
2021-09-09,181.420166015625,183.04928244713682,177.9862175444528,179.0643187085605,35584853,Barclays
2021-09-10,179.94276428222656,183.3956766017796,179.62333535425324,183.01734577764142,30709605,Barclays
2021-09-13,183.81593322753906,184.29508421534877,181.00090403823,182.23871202606628,1549882,Barclays
2021-09-14,180.62156677246094,183.97565412964803,180.28216879292023,182.83766102088467,27875505,Barclays
2021-09-15,179.5435028076172,182.17885661735232,178.82476856569505,179.94279283893468,49605732,Barclays
2021-09-16,182.3784637451172,183.27688897684726,179.52849251640964,179.68321851379727,28606806,Barclays
2021-09-17,182.39846801757812,184.57462455050063,180.88113850343166,182.67797408177114,74010939,Barclays
2021-09-20,174.61216735839844,179.40172780011034,174.29273842707522,178.68498904833814,47433772,Barclays
2021-09-21,174.71197509765625,177.94626306089705,173.9533029230222,176.16939701809747,39211822,Barclays
2021-09-22,180.90109252929688,181.3403206599104,176.0496444872294,176.0496444872294,26876550,Barclays
2021-09-23,183.63626098632812,184.41488706904386,181.5199815533637,182.53819075073642,39115752,Barclays
2021-09-24,183.4166259765625,185.0736928264302,181.38020781455887,182.2386948373773,29868089,Barclays
2021-09-27,187.44952392578125,187.90872107179047,184.2950815681459,184.63449477690708,43652049,Barclays
2021-09-28,185.99208068847656,188.1682365371002,185.21343948942717,187.26982664640724,33952073,Barclays
2021-09-29,187.44952392578125,188.26808811546962,185.4310792843156,185.6726577742385,26829823,Barclays
2021-09-30,189.26632690429688,191.04319304357176,188.10836474577718,188.66737675832186,53202366,Barclays
2021-10-01,187.5493621826172,188.12834329104808,184.23519760993037,186.43132286926215,33784479,Barclays
2021-10-04,186.9503936767578,190.38434185521646,185.09366659105328,187.7090506244898,23906512,Barclays
2021-10-05,194.25753784179688,194.59693583461467,186.8445964288797,187.42956369017463,42464706,Barclays
2021-10-06,191.56228637695312,194.43722299850378,153.50937520663908,194.11779405829623,36957945,Barclays
2021-10-07,193.39903259277344,194.75663966880325,191.5423054922023,194.35733451000957,40405972,Barclays
2021-10-08,194.81654357910156,195.41547850611207,193.03967740134712,193.5787203588501,31711544,Barclays
2021-10-11,197.3320770263672,198.2704250688865,194.1976040175731,195.096029161913,30434461,Barclays
2021-10-12,197.1125030517578,197.5317620791209,192.78012930513466,195.11602278892275,20730008,Barclays
2021-10-13,192.58047485351562,197.71142826736767,191.0631456634461,196.4336821805517,51152842,Barclays
2021-10-14,194.057861328125,196.0882934276026,193.73343635541832,194.6568114561485,40912565,Barclays
2021-10-15,197.4718780517578,198.51004112814104,194.95630855445353,195.15595354238073,41273237,Barclays
2021-10-18,199.10899353027344,199.94751162802146,197.01268305396704,197.75138627261344,29625968,Barclays
2021-10-19,199.1688690185547,199.9275260110642,198.2824313223256,199.06903891577983,22713720,Barclays
2021-10-20,198.09075927734375,199.9974014411961,195.67502016809985,199.62804226252277,28212917,Barclays
2021-10-21,196.55348205566406,199.64803265458454,195.65507200149287,199.62806358637698,35093906,Barclays
2021-10-22,198.51002502441406,200.74608831083688,196.31389987149853,197.27220182858332,30111945,Barclays
2021-10-25,200.2469482421875,203.53614718395826,198.78552038704098,199.6280290901924,58537731,Barclays
2021-10-26,202.44308471679688,203.06698474659967,199.50825653949505,200.09721451196464,27625285,Barclays
2021-10-27,199.10899353027344,202.14363698342945,198.53001239651323,201.3450417909348,28863498,Barclays
2021-10-28,198.92930603027344,202.0438105830727,196.593427615674,199.69795524996078,29834449,Barclays
2021-10-29,201.8940887451172,202.64276892587782,196.6832734684682,198.1307187715513,36670928,Barclays
2021-11-01,200.4965057373047,202.64271559790825,194.37529441275876,194.51704278370295,60270275,Barclays
2021-11-02,198.11074829101562,200.59635653389233,195.14796918932558,200.09723645531486,38218272,Barclays
2021-11-03,199.1688690185547,199.8157236072852,197.13245068465454,199.00914694688896,28919283,Barclays
2021-11-04,191.1629638671875,200.69017295640535,190.9034269454332,200.59632901163582,52883516,Barclays
2021-11-05,192.04144287109375,194.26251804185563,190.98331076055462,191.36263165576904,35517830,Barclays
2021-11-08,192.101318359375,194.177659498776,189.86126438891154,191.86173526300527,38706089,Barclays
2021-11-09,189.66563415527344,192.64038562602977,189.43604317886974,190.66387433503803,57571077,Barclays
2021-11-10,192.42076110839844,193.65858434751854,190.05094611807317,190.78364791185146,50491006,Barclays
2021-11-11,196.2540283203125,196.95279341003544,190.078909846978,193.07961658137603,29006199,Barclays
2021-11-12,194.9562530517578,196.67322687660646,194.17762715815573,196.2539679517386,35293599,Barclays
2021-11-15,195.65504455566406,197.31212664991187,192.6603244859345,193.03966056898577,24569783,Barclays
2021-11-16,195.4354248046875,197.15239881290393,194.35732378334694,196.89286189796275,32695415,Barclays
2021-11-17,195.35556030273438,197.3879723856959,195.25574544427084,195.95451038124847,59331043,Barclays
2021-11-18,194.99624633789062,196.79308183021033,194.3174502807573,195.55525843951511,22030156,Barclays
2021-11-19,190.62396240234375,196.61340382568764,188.78718878957935,195.73494754271061,53317815,Barclays
2021-11-22,194.3972930908203,194.97627420802434,190.88348348348438,191.20291241218624,25293180,Barclays
2021-11-23,193.43898010253906,195.3755684812472,191.52236079229473,192.48067806338506,32836092,Barclays
2021-11-24,193.0196990966797,195.25576232020396,192.10132006700042,192.66033206489783,44231692,Barclays
2021-11-25,195.1559600830078,195.53529623513825,192.5206065510109,193.71849175065736,18554255,Barclays
2021-11-26,181.3402862548828,188.80711736284758,181.3402862548828,187.05022040565999,62762131,Barclays
2021-11-29,182.95742797851562,186.9903261524195,182.95742797851562,184.07545191650064,37433914,Barclays
2021-11-30,183.8957977294922,186.2246845165878,180.18234323213653,180.98093838149154,66480343,Barclays
2021-12-01,189.34620666503906,189.72554284098317,185.27339977694902,185.39318373485236,40928174,Barclays
2021-12-02,186.91046142578125,187.60922637319717,184.23517032890302,185.9721133969941,29733935,Barclays
2021-12-03,186.33151245117188,189.46598595320856,184.5147080434758,188.5276377630302,17798417,Barclays
2021-12-06,186.73077392578125,188.66736198324782,185.8123949439594,186.67088196226106,29634799,Barclays
2021-12-07,186.39138793945312,187.52938101516835,184.87405876118788,185.4330707658291,46886308,Barclays
2021-12-08,185.5728302001953,187.30977347363157,182.91752308609873,186.391394401036,72018078,Barclays
2021-12-09,182.51821899414062,187.28980552589243,182.0390680038216,185.2733714603295,29267720,Barclays
2021-12-10,182.1788330078125,184.59457241767277,181.67971291738013,181.8793579071658,30767048,Barclays
2021-12-13,177.82647705078125,183.25690521187585,177.48707909869634,182.61803220656674,28555415,Barclays
2021-12-14,179.7631072998047,181.48008176031766,179.06434216632556,179.2839562414101,34426348,Barclays
2021-12-15,176.16941833496094,180.561684157257,176.01968840444664,179.62333597420488,43247637,Barclays
2021-12-16,181.8194580078125,186.0719555094304,176.16941517474194,178.38550949821575,56900237,Barclays
2021-12-17,180.521728515625,182.87757566285993,178.77480841332599,180.9609565784554,74707696,Barclays
2021-12-20,178.2856903076172,180.18234042989457,176.56871609438414,176.56871609438414,36263625,Barclays
2021-12-21,183.93569946289062,183.93569946289062,180.40193651602036,180.80122642877464,27005362,Barclays
2021-12-22,185.512939453125,186.4912257335419,183.85585720533507,183.9157644071051,34376929,Barclays
2021-12-23,187.0701904296875,187.94864660027693,186.65193671925238,187.03026752735855,25626748,Barclays
2021-12-24,187.1101531982422,188.06845529965634,185.91226795550588,187.5693351791881,5005050,Barclays
2021-12-29,188.16827392578125,189.96510929612825,187.3297558302648,189.66563419574769,17383167,Barclays
2021-12-30,187.72900390625,189.02671889694355,187.4095750405642,187.52935896120476,8830898,Barclays
2021-12-31,186.67091369628906,188.2081968717359,185.99211768508655,187.64918480793705,8016884,Barclays
2022-01-04,196.31390380859375,197.15242184584326,189.9650960958249,192.6004493785628,40400336,Barclays
2022-01-05,197.5717010498047,198.84944730337673,195.98949884271954,196.3538467718787,28170350,Barclays
2022-01-06,200.09722900390625,200.69817455220993,194.87643744134488,195.9345695314156,29020547,Barclays
2022-01-07,204.88876342773438,204.88876342773438,199.79773324978936,200.64624335675813,40109355,Barclays
2022-01-10,207.5341033935547,209.4307686559671,204.6891283478379,206.08665834588112,38889136,Barclays
2022-01-11,206.63571166992188,208.63219197591144,205.73730162500092,208.18298695345098,67439259,Barclays
2022-01-12,211.42724609375,211.82653602184,208.63217090131675,208.93164596335146,42752702,Barclays
2022-01-13,216.71795654296875,216.8177714252024,210.92816025562735,211.1278052520315,53562771,Barclays
2022-01-14,215.1207275390625,219.21351777527073,213.09929756099345,216.9175626484206,46476960,Barclays
2022-01-17,214.42198181152344,218.71441739371167,213.77311659136893,217.86590719502328,24158972,Barclays
2022-01-18,209.4307861328125,215.2205820385956,209.4307861328125,214.32215676607953,60762210,Barclays
2022-01-19,206.58578491210938,210.57874529787398,205.9868499934057,209.1313002044213,71653314,Barclays
2022-01-20,205.18824768066406,207.43428781896193,202.5928174280794,205.78718257838278,36605898,Barclays
2022-01-21,198.8893585205078,203.0869598741412,197.71142730847595,201.64449565085465,40878212,Barclays
2022-01-24,190.02500915527344,198.13071487883406,188.827123935979,197.25227384171785,55257456,Barclays
2022-01-25,196.3538360595703,197.07257019198533,191.84178627983957,191.84178627983957,35195382,Barclays
2022-01-26,201.8441619873047,204.8987745106454,198.4102133201459,198.80951853256926,42206968,Barclays
2022-01-27,203.19178771972656,207.434308401926,200.04732207493478,200.4965423327165,27601885,Barclays
2022-01-28,196.53350830078125,201.3150714961967,194.71670407642776,199.52822848708604,82325034,Barclays
2022-01-31,196.8729248046875,199.10898823784947,195.25578062602426,198.37028503883818,27261791,Barclays
2022-02-01,200.74610900878906,200.79600883291562,198.15067841287353,199.74786881527334,37250421,Barclays
2022-02-02,202.6926727294922,205.75925756230401,200.64627730265494,202.9921478315551,25198986,Barclays
2022-02-03,204.09017944335938,209.08137979771854,200.54942483650845,203.44132949006655,53035673,Barclays
2022-02-04,200.2469482421875,207.33444303752813,197.19232107559267,205.88699809729144,46999172,Barclays
2022-02-07,204.63922119140625,204.83886616569376,200.44661580362788,203.6908961395892,37412438,Barclays
2022-02-08,205.83709716796875,207.03498219266442,203.99036219754382,205.03850207419347,25800865,Barclays
2022-02-09,207.63394165039062,208.63218175447903,203.44133625960632,207.08490654675495,30093834,Barclays
2022-02-10,208.28282165527344,208.80092077325344,205.43784608759697,207.43432658362426,26138252,Barclays
2022-02-11,205.7373046875,206.68562980057413,201.3949538645603,205.08843943923316,42198884,Barclays
2022-02-14,195.2158203125,199.55317451656842,193.33912415801277,198.7695524273879,62142328,Barclays
2022-02-15,198.11074829101562,199.54820132249247,192.24109129272523,192.84002624785657,34554049,Barclays
2022-02-16,195.65504455566406,198.94923967875334,193.99796246141622,198.1905675126508,58329765,Barclays
2022-02-17,192.3009796142578,195.6151441844228,190.60397442569888,194.2175988517764,27405293,Barclays
2022-02-18,190.82359313964844,192.8001043966685,189.32623289573772,191.06316103023508,49093183,Barclays
2022-02-21,191.1030731201172,194.79655817197073,189.70552794378477,192.22109707563592,37489573,Barclays
2022-02-22,189.82533264160156,191.7419517206531,184.77424039702805,186.27160048053094,72591504,Barclays
2022-02-23,195.6350860595703,201.99388570888274,191.40255788079185,192.66033489453426,83411502,Barclays
2022-02-24,179.0842742919922,190.72974408324808,177.92632731059143,182.4782998932952,87307925,Barclays
2022-02-25,188.5675506591797,189.9451268850014,179.43365974676388,183.95568622586046,77049862,Barclays
2022-02-28,182.55816650390625,183.5564066702978,178.7049588523574,180.8411921991579,95541358,Barclays
2022-03-01,172.91514587402344,184.85408856270257,172.73545474109793,180.1623632874136,97416901,Barclays
2022-03-02,176.6486053466797,178.24578064372525,169.80067646715952,169.92046042565505,72847106,Barclays
2022-03-03,168.68080139160156,174.6436388010005,168.02181035906258,174.23226836428745,75911976,Barclays
2022-03-04,156.55943298339844,167.90200453717983,156.53945940244964,165.745314856056,74942661,Barclays
2022-03-07,151.3873748779297,154.88200506613953,141.8210806920647,149.76986520899368,77579763,Barclays
2022-03-08,152.02639770507812,157.69769138944915,152.02639770507812,147.6331542653063,92661915,Barclays
2022-03-09,161.5517578125,161.6386147020637,155.48108435895315,158.9757144064129,65108283,Barclays
2022-03-10,157.53793334960938,164.1567609709904,156.25989833921165,162.45038327745922,45299911,Barclays
2022-03-11,160.8528289794922,165.38585651490473,157.41810456339869,158.79597685748095,67505079,Barclays
2022-03-14,169.7391815185547,170.53894748415195,162.96958479211554,164.30752527230035,46588292,Barclays
2022-03-15,167.90199279785156,169.97880324535248,165.0563595090475,167.6823291289078,46163222,Barclays
2022-03-16,174.89125061035156,175.34055711528137,169.91888059868876,171.77602735639218,54098114,Barclays
2022-03-17,171.45652770996094,177.74686453815752,169.63931286021156,176.80830436172673,79041449,Barclays
2022-03-18,170.31829833984375,172.53489363919786,169.27988537391224,172.0955662486406,100515607,Barclays
2022-03-21,168.24147033691406,171.9158167974631,168.24147033691406,170.81751366942785,40472147,Barclays
2022-03-22,172.5948028564453,173.25379395643424,169.57943180362463,169.9388801094932,54227594,Barclays
2022-03-23,169.7391815185547,173.9327347207609,169.7391815185547,173.33366439780494,23109779,Barclays
2022-03-24,168.0817108154297,170.81751229430276,167.2330241190588,169.8190466030118,34082638,Barclays
2022-03-25,167.04335021972656,168.60595181055663,166.0648578913164,168.60095460567194,29250194,Barclays
2022-03-28,160.2338104248047,166.38436429624372,159.52490813638883,163.76838839832504,55348037,Barclays
2022-03-29,156.19996643066406,157.15848490878216,150.4687681990617,151.0678536744179,164239206,Barclays
2022-03-30,151.20765686035156,154.46264974736636,151.16770969821144,153.62394216696427,91045185,Barclays
2022-03-31,148.07247924804688,152.42579068845484,147.25372998978656,150.7683338256685,112418700,Barclays
2022-04-01,146.81439208984375,151.5271514853939,146.21532180182635,149.76985731101396,86209995,Barclays
2022-04-04,146.0755615234375,149.80981416993419,142.34129364156053,149.33055481267832,71652092,Barclays
2022-04-05,146.77444458007812,148.17229033907128,145.19686708899948,145.57628889588742,144775164,Barclays
2022-04-06,143.12008666992188,147.9316936897657,141.3088743079505,146.69459612596535,63265141,Barclays
2022-04-07,140.36431884765625,144.94727304519228,139.84511238477992,143.2199315404084,83235307,Barclays
2022-04-08,144.37815856933594,144.73760686126192,142.31132708191683,143.17998743933012,53486518,Barclays
2022-04-11,144.71763610839844,147.04406326059052,144.03867143909844,145.19689542854138,50447161,Barclays
2022-04-12,143.04019165039062,145.93575134091125,142.1805202337096,143.938819927605,38599477,Barclays
2022-04-13,144.03868103027344,144.03868103027344,141.60243710335232,142.22148106789834,38615655,Barclays
2022-04-14,145.63623046875,146.05957596985363,142.44114277436245,143.37970311732815,43283321,Barclays
2022-04-19,145.47645568847656,146.85434328895244,144.00870982763354,145.8758511268498,36566254,Barclays
2022-04-20,148.65159606933594,149.82977842325968,145.57631951730238,146.7545018712261,72095874,Barclays
2022-04-21,149.8297576904297,150.74235678568667,147.73298890103501,148.651575499538,54347891,Barclays
2022-04-22,146.47494506835938,150.0894020008645,146.07556480091534,147.81288572321557,78958551,Barclays
2022-04-25,143.9587860107422,146.4749239926683,142.92038832357022,144.19842327795652,41592916,Barclays
2022-04-26,142.76063537597656,147.8927489626677,142.5409716818265,147.2737050439061,43814852,Barclays
2022-04-27,141.70228576660156,145.03715838242397,140.7437669866123,144.91734734377061,111171869,Barclays
2022-04-28,146.0755615234375,148.09246687015224,142.1216299287807,144.65774179982782,61052856,Barclays
2022-04-29,147.97262573242188,149.23070236742439,147.09398620498982,149.23070236742439,73893935,Barclays
2022-05-03,150.76832580566406,152.34590349333294,148.63160974472078,149.370479872478,117982240,Barclays
2022-05-04,150.32899475097656,153.2964349608287,149.82976189633843,152.8651061843498,44075562,Barclays
2022-05-05,149.59014892578125,154.2030559063614,149.29060614780286,153.74375494874405,75893157,Barclays
2022-05-06,148.4119415283203,150.24911476589207,147.05402756242432,149.98951916777136,51130102,Barclays
2022-05-09,145.75604248046875,148.2522071390928,145.55635235485482,147.1738621783216,33883551,Barclays
2022-05-10,143.4196319580078,149.03100507648278,143.4196319580078,148.9710995640318,38652634,Barclays
2022-05-11,147.0740203857422,148.0325390545075,143.49951087200836,144.2783130036475,120851388,Barclays
2022-05-12,145.71607971191406,146.97414094888296,141.98181268815068,142.4411135917038,40307444,Barclays
2022-05-13,150.1293182373047,150.3140319725701,146.77447254123277,147.33361095134825,40300228,Barclays
2022-05-16,151.46726989746094,152.74830636604682,148.71150957252792,150.36896657831335,48063820,Barclays
2022-05-17,155.62083435058594,156.83896348654812,151.9464733666776,152.14617865614642,50124597,Barclays
2022-05-18,154.96188354492188,156.97878865435771,154.0832440325504,156.7790985486087,30534183,Barclays
2022-05-19,153.0447998046875,155.44610825744905,150.9679896118227,155.04173092451418,30700867,Barclays
2022-05-20,152.48568725585938,156.83899844097806,152.48568725585938,155.42117893493463,56300727,Barclays
2022-05-23,157.49798583984375,157.49798583984375,153.17462750761965,155.00182157657653,70822987,Barclays
2022-05-24,162.53024291992188,164.09784135772077,156.96879697911098,157.1984398206627,74921425,Barclays
2022-05-25,163.62857055664062,164.5271836296433,161.76942783390535,164.28754636699946,108468680,Barclays
2022-05-26,167.4227294921875,168.50508123391575,163.06943345217653,163.56866632671483,51023672,Barclays
2022-05-27,170.1186065673828,170.817529574917,166.17465449949498,167.12320919048304,52394921,Barclays
2022-05-30,170.95733642578125,173.07407930562076,169.85901781715836,170.27837167625594,105182657,Barclays
2022-05-31,168.8006134033203,171.35668322730015,168.66082881092697,169.87895821694516,68320374,Barclays
2022-06-01,167.5425567626953,171.8369528565455,167.22304040806293,170.91736065507425,37314104,Barclays
2022-06-06,171.09710693359375,172.43105583309526,167.8221401975729,168.0817358312086,36572161,Barclays
2022-06-07,168.74072265625,170.61784326289532,167.3638404919022,168.9204391898841,44760521,Barclays
2022-06-08,168.30140686035156,169.39871989109238,167.12322443097736,168.28143327677802,42131882,Barclays
2022-06-09,165.6654510498047,169.3797452092471,165.16621812767943,166.96345969440634,41256650,Barclays
2022-06-10,159.5548553466797,165.50570363405072,159.23533894273405,164.66699592676443,54031382,Barclays
2022-06-13,155.8405303955078,158.97071492267833,154.92194376730848,157.77755631741022,59237518,Barclays
2022-06-14,156.51951599121094,159.09555995653213,154.0233511297037,157.41814448258228,63205077,Barclays
2022-06-15,160.51336669921875,163.15931037818922,156.91889873257014,157.5978482066311,52138059,Barclays
2022-06-16,153.40426635742188,160.05405143801505,153.22454984812987,159.97417235542622,60187717,Barclays
2022-06-17,155.6807861328125,158.77603621541513,153.5240963424331,154.84207851501353,62981976,Barclays
2022-06-20,159.87432861328125,161.00259976915507,155.78062824099777,156.61933580190916,28154520,Barclays
2022-06-21,160.17385864257812,162.29060095712256,158.41656457346357,160.2537377232711,40945612,Barclays
2022-06-22,161.09243774414062,162.55719727488767,157.41809161498455,157.41809161498455,43468134,Barclays
2022-06-23,153.84364318847656,160.17391397528615,153.80369601664177,159.11554245239532,42518920,Barclays
2022-06-24,158.69615173339844,159.35514279730836,152.72533070178014,154.84207325635055,55663456,Barclays
2022-06-27,158.3966064453125,161.03255542379753,157.09859791934662,158.3367009377935,46256489,Barclays
2022-06-28,159.77452087402344,162.3904967105705,159.25531432942526,159.49495163509692,95098056,Barclays
2022-06-29,156.51951599121094,159.33519726797405,156.51951599121094,157.6378082092254,48146770,Barclays
2022-06-30,152.88507080078125,154.6823121982813,149.88967355007392,154.16310574225278,49777626,Barclays
2022-07-01,152.9649658203125,156.47956989309358,151.40736152538108,151.62702523214114,39156126,Barclays
2022-07-04,155.28138732910156,156.79904419821057,153.6838361417079,153.78368880418648,28079764,Barclays
2022-07-05,147.2537384033203,156.79807913436673,146.9541956030523,156.2599045818685,67023196,Barclays
2022-07-06,146.63465881347656,150.38888398955606,145.75600420902936,148.61161643810678,62994202,Barclays
2022-07-07,150.78829956054688,152.26602458239145,148.7713945100087,148.8313000164462,56736408,Barclays
2022-07-08,151.72686767578125,153.08478175533466,148.93116042547962,150.96802392712036,42802419,Barclays
2022-07-11,150.76832580566406,152.16617173885015,149.29060078552763,149.63007547853312,27895710,Barclays
2022-07-12,151.90658569335938,151.9864647853371,146.71456659784002,149.4104212017271,42389480,Barclays
2022-07-13,148.99105834960938,151.56710177681876,147.7929025134459,150.12930867927136,42491244,Barclays
2022-07-14,145.3166961669922,150.90911590434533,144.9572478934751,148.49182512228953,71086571,Barclays
2022-07-15,150.0693817138672,151.28751095647294,144.93726917393218,145.37659647262618,53102595,Barclays
2022-07-18,153.98336791992188,156.1011156771218,151.22760831520705,151.22760831520705,43856613,Barclays
2022-07-19,157.97726440429688,159.3551521212056,152.82517707926195,152.82517707926195,38552890,Barclays
2022-07-20,157.3981475830078,159.47495826839767,155.66081161200637,158.29676070588985,65043186,Barclays
2022-07-21,158.7161407470703,160.53334070061115,156.47957172271697,157.61782220042804,77532446,Barclays
2022-07-22,157.59783935546875,159.62671955996674,156.51949445542323,158.25683044472643,54866757,Barclays
2022-07-25,160.47341918945312,161.64162230785797,155.9813135404018,156.63931430309185,55314543,Barclays
2022-07-26,156.63931274414062,160.87279780076386,156.4995281476555,160.3735649225486,50305161,Barclays
2022-07-27,157.41810607910156,158.97071293120445,155.46110660153877,157.21841598597334,118779130,Barclays
2022-07-28,150.10934448242188,157.3182687660583,149.07094675560106,155.86051723213413,87466863,Barclays
2022-07-29,156.93885803222656,157.73763377478653,152.30597700783485,153.1646582648953,72309405,Barclays
2022-08-01,159.5548553466797,161.83135640095998,157.6118415404428,159.75454548145538,59578386,Barclays
2022-08-02,159.77452087402344,161.27221975486444,158.37665944401,158.9957186748166,76480735,Barclays
2022-08-03,163.06942749023438,163.42886052079768,158.53638462334615,158.6561956335339,40177324,Barclays
2022-08-04,162.23074340820312,165.4458049883743,160.87282910579927,162.8697610072531,63556077,Barclays
2022-08-05,163.74839782714844,165.1761966659517,160.7729738886346,161.65161346813673,43242514,Barclays
2022-08-08,165.7453155517578,166.66390221934142,164.4872541835108,165.24608267358985,57175243,Barclays
2022-08-09,165.6055450439453,167.4427185354075,164.3874154987546,164.88664841939408,47518114,Barclays
2022-08-10,169.49954223632812,169.83903217422352,165.16620448666072,165.74531645674296,82316178,Barclays
2022-08-11,168.7431182861328,169.90149584629847,167.2651972278451,168.78307074677255,47289799,Barclays
2022-08-12,171.3594512939453,172.67958904818997,168.86295588020718,169.66182222268435,50918564,Barclays
2022-08-15,171.31951904296875,172.05848725806635,170.48070014198265,171.97859756691523,43128335,Barclays
2022-08-16,170.26100158691406,171.9586155640543,169.64187554802058,171.8188124185816,26647334,Barclays
2022-08-17,168.44351196289062,173.11695876596488,168.30370884521815,171.09978643606462,20688108,Barclays
2022-08-18,168.2637939453125,169.22245490607372,167.2252585387703,168.3636598586373,25224763,Barclays
2022-08-19,165.0482940673828,168.98277305079432,164.6798080742615,167.80441935993503,53335326,Barclays
2022-08-22,162.85137939453125,164.56298104208452,161.5531988216908,163.77008781476047,36166208,Barclays
2022-08-23,163.37066650390625,164.9085009793394,161.93867100064412,162.07248583704,30777856,Barclays
2022-08-24,162.39202880859375,163.7501229232613,160.41480870724206,162.57178440184325,31788791,Barclays
2022-08-25,163.9298858642578,164.92848407458482,162.8513979686167,163.7701064936296,27147208,Barclays
2022-08-26,161.87277221679688,166.4663147348167,161.81284352615825,165.16813404416362,30454502,Barclays
2022-08-30,164.46913146972656,167.84439848697068,161.01399000006276,161.49331290158253,49358851,Barclays
2022-08-31,164.26939392089844,166.72595204812217,163.90989798124127,165.4277714195047,52657111,Barclays
2022-09-01,161.1737518310547,163.83002683922774,160.23508227328085,163.6303102362418,34587713,Barclays
2022-09-02,168.4036102294922,169.21446848284785,161.20971359447339,161.7329811558468,51300909,Barclays
2022-09-05,166.2666015625,166.88572757523337,163.5703894495069,163.73016881969596,26400585,Barclays
2022-09-06,167.64466857910156,171.4093727747266,166.346487887983,167.14536948539435,37590573,Barclays
2022-09-07,163.86996459960938,166.46631068027855,163.37066551824236,165.7872712435708,46181307,Barclays
2022-09-08,166.02691650390625,167.06546707263007,162.6316890203507,164.04969650994852,44118012,Barclays
2022-09-09,168.60330200195312,169.761679471795,165.1082086010632,165.76728701363513,41608887,Barclays
2022-09-12,173.71615600585938,175.0143215239863,170.29894052716628,172.79944355572613,49161895,Barclays
2022-09-13,171.69894409179688,175.57350924237576,171.35942442573898,174.0756122289948,44341919,Barclays
2022-09-14,169.66180419921875,172.51779525863427,168.84296171394703,170.18107945658443,42259194,Barclays
2022-09-15,171.99856567382812,172.397998873314,169.40220416497044,169.46211762115334,41696437,Barclays
2022-09-16,170.9001007080078,173.1968796876501,170.36086436752126,171.47928951069323,127232166,Barclays
2022-09-20,170.68038940429688,174.1355456153366,170.06126344382426,170.9000822104126,41957108,Barclays
2022-09-21,167.56475830078125,172.17827648363567,164.78865689996266,168.88289982271226,59874890,Barclays
2022-09-22,166.02691650390625,170.4676885218396,164.48908211691645,164.8885152664884,65411705,Barclays
2022-09-23,161.63308715820312,167.18529009035922,160.39482004342827,165.14815669497872,51682595,Barclays
2022-09-26,157.37608337402344,161.7529349720865,156.46036137290665,160.2750138769516,52779101,Barclays
2022-09-27,155.6215057373047,162.01254195958947,155.3019623067582,160.79425120350191,55358565,Barclays
2022-09-28,150.8682098388672,154.12363431179557,146.2946284982829,153.2848155255046,84832724,Barclays
2022-09-29,144.4571990966797,150.32894533130562,142.5199164212219,150.04933909334235,68587663,Barclays
2022-09-30,144.09771728515625,147.412064816237,141.4813797490702,143.83807201207213,75103787,Barclays
2022-10-03,144.87661743164062,145.9151527745199,141.06196528998038,143.25889334926015,52847044,Barclays
2022-10-04,150.52870178222656,150.84824529048208,145.8752304010705,146.2946398266932,43680699,Barclays
2022-10-05,147.41305541992188,151.15481198766562,145.39589810878894,149.60998356059923,36822485,Barclays
2022-10-06,144.59703063964844,148.99085687483714,143.917975901541,148.35175459994787,37789764,Barclays
2022-10-07,143.2788543701172,145.8552393550198,142.4000983836235,144.59701120595494,32681532,Barclays
2022-10-10,143.03919982910156,144.95650638611914,142.08053893189376,142.08053893189376,27915059,Barclays
2022-10-11,139.96351623535156,142.19538364431003,139.36435126805338,141.84087034058288,52106881,Barclays
2022-10-12,135.4897918701172,138.18601910865786,131.87487138459946,137.8065469295509,65690001,Barclays
2022-10-13,142.3401641845703,143.59840752230642,134.27150507500585,135.1303000367156,65181658,Barclays
2022-10-14,142.61981201171875,148.6713150804457,142.34019047814888,144.79674892295304,51791492,Barclays
2022-10-17,145.1961669921875,147.05356018725493,142.42006531446503,142.57984467772644,30616486,Barclays
2022-10-18,147.293212890625,149.94948736989903,146.87380353664443,147.53288190892692,30635600,Barclays
2022-10-19,144.09771728515625,147.0735355303151,143.01922944574193,145.3958979383808,28614081,Barclays
2022-10-20,145.13624572753906,148.2918194137912,142.00064826996896,143.39869476715052,69905432,Barclays
2022-10-21,144.83668518066406,145.99506282127732,141.70108724824559,143.53851963030118,25886257,Barclays
2022-10-24,148.73121643066406,150.62854689127104,145.23612277567292,145.6755084159985,30167127,Barclays
2022-10-25,150.0094451904297,150.0893348868297,145.8352961685878,149.3903190900815,24812022,Barclays
2022-10-26,149.6099853515625,152.00961663551286,147.37311996218588,150.7084341976519,63447450,Barclays
2022-10-27,150.0493621826172,151.10788908910163,147.93233884444734,149.80970836314106,24538170,Barclays
2022-10-28,146.2346954345703,148.14700392465608,144.6768849725628,146.77393165703583,22647996,Barclays
2022-10-31,147.55284118652344,148.91093513301107,146.43441625555604,146.87380183197806,24632742,Barclays
2022-11-01,150.12924194335938,151.66709162453,148.47156536037232,149.1506200245953,28844091,Barclays
2022-11-02,149.8896026611328,151.64713008677117,147.8724299398729,150.36892555223417,19608289,Barclays
2022-11-03,149.3104248046875,149.94952711884355,146.67412585411876,148.57145656375042,23393870,Barclays
2022-11-04,153.30477905273438,154.40322778070308,150.08929206764196,150.80828389271835,34319023,Barclays
2022-11-07,152.38609313964844,155.3119785848116,151.54725906173115,152.68566041311948,23685124,Barclays
2022-11-08,153.96385192871094,155.72139438441465,152.6057731037009,152.90534035192476,56097569,Barclays
2022-11-09,154.18356323242188,155.18216147936087,152.74559455624572,154.20353946383267,21699444,Barclays
2022-11-10,156.77989196777344,157.23925376971323,152.78549981572826,153.50449162208812,59021509,Barclays
2022-11-11,157.99819946289062,159.60594308321123,156.240672216024,156.7998847383271,53765652,Barclays
2022-11-14,157.39903259277344,158.5174728613543,154.98242694331202,156.5602138193865,27491978,Barclays
2022-11-15,156.99960327148438,157.1394064037983,155.10227287045262,156.40043828305403,22762920,Barclays
2022-11-16,154.18356323242188,156.2806256459538,153.72421657177392,155.62154714599805,27203752,Barclays
2022-11-17,156.44036865234375,156.80085497793053,153.30477149543174,155.00238507307773,30779589,Barclays
2022-11-18,157.99819946289062,158.9568451475821,155.8412238162372,156.66008160775132,22358632,Barclays
2022-11-21,157.71861267089844,158.2578490304272,156.6001874882312,157.5388570594553,13670802,Barclays
2022-11-22,157.69862365722656,159.07669402946001,156.89974206118688,158.89693843258652,16784247,Barclays
2022-11-23,158.05810546875,158.43757762132418,156.70001144823988,157.4389795249902,13194996,Barclays
2022-11-24,159.19651794433594,160.3349192451462,157.85840005761835,157.85840005761835,14339660,Barclays
2022-11-25,158.83700561523438,159.9953830264014,157.83840755127602,159.39621809306752,17701072,Barclays
2022-11-28,157.958251953125,160.55062110367683,157.65868469064733,158.1380075480105,25642764,Barclays
2022-11-29,160.77432250976562,161.55322794641097,156.99962224374576,157.0595357023492,42340565,Barclays
2022-11-30,161.0139617919922,162.57177237706853,160.12521009987057,161.55319805705798,84403402,Barclays
2022-12-01,158.05810546875,162.092450310882,157.9582395641575,161.73295438670584,28956372,Barclays
2022-12-02,156.6001739501953,158.87697658231062,155.641512992642,158.8370241221548,28802164,Barclays
2022-12-05,156.0609130859375,158.6372980658632,155.8012830600156,156.14080276408225,24394215,Barclays
2022-12-06,158.5374298095703,160.39482289606775,155.42180859508346,157.0395326506981,80092367,Barclays
2022-12-07,157.2192840576172,159.2963698912423,155.74136316658684,157.77849654409368,24905097,Barclays
2022-12-08,156.58016967773438,157.6846218710394,156.36047689841962,157.17931933617768,21644000,Barclays
2022-12-09,159.2564239501953,159.2564239501953,155.92110988555265,156.48032239490615,23399847,Barclays
2022-12-12,157.91831970214844,159.99540579931107,156.72000490231596,159.6558860662151,33870358,Barclays
2022-12-13,161.55322265625,161.59317511894432,157.7385852885407,158.69723106960484,42888082,Barclays
2022-12-14,160.0353240966797,162.61170899219553,159.8156312983289,162.61170899219553,42580381,Barclays
2022-12-15,154.982421875,159.46113495728792,154.982421875,159.11661739423516,32662221,Barclays
2022-12-16,154.20352172851562,155.52167857682272,151.88678198551892,154.1236320494608,109511197,Barclays
2022-12-19,155.1621856689453,156.34052417386204,154.16358751736223,154.62293413414727,14673171,Barclays
2022-12-20,155.52166748046875,156.3205337392219,153.4046292300608,153.78410136914658,20757044,Barclays
2022-12-21,157.8583984375,158.1579809319857,154.84262773783496,156.08089493758982,26030701,Barclays
2022-12-22,156.9197235107422,158.7781224757916,156.9197235107422,157.85840827450582,18858465,Barclays
2022-12-23,157.5188751220703,158.1380010891021,156.42041107985432,156.91971014678919,6137843,Barclays
2022-12-28,158.65728759765625,159.4361929781288,157.2193037452764,158.01818535630957,15974901,Barclays
2022-12-29,159.1166229248047,159.1166229248047,156.81984417042096,157.91830821216047,17312328,Barclays
2022-12-30,158.29779052734375,159.51608154723314,157.9782317902059,158.33772775078637,9144860,Barclays
2023-01-03,163.37066650390625,164.0796626707817,158.85699851464463,159.29638414688233,34940227,Barclays
2023-01-04,167.84437561035156,168.05407268482284,163.86995931725727,163.86995931725727,31851649,Barclays
2023-01-05,172.17828369140625,173.4964405059155,166.1267816040996,166.9456241279692,40113321,Barclays
2023-01-06,171.85873413085938,172.45788383107956,171.0997898448909,171.57912788994383,23266356,Barclays
2023-01-09,172.3780059814453,173.91585564936938,171.63905311007773,171.85874591978114,32930427,Barclays
2023-01-10,171.3594512939453,172.41796291138647,169.78166436397495,169.94142849003114,50086285,Barclays
2023-01-11,173.29672241210938,174.1555174611596,170.80022694828887,170.80022694828887,119855470,Barclays
2023-01-12,176.8317413330078,177.7504496939496,173.99572657913575,173.99572657913575,31151382,Barclays
2023-01-13,180.4866485595703,180.72630238148528,176.67199602849396,177.63065702835283,40855553,Barclays
2023-01-16,182.24415588378906,182.24415588378906,178.46945623022899,178.58928312799344,20281691,Barclays
2023-01-17,180.6863250732422,182.6036314102222,179.9074198500127,180.74623851542964,31207511,Barclays
2023-01-18,181.8447265625,182.5836794308066,179.6278374827836,180.08718409215282,55985902,Barclays
2023-01-19,177.13136291503906,179.46807916905317,175.59351307315282,178.60928406235567,34438199,Barclays
2023-01-20,178.16989135742188,178.95079284400154,176.46328737688742,177.69056848159335,27839430,Barclays
2023-01-23,179.62783813476562,179.98733407433255,178.30968127722085,178.30968127722085,26445387,Barclays
2023-01-24,179.5079803466797,180.92598775206855,178.60924819481536,180.6663577440048,41893275,Barclays
2023-01-25,181.4652557373047,181.4652557373047,178.34963440758685,178.74906756976662,59311967,Barclays
2023-01-26,184.78057861328125,185.00027140582415,181.9295854138957,182.26412246898514,109872375,Barclays
2023-01-27,185.5195770263672,185.7192936238925,184.04165591980038,185.49960079539477,22327860,Barclays
2023-01-30,186.39834594726562,186.51817285676245,182.8832759738302,184.44108674688695,33763580,Barclays
2023-01-31,185.5794677734375,186.21856994975445,183.22277564125662,185.45964087706488,31947853,Barclays
2023-02-01,186.2185821533203,186.76781419335094,182.9831338400468,185.57947993512073,28527540,Barclays
2023-02-02,188.13589477539062,188.4554535133259,185.04024949798898,186.09876115195078,27188071,Barclays
2023-02-03,188.37554931640625,188.69510802972275,185.5395343040139,187.0973449379365,21357380,Barclays
2023-02-06,186.2784881591797,188.48539672730294,185.37975593861808,187.33701497465216,17931883,Barclays
2023-02-07,188.57530212402344,189.83354575270263,186.31847541787025,187.3769871936536,27257436,Barclays
2023-02-08,189.4540557861328,190.11313426924363,188.2157885061125,189.1344970413277,20120348,Barclays
2023-02-09,189.334228515625,192.90919673258878,189.13449668180166,189.29427605390052,158538872,Barclays
2023-02-10,185.4596405029297,188.59324183089362,185.1600580252047,187.01745110222228,46689161,Barclays
2023-02-13,186.05880737304688,187.29705927886917,185.18003615931653,186.33841362516145,21870906,Barclays
2023-02-14,187.05743408203125,188.6951346251065,185.739277059912,186.31846588138256,21599769,Barclays
2023-02-15,172.35804748535156,176.7318970386941,167.34508048550933,174.75467696013106,144966337,Barclays
2023-02-16,174.41513061523438,175.11414616887032,170.3408489402468,172.09837593758806,49374194,Barclays
2023-02-17,173.25677490234375,176.15270337347553,172.03848396934117,173.07703455357196,64702066,Barclays
2023-02-20,175.63345336914062,176.4522959560661,173.51641485894007,174.1555170868084,35128709,Barclays
2023-02-21,171.1796875,175.9729615122255,171.1796875,175.79320592760055,114830121,Barclays
2023-02-22,172.57774353027344,172.937224244564,168.50346115692622,170.08124809837432,35163655,Barclays
2023-02-23,172.40792846679688,174.6853899531519,167.89295427375606,168.23257224727377,40518994,Barclays
2023-02-24,170.39015197753906,174.2858053108741,170.12044821082924,172.80745676922473,47280571,Barclays
2023-02-27,172.4478759765625,172.987268328071,171.2092504306206,171.2092504306206,65039485,Barclays
2023-02-28,174.44566345214844,175.2247942642296,170.80971458183325,170.88962738843253,77677027,Barclays
2023-03-01,174.2258758544922,176.6032318893451,173.48270060379085,175.30467568774122,66688362,Barclays
2023-03-02,171.56884765625,174.9071389251297,171.40903729950867,173.98615267752874,47614942,Barclays
2023-03-03,171.28916931152344,173.20703086757823,170.37019493519355,171.76864613189372,28320132,Barclays
2023-03-06,172.1482391357422,172.26811598001157,170.3702209041591,171.28919542056522,12810497,Barclays
2023-03-07,168.7320098876953,172.82745316200854,168.5122535027239,171.72867123715147,40741359,Barclays
2023-03-08,168.69207763671875,198.64070873222792,167.77310322853435,167.9129468288709,54618563,Barclays
2023-03-09,163.23812866210938,167.6602038212618,162.1793107708476,167.11381550195,49699846,Barclays
2023-03-10,157.24484252929688,158.8230863484434,151.11167489884704,151.11167489884704,115174718,Barclays
2023-03-13,147.31590270996094,157.36470705317606,145.89748449620447,156.8253145883774,137764902,Barclays
2023-03-14,151.89077758789062,155.3069698118192,146.03729827931156,147.07614945070765,101874320,Barclays
2023-03-15,138.08615112304688,152.33027495290406,137.9063435285105,150.83194437959682,149633932,Barclays
2023-03-16,142.2215576171875,143.64396889817863,139.64442693532104,141.84197562194728,158923216,Barclays
2023-03-17,139.40469360351562,145.37803472368807,137.58672684598875,142.26151157260836,144812125,Barclays
2023-03-20,136.20823669433594,137.886359596971,127.97740203936516,131.43355788665866,147930521,Barclays
2023-03-21,142.98069763183594,144.9794777736256,138.60556729478307,139.02509804409112,101651780,Barclays
2023-03-22,142.50125122070312,147.84829121739807,140.5234435960042,141.26262560903595,96414561,Barclays
2023-03-23,139.6244354248047,144.2792528956996,139.4845918426743,140.94297369215477,75878807,Barclays
2023-03-24,133.7509765625,137.84641976828064,129.91525375741645,137.20713263410005,124849932,Barclays
2023-03-27,136.84754943847656,138.6055854624596,134.88972377661023,137.14721865349205,88189227,Barclays
2023-03-28,137.02732849121094,140.26372826325658,135.68882340174702,138.8453103747758,80446359,Barclays
2023-03-29,141.86196899414062,141.88193576468305,137.44987665121812,137.64666365463285,136034186,Barclays
2023-03-30,144.6588592529297,146.3170005086459,142.1306697634762,142.40136430705613,110866685,Barclays
2023-03-31,145.63775634765625,146.87636671698027,143.77282956151467,143.7798255518612,70480092,Barclays
2023-04-03,148.09498596191406,149.79310611072984,146.29700149673164,146.4967758548845,61316572,Barclays
2023-04-04,146.3369598388672,150.05282106231135,146.3369598388672,148.37468281213938,85429670,Barclays
2023-04-05,147.5556182861328,150.05283628414912,146.89634907662233,148.2348542655249,79983446,Barclays
2023-04-06,151.45126342773438,152.0905505882459,148.2748096357014,148.39467121523225,77732100,Barclays
2023-04-11,152.37025451660156,154.00842899809027,151.57115690948305,151.61110569311504,155427194,Barclays
2023-04-12,152.8896484375,154.42794301988243,152.53004849217226,153.2092996074832,75043727,Barclays
2023-04-13,152.76980590820312,154.4199603155579,152.05060592791918,152.41020591806117,67937747,Barclays
2023-04-14,157.70431518554688,158.4035331735147,152.86968957915022,153.52895878572372,102778899,Barclays
2023-04-17,154.10830688476562,158.90296820963576,153.4090889344698,158.74314260905152,48532054,Barclays
2023-04-18,154.7875518798828,157.04503124112895,154.7875518798828,155.42683901486095,34842720,Barclays
2023-04-19,155.22706604003906,155.88633525541087,154.08833523249194,154.44793523707574,23709051,Barclays
2023-04-20,154.28811645507812,157.84415228328837,153.92851647010133,156.08610113815368,51785070,Barclays
2023-04-21,153.06948852539062,154.34806299313195,152.01065523140213,153.16936810585827,34635495,Barclays
2023-04-24,154.02838134765625,154.85745943509522,151.90973970209706,152.13050203353313,36313960,Barclays
2023-04-25,151.29144287109375,154.06834771630656,150.67212252104417,153.3491478039831,41514946,Barclays
2023-04-26,153.6887664794922,154.30807159067027,149.51341056638827,151.2914435882548,49550436,Barclays
2023-04-27,161.85968017578125,162.29420892430826,155.22706957280454,156.04616441814608,78793688,Barclays
2023-04-28,159.70208740234375,162.69874894584447,156.76535665102364,160.2015309929272,41563257,Barclays
2023-05-02,154.767578125,161.8596677754023,154.30808332762908,157.96401397037909,49769428,Barclays
2023-05-03,153.08941650390625,156.2459030895883,151.57111923432754,156.20595431588615,73452404,Barclays
2023-05-04,148.0750274658203,153.60885522895003,146.57669683327745,152.01062979084804,41318797,Barclays
2023-05-05,153.06948852539062,153.6887937464438,149.2537318931743,149.2537318931743,35537126,Barclays
2023-05-09,153.4091033935547,155.88633946886173,152.72985214795506,154.2681470254012,71557794,Barclays
2023-05-10,153.0495147705078,155.94628187113616,152.51010708800055,153.86859443850042,100719834,Barclays
2023-05-11,153.3092041015625,154.76758612864614,150.65217571750938,153.52896050621632,37699768,Barclays
2023-05-12,153.72872924804688,155.50674718993474,153.48900608218878,154.7875624505518,22601842,Barclays
2023-05-15,154.8474884033203,155.80641152040545,153.3091936753594,155.62661915163002,14615597,Barclays
2023-05-16,154.22817993164062,156.40576198653844,153.88856193650358,155.04727476418097,65808944,Barclays
2023-05-17,155.78646850585938,156.0661557278062,152.62998101039025,153.14940666906745,19770009,Barclays
2023-05-18,157.88409423828125,159.10273773236904,157.4046326929737,157.58442505678613,24764647,Barclays
2023-05-19,159.24258422851562,160.20152257846422,157.30474076014616,158.42350470872086,39076824,Barclays
2023-05-22,159.90185546875,160.83081319444213,157.64437601560982,158.14381958644856,48913521,Barclays
2023-05-23,163.25811767578125,163.57775363694665,159.68209986200662,160.1815434352968,25118768,Barclays
2023-05-24,158.48342895507812,161.50005698511822,157.58442143127607,161.1604390334142,26590965,Barclays
2023-05-25,156.80531311035156,158.50341835312673,155.227069457807,157.8042003404322,21692176,Barclays
2023-05-26,157.14495849609375,157.84417656282199,154.12831456042542,157.72429972151804,35862972,Barclays
2023-05-30,155.6266326904297,157.7842327542847,154.9074326691447,156.8452763241732,18218560,Barclays
2023-05-31,151.1715850830078,155.24704668514138,150.37247227521138,154.62774149895847,87428261,Barclays
2023-06-01,152.45016479492188,154.06837247863643,151.11165955922743,151.8508415995321,66415327,Barclays
2023-06-02,156.58555603027344,157.18489446248074,153.80865076187794,153.8286327741007,46644665,Barclays
2023-06-05,155.6066436767578,158.40353082904232,154.36801808654087,156.98511286249857,17458498,Barclays
2023-06-06,158.02394104003906,158.04392305036077,153.16934897480652,154.80752325960307,24565612,Barclays
2023-06-07,158.0639190673828,158.44348584628236,156.26591902430027,158.10386784975825,23106469,Barclays
2023-06-08,157.42462158203125,159.46234466998854,156.7653524022948,158.60330110779486,17716412,Barclays
2023-06-09,156.16603088378906,158.18378742074546,155.44683083580082,157.44460535981034,31345921,Barclays
2023-06-12,155.06724548339844,157.4545851442187,155.00729945173163,156.90519416750104,26578620,Barclays
2023-06-13,156.58555603027344,157.26480726956234,153.70877118438304,155.3069816005867,103425892,Barclays
2023-06-14,157.26478576660156,158.6032908081321,156.52660979281072,156.8652217858263,20989017,Barclays
2023-06-15,153.6288604736328,157.5844454063863,152.94960922507522,157.26480941550778,77609910,Barclays
2023-06-16,153.76869201660156,155.20709196725787,152.82973564648933,153.90853560948156,101253358,Barclays
2023-06-19,153.2892303466797,155.68655343499918,152.95159380526815,153.52895351042656,13924531,Barclays
2023-06-20,154.14828491210938,155.86635692816967,153.0894516433867,153.3891208612588,19125932,Barclays
2023-06-21,151.29144287109375,153.96845291222553,151.21153007619034,153.14937343762816,41614170,Barclays
2023-06-22,146.7964630126953,149.59333485339147,146.7165502112742,149.4934552829714,52493524,Barclays
2023-06-23,145.0583953857422,146.01731852915972,143.14053385709855,145.35806458373838,41598622,Barclays
2023-06-26,144.75872802734375,145.4579460036815,141.09880394341727,144.45905882553936,33921705,Barclays
2023-06-27,146.15716552734375,147.15605261189322,144.15939135824485,145.09833241460316,21529834,Barclays
2023-06-28,148.1749267578125,148.81421396980753,146.51078028123112,146.8564035513644,28271599,Barclays
2023-06-29,151.15162658691406,152.39922969492366,148.3647226129223,148.51454960429393,41115318,Barclays
2023-06-30,153.20933532714844,154.42797902366576,152.27037884867013,152.64996089107038,39518151,Barclays
2023-07-03,155.4468231201172,156.58555393260872,154.1482819374128,154.40798712559183,28280882,Barclays
2023-07-04,152.3902130126953,156.06612545378061,151.81085666767288,154.86744874446111,17870487,Barclays
2023-07-05,149.87301635742188,152.48811429207575,149.2337292120899,150.83195469632375,43163289,Barclays
2023-07-06,146.5367431640625,148.6094309704437,145.75761239945564,147.73540470639549,38697741,Barclays
2023-07-07,148.55450439453125,149.27370439202372,146.01732239176366,146.01732239176366,29450409,Barclays
2023-07-10,148.55450439453125,149.3336351848466,147.2959120198239,147.59556598393831,23448396,Barclays
2023-07-11,149.6932373046875,149.85306291568583,148.07504490830476,148.214888507476,48047287,Barclays
2023-07-12,154.6277313232422,156.9651235577355,150.3125315902009,150.6122007786301,47980417,Barclays
2023-07-13,155.5267333984375,156.38577699683336,153.86857699472776,154.48789742079575,71642871,Barclays
2023-07-14,154.9274139404297,157.34471918415124,154.76758832717306,155.52673712742802,41907830,Barclays
2023-07-17,155.88632202148438,156.78532957752745,154.16823495008606,154.16823495008606,19453247,Barclays
2023-07-18,159.20263671875,159.20263671875,154.68766259332634,155.32694975111843,39312111,Barclays
2023-07-19,164.09719848632812,164.41684972682972,161.12051870775477,163.2980856268842,118509859,Barclays
2023-07-20,164.17709350585938,166.2547806185468,164.17709350585938,164.31693709797256,29099236,Barclays
2023-07-21,163.07830810546875,164.91627201688124,162.53891575918783,164.0572284714649,48356749,Barclays
2023-07-24,164.17709350585938,164.3568858778013,160.88076284398213,160.98065765626657,17236701,Barclays
2023-07-25,163.33802795410156,164.96920624963627,163.0982895555736,164.65655104148541,18551553,Barclays
2023-07-26,163.87741088867188,163.87741088867188,160.11160235274602,161.8197059553364,27428782,Barclays
2023-07-27,155.22706604003906,158.66324047454876,152.88967363114904,155.8264044616151,104746692,Barclays
2023-07-28,155.56668090820312,156.52161062580197,152.87168548990914,152.94958636756104,37756906,Barclays
2023-07-31,154.7875518798828,156.52560568089433,154.7875518798828,155.06723904882276,41439055,Barclays
2023-08-01,151.25149536132812,155.34693890674018,151.25149536132812,153.82862612147113,41550164,Barclays
2023-08-02,146.29701232910156,150.0128583429383,145.8175355438646,148.33473532003188,57040917,Barclays
2023-08-03,148.9940185546875,149.97292374393135,144.7986953589762,145.797582559946,57132976,Barclays
2023-08-04,150.572265625,151.91875755520675,148.87414515084055,149.83308359222696,26360950,Barclays
2023-08-07,150.65216064453125,152.35026567638712,149.75315310403744,150.9518145828882,40570055,Barclays
2023-08-08,146.91632080078125,150.37246173261317,145.91743367151986,149.03395663743683,40910767,Barclays
2023-08-09,148.7342987060547,150.57226274676123,148.59445510704748,149.3935679192926,86031726,Barclays
2023-08-10,147.86209106445312,149.1408971189584,146.96293579770025,147.50242590883784,36325951,Barclays
2023-08-11,146.46340942382812,148.5514583773502,145.9838456946911,147.1827397729622,31925648,Barclays
2023-08-14,145.7440643310547,146.80307411443488,144.98476279235197,146.10372946923758,39239686,Barclays
2023-08-15,143.40628051757812,146.27361737362224,142.8667902549974,145.8639956449624,28344045,Barclays
2023-08-16,144.86489868164062,145.66415634397094,142.7069075667203,143.1465000432306,50752319,Barclays
2023-08-17,145.28451538085938,145.96388977553107,144.46528727370662,144.70505391747182,29310433,Barclays
2023-08-18,144.1056365966797,145.5442823380787,143.206465858159,144.50525787297255,27512973,Barclays
2023-08-21,143.5261688232422,145.92392686570855,143.5261688232422,143.7259794526854,22173472,Barclays
2023-08-22,142.56703186035156,145.18659800033393,142.56703186035156,144.4053137253619,34256300,Barclays
2023-08-23,142.90670776367188,144.1155869860359,142.56702823640524,142.66694115363464,86181183,Barclays
2023-08-24,144.4053192138672,145.90392159993485,143.8258730398109,145.04472228880653,24601950,Barclays
2023-08-25,143.84584045410156,145.88394819396524,143.50616091231478,145.52428301896407,20465367,Barclays
2023-08-29,149.8203125,149.8203125,145.08472252638413,145.18463546990117,52760042,Barclays
2023-08-30,148.901123046875,152.39786186961186,148.84118139190238,150.4796526876305,29777075,Barclays
2023-08-31,147.2227020263672,149.76032874436706,147.2227020263672,148.86117339217603,56729612,Barclays
2023-09-01,148.92111206054688,149.84025302832495,147.83412835720685,147.96201507007055,27326603,Barclays
2023-09-04,150.6595001220703,151.99824796256416,149.47560664587235,149.80030078892594,30146626,Barclays
2023-09-05,149.50057983398438,151.35884748216213,148.24175926376296,149.84025939735918,64373046,Barclays
2023-09-06,149.08096313476562,150.21990031203094,147.92204032433526,148.5414577513091,25186830,Barclays
2023-09-07,147.84213256835938,149.60050264947645,147.68229321563612,148.36165238728702,24059524,Barclays
2023-09-08,148.1018829345703,148.58143142630564,145.72409562023932,147.36256694119243,92559662,Barclays
2023-09-11,149.7603302001953,150.43970456288093,147.80216489363258,147.80216489363258,28151720,Barclays
2023-09-12,153.43690490722656,153.6167298762888,150.4596857665904,150.65949636929457,42675861,Barclays
2023-09-13,157.093505859375,157.81283625896722,153.59676678980205,153.97640237961778,45204574,Barclays
2023-09-14,159.9308624267578,160.3105132759546,156.61394820541844,157.23338094535632,46592313,Barclays
2023-09-15,161.3095703125,163.4475758102017,160.17063308932381,160.86997783257726,95245108,Barclays
2023-09-18,158.6520538330078,161.94898237050873,158.39329245252546,160.6302048576792,30159436,Barclays
2023-09-19,159.07167053222656,159.99081162316187,157.51312628044172,157.8528058748925,35030804,Barclays
2023-09-20,159.43130493164062,161.98891708043928,159.43130493164062,160.1106639891655,49443117,Barclays
2023-09-21,156.5540008544922,157.65298209140065,153.61673758909373,156.05446670036517,101649512,Barclays
2023-09-22,155.17529296875,158.37230842411276,154.77565650897202,156.05446269111715,63665727,Barclays
2023-09-25,153.49685668945312,157.77286789660386,152.85745357187656,154.09630378168177,31285690,Barclays
2023-09-26,159.5312042236328,160.86996720896184,155.71477159415443,156.0944223916656,57010417,Barclays
2023-09-27,157.97267150878906,160.5302838657039,157.32328322480927,158.0925700686628,44397025,Barclays
2023-09-28,158.93179321289062,158.97174923884236,156.7738019417437,157.27333611129217,31913112,Barclays
2023-09-29,158.79193115234375,159.83095556252258,158.2724113249675,158.85187281616146,47529159,Barclays
2023-10-02,155.67483520507812,160.2006135409686,155.67483520507812,158.85186519151335,34149954,Barclays
2023-10-03,154.13624572753906,156.61393067625391,153.94642032418707,154.87556170781227,49422328,Barclays
2023-10-04,153.73663330078125,155.2352357353652,152.1980595976479,152.917389985814,47005528,Barclays
2023-10-05,152.37789916992188,153.716647013768,151.43877254243893,153.4968507713966,40701456,Barclays
2023-10-06,154.61578369140625,155.03539049126024,151.47871026381844,152.65761862542095,27501875,Barclays
2023-10-09,151.8783721923828,154.0763194752179,151.44077672595716,152.6176730019901,65100536,Barclays
2023-10-10,156.63392639160156,157.5330817611157,151.0791090991469,153.33699796242908,46151859,Barclays
2023-10-11,157.03355407714844,158.29238993977725,154.39601427414604,155.37511222165136,31683307,Barclays
2023-10-12,152.1381378173828,158.53216960920685,151.01918606495718,157.73292706865954,70870493,Barclays
2023-10-13,152.9373779296875,154.49592204605975,150.55959048597612,151.6785573536728,48831138,Barclays
2023-10-16,153.1171875,154.25612464309705,151.87835268321749,153.03726021430901,53256134,Barclays
2023-10-17,154.65577697753906,155.09536947176494,151.918324328224,152.69759638814352,49166082,Barclays
2023-10-18,151.4987030029297,155.77471372917256,151.2988924095164,155.13531068350738,32855695,Barclays
2023-10-19,147.66229248046875,152.41785192946074,147.50243789951813,150.35977374458005,60376953,Barclays
2023-10-20,144.72503662109375,147.7222415640313,144.18554643897696,146.72317324971877,71027245,Barclays
2023-10-23,143.90579223632812,145.64417657859846,143.3463164235255,145.14464242508575,43059578,Barclays
2023-10-24,134.51455688476562,139.72969469168692,129.45927366642238,136.35283891969542,119659255,Barclays
2023-10-25,133.0958709716797,134.75432789406477,131.29754510671825,132.1567443952792,76612630,Barclays
2023-10-26,132.1167755126953,133.77521702906748,130.49827476949778,131.55728455228225,70540765,Barclays
2023-10-27,129.07962036132812,132.97599584940238,128.5201445565763,131.15768423938658,98106787,Barclays
2023-10-30,130.53826904296875,130.95787590381897,128.00062699861448,128.42023385946473,60102076,Barclays
2023-10-31,131.47738647460938,132.6562796803503,129.33938105090962,130.63815756718108,55502586,Barclays
2023-11-01,129.219482421875,132.87607583667926,128.7998755906867,131.5772840765794,64118027,Barclays
2023-11-02,133.11587524414062,133.27571459762962,129.51922301060168,129.7789752990231,35920598,Barclays
2023-11-03,136.21295166015625,137.20302554100346,132.036853995646,134.07494637011257,35763911,Barclays
2023-11-06,136.17303466796875,137.8714480075526,135.11402453544852,136.37284531181834,34139210,Barclays
2023-11-07,136.0930633544922,137.19204440716103,134.7543157045647,135.67345656471954,26541070,Barclays
2023-11-08,135.89328002929688,136.97227566706854,132.71623477731814,134.43463354363155,29514626,Barclays
2023-11-09,136.85238647460938,137.48180445090307,134.71438068790954,135.81336203626773,57710185,Barclays
2023-11-10,135.4536895751953,136.43277229587935,133.97507267636612,136.3328746069943,25413757,Barclays
2023-11-13,136.61260986328125,137.1720856927625,134.45461859707672,136.4327696354777,31803455,Barclays
2023-11-14,138.33099365234375,138.5108186161141,135.01407981569113,136.35282758344167,26715991,Barclays
2023-11-15,139.7496795654297,142.06751010889985,138.55078540219517,138.87049457761037,64647934,Barclays
2023-11-16,138.91046142578125,140.94856946642582,137.67162638595195,138.80056329374088,40382923,Barclays
2023-11-17,142.66696166992188,143.06658290716553,137.45182372765535,139.96948020709476,39566527,Barclays
2023-11-20,142.40719604492188,143.5261629643595,141.66789522170356,142.66696357271056,39490867,Barclays
2023-11-21,141.5879669189453,143.24642402853877,140.0294227415724,141.36817066371856,20885928,Barclays
2023-11-22,139.84957885742188,142.44716258153576,139.5098992880667,141.38815260379744,33759659,Barclays
2023-11-23,140.10935974121094,141.10842815431107,137.35192116452706,139.54986862443255,44680451,Barclays
2023-11-24,141.50804138183594,141.8876922355076,139.15023945109692,140.54892905213987,21281303,Barclays
2023-11-27,140.06936645507812,142.58702272890815,140.06936645507812,141.0884203447713,16277027,Barclays
2023-11-28,139.98944091796875,141.18833503594632,138.65069309674203,139.46993639438855,37092272,Barclays
2023-11-29,140.1692657470703,140.70875584528264,138.17112942920636,138.75059079073534,37260280,Barclays
2023-11-30,140.90858459472656,141.90765288246294,139.03034658009133,140.38908006119567,88216617,Barclays
2023-12-01,142.22735595703125,143.2064385685758,140.6288406673257,141.14836042316574,34100824,Barclays
2023-12-04,142.84678649902344,143.58610255615596,141.25526832163968,142.66696151582994,58569218,Barclays
2023-12-05,139.33009338378906,140.36911786894268,136.3728440506098,136.3728440506098,117463540,Barclays
2023-12-06,140.10935974121094,141.12839854647967,138.21112060957617,140.3291560116589,309071142,Barclays
2023-12-07,140.0094451904297,140.96855756357817,137.9713523587784,139.07031845379393,44771743,Barclays
2023-12-08,143.14651489257812,144.46529245891278,139.15024141094375,140.58890230346387,58692654,Barclays
2023-12-11,142.36721801757812,144.5052233485505,141.5679604113723,143.6859953545034,59341287,Barclays
2023-12-12,141.5479736328125,143.76590623090343,141.46806159295278,142.90670697898918,36126207,Barclays
2023-12-13,140.94857788085938,142.4072092718477,139.33009188016487,140.40907238424478,59678930,Barclays
2023-12-14,149.8602294921875,150.4596765079846,143.28536803200842,143.7659073950102,176673102,Barclays
2023-12-15,146.5033721923828,151.61859691550467,145.83498917030357,150.63951426809479,103975982,Barclays
2023-12-18,146.36351013183594,147.88209825970466,144.04566429221666,145.06471825581292,22514276,Barclays
2023-12-19,147.5224151611328,148.34164316401137,144.6051378249178,145.42436582779638,42444436,Barclays
2023-12-20,151.4987030029297,152.21803333487438,146.62324525187586,151.07909618339045,75955329,Barclays
2023-12-21,151.2789306640625,152.417867995387,148.74130371341792,149.90021143603735,55268216,Barclays
2023-12-22,151.63858032226562,151.9383038512337,149.7403567130877,149.7603271023328,13070297,Barclays
2023-12-27,153.51683044433594,154.5758403466907,150.7194363047032,152.45782054198114,26184336,Barclays
2023-12-28,153.3569793701172,153.89646952804208,152.65763463037308,153.3170233469484,21442794,Barclays
2023-12-29,153.63673400878906,153.67670528088578,152.81750586569,153.2371127552637,10578303,Barclays
2024-01-02,155.13534545898438,155.35514173438034,153.2570919218097,153.95645202238293,94542523,Barclays
2024-01-03,152.97732543945312,156.25426807726794,152.00524008211403,155.15530214988942,60606163,Barclays
2024-01-04,155.43502807617188,155.69478031292516,152.43782355926436,152.85743036228297,108657862,Barclays
2024-01-05,155.4550323486328,156.23430439690526,152.5577251547986,153.1971282519599,37399562,Barclays
2024-01-08,154.67576599121094,155.53495011923894,153.81656661861,153.9963916004095,103418887,Barclays
2024-01-09,154.13624572753906,154.8156200529793,153.11719186166442,153.11719186166442,18430452,Barclays
2024-01-10,152.49778747558594,154.3760407920076,152.17809354094956,152.73756935999276,69093738,Barclays
2024-01-11,145.4443817138672,152.49780228603288,144.68509520636346,151.85839911008915,91243689,Barclays
2024-01-12,145.40438842773438,149.0110254703783,145.40438842773438,146.2436173553274,50953321,Barclays
2024-01-15,144.84490966796875,146.90298781035946,144.1655505798121,145.18460445661867,133986526,Barclays
2024-01-16,141.2682342529297,144.94481307466643,141.0584384725366,143.80587596167794,35953235,Barclays
2024-01-17,140.54893493652344,141.72084631409564,138.27106020827208,140.0693863738847,45080070,Barclays
2024-01-18,140.58888244628906,141.80774690559753,139.29009069928824,140.70876575554192,42768637,Barclays
2024-01-19,140.90858459472656,142.90672117019932,140.22922547646053,142.24734768616824,113629727,Barclays
2024-01-22,144.80494689941406,145.5042915883376,142.986635463642,143.52614082693364,36259223,Barclays
2024-01-23,146.64324951171875,147.7622011726231,145.60422514724658,145.62419553792483,27395162,Barclays
2024-01-24,147.2027130126953,149.50057304779267,146.30355768114805,148.18181087855191,84852530,Barclays
2024-01-25,145.2445526123047,147.44249979736253,144.88488741878086,146.82308233696074,47524415,Barclays
2024-01-26,149.10096740722656,150.25987511796197,146.3435289794524,146.62326690044785,29055466,Barclays
2024-01-29,147.40252685546875,150.51963024547854,147.2097135076094,149.2807800941669,31299311,Barclays
2024-01-30,150.1199951171875,150.4796603098127,147.80216462160357,148.46155334884511,21202090,Barclays
2024-01-31,148.28173828125,151.07913300453282,148.28173828125,150.75942378149486,67089613,Barclays
2024-02-01,145.90391540527344,149.22082919633766,145.00476010963712,146.3035518380005,30614570,Barclays
2024-02-02,150.57957458496094,151.8683659774112,148.30170009278908,148.6213940198904,31830750,Barclays
2024-02-05,145.5442657470703,151.1390544448514,145.20458617648498,150.5196369638343,66340122,Barclays
2024-02-06,146.16368103027344,147.74221061909253,146.02381209174877,146.38347725432237,48838185,Barclays
2024-02-07,144.26544189453125,146.8630253107816,142.90670853357383,146.22362227295287,77270341,Barclays
2024-02-08,143.02662658691406,145.8839626365873,142.90672802032933,145.22457387637664,21760942,Barclays
2024-02-09,142.14744567871094,144.26546573314596,140.96855232601928,143.7059898881687,28838646,Barclays
2024-02-12,142.7468719482422,143.48617267346202,141.02847339272768,142.08748326528567,22934953,Barclays
2024-02-13,140.34910583496094,143.1764708590187,139.40997922514867,142.72689318792635,91445142,Barclays
2024-02-14,141.8876953125,143.0665886811485,140.3491214734138,140.3491214734138,17014136,Barclays
2024-02-15,143.286376953125,144.3154161055153,141.53800738912187,142.866770087113,55601953,Barclays
2024-02-16,146.5832977294922,147.74222058087972,143.06657315215884,144.7050445044553,38348527,Barclays
2024-02-19,148.86119079589844,150.31983735963183,146.36351980939006,146.42346147393445,38658012,Barclays
2024-02-20,161.6492462158203,162.82813943573706,149.62345910590625,157.39320570595066,143877464,Barclays
2024-02-21,162.6083526611328,166.52469860731117,159.2414973344149,162.64832393049682,163049918,Barclays
2024-02-22,163.52749633789062,164.16691470153796,158.9517768184788,163.12787510518388,53761544,Barclays
2024-02-23,163.58746337890625,164.72240665338563,162.22872976111324,162.70827831898907,55444497,Barclays
2024-02-26,165.68548583984375,166.98427769934742,162.66831050210592,162.74822255214897,59511408,Barclays
2024-02-27,166.7045440673828,167.32396156083053,164.44665510370808,164.44665510370808,38751376,Barclays
2024-02-28,168.74264526367188,169.74171365539183,165.98522199057138,166.02517801862766,56183655,Barclays
2024-02-29,164.3583526611328,166.55698977356897,162.07974791805967,163.5588440976949,110800848,Barclays
2024-03-01,169.41522216796875,171.97363736504218,164.87801985026348,165.01793270481102,187325677,Barclays
2024-03-04,170.03485107421875,170.35466063053352,167.17661797443134,168.2159837830953,73813990,Barclays
2024-03-05,169.3552703857422,170.2147394647439,167.51639602528763,168.13602319810352,55762395,Barclays
2024-03-06,170.81434631347656,173.40473934638445,168.7636127772489,168.8955349650977,87938434,Barclays
2024-03-07,172.95303344726562,173.33280345844307,170.154761008257,171.09418245736455,111717909,Barclays
2024-03-08,172.133544921875,173.7725306371948,167.9361287185869,172.53329158439877,59143288,Barclays
2024-03-11,173.69259643554688,174.2722398314291,168.9555202170773,169.27532978005755,137094836,Barclays
2024-03-12,177.47023010253906,178.34969100711027,173.90242959142287,174.55203694115633,63898102,Barclays
2024-03-13,176.9505615234375,179.2091744376473,174.9118291024355,177.530204870918,79857591,Barclays
2024-03-14,174.29222106933594,177.6701372325685,173.7125929075909,176.45088992806535,42841599,Barclays
2024-03-15,176.81065368652344,178.52959186944005,173.8924602072218,174.03237307097743,117586336,Barclays
2024-03-18,176.41090393066406,177.39029395988993,175.59140342197432,176.51083297482938,43582971,Barclays
2024-03-19,174.95181274414062,176.69074293641327,173.99340575972258,175.69136092348035,38894707,Barclays
2024-03-20,175.6313934326172,175.8712353465583,173.69258996501338,173.95242378823582,88814638,Barclays
2024-03-21,181.7276153564453,183.99621671803317,178.64951703196564,178.88937419663532,81665407,Barclays
2024-03-22,180.68826293945312,182.74898502047535,179.72884954005613,181.5077482238876,34353481,Barclays
2024-03-25,181.36781311035156,182.5670682754692,179.82877177749933,180.60828839729362,82797106,Barclays
2024-03-26,180.66827392578125,181.70763972923214,179.84878862821313,180.88813918230514,128129984,Barclays
2024-03-27,181.4077911376953,183.16669764047586,179.52894844767872,179.52894844767872,85794046,Barclays
2024-03-28,183.08676147460938,185.62520004641223,182.70700672125062,183.20669767246372,54858025,Barclays
2024-04-02,184.0061798095703,185.4053235375306,181.7885573586445,181.84752662106152,95958125,Barclays
2024-04-03,188.4234619140625,189.12304146284694,183.40657561720602,183.4265522762196,73013964,Barclays
2024-04-04,193.04063415527344,194.6796200539577,187.6509615672575,188.62336746795808,101520061,Barclays
2024-04-05,189.62274169921875,191.3616565786322,188.4434630373547,189.94253600201253,45929447,Barclays
2024-04-08,193.06057739257812,193.5602683148068,188.18360436118888,189.20297811235528,42259039,Barclays
2024-04-09,188.78321838378906,193.32042035463678,188.78321838378906,192.32103854159533,50866409,Barclays
2024-04-10,189.36288452148438,190.84198076285003,187.28416826953315,189.82260692068897,51917164,Barclays
2024-04-11,183.52650451660156,188.81623255633224,182.44717015816238,186.80447616103518,80275550,Barclays
2024-04-12,182.74697875976562,186.5986005887314,182.34723209094315,185.02556832064127,67912255,Barclays
2024-04-15,183.0268096923828,184.8856607291475,182.08738821959145,183.68640543915444,41143593,Barclays
2024-04-16,178.36968994140625,180.36845388371043,176.1310840856151,178.82941235785404,144230906,Barclays
2024-04-17,179.82879638671875,180.98808314636656,177.3003611907207,177.6701276444833,58349174,Barclays
2024-04-18,183.8662872314453,183.8662872314453,181.02804614803884,181.18795092018078,72982970,Barclays
2024-04-19,185.72512817382812,185.78508864778166,181.38781439847085,182.1673310585818,59013824,Barclays
2024-04-22,189.0630645751953,189.9225336375938,186.72451453891037,188.04370599488112,42043695,Barclays
2024-04-23,192.12118530273438,193.46035341228807,190.3622633684116,191.12180338527202,81046062,Barclays
2024-04-24,191.0218505859375,193.340423850876,190.1224130000242,192.4409710156055,159914286,Barclays
2024-04-25,203.8739013671875,206.57222936482296,193.88008267271752,195.8388778465508,174179117,Barclays
2024-04-26,204.2237091064453,204.87330127905014,198.95696192081715,201.8751554066738,107959690,Barclays
2024-04-29,203.5241241455078,207.37175067954624,202.57471436094295,203.87391392109606,41778612,Barclays
2024-04-30,202.57470703125,205.92264247865833,201.6752694256501,202.52473488663722,46614733,Barclays
2024-05-01,203.32424926757812,202.92450259795794,202.92450259795794,200.6259211242469,67105158,Barclays
2024-05-02,200.87574768066406,204.72337382304624,204.72337382304624,204.72337382304624,22410988,Barclays
2024-05-03,202.2249298095703,203.27426858559875,199.41665391325762,202.3748309920437,47827113,Barclays
2024-05-07,210.21998596191406,210.53778257016472,203.9738491701928,204.12375035345116,95337526,Barclays
2024-05-08,211.51918029785156,213.06822534591015,209.470459531994,210.76964384711593,54664931,Barclays
2024-05-09,213.11819458007812,214.86711294122765,211.7690228874482,214.86711294122765,32434866,Barclays
2024-05-10,213.8177490234375,215.01700422310086,211.81898527421282,213.16815690468238,44867099,Barclays
2024-05-13,214.41738891601562,216.0663629452828,212.51855416329846,213.8177536784507,34622487,Barclays
2024-05-14,217.06576538085938,217.89025247350762,212.51857427224067,213.96769035858128,36942402,Barclays
2024-05-15,212.9683074951172,218.71475391944097,212.01888240813307,217.4155542866786,39563337,Barclays
2024-05-16,214.76715087890625,215.4167582231974,211.66907633082917,213.16814908777647,45743448,Barclays
2024-05-17,216.6160125732422,217.76529558288468,213.96765681222777,214.41737558776802,38843437,Barclays
2024-05-20,216.6160125732422,218.41490292475982,216.1662937977019,217.2156477735336,24874213,Barclays
2024-05-21,217.41554260253906,217.9652057156328,213.41801487001473,215.21690539952232,34485145,Barclays
2024-05-22,211.31930541992188,218.7646977263991,211.31930541992188,216.96582245723746,76075814,Barclays
2024-05-23,214.8671112060547,215.8914715667125,209.77025735212143,211.16940117935692,59978110,Barclays
2024-05-24,216.0164031982422,216.56606632266346,210.56977460030438,212.4186373144418,42916160,Barclays
2024-05-28,218.96458435058594,220.06389531085676,214.71721119875536,216.51608645180906,97926592,Barclays
2024-05-29,214.01763916015625,220.3137485146619,213.46799128542892,218.1151112676773,81883936,Barclays
2024-05-30,218.41493225097656,219.71413185981163,211.1194408315415,212.41864044037658,47795152,Barclays
2024-05-31,219.86404418945312,220.96337051014416,217.06577148626093,219.06453552434687,82218581,Barclays
2024-06-03,219.06451416015625,224.16136805995026,218.86464082571212,221.91275873639842,47887792,Barclays
2024-06-04,214.8671112060547,219.2144286255482,214.8671112060547,218.51484908725155,96266689,Barclays
2024-06-05,212.51856994628906,216.51609782865035,211.6920852044364,216.16632328855894,54732210,Barclays
2024-06-06,216.0164031982422,216.1163474933582,211.21938201984167,212.61851065531542,78914345,Barclays
2024-06-07,217.11572265625,218.11510457871836,213.1681671123716,215.91646739915956,96238708,Barclays
2024-06-10,214.61727905273438,218.46490575482025,212.368669609807,214.5673069041309,41892783,Barclays
2024-06-11,208.9207763671875,216.46611229697146,208.67093090758775,215.3168140331986,62590795,Barclays
2024-06-12,208.5709991455078,212.51855459430303,206.12251654430756,210.3698896124933,130991228,Barclays
2024-06-13,205.02320861816406,208.27120007725838,204.52351762445724,207.97139768052145,91990995,Barclays
2024-06-14,201.8751678466797,206.04858203441836,197.54184887604788,205.62285041809082,77082657,Barclays
2024-06-17,204.7733612060547,205.57286983837955,201.92513171818084,203.6240780310219,79510265,Barclays
2024-06-18,205.8726806640625,207.77150025976442,205.02319991109368,207.07193594815624,58351028,Barclays
2024-06-19,206.572265625,208.1712829965378,205.57288358012883,206.17251890679546,34889006,Barclays
2024-06-20,207.92141723632812,208.8358450086129,205.27304592572247,206.32240002051495,78618616,Barclays
2024-06-21,204.723388671875,210.7196800823353,202.7745817639893,207.9214077075823,85228878,Barclays
2024-06-24,207.42172241210938,209.17064078784495,203.7240123247115,204.8233232969876,50595956,Barclays
2024-06-25,206.0225830078125,208.67095432640653,205.6228363273326,207.27181044601016,62344856,Barclays
2024-06-26,205.7227783203125,207.79348867107973,204.52350779357462,206.97200574453262,86932141,Barclays
2024-06-27,209.62034606933594,211.4192364752255,204.47353556713796,206.1225095437451,55243693,Barclays
2024-06-28,208.7708740234375,211.81899188602182,208.66094140382438,210.02010140569683,40264979,Barclays
2024-07-01,213.0682373046875,214.3224665824419,207.4717073080293,211.8689819660721,39103981,Barclays
2024-07-02,210.61973571777344,214.36741784798292,210.02010047719688,211.86896309450992,42471582,Barclays
2024-07-03,218.01516723632812,218.01516723632812,212.7184550778906,213.16817390746533,47996480,Barclays
2024-07-04,224.21133422851562,224.4611797022495,216.66599787188133,218.86463499086787,70585662,Barclays
2024-07-05,220.4136962890625,226.0601983135604,219.21444097626352,223.81158888355276,62764166,Barclays
2024-07-08,221.9127655029297,225.61047567564896,218.11511103526195,219.41431062280068,42154602,Barclays
2024-07-09,216.6160125732422,223.3118678128321,215.2668409972648,221.66289388606563,42282199,Barclays
2024-07-10,219.41429138183594,219.51422041866303,215.26684749490605,217.0157657576295,37845061,Barclays
2024-07-11,222.46241760253906,222.46241760253906,217.8652547511659,219.91399070122043,39455797,Barclays
2024-07-12,222.31251525878906,225.2107321094387,221.11325994961206,224.0614336990685,32863299,Barclays
2024-07-15,225.61045837402344,225.61045837402344,217.5654312270938,218.8646307149995,50879577,Barclays
2024-07-16,227.20947265625,227.5592471586911,222.41243666390562,224.41120038993603,39118646,Barclays
2024-07-17,230.5574188232422,232.90397490068844,227.15952620443957,227.3593995497764,58691836,Barclays
2024-07-18,228.45872497558594,234.15519916802523,228.2588363816319,232.45625286492702,30816784,Barclays
2024-07-19,228.5086669921875,231.95654677167437,224.11139270004563,225.21071889775996,26127466,Barclays
2024-07-22,230.7073211669922,231.40688545758877,227.8590766096287,229.5080506695605,26026695,Barclays
2024-07-23,230.35751342773438,231.85658618322938,229.35813159073768,231.35689526473104,25145346,Barclays
2024-07-24,228.2588348388672,230.48845880995952,227.4593414658896,229.00837131305266,41895286,Barclays
2024-07-25,227.75912475585938,227.95901333169942,222.2125675115164,222.56234202052184,122205338,Barclays
2024-07-26,231.2570037841797,232.03652057507557,229.25823965380872,230.85725705784955,34080525,Barclays
2024-07-29,232.60614013671875,236.7535689738924,231.40688489157822,232.20639347145783,37775372,Barclays
2024-07-30,233.9053497314453,234.70485834570604,231.95655796811866,232.30633250292382,27716677,Barclays
2024-07-31,233.655517578125,236.20394475993461,231.30696374894845,234.85477294328268,67449383,Barclays
2024-08-01,222.76223754882812,241.65056614643808,222.11264536067767,236.85352958596448,70189217,Barclays
2024-08-02,208.9707794189453,221.16323660099252,206.87207114813373,220.21382676395257,79681248,Barclays
2024-08-05,206.0725555419922,207.56164014088768,196.31859317600666,200.92574458670111,132361965,Barclays
2024-08-06,208.07131958007812,212.8713601283114,205.52289254986843,211.31931092756773,42550008,Barclays
2024-08-07,214.61727905273438,217.2156782865273,211.01451130399786,212.26872531260008,34121303,Barclays
2024-08-08,213.86773681640625,216.5160928781745,209.92018117270408,213.01825606108375,89969114,Barclays
2024-08-09,218.1151123046875,218.5148589880913,214.16555895501875,215.21691072661375,55429932,Barclays
2024-08-12,219.96395874023438,222.01267940268855,218.56481495319747,219.71411326926608,25894995,Barclays
2024-08-13,219.11448669433594,221.41306816791095,218.21504906306475,220.21381290976336,49951914,Barclays
2024-08-14,221.46304321289062,222.86217182415098,220.01392720557888,222.06266322513443,23166080,Barclays
2024-08-15,227.63902282714844,227.63902282714844,218.9432651810583,220.19265608570785,37720588,Barclays
2024-08-16,228.1887664794922,229.13830055255798,225.19022819527115,225.78992670130273,24567341,Barclays
2024-08-19,228.888427734375,230.3876969116744,226.38964577220935,227.1892590503733,19484792,Barclays
2024-08-20,225.889892578125,229.73802295488724,225.1402579788613,229.1882878651562,20957190,Barclays
2024-08-21,224.74046325683594,226.98936709762606,223.9668382614198,226.28969592385158,48959784,Barclays
2024-08-22,225.29017639160156,226.98936033286572,223.39110819429487,224.6404991797216,34155635,Barclays
2024-08-23,230.3377227783203,230.3377227783203,225.490094826644,225.9898512289625,25996351,Barclays
2024-08-27,230.08782958984375,230.3377077747266,226.25370018513152,229.38817372244264,34832552,Barclays
2024-08-28,223.7908935546875,230.93741870610228,221.59196860477292,230.7874826461864,27776677,Barclays
2024-08-29,225.9398651123047,228.1387901599611,222.89134810808906,222.89134810808906,23203038,Barclays
2024-08-30,228.28872680664062,228.63856240156778,226.33967981676722,226.63953671936827,33995001,Barclays
2024-09-02,227.039306640625,229.68802448069138,226.41961363904397,228.73849045368232,17872003,Barclays
2024-09-03,222.94131469726562,227.53207892712638,221.6919238003423,226.1897310292662,27378608,Barclays
2024-09-04,223.59100341796875,224.34063799486273,218.99325383049847,219.19315333406598,29048790,Barclays
2024-09-05,228.4386444091797,230.6375694314951,220.99227739546512,222.14171096922985,30394843,Barclays
2024-09-06,220.74240112304688,227.5890544395385,220.2426447385721,227.08929805506372,25949375,Barclays
2024-09-09,223.89085388183594,224.34063156480988,220.54248010047223,220.74239484966427,23793597,Barclays
2024-09-10,216.5944061279297,224.79040748587875,216.5944061279297,222.74141858490697,35297193,Barclays
2024-09-11,215.045166015625,220.3575788197619,213.7947837171122,218.54346070494213,66928057,Barclays
2024-09-12,218.4934844970703,220.74238809447283,216.7943006890611,218.89328348051154,84571938,Barclays
2024-09-13,221.04225158691406,221.8348645123039,218.09369185094047,218.39354874388044,26828833,Barclays
2024-09-16,220.892333984375,221.99180419072172,219.19316523476627,220.24265674966898,23352431,Barclays
2024-09-17,224.89036560058594,226.1637469004374,222.0417482024369,222.1916842636497,41836456,Barclays
2024-09-18,223.39109802246094,224.98931792215913,222.99129902587066,223.79089701905122,46038527,Barclays
2024-09-19,227.53907775878906,227.53907775878906,224.59051811463863,226.88940055378046,47880775,Barclays
2024-09-20,226.6395263671875,229.03835097571388,225.34015668283783,226.7894471859623,69402309,Barclays
2024-09-23,223.09124755859375,227.38915552650855,221.7419144678206,227.18925602247046,28963678,Barclays
2024-09-24,226.2896728515625,229.7879673583309,223.28114506622902,223.64097025412218,41617232,Barclays
2024-09-25,223.09124755859375,228.23874748286372,222.28664709815013,223.9408395149489,25163698,Barclays
2024-09-26,226.93936157226562,228.23873113246188,225.39011383708373,225.39011383708373,38928906,Barclays
2024-09-27,229.1383056640625,229.1383056640625,224.17173249835926,225.09027583979176,38836293,Barclays
2024-09-30,224.44058227539062,228.58855392494604,223.39109087870986,226.18972951940736,30475294,Barclays
2024-10-01,219.59295654296875,226.88940294795364,218.29358686788572,224.59052048455365,35105841,Barclays
2024-10-02,220.09271240234375,222.49155223928864,217.89378732366032,219.74289207809568,44979363,Barclays
2024-10-03,219.2431182861328,222.09172034903818,216.0946441096329,219.34306040597744,40271438,Barclays
2024-10-04,226.13975524902344,228.1867614692149,218.89328795375087,218.89328795375087,39320183,Barclays
2024-10-07,229.53810119628906,229.73801595108208,224.8403942343888,226.68949895674265,28441204,Barclays
2024-10-08,228.33868408203125,230.03785270225686,227.2392292107578,228.28870539439285,22265092,Barclays
2024-10-09,230.53761291503906,230.53761291503906,227.08929692952518,228.78846557804678,21968348,Barclays
2024-10-10,231.037353515625,233.68607131010063,230.48563580676657,230.48763373406055,45453313,Barclays
2024-10-11,235.735107421875,235.735107421875,229.98790864045603,230.9374427801585,31789043,Barclays
2024-10-14,232.78651428222656,235.7850525439196,231.88695890426038,235.5851530434109,57673311,Barclays
2024-10-15,233.9359588623047,234.03590098507146,231.48715570988597,233.18632431046095,38896576,Barclays
2024-10-16,236.93450927734375,237.08443009489534,232.86248905746945,233.33625714255817,35189461,Barclays
2024-10-17,244.9805908203125,245.90413661150305,237.58418702679745,237.83406522418602,52767389,Barclays
2024-10-18,242.13197326660156,245.03055425573206,240.43280457465076,244.68073393020518,61009377,Barclays
2024-10-21,239.6331787109375,243.13147329065922,239.6331787109375,241.73216155931212,25124465,Barclays
2024-10-22,242.0819854736328,242.0819854736328,237.18437908958688,238.53371215391581,32138237,Barclays
2024-10-23,238.03395080566406,244.04103208030884,237.73410918742383,242.6816941559887,30653807,Barclays
2024-10-24,247.92913818359375,251.17755458828353,240.7826129424638,246.579789884181,48850966,Barclays
2024-10-25,241.28237915039062,250.27799417631604,241.28237915039062,248.67878287807545,99402220,Barclays
2024-10-28,241.6821746826172,242.03199497792303,234.78552787976543,240.28284774733328,38999270,Barclays
2024-10-29,238.68365478515625,243.90510856896503,237.3842851215882,242.5817485245057,83286742,Barclays
2024-10-30,241.9820556640625,247.17951918847263,236.78457688829732,236.88453426912164,52249910,Barclays
2024-10-31,237.38427734375,242.2818837020899,236.0849077227555,239.0334672752807,54088115,Barclays
2024-11-01,240.48277282714844,242.0320053826164,235.33527303360103,235.58515122014154,34968637,Barclays
2024-11-04,243.38134765625,245.58027259301724,239.08343990404137,239.23337596306078,133591019,Barclays
2024-11-05,244.7806854248047,245.38039922201983,242.03202514838696,242.63173894560208,28591141,Barclays
2024-11-06,258.02423095703125,258.4240299884783,250.7447895092692,250.8277416314955,109014314,Barclays
2024-11-07,253.72633361816406,259.57348967331745,253.57639754543786,259.17366014604755,37077657,Barclays
2024-11-08,251.37745666503906,253.77628116487946,248.22899760257926,251.77725566456107,29463841,Barclays
2024-11-11,260.52301025390625,261.87235866052356,253.67635659241182,254.17611300206931,47158973,Barclays
2024-11-12,257.37451171875,260.3730497193568,256.37499905188105,257.37451171875,35440090,Barclays
2024-11-13,258.723876953125,263.0467512203139,256.17510118318233,256.72485148777764,37127842,Barclays
2024-11-14,256.4749755859375,259.5434870231898,255.4254841570242,258.12416550897694,25442875,Barclays
2024-11-15,259.2236022949219,259.2236022949219,249.3284182749208,253.82622503364345,39728022,Barclays
2024-11-18,260.7229309082031,261.6224863653641,258.52399045495514,259.32361903009587,62281442,Barclays
2024-11-19,255.725341796875,261.322619266967,253.1765812479696,260.22314914740656,51889335,Barclays
2024-11-20,258.8238830566406,260.67295755805253,256.72489982230115,256.72489982230115,31095842,Barclays
2024-11-21,262.52203369140625,262.52203369140625,255.92524303869644,259.9232942824345,32355750,Barclays
2024-11-22,257.0746765136719,264.6709485686437,250.22800847478982,262.27212420903646,75378934,Barclays
2024-11-25,263.52154541015625,265.3706502032634,256.12515674043783,257.9242675915793,78251572,Barclays
2024-11-26,260.8228454589844,264.97081697109036,259.5234606762904,263.7713895567123,60513917,Barclays
2024-11-27,258.8238830566406,260.42307932783865,256.1751494142024,258.3241265962128,38376963,Barclays
2024-11-28,264.9708557128906,265.37065474190314,258.92378482675,259.2736204156525,27795051,Barclays
2024-11-29,263.6714172363281,265.3706008932234,261.8173408459802,263.7713745989757,33732740,Barclays
2024-12-02,262.721923828125,265.1207482489691,260.4230262768394,262.37208827654814,37219828,Barclays
2024-12-03,264.4710693359375,268.1942602836137,263.22167844763726,263.22167844763726,44720091,Barclays
2024-12-04,261.9722900390625,266.0203043543893,261.858331923758,264.2211936592902,29800816,Barclays
2024-12-05,267.4195861816406,267.5195435430234,263.42153574796134,263.42153574796134,26092339,Barclays
2024-12-06,264.67095947265625,269.46863889223397,264.12123967064065,267.719491609647,34652434,Barclays
2024-12-09,267.4195861816406,268.9688490263138,265.3705975354616,266.27015278249866,21226133,Barclays
2024-12-10,264.0712890625,268.1193036263244,263.42158135238424,265.5705582346882,23272737,Barclays
2024-12-11,266.5201110839844,268.86897252067416,261.5225465389904,262.0223029934898,66367713,Barclays
2024-12-12,270.568115234375,273.096881286798,267.4196256509932,268.81896791147784,30383450,Barclays
2024-12-13,269.2687072753906,271.86744631868396,268.1692372375312,269.51858544296294,17943580,Barclays
2024-12-16,270.16827392578125,273.11684862806374,268.619041422844,269.4186393915779,31793460,Barclays
2024-12-17,264.42108154296875,270.91791431309287,263.9713191143542,269.3187183410748,61963968,Barclays
2024-12-18,266.91986083984375,268.04733242280884,263.609493486424,263.97131660459985,25399661,Barclays
2024-12-19,260.1231994628906,260.7229132279002,257.0247037625987,257.47449671203316,51575171,Barclays
2024-12-20,260.1231994628906,261.12271223700355,254.57590051629293,256.67486819111735,68228161,Barclays
2024-12-23,261.4725341796875,261.9222966029697,259.17363661742826,261.07273519142296,13605305,Barclays
2024-12-24,263.42156982421875,264.0522743187797,262.1452145081473,262.82188658375503,8298189,Barclays
2024-12-27,264.77093505859375,265.77044786025147,263.41161228964,264.221215218766,15970484,Barclays
2024-12-30,264.62103271484375,265.6205455862879,261.27265849496337,262.47208614178123,14724719,Barclays
2024-12-31,268.01934814453125,268.01934814453125,263.07177814291964,264.1212543697952,9253099,Barclays
2025-01-02,266.76995849609375,268.01934948802256,260.463035209054,266.0203239009365,16234904,Barclays
2025-01-03,266.3201599121094,268.3691486598265,265.4755704960326,266.17020861125224,22674822,Barclays
2025-01-06,272.66705322265625,272.8170045302968,267.2197272920247,268.76895978084946,33697063,Barclays
2025-01-07,265.5705261230469,272.36720001405854,263.8713423989411,271.6675289505548,36053588,Barclays
2025-01-08,264.8708801269531,272.51714660366116,260.0232371637106,267.7194975798036,42976306,Barclays
2025-01-09,265.720458984375,265.9703371608691,260.9227796940639,262.37208531881254,77895220,Barclays
2025-01-10,257.92425537109375,266.27019301291693,256.4749801715384,264.42108830742063,58858463,Barclays
2025-01-13,260.5729675292969,261.5224862724058,254.97569042822627,257.72435029455767,44675614,Barclays
2025-01-14,263.6714172363281,263.97128932427086,258.3240491157846,262.0222275121089,29124701,Barclays
2025-01-15,280.8131103515625,282.31237942871405,267.3016920597965,267.5695668367241,65565586,Barclays
2025-01-16,282.5622863769531,285.4608674540198,281.11298058706444,284.86115366155866,37501667,Barclays
2025-01-17,289.2090148925781,291.6078393470768,284.66121366368964,285.9106045777731,51385499,Barclays
2025-01-20,291.70782470703125,293.4569721545603,289.8587198762441,292.207581120611,28352078,Barclays
2025-01-21,295.8058166503906,297.9997239997263,292.4074488282955,293.8567545467013,39436643,Barclays
2025-01-22,293.60687255859375,299.1541561624471,292.7073171772538,297.8548017785904,119155572,Barclays
2025-01-23,298.5044860839844,298.95427903672737,292.25753119982807,292.25753119982807,37652718,Barclays
2025-01-24,292.9072265625,297.4550283016777,292.25754931482066,296.85531449508477,22990549,Barclays
2025-01-27,288.2594909667969,291.93171228966327,287.4098989699051,287.45989291249316,33626143,Barclays
2025-01-28,289.2090148925781,289.87269281026926,284.9610857846944,285.86064114229293,39485551,Barclays
2025-01-29,296.1556396484375,298.304616637432,289.5088854222861,290.0586357810076,44836689,Barclays
2025-01-30,295.6558837890625,297.5049886305843,294.20660848289424,295.55595690793507,32430324,Barclays
2025-01-31,296.85528564453125,298.60443295051755,294.5064245902366,294.5064245902366,29162819,Barclays
2025-02-03,290.40838623046875,291.7487361010712,286.0155391453381,287.95959855667525,109731938,Barclays
2025-02-04,294.10662841796875,294.10662841796875,289.0091072624342,292.15756634291745,38513525,Barclays
2025-02-05,295.1561584472656,295.1561584472656,291.20810064303237,292.45749181577344,28853413,Barclays
2025-02-06,307.35015869140625,307.849915047002,296.35551886829904,298.15462954736097,74428801,Barclays
2025-02-07,304.5515441894531,307.2002468508714,302.75240295517625,305.8508985508408,31910538,Barclays
2025-02-10,302.60247802734375,308.7894642462202,302.60247802734375,304.50154610765094,25448783,Barclays
2025-02-11,306.30072021484375,308.2647592735494,301.6529611340521,302.3526323190152,27287744,Barclays
2025-02-12,307.6000671386719,312.24779560253216,306.0508344849552,307.65003057806524,38726785,Barclays
2025-02-13,293.10711669921875,301.40306040130156,287.7097538989053,295.4559777843919,95487410,Barclays
2025-02-14,294.45648193359375,295.65587901214286,291.3080226611755,292.7572979439278,80572764,Barclays
2025-02-17,304.25164794921875,305.95083167423206,298.3545293490583,298.454486715713,48798577,Barclays
2025-02-18,308.0498352050781,310.2987388447893,304.8014188366064,305.40110207169647,31610524,Barclays
2025-02-19,305.8009033203125,312.44765625210647,305.2511530686468,308.9993254553018,38353533,Barclays
2025-02-20,298.25457763671875,309.24921711764995,297.70485786375474,305.7509227373537,44965737,Barclays
2025-02-21,303.6519470214844,305.9008506036133,299.4040180330186,299.8038475164515,41171276,Barclays
2025-02-24,298.60443115234375,303.85187303870293,295.45597212106986,301.70292674768797,39817525,Barclays
2025-02-25,296.70538330078125,305.20124217294574,296.70538330078125,297.7548595486116,58511638,Barclays
2025-02-26,308.7994689941406,309.79898172044926,301.30312354682576,304.5015459693888,69455584,Barclays
2025-02-27,300.9568786621094,303.3911231214986,296.0084279094161,301.60670203577763,136383465,Barclays
2025-02-28,311.2037353515625,311.2127352535228,297.208064083437,299.00752583708135,104348091,Barclays
2025-03-03,311.0038146972656,315.90229352690886,305.5554876214719,310.403994114257,47887027,Barclays
2025-03-04,292.3095397949219,308.91042078035656,290.81000382076036,306.905029378388,71125845,Barclays
2025-03-05,303.356201171875,312.4033911771065,301.2398512455121,306.90509149238943,109193473,Barclays
2025-03-06,308.3045959472656,310.903797786011,303.9059631091555,307.90472578164434,69237234,Barclays
2025-03-07,298.6575927734375,306.6551182702994,298.4076701016606,302.2564853486531,39777130,Barclays
2025-03-10,284.4620056152344,300.5570336352522,280.0633721863713,299.6073456778723,96013777,Barclays
2025-03-11,283.4623107910156,284.8468922952788,277.4641660618122,283.36236611870896,64205536,Barclays
2025-03-12,292.0096435546875,294.15897234016745,286.1614471788375,287.11116549500036,53815331,Barclays
2025-03-13,288.76068115234375,295.80848878328356,286.6613244618061,291.9596732686547,35149260,Barclays
2025-03-14,294.6588439941406,295.25866453646915,285.36173236653826,287.2111358188529,40187488,Barclays
2025-03-17,294.7588195800781,297.15807124459656,291.55979702196015,296.20835284224086,47951738,Barclays
2025-03-18,303.55609130859375,304.6057849050334,295.0437404036913,296.75820638558787,54934802,Barclays
2025-03-19,304.8056945800781,305.95533280702995,299.5573182974315,301.5566997384397,40816410,Barclays
2025-03-20,301.9565734863281,308.37960474620496,298.5576310981545,306.3552371149364,35080182,Barclays
2025-03-21,297.3580322265625,301.7566655201353,293.0093712683151,299.45735844048636,72074784,Barclays
2025-03-24,303.506103515625,305.70540475721975,299.2074151880795,300.0071860553187,34814034,Barclays
2025-03-25,307.90472412109375,308.8044396159239,302.956243137321,303.10622114324093,73406373,Barclays
2025-03-26,309.15435791015625,311.50363722468273,304.30585177339725,308.8044600534157,33447570,Barclays
2025-03-27,303.4061279296875,305.70540434006705,298.75757226896593,302.9062825788973,49575169,Barclays
2025-03-28,293.4092102050781,301.95655318837635,293.1093152088051,297.907818198001,52813410,Barclays
2025-03-31,287.71099853515625,290.71007091950383,284.56197863321967,289.0605872097411,79020262,Barclays
2025-04-01,293.8091125488281,295.90846927708435,291.5098359705397,291.85973384327264,42981084,Barclays
2025-04-02,296.6582336425781,296.6582336425781,289.1605529270959,292.30957272597027,33005123,Barclays
2025-04-03,270.8161926269531,286.51134813046184,268.3669688244713,284.9118369791269,83298971,Barclays
2025-04-04,249.97267150878906,265.21793997391165,240.07572407306787,264.2682520798952,148960169,Barclays
2025-04-07,241.77520751953125,255.6889022735231,223.68079932708648,223.68079932708648,127396742,Barclays
2025-04-08,253.971435546875,259.86962006529524,243.0648059125385,245.42407666909259,91562896,Barclays
2025-04-09,241.57525634765625,248.97297682691254,238.4762242685948,241.3253336676963,67187218,Barclays
2025-04-10,260.1695251464844,309.9041413848613,260.1695251464844,308.9044506062005,103159497,Barclays
2025-04-11,257.8702087402344,264.2182197980003,250.9723342801556,262.5687363695404,74749197,Barclays
2025-04-14,270.3163757324219,272.7656303006687,261.9689517746017,263.4684879164326,30875395,Barclays
2025-04-15,279.1136779785156,279.51354818888626,269.0167949989141,269.9664829350267,42882246,Barclays
2025-04-16,277.9140319824219,278.68478965528794,273.41542355105173,274.9149596948418,82382137,Barclays
2025-04-17,277.2142028808594,279.61348482866697,274.0651834595335,277.9139985336595,27299550,Barclays
2025-04-22,279.9134216308594,280.0133968116416,275.2648655518324,276.71439889467854,49402964,Barclays
2025-04-23,293.6591491699219,297.7398874235185,284.66193268471574,284.91185536486034,37152214,Barclays
2025-04-24,289.51043701171875,294.8087855951462,287.71097542079167,293.1093296854334,85245595,Barclays
2025-04-25,292.7594299316406,292.9093774362088,288.9106146043151,291.3598690421057,32894742,Barclays
2025-04-28,295.00872802734375,298.4576425948554,291.1599127782609,291.1599127782609,27585988,Barclays
2025-04-29,297.9078369140625,301.6566771436858,295.1087150791997,297.6079418989486,38025663,Barclays
2025-04-30,296.7082214355469,309.90415238554317,287.82696555794917,309.90415238554317,95599721,Barclays
2025-05-01,294.70880126953125,299.20740934492994,291.95965189012094,292.6594475717717,23323919,Barclays
2025-05-02,300.9568786621094,302.0065722216307,293.6591486188375,298.25773202649657,37012296,Barclays
2025-05-06,298.0078125,303.4061363364841,292.209587965292,301.10685986239605,53053469,Barclays
2025-05-07,296.0583801269531,299.4073499086946,293.70910099599195,298.0577614285137,57720572,Barclays
2025-05-08,304.9556579589844,305.25558349563005,299.40738637466364,299.65730906779777,68823766,Barclays
2025-05-09,306.9050598144531,307.92775370098695,304.90567831729055,307.1050101674256,30367934,Barclays
2025-05-12,313.2030944824219,320.4008799641231,310.80384282456816,312.90319946574266,56096457,Barclays
2025-05-13,316.7520446777344,317.60178798242333,310.1540791170485,310.1540791170485,34889792,Barclays
2025-05-14,320.200927734375,320.7507759392455,313.2530954848832,316.7520130302523,34788080,Barclays
2025-05-15,322.2003173828125,324.4996244188416,318.95132243662965,320.2009358774692,43328424,Barclays
2025-05-16,325.3993225097656,326.6009465808023,322.45022274459353,323.10004610542535,34896375,Barclays
2025-05-19,325.59930419921875,326.89889002971927,321.4505629926338,322.85015451242447,30040938,Barclays
2025-05-20,329.4980773925781,330.64771565376736,325.64926190238765,327.29874553871485,28093280,Barclays
2025-05-21,327.8985900878906,331.09761292615156,326.94887160236675,328.14851279375034,27263394,Barclays
2025-05-22,326.5489807128906,328.3984147208615,321.8004496020106,325.5992927955991,31204174,Barclays
2025-05-23,323.20001220703125,329.99792771572027,311.97350443831164,326.49901003729155,39132476,Barclays
2025-05-27,327.99853515625,328.59835569686845,324.3996424206792,325.0994381360907,30892653,Barclays
2025-05-28,323.84979248046875,329.1081444599183,323.6998144791403,326.2490438959437,20539081,Barclays
2025-05-29,325.94915771484375,329.19815266112136,325.14941731593933,327.69861653207016,27844325,Barclays
2025-05-30,327.3987121582031,328.2984277083076,322.9001038995408,325.999151246025,52310756,Barclays
2025-06-02,326.9488220214844,327.89854036298607,322.65016433583463,324.79949317865953,18595152,Barclays
2025-06-03,329.1481628417969,329.7479833631819,321.8784089014924,327.09880911088186,27269277,Barclays
2025-06-04,325.8492126464844,331.8473571553335,324.74954671823394,329.8979479867013,42342840,Barclays
2025-06-05,326.9488220214844,327.84856803264944,324.09972801325557,324.09972801325557,23868229,Barclays
2025-06-06,333.09698486328125,334.1466479940372,326.64896703680375,328.0485280471923,38557917,Barclays
2025-06-09,332.3471984863281,333.9966821045589,329.69799362064873,333.0969665408094,17946358,Barclays
2025-06-10,323.25,332.49713914816743,323.25,330.89762789658624,71278280,Barclays
2025-06-11,322.9001159667969,326.44900596689075,322.6501932764201,323.5499088601483,48031211,Barclays
2025-06-12,323.84979248046875,325.24935326381774,316.90193038393835,318.0015961809043,46385664,Barclays
2025-06-13,319.2012634277344,319.2012634277344,315.4024505530152,317.8517052407568,61656560,Barclays
2025-06-16,325.4992980957031,325.8991682741663,319.55112622609386,320.80073960137827,32419385,Barclays
2025-06-17,321.6505126953125,324.7495602556991,320.30092402293457,323.7498694625513,33319731,Barclays
2025-06-18,325.0494384765625,326.29905190335853,322.25031660379545,322.90010948410134,31743515,Barclays
2025-06-19,319.651123046875,325.09944993537135,319.651123046875,324.89949957852815,15272321,Barclays
2025-06-20,323.8997802734375,327.1987473137079,321.1506309038327,321.1506309038327,54976252,Barclays
2025-06-23,318.55145263671875,323.7498567603874,317.75171223683463,322.10037311803853,24584331,Barclays
2025-06-24,333.3968505859375,333.3968505859375,326.89886099430754,327.8485793686476,53443541,Barclays
2025-06-25,331.74737548828125,333.64678177729553,328.44837776807117,333.39685909431626,28326349,Barclays
2025-06-26,331.09759521484375,335.59620367967506,330.64772216510414,331.89733562755725,27767378,Barclays
2025-06-27,338.4452819824219,340.24474358824864,334.0466489039672,334.0466489039672,35720599,Barclays
2025-06-30,337.1957092285156,339.2950661009914,332.34723304521685,338.6952454934064,22865391,Barclays
2025-07-01,329.5980224609375,336.6958017330125,329.3480997961986,335.69611107405683,24617583,Barclays
2025-07-02,325.6492614746094,337.9204593164988,319.251246782876,335.9460639856693,51318423,Barclays
2025-07-03,332.2472229003906,335.7461404836482,324.9494622075692,326.8988713500688,33811657,Barclays
2025-07-04,330.39776611328125,333.3468657901649,329.04817760846777,330.697661110734,15476731,Barclays
2025-07-07,334.1966247558594,336.04605885142854,331.4474750351368,331.54745021751876,19248214,Barclays
2025-07-08,334.5465087890625,337.94645806098487,333.2469229963294,335.0963570153273,38120942,Barclays
2025-07-09,339.5449523925781,339.5449523925781,335.94605964122496,336.1959823252337,33057727,Barclays
2025-07-10,343.543701171875,344.79331454039493,339.94480856890976,339.94480856890976,55679501,Barclays
2025-07-11,339.8948669433594,345.3431939255611,337.5455874966814,344.34350314043354,26291575,Barclays
2025-07-14,343.89361572265625,343.94358805656907,337.72252061466554,338.6452393199122,17404955,Barclays
2025-07-15,343.2438049316406,346.6427471801572,340.89452570564845,346.19287416585314,37652535,Barclays
2025-07-16,342.4940490722656,348.19226790962523,341.6942781860142,342.5440214053451,41093798,Barclays
2025-07-17,351.0914001464844,351.89114053535405,343.59371959530495,346.39284146448915,21147896,Barclays
2025-07-18,349.5418395996094,349.5418395996094,343.7436458681667,347.8923560818833,26646132,Barclays
2025-07-21,352.6908874511719,352.6908874511719,346.192897519897,347.6924336578835,43624091,Barclays
2025-07-22,348.6421813964844,350.84151345371237,343.8436775547149,349.44192186739815,29163457,Barclays
2025-07-23,351.7411804199219,352.74087112425127,346.4928042221926,350.04169401930625,54654264,Barclays
2025-07-24,358.2891540527344,360.78838089532894,350.93144487204313,351.3912940688013,33393108,Barclays
2025-07-25,360.3885192871094,363.1566754512298,354.7902449247106,359.1389058360445,73558090,Barclays
2025-07-28,361.08831787109375,366.19373325760125,359.6387540531685,364.88713058903824,23321180,Barclays
2025-07-29,371.085205078125,372.68468581331547,355.0401508205429,359.48878669915746,54910973,Barclays
2025-07-30,374.884033203125,375.03398071477807,366.8865071614583,374.884033203125,34619306,Barclays
2025-07-31,371.1851501464844,376.2336065603532,370.63533245668236,374.5341201421915,52230372,Barclays
2025-08-01,356.5397033691406,370.0155457937255,352.4909679953421,367.5363017265736,31946918,Barclays
2025-08-04,362.3379211425781,365.9867862442292,359.88866662479217,361.13828005057275,46854272,Barclays
2025-08-05,360.7384033203125,367.2363930166446,359.37380473854773,367.2363930166446,28505056,Barclays
2025-08-06,364.7871398925781,365.9867809672866,362.68778326590814,365.9867809672866,64620801,Barclays
2025-08-07,361.91778564453125,365.4669671945212,360.3681498715829,363.11752531501514,83644462,Barclays
2025-08-08,367.866455078125,367.866455078125,361.61787437976477,363.06752679539557,71584352,Barclays
2025-08-11,370.9157409667969,371.9805015319873,365.5169734807303,369.6160484183419,16640285,Barclays
2025-08-12,373.9150695800781,374.86486605198724,370.2158975965508,371.8155403599855,26541665,Barclays
2025-08-13,373.4151916503906,375.41473752268183,372.2654588759529,374.115044909952,23288060,Barclays
2025-08-14,374.81488037109375,375.1648070127426,372.21546454682357,374.81488037109375,20413339,Barclays
2025-08-15,371.0657043457031,379.23785922767115,368.86622228031405,377.81417139547506,32981703,Barclays
2025-08-18,371.11572265625,372.21544846728193,366.66672092744494,370.56582924008563,20397846,Barclays
2025-08-19,372.0155029296875,375.41472469429726,371.56559291953647,371.6655763118642,14132345,Barclays
2025-08-20,372.6153869628906,373.5151765068107,367.96641838311416,370.26591445163075,20100018,Barclays
2025-08-21,373.8650817871094,375.564677381753,370.26589330632436,374.2149778876277,19805084,Barclays
2025-08-22,376.3645324707031,378.2640949394493,373.46516655926837,374.3649866066232,23768320,Barclays
2025-08-26,373.7151184082031,375.11482495384786,368.76626058689953,373.81510180584195,29403636,Barclays
2025-08-27,371.3156433105469,376.2145243439105,367.16659194077914,375.6146850215515,34678914,Barclays
2025-08-28,368.5662841796875,373.71510866199117,366.366802042241,373.16524575529166,21372591,Barclays
2025-08-29,360.31817626953125,366.616764356558,352.7699024668378,364.8671616397145,43548289,Barclays
2025-09-01,367.216552734375,367.2665596828723,362.46763173394345,363.9173145593861,17417191,Barclays
2025-09-02,359.6183166503906,369.7159983161181,358.31859360177293,368.9661686571395,28693331,Barclays
2025-09-03,362.1677551269531,362.3677219234155,355.6442426584733,359.1184598001233,24744128,Barclays
2025-09-04,370.1659240722656,370.21590051406605,361.4179110118137,362.76761055755594,23574721,Barclays
2025-09-05,360.9679870605469,372.4153987706415,360.5181075697625,372.4153987706415,24020916,Barclays
2025-09-08,366.46673583984375,366.46673583984375,363.1674975501848,363.9173272078934,19572415,Barclays
2025-09-09,373.4651794433594,373.4651794433594,365.81692235152786,368.9662010939703,25656974,Barclays
2025-09-10,374.9648132324219,377.0643424205853,372.16546132196896,374.2649905101324,30874965,Barclays
2025-09-11,379.46380615234375,380.6635458813771,373.4151920858683,376.9143973664588,33834978,Barclays
2025-09-12,380.0137023925781,381.8132814888258,378.41405957888634,380.3136220717364,14315611,Barclays
2025-09-15,384.5626525878906,386.46221505851804,381.2634141131508,381.9132604174906,20158639,Barclays
2025-09-16,374.764892578125,385.712387962311,373.8651030344541,384.9125818147477,51928207,Barclays
2025-09-17,378.3140869140625,380.91350274621914,373.54017706970114,377.11437765274775,28082218,Barclays
2025-09-18,384.462646484375,384.6126368239893,376.9143734900921,379.66374889353443,24966437,Barclays
2025-09-19,381.5633239746094,388.5617343258138,377.66421573821077,388.5617343258138,78944993,Barclays
2025-09-22,383.2629699707031,384.36272632783607,379.1638947362891,382.1632136135702,27294342,Barclays
2025-09-23,389.2115783691406,389.81144821220016,383.262947911307,386.26226661595683,36179557,Barclays
2025-09-24,384.9625244140625,386.9120936794967,379.6637405033304,384.3626851114484,23537903,Barclays
2025-09-25,376.2645263671875,384.0127661228782,375.0647867168864,382.21315664742656,31719401,Barclays
2025-09-26,382.51312255859375,383.4129120780293,376.9143881445034,376.9143881445034,28960805,Barclays
2025-09-29,380.7135009765625,386.1122989438418,380.31359792619105,382.7630536895176,21435248,Barclays
2025-09-30,379.5137939453125,385.0625212629969,379.3138271636863,382.16318599330015,35398710,Barclays
2025-10-01,380.1136779785156,381.8632805958353,374.71487977941047,378.9139382652371,44205760,Barclays
2025-10-02,380.213623046875,384.5126648388799,379.313833535736,381.1634195095842,37181357,Barclays
2025-10-03,385.2624816894531,388.5887218796419,383.0129927311776,384.91255508270314,34745760,Barclays
2025-10-06,381.0134582519531,385.36247646862404,377.7891845476636,384.91256645941246,28622908,Barclays
2025-10-07,378.6639709472656,384.91255132593335,377.9641177405963,381.01344327177395,33197675,Barclays
2025-10-08,382.71307373046875,385.8623829370403,379.3638587505833,379.96369811312155,45185809,Barclays
2025-10-09,374.4649353027344,381.2134025185192,374.4649353027344,377.6642208537361,36965461,Barclays
2025-10-10,372.4154052734375,378.6140094580866,371.8655423826619,373.2152113892288,29639365,Barclays
2025-10-13,374.61492919921875,375.9645982466466,370.9157571527353,373.5651493159823,26450947,Barclays
2025-10-14,380.9134826660156,380.9134826660156,369.5440557401803,372.5653726786859,25709451,Barclays
2025-10-15,379.16387939453125,384.21272042940814,377.56423662257635,384.21272042940814,28507828,Barclays
2025-10-16,379.16387939453125,383.08998959871525,375.1148112782952,379.31383923019774,23611230,Barclays
2025-10-17,357.7187194824219,365.3670063207969,353.46968479916757,360.21815164904206,77116129,Barclays
2025-10-20,361.71783447265625,363.8543731479759,357.5188064660463,361.1179951221752,34215853,Barclays
2025-10-21,364.16729736328125,367.81646253191593,363.86737768227255,364.6671838387284,29867197,Barclays
2025-10-22,381.91326904296875,384.51268482968425,371.13370409906787,372.415425964675,114371754,Barclays
2025-10-23,386.6121826171875,388.5617214152867,380.1136589355634,381.56331129661453,42702315,Barclays
2025-10-24,388.2117919921875,388.2117919921875,379.91368940162124,386.5621728640203,33272193,Barclays
2025-10-28,404.358154296875,404.3821356654415,393.51061242591163,397.909607004231,72950638,Barclays
2025-10-29,404.9580078125,408.40723658028924,403.30838860163703,408.15729335104794,32672661,Barclays
2025-10-30,405.7578430175781,407.2625061339935,401.1089050722596,404.90802993903327,53875055,Barclays
2025-10-31,406.9075927734375,408.3202663452001,404.15821714658995,404.85807041950176,29240730,Barclays
2025-11-03,406.5076599121094,408.70714194606046,404.6080975384912,407.50743279408175,106413186,Barclays
2025-11-04,406.20770263671875,406.35769297490896,396.5599005965506,404.5081070734791,30126221,Barclays
2025-11-05,405.6578674316406,406.60766392193835,401.458808910159,403.50836172852564,42372150,Barclays
2025-11-06,409.7069396972656,412.90622531803297,407.3074907370146,408.4072470760689,65890100,Barclays
2025-11-07,404.60809326171875,414.45583163653714,403.808256658207,413.8559923222117,33549227,Barclays
2025-11-10,417.1552429199219,417.95504903642,410.45675227932134,411.9064351899528,35794947,Barclays
2025-11-11,422.7539978027344,426.10324328572506,419.80566224883825,419.904638794499,67493203,Barclays
2025-11-12,428.9525451660156,429.35247872952255,420.70441884436366,420.70441884436366,39313072,Barclays
2025-11-13,427.1529846191406,430.80214971387426,425.7533086183638,430.4522230860179,36632795,Barclays
2025-11-14,413.4060974121094,418.2550021175007,409.50698917347177,418.2550021175007,34799102,Barclays
2025-11-17,410.7066955566406,412.90620814326087,409.1570597642361,412.1563784674559,36053201,Barclays
2025-11-18,399.7091979980469,401.70874382197036,395.0352718388849,395.9100731368514,34964137,Barclays
2025-11-19,399.50927734375,403.358409307442,394.25146870921407,398.95938391428024,31094998,Barclays
2025-11-20,397.6596984863281,405.8078420829124,397.6596984863281,405.7078586838657,21960599,Barclays
2025-11-21,392.1109313964844,395.0102666142364,389.26157261791997,391.7610047902315,44762935,Barclays
2025-11-24,400.509033203125,401.7087423868042,397.2597712508578,399.00937384054015,47510313,Barclays
2025-11-25,409.9068908691406,413.4560724760656,404.45811633503564,408.90711796458174,76904301,Barclays
2025-11-26,422.85394287109375,426.45310075457485,409.3570092761008,412.10638463804383,55231292,Barclays
2025-11-27,429.8523864746094,430.80215245838605,421.354316509967,422.85397591549213,26966929,Barclays
2025-11-28,430.1523132324219,432.3018189802623,428.7026302456241,430.2022896758359,23628366,Barclays
2025-12-01,429.50244140625,431.77691863819143,426.50312272395865,429.30247462317163,25230556,Barclays
2025-12-02,436.3009033203125,438.15149620609367,429.4024761616383,432.0518683408318,29684291,Barclays
2025-12-03,433.2515869140625,436.5508252386588,430.90211452623316,436.5508252386588,44068058,Barclays
2025-12-04,439.10028076171875,442.8534261245256,435.8510187562275,441.34976984244344,48021624,Barclays
2025-12-05,434.30133056640625,443.7791884001878,434.30133056640625,441.6496672958693,20292757,Barclays
2025-12-08,436.9007568359375,436.9007568359375,429.70237975932434,434.35134814790445,68625536,Barclays
2025-12-09,439.90008544921875,441.2497849953403,436.45085666586897,438.80032913346605,31546937,Barclays
2025-12-10,442.14959716796875,442.54950025491104,435.4511060467492,439.10030180555304,67159116,Barclays
2025-12-11,446.79852294921875,448.7980688389093,441.2997717525698,441.89964162160675,24388070,Barclays
2025-12-12,444.2491149902344,454.4967876944159,444.2491149902344,451.54744529724553,40414755,Barclays
2025-12-15,454.1468505859375,456.87123790512095,448.04822964930213,448.04822964930213,25991599,Barclays
2025-12-16,450.3477478027344,457.3961350567256,448.94804123229227,452.8971566791185,32213422,Barclays
2025-12-17,458.0459289550781,463.9945896665731,454.5967309001271,456.29632645294976,49808915,Barclays
2025-12-18,463.1947937011719,464.44450988373563,457.1461795818229,457.1461795818229,23277854,Barclays
2025-12-19,468.8435363769531,470.1432290056703,464.7444611862039,466.9939503202024,55651367,Barclays
2025-12-22,467.84375,469.49336921545336,465.5942609305686,468.99348275557975,19053174,Barclays
2025-12-23,471.492919921875,473.04255575921997,465.74422557398793,468.8435277593263,30256669,Barclays
2025-12-24,469.6433410644531,472.93159574612446,469.34342138511647,471.44292016177104,4908878,Barclays
2025-12-29,469.1434631347656,474.0873477619596,468.89351989388405,471.7928553859807,20672147,Barclays
2025-12-30,476.69171142578125,477.4415411085047,468.84351848846103,470.1432110675891,19330769,Barclays
2025-12-31,475.8419189453125,475.8918953855269,472.14274705003163,475.49199233187016,5418881,Barclays
2026-01-02,479.39111328125,482.3404555880738,475.59198840423966,477.14162421997196,20953437,Barclays
2026-01-05,486.53948974609375,488.8889622311338,480.5408521727056,485.0898373055807,38715300,Barclays
2026-01-06,488.2890930175781,492.83807815647066,485.0398309943614,486.1395873197337,43672809,Barclays
2026-01-07,479.44110107421875,487.8891946197423,478.6412949266427,486.6394784449991,40250735,Barclays
2026-01-08,484.5899353027344,486.9743729144581,476.39379904711933,478.79123419467237,33129578,Barclays
2026-01-09,484.7898864746094,486.7894323297413,481.3906646230148,484.0900637317023,16503598,Barclays
2026-01-12,472.94256591796875,476.1668396756193,460.9452909206815,469.89327072708414,32588967,Barclays
2026-01-13,477.2416076660156,481.69057883686423,475.19205488134884,477.4415439428734,42317714,Barclays
2026-01-14,479.6910400390625,482.2904557615187,472.89259631323733,475.44200508275964,33944846,Barclays
2026-01-15,484.1900329589844,487.2393587973747,478.99123186655333,484.24003991343966,64030157,Barclays
2026-01-16,488.8389892578125,488.8389892578125,482.94030452693755,485.23980058610965,27607986,Barclays
2026-01-19,482.89031982421875,484.24001936685085,477.0416421465784,479.69103427950915,34834142,Barclays
2026-01-20,479.4911193847656,482.14051163584463,475.2420842899966,478.8912495045507,108917905,Barclays
2026-01-21,475.49200439453125,479.54107249532717,469.8932699693624,476.8916803731614,57152586,Barclays
2026-01-22,485.3397521972656,489.88870655386427,481.8905235897196,485.1397854189034,28515315,Barclays
2026-01-23,480.19091796875,486.639465462653,479.8909982990723,484.5899431950099,27617455,Barclays
2026-01-26,480.6408386230469,483.8901006626203,480.12594091628006,482.7903443317118,18075592,Barclays
2026-01-27,489.6887512207031,491.3883773445669,483.9400570808633,484.93982997474853,34286583,Barclays
2026-01-28,479.6910400390625,490.88850906934357,479.6910400390625,489.98871953366796,33418557,Barclays
2026-01-29,479.4911193847656,488.2891092590863,477.64153330020685,483.290244441711,29788023,Barclays
2026-01-30,486.0896301269531,490.338665248655,481.2477120600184,483.2402710608584,37576953,Barclays
2026-02-02,499.4365539550781,499.55154858903376,479.6410621858516,481.3406883676325,47130277,Barclays
2026-02-03,501.486083984375,504.18545246084574,497.88689550510026,501.486083984375,40282690,Barclays
2026-02-04,483.1402587890625,506.28499555494494,483.1402587890625,505.68512570677615,44992456,Barclays
2026-02-05,466.3440856933594,488.0891464681218,465.9441521211673,480.7408094834863,39097422,Barclays
2026-02-06,478.9912109375,481.9625209154077,467.79374205581195,469.49336822003806,24556036,Barclays
2026-02-09,486.4394836425781,486.4394836425781,468.04366871175756,480.6408131299288,46398586,Barclays
2026-02-10,474.2922668457031,499.18660643581853,471.3429550399586,495.037554922574,65869573,Barclays
2026-02-11,477.39154052734375,488.13909876958235,473.89233551824276,476.6417108825364,45662962,Barclays
2026-02-12,463.4947204589844,487.9891563988958,463.4947204589844,484.88985432069586,64979878,Barclays
2026-02-13,453.89691162109375,467.4938296131946,444.74899538548556,464.89441388504093,62621593,Barclays
2026-02-16,460.9453125,466.6940070386607,459.8955630928522,461.94508546324533,29724887,Barclays
2026-02-17,473.8423767089844,473.8423767089844,459.4956295357655,461.9450548268801,34450657,Barclays
2026-02-18,485.9396057128906,489.5888012054486,474.5922077093942,475.3420373841969,31841948,Barclays
2026-02-19,467.89764404296875,484.1838156425224,466.1978220838611,483.09592470642747,83183935,Barclays
2026-02-20,473.7469787597656,478.3964829262449,469.9474161117616,474.9468567086952,41771607,Barclays
2026-02-23,462.9482116699219,481.5461372912441,461.14842521250813,476.44670164301897,52117956,Barclays
2026-02-24,459.8985595703125,461.99830024098077,451.0495434790524,461.7483282074094,40643463,Barclays
2026-02-25,470.2973937988281,470.2973937988281,462.0483166254637,462.0483166254637,62717186,Barclays
2026-02-26,472.59710693359375,474.9968322838181,466.0978342482308,469.1974934779289,33176881,Barclays
2026-02-27,452.7993469238281,471.2972773758286,447.79990626112533,454.54915115577415,97142602,Barclays
2026-03-02,437.30108642578125,437.3270844940109,422.10277441238975,436.0512262442249,75561153,Barclays
2026-03-03,422.5027160644531,429.1619746552239,412.9437880067995,424.9524541824647,103520985,Barclays
2026-03-04,430.55181884765625,436.20118046894873,417.95322277597836,423.2526174619703,115491818,Barclays
2026-03-05,416.9533386230469,437.60102183092386,416.9533386230469,431.90167795680463,57741583,Barclays
2026-03-06,404.1047668457031,422.0487729725856,400.50516360662226,420.8029102111866,44439425,Barclays
2026-03-09,397.35552978515625,398.30543569765,382.7571572405403,389.6564096277824,66734984,Barclays
2026-03-10,417.75323486328125,419.5530517469924,409.75413008455564,414.95356039639256,68568279,Barclays
2026-03-11,410.2041015625,416.00344045753525,408.4043151507067,411.90392357354335,75235209,Barclays
2026-03-12,389.30645751953125,409.00423577687025,385.23190110037353,408.6542993355095,87205325,Barclays
2026-03-13,386.206787109375,391.90616161024684,379.70751431659585,383.45709477396844,74968667,Barclays
2026-03-16,388.1065673828125,393.30599780856136,381.40733529235723,386.9567021485114,85716014,Barclays
2026-03-17,393.7059631347656,398.5554268152586,386.83173203241256,389.5064206556621,66801654,Barclays
2026-03-18,399.0053405761719,409.5621732217936,396.90559994341845,397.9054880596491,45737621,Barclays
2026-03-19,381.55731201171875,392.55608131202735,375.3080112729071,389.9563661018489,95797421,Barclays
2026-03-20,373.858154296875,391.3062138386593,371.3084518488381,389.9563588015137,124507818,Barclays
2026-03-23,382.2072448730469,507.3932533065884,361.3095886662744,364.60920735159885,219645217,Barclays
2026-03-24,384.00701904296875,385.80683596166756,375.55798276469193,381.8072834945551,102635403,Barclays
2026-03-25,394.8558044433594,398.3554127920848,389.1064478704533,390.9062647582957,74679798,Barclays
2026-03-26,385.4068908691406,391.9061636965179,381.207348528862,390.45631370628354,43024695,Barclays
2026-03-27,382.1572570800781,387.90661385147496,378.0577096272058,387.6066291027296,120497634,Barclays
2026-03-30,384.85693359375,385.75682680431527,377.15781333206473,377.95771162719745,32853733,Barclays
2026-03-31,389.40643310546875,393.97891943802847,383.9570307498383,384.10700786214227,58283900,Barclays
2026-04-01,409.0542297363281,413.00077905339367,404.60471546473985,411.3039779719071,97007719,Barclays
2026-04-02,408.70428466796875,411.60395422394214,397.25555305080854,400.2052353231914,81419503,Barclays
2026-04-07,405.75457763671875,416.61935901561077,403.2048751945327,410.604041010955,46624062,Barclays
2026-04-08,435.95123291015625,447.0499974655184,434.0514515301238,440.15077534110344,62992465,Barclays
2026-04-09,433.4015197753906,436.9511104117426,429.45194947790264,434.4014078999026,34096918,Barclays
2026-04-10,440.9506530761719,442.9004470811536,434.4513804117838,438.350937907584,66876587,Barclays
2026-04-13,434.9513244628906,438.65092264674604,431.3517211920892,435.201296488444,53330332,Barclays
2026-04-14,442.90045166015625,442.90045166015625,434.1514306753345,438.95088140991413,45814381,Barclays
2026-04-15,440.8006896972656,442.95044308116985,439.00087274870816,441.30063376394867,48623581,Barclays
2026-04-16,437.5510559082031,448.9307642702048,437.3760571753079,442.35050677170045,38536500,Barclays
2026-04-17,452.7993469238281,455.0990774230058,435.20130968828136,437.9510020527679,46508486,Barclays
2026-04-20,442.7504577636719,447.4239461758941,439.90080096585126,443.70036370572177,118001488,Barclays
2026-04-21,437.801025390625,447.5499346930253,437.30108132383526,446.94999571004473,36628892,Barclays
2026-04-22,434.201416015625,441.600581999184,432.22663087622146,439.9007905040517,61875232,Barclays
2026-04-23,427.75213623046875,431.65071743991604,422.85269042274285,431.3517396553449,52526961,Barclays
2026-04-24,424.05255126953125,427.95210877469225,419.4030776859099,422.9026860520581,61778014,Barclays
2026-04-27,427.3521728515625,430.3018549868383,422.7526814347611,423.60259243256627,43658349,Barclays
2026-04-28,426.50225830078125,428.8520014466104,409.0542292049011,417.953227222353,58069934,Barclays
2026-04-29,430.9517822265625,430.9517822265625,421.3528501158991,428.902023774306,80951265,Barclays
2026-04-30,431.4017333984375,432.101636760666,421.9527786379647,429.0519902581659,57699966,Barclays
2026-05-01,433.70147705078125,435.4512812809573,424.3025347172398,428.30208724335654,27779555,Barclays
2026-05-05,419.5030517578125,430.7517931940874,414.853578066985,429.80191778130035,100384663,Barclays
2026-05-06,442.6004638671875,454.69911604849585,424.15254662627433,424.6524906791039,84940634,Barclays
2026-05-07,438.4759216308594,447.6499132292646,435.30128912857305,443.9503150647266,45776782,Barclays
2026-05-08,434.15142822265625,441.55059411090076,428.202081780922,429.9518859680011,28064209,Barclays
2026-05-11,429.052001953125,439.1508781517116,428.6020400897278,433.7014756468521,63383850,Barclays
2026-05-12,414.85357666015625,418.3531850951297,409.3541919766266,418.3531850951297,78666695,Barclays
2026-05-13,422.3027648925781,424.70249034200134,414.05368768169757,422.35274709425096,33222521,Barclays
2026-05-14,434.6513671875,437.70101367218354,429.00197503831043,434.9513214103937,36672528,Barclays
2026-05-15,423.25262451171875,426.0523295265922,416.95334162803965,420.5029322108144,59549672,Barclays
2026-05-18,426.2522888183594,429.90489521690955,417.7032576889194,419.8030288214271,31744714,Barclays
2026-05-19,424.95245361328125,432.05166541177124,424.60248666629633,428.15210782262335,32439554,Barclays
2026-05-20,440.55072021484375,443.40040751427046,419.6030514938656,419.6030514938656,47865388,Barclays
2026-05-21,441.400634765625,443.95033733519506,434.65138977235347,438.8509016818903,40889028,Barclays
2026-05-22,445.7501220703125,447.449944119561,440.5007093180718,444.35028477254787,32891397,Barclays
2026-05-26,453.4992370605469,459.6385646618035,449.8996642998825,454.7991099033764,38958474,Barclays
2026-05-27,456.1989440917969,460.3484735900184,453.7492060493647,455.4490280193172,120267407,Barclays
2026-05-28,452.3993835449219,455.1990580223153,447.8498743764535,452.04941660670687,69940534,Barclays
2026-05-29,457.8987731933594,463.0481908684208,452.29939366213694,453.69923091640163,74917831,Barclays
2026-06-01,454.7491149902344,461.4483777504572,449.7496742778784,461.4483777504572,36733639,Barclays
2026-06-02,470.14739990234375,522.9414797221667,458.84864598990595,459.59856206981345,52243558,Barclays
2026-06-03,459.74853515625,468.69754583709823,458.39871063556967,468.1476195889813,31024015,Barclays
2026-06-04,463.84808349609375,466.89776050965037,453.1492991343858,460.29849294669077,27698005,Barclays
2026-06-05,457.5987854003906,464.79799196598873,456.44892018184515,463.0481877812828,30605114,Barclays
2026-06-08,456.79888916015625,461.4983449686975,451.1495274414417,451.999407923618,25879639,Barclays
2026-06-09,447.89990234375,462.198290470654,447.8728973083617,456.69890572735795,41425146,Barclays
2026-06-10,445.7501220703125,450.6495983837354,439.7507932106089,448.5998093815046,53881051,Barclays
2026-06-11,448.8997802734375,451.9494268106314,444.35027105346063,444.35027105346063,35806483,Barclays
2026-06-12,472.797119140625,473.00409672058856,460.0485451927941,462.7982376129145,41469083,Barclays
2026-06-15,479.8463134765625,488.49533980624005,476.59069623723764,486.09561436710476,36957050,Barclays
2026-06-16,486.8955383300781,490.8450781449833,479.114395944901,479.39637733627364,41796671,Barclays
2026-06-17,503.44366455078125,505.66341738068786,413.953678498557,492.84484445740577,47256526,Barclays
2026-06-18,500.54400634765625,503.9436199028985,498.69420719557667,501.54389448238425,65649737,Barclays
2026-06-19,496.39447021484375,499.5940938957288,491.844960952691,493.44478805021544,80916692,Barclays
2026-06-22,515.9422607421875,516.5421691921849,493.4947606418282,496.9443868001302,76410772,Barclays
2026-06-23,511.4427795410156,519.1049471964344,507.3432320967983,509.8429524269108,67815800,Barclays
2026-06-24,507.1432800292969,515.4423394382528,506.4433461211931,513.0425834757052,77830631,Barclays
2026-06-25,521.2416381835938,521.267636249842,507.6431848560133,510.44285924365346,36888398,Barclays
2026-06-26,510.64288330078125,519.9448211487446,506.14338668842953,514.0424663464498,24461133,Barclays
2026-06-29,505.24346923828125,510.5648954466429,504.34357600745193,509.842960824277,33202632,Barclays
2026-06-30,506.5433349609375,512.4426688507277,504.1436095413474,506.6433298772047,33071775,Barclays
2026-07-01,514.9423828125,515.6423167035417,503.74362364081503,506.5433286908182,47729679,Barclays
2026-07-02,522.0415649414062,524.0413411886874,512.0426837050006,512.9426074276082,51755954,Barclays
2026-07-03,522.2415771484375,526.4760888866939,517.6410785123295,523.641444992846,13341776,Barclays
2026-07-06,529.4407348632812,529.9406788999794,521.1416760597579,522.5414827455177,39662289,Barclays
2026-07-07,516.042236328125,531.2405480169135,516.042236328125,531.04055818647,28990821,Barclays
2026-07-08,512.4426879882812,513.5425405658018,496.244487401327,512.4426879882812,35418203,Barclays
2026-07-09,506.9432678222656,509.8429372158522,501.7438374850899,503.74361368951696,21441024,Barclays
2026-07-10,512.5426025390625,513.9424702545879,506.94325373361096,509.34297900939913,29755341,Barclays
2026-07-13,509.94293212890625,513.0425608344376,506.24333394505084,509.34299316474545,23175441,Barclays
2026-07-14,519.8418579101562,525.2412171402334,502.4437802138097,508.14315470249755,28490804,Barclays
2026-07-15,524.4413452148438,524.6413350545289,514.8924253961023,517.8421077035488,44805585,Barclays
2026-07-16,524.7412719726562,528.140915984228,517.2421110897725,526.6410838076512,26094075,Barclays
2026-07-17,516.6422119140625,520.4417746239994,504.94350852088326,519.1419322532748,27866781,Barclays
2026-07-20,512.3427124023438,519.241904019417,509.2430225207634,512.4426768059985,59535921,Barclays
2026-07-21,522.341552734375,522.341552734375,508.2430943153991,512.5426008153029,48849522,Barclays
2026-07-22,526.9410400390625,529.9407044036112,518.3420266053539,520.7417214799962,27169393,Barclays
2026-07-23,519.44189453125,528.1359293290465,511.1428350822299,526.0411319176203,49486885,Barclays
2026-07-24,525.3412475585938,525.6412017917255,516.9421628609339,518.2420052233906,34304953,Barclays
2026-07-27,530.3406982421875,538.2397779963508,528.7328458768465,529.9407185715564,51304166,Barclays
2026-07-28,504.9435119628906,512.3427086287279,491.5949991576724,507.9431763903929,85105022,Barclays
2026-07-29,492.44488525390625,504.94348640248256,491.4949793609493,504.94348640248256,62598231,Barclays
2026-07-30,510.84283447265625,513.6425395175244,485.9456263841998,489.3452398898161,32319893,Barclays
2026-07-31,508.6430969238281,520.4417644894902,504.44355463006303,514.3424713919145,32454284,Barclays
2026-08-03,514.9423828125,518.8419708994986,511.24278455556015,516.7421692263732,68176981,Barclays
2026-08-04,522.2415771484375,524.7412975646452,512.0427056446441,518.541978726784,66925791,Barclays
2026-08-05,527.4409790039062,530.6906153674374,518.0420063411314,524.3413502684842,53713064,Barclays
2026-08-06,520.0,529.8040161132812,520.0,526.5,21401502,Barclays
2026-08-07,516.0,525.2999877929688,514.5,519.2999877929688,26833764,Barclays
2026-08-10,518.0,518.7000122070312,512.7999877929688,516.0,28559111,Barclays
2026-08-11,516.0,521.0,514.5,518.0,17532809,Barclays
2026-08-12,519.4000244140625,520.0999755859375,516.0,518.0,16456343,Barclays
2026-08-13,519.0,525.0999755859375,517.9000244140625,522.5999755859375,38819930,Barclays
2026-08-14,520.5,522.2000122070312,515.2990112304688,520.5999755859375,27761436,Barclays
2026-08-17,515.4000244140625,523.5999755859375,514.4000244140625,523.5,37399052,Barclays
2026-08-18,503.6000061035156,514.7999877929688,503.20001220703125,514.0,42921240,Barclays
2026-08-19,496.1000061035156,507.3999938964844,495.75,503.3999938964844,33346849,Barclays
2026-08-20,489.0,496.70001220703125,489.0,495.1499938964844,33368597,Barclays
2026-08-21,492.6000061035156,495.73699951171875,484.8500061035156,489.0,26642487,Barclays
2026-08-24,495.3500061035156,497.25,488.95001220703125,491.70001220703125,38895532,Barclays
