Date,Open,High,Low,Close,Volume,GBPUSD,Open_GBX,High_GBX,Low_GBX,Close_GBX
2015-01-02,155.58163415690402,155.9241787658553,153.51039405407778,154.8726348876953,1877700,1.5579720735549927,9986.163218054136,10008.149787310776,9853.218594849173,9940.655388918862
2015-01-05,153.7971837474583,154.57787671796507,149.35199273029062,150.03709411621094,3413200,1.5284910202026367,10062.027301087377,10113.103359774545,9771.205113818109,9816.027188456761
2015-01-06,150.00524795514949,150.29203489059606,146.52397084739098,147.001953125,3429200,1.5258322954177856,9831.044237668124,9849.839680411591,9602.8882916829,9634.214295139798
2015-01-07,148.850112882862,149.75826933077536,147.9897522234295,149.19265747070312,1896800,1.5137982368469238,9832.889830344928,9892.881738500731,9776.055264252122,9855.517983787266
2015-01-08,150.8417030129704,152.0127485921334,150.7620352523169,151.57460021972656,1962500,1.5107566118240356,9984.51384110438,10062.027688801469,9979.240472778205,10033.025772213605
2015-01-09,151.74193057519346,152.4031342871325,148.93780446999313,149.2484893798828,1980700,1.5087963342666626,10057.151328442636,10100.974586553906,9871.299464840167,9891.891038588967
2015-01-12,149.25645023684942,149.39187574475338,146.66740528760982,147.4321746826172,2084200,1.5189489126205444,9826.2982379932,9835.213976157844,9655.848466593523,9706.19705887685
2015-01-13,148.6350322303849,150.86559574072317,146.07784793038996,147.32058715820312,2745300,1.5170363187789917,9797.724048559096,9944.75833394348,9629.159573975316,9711.07845834411
2015-01-14,144.33324167984563,145.39275974738285,141.87963496676335,143.57644653320312,5204700,1.5170363187789917,9514.1586192224,9583.999931155524,9352.421772008543,9464.272196776585
2015-01-15,143.53664656029517,144.66787074595902,141.40168609229255,142.1903533935547,3146000,1.5234380960464478,9421.889010967658,9496.143697692347,9281.748070975205,9333.516981264953
2015-01-16,140.7881785929922,143.47282542229834,138.66118154585848,141.18649291992188,5124100,1.5181187391281128,9273.858161704124,9450.698533943252,9133.750738462953,9300.095524873648
2015-01-20,141.4574190099797,142.06285268100774,138.7966688807811,139.91195678710938,3606600,1.5090012550354004,9374.241309472018,9414.362791744332,9197.916066512815,9271.825077695321
2015-01-21,139.05155988280814,142.1106115665233,137.67339545829324,141.12278747558594,3737000,1.5147384405136108,9179.90566316249,9381.85813244015,9088.922006337381,9316.643963147502
2015-01-22,142.44521775225456,145.45647415050914,141.2024785600343,145.01832580566406,6228200,1.5144860744476318,9405.515187995878,9604.345434708634,9323.458362701296,9575.414937938971
2015-01-23,144.53239036831235,145.76716772152028,143.72779947251306,143.7835693359375,3123800,1.5013211965560913,9627.013240062013,9709.259288145555,9573.421050885909,9577.135769864924
2015-01-26,142.3735165181529,144.1818675061455,141.84773853221094,143.727783203125,2736500,1.4995876550674438,9494.177685248394,9614.767567532484,9459.116181229923,9584.48695662681
2015-01-27,141.1945176030203,142.30979325600433,140.4456844550483,140.5970458984375,3335600,1.5085458755493164,9359.643607232445,9433.574116808622,9310.004205467529,9320.03780443475
2015-01-28,141.58484569578658,141.7760410006459,137.7928966496823,137.85662841796875,3017300,1.5188103914260864,9322.088293249399,9334.676783948347,9072.422563576332,9076.61872714265
2015-01-29,137.9601929535427,140.44568349339175,137.87257544017305,140.19873046875,2421400,1.5142338275909424,9110.89096279333,9275.032754804628,9105.104702324625,9258.723977379239
2015-01-30,138.7169737179039,139.95971267309474,137.27507756718657,137.34677124023438,3037400,1.5079090595245361,9199.293076841332,9281.70779192917,9103.67085469141,9108.42536376442
2015-02-02,137.80881263497415,139.88801417071443,137.22726489208827,139.80038452148438,2975300,1.5087052583694458,9134.243542301492,9272.0571758264,9095.697395553492,9266.248907528538
2015-02-03,140.21466228625076,143.77559479656725,140.135006681668,143.58441162109375,3766900,1.5028102397918701,9330.16415337106,9567.115726898379,9324.86371007665,9554.394015905782
2015-02-04,142.37351463682194,143.9588104866047,142.22215320448188,142.4213104248047,2980500,1.5142109394073486,9402.488842970975,9507.18336131881,9392.492783082562,9405.645324458386
2015-02-05,142.9471043256526,144.66782581824265,142.77980689348684,144.00662231445312,2434400,1.5180034637451172,9416.783804496927,9530.13805787556,9405.762918434322,9486.580614195014
2015-02-06,145.02630119594107,147.07363125419008,144.30136594201,146.12564086914062,3250900,1.5325905084609985,9462.82130779826,9596.407549325026,9415.520006509434,9534.552123507376
2015-02-09,144.73951553519865,145.7432636338606,144.30932909606278,145.16172790527344,2421900,1.523902416229248,9497.951705683547,9563.8186593659,9469.722441489563,9525.657703494058
2015-02-10,146.06193409207884,147.2170437274082,145.2653050807353,147.02584838867188,2556300,1.5216069221496582,9599.189643914677,9675.103443892496,9546.83518891403,9662.53808710073
2015-02-11,146.635520606804,149.91762852698326,146.3805934664896,149.48744201660156,4079600,1.526205062866211,9607.851800165221,9822.902057829513,9591.148465435374,9794.715379587613
2015-02-12,149.96539335080854,151.3594939530073,149.28825391036068,151.18423461914062,3086700,1.5242739915847778,9838.480101263847,9929.940075644787,9794.056366148887,9918.442186496626
2015-02-13,151.25589882501615,152.418982163488,150.0370577942314,150.56283569335938,2720400,1.5391956567764282,9826.944232794598,9902.50859222813,9747.757351944285,9781.916615376012
2015-02-17,150.38763335078514,151.861401977712,150.01321671920036,151.37545776367188,2123300,1.5356265306472778,9793.242715557646,9889.214528854312,9768.860704429786,9857.56984153341
2015-02-18,150.99303578476105,151.39135023325008,149.6228452651037,150.2999725341797,1850700,1.5353436470031738,9834.478169072003,9860.421185104049,9745.234922302343,9789.337574526011
2015-02-19,149.51128145891934,151.2399765837327,149.184672902036,150.6504669189453,1470400,1.543900728225708,9683.995785839268,9795.965104410678,9662.841021746457,9757.781971647675
2015-02-20,150.04504014644414,152.66594356403164,149.0094202697753,152.5623779296875,2317100,1.5419963598251343,9730.570321414998,9900.538518868118,9663.409340776478,9893.822184313613
2015-02-23,151.94901735660827,151.94901735660827,150.77797177326912,151.60646057128906,1691100,1.5389113426208496,9873.799298784219,9873.799298784219,9797.703584176983,9851.539615862148
2015-02-24,151.38334151520704,153.9723846298988,151.1045166252356,153.12796020507812,2627300,1.5452368259429932,9796.772829486777,9964.322752658703,9778.728676947163,9909.675826657221
2015-02-25,152.59432608123947,153.31128750083366,151.72600316836278,152.72975158691406,2775700,1.545905590057373,9870.869674232581,9917.247759945278,9814.700467104965,9879.629944364573
2015-02-26,152.2422418755165,153.80854193752978,151.83468999213164,153.5927734375,2449300,1.552891492843628,9803.791351624519,9904.65480983982,9777.546640692492,9890.76018159154
2015-02-27,152.7855978948104,153.83245577270506,151.66680908203125,151.66680908203125,2572400,1.5418059825897217,9909.521666155515,9977.41982517915,9836.958138356773,9836.958138356773
2015-03-02,151.8346540406196,153.36898171293768,151.65884451833554,153.2650909423828,1659400,1.5406184196472168,9855.435460481376,9955.027134367077,9844.023840313657,9948.283688408625
2015-03-03,152.3940081097344,154.12811783101623,152.29012955632788,152.84951782226562,1487800,1.5359095335006714,9922.06928766145,10034.973705757577,9915.305962664715,9951.726614645615
2015-03-04,152.11438330770255,152.4899753410553,151.01956703880526,151.5709686279297,1648500,1.5366648435592651,9898.995473558896,9923.437500389078,9827.749211012702,9863.632220338748
2015-03-05,151.9385337528492,152.41001734931731,151.09145822190604,151.89857482910156,1330100,1.52650785446167,9953.34110523991,9984.227523222631,9897.850035969132,9950.723436183649
2015-03-06,149.90077195738502,152.95344150578777,149.10164214347023,149.3653564453125,4103600,1.5247621536254883,9831.09212154564,10031.298399039104,9778.68199239765,9795.9774309823
2015-03-09,149.67700698074322,150.86770252307142,149.09364566826858,150.18045043945312,2233700,1.5057746171951294,9940.199899208885,10019.275182370859,9901.458290351027,9973.634083379666
2015-03-10,148.31047258548674,148.74999634290495,146.0089874267578,146.0089874267578,2768500,1.5104827880859375,9818.746281341191,9847.84451144914,9666.37876170561,9666.37876170561
2015-03-11,146.48048991143168,148.51027417073377,146.2487354486308,147.1837158203125,2098600,1.508204698562622,9712.24198220794,9846.824791904564,9696.875734972287,9758.868670849808
2015-03-12,148.59017216100753,151.83463665645584,148.59017216100753,151.794677734375,3114800,1.4932951927185059,9950.488884284352,10167.757680920728,9950.488884284352,10165.081791901885
2015-03-13,150.9316893932693,151.62694083198693,148.76605377548637,151.30728149414062,3095100,1.4894028902053833,10133.704613159194,10180.384490262277,9988.301671347775,10158.92224254217
2015-03-16,151.8666300883511,153.8245079598628,151.754752398015,153.35301208496094,2127700,1.4755791425704956,10292.001676290683,10424.687061643925,10284.41972510227,10392.733785719971
2015-03-17,152.60983873447222,152.82560722279234,150.87572830613263,152.29019165039062,1883200,1.4825797080993652,10293.533487660823,10308.087072007173,10176.567740803092,10271.973292122237
2015-03-18,151.5709281374983,154.26399131386827,151.19533620448064,153.68862915039062,2790100,1.47520911693573,10274.538463559518,10457.093136348143,10249.078213300367,10418.091061532285
2015-03-19,153.2411519400231,153.2411519400231,151.1074764769048,151.8107147216797,2097100,1.496199607849121,10242.025939327485,10242.025939327485,10099.41960178235,10146.421234524778
2015-03-20,152.2102493699024,154.9672446576216,151.75473954470178,154.3359375,3473800,1.4761673212051392,10311.178630186607,10497.945756657637,10280.32102897452,10455.17911709362
2015-03-23,154.44781324233816,155.2309569985305,153.4009552001953,153.4009552001953,1590500,1.494321584701538,10335.647615850114,10388.055595779599,10265.591875983924,10265.591875983924
2015-03-24,153.3849572172529,153.84045480742716,152.76163702411867,152.85752868652344,1799100,1.4951928853988647,10258.539798785572,10289.003934525006,10216.851519017711,10223.264849588048
2015-03-25,152.69779311135494,152.81765775838164,149.717041015625,149.717041015625,2542000,1.4833933115005493,10293.817015858804,10301.897451849543,10092.875561382734,10092.875561382734
2015-03-26,149.05374524262228,150.2124814144817,147.85505012819726,149.62911987304688,2377200,1.4877409934997559,10018.796678579707,10096.682290182947,9938.225186655887,10057.47106027239
2015-03-27,149.58912370163154,150.61999587822652,148.85392567767343,150.28436279296875,1539600,1.4858399629592896,10067.647083855565,10137.026842261164,10018.166787034512,10114.438064625294
2015-03-30,151.2273150653831,153.4329087387519,151.18735613998197,152.64976501464844,2403800,1.4885826110839844,10159.148302509022,10307.31567037601,10156.463941889493,10254.705642670986
2015-03-31,152.10636662794127,152.2741892549687,150.21243286132812,150.21243286132812,2146600,1.4809110164642334,10271.13479046868,10282.467181487564,10143.24501548848,10143.24501548848
2015-04-01,150.18843816202923,153.69661706645974,149.40529446823024,153.61669921875,4031400,1.482953429222107,10127.657093103157,10364.224124494747,10074.847363656037,10358.835024194297
2015-04-02,153.21712544887,154.0162551044436,152.51389964371586,153.0732879638672,2296300,1.4836794137954712,10326.835030818278,10380.696373649025,10279.437607991254,10317.140383601003
2015-04-06,151.97851917947582,153.94438410714187,150.99559281252013,153.472900390625,1997000,1.4930721521377563,10178.913253580911,10310.579022368533,10113.080777531555,10279.000929116855
2015-04-07,153.84848917592683,154.7435107468793,153.62473378318873,153.74459838867188,1778000,1.4890702962875366,10331.8486413632,10391.954707086483,10316.822124932381,10324.871751990417
2015-04-08,154.26404161178618,154.91134712003705,153.5927753740691,153.88046264648438,1997300,1.4823819398880005,10406.497641454092,10450.164222301655,10361.21469381053,10380.621788883276
2015-04-09,154.12016865778605,155.90222463905113,153.76056269833833,155.74240112304688,1986500,1.487851619720459,10358.57115151997,10478.344921810307,10334.401674222541,10467.603022961934
2015-04-10,155.5506385826085,156.5175911792337,155.10312776537066,156.34178161621094,1764800,1.4714971780776978,10570.909744170447,10636.621905296599,10540.497805642473,10624.674239637297
2015-04-13,156.08600814782605,157.73221326587847,155.64648440423178,156.2937774658203,2196100,1.4640644788742065,10661.143030247444,10773.583782810358,10631.12223881808,10675.33429852779
2015-04-14,157.4125459533962,158.6192394592195,156.39766013599854,158.00390625,3267400,1.4667917490005493,10731.758346790186,10814.025887949012,10662.56748734547,10772.074928677612
2015-04-15,158.3955172805364,161.53609142767172,157.7402250152929,160.7050018310547,5066100,1.4771921634674072,10722.74286296884,10935.347168949143,10678.382198090592,10879.085728009311
2015-04-16,161.9836151585247,162.11946576726015,158.7870958176806,159.99378967285156,5976900,1.4828435182571411,10923.850909697607,10933.012402941014,10708.28404094256,10789.661060183891
2015-04-17,158.0998177040622,158.42746380918433,156.34972170139932,157.708251953125,4578400,1.4921809434890747,10595.217583625425,10617.175115421536,10477.93314769296,10568.976412764361
2015-04-20,159.08277406376095,159.50631187939803,158.16376748372068,158.3076171875,2616600,1.4968267679214478,10628.001681495149,10656.297395115049,10566.604691560473,10576.215002309998
2015-04-21,159.00293243048256,159.42647044915756,157.0930117935538,157.30078125,1868300,1.490979552268982,10664.326830539756,10692.73352585831,10536.22845159001,10550.163549233032
2015-04-22,158.15578280816666,159.1546950655164,157.08495179478854,158.48342895507812,1938100,1.4935628175735474,10589.1617645589,10656.042932568462,10517.46534839357,10611.098983606958
2015-04-23,158.35555704004236,160.21753085434509,157.90804632297863,159.27455139160156,2053400,1.5037593841552734,10530.64464359087,10654.465903422853,10500.885180622325,10591.757768552377
2015-04-24,159.0267973275425,159.10671516852392,157.78814395483417,158.2196807861328,1445700,1.5052080154418945,10565.10433747962,10570.413759178251,10482.813161774931,10511.482742781114
2015-04-27,158.8349948924223,159.27451861113403,156.92507563633856,157.04495239257812,1767100,1.517657995223999,10465.796338323182,10494.756994814625,10339.949852349782,10347.848651461098
2015-04-28,156.78927556766286,157.91605159298666,155.35083938573396,157.82015991210938,1909400,1.5223711729049683,10299.017635001566,10373.032175304092,10204.531073016547,10366.733338162141
2015-04-29,156.46163868322074,159.61021245888557,156.213910363753,158.67523193359375,2480600,1.533483624458313,10203.019855428138,10408.341498610147,10186.865244089837,10347.370483962235
2015-04-30,158.54734620927775,159.62617630838756,156.14995682792525,156.96507263183594,2732800,1.542686104774475,10277.356211259565,10347.28813686458,10121.952634735942,10174.790072072545
2015-05-01,158.5873557745528,158.68325967218095,157.2927689972627,157.85215759277344,2029500,1.5354615449905396,10328.318302203388,10334.564235091844,10244.005752565548,10280.437052153333
2015-05-04,158.4354540480418,159.6021888056016,158.1477668608183,159.2665557861328,1581600,1.5146695375442505,10460.067369210768,10537.096366535918,10441.07397295551,10514.937538412065
2015-05-05,158.4754092895821,160.13760053337998,157.20479598960614,157.66029357910156,2287500,1.5122873783111572,10479.186136338656,10589.098529157416,10395.166834306596,10425.28661154127
2015-05-06,158.02794908657197,158.6992153243322,155.03919865594122,156.82925415039062,2433700,1.517427682876587,10414.199692666634,10458.436808236302,10217.238053943598,10335.204499043373
2015-05-07,156.8372137781567,158.18774512232835,155.6784779801629,157.740234375,1795300,1.5242043733596802,10289.77586729089,10378.381527252013,10213.75352945704,10349.021242296134
2015-05-08,159.10668745085113,160.8967297169893,159.10668745085113,160.2254638671875,3192500,1.5407133102416992,10326.819817367013,10443.002513670026,10326.819817367013,10399.434002556398
2015-05-11,160.05767116051706,161.38422929712644,160.05767116051706,161.2084197998047,1966700,1.5434004068374634,10370.45671696346,10456.407072472797,10370.45671696346,10445.016023426619
2015-05-12,160.20950702158063,160.65701766956332,158.28361385392313,160.2494659423828,2247500,1.557705283164978,10284.96909865155,10313.697937978168,10161.33254246395,10287.53434133475
2015-05-13,160.20154647052496,161.2244316038372,159.70608991356977,160.9687042236328,2143300,1.567103385925293,10222.780954297683,10288.053299600431,10191.164880884464,10271.734824220877
2015-05-14,161.6879354553931,162.1274592883793,160.96871131221033,161.919677734375,1957000,1.574009895324707,10272.358257445263,10300.28208653247,10226.664507658868,10287.081308403853
2015-05-15,161.8637535229991,162.1993865966797,161.28039214687,162.1993865966797,1742900,1.5772124528884888,10262.647446548097,10283.927590073841,10225.660585642914,10283.927590073841
2015-05-18,161.943682978497,163.965480820049,161.9356960685769,163.54994201660156,2164600,1.574604868888855,10284.718800137785,10413.119129737854,10284.211567493083,10386.72909299545
2015-05-19,163.81364712711027,164.7805875043844,163.46202801037242,164.1412811279297,2370100,1.5663670301437378,10458.190447999783,10519.921853134467,10435.742381233107,10479.107257056301
2015-05-20,163.95746258004743,164.58878196201326,163.14234675499492,163.8855438232422,1831200,1.5516144037246704,10566.894853931843,10607.58275812056,10514.361452392399,10562.259761821806
2015-05-21,163.5019738532076,163.98944355442393,163.1663285822848,163.7816619873047,2225000,1.5542914867401123,10519.389396909577,10550.752220766943,10497.794652694207,10537.383971060124
2015-05-22,163.5499065192993,166.42676646061653,163.52593360098646,166.05917358398438,3040400,1.5663915872573853,10441.189026408198,10624.85063214718,10439.658571411639,10601.383136559069
2015-05-26,165.8354307638443,165.8354307638443,163.82162011693623,164.92442321777344,3336300,1.5472211837768555,10718.275609375418,10718.275609375418,10588.118999058575,10659.395369392725
2015-05-27,165.3319301892042,167.56149651223615,164.51681454482937,167.0660400390625,3011500,1.5398591756820679,10736.821444465648,10881.611718683052,10683.887016613582,10849.436278162384
2015-05-28,166.8015788554127,167.2104018475275,166.1602785336706,167.12222290039062,3084900,1.5350136756896973,10866.455556525714,10893.088738925935,10824.677406148392,10887.344233288404
2015-05-29,166.92175685500612,166.95382858695925,164.82952280510213,165.2864532470703,2255500,1.531909704208374,10896.31826186937,10898.411840352817,10759.741409842367,10789.568914734655
2015-06-01,166.19229601572678,167.39472913948092,165.84759215972383,166.5850830078125,2088200,1.5288883447647095,10870.139509193732,10948.78705254584,10847.593464076488,10895.830527993812
2015-06-02,165.8155280889114,166.60912610037877,164.8535718309916,165.4788360595703,2230700,1.519987940788269,10909.002870306926,10961.21368002268,10845.71577229081,10886.851903163957
2015-06-03,166.35257806670785,168.47687118286655,165.75136164910302,166.96981811523438,2417000,1.5339776277542114,10844.524395721008,10983.007061812346,10805.331098066137,10884.762273859438
2015-06-04,166.41677829614775,168.38876211384584,165.93580006989805,167.43482971191406,3462500,1.5326610803604126,10858.028590183425,10986.692640113783,10826.646686355307,10924.452369635495
2015-06-05,168.901791043241,169.89580695084592,167.17830824728512,168.70138549804688,3225100,1.5364996194839478,10992.634745979873,11057.328280231368,10880.465320481759,10979.591752499575
2015-06-08,169.26247812307443,169.7033726634807,167.89972318782114,168.17227172851562,2180700,1.526787519454956,11086.184289972387,11115.061559061123,10996.927931907592,11014.779043291566
2015-06-09,168.34063993908748,168.6933556179498,166.43277543894078,167.5550537109375,2278800,1.5345896482467651,10969.749478723055,10992.733843257594,10845.425396234528,10918.55753766914
2015-06-10,168.11624204291948,171.0662064516396,167.82765750451978,170.8497772216797,2677300,1.539408802986145,10920.831537198412,11112.461233156871,10902.085084804485,11098.401989794089
2015-06-11,170.88181664533963,172.03615466323558,170.64132751964712,171.4990692138672,2024100,1.549690842628479,11026.832703967048,11101.320981637838,11011.314181234822,11066.663394808624
2015-06-12,171.13028944702748,171.55514819877396,169.95190393353198,170.79360961914062,2006200,1.5508925914764404,11034.309557447332,11061.704023968192,10958.328440510428,11012.600779564376
2015-06-15,169.05408803260408,170.21643765773842,168.6452651557284,169.75149536132812,1903800,1.5561537742614746,10863.585002249178,10938.278753236991,10837.313634750826,10908.401095636544
2015-06-16,169.82369071198607,171.20248205922917,169.24652167212685,171.1944580078125,1954200,1.5596001148223877,10888.925250645172,10977.331973249198,10851.91774889047,10976.81747909519
2015-06-17,171.21849623668635,171.94797543172206,170.4008503352249,170.68942260742188,1778400,1.563966155052185,10947.711092314097,10994.353993931834,10895.43081125941,10913.882123090218
2015-06-18,171.1062339400097,172.35676245264918,169.9518961647171,172.02810668945312,2167200,1.5848110914230347,10796.632788982432,10875.539891501294,10723.795226099395,10854.80204047446
2015-06-19,171.64331454711052,172.3487458863038,170.89781188964844,170.89781188964844,4163400,1.587881326675415,10809.580770527999,10854.006718950115,10762.63125075356,10762.63125075356
2015-06-22,172.39688476499077,173.79972374836117,172.34878938550372,173.55923461914062,2006100,1.5885119438171387,10852.728267860995,10941.039784109304,10849.700567649217,10925.900513035102
2015-06-23,173.88788237982106,175.3708883103279,173.6634291472383,175.07427978515625,2735600,1.5829297304153442,10985.192775057343,11078.880189097998,10971.013166937664,11060.142242651453
2015-06-24,173.31068967918878,173.9519897837341,171.3066344973485,171.89181518554688,3945200,1.5741090774536133,11010.081331819016,11050.821844260676,10882.767716101725,10919.943074314193
2015-06-25,172.46901102297286,172.9900727907916,170.3367052722511,170.6012420654297,2434700,1.570993185043335,10978.342405617464,11011.510071319613,10842.612615633494,10859.451440632682
2015-06-26,171.2425176778715,172.03612800012309,170.3847883483721,170.8817901611328,2762600,1.5745056867599487,10875.954219654675,10926.357995831866,10821.47811730001,10853.043694797761
2015-06-29,168.45289186443273,169.31864532492793,166.45684814453125,166.45684814453125,3292800,1.5693166255950928,10734.155817698966,10789.323363009771,10606.963912168456,10606.963912168456
2015-06-30,168.25250169058177,168.97395685771735,166.8576745047628,167.37071228027344,4167300,1.573192834854126,10694.9699975072,10740.829294037907,10606.307809699289,10638.919055068849
2015-07-01,169.64728477676798,170.33668025513265,167.4989312409269,168.29254150390625,2820300,1.5687012672424316,10814.50549695707,10858.452390655737,10677.554403673541,10728.144677268105
2015-07-02,168.29257620309386,168.845697509659,167.13823821231176,167.69937133789062,1816600,1.5605005025863647,10784.525600867586,10819.970722842774,10710.553308717157,10746.511844113258
2015-07-06,165.70332349686856,167.16226948005496,165.34258373634762,166.76947021484375,2816800,1.555596947669983,10652.073067195439,10745.859956233222,10628.883271081395,10720.609246799808
2015-07-07,166.7213798079923,167.51499018028036,162.88962671473377,166.90576171875,3304200,1.5602084398269653,10685.840144954127,10736.705808286653,10440.247761561846,10697.657919172689
2015-07-08,165.37467883828975,165.76746592721352,163.2904560172236,163.57904052734375,2185100,1.5462881326675415,10694.945873573874,10720.347807445421,10560.157099280521,10578.820148166651
2015-07-09,166.04002157789043,166.37670145714696,163.88365575504224,164.1802520751953,2256200,1.536995530128479,10802.89554023693,10824.800605844272,10662.598071533952,10681.895220701866
2015-07-10,166.51296303210952,166.72138039900202,165.27845800417413,166.08810424804688,1840600,1.5373972654342651,10830.835124783116,10844.391631717168,10750.536749360504,10803.200186591483
2015-07-13,167.89174667605695,168.58915403912798,167.25845832163645,168.4368438720703,2041700,1.5515903234481812,10820.623468631995,10865.571374824212,10779.808032698293,10855.754984198678
2015-07-14,168.34872426312842,170.55318597368066,168.1002232637522,170.0722198486328,2090700,1.548227310180664,10873.643886535217,11016.030065622512,10857.593207300835,10984.964464215976
2015-07-15,171.17838527438627,171.23450469507523,169.4869620807741,170.7134552001953,2536700,1.5636972188949585,10947.02882411951,10950.617717161644,10838.860620379437,10917.296081196331
2015-07-16,169.45493664029578,171.65939795401124,167.79558484831844,169.28659057617188,4405200,1.563403844833374,10838.846098549548,10979.850057379545,10732.708980014177,10828.078179263674
2015-07-17,168.9498548323308,170.58517062519624,168.17228048380014,170.3126220703125,2849000,1.5613046884536743,10821.068820312054,10925.809157349348,10771.26596285053,10908.352695654246
2015-07-20,170.48896524782796,171.54711218489638,169.31059213232004,170.25650024414062,2175400,1.5600380897521973,10928.51298745591,10996.341263189644,10852.978093580652,10913.611748491658
2015-07-21,169.92785074782776,170.585186746556,168.94185898151804,169.54307556152344,1985300,1.5573898553848267,10911.06701127439,10953.274554649315,10847.756481614744,10886.36059720768
2015-07-22,169.78360349481656,171.32271682404215,169.74351993395322,170.94595336914062,2301300,1.555596947669983,10914.36980183866,11013.310168848953,10911.79307006226,10989.090305505439
2015-07-23,171.27457664859173,172.03611517868066,168.9017699084199,169.18234252929688,2192700,1.5614020824432373,10969.280659635484,11018.053396565441,10817.314246444917,10835.283520601253
2015-07-24,169.5030133408046,169.5030133408046,165.85562985007988,166.21636962890625,2453900,1.5519516468048096,10921.926188214751,10921.926188214751,10686.90704324113,10710.15130987592
2015-07-27,164.69326342043558,165.0058955604563,163.130102720332,164.34857177734375,2910500,1.5522888898849487,10609.704449578467,10629.844524152079,10509.004076710407,10587.499069810698
2015-07-28,166.04806967422556,166.0801291894416,164.01195408384905,165.3266143798828,2018100,1.5564203262329102,10668.587840671604,10670.64766440146,10537.767421787417,10622.234340772966
2015-07-29,165.5910812182779,166.84160972322186,164.8696139972686,165.80751037597656,1987300,1.5611096620559692,10607.267717515486,10687.37282065712,10561.052692489047,10621.131519845272
2015-07-30,165.1582034463737,166.21635050988732,164.41270075035686,166.09609985351562,1342900,1.5602084398269653,10585.649918974323,10653.47079703796,10537.86766905267,10645.763451448609
2015-07-31,166.25650258213398,166.3126220287216,164.25244632038314,164.38873291015625,1644000,1.5604275465011597,10654.548040690488,10658.144455449601,10526.118094279687,10534.852020444903
2015-08-03,164.93374762310577,165.09406959728204,162.6010243687259,164.0840301513672,2075500,1.5626953840255737,10554.44005972738,10564.699383189594,10405.164437733112,10500.064940915057
2015-08-04,164.34057905243617,166.05605024062237,164.17224522360692,164.46884155273438,1451500,1.559040904045105,10541.133245833144,10651.166996951233,10530.335977564397,10549.360258990106
2015-08-05,165.88769264503273,166.56105232744795,164.27642426637345,164.8936767578125,1535500,1.5569047927856445,10654.967048320483,10698.216942953439,10551.475275019666,10591.121404590289
2015-08-06,165.13409610663905,165.6952289383157,163.77134144920208,164.4046173095703,1485800,1.5605981349945068,10581.461838490555,10617.418105456016,10494.139251920773,10534.71829954154
2015-08-07,164.57303371457328,165.64720448522584,162.1842030762516,163.08201599121094,1691100,1.551421880722046,10607.88401656289,10677.121841812113,10453.90716036373,10511.777487327372
2015-08-10,164.0038649929121,165.59108558188916,163.80345946486997,165.110107421875,1640300,1.5494027137756348,10584.973392312071,10687.414195782027,10572.039019197817,10656.371384527225
2015-08-11,163.1301788062301,163.4668587885315,160.85357384107465,161.687255859375,2554000,1.5585306882858276,10466.921186239275,10488.523582960235,10320.847388509992,10374.338925415004
2015-08-12,160.24429664425602,161.5669808094206,157.5829169062217,161.2303009033203,2771900,1.5584092140197754,10282.555775637413,10367.429771072339,10111.780364783062,10345.82569538596
2015-08-13,160.90162770345145,161.88761969939466,159.98777877828286,160.91766357421875,3353600,1.561597228050232,10303.657358840786,10366.797327216262,10245.137216210307,10304.68424787973
2015-08-14,160.98976284171815,162.36855378970313,160.91761979057273,161.94369506835938,3567100,1.561792254447937,10308.01391050725,10396.29651941751,10303.394662912702,10369.093239331201
2015-08-17,161.13405700367204,162.61706280978828,160.14806522668698,162.3845977783203,1600700,1.5651901960372925,10294.854734691478,10389.603974104737,10231.859721083461,10374.751783485572
2015-08-18,162.02389741201898,162.80949608284527,161.27037048339844,161.27037048339844,1665400,1.5585062503814697,10396.101868206239,10446.509023816556,10347.752563964686,10347.752563964686
2015-08-19,160.34045010384,162.5288749332831,159.63501876702466,161.08595275878906,2721400,1.5664896965026855,10235.653031220885,10375.355503208348,10190.620412213544,10283.243682893442
2015-08-20,159.0659275292271,159.6992160772912,157.71920776367188,157.71920776367188,3140000,1.568307638168335,10142.520743889516,10182.901121606972,10056.649851420478,10056.649851420478
2015-08-21,155.24215332109253,155.9956801225564,150.3682890300645,150.49655151367188,5406200,1.5690950155258179,9893.738223944933,9941.76124320176,9583.121961526003,9591.296258323728
2015-08-24,143.05753897644624,149.81520994146152,137.95922001995092,143.85916137695312,7183600,1.5677913427352905,9124.78179187142,9555.813063751346,8799.590625322408,9175.912473528859
2015-08-25,149.01353731771314,150.16787514247315,142.45627416287218,142.86509704589844,7204800,1.5762925148010254,9453.419077900211,9526.650271598148,9037.426291455451,9063.362015896664
2015-08-26,146.7289459734233,148.34822650572028,143.5785760862302,147.81915283203125,5561800,1.5695877075195312,9348.247649397284,9451.413628879627,9147.534438399236,9417.7058168756
2015-08-27,149.75107152582356,152.1960221768962,148.64482875181346,151.6749725341797,3798500,1.5482032299041748,9672.571961698615,9830.493777378071,9601.118630983205,9796.838658162955
2015-08-28,150.89464134851423,151.9081747212488,149.82480738504222,151.02334594726562,2413100,1.541401982307434,9789.441241189357,9855.195235563839,9720.034689507718,9797.791081155096
2015-08-31,150.97508343573003,153.03430790147968,150.5648390651365,151.7070770263672,2858000,1.5418059825897217,9792.093502072295,9925.652749409683,9765.485460903297,9839.569877109292
2015-09-01,148.20004193386345,149.9938188035992,145.65817989916465,146.49473571777344,5494500,1.5363106727600098,9646.489122386905,9763.247854949324,9481.03677737831,9535.48903325608
2015-09-02,148.70676987415771,149.47094605406772,146.80841926596972,148.4171905517578,3043800,1.5305262804031372,9716.054652455146,9765.98363372744,9592.022113289077,9697.13440743174
2015-09-03,148.81128169212437,151.13595473678944,148.23212328956907,148.8595428466797,2902200,1.5308074951171875,9721.097013621065,9872.95628084311,9683.263490829819,9724.24967355442
2015-09-04,146.60726783308863,147.0657733689561,144.08955006202405,145.09503173828125,4295600,1.526205062866211,9606.000622076326,9636.042819355269,9441.03473169091,9506.915896727076
2015-09-08,147.93450969070958,149.86502958232686,147.72536164858784,149.51914978027344,3060100,1.5283042192459106,9679.650676074349,9805.968451508472,9665.965701611283,9783.336844679297
2015-09-09,152.4712406593865,154.24088591786617,149.02042074510246,149.35826110839844,4756800,1.5401912927627563,9899.500235836773,10014.39799345916,9675.44885140815,9697.383812661566
2015-09-10,149.17325128759893,151.07965279305938,148.62627517561577,149.54327392578125,3042600,1.5357915163040161,9713.118590900554,9837.25012081344,9677.50333282832,9737.211876626787
2015-09-11,149.1572263123142,149.47094850117188,147.45998436101374,149.02853393554688,2536800,1.54421067237854,9659.124171352092,9679.440193930437,9549.214171268604,9650.790309977521
2015-09-14,149.29397754695665,149.50311339172728,147.443888146768,147.9586944580078,2746000,1.5448071956634521,9664.246642950093,9677.784633021458,9544.484810833945,9577.809766380822
2015-09-15,148.6343509151517,151.24056433986965,148.1597664184312,150.7820587158203,3092800,1.5427099466323853,9634.627120905576,9803.564478858512,9603.86407968992,9773.843686233158
2015-09-16,151.19229684858607,152.27017042199358,150.09028041928462,151.73927307128906,2717800,1.53449547290802,9852.899504621006,9923.142368965522,9781.08329865899,9888.544850753335
2015-09-17,151.5864165721067,153.2917218583585,149.615674921744,149.97764587402344,3712600,1.5518070459365845,9768.380480616877,9878.272060933976,9641.383915191871,9664.709685829868
2015-09-18,147.36340836267476,147.50820412256823,145.231791882154,145.54550170898438,6529900,1.5569047927856445,9465.152207477586,9474.452439615376,9328.23847386984,9348.388057086748
2015-09-21,147.4438175896763,148.3366857009272,146.15679629048674,147.48403930664062,2947200,1.552891492843628,9494.79202308461,9552.289157647174,9411.912999977027,9497.382140755399
2015-09-22,145.50533884559192,145.59382176966972,143.18870394170253,144.564208984375,4166900,1.5508204698562622,9382.474739908359,9388.18029550281,9233.093496307407,9321.788807557714
2015-09-23,144.636583950012,144.94225442929897,142.9795514497848,144.31483459472656,2732600,1.5353907346725464,9420.180849330105,9440.08916793489,9312.25832102459,9399.225313516345
2015-09-24,142.90713741922517,143.1645344085576,140.6226854403716,142.30384826660156,3910000,1.5252039432525635,9369.706789143851,9386.58302333346,9219.92668996696,9330.152134483238
2015-09-25,144.14588212265002,145.68226140513275,143.30932658590777,144.65264892578125,3026500,1.522695779800415,9466.492521673877,9567.39115834601,9411.553409880195,9499.77341795361
2015-09-28,143.5506487257789,143.5506487257789,138.95760189642172,139.17478942871094,3898500,1.5201727151870728,9443.04862807076,9443.04862807076,9140.90882622647,9155.195856254008
2015-09-29,139.1667069572033,139.39998558541942,134.7265085995165,138.24166870117188,4419100,1.5165071487426758,9176.792016614318,9192.174642961285,8884.000890547546,9115.79406768949
2015-09-30,140.42959086864707,140.83178352930628,138.48297986392993,139.76998901367188,2931500,1.5157945156097412,9264.421359392376,9290.954814720088,9135.999532774664,9220.906103981266
2015-10-01,140.28480845199505,141.70857404265658,139.19084382014418,141.58792114257812,3613000,1.5124017000198364,9275.631497250704,9369.770877723688,9203.298556085898,9361.793308002832
2015-10-02,138.46693860413654,142.4566966357405,136.64097983022896,142.38429260253906,4469900,1.5139129161834717,9146.294818146309,9409.83428524208,9025.682941836358,9405.051709413085
2015-10-05,143.3656144779746,145.64202676102923,143.04386520943626,145.35244750976562,3411900,1.5194103717803955,9435.608518979861,9585.43060294966,9414.432589519718,9566.37194331156
2015-10-06,144.95023360286518,145.81897122969136,144.36303575032431,145.04676818847656,1859100,1.5154958963394165,9564.54147800619,9621.865132192557,9525.795226435386,9570.911312846689
2015-10-07,146.2372957634218,147.83801515608192,145.2237621128858,146.5831756591797,2572200,1.5226030349731445,9604.426919193755,9709.557367241783,9537.861069313265,9627.143273214684
2015-10-08,145.73855606944994,146.77622021700623,144.58829071906337,145.65008544921875,3253400,1.5315576791763306,9515.707965228441,9583.460173432204,9440.603686360851,9509.931452764427
2015-10-09,145.5615675244736,146.63138915943625,143.34950797628156,144.13780212402344,3334900,1.535131573677063,9482.025516276337,9551.714763328962,9337.929753664046,9389.280019742782
2015-10-12,145.43291668715216,145.7546660125995,143.99305961199275,144.9744110107422,3059800,1.5323086977005005,9491.097773275053,9512.09545643969,9397.131258739166,9461.175233704662
2015-10-13,144.44352149303208,147.3151715715544,144.38720861210533,145.5696563720703,2918800,1.5337893962860107,9417.428614566925,9604.654454403599,9413.757127395147,9490.850355632883
2015-10-14,145.37661514719204,146.5751541848041,144.09764490891772,144.395263671875,3252000,1.5258090496063232,9527.83804662195,9606.389097156174,9444.015615590733,9463.52125183231
2015-10-15,142.15907208662458,149.41463406585584,141.37881702641036,148.7791748046875,5720100,1.5480115413665771,9183.334121729302,9652.036181458525,9132.930423865046,9610.986147644995
2015-10-16,148.90785455171746,150.13856350645582,147.70932789357155,148.95611572265625,2977500,1.5471972227096558,9624.361546547401,9703.905959934014,9546.897171576065,9627.480810868097
2015-10-19,147.58868145600024,150.01792965167752,147.3232327081392,149.40660095214844,2665700,1.543805480003357,9560.056844446448,9717.411396373027,9542.86240179811,9677.812579848049
2015-10-20,148.9721848294757,149.59156507076477,147.92648127603843,149.22154235839844,2736200,1.5471972227096558,9628.519405468942,9668.551809366636,9560.932446412364,9644.636130942763
2015-10-21,149.79264602638827,149.79264602638827,144.42739702967413,144.5480499267578,3613800,1.5449025630950928,9695.928377922442,9695.928377922442,9348.641168691247,9356.450910222258
2015-10-22,144.97442466377225,148.15979729106488,144.9502940757887,147.6530303955078,2609600,1.5424481630325317,9398.981965056455,9605.496044662867,9397.417530765444,9572.641333062009
2015-10-23,148.9400281001289,149.90528828405832,148.35281782433128,149.21351623535156,2935700,1.5383669137954712,9681.697309302035,9744.443080500918,9643.526293627443,9699.475131534828
2015-10-26,150.500535128241,151.22447718390353,150.11442124286867,150.42813110351562,2573700,1.531745433807373,9825.427372363718,9872.689929162276,9800.219927520055,9820.700475640062
2015-10-27,149.61573944399072,150.28338104449134,148.40916090008756,149.86509704589844,1932300,1.5357915163040161,9741.930324244198,9785.402474820165,9663.36637001642,9758.166746913585
2015-10-28,150.18675769916328,154.0236660514932,149.75238284203016,153.8949737548828,3231900,1.5312998294830322,9807.795626142428,10058.361078998596,9779.429211625175,10049.956957602344
2015-10-29,153.63760395949063,154.4098193066298,152.29428187941997,152.74473571777344,3068100,1.5271838903427124,10060.190192617414,10110.754852971831,9972.229463816824,10001.725180816064
2015-10-30,152.64021857616927,152.90566731710982,150.6131755481797,150.8223114013672,2791600,1.532379150390625,9960.995523676966,9978.318177856441,9828.714747899452,9842.36253559835
2015-11-02,151.48186853214065,153.1791099892305,150.96705007917436,152.57582092285156,2531500,1.5441631078720093,9809.965525008287,9919.87887861954,9776.625882949635,9880.809879800476
2015-11-03,152.22995804613245,154.33744415852624,152.06908339862775,153.38827514648438,2443200,1.542400598526001,9869.677060007069,10006.313814064855,9859.246913152974,9944.775390587261
2015-11-04,153.63760060331333,155.15788841151917,153.08257275248567,154.1604461669922,2174300,1.5419248342514038,9964.01362702635,10062.610379243777,9928.017848341255,9997.922255518783
2015-11-05,154.87638626702892,155.47163598446647,153.63763793759853,154.45811462402344,2186300,1.5390061140060425,10063.402923324633,10102.080464110233,9982.912773340373,10036.224886850385
2015-11-06,157.65957186980117,160.45079078226922,157.57912840314484,160.20947265625,4270800,1.5210051536560059,10365.485711263924,10548.997181015282,10360.196875360707,10533.131480268696
2015-11-09,160.1048872718391,160.79665930468934,157.9169699662592,158.27088928222656,2604400,1.5055025815963745,10634.647142356294,10680.596717023695,10489.319108228321,10512.827491428308
2015-11-10,158.12610304622388,159.44529477512702,157.08039944154424,159.11549377441406,2149900,1.5121043920516968,10457.353597900123,10544.595704717443,10388.198081245562,10522.78497508485
2015-11-11,159.50159094601128,160.01639716069553,158.24675156484014,158.77764892578125,1637500,1.5138899087905884,10535.87780854114,10569.883333757665,10452.989391498078,10488.057817402656
2015-11-12,157.81242945371517,157.81242945371517,154.65118733021734,155.06143188476562,3166900,1.522510290145874,10365.278348207086,10365.278348207086,10157.644800903117,10184.5900739304
2015-11-13,154.94872361275029,155.5520125073348,152.88144777581422,153.1468963623047,2484000,1.5234612226486206,10170.83476160709,10210.434646764368,10035.138768417188,10052.562814565797
2015-11-16,152.82519429509455,154.57070922851562,151.23250228528826,154.57070922851562,4626600,1.5217920541763306,10042.449221343262,10157.150499262987,9937.790243433936,10157.150499262987
2015-11-17,154.9809964848806,155.24644524755635,153.09069739157437,153.2917938232422,1783800,1.5204963684082031,10192.789651127487,10210.247684450753,10068.468466770752,10081.694176206569
2015-11-18,153.67786639297572,156.09102311537592,153.6456840965985,155.77731323242188,2509200,1.5220005512237549,10097.096631759561,10255.648264376247,10094.98215838757,10235.036584393489
2015-11-19,155.905994452818,156.21970428865254,154.17655836382409,155.27052307128906,1835800,1.5239256620407104,10230.551157202908,10251.13679623037,10117.065563248281,10188.851525957252
2015-11-20,155.24637943452828,155.640532692128,153.72609154656772,154.0156707763672,2932100,1.5288182497024536,10154.665504859267,10180.447068997219,10055.223475811246,10074.164852907958
2015-11-23,153.87897106260849,154.03180629374577,151.64278002816417,152.1817169189453,2671700,1.518994927406311,10130.315005419889,10140.376607890035,9983.099830826606,10018.579665621142
2015-11-24,151.24053639199366,152.67234132785487,150.06612838474138,151.7633819580078,2679400,1.5129051208496094,9996.696706734709,10091.336146850897,9919.070688350108,10031.25575203165
2015-11-25,152.0208590068354,152.6482788756458,151.34516568554193,152.14955139160156,1495600,1.5085914134979248,10077.006779082036,10118.596560330732,10032.217095457445,10085.537411274074
2015-11-27,152.15757584738205,153.79047755625862,151.90821828700427,153.21131896972656,1092700,1.5099810361862183,10076.787204671704,10184.927748807331,10060.273251555604,10146.572393829176
2015-11-30,153.76018073658628,154.22832344719268,152.74318869932537,153.3727569580078,3415000,1.5038950443267822,10224.129756702332,10255.258439011142,10156.505886200375,10198.368399216652
2015-12-01,154.3412743508166,155.89904826131885,153.36462976866457,155.83448791503906,4140900,1.5057973861694336,10249.803577056415,10353.255337884944,10184.944613219554,10348.967885477816
2015-12-02,156.0201490216793,156.45599915951186,153.19515930127218,153.56643676757812,1817200,1.5077953338623047,10347.56810276264,10376.474554987566,10160.209138521072,10184.833002116331
2015-12-03,153.88930457373607,154.68836523552412,149.1029583047775,149.48231506347656,3599000,1.4949023723602295,10294.271212558693,10347.723576844292,9974.093362991058,9999.470054185955
2015-12-04,149.8132639290109,153.85703111217663,149.11912299913624,153.34854125976562,3517200,1.513500452041626,9898.461789484194,10165.641569821288,9852.598510821917,10132.04462892014
2015-12-07,153.35659704253106,153.45344989954998,149.32089712035918,149.71640014648438,3499900,1.511258840560913,10147.60628203252,10154.01503574297,9880.564011452716,9906.734447350938
2015-12-08,148.44918404958975,148.89311350299937,146.7703314086818,147.6420440673828,2663800,1.5050268173217773,9863.557402502487,9893.053850559114,9752.007719693811,9809.927794516947
2015-12-09,146.91562780785372,149.19983551001604,145.14798921853514,145.8582763671875,3907500,1.5010056495666504,9787.813113845985,9939.991601836473,9670.049493847026,9717.370245028571
2015-12-10,146.0842428018261,148.45722356531874,145.53538131110312,146.9882354736328,2212300,1.5183953046798706,9620.962495838698,9777.244641613179,9584.81502560935,9680.498551371833
2015-12-11,145.0269714480039,145.40632839587752,141.6289174885201,142.50869750976562,3750100,1.516093373298645,9565.833740995846,9590.855745217674,9341.701506179037,9399.73091497009
2015-12-14,142.59741732482118,144.1794170884115,139.55449618298485,142.37948608398438,5102400,1.5198955535888672,9382.05371994883,9486.13980401262,9181.847782465085,9367.715153043873
2015-12-15,144.4619137818355,147.9326182457595,144.35699395667922,146.9075469970703,3398700,1.5160702466964722,9528.708455074495,9757.636136459094,9521.787942955423,9690.0224324818
2015-12-16,148.5217983583912,150.83829808705917,146.64116104271685,150.29751586914062,3191700,1.5043702125549316,9872.689389811218,10026.674074520824,9747.677786950482,9990.726658558626
2015-12-17,150.8383371809996,151.65354420150777,147.391845703125,147.391845703125,2807900,1.497790813446045,10070.721213328718,10125.148508061056,9840.61621822963,9840.61621822963
2015-12-18,146.25375106054642,146.81874654142712,141.56427009526985,141.64498901367188,6740800,1.4929606914520264,9796.222492522738,9834.06645479955,9482.116368220453,9487.52300208993
2015-12-21,143.26733123736375,143.79196724226455,141.91940909180838,143.4691162109375,2472900,1.4908239841461182,9609.942740451772,9645.133749617169,9519.528167042059,9623.477871072126
2015-12-22,144.3972824753764,145.84206938601193,142.90408147092353,145.32550048828125,2312800,1.4896912574768066,9693.101288649037,9790.086949495477,9592.865686341616,9755.410710701835
2015-12-23,145.85019477510932,147.70661922861004,145.6564890583475,147.666259765625,2367900,1.4823379516601562,9839.19993492464,9964.436184284754,9826.132353638948,9961.713494567484
2015-12-24,147.11739832990983,147.8438193397303,146.91561334762883,147.27882385253906,1107600,1.4876967668533325,9888.937154920475,9937.765721736341,9875.373572154358,9899.78785556229
2015-12-28,146.71382129304067,146.84295431533246,145.15603490061554,146.59274291992188,1723300,1.4932059049606323,9825.424665522516,9834.07270407251,9721.099710253457,9817.316046830576
2015-12-29,147.5613825249936,148.65908141270015,147.30309174013385,148.1344451904297,1848900,1.4894028902053833,9907.41883847462,9981.119439898535,9890.076936793193,9945.89483910579
2015-12-30,147.9326182457595,148.13440324580185,146.770334674959,146.9075469970703,1514300,1.4822280406951904,9980.422322625644,9994.035949847788,9902.007696880515,9911.264863682389
2015-12-31,146.22145639214372,147.6178048670795,145.30938443169455,145.47080993652344,1773900,1.481920599937439,9867.023671734953,9961.249264860167,9805.477057126338,9816.370049965206
2016-01-04,141.88714736189905,143.01715084849658,140.24865400651365,142.97679138183594,3745500,1.473708987236023,9627.894556578083,9704.572075435919,9516.712948161727,9701.833443385074
2016-01-05,142.6297455375437,143.267380855842,139.57067738175655,140.51502990722656,4521600,1.4714103937149048,9693.403427540225,9736.738401998877,9485.50302335293,9549.683114067513
2016-01-06,138.2711371658126,138.84421192572674,136.4873648467694,137.0846405029297,5539400,1.467394471168518,9422.901604345307,9461.95550370052,9301.341086427943,9342.044228486579
2016-01-07,134.52602314025128,136.810230832061,132.04810972949005,132.8713836669922,5687900,1.4629936218261719,9195.256980842478,9351.389424465744,9025.884170613259,9082.157412356753
2016-01-08,134.59057078704225,135.93849286663246,132.07229838119488,132.322509765625,4929800,1.4626940488815308,9201.553181265679,9293.706566358132,9029.386458650446,9046.49265967871
2016-01-11,133.17812512170525,134.35655516302606,131.83826951313017,133.767333984375,4386500,1.45249605178833,9168.914776583028,9250.046153144769,9076.669733512139,9209.480040904697
2016-01-12,134.7035788484107,135.74478391143433,131.80594953248325,133.75115966796875,4441300,1.454397439956665,9261.813528248806,9333.403661345757,9062.581238895093,9196.328045788774
2016-01-13,134.35657898172042,134.8731482781002,127.46359396254596,128.32723999023438,5252500,1.4436262845993042,9306.880902283703,9342.663660043836,8829.403795312926,8889.228559997655
2016-01-14,129.38454833245473,131.16832088885042,126.52726575005916,130.2643280029297,4272500,1.4407975673675537,8980.064324292975,9103.868847342994,8781.751761368812,9041.126314568428
2016-01-15,126.47877058641676,127.51998754867095,124.1461376769282,125.59899139404295,6237200,1.442710041999817,8766.749166804011,8838.92007654627,8605.065055542462,8705.7681542123
2016-01-19,127.17297456153976,128.1415400841178,125.33269637384792,126.57569885253906,5860600,1.4253135919570923,8922.455751433554,8990.410307402399,8793.341835866036,8880.55088836545
2016-01-20,124.38027460750013,127.82675342032216,122.4027718233823,124.09777069091795,9369100,1.4182385206222534,8770.053330163968,9013.064555899811,8630.619606191345,8750.133978625116
2016-01-21,124.27534163008563,125.23584016079889,122.27363796159447,122.40277099609376,5738800,1.4198495149612427,8752.712193832594,8820.360104445112,8611.73220634809,8620.82704584612
2016-01-22,124.76769311769438,126.7129033244792,124.18655137694556,126.60797119140624,5583800,1.4226775169372559,8769.920915478766,8906.64973726914,8729.072463610357,8899.274057832039
2016-01-25,126.23669688503408,126.34162903097804,121.9749984741211,121.9749984741211,5051700,1.4260046482086182,8852.47443222683,8859.83290374905,8553.61857532155,8553.61857532155
2016-01-26,121.97495060903536,125.99451528423788,121.97495060903536,124.66272735595705,5237700,1.4242985248565674,8563.861331059,8846.074968513081,8563.861331059,8752.570137535675
2016-01-27,123.9685999884807,127.87515369812262,123.6457489921045,124.0735321044922,5153100,1.434308648109436,8643.09088227864,8915.455809785084,8620.581710574088,8650.406749484058
2016-01-28,125.11476968059452,127.56848223077571,123.113065885642,126.7694091796875,4292900,1.4249074459075928,8780.5541363357,8952.755675265711,8640.074570403083,8896.676731094061
2016-01-29,128.04468773731486,130.4257482486423,127.35054685210282,130.4015350341797,4887900,1.4362038373947144,8915.49544733072,9081.283927303499,8867.163806157056,9079.598009620218
2016-02-01,129.4733434016538,129.94955309380205,127.8913434232197,128.8599090576172,2963500,1.4246028661727905,9088.381504487998,9121.809044433048,8977.333013992948,9045.321479929391
2016-02-02,126.72099057203964,126.72099057203964,121.20015546728406,122.44314575195312,6316200,1.4427932500839233,8783.031842203907,8783.031842203907,8400.382761718229,8486.53441820794
2016-02-03,123.0888972915948,124.17046235130452,118.65769255534325,123.2341766357422,5893200,1.4409221410751343,8542.369763279012,8617.430380981972,8234.844144098419,8552.452150106588
2016-02-04,122.92740805279324,127.48774351761192,122.69333058709356,126.309326171875,4573100,1.4585764408111572,8427.903030192212,8740.559627215165,8411.854679269341,8659.767334623248
2016-02-05,127.18107961326967,128.90027976149946,125.6636521869808,126.29322052001952,4596100,1.4581085443496704,8722.332785587892,8840.23896993143,8618.26457803441,8661.441633369444
2016-02-08,124.16233964580762,124.16233964580762,117.23707741588804,120.46563720703124,8680000,1.4512102603912354,8555.778789238602,8555.778789238602,8078.572803384246,8301.046408985188
2016-02-09,117.4549970217701,121.03062072479123,117.11599975517947,119.65848541259766,6919400,1.4436055421829224,8136.225138354805,8383.912169094125,8112.742458586339,8288.86298341985
2016-02-10,121.07103270695568,123.79917058506678,118.81911691763854,118.8352508544922,7609600,1.446591854095459,8369.39820753106,8557.988919582109,8213.727775477837,8214.84308224581
2016-02-11,115.75192459253437,116.5590644128865,112.23279448316,113.55650329589844,10252200,1.452643871307373,7968.3621621835055,8023.925665137997,7726.105255388645,7817.229366320741
2016-02-12,116.0263677854635,118.25406961319224,115.98600832477726,117.9473648071289,9009300,1.4482258558273315,8011.621068537051,8165.443886902361,8008.834247646935,8144.265919057827
2016-02-16,120.74807249634296,121.45834687189402,119.01271520518668,120.2799301147461,10198000,1.4459224939346313,8350.936720526726,8400.059296496775,8230.919409886925,8318.55999331205
2016-02-17,121.7167356751925,122.58036922139182,121.32123257251436,121.8297348022461,5578800,1.4303901195526123,8509.338397364085,8569.715880009831,8481.68838096144,8517.238279047338
2016-02-18,122.07996781121533,122.68532302350232,118.94825957186914,119.23883056640624,5895500,1.4281632900238037,8548.039895996808,8590.4268706877,8328.757670972385,8349.103453318621
2016-02-19,118.6495820892918,119.23879085119302,117.38236635530755,118.57694244384766,5257300,1.4333218336105347,8277.944234646433,8319.052152497445,8189.533125273172,8272.876311745882
2016-02-22,120.42531367289943,121.06296131882728,119.64238670469857,120.0943832397461,4287900,1.426594614982605,8441.452982378447,8486.150168196411,8386.572152184763,8418.255752438155
2016-02-23,119.45672141691188,119.4970808805864,116.2685208422915,116.96266174316406,4249600,1.4148073196411133,8443.320850729966,8446.173498091499,8217.97563726096,8267.038212159758
2016-02-24,115.48557829705304,117.55185446919296,113.20943786881996,117.4872817993164,5714700,1.4013453722000122,8241.050392577306,8388.499851727838,8078.62502097461,8383.891946270873
2016-02-25,117.84242070987696,120.32034601592484,117.22091956313898,119.65848541259766,4299600,1.3929517269134521,8459.907004171353,8637.797253931734,8415.289438843722,8590.282283345226
2016-02-26,120.84499817014596,122.66106311581756,120.27192336825898,121.27278137207033,5924500,1.3966480493545532,8652.50184010161,8782.532089777673,8611.469684423462,8683.131117257159
2016-02-29,121.39436960832477,121.83211347852723,120.2351505136938,121.21602630615234,5506400,1.3861935138702393,8757.389815610437,8788.968658378231,8673.763750199523,8744.524129803374
2016-03-01,122.36714792468544,125.46382504138876,122.1482697967193,125.36653900146484,6490400,1.3927963972091675,8785.716862125728,9008.052095251569,8770.001849622484,9001.067151858631
2016-03-02,125.44765133141844,125.98268143986274,124.3938075216175,125.00179290771484,5047500,1.3963944911956787,8983.682771764765,9021.997883419652,8908.213854030882,8951.753512052359
2016-03-03,124.83961620899304,126.18529296278044,124.32080271433266,125.91777801513672,3615800,1.408093810081482,8865.859313859846,8961.426579630977,8829.01421938206,8942.428204257943
2016-03-04,126.7608787365595,128.7712923818863,125.8853784141416,127.14188385009766,5256700,1.4174946546554565,8942.60012341074,9084.428781368923,8880.836199325206,8969.478892391407
2016-03-07,126.46092129490393,126.76085670127664,125.17199564269129,125.93400573730467,2771900,1.4215044975280762,8896.27303429662,8917.372890603392,8805.599691056836,8859.205578054623
2016-03-08,124.83960557440984,125.02605087252527,122.81298860079929,122.89405822753906,3830400,1.4261265993118286,8753.7533929071,8766.826937584368,8611.647006658608,8617.331609047968
2016-03-09,123.30748357229328,123.62363532523074,120.93228204833687,121.52406311035156,3250900,1.4208581447601318,8678.381021147608,8700.631782358596,8511.214331586394,8552.863884301916
2016-03-10,121.92943968476732,124.5154060487299,120.65671773355314,122.42393493652344,4631800,1.42069673538208,8582.369245184182,8764.390242316063,8492.784894103661,8617.175776334765
2016-03-11,124.25594759087988,124.96932077374316,123.51825599219072,124.79097747802734,4058700,1.4287755489349365,8696.673713621778,8746.602702355876,8645.04267897543,8734.120455172351
2016-03-14,124.56402463518351,125.20443034135457,123.32373567843445,124.42621612548828,3317900,1.4380005598068237,8662.307103129157,8706.841557709417,8576.056166139557,8652.723761262187
2016-03-15,123.7452117334352,123.8181793360225,122.32658003220916,123.24261474609376,3731400,1.4282041788101196,8664.392218522362,8669.501264110513,8565.062464256558,8629.201382730229
2016-03-16,122.34285514476576,123.90741043254847,121.36197911036962,122.03480529785156,4310300,1.4156285524368286,8642.29920583106,8752.819390316567,8573.0101234155,8620.53856485049
2016-03-17,121.91314543516243,124.82336385014494,120.58368546498342,123.95597839355467,4431700,1.4255167245864868,8552.207303672774,8756.359129097811,8458.945685113746,8695.512038240853
2016-03-18,124.76669074559469,128.22814475169994,124.734257936598,127.75798034667967,7413200,1.4478065967559814,8617.635188646906,8856.717812932578,8615.395054566197,8824.243558009735
2016-03-21,127.4660775450486,128.81174151827142,126.25820964184852,126.69595336914062,4410200,1.4468011856079102,8810.19996479271,8903.209563250939,8726.71455468831,8756.970524316104
2016-03-22,126.05563671751578,126.12859199516882,124.32085224396448,125.00179290771484,3521500,1.4370087385177612,8772.08560662888,8777.162491389394,8651.36369123255,8698.749670558795
2016-03-23,125.04231902495071,126.09616276129633,124.50728895379922,124.90451049804688,3633400,1.4224953651428223,8790.349837969148,8864.43399755021,8752.73775962696,8780.662036498525
2016-03-24,123.54259854868006,124.06141213682524,121.70243875434002,124.02899169921876,3693400,1.411691665649414,8751.386832892247,8788.138030109702,8621.035436824926,8785.841463628836
2016-03-28,124.1424420253885,125.35841214279904,123.5263549522494,124.70989227294922,2308600,1.413107991218567,8785.064043006128,8871.113384243095,8741.46602523483,8825.220227182213
2016-03-29,123.92357570173752,125.93398872601858,122.81299351400574,125.67457580566406,2919500,1.4263300895690918,8688.281668318168,8829.23172181444,8610.418753144913,8811.044282437566
2016-03-30,126.56630605652023,128.09842822212465,125.5610994347862,126.86624145507812,3130600,1.438641905784607,8797.624033306152,8904.121846239581,8727.752120240628,8818.472543095273
2016-03-31,126.60678266192632,127.66062573755906,126.5095090261554,127.25530242919922,2927300,1.4374011754989624,8808.033889215205,8881.349752148662,8801.266562359697,8853.15140952388
2016-04-01,126.83381273463782,129.71159918243646,125.72321812889362,129.55758666992188,3373400,1.4366991519927979,8828.140015166768,9028.445447504982,8750.838194239002,9017.725561417423
2016-04-04,129.6791802148011,129.7034986312353,127.5877098150337,127.89575958251952,2478100,1.422454833984375,9116.57629589282,9118.285904932995,8969.543831325276,8991.200038617493
2016-04-05,126.81760792382852,126.8905631789748,125.28548571830451,125.93400573730467,2822700,1.4264928102493286,8890.168040991583,8895.282350339803,8782.763209048811,8828.225759882616
2016-04-06,125.86109068340114,126.6798523425538,124.77482631031276,125.80435180664062,2927400,1.4156285524368286,8890.827361933814,8948.664684990295,8814.093647343325,8886.819327717294
2016-04-07,124.55591667654724,124.86396651970026,121.08634822548058,121.92942810058594,4786800,1.4138071537017822,8809.965089681538,8831.753764491003,8564.559028325699,8624.190914675823
2016-04-08,123.27507760584096,123.923585217547,121.60513463417747,121.82401275634766,3122200,1.4057974815368652,8769.04954126625,8815.18048261614,8650.259815605492,8665.829492251298
2016-04-11,122.5535917202502,124.75855226549592,121.9294025167688,123.38045501708984,3464300,1.4130080938339233,8673.240603153574,8829.287872441537,8629.066107182516,8731.758547986865
2016-04-12,123.76146663941644,125.72323074661148,122.6508842917024,125.09092712402344,2732900,1.4234064817428589,8694.738166983716,8832.559943992415,8616.715313922501,8788.138084832843
2016-04-13,126.8905854748404,129.69542979282014,126.7689933615651,129.58193969726562,5151100,1.4268999099731445,8892.74605653515,9089.315157028857,8884.224638009193,9081.3615441117
2016-04-14,129.32249597262282,131.54367288020177,129.01444619951974,130.44119262695312,3067100,1.4192047119140625,9112.321491535022,9268.830055023604,9090.615688945936,9191.147093292047
2016-04-15,130.70061541556805,131.14647374993572,128.24435593745113,128.50376892089844,3467900,1.4146071672439575,9239.357642320494,9270.875815329355,9065.72219532199,9084.060359404159
2016-04-18,127.76604266035304,129.70348801784,127.3931396897268,128.9090576171875,3031500,1.4174344539642334,9013.89424414097,9150.58101311772,8987.585939754597,9094.53394875925
2016-04-19,127.87955017294546,132.70289681809038,127.2715649898728,131.85171508789062,5832200,1.4289796352386475,8949.011379828997,9286.549195358426,8906.464574536623,9226.98349482571
2016-04-20,131.32476868514067,135.74279083676183,131.2761318610419,135.36178588867188,4802200,1.4389524459838867,9126.414778449964,9433.445227159498,9123.034762367119,9406.967288353853
2016-04-21,135.01323596548005,136.91824865009218,133.76483288379546,134.01614379882812,4165100,1.4338973760604858,9415.822793149795,9548.678373780398,9328.759164850644,9346.285587538097
2016-04-22,134.39717314555836,135.77528306889744,134.29179743704466,135.17539978027344,2680300,1.432295322418213,9383.342320677915,9479.559204289064,9375.98519907985,9437.676550674641
2016-04-25,134.56737297605454,135.69417156824315,132.99471615613183,133.82968139648438,2473000,1.4446691274642944,9314.75383655836,9392.750837447164,9205.89452822088,9263.690823890194
2016-04-26,134.06479244679423,134.56738958217747,133.12443904489166,134.43768310546875,2251600,1.4490653276443481,9251.811487666653,9286.4957165827,9186.917698272682,9277.54467246935
2016-04-27,134.4295692845272,136.72370136570927,133.69997969422616,135.31317138671875,3323600,1.457726001739502,9221.868109926874,9379.245564842577,9171.81826589374,9282.483211882738
2016-04-28,134.04041759547226,135.63739235531185,132.954141772239,133.18112182617188,2528000,1.4542070627212524,9217.423091361068,9327.240654538844,9142.72425024827,9158.33276018826
2016-04-29,132.78402542186817,133.49738660886635,131.77881835312638,133.0353240966797,2890800,1.4611338376998901,9087.73871330611,9136.561153016435,9018.942341419726,9104.937594635632
2016-05-02,133.8216287151728,135.5320946416042,132.9380263186852,134.7133331298828,1998400,1.4602802991867065,9164.105602856102,9281.238315485589,9103.59650765159,9225.169524296842
2016-05-03,132.67048703444837,133.03527569967756,130.81409853286254,132.2489471435547,2777000,1.4665981531143188,9046.137604409416,9071.010720774286,8919.559748188623,9017.394905531843
2016-05-04,130.67629184922615,131.81120505288362,128.96582621163142,129.76026916503906,3203900,1.4550957679748535,8980.597341101224,9058.59311489397,8863.047302454952,8917.644599134146
2016-05-05,130.33575696183613,130.3681897521516,128.48748373738087,129.32244873046875,2366200,1.4507049322128296,8984.305082841951,8986.540740114171,8856.89990323482,8914.455714519909
2016-05-06,128.23624080542996,129.84131827550885,127.27967098866216,128.77127075195312,2307000,1.4492753744125366,8848.300541738694,8959.050886249965,8782.29722493249,8885.217607740733
2016-05-09,128.24428463469752,129.5818588941204,127.1012700046866,127.6849365234375,2097900,1.443084716796875,8886.81607822397,8979.504625462678,8807.609735262482,8848.055490938314
2016-05-10,128.62536539728222,130.91949802345647,128.39838521379784,130.85464477539062,2379600,1.4415452480316162,8922.74214582692,9081.886135882509,8906.99652953119,9077.387265787767
2016-05-11,130.80597904575745,131.75443439647472,129.1198320768746,129.2333221435547,2096900,1.4451494216918945,9051.380921747013,9117.0111836757,8934.704615229946,8942.55778701804
2016-05-12,129.96291732228215,130.89515631218987,127.5228622297317,128.1389617919922,2448100,1.4438347816467285,9001.231925861788,9065.798800254746,8832.233705042676,8874.904762014847
2016-05-13,127.9849846652112,129.4765725535177,125.8610805771606,125.92593383789062,2550100,1.4445230960845947,8860.01650040188,8963.274654760886,8712.984992646312,8717.474589310139
2016-05-16,125.92589544184705,127.1905027167546,125.32602460961652,125.95832824707033,3177700,1.4349260330200195,8775.77607096701,8863.9065561493,8733.971070679434,8778.036313270582
2016-05-17,125.43950662378032,127.3607358317882,124.65317813580026,125.36653900146484,2701500,1.4446901082992554,8682.796809030036,8815.782367453332,8628.367939927737,8677.746063413637
2016-05-18,125.49619477015167,129.703452489394,125.36648834898584,129.65481567382812,3653300,1.4455254077911377,8681.701068258531,8972.754943656772,8672.728107944811,8969.390297466276
2016-05-19,128.63338259393635,129.66290712768898,125.26110250463742,125.40701293945312,4712000,1.4596196413040161,8812.801565140353,8883.335319593867,8581.763286819698,8591.759756494863
2016-05-20,126.26636041267972,126.79328833490494,124.77477304139286,125.2530517578125,3247800,1.4601097106933594,8647.7310223983,8683.819264149326,8545.575180247333,8578.331534986768
2016-05-23,125.1963039140938,126.53386629466311,124.62885358201862,126.01505279541016,2767600,1.4490653276443481,8639.797083380454,8732.102264868972,8600.637335282854,8696.29894466281
2016-05-24,127.00402337744738,128.52804320815522,126.81757809054832,127.74981689453124,3038800,1.4481840133666992,8769.881603801981,8875.118218530579,8757.007184171729,8821.380136460828
2016-05-25,128.13084655338827,131.55987946404534,128.10652813603883,130.71681213378906,3259900,1.4612619876861572,8768.506101789299,9003.168533273387,8766.841895264091,8945.474065247758
2016-05-26,130.64388532899304,130.7816938471437,129.03069319977175,129.07122802734375,2576100,1.4698317050933838,8888.356733378041,8897.732535905168,8778.603206927963,8781.36099392028
2016-05-27,129.17697332016886,130.56071915917522,128.86767331721785,129.85256958007812,2157000,1.466490626335144,8808.578179799932,8902.935812515556,8787.48701171494,8854.647090693528
2016-05-31,130.56072496618012,131.57818701367276,129.0548885880056,129.81187438964844,2916100,1.4635074138641357,8921.083947327423,8990.606112904037,8818.191651469582,8869.915735302144
2016-06-01,128.525785704652,130.6828124429135,126.979248543037,130.21070861816406,2581600,1.4482468366622925,8874.577347661221,9023.517893130162,8767.790498730188,8990.919594773959
2016-06-02,130.34910807108676,130.50376430227837,128.98164492828246,129.6490936279297,2257100,1.4419403076171875,9039.840788311772,9050.56635235729,8945.00585405128,8991.294087768125
2016-06-03,126.86531143470415,127.41880484063564,125.237372118165,126.71065521240234,4329300,1.4405485391616821,8806.736322021652,8845.158727854196,8693.728028841435,8796.000396219955
2016-06-06,127.1827732825264,128.53396604672622,126.79207128065644,127.8420867919922,2540400,1.4383935928344727,8842.000820644807,8935.938444597732,8814.838435897247,8887.837614742768
2016-06-07,127.95603023469208,128.1758055242672,126.30367279052734,126.30367279052734,2489700,1.4459224939346313,8849.439079303573,8864.638738379146,8735.162038100045,8735.162038100045
2016-06-08,126.32810501661734,127.45138726653596,125.27808948487952,125.87228393554688,2426800,1.454355001449585,8686.194559836049,8763.43032749931,8613.996538672629,8654.852756726345
2016-06-09,125.18040036541328,125.58738523383872,124.09783154517103,124.67574310302734,2711700,1.4518423080444336,8622.176091150399,8650.20839646141,8547.61091184381,8587.416306317728
2016-06-10,123.19432936582128,123.4466580066928,121.745464172268,122.00592803955078,4335700,1.4463825225830078,8517.409982652163,8534.85548112382,8417.238335737775,8435.246287522039
2016-06-13,121.28148861427243,123.16990433156953,120.94775804730648,120.9803237915039,3385800,1.4188824892044067,8547.676748218746,8680.768511043725,8524.15608533756,8526.451253855405
2016-06-14,120.64660514228592,121.322201568908,118.39190531129334,118.99424743652344,5069600,1.4206764698028564,8492.194226249678,8539.748785009691,8333.488153549997,8375.886415084777
2016-06-15,119.78378784111278,121.0372957540809,118.75817803758288,118.96981811523438,2981400,1.4123696088790894,8481.051071056238,8569.803187010002,8408.43482407087,8423.419575677035
2016-06-16,118.0256420075708,119.64544666915204,116.82910519498184,119.3524169921875,3499200,1.41958749294281,8314.080153165003,8428.184050926413,8229.792511963788,8407.542161756406
2016-06-17,119.35235836874362,120.65470218874916,118.40001549142914,118.54652404785156,4296500,1.4295722246170044,8348.816262201739,8439.916508665638,8282.198930043538,8292.44734938882
2016-06-20,120.87449243226028,122.50243172427724,120.1256418483554,120.2640151977539,3338900,1.4585976600646973,8287.034577232134,8398.644470528188,8235.694128497857,8245.180867246112
2016-06-21,120.87452428785636,121.1431358322527,119.75124190587064,120.75243377685548,2424600,1.467502236366272,8236.75230554725,8255.056301121489,8160.208477936662,8228.432692263172
2016-06-22,120.47563902031804,122.19311541583014,120.4593685704506,120.58145904541016,2487600,1.4670286178588867,8212.221462738129,8329.293234522564,8211.112387586536,8219.43468433476
2016-06-23,122.55127121705304,124.3745677444962,122.20940544694332,124.26061248779295,2940500,1.4789398908615112,8286.426782745344,8409.710801163501,8263.311186755127,8402.005602500094
2016-06-24,116.4221156465208,119.18147315439776,114.70463863352278,115.4697723388672,9442200,1.4557948112487793,7997.1514355552645,8186.694459514113,7879.176223682873,7931.734022311657
2016-06-27,114.01276409593191,114.9569596928926,112.49063201408192,113.5569305419922,7381000,1.3450984954833984,8476.164717956826,8546.359993628543,8363.00333334737,8442.276229086285
2016-06-28,115.75469655772343,116.08841486851723,113.80930846222506,115.91748809814452,5041500,1.323504090309143,8746.077734499902,8771.292489273786,8599.090044039196,8758.377775097666
2016-06-29,116.88610950724905,118.4733486934837,116.34073861897042,118.43264770507812,3804100,1.3350956439971924,8754.886590544134,8873.772394222031,8714.037765163668,8870.723849453829
2016-06-30,119.3849810330358,121.18386023745228,118.3268175257436,120.93966674804688,4528600,1.3465837240219116,8865.767415965973,8999.355782758621,8787.186077990811,8981.221485941482
2016-07-01,120.8663700855444,122.66523623958771,120.52450428821749,120.67101287841795,3096800,1.3328713178634644,9068.119965195741,9203.0816925534,9042.471142781667,9053.463095885987
2016-07-05,119.42568017241928,119.60475456720278,116.6663223512327,117.57796478271484,3943000,1.3279860019683838,8992.992395657988,9006.477055475038,8785.207236996934,8853.8557340542
2016-07-06,116.34884663865236,118.79075606886268,116.08837033773698,118.49772644042967,2941800,1.2957899570465088,8978.98968933561,9167.439168892943,8958.887951434424,9144.825193005916
2016-07-07,118.83958704941938,120.54078089688322,118.318646890668,119.65355682373048,2578300,1.292590856552124,9193.905902012479,9325.517064109172,9153.603887178415,9256.877860245442
2016-07-08,121.57450215398634,122.8442927657462,120.71983157447394,122.40475463867188,3281400,1.2915725708007812,9412.90523680056,9511.218768727966,9346.732371346898,9477.187531381247
2016-07-11,123.30829063527096,124.52109769977606,123.21875345961944,123.87806701660156,3041600,1.2946157455444336,9524.70190940056,9618.382761705896,9517.785789620642,9568.713144648667
2016-07-12,125.35141880388088,127.99682212279396,125.286299693299,127.72821044921876,5110800,1.2981113195419312,9656.4460163643,9860.234649826536,9651.429565956578,9839.542150690948
2016-07-13,127.79330901318863,128.82705454464514,127.10142944217164,128.5421600341797,4276400,1.3278273344039917,9624.241473425453,9702.093879734026,9572.135333335516,9680.6381901964
2016-07-14,130.47122586142652,132.87244692998362,130.24331528993278,132.3026580810547,5087700,1.3119744062423706,9944.647185238126,10127.670654075026,9927.275613779922,10084.240778749876
2016-07-15,132.56314318432766,132.79105377091898,130.8049651561699,131.57009887695312,3078400,1.3357912302017212,9923.941719868079,9941.003561676764,9792.321000371947,9849.600439215668
2016-07-18,132.15617257648466,133.56433722951348,131.87127810219823,132.9457244873047,4734500,1.3229613304138184,9989.420668489729,10095.861017172358,9967.88606519204,10049.101317702132
2016-07-19,131.879364996465,133.55614047330522,130.82933720200683,131.38284301757812,5399700,1.3268934488296509,9938.956674538222,10065.325184256857,9859.822378157129,9901.536791327191
2016-07-20,132.310783463874,132.5875301940899,129.6002627445192,131.67588806152344,3547800,1.310839295387268,10093.593007889249,10114.705186261515,9886.815508245098,10045.158741035586
2016-07-21,131.62705644106128,131.78170026377583,130.04795310639497,130.27586364746094,2855500,1.326453447341919,9923.232263056712,9934.890706330725,9804.185240499632,9821.367188461898
2016-07-22,130.47122386212396,130.82937258903868,130.12122278276286,130.56890869140625,1811700,1.3246086835861206,9849.793790336516,9876.83186817435,9823.37081095414,9857.168408251433
2016-07-25,129.94210373315016,131.31771431564889,129.91768563927542,130.65025329589844,1956100,1.3129734992980957,9896.780384571059,10001.551012708955,9894.920629298937,9950.715179380462
2016-07-26,130.78865264534943,131.45611379784208,129.76305523807213,131.1793670654297,2150100,1.3107877969741821,9977.866207425908,10028.786818224498,9899.623382031532,10007.673810226466
2016-07-27,131.21192706602375,132.0014787523412,130.56889639973912,131.04100036621094,2317200,1.3152875900268555,9975.911584731417,10035.940409781104,9927.022606293514,9962.91619869502
2016-07-28,130.3817162330996,131.0166242966641,129.29099935041202,130.66661071777344,2047400,1.323784351348877,9849.16584791522,9897.127440973603,9766.771998677148,9870.687063540978
2016-07-29,129.8363168970309,130.38982281343658,129.13630237993144,129.26654052734375,2388200,1.316187858581543,9864.573362419225,9906.62707935612,9811.38836207635,9821.283465314324
2016-08-01,129.26652803779993,130.17003491536312,128.55023071643316,128.75372314453125,2316300,1.3216325044631958,9780.822399665767,9849.185342807072,9726.62448012703,9742.02153092677
2016-08-02,128.3223463325467,128.98167236686453,126.46649600383164,127.02813720703124,3182800,1.3185480833053589,9732.094563503975,9782.09850667949,9591.345026023113,9633.940454305992
2016-08-03,127.3455848550398,129.380509548857,127.12580951045304,128.8839874267578,2284700,1.333777904510498,9547.73537816074,9700.303859535008,9531.25772143517,9663.077112831521
2016-08-04,128.78630734047033,129.33980086250787,128.1269937661987,128.64793395996094,2005700,1.332800269126892,9662.836234632314,9704.364851849667,9613.367939228716,9652.454080327976
2016-08-05,130.03169940777937,131.96895186168186,129.58401345160075,131.93638610839844,2676100,1.3129217624664307,9903.994520092669,10051.547292031128,9869.89607119975,10049.066888840747
2016-08-08,131.94448665701444,133.47474116979888,131.87121994837844,132.53868103027344,2266600,1.3085750341415405,10083.066176145832,10200.006700980797,10077.467207288531,10128.473917983792
2016-08-09,132.27008373661823,133.96314229887005,132.27008373661823,133.03521728515625,1957400,1.3032373189926147,10149.347460281544,10279.259222136287,10149.347460281544,10208.05768422828
2016-08-10,133.0433586868549,133.1654616065489,131.8712402108746,132.01776123046875,1656100,1.3007115125656128,10228.506275340875,10237.893669741123,10138.392636408875,10149.657318713806
2016-08-11,132.0258976201543,133.69453817579344,131.8061222989235,133.37709045410156,1827700,1.3020155429840088,10140.116862013207,10268.275128988646,10123.237238539043,10243.893874601748
2016-08-12,132.40845028040033,132.9782265892529,131.92007591003755,132.88055419921875,1440800,1.2954877614974976,10220.741115095134,10264.722719999989,10183.043007488293,10257.183290224037
2016-08-15,133.38521000021112,134.98873129363793,133.3282385800374,134.752685546875,2222200,1.290988802909851,10332.01912360237,10456.227892091494,10327.606117072391,10437.943787207634
2016-08-16,134.2968957607074,135.73761351422328,134.07712041416292,134.8341064453125,2523800,1.2883111238479614,10424.259580992044,10536.089536260359,10407.200398433095,10465.958412482418
2016-08-17,135.07017820059616,135.37949076226556,134.09341672503527,134.85040283203125,2061700,1.303373098373413,10363.124601018802,10386.85629856998,10288.183551768983,10346.262555236272
2016-08-18,134.58177213477504,135.5748163462511,134.00386049608304,135.16783142089844,1750500,1.3044612407684326,10317.03878418768,10393.16555441591,10272.736077397285,10361.966089638181
2016-08-19,134.59801800159397,135.8515257621416,133.89800362564918,135.30616760253906,1840900,1.3166556358337402,10222.71992299361,10317.9238416518,10169.553828770231,10276.50388758331
2016-08-22,135.11903021425724,135.85974595109843,134.21552294914918,135.33065795898438,1448100,1.3056023120880127,10349.172099593268,10405.905741222363,10279.96976617651,10365.381303787208
2016-08-23,135.93297865469265,136.62485806502525,135.1027258463326,135.1841278076172,1965500,1.3137152194976807,10347.218075670062,10399.883935063635,10284.019233482824,10290.215550620396
2016-08-24,134.939850406275,135.6887007875372,134.18286480202292,134.5491485595703,2035300,1.3196094036102295,10225.741801862147,10282.489683410538,10168.377433119313,10196.134416098163
2016-08-25,134.37016399883242,135.15156821391318,133.98759711971303,135.03761291503906,1441400,1.3234516382217407,10153.009004498212,10212.051903574651,10124.102252783927,10203.441441689754
2016-08-26,135.73758934541374,136.8039001375735,134.5980366777067,135.0945587158203,2402200,1.3194352388381958,10287.552230675221,10368.367928238269,10201.185531184121,10238.816937675192
2016-08-29,135.6073855148083,136.63298308128662,135.24108913659964,135.8271484375,2620900,1.3128528594970703,10329.214316275853,10407.334081111587,10301.31352179162,10345.953657710954
2016-08-30,135.82715740851705,138.51558499043713,135.82715740851705,138.40118408203125,2934100,1.3107877969741821,10362.253731844314,10567.353869954086,10362.253731844314,10558.626224741796
2016-08-31,138.3030628960849,139.11204837312206,136.84853241970058,138.47467041015625,3688200,1.3090718984603882,10564.970729166553,10626.769128321605,10453.859148657108,10578.079826861887
2016-09-01,138.91598755499967,138.97319424076397,136.1866999684811,137.69842529296875,2843300,1.3133701086044312,10577.063285124546,10581.41900217563,10369.255328430703,10484.358094557609
2016-09-02,137.70658405041144,138.7035113966079,137.1999408698576,138.2458953857422,1747500,1.327492356300354,10373.437059494028,10448.535597083715,10335.271628397626,10414.063382709463
2016-09-06,137.87000558874456,138.74435250063044,136.8485647059858,138.36846923828125,2034900,1.3313806056976318,10355.41639999344,10421.08859832231,10278.695973213335,10392.856005723275
2016-09-07,137.8536773008209,139.08758603062023,137.81281716634683,138.6463165283203,1584300,1.3421016931533813,10271.477787716818,10363.41632978811,10268.433299010598,10330.537338236947
2016-09-08,138.38480974594216,140.45220500494472,137.86183253553756,140.27243041992188,3031600,1.333866834640503,10374.709540119793,10529.702167967815,10335.501937319958,10516.224466869468
2016-09-09,139.5942280620584,140.893498149457,137.69842739442785,137.74746704101562,3411800,1.331026315689087,10487.713609913786,10585.327764651662,10345.282115864093,10348.966464250729
2016-09-12,136.47270886490654,140.28064458136703,135.83533056526468,139.7821807861328,2647900,1.327316164970398,10281.853899364676,10568.743776619009,10233.833818206691,10531.189514236818
2016-09-13,137.72290239488277,138.89143717026025,135.95786214393456,136.46449279785156,2788200,1.333866834640503,10325.086344320207,10412.691399414962,10192.761272198302,10230.743373616511
2016-09-14,136.46452735681524,137.16727931381044,135.3123388339342,135.7781219482422,1995900,1.3194352388381958,10342.646864349064,10395.908436899907,10255.32249336322,10290.62419674338
2016-09-15,135.4675919403524,137.90270382462558,135.45124539288736,137.3470458984375,1645200,1.326435923576355,10212.901319432212,10396.48439653311,10211.668953271548,10354.593347270065
2016-09-16,137.15906081683875,137.32248883345866,135.32863461192423,135.64732360839844,4534900,1.3247665166854858,10353.451652748998,10365.788016520388,10215.281931378458,10239.338170154146
2016-09-19,136.74234389380368,137.53498309185272,135.3858672797443,135.8189697265625,2030700,1.3016257286071777,10505.504069908535,10566.400161667356,10401.29004092565,10434.564002656696
2016-09-20,137.02016568118248,137.5104623134849,135.96604413112195,136.0314178466797,1532900,1.3044612407684326,10503.966035852976,10541.552176167394,10423.157076788806,10428.168625887743
2016-09-21,136.80770272422953,137.51045454080108,135.59014071971583,136.489013671875,2333600,1.2985326051712036,10535.561616197712,10589.680535797648,10441.797162408495,10511.019371275606
2016-09-22,137.64938913447432,138.36848760137258,137.0365245234849,137.2980194091797,2467700,1.3036110401153564,10559.08433563847,10614.246377441568,10512.07149268685,10532.130764789335
2016-09-23,137.07738351001112,137.3633919802493,134.87107342267845,134.9364471435547,3421200,1.3087291717529297,10474.083291534474,10495.937199616548,10305.499131041015,10310.494337252296
2016-09-26,133.8741563980999,133.98855730132863,131.56161227612512,131.95384216308594,2772200,1.297858476638794,10315.004201753063,10323.818791732474,10136.822669359499,10167.043983472007
2016-09-27,131.33282811136434,133.56365225836825,130.59739541592808,133.10604858398438,2602700,1.2969495058059692,10126.286915830973,10298.292389985312,10069.582110274243,10263.009314404086
2016-09-28,133.47371134223633,133.84142754231704,132.11723494581778,133.5635986328125,1678100,1.3012362718582153,10257.453948131244,10285.712935990197,10153.208744876847,10264.361785894467
2016-09-29,133.5064063629826,133.98035640481055,128.9221794147744,129.88641357421875,3733800,1.3039510250091553,10238.605883380109,10274.953110594766,9887.041533164116,9960.988647814193
2016-09-30,130.70359408892975,132.71379555888902,128.94672047279144,131.78224182128906,4497200,1.2963443994522095,10082.474544894134,10237.541475472823,9946.949323596407,10165.681425165696
2016-10-03,131.1530674740268,132.1499952149444,130.94877920693332,131.6188507080078,2444700,1.2931592464447021,10142.066248577465,10219.15866729221,10126.268637598374,10178.085264430429
2016-10-04,131.75774448038808,134.1356500585532,131.74956497098225,132.5994110107422,2469900,1.2848516702651978,10254.704689234115,10439.777070209759,10254.068078052052,10320.211591690831
2016-10-05,133.45737817200936,136.11312431214998,133.20405037411442,135.9741973876953,2548200,1.273236632347107,10481.741946584718,10690.324237784193,10461.845582353668,10679.412917694497
2016-10-06,136.61159549502844,136.70148279939443,134.68312690819764,136.5870819091797,2858000,1.2755101919174194,10710.34918895208,10717.396353681579,10559.157250302665,10708.427323803207
2016-10-07,136.87310146766674,138.8996370309792,135.84349337224668,138.77706909179688,3390200,1.2402331829071045,11036.07800162518,11199.477561582304,10953.0607021681,11189.59490879801
2016-10-10,139.34094326819107,140.34603804063366,138.99774047927815,139.76585388183594,2532000,1.2434717416763306,11205.798941626517,11286.62866527489,11178.19857264264,11239.970254041871
2016-10-11,138.78527095395228,139.6269375975535,137.2081715532048,138.1315460205078,2680000,1.2341108322143555,11245.770422817775,11313.970670447969,11117.978059313624,11192.799091849753
2016-10-12,138.13154163325245,138.90784698074205,137.52685637575394,138.34400939941406,2404000,1.2278977632522583,11249.433443659986,11312.655755054497,11200.187873255416,11266.736819602202
2016-10-13,136.95478744038846,136.97930102208568,135.24692894666964,136.8076934814453,2713700,1.2187690734863281,11237.140030853006,11239.151370181391,11097.010244917969,11225.070971820978
2016-10-14,140.22345382273468,141.3266028445502,138.18873845053113,139.34092712402344,5282300,1.222195029258728,11473.083302243624,11563.342957651039,11306.602885984883,11400.874965801075
2016-10-17,139.32460663022374,139.9538180223892,137.64944024443537,138.098876953125,3061400,1.2183235883712769,11435.763696940372,11487.40936794036,11298.266040178443,11335.155805178434
2016-10-18,140.55846597568217,141.7515146970878,139.81486631222612,141.0651092529297,4482500,1.2218962907791138,11503.305725403123,11600.94484014705,11442.449524343545,11544.769414348806
2016-10-19,141.66979506456445,143.55741627897595,141.5145340177057,142.60134887695312,3676000,1.230466365814209,11513.50406646999,11666.911040187833,11500.886001387324,11589.211443629565
2016-10-20,142.18460538440897,143.6473035972224,142.0211772972601,142.60134887695312,2471100,1.2289540767669678,11569.562123790389,11688.581885428788,11556.26397943834,11603.472544075621
2016-10-21,141.23669497650636,142.92002784505533,140.9670330409481,142.73208618164062,2004400,1.2256402969360352,11523.502884947764,11660.846024917715,11501.501165827369,11645.51186334645
2016-10-24,143.41031453042453,143.6472833530799,142.47059381018013,143.09979248046875,1943200,1.2219113111495972,11736.556755129912,11755.950046647316,11659.650950946769,11711.143941031021
2016-10-25,143.03441598052686,143.78620750462224,142.7075598586468,143.451171875,2423300,1.2217471599578857,11707.366357655977,11768.900490800292,11680.613185429134,11741.477825898513
2016-10-26,142.8301477668898,145.371493746602,142.12739578465792,144.69326782226562,2533800,1.217581868171692,11730.640172998146,11939.360920747802,11672.923152023848,11883.658224931973
2016-10-27,145.6084505723247,146.1477743800305,144.28466710682994,145.2489013671875,3021900,1.2235409021377563,11900.578911413531,11944.657847129003,11792.386086540913,11871.192954269884
2016-10-28,145.86995319683305,145.86995319683305,143.37764693778925,144.75045776367188,2042800,1.2171372175216675,11984.676098710806,11984.676098710806,11779.908203754918,11892.69834821192
2016-10-31,145.19173688043472,145.86180831540628,144.82402052969513,145.64935302734375,1828200,1.2215979099273682,11885.394997857135,11940.247042832507,11855.293738862556,11922.855453805054
2016-11-01,146.270414779242,146.41749636216798,144.31741923708552,145.50228881835938,2900600,1.2236906290054321,11953.218510639808,11965.23801781259,11793.61971206571,11890.447255988054
2016-11-02,144.6932407497424,145.04461044073426,143.876088014865,144.29283142089844,2104800,1.2238553762435913,11822.74013403878,11851.450200425083,11755.971400515256,11790.023087840647
2016-11-03,144.4481126337194,145.42869355893473,143.99050903320312,143.99050903320312,1972700,1.230466365814209,11739.297931816038,11818.989742373287,11702.108487778414,11702.108487778414
2016-11-04,144.08854513971056,144.91386492408012,142.78109575913885,143.75350952148438,1846500,1.2468827962875366,11555.901289898231,11622.091936431076,11451.043849851378,11529.03143338696
2016-11-07,146.2703246562211,148.31320628549796,146.2703246562211,148.29685974121094,3338800,1.248907208442688,11711.864874141562,11875.438405903316,11711.864874141562,11874.129538104611
2016-11-08,147.17734323915406,149.2774187655205,145.82904654700783,148.65638732910156,2646200,1.2399256229400635,11869.852555363188,12039.223644040816,11761.11242876195,11989.137459439971
2016-11-09,151.17323315536825,158.1517109726106,149.9066441135579,157.40811157226562,7823800,1.2388503551483154,12202.703298839493,12766.006024486844,12100.46423206708,12705.982681291694
2016-11-10,158.96074849263186,167.24667818372325,158.52765846443114,164.14149475097656,11345400,1.242081642150879,12797.930755772533,13465.031001835492,12763.062675164663,13215.032666189094
2016-11-11,162.00051532268515,167.51629579394935,162.00051532268515,166.65011596679688,6290200,1.2553352117538452,12904.96066754569,13344.347726844222,12904.96066754569,13275.347843861387
2016-11-14,166.82175927083333,173.04847283726613,166.82175927083333,170.93203735351562,8248100,1.2573871612548828,13267.334390812757,13762.544916122917,13267.334390812757,13594.224803673358
2016-11-15,168.79108706303236,172.5826757065615,167.65524512476378,172.5745086669922,4893800,1.2520345449447632,13481.344244417716,13784.178432087547,13390.624547996023,13783.526130631304
2016-11-16,169.43665030646503,170.03316840230008,167.37742161046685,168.5459442138672,5276200,1.2456402778625488,13602.374081641701,13650.262553653754,13437.059204417943,13530.868197605403
2016-11-17,168.5459452800378,171.34878608798238,168.0638280826661,171.2997589111328,3572400,1.2442454099655151,13546.037134644454,13771.301442271857,13507.289376886194,13767.361128210268
2016-11-18,171.49583450563887,173.2935804347639,171.3732665871807,171.88807678222656,4278200,1.2410026788711548,13819.134916101513,13963.997289062729,13809.258392823602,13850.741800056387
2016-11-21,172.79511063042833,172.98305225495696,170.93199105489987,172.48458862304688,2860200,1.2324377298355103,14020.595641249216,14035.845225060131,13869.42211495859,13995.399884914907
2016-11-22,172.71342822874996,173.19554542152645,171.51221253233192,172.50914001464844,2945700,1.2493752241134644,13823.983771673118,13862.572434508063,13727.838460542076,13807.632541861716
2016-11-23,172.82782377798162,174.38858867788866,171.08728425773123,173.48971557617188,3717400,1.2423903942108154,13910.911142206987,14036.537105445253,13770.815120186788,13964.186811535603
2016-11-25,172.7133897833819,173.8492315022017,172.41921432180754,172.729736328125,1974000,1.2452834844589233,13869.403387970411,13960.614885833751,13845.780215797515,13870.716064557479
2016-11-28,171.60206834747646,173.04025262201571,171.27521225241415,171.88807678222656,3297400,1.248127818107605,13748.75760782716,13863.984930996656,13722.569897696807,13771.672603439047
2016-11-29,172.12582369751178,174.52749706078498,172.06843968860284,173.56846618652344,2577600,1.2411566972732544,13868.178294945492,14061.681127307394,13863.554865121117,13984.412005981418
2016-11-30,176.39634437911525,180.96199932377303,176.20782018703332,179.7488555908203,6507900,1.249219298362732,14120.526684970855,14486.007345623608,14105.435324124204,14388.89519449508
2016-12-01,181.09314732077567,186.19979800089789,180.617740643288,185.76536560058597,7606500,1.2517211437225342,14467.531225222965,14875.50153919684,14429.550986583403,14840.794735489751
2016-12-02,185.24897655921825,185.45389799346515,181.33087973701,183.0850067138672,5297400,1.2589701414108276,14714.326453495112,14730.603363288801,14403.11201771687,14542.442325812302
2016-12-05,184.8555105949248,187.87194777202444,184.6259996143807,187.3391571044922,4599300,1.266784906387329,14592.493931910158,14830.611481455491,14574.376335198449,14788.552986375085
2016-12-06,188.675256880484,190.7162788676481,186.8063744012976,189.6588897705078,5259300,1.2728476524353027,14823.082441916524,14983.433288560193,14676.255563176499,14900.36057399634
2016-12-07,188.85560798501356,193.51962230348087,188.85560798501356,193.08518981933597,6595200,1.2671059370040894,14904.484500446632,15272.568508441636,14904.484500446632,15238.283096980927
2016-12-08,194.16714421329723,198.708197291464,193.44581682615035,197.91310119628903,7343700,1.262785792350769,15376.095089875911,15735.701058336585,15318.973178027025,15672.737402901817
2016-12-09,197.22461287532872,198.36397570656996,195.80655985685755,198.24102783203125,5456000,1.2584948539733887,15671.467567200645,15762.001336778167,15558.7890755887,15752.231898774466
2016-12-12,197.1344318820874,199.0443012677389,193.74912557754067,194.4048767089844,5022000,1.2597631216049194,15648.531735945806,15800.137172944022,15379.806112335402,15431.85963892287
2016-12-13,195.90486677647704,196.8720898222768,193.0441594074918,195.5360107421875,4680500,1.2675877809524536,15454.934933916446,15531.239159969573,15229.253729665981,15425.835881382793
2016-12-14,193.17533385605296,199.28199002308688,192.92942563637536,196.6671905517578,6172400,1.2663036584854126,15255.056128251585,15737.298766193413,15235.636756126283,15530.808051757938
2016-12-15,198.7656195185228,201.29025335166864,198.0524843482017,199.18365478515625,4829700,1.253824234008789,15852.749861359714,16054.104546064917,15795.873055905011,15886.09068021571
2016-12-16,199.01967268424897,199.3393495783977,195.41304842196035,195.8228912353516,6876400,1.2423903942108154,16019.093001010297,16044.82379349214,15728.795822354177,15761.784069470463
2016-12-19,195.3639310888321,196.51149883380603,193.65898294487587,195.9623107910156,3743300,1.248907208442688,15642.789934124821,15734.675683299485,15506.274736483982,15690.70219679241
2016-12-20,197.15078450175923,199.7163919310671,196.9130686730218,199.2573699951172,4487700,1.2390038967132568,15912.039100502192,16119.109266795758,15892.85305682888,16082.061608013762
2016-12-21,198.560688873002,198.69182909284436,196.7901645773,197.90493774414065,3277800,1.2365524768829346,16057.60310096406,16068.208410669391,15914.420799460358,16004.572506539605
2016-12-22,197.7327580299656,199.06884958901392,196.3556921959656,196.82290649414065,2636500,1.2354830503463745,16004.489739825254,16112.632992674717,15893.030029098025,15930.846355112702
2016-12-23,196.34751149784267,198.2819702937165,195.83111800024952,197.5196685791016,2187500,1.2285012006759644,15982.687797928516,16140.152747479191,15940.653366272363,16078.101386504088
2016-12-27,198.32297285376632,198.8475712550088,197.05245738761909,198.0032958984375,1998200,1.227596402168274,16155.388896829058,16198.122681346178,16051.892709979444,16129.348012808528
2016-12-28,199.74915986374495,200.41310311213363,197.0851820105162,197.2573089599609,3053000,1.227596402168274,16271.566087268815,16325.65090270294,16054.558457682784,16068.579918575037
2016-12-29,197.3393098046788,197.6016152023684,193.97040146098783,195.2327117919922,2619000,1.2224938869476318,16142.35554972,16163.812131261242,15866.778847074673,15970.035832200068
2016-12-30,195.50329689521908,197.1344764839722,194.59344496499645,196.2738037109375,2355500,1.2288031578063965,15910.058145050885,16042.803538679678,15836.014395696688,15972.76198909812
2017-01-03,198.93774157786493,200.79843184986268,195.06063123776775,198.01150512695312,4384200,1.2281994819641113,16197.510624229199,16349.008023415703,15881.836306088553,16122.096453769644
2017-01-04,197.90493594524744,199.4459492079525,196.7491759982186,199.2902069091797,2728700,1.2245597839355469,16161.312705306344,16287.154929011624,16066.93103752738,16274.436701546054
2017-01-05,198.9541346855892,199.3721699331652,194.0851991227318,197.80657958984372,3562600,1.2326807975769043,16139.955702780133,16173.868395214196,15744.968162418643,16046.861440421117
2017-01-06,198.6016023139508,201.8065757501888,197.84749312437864,200.7409820556641,3591100,1.2425447702407837,15983.456457304572,16241.392711433826,15922.765751614665,16155.633733564704
2017-01-09,199.3885168738436,200.56886610749908,197.9294775454109,199.0934295654297,3022800,1.2260912656784058,16262.126846121882,16358.39612612547,16143.127602813072,16238.059526120984
2017-01-10,197.43767068455853,199.54426872508716,195.9458493645639,198.8311462402344,3432900,1.2173447608947754,16218.71445353225,16391.763051447946,16096.167302723623,16333.182893405572
2017-01-11,198.99511620111224,201.51154498986423,198.3639546614776,201.4459686279297,3532600,1.2174336910247803,16345.458292156118,16552.15774587616,16293.614685043247,16546.77130368896
2017-01-12,200.87221010900103,201.2082843054476,198.01151452987,199.8721923828125,4022300,1.2214486598968506,16445.407547949202,16472.92194192094,16211.202405068074,16363.536098168168
2017-01-13,201.1754274918897,203.0935012699381,199.1098288192368,200.2491912841797,4186100,1.2165449857711792,16536.620498613353,16694.286166589656,16366.828284037456,16460.48388068772
2017-01-17,199.13444634185095,199.2328046236684,193.12614864841584,193.2327117919922,6277200,1.2040214538574219,16539.111134927673,16547.280281872885,16040.091979231916,16048.942580957902
2017-01-18,193.44581162868383,194.83108236568503,189.7736234523837,192.0441436767578,7590500,1.2388043403625488,15615.525820007213,15727.349026615915,15319.095782054212,15502.378981054759
2017-01-19,191.86383865313223,192.42121892804587,189.03591296966647,189.6834716796875,4561800,1.225970983505249,15649.949406189251,15695.413799915765,15419.281166768096,15472.101235002463
2017-01-20,189.8555897245445,191.17528414548823,188.970327705457,190.3310089111328,5211800,1.2338367700576782,15387.41544521074,15494.37403592303,15315.666730909894,15425.947218466783
2017-01-23,190.05233463334943,191.6015401690724,189.14248296904157,190.71627807617188,3136200,1.2386969327926636,15342.92445569177,15467.991814357967,15269.47213331808,15396.524608016807
2017-01-24,190.0523071032359,193.49498418310623,189.2162242742613,191.54412841796875,4448200,1.2517211437225342,15183.278484697732,15458.31395063482,15116.483828941724,15302.460086943123
2017-01-25,193.06056809017497,194.5360048223852,192.20810048234844,194.47042846679688,3716800,1.2533055543899536,15404.110148075359,15521.833773175575,15336.09260799181,15516.60150117625
2017-01-26,194.65075753157808,197.37210745878048,194.65075753157808,196.3802947998047,4195600,1.2634079456329346,15406.801754287138,15622.19931741067,15406.801754287138,15543.696355449407
2017-01-27,194.18354629268003,195.06061603573255,193.45402648629383,194.2245330810547,3253100,1.2595410346984863,15417.008334243308,15486.642408790349,15359.088839261483,15420.26243928995
2017-01-30,193.1015350986038,193.68350487030284,189.773613564656,191.72445678710935,3803300,1.2591921091079712,15335.351429052358,15381.569140193456,15071.061213931383,15225.9893784539
2017-01-31,190.86379554235523,192.09332393320375,187.0194681057832,187.9703063964844,5156400,1.25,15269.10364338842,15367.465914656299,14961.557448462656,15037.624511718752
2017-02-01,188.94575157936532,190.87201803212727,188.1342707180239,189.076904296875,4024500,1.2589701414108276,15007.961298242455,15160.964645137032,14943.505372351152,15018.378758767985
2017-02-02,187.30638959143,190.43759521618367,186.1096553791029,188.86380004882807,2775700,1.2661433219909668,14793.458713417778,15040.761334722132,14698.940644922555,14916.462991870954
2017-02-03,192.23267752272432,197.63440282469855,191.97037211746775,197.5032501220703,7381000,1.2520031929016113,15354.008569036527,15785.455176569158,15333.057711503276,15774.979747802536
2017-02-06,196.39668835587173,199.71640525970656,196.0442170196237,196.70816040039065,4639200,1.2484238147735596,15731.571765273828,15997.484419658505,15703.33845763607,15756.520988513006
2017-02-07,197.6671733614713,197.9048891847194,196.22453123788364,196.41305541992188,2660200,1.2468360662460327,15853.501411505245,15872.566935007773,15737.7971771923,15752.917383219532
2017-02-08,195.3311337822061,195.855732207716,193.6999544946082,194.8639068603516,2744700,1.2496250867843628,15631.178971034275,15673.159436300046,15500.645477040855,15593.789603071375
2017-02-09,194.8638662221696,199.42131643848612,194.60976567166,197.9950714111328,3550800,1.252803087234497,15554.229408256191,15918.009659339134,15533.946847245705,15804.165349576004
2017-02-10,199.48692283025125,200.1344815959084,197.73279577406248,198.95413208007807,3072800,1.2498124837875366,15961.348235673671,16013.160709469317,15820.997016675366,15918.718580658657
2017-02-13,200.40495888522796,202.8558110940063,200.40495888522796,201.86399841308597,2998200,1.2484550476074219,16052.236663970421,16248.547473356408,16052.236663970421,16169.10427010924
2017-02-14,201.65090989305568,204.92146091187809,201.38861692694343,204.4788360595703,4141500,1.2523010969161987,16102.430189482595,16363.593501315203,16081.485309153242,16328.248578804334
2017-02-15,205.39682335948572,206.51978865213525,203.70006812914596,205.3640289306641,4296600,1.2470382452011108,16470.771778644306,16560.822368269037,16334.70897248184,16468.14199331512
2017-02-16,205.16736316654655,205.5608088579157,203.6427470416515,204.46243286132807,2286300,1.2469760179519653,16453.192380035794,16484.744365455317,16330.927308138174,16396.661196190234
2017-02-17,202.88043385323851,205.3804781186318,202.5525645265106,205.23294067382807,3262300,1.2489228248596191,16244.433187938781,16444.609228894256,16218.181019253756,16432.796053422804
2017-02-21,205.74110284270108,207.0935791930852,205.50339950203997,206.3640594482422,2794900,1.2473337650299072,16494.470735165905,16602.90012177452,16475.413819741552,16544.413791547944
2017-02-22,204.97055844972755,206.8476452884463,204.9213793198761,206.3394317626953,2378800,1.248704433441162,16414.657701252218,16564.980450851646,16410.71928888381,16524.28118590626
2017-02-23,205.9952393985768,206.47885102584496,204.3640726375516,205.8968811035156,2594700,1.2453765869140625,16540.799109530035,16579.63167088937,16409.821317096415,16532.90123381158
2017-02-24,203.0361195145412,204.00335502113504,201.724630066118,202.74923706054688,3565400,1.255618929862976,16170.202175647213,16247.234743697089,16065.752535933172,16147.354283888712
2017-02-27,202.6345084683913,204.7246970084802,202.1426920428344,204.3722381591797,2372600,1.2399563789367676,16342.067504192804,16510.637026120763,16302.403493917007,16482.211925424657
2017-02-28,203.8133937304006,204.6352219309264,201.84922483274804,203.8627014160156,3627100,1.2439358234405518,16384.558583310303,16450.62535179139,16226.65904696445,16388.522428123342
2017-03-01,208.50607823596965,209.68950053785852,206.49258872668727,207.6842498779297,5218300,1.2378076314926147,16844.7885544656,16940.394872586436,16682.12276876072,16778.39468702361
2017-03-02,208.3499197428713,208.94163713802817,206.254255013366,206.3282165527344,3020000,1.227219820022583,16977.392015966405,17025.608104518982,16806.626787495214,16812.653543106695
2017-03-03,206.328190914058,209.3607390523815,206.328190914058,207.83213806152344,3163700,1.227475881576538,16809.144196711666,17056.19981579467,16809.144196711666,16931.667756647832
2017-03-06,207.2403974876148,207.70061923277777,205.86794601896725,207.10890197753903,2467000,1.23001229763031,16848.644349887836,16886.06037784541,16737.064045260668,16837.95376489701
2017-03-07,207.5034328414893,207.92256076178884,205.7118406192092,206.19671630859372,2497300,1.224289894104004,16948.880640181273,16983.115009207595,16802.54338534415,16842.148032227182
2017-03-08,208.43206771225456,209.37717768282653,205.13654108712237,205.654296875,3574400,1.2204499244689941,17078.297399456296,17155.736870885914,16808.27184911952,16850.695202794017
2017-03-09,206.45968885001972,207.7088712702813,205.06258336767516,205.60498046875,3061500,1.217730164527893,16954.46945999428,17057.052319206432,16839.73915905883,16884.280808504227
2017-03-10,206.96920511588,207.01851280009063,202.8847180723932,204.1256866455078,3365900,1.2157316207885742,17024.251206169265,17028.3070095528,16688.281739418257,16790.357604839082
2017-03-13,204.89819362733667,204.89819362733667,203.1641357863572,203.9448699951172,1801100,1.2171372175216675,16834.436633574478,16834.436633574478,16691.966432514455,16756.111559088575
2017-03-14,202.83544620541844,203.67371460533172,201.6848915703257,203.58331298828125,2144200,1.220598816871643,16617.699722606598,16686.37653830774,16523.4382323291,16678.970204973568
2017-03-15,204.10103678051448,205.68715917401087,201.8081290992169,202.81076049804688,3427000,1.2157464027404785,16788.12590524138,16918.590810580274,16599.52508552034,16681.995524796977
2017-03-16,203.6901597038443,205.6214487846483,203.2463653764371,203.9942321777344,2940600,1.2284257411956787,16581.397871521647,16738.6144631346,16545.270793382173,16606.150891886897
2017-03-17,205.19409327184192,205.19409327184192,200.41105886881743,200.476806640625,5438100,1.2351168394088745,16613.334603230538,16613.334603230538,16226.081004994956,16231.40420760298
2017-03-20,199.9672767749122,201.2904083576368,198.4879832617942,198.9975128173828,2759100,1.2384514808654785,16146.557201834603,16253.394781115461,16027.110171735028,16068.252643883596
2017-03-21,199.95902419927663,199.95902419927663,191.313387727282,191.4859771728516,5660900,1.2367054224014282,16168.686623124626,16168.686623124626,15469.600461182634,15483.55604368784
2017-03-22,190.0231410554714,191.42024666131968,188.33017675919956,189.89987182617188,6291300,1.2482056617736816,15223.704464330931,15335.633583756891,15088.072625114133,15213.828749689133
2017-03-23,189.63684235703093,192.82553953712377,188.97937734029708,190.5819396972656,4770700,1.2475050687789917,15201.28832363302,15456.894273452031,15148.585931218906,15277.04732164332
2017-03-24,191.4860261934636,192.06130359246123,186.53040171192285,187.71383666992188,6387300,1.251877784729004,15295.904163273806,15341.857323080229,14900.048869570875,14994.58165643195
2017-03-27,183.51422210533264,186.61251763573657,181.50074571494991,185.3058013916016,9194800,1.2514548301696777,14664.070782359038,14911.64628054812,14503.179926225645,14807.230506791606
2017-03-28,185.3880081206581,188.8150302331348,184.99353409320625,188.4698638916016,4471200,1.2557923793792725,14762.632037335168,15035.529227089628,14731.219676985696,15008.043286961229
2017-03-29,188.51917887476452,188.99584075726693,186.9823640836664,187.7466583251953,2636000,1.2421433925628662,15176.925627386723,15215.299770449139,15053.202810818237,15114.733085511563
2017-03-30,188.59314662952627,190.66415736733163,188.51097132713733,190.02313232421875,3156800,1.2440440654754639,15159.683797651289,15326.157863585104,15153.07829993063,15274.630344512227
2017-03-31,189.4560689027959,189.6779660455464,187.97677551796596,188.79039001464844,2858400,1.2478474378585815,15182.630757163675,15200.413150749491,15064.083141489718,15129.284581345115
2017-04-03,189.02051319406044,189.10270104192597,185.3798197635296,188.1658172607422,3735600,1.2540757656097412,15072.495488512788,15079.049147400023,14782.186598861235,15004.342035846179
2017-04-04,187.14671312543987,189.5875438098488,186.7851067218085,188.41232299804688,3042700,1.249219298362732,14981.093661514878,15176.482148356858,14952.147070303445,15082.40572691971
2017-04-05,190.78744384261844,191.39560132778823,186.8097976923216,187.09744262695312,5286900,1.2439976930618286,15336.639682428737,15385.527030738276,15016.892614368931,15040.015240418465
2017-04-06,186.6289501242567,189.11908839620665,185.49483581333544,187.9027862548828,2927200,1.248907208442688,14943.38000955025,15142.765380626375,14852.571476838244,15045.376068345882
2017-04-07,186.22625923919253,188.058932457521,185.92217430388,187.2781982421875,2853300,1.246867299079895,14935.53158195865,15082.51380048991,14911.143667098992,15019.898138349314
2017-04-10,187.37686489181883,188.84793212924416,186.51394261126964,188.10829162597656,2653900,1.2375165224075317,15141.36268074108,15260.235213817521,15071.632518361477,15200.46708225119
2017-04-11,187.1960298424056,188.5273875381066,185.2318609098144,187.1631622314453,3374700,1.2425447702407837,15065.536013332561,15172.68367735138,14907.45970255218,15062.890828084715
2017-04-12,187.0891938600194,187.5822958201665,185.100371023606,185.52772521972656,2947500,1.2492347955703735,14976.303455796597,15015.775776123854,14817.100170436188,14851.309447798292
2017-04-13,185.0592892723353,187.5165603864792,183.33345737854424,183.53070068359372,3653700,1.2549885511398315,14745.89462224631,14941.694903604423,14608.376882166243,14624.093623555664
2017-04-17,184.00733848374855,186.4563956753271,183.28413815760328,185.9468536376953,4190900,1.253509759902954,14679.370226682102,14874.746223736016,14621.67619435153,14834.096995949292
2017-04-18,180.2433453294544,180.71178082668845,175.1973087452489,177.17791748046875,12464000,1.2557765245437622,14353.138620340018,14390.441077272333,13951.3126198071,14109.032460599588
2017-04-19,177.40802818778155,178.48462099390431,175.550701193563,175.94517517089844,6428800,1.2844555377960205,13811.924427699034,13895.74148282031,13667.324093972766,13698.03547056213
2017-04-20,177.10396196008895,179.96392034037365,176.69304789521635,179.2078399658203,5168200,1.2782330513000488,13855.373382808582,14079.116492672307,13823.226344797427,14019.966060457748
2017-04-21,179.61058685223333,180.12833018099855,177.82722085291906,178.22169494628906,3845700,1.2801966667175293,14029.921458299168,14070.363942038228,13890.61739309746,13921.43094726656
2017-04-24,181.7719498277406,184.75519011747272,181.04874956061067,183.448486328125,5353500,1.2826268672943115,14171.849542742442,14404.437863305633,14115.465236006727,14302.560706147358
2017-04-25,185.89750767617596,187.36036064347124,185.03458569117336,186.2509002685547,3996900,1.2776614427566528,14549.82528666497,14664.319856066631,14482.286112661192,14577.484616480564
2017-04-26,186.637190139086,188.4945173656356,185.80713562740377,185.8975372314453,3765300,1.283235788345337,14544.26316926093,14689.000967522039,14479.57868031346,14486.623496617884
2017-04-27,186.30848361142037,186.30848361142037,183.6950754892513,185.5770568847656,2805800,1.2848351001739502,14500.57548911892,14500.57548911892,14297.171322948865,14443.647815944694
2017-04-28,185.166111720514,186.36598642302167,183.8594078781313,183.92515563964844,2936600,1.2893576622009277,14361.113068071143,14454.172948791864,14259.767733049657,14264.866997857602
2017-05-01,184.8291215311303,186.05364982749316,181.56646320292327,184.7880401611328,3004800,1.2931592464447021,14292.835320884353,14387.52808975481,14040.53396378722,14289.65849868628
2017-05-02,184.7963084086828,185.60169661562904,183.41563037095625,185.00997924804688,2602400,1.2897402048110962,14328.180801012502,14390.626571404238,14221.129936615453,14344.74776841935
2017-05-03,184.45935967378028,186.30025958268104,184.35253052190853,185.9879608154297,3042200,1.2941633462905884,14253.17447001487,14395.420803460896,14244.919781595672,14371.289478141995
2017-05-04,187.5904535657458,188.1082092152663,184.75514949190028,186.21800231933597,2935400,1.287166953086853,14573.902252219175,14614.126688394981,14353.627480011422,14467.276515509693
2017-05-05,186.45636168256848,186.9412372476318,185.15787179130447,186.44813537597656,2435800,1.2924906015396118,14426.129014823173,14463.643838102018,14325.664849767174,14425.492545468413
2017-05-08,186.349534814762,186.83441041832685,184.58260929121428,184.9359893798828,2316800,1.296562910079956,14372.579484266618,14409.976482113407,14236.301829722363,14263.556973759045
2017-05-09,185.29762005991967,186.20163616817936,183.2101692427036,183.8922882080078,2145400,1.2943308353424072,14316.09407736163,14385.938361649312,14154.817627769526,14207.518138850508
2017-05-10,183.6457343473652,185.19898913748293,183.31699554463205,184.81272888183597,2630400,1.2948503494262695,14182.776753216007,14302.733070237966,14157.388583619513,14272.902576249367
2017-05-11,184.3772017409831,184.98534671543328,182.5691692761154,184.71414184570312,2440300,1.2930588722229004,14258.995139488106,14306.02663878904,14119.16914210258,14285.052739181214
2017-05-12,183.6703743219495,184.49220245657528,182.8403198803121,183.1197509765625,2166100,1.2891582250595093,14247.310434952315,14311.059641112624,14182.92311417956,14204.59858355319
2017-05-15,183.3745489888472,186.2016402917166,183.14443807257683,185.00997924804688,2468100,1.2886598110198975,14229.864811545352,14449.247093718946,14212.00820468118,14356.774197964822
2017-05-16,185.2729386915068,186.407065542458,184.4264567068439,185.4044342041016,1710700,1.2903059720993042,14358.837570136262,14446.733532448676,14293.234371905248,14369.028603537497
2017-05-17,185.40445182639615,185.40445182639615,175.1480265909914,175.64112854003906,7525700,1.2916892766952515,14353.641790752334,14353.641790752334,13559.609865238057,13597.784831767873
2017-05-18,175.87123074372198,178.83803097890012,175.75617529997976,176.82455444335938,4792400,1.2970168590545654,13559.67191297111,13788.412211485096,13550.801138243778,13633.17317033582
2017-05-19,176.58624135733652,178.99420477740713,175.87125475504433,177.0135955810547,3747100,1.2958402633666992,13627.161182548147,13812.98373245214,13571.985662655396,13660.140110260107
2017-05-22,178.6408021629005,178.8626993009753,177.0217995119662,177.53134155273438,2506100,1.3012192249298096,13728.72447166132,13745.777488848853,13604.302497260991,13643.46131316272
2017-05-23,177.49020962081138,181.45141440494024,176.41361685346706,180.50631713867188,3308800,1.2995283603668213,13658.048183781904,13962.866832219148,13575.203299423978,13890.140657470522
2017-05-24,180.8022252213063,184.41826470969056,180.3502171502321,183.9498291015625,4141600,1.2956557273864746,13954.495889584077,14233.585420232652,13919.609456288566,14197.431093259316
2017-05-25,184.4264253603102,185.2811209667012,182.6923677705196,182.8320770263672,2640000,1.2980270385742188,14208.211376158095,14274.057123665005,14074.619583517528,14085.38278425956
2017-05-26,182.45409506955505,184.2785548857739,181.7719760805989,183.70327758789065,1787100,1.293326497077942,14107.349960105203,14248.417186388815,14054.608522386476,14203.93674783111
2017-05-30,182.91988860308183,183.4228919965466,179.76993003822898,180.10801696777344,3097800,1.281410574913025,14274.885207303478,14314.139089182743,14029.065590506054,14055.449556438862
2017-05-31,179.95961582703356,180.00908951344908,172.8515984304047,174.2039337158203,8312000,1.2809016704559326,14049.448133124657,14053.310544077553,13494.525178414262,13600.102001101539
2017-06-01,175.31715005411985,178.05479901438744,173.81638105810055,177.29617309570312,4057900,1.2875481843948364,13616.356434576552,13828.981406088147,13499.796214601196,13770.061209711892
2017-06-02,175.5892520369919,177.46108611115497,174.7399202384468,175.89434814453125,3692000,1.2888258695602417,13623.970171928999,13769.205778877344,13558.07051716533,13647.642579097817
2017-06-05,175.70464811800102,177.9557882275793,175.3748026737203,176.4550323486328,2696600,1.2870012521743774,13652.25152820555,13827.165119453033,13626.622536491404,13710.5563845034
2017-06-06,175.23467472425784,178.12901115763665,175.20993788143588,176.90036010742188,2891300,1.2907389402389526,13576.306506396784,13800.545222929424,13574.390019487559,13705.355482238147
2017-06-07,177.593050060117,179.1267975133139,176.71898123087033,177.93113708496094,2679400,1.2906723022460938,13759.732021138172,13878.565240889444,13692.010041846792,13785.92666591792
2017-06-08,177.93109259509484,182.23547912675585,176.9828134606212,180.3883819580078,3765600,1.2962098121643066,13727.028674316225,14059.103504429868,13653.870831691174,13916.603644344417
2017-06-09,182.09528385646647,184.58556384868533,181.20471990066008,183.42288208007807,4455400,1.2722970247268677,14312.324898783603,14508.055922579202,14242.32835406972,14416.671462346196
2017-06-12,184.404159320257,185.7235035951745,182.98585510253903,182.98585510253903,3388200,1.2739177942276,14475.35784144256,14578.92372935901,14364.02379585935,14364.02379585935
2017-06-13,184.17330830422395,187.0181586925546,183.69504166832184,184.87420654296875,2767800,1.2669775485992432,14536.43030279771,14760.968645365492,14498.681675252501,14591.750796796967
2017-06-14,183.87639658277664,187.13354348382012,182.86213593273965,186.77896118164065,3652900,1.2750548124313354,14421.058200011992,14676.509720157437,14341.511764819694,14648.700539036563
2017-06-15,185.37718708104944,186.64707033908377,183.7197557756268,184.07432556152344,3378900,1.2754452228546143,14534.311921773551,14633.87584151541,14404.362687128014,14432.162374605226
2017-06-16,183.59606863384516,184.4371590427702,182.342693314165,182.9034118652344,3758300,1.275835633277893,14390.260300392129,14456.184968663394,14292.020739825854,14335.969861205134
2017-06-19,184.2392210491589,187.21600895696363,183.97535724031823,186.46563720703125,2900900,1.277955174446106,14416.720142708627,14649.653814196356,14396.072798097728,14590.937220301925
2017-06-20,185.95437681020212,186.8037084841188,184.86591817022847,185.6163024902344,2264200,1.273236632347107,14604.856009162299,14671.562515426653,14519.368471942513,14578.303653427409
2017-06-21,185.15456689021656,185.476158456249,183.0023733075926,183.4641571044922,3015300,1.263248324394226,14657.020580573891,14682.478090377965,14486.650785414573,14523.206052338915
2017-06-22,182.59830925062232,182.97761588465843,180.82542254407448,181.2212371826172,3344600,1.2675718069076538,14405.362146392796,14435.286023838558,14265.49735160275,14296.723561935429
2017-06-23,181.82315682626185,181.9798318543851,178.49179930770595,179.09375,4448700,1.267812728881836,14341.483776284782,14353.841676198079,14078.71961225134,14126.19907657451
2017-06-26,179.97608863065616,183.03534142072428,179.5143174734354,181.77371215820312,2589500,1.2743399143218994,14123.083378929152,14363.149059654219,14086.847273316273,14264.146489904806
2017-06-27,182.92815084824343,183.3981760353629,181.04807526440797,181.64178466796875,2899400,1.2724589109420776,14375.95739046778,14412.895729543223,14228.206011804908,14274.864445995228
2017-06-28,182.9528472665674,185.22873700478064,182.0293051016799,184.0660552978516,3482800,1.281295657157898,14278.737795177089,14456.361884160693,14206.659023995107,14365.619228440775
2017-06-29,188.3127523700619,188.65908075328008,183.90941817758963,185.04736328125,5063400,1.2941465377807617,14551.11510733443,14577.876248604574,14210.86506115162,14298.795219788195
2017-06-30,185.78948717082935,186.39969196674747,182.6807606695555,182.9776153564453,3154300,1.3011176586151123,14279.222631455217,14326.121141507536,14040.29523847965,14063.11059917545
2017-07-03,185.08861933753084,188.89000320366804,184.231033398294,187.4139709472656,2846600,1.301642656326294,14219.61845195807,14511.663572610927,14153.733553743587,14398.265917023306
2017-07-05,188.32102129325185,188.76629708343413,185.7070564981296,188.0406494140625,2772000,1.2934937477111816,14559.097918059762,14593.522188835728,14357.012303054074,14537.42236843415
2017-07-06,187.98294040706864,189.70634109546157,185.74004079466056,186.92745971679688,3076600,1.2931759357452393,14536.532517420896,14669.801366674554,14363.0913366495,14454.9132527024
2017-07-07,188.19730791257547,188.4117106590927,185.05560306613265,185.76475524902344,2697600,1.2973533868789673,14506.248630168548,14522.774794025338,14264.086018329937,14318.747469100632
2017-07-10,184.9319243738234,187.46342448376475,184.67630193671724,186.22653198242188,2357500,1.2891249656677246,14345.538974030706,14541.912496952133,14325.709830703723,14445.964273600319
2017-07-11,186.3914155885464,187.9663947822027,185.2617246629289,187.1417999267578,2742900,1.2891249656677246,14458.754624459682,14580.92890822592,14371.122241587293,14516.963437274251
2017-07-12,186.68826997770677,188.84871705191625,186.4161647482326,187.50462341308597,2567300,1.2859586477279663,14517.439600997117,14685.442442925709,14496.279882529112,14580.921691717649
2017-07-13,187.50460752926784,190.18454057868,187.1417838109458,189.98663330078125,2852600,1.2893743515014648,14542.293889351871,14750.141443190008,14514.15437208138,14734.792349447895
2017-07-14,187.36443549625372,189.3352166073889,185.61629850896085,188.50238037109372,3703600,1.294716238975525,14471.46717218209,14623.684395679235,14336.446313196333,14559.358622106316
2017-07-17,188.60959654904457,189.3599809619969,187.35622130319737,189.046630859375,2551800,1.311131477355957,14385.254248444775,14442.486068892378,14289.659316319834,14418.58685603435
2017-07-18,187.5953595747245,189.9537017412425,183.6867748060376,184.1403045654297,6400700,1.3053126335144043,14371.680374351818,14552.352966186652,14072.24369777852,14106.988612348989
2017-07-19,183.81047192474463,184.8741939237952,182.78796960926644,183.7774810791016,4884600,1.303865909576416,14097.344717330538,14178.926879364064,14018.923899057103,14094.814484321088
2017-07-20,183.88469386977644,185.3359766101442,182.73850726778235,183.30747985839844,3497800,1.3032711744308472,14109.47295370673,14220.829881477464,14021.526053285592,14065.183321379824
2017-07-21,182.96937382049845,183.3157021912635,180.6605054330775,181.55931091308597,3446600,1.2965459823608398,14112.06207182373,14138.773686797418,13933.98366821657,14003.306738299427
2017-07-24,180.5368259665476,181.18825046103424,179.76170467633153,179.91012573242188,3123100,1.3004746437072754,13882.37954812326,13932.470835764945,13822.776595157837,13834.189432525218
2017-07-25,181.6912580532461,183.7774823825717,181.55931983438003,182.71376037597656,3509500,1.3031013011932373,13942.988000002237,14103.084864874927,13932.863060464135,14021.454833071484
2017-07-26,183.43116710456016,184.4949017695012,182.95290046372983,183.2662506103516,2792500,1.3027619123458862,14080.175768591149,14161.828037886127,14043.464022853273,14067.51677905164
2017-07-27,182.9281413073913,183.64554747229735,181.7654594041992,182.63128662109372,2812500,1.311475396156311,13948.270920180388,14002.973140825066,13859.616424137252,13925.635750114097
2017-07-28,182.87041320935413,184.43713847540263,182.1200288358772,184.38766479492188,2483200,1.3076680898666382,13984.467054480472,14104.277676012754,13927.083657325507,14100.494324498393
2017-07-31,184.66800909126735,185.94613359028068,183.92587877948856,185.8059539794922,1994900,1.3144922256469727,14048.619344277722,14145.85266936523,13992.16177858816,14135.188505054975
2017-08-01,187.25730075019857,188.5189302635301,186.9604460069251,187.1830902099609,2986800,1.3195397853851318,14191.106840749337,14286.718168827887,14168.61000158152,14185.482869342064
2017-08-02,186.688273982458,187.78498667206443,186.0038713111587,186.58108520507807,1863300,1.3207945823669434,14134.542681716743,14217.576993353685,14082.725186366872,14126.427204956695
2017-08-03,186.3584505343505,186.9686553002486,184.68452386578244,184.70101928710935,2106400,1.3228389024734497,14087.766105600364,14133.894531726715,13961.225627735814,13962.472599025825
2017-08-04,186.3997259737308,189.48370361328125,185.5833722902672,189.48370361328125,3400300,1.314405918121338,14181.290832907183,14415.919846443456,14119.182646067125,14415.919846443456
2017-08-07,189.4919193085021,192.23782196249493,189.0713678373492,192.0646514892578,3809800,1.3046995401382446,14523.797508844353,14734.259961655664,14491.563921093695,14720.987137690478
2017-08-08,191.6358754846722,194.46424291463663,191.05866149355333,191.34727478027344,3322500,1.3037809133529663,14698.472229650715,14915.408020088898,14654.199914784987,14676.336554749894
2017-08-09,189.92067944216984,190.8854538435504,188.8816819465923,190.48963928222656,2571100,1.2986170053482056,14624.841555285604,14699.134006208951,14544.833555136323,14668.654306675238
2017-08-10,188.84871383531103,189.2032835771022,185.92139963598763,185.94613647460935,3325500,1.3014055490493774,14511.134824440942,14538.3799627493,14286.20000673852,14288.100785372804
2017-08-11,185.59163114246,186.91921721696315,183.59609986408364,184.8329925537109,2956600,1.2976733446121216,14301.875885254765,14404.180990003602,14148.09825803743,14243.414440246366
2017-08-14,186.6635506627856,189.51665466269148,186.60583556037295,187.4799041748047,2266100,1.3005930185317993,14352.1876561743,14571.557125274376,14347.750057202884,14414.955447511566
2017-08-15,189.30226267224967,190.159835856672,187.59534514068676,187.6695556640625,1867000,1.2965123653411865,14600.883704061967,14667.028324610701,14469.22915319205,14474.953010932211
2017-08-16,188.22205223419573,188.84049849097693,185.53387703435584,186.0368804931641,2393900,1.2867032289505005,14628.241229154219,14676.305634594908,14419.32163220625,14458.414054412928
2017-08-17,185.0225933605848,186.3419375490258,182.326164723341,182.581787109375,3460300,1.2891582250595093,14352.202062089307,14454.54358718644,14143.040100056345,14162.868727843457
2017-08-18,182.0623119706488,184.7834777996391,181.86441723696825,183.1837615966797,3149300,1.2865046262741089,14151.702858459657,14363.219068616721,14136.320501518301,14238.873133880956
2017-08-21,183.3899306623207,183.3899306623207,180.7594830710939,182.0623321533203,2203300,1.2873657941818237,14245.363011130248,14245.363011130248,14041.035103466791,14142.237814313588
2017-08-22,182.94458063100976,184.52780094500815,182.5075464466292,184.3628845214844,2021300,1.289823293685913,14183.693342071001,14306.440413065047,14149.810081742242,14293.654442744071
2017-08-23,182.9775731450733,185.37714692867803,182.50756067227923,183.6702423095703,2568000,1.2823965549468994,14268.408039559177,14455.52440183793,14231.756937294358,14322.42168781993
2017-08-24,184.5196173872184,185.17929587048476,183.54658879337845,183.87643432617188,2263000,1.28037691116333,14411.35151520085,14462.873725380896,14335.35603407679,14361.117630519022
2017-08-25,184.41239103804176,185.49260827419624,183.1672573489884,183.44761657714844,2232500,1.280393362045288,14402.791868856862,14487.157913556513,14305.54568452298,14327.442020170347
2017-08-28,183.81054698051187,183.9589680995478,180.4709333966156,181.6995849609375,2641600,1.2905224561691284,14243.111082789459,14254.611937991664,13984.331115968133,14079.536864496453
2017-08-29,179.77162223893245,182.1380186085044,178.5139537688396,181.9973602294922,2369100,1.2927078008651733,13906.59374984945,14089.65107865865,13809.30428743179,14078.770168145224
2017-08-30,182.23732552159063,185.52214915282056,182.1049366931844,184.0328063964844,2411400,1.292657732963562,14097.879189086754,14351.993139552133,14087.637589548822,14236.777586482129
2017-08-31,184.71959438792476,185.7455890653539,184.1652302669472,185.12503051757807,2240600,1.2920564413070679,14296.557679868773,14375.965563659918,14253.652114503782,14327.936814455426
2017-09-01,185.7952019039529,188.2857052641264,184.9512388793739,186.89566040039065,2346900,1.2941633462905884,14356.3949973155,14548.836188553989,14291.181975559164,14441.42742383198
2017-09-05,185.21599537552055,185.34010200085055,179.7964496892765,180.193603515625,5646200,1.2924071550369263,14331.087123254792,14340.689873041987,13911.749790965789,13942.479567166785
2017-09-06,181.18651508676936,182.874441135784,180.05296569498864,181.0624084472656,3613600,1.3041210174560547,13893.38202985252,14022.812199784701,13806.4614621592,13883.86553269907
2017-09-07,180.97965793244512,181.045852347025,177.59554897329517,178.58843994140625,3594600,1.3049719333648682,13868.471290856758,13873.543768883868,13609.147019381888,13685.232254836026
2017-09-08,178.31536064194188,181.43470400698573,178.22434491642736,179.7219696044922,3120900,1.3104785680770874,13606.888734059226,13844.919590956108,13599.943505977544,13714.22425230538
2017-09-11,182.08835709691724,183.59423865321344,181.1947516416828,182.9074859619141,2971500,1.3197661638259888,13797.01662975242,13911.118778873342,13729.30725215754,13859.082841741232
2017-09-12,184.1320771125952,188.3932522340041,183.7018323923124,186.95355224609372,3745800,1.3169677257537842,13981.517808813784,14305.077379643051,13948.84846454139,14195.758072893423
2017-09-13,186.3743909718561,187.9381977873185,185.93586400312236,187.4582977294922,2383500,1.3289213180541992,14024.48650946052,14142.161408208636,13991.487793676817,14106.04940885197
2017-09-14,187.0776989746244,188.73252156573017,187.03632588478789,187.69825744628903,1986600,1.3206027746200562,14166.08404661633,14291.392172792417,14162.951152256903,14213.074593932362
2017-09-15,187.9464612583924,187.99611653886927,185.191192893382,186.3495635986328,4365800,1.3399077653884888,14026.82080910993,14030.526682137875,13821.189612979686,13907.641138612491
2017-09-18,187.2431975731988,189.4772057712063,186.71365479570596,188.2609100341797,2466800,1.3575152158737183,13793.082787118974,13957.648765598236,13754.07454829404,13868.051557198347
2017-09-19,188.65800187223863,190.4203915694037,188.09536837988617,189.40267944335935,1858000,1.3516618013381958,13957.485643632168,14087.872527053765,13915.860327906339,14012.5791271044
2017-09-20,189.8909003854506,191.6698296962421,189.06348905479504,190.1308441162109,2682300,1.3515340089797974,14050.027533438788,14181.650511401018,13988.807369894394,14067.780969842615
2017-09-21,190.2135623408617,192.04214666796585,189.80812630332727,191.37193298339844,1800800,1.3489633798599243,14100.720981811482,14236.275760718383,14070.665604209125,14186.592152210269
2017-09-22,190.8341247019954,191.53742929436888,189.3778854890177,191.1568145751953,1861800,1.3579760789871216,14052.834041401784,14104.624688030703,13945.598042512624,14076.596600860164
2017-09-25,190.94171747565605,191.84359280150332,188.9476531265369,190.5197296142578,2261800,1.3507307767868042,14136.178782412819,14202.948218731779,13988.55022582786,14104.93733380956
2017-09-26,191.0161453587904,191.49604535782095,189.50198138563167,190.2549285888672,1770000,1.3477815389633179,14172.63405356595,14208.24071422697,14060.28914236295,14116.154813576599
2017-09-27,193.6721541032869,194.93809228455672,192.7123540392948,194.24305725097656,3072100,1.3448090553283691,14401.461184093305,14495.59634597773,14330.090452301365,14443.913541580609
2017-09-28,194.4416668038297,195.4345578964923,193.20054978167755,194.8305511474609,2121800,1.3398897647857666,14511.765961203437,14585.868407446196,14419.137667834053,14540.789568506938
2017-09-29,194.44991426918236,196.59291901239507,194.08586392264712,196.2536773681641,1902300,1.343021035194397,14478.545694635119,14638.111679608877,14451.43887076601,14612.85208684443
2017-10-02,196.26187457044983,199.4887848466034,196.1791410507264,199.11643981933597,2501300,1.3394052982330322,14652.911619011966,14893.832741275,14646.734734402611,14866.033461418585
2017-10-03,199.4639861507096,200.8209397559088,198.32215487153672,199.91905212402344,2010800,1.3275628089904785,15024.824799241582,15127.038690442037,14938.815212995254,15059.10310006713
2017-10-04,199.91908116403044,200.96162730959796,198.67796441953004,198.83517456054688,1840400,1.3241175413131714,15098.28809954168,15177.023265645861,15004.556485407971,15016.42930908954
2017-10-05,199.4060902326137,203.80792367880184,198.67796436926417,203.59278869628903,3521300,1.323276400566101,15069.118601926797,15401.765163469423,15014.094129107812,15385.507412449244
2017-10-06,203.7913664921996,204.4367461719625,202.3930396442825,203.5596923828125,2396100,1.3112690448760986,15541.53720691666,15590.75515210379,15434.898004734532,15523.869275968975
2017-10-09,202.83982475657007,203.83272817015424,200.25003661611072,200.8954162597656,2165200,1.3084039688110352,15502.843891622664,15578.730501358834,15304.908987556857,15354.234704922368
2017-10-10,200.8954296560401,201.6649159650589,199.9852723413265,200.72994995117188,2187100,1.314405918121338,15284.123944236126,15342.666461308676,15214.879177291186,15271.534248573103
2017-10-11,200.23349372268257,201.22638455492677,199.69568153759377,200.564453125,2175700,1.3211086988449097,15156.473793394405,15231.62967065964,15115.764638609566,15181.525433929875
2017-10-12,200.50654191108777,201.40841701839932,197.54440853199188,198.41319274902344,2148200,1.3239772319793701,15144.25906035611,15212.377686985605,14920.529126974441,14986.148398669371
2017-10-13,197.75126523272127,198.12359772588349,195.96405411519228,197.3623809814453,2491000,1.326435923576355,14908.467248047802,14936.537393506345,14773.729407661946,14879.149265598455
2017-10-16,197.4203342436471,200.86235553461424,197.2134814259674,200.57276916503903,2969200,1.3288860321044922,14856.077155916984,15115.092692826209,14840.511274969907,15093.301029539885
2017-10-17,202.252410181318,202.62474272283004,194.59885603514,195.3435211181641,7088400,1.3252933025360107,15260.95467277308,15289.049022967074,14683.455780148137,14739.644480536128
2017-10-18,195.9888566189116,200.77129160588683,195.9888566189116,200.25830078125,4235900,1.319487452507019,14853.408135600972,15215.854552040071,14853.408135600972,15176.97651468836
2017-10-19,198.8682572864964,199.3977998704437,197.00658236437508,198.5703887939453,2710900,1.321300745010376,15050.945671338035,15091.023041001756,14910.048534244035,15028.402091182199
2017-10-20,201.01951886159432,202.92256686592523,199.13302261390385,202.4923095703125,3022800,1.3150626420974731,15285.927257501295,15430.63884335363,15142.474300410095,15397.921215931223
2017-10-23,202.2110090945455,202.98877759040377,199.72050609476477,200.341064453125,1963300,1.3189828395843506,15330.829410810833,15389.796705343897,15142.00944097972,15189.057692081744
2017-10-24,201.55736175716,203.74999626071167,201.0609100156464,202.58334350585935,2285300,1.3206549882888794,15261.924086495137,15427.950378221227,15224.332759016275,15339.611427836926
2017-10-25,203.67558461617057,203.95690145016889,199.24065919524435,199.9936065673828,2904300,1.3131976127624512,15509.896045859941,15531.318323151972,15172.176469017515,15229.513412431123
2017-10-26,200.7382111834874,201.8883121287172,199.84460566394824,200.00181579589844,1948800,1.327351450920105,15123.214808281406,15209.861110165699,15055.892358080313,15067.73625457368
2017-10-27,199.2820322885489,200.59761332868396,198.3056803128021,199.9936065673828,2111500,1.3130252361297607,15177.319278032115,15277.513928061298,15102.960313034257,15231.512774033105
2017-10-30,198.66144466673285,200.721690583402,198.18981419767283,199.31509399414065,1764400,1.3134045600891113,15125.685619155622,15282.548628412218,15089.77661720819,15175.453173439386
2017-10-31,199.14134864069905,202.0372882345703,199.09998817530803,200.6306915283203,2658700,1.3212482929229736,15072.212369723653,15291.394457555503,15069.081961486796,15184.934777434504
2017-11-01,201.79734695816293,204.70155615530015,200.98648739712056,202.10348510742188,2969600,1.3292216062545776,15181.618024309628,15400.107490887032,15120.615437741151,15204.649409581916
2017-11-02,202.4592231722335,204.98282954098855,201.3753166561349,204.2712554931641,2509100,1.3255391120910645,15273.726842571246,15464.11023795624,15191.955847946374,15410.428378150387
2017-11-03,203.02187389920567,203.7748210908472,201.21812361624103,202.2192840576172,1954600,1.30532968044281,15553.30250594885,15610.985036494398,15415.119002578822,15491.816901690143
2017-11-06,201.47459341804705,202.3681988792482,199.960429660897,201.46632385253903,1744800,1.30804443359375,15402.73313686381,15471.049276457481,15286.97531409704,15402.100928561427
2017-11-07,201.81383820944032,202.69916149399555,197.61885800162565,198.42144775390625,2483900,1.3175057172775269,15317.871912272627,15385.068833921261,14999.468724126842,15060.386088033167
2017-11-08,197.91673499720528,200.49826624573743,196.5515117157511,199.6129302978516,2349800,1.3172106742858887,15025.44269195994,15221.427381343943,14921.797670847858,15154.214446832475
2017-11-09,198.17327538869543,200.5396722053881,196.79150003642067,199.23236083984372,2122400,1.3113033771514893,15112.694654930436,15293.156084217162,15007.320461867932,15193.460515035891
2017-11-10,199.97697887739037,201.32566293021648,198.5786521815653,198.7027587890625,1845600,1.3144404888153076,15213.848065318472,15316.453247089896,15107.466170685468,15116.907952839414
2017-11-13,196.8990452117377,199.3233539791426,196.2288441565928,198.80209350585935,1953900,1.312026023864746,15007.251504946948,15192.027471529056,14956.170120663828,15152.298040572512
2017-11-14,198.2890645786229,199.306789319337,194.96288105498948,196.2950134277344,3000200,1.3123359680175781,15109.626605613763,15187.177230264513,14856.171423046606,14957.679909075321
2017-11-15,194.4168159084736,197.047977535174,193.24189348787533,196.60118103027344,2564100,1.3157894611358643,14775.678149955842,14975.646435492117,14686.384045138797,14941.68990079584
2017-11-16,197.2382746035385,199.14959234606224,197.0893340309135,198.05740356445312,2304300,1.3157894611358643,14990.109012825746,15135.369162642857,14978.789529198295,15052.362814448956
2017-11-17,197.6354521089379,197.81748359435645,196.1957519857076,196.9404296875,2826400,1.3200448751449585,14971.87374688568,14985.66354213022,14862.809263523159,14919.222323095139
2017-11-20,197.56926063581625,197.56926063581625,196.18748533977623,197.0314483642578,2000700,1.3202714920043945,14964.290438163805,14964.290438163805,14859.632017194477,14923.555462454991
2017-11-21,198.09053082248428,198.2394587876665,196.54326319642652,196.9404296875,2223800,1.3245033025741577,14955.835175155662,14967.079236600639,14839.016468622376,14869.002538895029
2017-11-22,196.8742158416201,197.70989657834969,195.566904677774,195.62481689453125,2177200,1.3245558738708496,14863.413444861311,14926.504836716864,14764.715368801626,14769.087567657081
2017-11-24,196.44400261243635,197.38725105319708,194.8967474169215,195.2277069091797,1268500,1.330672025680542,14762.766393316906,14833.651511704986,14646.49016854818,14671.361773712413
2017-11-27,195.0621811877842,195.9971598397217,194.2761431099651,194.5326385498047,1999600,1.3324450254440308,14639.416821176595,14709.586969594233,14580.424662940484,14599.67464586223
2017-11-28,195.3434888909491,198.57866941015965,193.88724986037963,198.0904998779297,3212900,1.3322319984436035,14662.873217214534,14905.712341555496,14553.565001207806,14869.069359492292
2017-11-29,200.24024121227208,202.91287881284163,199.53472648812755,200.33154296875,4500000,1.3365410566329956,14981.974569244869,15181.941310805538,14929.187958564771,14988.805766537675
2017-11-30,202.58091758603447,208.15858334371785,202.5228107005001,205.54405212402344,6364600,1.3417235612869263,15098.558557899003,15514.267569696747,15094.227793558943,15319.40394091865
2017-12-01,207.3202433689233,208.0672485517304,202.5310741165713,206.6313323974609,4765400,1.3529969453811646,15323.038538754225,15378.24968947834,14969.071054296763,15272.121131008837
2017-12-04,211.5615803624285,211.5698759160642,207.51112115392127,208.04232788085935,3326100,1.349400281906128,15678.192986856508,15678.807745408652,15378.025626376513,15417.391760655639
2017-12-05,208.16684346965815,208.623352232776,205.35310557603643,206.11671447753903,2526800,1.347527265548706,15448.061704702775,15481.939220563796,15239.254212226846,15295.921629727425
2017-12-06,204.38200677931144,205.90922467898412,203.46069364087336,204.14129638671875,2331400,1.341525673866272,15235.042516203455,15348.884385160853,15166.365996895192,15217.099483335587
2017-12-07,203.03737047289,207.07122610251548,202.8547669644115,206.3076171875,2667000,1.3392258882522583,15160.800896543424,15462.008905215494,15147.16589216662,15404.990225863947
2017-12-08,207.9178773943072,208.06727338271023,205.1788369555199,207.7933807373047,1959100,1.348435878753662,15419.189052317592,15430.268258289263,15216.061823062986,15409.956380674535
2017-12-11,207.50285801084885,208.66486894972184,206.47363927572607,207.6107635498047,1494200,1.3392080068588257,15494.445743164008,15581.214261043357,15417.592951823784,15502.503157576344
2017-12-12,208.1751305423332,214.30892616102187,208.07553323988068,213.87730407714844,3464200,1.334935188293457,15594.399815653847,16053.882468630425,15586.938981350735,16021.549656696297
2017-12-13,213.98520111802884,216.2179334359502,212.11767578125,212.11767578125,3482300,1.331948161125183,16065.58028033626,16233.20935052734,15925.370218767404,15925.370218767404
2017-12-14,213.4208417578152,215.4294552215005,212.0513153076172,212.0513153076172,3353200,1.3409678936004639,15915.432634616314,16065.220968346826,15813.302937348106,15813.302937348106
2017-12-15,213.0639341604517,214.9480508988797,211.45369737085957,213.45404052734372,5283400,1.3432915210723877,15861.332467159229,16001.593662057852,15741.459992396147,15890.37354728014
2017-12-18,215.802958451751,217.46298120907215,215.10575193326855,215.81954956054688,2575600,1.3317352533340454,16204.644122131695,16329.295230763475,16152.29088474934,16205.889948489023
2017-12-19,217.1309867008268,217.29697378240152,212.63231378019236,212.8813323974609,2195500,1.3380789756774902,16227.068106416516,16239.472985694338,15890.864264759359,15909.474423187597
2017-12-20,214.8650512814,215.04765480618065,211.2794085488245,211.80230712890625,2052400,1.3386881351470947,16050.418737579286,16064.059220376315,15782.57123535417,15821.631757842797
2017-12-21,212.98916574129933,217.5376363186703,212.7152731854956,216.6412353515625,3337800,1.3372023105621338,15927.968719390174,16268.116993248517,15907.486212469545,16201.081439987249
2017-12-22,217.18077641749835,217.57919099076375,213.9105296188457,214.9480438232422,2100600,1.338043212890625,16231.222902608246,16260.99881488276,15986.81773189722,16064.357395370052
2017-12-26,214.30059822870157,215.13891766378265,212.48287163635533,213.91049194335935,1289300,1.3376137018203735,16021.112667809657,16083.785428558162,15885.219428238886,15991.948322018994
2017-12-27,214.1263563518279,214.1263563518279,212.0845226755384,212.44142150878903,1567900,1.337470531463623,16009.799940601664,16009.799940601664,15857.13611524956,15883.820728095578
2017-12-28,213.296317994502,213.31290910211456,211.735892661121,212.8979034423828,1301000,1.3403927087783813,15912.972116126912,15914.209895734626,15796.556581846426,15883.248397883
2017-12-29,212.375018016932,213.02242591143911,209.91819130571773,211.4537048339844,2519300,1.344085931777954,15800.702395270422,15848.869545837257,15617.914475753674,15732.156689883202
2018-01-02,213.9520158640511,214.06822961103663,210.75647977608668,212.20899963378903,2258300,1.3511322736740112,15835.01630689872,15843.617518582423,15598.508294306057,15706.012192037157
2018-01-03,212.0513085319879,212.59913175953187,210.17548733086045,210.23358154296875,2988200,1.359619379043579,15596.372911450768,15636.665307689584,15458.40626945961,15462.67909853249
2018-01-04,211.8438033409693,215.5705590382468,211.08850260209636,213.17181396484372,2583200,1.3511322736740112,15678.983284510085,15954.807922104132,15623.08196725274,15777.272004996592
2018-01-05,213.46231238604585,213.7196138775148,210.56558088728733,212.08450317382807,2594700,1.3552889823913574,15750.317102807068,15769.302093817249,15536.581763968312,15648.655447608877
2018-01-08,211.44540832001223,211.80230714986573,208.847468533987,209.0051727294922,2940500,1.3575890064239502,15575.067809143831,15601.356975317443,15383.703576395033,15395.320066714188
2018-01-09,209.8268589148254,212.15089308495945,209.6774502952262,210.7730712890625,2637300,1.3571282625198364,15461.092713906877,15632.33917854235,15450.08353933396,15530.814375474827
2018-01-10,211.6528925793377,211.77738921486772,209.4533675851867,211.09678649902344,2927200,1.353234887123108,15640.514044778907,15649.713972796926,15477.975743772862,15599.419473126494
2018-01-11,212.27540621523664,212.391607299528,209.9679756379029,211.76080322265625,2422400,1.351278305053711,15709.229210691654,15717.82855576045,15538.470117712504,15671.146530709611
2018-01-12,212.27538564314344,213.5618929999161,210.8975638736682,213.3377990722656,2849200,1.3541878461837769,15675.47561745991,15770.477751794386,15573.730370420653,15753.929535955496
2018-01-16,215.18038935889825,217.272008325695,212.81485252946823,214.5246734619141,4445500,1.379824161529541,15594.76891029143,15746.354817040457,15423.33135358074,15547.247210406329
2018-01-17,216.61634528401387,217.46294764078604,206.5399965441225,210.5323486328125,8608100,1.3798813819885254,15698.185953625338,15759.539224118205,14967.952987848923,15257.278732858736
2018-01-18,211.22961189895335,211.271102338187,208.000867965492,208.30796813964844,4984500,1.382800817489624,15275.49081742847,15278.491281320947,15041.997758079338,15064.206319881749
2018-01-19,208.3328501859985,212.59912071072665,207.71863722367115,212.5825042724609,4643400,1.3894678354263306,14993.715210548626,15300.75869985827,14949.510303701043,15299.562814797668
2018-01-22,212.02641251378788,218.18509566671472,211.810614106208,217.0645751953125,5264700,1.3891589641571045,15262.933759523947,15706.272737411458,15247.399294919975,15625.610948493579
2018-01-23,214.1429342987944,216.01876810792183,213.188426285543,215.87765502929688,4003600,1.3984841108322144,15312.503920503003,15446.637286380945,15244.250873803503,15436.546855068073
2018-01-24,216.41715216638613,220.6004164796424,216.05194514451807,220.5174102783203,4314000,1.401738166809082,15439.19950892386,15737.633582583927,15413.14564019748,15731.711920230176
2018-01-25,221.0735641900384,224.5181067882696,219.9613518392568,223.2979888916016,5055000,1.4220906496047974,15545.673143373477,15787.88995277226,15467.463477126765,15702.092475866899
2018-01-26,222.01972225022456,223.27304746237715,220.8245039102765,222.5592498779297,3535400,1.4150274991989136,15690.134811932356,15778.707310548964,15605.668726246762,15728.263231910805
2018-01-29,223.3062429215266,227.24879652020505,223.11533120744585,226.16148376464844,3881100,1.4149274826049805,15782.168744818227,16060.808720869858,15768.676059403051,15983.962891742643
2018-01-30,224.4267932563084,225.7630994439115,221.70433156392116,223.2232666015625,3970400,1.4076577425003052,15943.278431991414,16038.209617837027,15749.874765021093,15857.779903591452
2018-01-31,222.8995154922419,224.10304196067085,221.05688946736797,222.3517303466797,3710200,1.4155884981155396,15746.067150797728,15831.086665298668,15615.900366642103,15707.370513583493
2018-02-01,220.90760115951576,226.25287834688177,220.7831044748613,225.9540863037109,3388200,1.420051097869873,15556.313536244224,15932.727962132427,15547.546479562869,15911.687026097165
2018-02-02,224.103136008476,225.55565633445687,215.26351737635275,215.8362274169922,5913900,1.4266760349273682,15708.060591337056,15809.872095169798,15088.465223102441,15128.608186649773
2018-02-05,213.7362799560589,218.54202853926205,200.4477870835708,206.76417541503903,6528500,1.411133885383606,15146.421056847936,15486.980420702821,14204.732035690617,14652.342882322026
2018-02-06,202.69708384138195,214.7654436839233,200.9540548846265,214.7239532470703,6739900,1.3943694829940796,14536.82731252392,15402.333908137834,14411.822500096965,15399.35833836533
2018-02-07,212.39988087590305,217.4214643034392,212.2006862748541,213.3959045410156,4125000,1.395868182182312,15216.327987635288,15576.07423671773,15202.057685926888,15287.683125450332
2018-02-08,214.08480124198704,214.790315888957,204.2242759458347,204.4732818603516,4166200,1.3879250288009644,15424.81018783385,15475.642518999422,14714.3593283468,14732.300204788231
2018-02-09,207.1874262661728,208.88895204311268,198.6134076195644,206.9218292236328,5978600,1.3934950828552246,14868.184955604775,14990.289855569941,14252.896193405448,14849.125179520328
2018-02-12,208.45732536984823,212.6073817193572,206.523410256148,210.1256561279297,3692500,1.3827433586120605,15075.63381675461,15375.765892867024,14935.773075304985,15196.287497547262
2018-02-13,209.17114534351032,212.81489448205957,207.9842352512684,212.09278869628903,2700500,1.3852334022521973,15100.065086751956,15363.107338882537,15014.382046600585,15310.978521847335
2018-02-14,211.65295091792737,218.0523330474148,211.2213413541772,217.9444274902344,3793800,1.3886960744857788,15241.128336616095,15701.947823835933,15210.048133274267,15694.17754499934
2018-02-15,220.58383676205185,222.44305418397968,218.218299216869,222.1774444580078,3523100,1.401581048965454,15738.214848500622,15870.866286910135,15569.43848362833,15851.915565068688
2018-02-16,220.7747475103286,223.50549239727687,220.7000495160276,222.12767028808597,2602500,1.4104173183441162,15653.15064122487,15846.763187769197,15647.854478640258,15749.074220732933
2018-02-20,221.52174760027955,223.14856279972585,218.55029269880745,219.8617248535156,2618400,1.3992668390274048,15831.272593743002,15947.534564231566,15618.91460607444,15712.637412770817
2018-02-21,219.0566068547989,224.10306472264048,218.40089079526533,218.6249847412109,3017900,1.4001091718673706,15645.680440949905,16006.113610679875,15598.847231603879,15614.852693924127
2018-02-22,219.45501839856695,221.0486514993072,216.40058239624867,216.9898834228516,2678900,1.3910139799118042,15776.622059001971,15891.188348324331,15557.038643850965,15599.403496764973
2018-02-23,218.292985463968,221.59643976200965,217.7949735870363,221.422119140625,2507100,1.3953033685684204,15644.84042548656,15881.595698386891,15609.148411251505,15869.102313413308
2018-02-26,222.02802931896957,225.58047677487565,221.42211193326625,225.1488800048828,2751400,1.3968042135238647,15895.429521853757,16149.75632166659,15852.050687523444,16118.857447950853
2018-02-27,224.9330898123248,226.69270993076037,222.38494873046875,222.38494873046875,3140600,1.3966480493545532,16105.20917680552,16231.197976864973,15922.76227595361,15922.76227595361
2018-02-28,224.01633046300265,224.3076295721885,218.5478424947269,218.84747314453125,3104300,1.3906078338623047,16109.238349450025,16130.185959703073,15715.993910930829,15737.54065060165
2018-03-01,218.58109917301263,219.3635018931257,213.24581470648545,213.7285614013672,3483500,1.375421166419983,15891.939466217957,15948.824058313448,15504.037593192828,15539.135693081624
2018-03-02,212.24703230380047,215.77615130083265,209.8332476048674,214.84393310546875,3122800,1.377543330192566,15407.648358627717,15663.837686373861,15232.424491179885,15596.165172926783
2018-03-05,213.46226434221987,220.19590309424677,213.27914822160045,219.0056610107422,2445800,1.3795006275177002,15473.87946653768,15962.000937286379,15460.605379018858,15875.720289074834
2018-03-06,220.3790043071172,222.95926750455783,219.08055386730288,222.17686462402344,2217300,1.3852334022521973,15909.160430928936,16095.429632440064,15815.42529303064,16038.947968103765
2018-03-07,218.64767928446332,221.7606267803432,217.19941394056784,220.86170959472656,2509400,1.390008568763733,15729.95190086688,15953.903577556795,15625.760791801735,15889.23367509597
2018-03-08,221.8023157297389,223.15070455309976,218.59779668843183,221.68577575683597,2565400,1.390627145767212,15949.804834808549,16046.767476985144,15719.367866059523,15941.42444519386
2018-03-09,223.65008938755395,225.63937163622649,222.2683999549224,225.37301635742188,4410600,1.3805670738220215,16199.87131580586,16343.962992798075,16099.790018864129,16324.669813650524
2018-03-12,225.56446455928904,229.15185308901613,225.3730169394593,227.54544067382807,3065600,1.38554048538208,16279.889829208912,16538.806011563396,16266.072288556035,16422.86480074089
2018-03-13,228.3445068278399,228.91882435097224,222.6013569975568,223.50860595703125,2288100,1.3907625675201416,16418.654927921976,16459.950080419243,16005.705229360294,16070.939150711238
2018-03-14,225.06505577145023,225.38134949213853,219.66316950286196,220.09597778320312,2478700,1.397233486175537,16107.905944015924,16130.543085468496,15721.292946114323,15752.269034550756
2018-03-15,221.16972142780517,223.89979975449492,220.8617592246512,221.91049194335935,2255200,1.3971552848815918,15830.002850867731,16025.405491950762,15807.960762455199,15883.022763798666
2018-03-16,221.4111080247029,224.60729543408752,220.84509665972888,222.73452758789065,4114400,1.3938642740249634,15884.696390513667,16114.000453251083,15844.089039028893,15979.642475857128
2018-03-19,222.2267763915032,222.6512785462227,215.9675794997365,218.51454162597656,2426900,1.3943500518798828,15937.660424073127,15968.104870512327,15488.763328015508,15671.426363227234
2018-03-20,219.14711248773912,220.27077814091484,217.98183993671992,219.0638732910156,1514800,1.4025245904922485,15625.188604416866,15705.30596284274,15542.104674272707,15619.253649886457
2018-03-21,218.91411217841303,221.8106438936641,216.6667803156454,217.94859313964844,2817600,1.4004818201065063,15631.342659040349,15838.1666016054,15470.874180942095,15562.400740273335
2018-03-22,215.0936370802505,217.09125100077443,209.8998104056413,210.24940490722656,4489300,1.414627194404602,15204.969756769065,15346.181089933401,14837.818135822374,14862.530972035907
2018-03-23,211.10670391265447,211.40634725450977,203.8653252679045,204.13999938964844,3634200,1.4114724397659302,14956.487846667633,14977.716978276108,14443.45064943048,14462.910761722116
2018-03-26,208.62634289919967,212.54667603174548,206.79519456934685,212.14715576171875,3787200,1.4147672653198242,14746.336589293172,15023.4375110239,14616.905524923808,14995.1982182568
2018-03-27,212.9877963630943,213.96163407596663,204.4313295537614,205.8046875,2981500,1.423892855644226,14958.133648808154,15026.526274630532,14357.212956256353,14453.663889400283
2018-03-28,207.06980439936345,209.10903742187668,203.3991773385297,207.56088256835935,2660200,1.417635440826416,14606.703418662511,14750.5509103226,14347.77739613771,14641.344071319276
2018-03-29,208.74287258434163,210.5657020943863,206.69532006385464,209.63348388671875,3073900,1.4080342054367065,14825.127953450487,14954.587131573175,14679.708721972944,14888.380060461684
2018-04-02,209.1340527085717,210.2493996082648,202.89982502924312,205.87960815429688,3429900,1.403823971748352,14897.45558683627,14976.906210428631,14453.366598131772,14665.628476046753
2018-04-03,206.92838647670644,208.826123765675,204.67273579787275,208.56809997558597,2488200,1.4046719074249268,14731.439091428245,14866.540909791476,14570.85706035675,14848.171937740057
2018-04-04,204.51456875328623,210.7654468043934,203.51574911910885,210.2660369873047,2853200,1.4068654775619507,14536.895816627964,14981.208236742197,14465.899715713733,14945.710186285078
2018-04-05,211.8308690178997,214.74406368022835,210.91528847238808,212.92123413085935,1924800,1.4088078737258911,15036.178670528583,15242.96305303094,14971.188932567355,15113.574966595268
2018-04-06,209.31720995958707,212.5300482446508,205.3219687330046,208.0603790283203,3621900,1.400874137878418,14941.899796693493,15171.245046076816,14656.703495430262,14852.18217700996
2018-04-09,209.31717421349504,214.32787209989837,207.39446795606065,209.90814208984372,3256700,1.4091651439666748,14853.984652521689,15209.563834128372,14717.541719224168,14895.922098879833
2018-04-10,214.71074362938708,216.3171815608301,213.0377422743344,213.5538024902344,3113900,1.4138271808624268,15186.491428069357,15300.114786934413,15068.16003808772,15104.660978434988
2018-04-11,210.24103942082436,212.10548809266007,207.91048175615907,210.5323638916016,3322000,1.4182183742523193,14824.306555163821,14955.770701002339,14659.97659674723,14844.848135788232
2018-04-12,213.3040800977064,217.01634031106383,212.3385739132072,216.0674591064453,3059100,1.4189025163650513,15033.032758596371,15294.661740893724,14964.986774227225,15227.787435317796
2018-04-13,218.0234694977176,218.4895785665765,211.8641366149576,213.0127716064453,3026200,1.4238117933273315,15312.660740659734,15345.397445822826,14880.066144124881,14960.739376139869
2018-04-16,214.0198938888236,216.9580572685393,213.62869251414023,214.64414978027344,3257400,1.4246840476989746,15022.270673591795,15228.503303518492,14994.811857350032,15066.087819748382
2018-04-17,217.7404966342404,218.2815134176029,210.03300780334465,211.1067352294922,10134400,1.4342057704925537,15181.956530509644,15219.678926730145,14644.551857521279,14719.417504295157
2018-04-18,212.16382081844972,213.9283805475552,209.95812115706795,211.4147186279297,4524800,1.4296538829803467,14840.222752108337,14963.648411291453,14685.94067812945,14787.82530126811
2018-04-19,211.41468636695595,213.2125465904848,210.4408485876745,211.55618286132807,3990000,1.4204343557357788,14883.805472125747,15010.376630889192,14815.246317994544,14893.766966917869
2018-04-20,211.49791507551976,212.8130030639292,209.3171723809701,209.7167053222656,2930600,1.4086490869522095,15014.237188988085,15107.595286515045,14859.426263062742,14887.789106938919
2018-04-23,209.46700128668624,210.37425019787185,204.91409364915165,205.3136138916016,3775900,1.4001679420471191,14960.134066520226,15024.929787372052,14634.965384906363,14663.49912221403
2018-04-24,207.10314832314884,207.377809749115,199.79518073178204,201.8344268798828,4705100,1.3938252925872803,14858.616027745831,14878.321612615531,14334.305869921,14480.611591229545
2018-04-25,201.5847379908621,201.80947369411896,197.68937416999688,199.1210021972656,5041400,1.3993842601776123,14405.245487417202,14421.305100895228,14126.882786641161,14229.18692625518
2018-04-26,199.1542636183088,201.1435583898826,198.1055056773043,199.83677673339844,2891100,1.3939224481582642,14287.327381910209,14430.039393916484,14212.089484537211,14336.290874534308
2018-04-27,199.76190944335136,201.368322035542,198.94621853593665,199.59544372558597,2136800,1.391943335533142,14351.29608683665,14466.703988234833,14292.695216629367,14339.336855917121
2018-04-30,200.5692675499442,202.317189216122,198.2803291635549,198.37188720703125,2790500,1.37710702419281,14564.53739806517,14691.464473119655,14398.323854297143,14404.972432938299
2018-05-01,197.68941340432505,198.0140260621112,194.7346114144479,196.99024963378903,3269800,1.3772207498550415,14354.228501504405,14377.798626905167,14139.680326116533,14303.462219438905
2018-05-02,196.93196698493557,198.02233211301785,194.2851149078961,194.8094940185547,3710900,1.3609329462051392,14470.365166341648,14550.48411203421,14275.87710692476,14314.407962696952
2018-05-03,193.4777411621888,194.76787277408715,189.2744148720456,194.27679443359372,4511400,1.3573862314224243,14253.698518765785,14348.743803743106,13944.035270911969,14312.565571702336
2018-05-04,193.3612309954852,197.090116957498,193.33626176921783,195.55029296875,2622300,1.3572388887405396,14246.661556751902,14521.402134327975,14244.821849204876,14407.949447293868
2018-05-07,196.43255888544965,198.2387380935118,195.83327209653712,197.43136596679688,1979400,1.3531982898712158,14516.169607644435,14649.644444376161,14471.882913418003,14589.980451836549
2018-05-08,198.2970157243667,200.31128034783717,196.43256645363596,197.2649078369141,3267000,1.3570362329483032,14612.507087857608,14760.9382479523,14475.11582110565,14536.451057635759
2018-05-09,198.0805786512841,201.46821383226464,197.47297305955425,201.2018585205078,2434000,1.3553440570831299,14614.781952678371,14864.72846354965,14569.951594766337,14845.076234998174
2018-05-10,201.51816757044827,204.27321544533535,199.8951044553886,202.62518310546875,2599000,1.3544628620147705,14878.087337934756,15081.492536567439,14758.256579884634,14959.818300522671
2018-05-11,202.62512746389015,203.8486699455279,201.18518085984363,202.1923065185547,1540100,1.352338194847107,14983.317652046248,15073.79372425214,14876.839360629705,14951.312274472451
2018-05-14,202.7583336663485,204.6560707011132,202.6750944611053,203.016357421875,1928500,1.355380892753601,14959.509518717156,15099.52455396745,14953.368130293558,14978.546510968263
2018-05-15,202.25886053304944,203.04958193330188,200.31950450264188,201.06028747558597,2165700,1.3562448024749756,14913.152858831427,14971.455120990106,14770.158317811361,14824.778469836443
2018-05-16,200.81896734660168,201.2933952321588,200.2529687193803,200.5609436035156,1965200,1.3500195741653442,14875.26338058905,14910.405677385037,14833.338164240145,14856.150787851599
2018-05-17,200.1115013357957,201.79283438107268,198.74646206056156,199.0128173828125,2462700,1.354830026626587,14770.229283599256,14894.328470377934,14669.47573899167,14689.135424488466
2018-05-18,198.18048843872864,198.71318641600573,197.15669939292096,197.2649078369141,2699000,1.3515340089797974,14663.374145377575,14702.788468194296,14587.623994881511,14595.630337546527
2018-05-21,199.01278897986757,199.8201609719972,197.53122263772676,197.84750366210935,1951700,1.3477089405059814,14766.748442371434,14826.655442159275,14656.816223506388,14680.284274721054
2018-05-22,198.6798500689696,200.34453253741592,198.0805633642873,198.0972137451172,2551500,1.3431833982467651,14791.714246044367,14915.649850863425,14747.097352665207,14748.336973468417
2018-05-23,197.16498518589776,197.98899483581013,195.0841322105333,197.9390563964844,3114000,1.3441040515899658,14668.87812388242,14730.183619460504,14514.064739241328,14726.468249414069
2018-05-24,196.9319635111576,197.40639146439165,194.4765464303213,196.5157928466797,2308700,1.3371307849884033,14727.950752615838,14763.431795948347,14544.317475422416,14696.826597136796
2018-05-25,195.60023218344315,196.5324505024482,195.00094534964785,195.60855102539065,1985600,1.3383476734161377,14615.053776286157,14684.708196996251,14570.275663266719,14615.675351838814
2018-05-29,192.70367852424457,193.4944002896849,187.29345959157075,188.96646118164065,5323600,1.3315579891204834,14472.04553603622,14531.428737661756,14065.738114438505,14191.380527592057
2018-05-30,191.23003948709055,191.83979361618137,189.0081796115052,191.41380310058597,3348600,1.3253810405731201,14428.306549820496,14474.312499085258,14260.667221388232,14442.171514526493
2018-05-31,189.89356517520088,190.536737775065,187.1788906930999,188.67405700683597,5334900,1.328356385231018,14295.37790358692,14343.79658151214,14091.014487843719,14203.572106443644
2018-06-01,190.77898242390077,192.3242639096204,190.5200462576887,190.7372283935547,3330900,1.3289390802383423,14355.73573392732,14472.015065967318,14336.25130683337,14352.593826900358
2018-06-04,192.4078419290233,193.07605951415985,191.23843566416744,192.0236053466797,2133600,1.3356484174728394,14405.575555060765,14455.60500715272,14318.02210539858,14376.807761282322
2018-06-05,191.23005769235175,191.56416643300696,189.8518304599283,190.7288818359375,1986200,1.3316465616226196,14360.421391344016,14385.511287588564,14256.923415819336,14322.785589859006
2018-06-06,191.9901957295539,194.2705194195825,191.5809016332172,193.9781646728516,2566400,1.3406083583831787,14321.12477361404,14491.22095985435,14290.594298865224,14469.413342073753
2018-06-07,195.364689080525,197.06031557753687,194.2370499195588,194.9971618652344,2905000,1.3421558141708374,14556.036416771642,14682.372456083098,14472.019408533084,14528.653067430963
2018-06-08,194.62132201824505,195.6821370846621,194.0783920979121,194.94708251953125,2253100,1.3419216871261597,14503.18031859544,14582.232254084227,14462.72118260102,14527.455990150003
2018-06-11,195.9744533235036,196.42551410938515,195.11411127296452,195.53175354003903,1936800,1.341381549835205,14609.896292936188,14643.522876359595,14545.757789566673,14576.893022276996
2018-06-12,195.5568370826068,196.4840035487237,193.66909837255048,194.3122711181641,2080000,1.3374348878860474,14621.783748418915,14691.107980537789,14480.637534337413,14528.727557368757
2018-06-13,195.1642630995624,198.98986851664813,194.7048667155161,195.3146209716797,3637400,1.3372559547424316,14594.38355143858,14880.462323682492,14560.02988994116,14605.627313082272
2018-06-14,197.01856307051943,197.03527233026895,194.27883076141816,195.1642303466797,2899600,1.3382760286331177,14721.818134316381,14723.066700336549,14517.097116343763,14583.256829759976
2018-06-15,193.3683592900084,194.74657359930305,191.9817839787449,193.71917724609372,4738100,1.3256621360778809,14586.549168712796,14690.513389443444,14481.95424414432,14613.012771054431
2018-06-18,192.28251379596583,193.5103831867004,191.40546241037947,193.2765045166016,2327500,1.3275099992752075,14484.449375217364,14576.943547871804,14418.381971878389,14559.325701661493
2018-06-19,190.6286399092288,191.31356660861152,188.90795578552965,190.7121734619141,3326600,1.3258730173110962,14377.594039573149,14429.252583825883,14247.816594732407,14383.894307516957
2018-06-20,192.04861498829752,192.0653242473901,189.57617995066656,190.2945251464844,2678300,1.317332148551941,14578.602306138531,14579.870722696265,14390.917291364638,14445.447593126988
2018-06-21,189.10008065123827,190.8040556323581,187.579869302304,189.5928955078125,3094600,1.3175230026245117,14352.69671000431,14482.028416374937,14237.312663888528,14390.101359152182
2018-06-22,190.26111182957948,192.53308680193084,188.42348838749749,188.791015625,2731800,1.3247840404510498,14361.669979418019,14533.167740787323,14222.958809448284,14250.701235857448
2018-06-25,187.5214137557085,188.0559954499164,184.088393154417,185.0489654541016,3817700,1.3262423276901245,14139.302436705424,14179.610431937257,13880.449244523666,13952.8773581217
2018-06-26,185.2494213176541,186.10141519561856,183.027561177782,185.08236694335935,2692900,1.3278449773788452,13951.133187500165,14015.296843083383,13783.804909145107,13938.552323232068
2018-06-27,184.9988517850501,188.33164232636585,183.87957334596751,183.91297912597656,3104200,1.3221042156219482,13992.758634236892,14244.84092108959,13908.099768025195,13910.626481094736
2018-06-28,183.9714424268236,187.6550507574744,183.4118032460554,186.61929321289065,3072600,1.3120431900024414,14021.752014617847,14302.505602511852,13979.097993391064,14223.563266430534
2018-06-29,187.4378524425622,188.0810251302952,184.1384809395722,184.2387237548828,3393700,1.3075141906738281,14335.435422384668,14384.625916248566,14083.096172338774,14090.76284364725
2018-07-02,183.55379702324436,186.55246577919135,182.83545173326783,186.4856414794922,1723200,1.3207770586013794,13897.409545984723,14124.447768402246,13843.021465475724,14119.388299867114
2018-07-03,187.48801073773527,187.6383558670242,183.75428708186277,184.08004760742188,1204400,1.314405918121338,14264.087535889163,14275.525793068027,13980.025846543676,14004.809706770411
2018-07-05,185.0155184245,185.55009999952108,183.5788280518627,184.38070678710935,2218200,1.3229262828826904,13985.323356139423,14025.732378315339,13876.723928399073,13937.337943376486
2018-07-06,184.2136761413649,186.43553643003796,183.6623979438157,185.25778198242188,1846400,1.3225764036178589,13928.395791536519,14096.390644808906,13886.713647802426,14007.34063269661
2018-07-09,186.56918190615545,190.61195659599036,186.2684789191592,190.43655395507807,2743900,1.329787254333496,14030.002265262045,14334.018917298705,14007.389400984972,14320.828638903367
2018-07-10,190.44491681555505,191.17161044591785,188.64905975954665,189.48434448242188,2524800,1.325556755065918,14367.164294378668,14421.986060974896,14231.684840244008,14294.698718728125
2018-07-11,188.57386200604032,189.8184407493644,188.1061046313617,188.49034118652344,2527000,1.3257324695587158,14224.126385680902,14318.00496012197,14188.843446971983,14217.826410276008
2018-07-12,190.144198763708,190.27784736769948,188.5822205340339,189.7933807373047,2223100,1.3210039138793945,14393.916381769921,14404.03358146837,14275.67462538579,14367.35945618345
2018-07-13,189.300569678121,190.96277802169791,187.0452908627974,189.11680603027344,2541500,1.3180439472198486,14362.235043635144,14488.346797881504,14191.127030121585,14348.29289487484
2018-07-16,189.7766565673017,193.3182678222656,189.39243279279987,193.3182678222656,3271200,1.3227688074111938,14346.92559304568,14614.66786479574,14317.87865964741,14614.66786479574
2018-07-17,193.351707362105,194.8134556519311,189.5010442145172,192.9674835205078,9280200,1.3236442804336548,14607.5278849661,14717.961504589886,14316.614139898109,14578.500158463077
2018-07-18,194.07003533947767,195.2227322517501,192.2407598901523,193.15122985839844,6149900,1.3106160163879395,14807.54339278831,14895.494165391352,14667.969678866604,14737.438536019394
2018-07-19,193.04264477158776,193.7776993756352,191.26348430744247,191.80642700195312,4638500,1.3078221082687378,14760.619471950415,14816.823951091732,14624.579527917009,14666.094554393308
2018-07-20,191.2885301543176,193.8278025885489,191.1131275179682,193.527099609375,2683500,1.3023037910461426,14688.472188248432,14883.455298309986,14675.003546173104,14860.365218925946
2018-07-23,193.61901352809133,196.17498290209085,193.55218921659295,195.25616455078125,2788500,1.3147169351577759,14727.049477373288,14921.461620827784,14721.9666865678,14851.574459056394
2018-07-24,196.08305610418824,198.363379449906,195.7405863658269,197.0269317626953,2887400,1.3102725744247437,14965.058410863534,15139.092683596356,14938.921121184574,15037.09499904607
2018-07-25,196.3001763161957,197.8371092522184,195.41477691825375,197.70346069335935,2181500,1.3152183294296265,14925.292016065927,15042.149643551184,14857.97244043882,15031.987942191912
2018-07-26,197.96242422651144,199.08170238475395,197.48630594917304,198.05430603027344,1885500,1.3199577331542969,14997.633579784526,15082.430094864427,14961.562858322814,15004.594545386237
2018-07-27,198.76438283345888,199.4660190285022,197.11887070635152,198.49708557128903,1998200,1.3108737468719482,15162.740371279633,15216.264686395227,15037.212483408359,15142.349600405802
2018-07-30,198.79777535217983,200.24281443622831,197.87060874723252,199.5912933349609,2454100,1.3111830949783325,15161.709765291396,15271.918559897034,15090.997550613049,15222.229000615598
2018-07-31,200.05067006799135,200.05067006799135,197.5865829440065,198.32162475585935,2503700,1.3135426044464111,15229.857744302259,15229.857744302259,15042.266788695355,15098.225522684239
2018-08-01,199.21538934639904,199.96714043443893,196.943414075099,197.16058349609372,2510500,1.3121638298034668,15182.203991725415,15239.49493901151,15009.056765769623,15025.607246438429
2018-08-02,195.3981144068648,196.4672903880865,194.42919398691356,195.4482421875,2579700,1.3126115798950195,14886.2098582501,14967.663960712554,14812.393625421442,14890.028793066995
2018-08-03,195.82410822516343,196.726217051496,195.03059046680795,195.53175354003903,3053100,1.3018121719360352,15042.424125896503,15111.720514867193,14981.469268086614,15019.966609257248
2018-08-06,195.57352605753783,197.9457311452616,195.4816442462667,197.0686798095703,2259600,1.3003562688827515,15039.995633317627,15222.422953006095,15032.92973811107,15154.975949697928
2018-08-07,198.1712493985953,200.0172337681057,197.53643776126867,198.6557159423828,2399500,1.2944984436035156,15308.728286064439,15451.33057180931,15259.689089419328,15346.153324787458
2018-08-08,198.8979663223671,199.76666945013696,197.31927892668412,197.43621826171875,2522400,1.2946659326553345,15362.879435193856,15429.978067038453,15240.941616652113,15249.974011193834
2018-08-09,197.41953005299632,197.8371723736116,194.947081906964,195.27284240722656,2951900,1.2881617546081543,15325.67857621649,15358.100150535181,15133.742420901552,15159.03120929301
2018-08-10,192.92569096962765,193.33498502447443,190.53677643090197,191.78970336914065,3863400,1.2828407287597656,15038.943389032072,15070.848679039702,14852.72272381861,14950.390884031296
2018-08-13,191.68946304864616,192.02357178281545,189.2504336020029,189.4926605224609,2662700,1.2758845090866089,15024.045020021009,15050.231460234823,14832.881209403906,14851.866228716619
2018-08-14,189.90196814512893,192.42451858311676,189.86020136401103,191.74794006347656,2359000,1.2762752771377563,14879.38938776698,15077.038788580026,14876.116835060986,15024.02683012875
2018-08-15,191.5725167074983,193.40177916647457,190.70381363775405,191.48898315429688,3218500,1.271779179573059,15063.347457206359,15207.182368829175,14995.041332707933,15056.779213713848
2018-08-16,192.6751078760657,194.86354957132744,192.49134423420364,194.62132263183597,2438300,1.2693899869918823,15178.558981125621,15350.9600334175,15164.08244958329,15331.877880416949
2018-08-17,194.21201444662083,195.22271440337977,193.48532093554795,194.938720703125,2107200,1.2714558839797974,15274.774130480702,15354.265677886604,15217.619688849723,15331.9295745398
2018-08-20,195.5652057892728,197.1104747967129,195.52343900627545,196.94342041015625,2604900,1.2747135162353516,15341.894731519062,15463.119539113777,15338.618169180514,15450.014289626031
2018-08-21,196.5341259600505,200.07573757738535,196.5341259600505,199.34068298339844,2437300,1.2804261445999146,15349.118478165727,15625.714799809992,15349.118478165727,15568.307771916432
2018-08-22,198.70587769235124,200.1926834455942,198.44694147342275,199.9170379638672,1870900,1.290555715560913,15396.923611778191,15512.130242171266,15376.859679953603,15490.77157641175
2018-08-23,199.67482111773043,199.86693304062493,196.9935514745781,197.41119384765625,2064700,1.2904725074768066,15473.00077768756,15487.887721948784,15265.226522318502,15297.590045807641
2018-08-24,198.263133449234,198.6306606759537,196.04127357528668,196.3837432861328,1948100,1.281065821647644,15476.420500723194,15505.109676603868,15302.982115559684,15329.715301712886
2018-08-27,197.95412795207727,203.517114432485,197.5949488992594,202.64007568359372,4106900,1.2860909700393677,15391.922699373112,15824.472698556872,15363.99473306394,15756.278552938664
2018-08-28,203.024270158596,204.7115485970596,201.79640079315857,202.4479217529297,2951000,1.2896735668182373,15742.299088867785,15873.128973411844,15647.091324901066,15697.60960925875
2018-08-29,202.85017581179017,203.4703251497345,201.3919629807565,202.3054351806641,1911700,1.2867693901062012,15764.299133277353,15812.493420669685,15650.975577227166,15721.965158338682
2018-08-30,201.80264285075188,202.07081246734904,200.0259663917772,200.62936401367188,1963700,1.3035939931869507,15480.482719730591,15501.054279433896,15344.192090266184,15390.479325789533
2018-08-31,200.24381524831065,200.5874190682139,198.71855699662547,199.29681396484372,1965500,1.301100730895996,15390.339156170776,15416.74785856745,15273.11085743369,15317.554531508029
2018-09-04,199.25495524501977,199.55665404700943,196.5983357216633,199.1711578369141,2083500,1.2869019508361816,15483.305089059133,15506.74889546518,15276.86981855307,15476.793527859678
2018-09-05,198.62641082193187,200.6712567717481,197.92245123556103,199.08734130859372,2092000,1.2858428955078125,15447.175663204887,15606.203329567556,15392.428727258812,15483.022226441512
2018-09-06,198.61800436878147,199.9840310225181,196.00329042862904,196.5396423339844,2651400,1.2914891242980957,15378.991633144977,15484.763073882354,15176.534338618902,15218.06406544853
2018-09-07,196.9838656691471,197.4783126287701,194.99767634996184,196.0284881591797,1952900,1.2925406694412231,15240.051653794768,15278.305534025614,15086.386135475417,15166.136957526029
2018-09-10,196.95033658115105,197.3609861239834,194.20991935672268,194.35238647460935,1948100,1.2930254936218262,15231.744273617045,15263.503086173949,15019.805898237275,15030.824019580545
2018-09-11,193.31318482214687,194.1344710609577,191.62870724519345,192.9276885986328,2719400,1.302643060684204,14840.073283053494,14903.12096384945,14710.760992696021,14810.479894415505
2018-09-12,193.5143224467668,194.4194188880784,190.4889584042161,191.2012939453125,3577700,1.3015578985214233,14867.89966597722,14937.43913420524,14635.457909372497,14690.187364120964
2018-09-13,192.33266024384795,192.62598314141107,190.71522832409127,191.3521423339844,3003600,1.3045463562011719,14743.259933201534,14765.744599704096,14619.275690551345,14668.098333523407
2018-09-14,191.9806854096768,193.21262115111168,191.7125030063741,192.11477661132807,2228300,1.311131477355957,14642.367201558403,14736.326942645484,14621.912929204002,14652.594337735598
2018-09-17,192.24885055610923,192.885777355326,190.4889515290011,190.9833984375,1918800,1.307326316833496,14705.498396281002,14754.218198752314,14570.880206128535,14608.701437303358
2018-09-18,191.36893030339175,192.2488735282716,189.87720070746187,191.82147216796875,2498100,1.3146305084228516,14556.860583813397,14623.795225847189,14443.389187373685,14591.284086210275
2018-09-19,192.66782916612868,198.0145961233921,192.3493786315053,197.42796325683597,3716500,1.3168463706970215,14631.002784641269,15037.030934639763,14606.819968656831,14992.482619846925
2018-09-20,198.61800141224143,199.88345327338584,197.80509126952632,198.9532165527344,2503000,1.3141123056411743,15114.233430401737,15210.530516709518,15052.37340982165,15139.742295896262
2018-09-21,199.50633595217568,199.8918448782373,196.79943592969755,197.22683715820312,3760300,1.327087163925171,15033.401073829165,15062.450328206805,14829.428034524663,14861.63399959793
2018-09-24,196.7240606322009,197.5621114800694,194.62893351252967,195.1820373535156,2057000,1.30804443359375,15039.55489430255,15103.623883577327,14879.382421115608,14921.667211049413
2018-09-25,196.64024527247452,196.64024527247452,194.62053971307512,194.8468170166016,2003200,1.311733365058899,14990.870134926015,14990.870134926015,14836.897870958426,14854.148122385579
2018-09-26,195.23232878648065,195.26584519342825,191.2767278093364,191.8130798339844,2372700,1.3179919719696045,14812.861757778834,14815.404747998835,14512.738459513745,14553.433094690201
2018-09-27,191.72088784657345,192.62598425807292,190.6733243315473,190.85769653320312,2451500,1.3172800540924072,14554.299767232658,14623.009257571297,14474.775028983438,14488.771460576178
2018-09-28,189.18998222824723,190.57276103645364,187.5557856037375,187.92453002929688,3097800,1.3078734874725342,14465.465049976425,14571.192310407298,14340.514384628219,14368.708581474579
2018-10-01,189.5838621731108,190.73198773262445,188.5614391246237,188.83799743652344,2451300,1.3039000034332275,14539.754710785179,14627.807901711674,14461.342022251161,14482.552108237172
2018-10-02,188.7960474562938,189.67600318722012,187.6982031621708,189.45811462402344,2272700,1.3043591976165771,14474.23744941394,14541.700133966955,14390.070120649822,14524.99548975585
2018-10-03,190.86607959048192,192.5589458747438,189.88556163818936,190.89122009277344,2573900,1.2981956005096436,14702.413065916417,14832.81454652514,14626.883773419382,14704.349638670294
2018-10-04,192.13151511565783,193.9249432537165,188.88826272461208,190.6397857666016,2903600,1.294062852859497,14847.154810997306,14985.743762383689,14596.529241777149,14731.879934992643
2018-10-05,191.07556362230704,191.4191674855735,187.8993570290062,189.15643310546875,1722400,1.3024225234985352,14670.781576246438,14697.16348051077,14426.91243731532,14523.430737159046
2018-10-08,187.9412665026348,190.17048468422735,186.466301708402,188.8547515869141,2522900,1.31271493434906,14316.990047487332,14486.807433064496,14204.63017744714,14386.57751544223
2018-10-09,188.5530839984021,188.6620219240833,186.4914730768871,186.8099365234375,1862900,1.309311866760254,14400.929891894713,14409.250134645647,14243.472301090453,14267.795264521495
2018-10-10,187.0864747703778,187.4216899924775,179.81218680451678,180.0887451171875,3955500,1.3157029151916504,14219.507505091,14244.985538029072,13666.625248628003,13687.645063168009
2018-10-11,179.5104895167428,181.04412410679623,176.786824254178,178.4796905517578,6217400,1.3206725120544434,13592.354491992537,13708.47976726367,13386.12128597783,13514.303426677225
2018-10-12,181.85702028455103,182.6783064730388,177.21422456375598,179.23391723632812,4161300,1.3234164714813232,13741.480796366037,13803.538826184002,13390.661850037048,13543.273874754519
2018-10-15,179.71996230089005,181.9743206326158,178.54669648658287,180.36526489257807,3333800,1.3103927373886108,13714.969350260691,13887.00619596378,13625.433917040473,13764.21432646332
2018-10-16,183.8263957382706,186.0472246106858,181.2703389687496,185.7958068847656,5924200,1.315477967262268,13974.114376149104,14142.93733842472,13779.808060640027,14123.825066522253
2018-10-17,184.81531831066616,191.82979851927416,184.4130575585511,191.31021118164065,4953700,1.318721890449524,14014.730448409147,14546.645498838538,13984.226613216273,14507.244671310273
2018-10-18,190.65654798772212,191.6873468424573,187.6060437314242,188.5195159912109,2995400,1.3104442358016968,14549.00123018842,14627.661491081137,14316.2172495384,14385.924317937835
2018-10-19,188.77931345848933,191.32699498212037,187.88260577650576,190.2040100097656,2759100,1.3024225234985352,14494.475491056082,14690.086475791475,14425.626276165753,14603.86369078172
2018-10-22,190.1788506378198,191.8046711395123,185.6450057970572,185.7120513916016,2736800,1.3065404891967773,14555.909457864269,14680.3465124474,14208.898027430154,14214.0295633526
2018-10-23,181.5133915738304,183.9688866868753,179.61102575974118,183.1643524169922,3318200,1.2965964078903198,13999.22061092003,14188.600675379734,13852.500644513171,14126.550968548281
2018-10-24,182.8124078737529,183.47446240408263,174.64978817130967,175.303466796875,4152700,1.2981280088424683,14082.772009269369,14133.77272151192,13453.972719303982,13504.328202053963
2018-10-25,177.05497605860523,180.75915864087304,176.27558225323898,179.35122680664062,3179700,1.2888258695602417,13737.695699653972,14025.103228456268,13677.222533823417,13915.861796585195
2018-10-26,176.60240296746224,180.01327511725117,175.59674478443264,177.9684295654297,3557900,1.2824623584747314,13770.572040609477,14036.534790100663,13692.155845671354,13877.087962027403
2018-10-29,179.4685930177923,182.87109037355737,177.70869382099147,179.7535400390625,3278200,1.2831040620803833,13987.064519677986,14252.241558417023,13849.905013382966,14009.27215113137
2018-10-30,181.0106250722065,184.66452764048952,180.21446645816172,183.76780700683597,3897400,1.2802459001541138,14138.738897770869,14424.145206655996,14076.550952943322,14354.102363047155
2018-10-31,185.9550774947136,191.91361874543327,185.5444280300924,188.8714904785156,4369600,1.2708903551101685,14631.874161842537,15100.721944561225,14599.562211171891,14861.352100051392
2018-11-01,189.19832483435613,191.8130517610203,188.95529575354223,190.21237182617188,2557600,1.276943564414978,14816.49856006251,15021.263046100083,14797.46646752636,14895.910604578381
2018-11-02,192.75169129481745,194.167999246441,189.6425170825869,192.4918975830078,3699000,1.3003731966018677,14822.797932048717,14931.713430716689,14583.699324021774,14802.819535655397
2018-11-05,191.34375514886764,193.67353523241755,190.1956169151472,191.6789703369141,2565200,1.3005592823028564,14712.420860205752,14891.557645068386,14624.140514254319,14738.195555185657
2018-11-06,191.23478815918665,192.34939710651935,190.2794108882784,191.2431640625,2275600,1.3058068752288818,14644.951852138704,14730.30972308247,14571.788102656927,14645.593287213998
2018-11-07,192.79358770068745,195.0982273839897,190.15372002722967,193.8243865966797,3514300,1.3112518787384033,14703.017080606985,14878.775813209879,14501.692856309386,14781.628895217616
2018-11-08,193.5897021186564,196.1541350877126,193.2544869703028,194.13442993164065,2404800,1.3128528594970703,14745.72727006262,14941.06012480756,14720.193932801809,14787.219186620045
2018-11-09,194.1679970938549,194.1679970938549,186.29870038278227,186.59201049804688,3721700,1.3066771030426025,14859.677011385136,14859.677011385136,14257.439726232675,14279.886749646615
2018-11-12,186.04726573686176,186.3070594222738,171.90935373439805,172.68035888671875,11019400,1.2938451766967773,14379.407141420552,14399.486335600128,13286.70205915111,13346.292276451228
2018-11-13,171.29754457125972,175.64702941019752,169.56278640747198,171.84228515625,6984800,1.2857933044433594,13322.32357870437,13660.596054063135,13187.40623562964,13364.689687091137
2018-11-14,172.83960523910113,173.76145346594996,166.30280630377388,169.69691467285156,5742500,1.3014055490493774,13280.99494929565,13351.829765354501,12778.707331104524,13039.510611953983
2018-11-15,169.11870104441925,171.38143627635827,167.04033806278173,170.74452209472656,4260000,1.2986170053482056,13022.985248762587,13197.227170947512,12862.940911357637,13148.181595615548
2018-11-16,170.06567531122354,171.58255829166092,167.9035150858139,169.38685607910156,2829600,1.276650071144104,13321.244337441243,13440.0617812125,13151.88232710806,13268.072427027791
2018-11-19,169.14377169475472,169.53765654066285,165.3893081974663,166.118408203125,3419100,1.2833181619644165,13180.189972207741,13210.882660707153,12887.630916428358,12944.444575524609
2018-11-20,163.5037096817993,164.16576416086426,159.52296854037425,160.35263061523438,5513800,1.2859750986099243,12714.376029406694,12765.85871206366,12404.825623203023,12469.341808295329
2018-11-21,160.9811400780517,163.621007196276,160.22689963720913,161.40855407714844,4111700,1.2789195775985718,12587.27623673774,12793.69008515041,12528.30142283593,12620.696164509844
2018-11-23,160.57889016149588,160.7967787331926,158.34129639636492,158.4753875732422,1862600,1.287597894668579,12471.198564892657,12488.120662435602,12297.418087742457,12307.832144602327
2018-11-26,160.2101712476785,163.612655478246,159.80791044083773,162.86679077148438,3143300,1.2812299728393555,12504.403943394644,12769.967839236639,12473.0074872261,12711.753098513025
2018-11-27,162.0790005082792,163.1014233868253,160.53699028699745,162.28851318359375,2345400,1.2812299728393555,12650.266068088711,12730.066174253907,12529.912169571611,12666.618532498378
2018-11-28,163.28580490209302,166.311168618155,161.09849193521563,166.2273712158203,3762900,1.2743724584579468,12813.036237433824,13050.436512053915,12641.397800620449,13043.86093034085
2018-11-29,164.93997878159433,166.14323843091742,162.5334466435221,163.9554901123047,2665700,1.2824130058288574,12861.68948941603,12955.517269066891,12674.032928921555,12784.921033012757
2018-11-30,160.35409362909596,161.09455610031378,158.29254421554987,160.45506286621094,6220000,1.2784454822540283,12542.89649851752,12600.815469760028,12381.642112455524,12550.794311800646
2018-12-03,163.24025230709253,164.6370534237597,161.23761005161612,161.24603271484375,4017000,1.2753475904464722,12799.667598850097,12909.190769406148,12642.640426769478,12643.300847762996
2018-12-04,160.4550596189618,160.80846478113688,154.51446328632517,155.08663940429688,5797500,1.2725884914398193,12608.558123720051,12636.328700348105,12141.746080974373,12186.707678680192
2018-12-06,152.5791525348608,155.56628346556053,151.58624121945203,154.9015350341797,5275500,1.2727665901184082,11987.991649016025,12222.687543290076,11909.979598486289,12170.458922854728
2018-12-07,154.69958746601228,156.71904927390602,150.61857621492177,151.18234252929688,3921200,1.2778573036193848,12106.1707772725,12264.20577869041,11786.807164486354,11830.925260675833
2018-12-10,150.28196577964644,151.32534855456882,146.98349263479622,150.47549438476562,4528300,1.2721028327941895,11813.66489449208,11895.6852114055,11554.371930132816,11828.878177579745
2018-12-11,153.2691312582102,155.18762395039886,147.63145491399175,148.7674102783203,4713900,1.2561235427856445,12201.756120127535,12354.4873306209,11752.940685005919,11843.374095863694
2018-12-12,150.19783007408068,151.4599967133587,148.4981087381479,148.6832275390625,3677300,1.2492972612380981,12022.585395346923,12123.615524719587,11886.531200026882,11901.349034553405
2018-12-13,149.63412487116165,150.35776788636483,147.35380389692165,148.02696228027344,4008600,1.2628655433654785,11848.777223931029,11906.078891476309,11668.210022124013,11721.514064418006
2018-12-14,146.6974499081414,148.31302201511042,145.03980300287836,145.3763885498047,5078300,1.2655024528503418,11592.032048434901,11719.694551445482,11461.044794990275,11487.641783891264
2018-12-17,142.5407011570072,144.2488325606344,140.1257594152083,141.37109375,8395800,1.2585581541061401,11325.71432571133,11461.435619006703,11133.832708328775,11232.781996506576
2018-12-18,142.8604838268739,145.58676934744835,142.473426444961,144.30776977539062,5150800,1.2615749835968018,11323.978810959998,11540.080553307622,11293.298321338258,11438.699375915277
2018-12-19,144.3834514371594,147.1265685869081,141.02609626765872,142.4144744873047,5316100,1.2655024528503418,11409.179896250598,11625.941005134287,11143.881700902279,11253.59134362315
2018-12-20,141.69083963400772,144.4339440971593,140.6558664882571,141.70767211914062,6488200,1.262785792350769,11220.49681682273,11437.723244279208,11138.537299062877,11221.829781228478
2018-12-21,141.57304524238023,142.73424282757557,134.14308834063755,134.67320251464844,8960000,1.2669775485992432,11174.076872861864,11265.727872240595,10587.645257719421,10629.486107590596
2018-12-24,133.7896831461582,134.63112769424723,129.8433061613126,131.5598602294922,3783500,1.2648941278457642,10577.144774481234,10643.667697591176,10265.15210268611,10400.85943426358
2018-12-26,132.10678277694427,137.24800904063034,127.64712448474228,137.09654235839844,7054700,1.2688745260238647,10411.335405314901,10816.515441499927,10059.869740212715,10804.578352439867
2018-12-27,134.73208586667107,139.18333435058594,133.8065046434404,139.18333435058594,4973000,1.2648781538009644,10651.78376761434,11003.695014601954,10578.608243122177,11003.695014601954
2018-12-28,139.37688072207138,139.63772648944314,136.33085542913565,137.1807098388672,4110500,1.2646220922470093,11021.22773092026,11041.854111636754,10780.363261478367,10847.56550434141
2018-12-31,137.81179651845082,140.62221842051727,137.81179651845082,140.56332397460938,4550000,1.269357681274414,10856.813532659293,11078.218574242597,10856.813532659293,11073.578869707246
2019-01-02,138.27457270959331,144.93881143939973,137.44996071560087,144.75369262695312,3999400,1.2754288911819458,10841.417633362033,11363.927259408736,10776.763931403919,11349.413019240077
2019-01-03,143.60093926234674,144.53494328676862,141.60670681919285,142.63327026367188,4060200,1.2521913051605225,11467.971281268246,11542.560844426262,11308.711874583718,11390.693233202674
2019-01-04,145.5614872412511,148.0942305390733,143.9711576655164,147.29486083984375,3788300,1.2628813982009888,11526.140732503278,11726.693476524228,11400.212076178133,11663.396186662467
2019-01-07,147.4462899808662,149.63405042849567,144.9556218928241,148.1110382080078,3152100,1.2734960317611694,11578.072196813737,11749.863894083805,11382.49498055829,11630.270885350074
2019-01-08,149.5919708153027,149.86123916176413,145.48571840771615,147.5640869140625,2692700,1.278608798980713,11699.588719751897,11720.648198356776,11378.438700225988,11540.98791058675
2019-01-09,148.17838521216834,149.51627891844907,147.17706417835495,148.48971557617188,3321400,1.2737879753112793,11632.89245024923,11737.925134825624,11554.282740217332,11657.333752101484
2019-01-10,147.80819590851422,149.83608094781152,147.67356165972623,148.0942840576172,2808700,1.279967188835144,11547.811318744007,11706.243898655903,11537.292748427331,11570.16252833738
2019-01-11,147.33690767304154,148.96929889205256,145.08183018672,148.87673950195312,3182700,1.2753963470458984,11552.24476017252,11680.235656711626,11375.43090214754,11672.978352712455
2019-01-14,146.84893048518876,151.07297357284662,146.49552525710345,150.38299560546875,3361700,1.2849836349487305,11428.077875174486,11756.801368048105,11400.575172535055,11703.10590075872
2019-01-15,150.04638372087595,151.4515944419317,148.43079904336267,151.38427734375,2911800,1.2874983549118042,11654.10294688527,11763.24566661729,11528.62048150193,11758.017147456478
2019-01-16,157.35014577067605,166.73224825706092,156.17212842474092,165.8319091796875,15194200,1.2872166633605957,12224.06066123125,12952.928050338112,12132.544028525483,12882.983409082237
2019-01-17,164.8810579704746,168.12062464272165,162.25575506771173,167.523193359375,8177000,1.2885768413543701,12795.59376506991,13047.000322155176,12591.857145063337,13000.636670087775
2019-01-18,168.60869765292233,170.8132787179061,165.68888343783152,170.42620849609375,5650900,1.2983977794647217,12985.904652612166,13155.697076771472,12761.026401796415,13125.885702481235
2019-01-22,168.70964139683073,169.52584368161533,164.85582360873065,166.33676147460938,4648500,1.2891747951507568,13086.638214727252,13149.95020995511,12787.701421780614,12902.57629146076
2019-01-23,166.22735125129677,166.6817255983517,163.68618545416308,165.68040466308594,3410700,1.2957731485366821,12828.42999478863,12863.495881712439,12632.318059608971,12786.219937509044
2019-01-24,165.10824499744453,168.01963585107902,164.72117486829788,166.43772888183594,2631800,1.308215618133545,12620.874014102314,12843.420726836735,12591.286373977753,12722.499760344986
2019-01-25,168.14588811215344,169.29025336444408,167.80089271975535,168.91160583496094,3275000,1.3121638298034668,12814.39743216653,12901.60950327369,12788.105334749871,12872.752776630048
2019-01-28,166.59764891943937,168.34785552173074,165.84876361340667,168.0533447265625,2369600,1.3208470344543457,12612.940376420076,12745.446757298192,12556.243023395995,12723.149641319891
2019-01-29,167.44748876100763,169.94658044956975,166.49665217852206,168.70965576171875,2694100,1.3160146474838257,12723.831689955838,12913.730160564834,12651.58047418833,12819.739969025857
2019-01-30,169.0462330127249,171.05728530738529,167.99442715067605,170.37571716308594,2773300,1.30804443359375,12923.58490821933,13077.32986083804,12843.174347611759,13025.22397461621
2019-01-31,168.37306989303715,170.2663202463797,165.72251169470215,166.61444091796875,5604500,1.3117163181304932,12836.088685166982,12980.422511557194,12634.02074092484,12702.017853634225
2019-02-01,166.60597098935634,167.9859391243782,165.37745666503906,165.37745666503906,3174200,1.3109424114227295,12708.870316320264,12814.13566764292,12615.158013353119,12615.158013353119
2019-02-04,164.7548503203315,166.40407449692748,163.90498308251725,166.37042236328125,2400200,1.3077365159988403,12598.474410152328,12724.587289652089,12533.486759550162,12722.013978191062
2019-02-05,166.7070003377092,167.72515395485405,165.6467847620306,166.61444091796875,2601000,1.3031013011932373,12793.095992234617,12871.229105616712,12711.735043956247,12785.992981927155
2019-02-06,165.9160158127755,167.4979355381591,164.78007347247404,165.44480895996094,2063100,1.2957228422164917,12804.900122695679,12926.98793915167,12717.231502270784,12768.533792068329
2019-02-07,164.31728787015098,164.8221597272358,160.75798107991952,162.45770263671875,2948800,1.2934435606002808,12703.862222940144,12742.895380046011,12428.681542572489,12560.092112664192
2019-02-08,161.32179892920016,162.07909411740027,158.37674211375491,161.27972412109375,2757500,1.2949174642562866,12458.075775652043,12516.55789587235,12230.643765756597,12454.826548634275
2019-02-11,162.2978637263233,162.66810146204915,160.77485081843736,160.99362182617188,2056500,1.293677806854248,12545.462468817675,12574.081475324878,12427.73509498343,12444.645874976364
2019-02-12,162.44082971285266,164.62857725694346,162.3987549286656,163.6525115966797,2392900,1.2864052057266235,12627.500960795496,12797.567712263208,12624.23023521076,12721.692268358078
2019-02-13,164.85578908069047,167.262320633351,163.74508912376714,163.82081604003906,2757300,1.2892080545425415,12787.368842431517,12974.036273198886,12701.215179878001,12707.089089523934
2019-02-14,161.73407082283524,163.34964290019423,159.40326570586402,162.00332641601562,2865000,1.2856775522232056,12579.67602710051,12705.335223262513,12398.3860051241,12600.618727135585
2019-02-15,162.57551249097307,167.35491152892067,162.48295307385803,167.02674865722656,3065400,1.2798361778259277,12702.837699676684,13076.276044423776,12695.60556960264,13050.635038380991
2019-02-19,165.4784856495222,167.49794740159604,164.59496631820565,167.16978454589844,2558200,1.2924071550369263,12803.897363504942,12960.153210913657,12735.535057719708,12934.76161087348
2019-02-20,167.22029521368398,167.69992483718835,166.19373169195612,167.1109161376953,2266000,1.3061310052871704,12802.719982665014,12839.441385155487,12724.12422790746,12794.345702018898
2019-02-21,167.42227622169884,167.8261661387127,164.1238140806561,165.22610473632812,2785900,1.30451238155365,12834.088705413593,12865.049693038165,12581.238507310118,12665.736797342384
2019-02-22,165.4279827638933,166.39563873835974,164.24995283908282,164.92311096191406,2626600,1.3041380643844604,12684.851955607444,12759.050846115495,12594.521801386656,12646.138891725092
2019-02-25,166.6060202818617,169.551076195935,166.362007012614,167.1529541015625,3032200,1.306557536125183,12751.525721244545,12976.931478943312,12732.849676562166,12793.38639745501
2019-02-26,167.001542460253,168.76015892630463,165.38597006259798,167.3633575439453,2499800,1.31271493434906,12721.84372177228,12855.811609242355,12598.772645533161,12749.40607169494
2019-02-27,167.70133536352506,168.87566661691812,166.5354478992639,167.3634033203125,1804200,1.3258028030395508,12649.040640059822,12737.615747210055,12561.1024141345,12623.55177833485
2019-02-28,167.31261265463047,167.61675648778117,165.59758331225345,166.18052673339844,2964300,1.3318239450454712,12562.667406382912,12585.504045886366,12433.894429387183,12477.664735763909
2019-03-01,167.91245038680103,170.18507882193566,166.797252075666,167.44778442382812,2580500,1.3264886140823364,12658.416258096773,12829.742902819376,12574.344800619052,12623.386484147724
2019-03-04,167.96315648889325,169.6697421631051,164.02618684979342,165.57225036621094,2683600,1.3239772319793701,12686.257167563619,12815.155583109668,12388.897851707863,12505.672028715886
2019-03-05,165.4624358652592,165.74122259157178,163.05462918962752,165.5891571044922,2338600,1.3178529739379883,12555.454905627816,12576.609520886564,12372.748130042924,12565.070639836338
2019-03-06,165.50463515598173,166.9070767538114,164.34720509421558,164.52462768554688,2247500,1.3156682252883911,12579.511458498859,12686.106842568595,12491.538667219169,12505.024026819792
2019-03-07,163.16446491418984,163.43480785838588,160.5876922566803,162.86032104492188,3567800,1.3182177543640137,12377.656451221903,12398.164667205268,12182.182475167565,12354.584097032994
2019-03-08,160.8580640846579,165.39487869014442,160.27513338089238,164.94711303710938,3162700,1.3092432022094727,12286.339452684924,12632.861366858717,12241.815203654509,12598.661024838273
2019-03-11,166.62830933538055,168.09834016152695,165.36104538254676,165.56381225585938,2669000,1.2988362312316895,12829.046905887939,12942.227520256261,12731.477718767861,12747.08914601611
2019-03-12,165.58917440043507,166.77194906107025,165.32727521781422,166.12142944335938,1977400,1.3248542547225952,12498.67099042581,12587.946822572556,12478.90283995286,12538.845601408642
2019-03-13,167.06765453111385,168.0645627925888,166.02850155370174,166.64523315429688,1904500,1.3066771030426025,12785.687768010643,12861.981158256298,12706.16138961215,12753.359859621234
2019-03-14,166.7043334650739,167.70124145822314,166.18052233274014,166.8310546875,1482300,1.3285682201385498,12547.668304732528,12622.704571447179,12508.241565149738,12557.206484293447
2019-03-15,166.56918542797465,167.99697161588102,166.30728626049384,167.49850463867188,2985200,1.3258554935455322,12563.147812024687,12670.835730870824,12543.39459089646,12633.239855631346
2019-03-18,168.2757282032998,172.22115414550458,168.05607378731688,171.05526733398438,3354900,1.329716444015503,12655.008438877207,12951.720264918125,12638.489547426965,12864.040909160183
2019-03-19,173.09135020656987,174.41774634061068,169.6274905062608,169.91473388671875,3284900,1.326435923576355,13049.35633376685,13149.353334033893,12788.215962133234,12809.871239659455
2019-03-20,169.24729855842264,169.24729855842264,163.8740997749489,164.1697998046875,5033500,1.3271400928497314,12752.783181691284,12752.783181691284,12347.912677633492,12370.193673538277
2019-03-21,162.97012314106254,165.2089636388575,161.99855936267227,164.38946533203125,4031500,1.320533037185669,12341.237860158792,12510.778525537857,12267.664253817153,12448.720380550225
2019-03-22,162.7758230772723,163.65446660514843,158.64454325653224,159.64146423339844,5703100,1.313232183456421,12395.052841977045,12461.95978645685,12080.464159733016,12156.377695010708
2019-03-25,159.95402272486717,161.74508459499702,157.5631170426295,159.26124572753906,3751000,1.3206549882888794,12111.719119928006,12247.338330547916,11930.679733908233,12059.26204344161
2019-03-26,160.5454433748223,162.5561729522568,159.41335734856733,161.10304260253906,2910100,1.3215277194976807,12148.47339228317,12300.625295551516,12062.808444847538,12190.666924775149
2019-03-27,161.02703776003807,161.8803243202776,159.4556296859265,160.54547119140625,2343800,1.321143627166748,12188.45812437273,12253.045088476658,12069.515108503856,12152.007388909202
2019-03-28,161.1452936080792,162.13375797331884,159.9202614380674,161.5170135498047,2343400,1.3152703046798706,12251.876518059235,12327.02946279786,12158.73732335127,12280.138384871163
2019-03-29,162.7842243616053,163.14751329018728,161.48317276240252,162.2012939453125,2632800,1.30565345287323,12467.643998748767,12495.46829835771,12367.99645472859,12422.997357252127
2019-04-01,163.8994668110489,167.35487000197372,163.56997870785295,166.21434020996094,3562600,1.3022867441177368,12585.512948769685,12850.84646356836,12560.212214911784,12763.267457088841
2019-04-02,165.79193291296193,167.0760845106437,165.08225526118628,166.85643005371094,2247000,1.3068991899490356,12685.90065614986,12784.160078724899,12631.59825415638,12767.352779537474
2019-04-03,168.33490166528645,169.88940908111235,167.73505769860878,169.69509887695312,3227900,1.312766671180725,12822.910983402948,12941.325584409518,12777.217869779171,12926.524004781933
2019-04-04,169.64440501401756,172.5928975828283,169.39094964327873,170.85252380371094,2582300,1.3176966905593872,12874.31365878291,13098.074755698093,12855.07893105272,12965.997792039743
2019-04-05,171.82407530544376,173.61513731703477,170.70887699472,170.97923278808594,2447100,1.3077024221420288,13139.386483967377,13276.348990212278,13054.107272746136,13074.781379392138
2019-04-08,171.32566687816114,172.03534463224773,169.96546944547256,171.1144561767578,1891500,1.3038150072097778,13140.335548430732,13194.76641095051,13036.011129309383,13124.136110609
2019-04-09,170.00764874027578,170.3117925489046,168.00537618671214,169.49229431152344,2400900,1.306335687637329,13014.085915983494,13037.368125258425,12860.81194723929,12974.63553323506
2019-04-10,170.48920661265495,171.64663662782004,169.196598713468,171.48611450195312,1907100,1.305721640586853,13057.086695448277,13145.729632747294,12958.091024471576,13133.435884916418
2019-04-11,172.54224131540715,173.57295056199834,170.29496926632888,171.35946655273438,2802100,1.3099292516708374,13171.874824180508,13250.559168795036,13000.318074362773,13081.581797960647
2019-04-12,174.88242208612846,177.391605695188,174.350167111093,175.5920867919922,5096600,1.3056023120880127,13394.769637505004,13586.95554172929,13354.002631341831,13449.124987468254
2019-04-15,172.4408228995637,173.8179204571649,168.715063954827,168.89248657226562,6617200,1.3083868026733398,13179.651655552228,13284.903218376576,12894.891908883727,12908.452319083228
2019-04-16,168.64750411086345,171.4523882034143,168.3264726348234,170.52305603027344,4852600,1.3102725744247437,12871.177143038783,13085.24589081688,12846.676021493064,13014.319261405524
2019-04-17,170.62440730522547,176.1496719176768,170.47232894255336,175.64276123046875,4195300,1.3046314716339111,13078.360519046555,13501.872041847053,13066.703712815928,13463.017338566502
2019-04-18,174.95844061412436,175.60897298728725,173.31944400425323,173.96153259277344,2874300,1.3039339780807495,13417.73767347058,13467.627651345105,13292.041385359158,13341.283800950268
2019-04-22,173.29412152159355,173.6911986013258,172.46617932804108,172.8548126220703,1591400,1.299376368522644,13336.7148825882,13367.27393301819,13272.996454763179,13302.905671480048
2019-04-23,172.5591044681403,173.35325859047535,171.28339675772943,172.46617126464844,2120900,1.2981449365615845,13292.745640960564,13353.92171614047,13194.474047821677,13285.586717417096
2019-04-24,171.50304685020586,171.94236860932986,168.7404079539485,169.4247283935547,4606100,1.2938116788864136,13255.64219653813,13289.59781514115,13042.115070346537,13095.006882251897
2019-04-25,168.71507621210313,171.13132672945886,168.20817835210545,170.15130615234375,2075300,1.2904890775680542,13073.731435995507,13260.966691167847,13034.451920282521,13185.024895599767
2019-04-26,170.43009029345689,171.60442096565694,169.2388720513509,171.5706329345703,1543100,1.289607048034668,13215.660580731821,13306.721704660209,13123.28994396139,13304.10167934799
2019-04-29,171.9255043744394,175.72729685446387,171.73119414612927,174.8148651123047,2997000,1.2920230627059937,13306.690053532111,13600.941184936999,13291.650830632856,13530.320793668732
2019-04-30,174.83175968883114,175.71884714921447,172.47464121149045,173.9700164794922,1833000,1.2932428121566772,13518.865757101936,13587.459794667393,13336.601571661782,13452.231463739665
2019-05-01,174.37556193897078,176.0737043456971,172.37328847689182,172.9646759033203,1981800,1.3039849996566772,13372.512872838388,13502.740015571888,13218.962528117694,13264.314846325664
2019-05-02,172.7111425178269,174.22341778068636,171.60440092830328,173.18426513671875,1514700,1.3053126335144043,13231.400515355619,13347.255922254413,13146.613042905909,13267.646438879552
2019-05-03,174.04601105204662,176.3608843060725,173.75876767570546,175.3217315673828,1897600,1.3033220767974854,13354.029226583145,13531.642519201805,13331.989902500876,13451.911441428374
2019-05-06,171.33403360409022,174.86546848969215,170.41315852334958,174.4008026123047,1927800,1.3150626420974731,13028.583439251168,13297.120828464005,12958.558251761096,13261.786703494388
2019-05-07,171.79029123211083,172.3478904421532,169.82180642667635,171.19046020507812,2839500,1.3099292516708374,13114.470954289274,13157.038078378697,12964.196822848691,13068.679853260908
2019-05-08,170.1513406352937,171.6720603060283,169.64444267256786,169.7711639404297,1817600,1.3068820238113403,13019.640452247626,13136.002881527938,12980.853633430763,12990.550091531262
2019-05-09,168.55453655718952,170.84406559482932,167.20279617949436,170.34561157226562,2333400,1.3012022972106934,12953.75338012463,13129.70826758123,12849.86942752227,13091.401078635115
2019-05-10,169.7964820946453,170.74271468392317,168.1152533734663,170.70046997070312,2089400,1.3009653091430664,13051.576464132519,13124.309578738099,12922.34713654296,13121.06239659395
2019-05-13,167.19434626630533,167.19434626630533,163.89946526541777,164.71896362304688,3605600,1.3010668754577637,12850.557447900605,12850.557447900605,12597.312894293143,12660.299538030482
2019-05-14,164.73585760779466,167.38866276585094,164.659811979014,165.82569885253906,2463300,1.2963106632232666,12708.053885646532,12912.696586915385,12702.187573585843,12792.126421317458
2019-05-15,164.44015994093178,166.9324429840646,163.40945095773384,165.9270782470703,2271100,1.2906556129455566,12740.823988332844,12933.926084518276,12660.964653831858,12856.0304222742
2019-05-16,166.12142335197237,168.96853911078054,166.11296667459987,168.24197387695312,2008100,1.2847524881362915,12930.227797647945,13151.835911669838,12929.56956367287,13095.282977113438
2019-05-17,165.8425779942214,168.19968279282315,165.8425779942214,166.7972412109375,1928300,1.2797706127166748,12958.77373228423,13142.955551680609,12958.77373228423,13033.37016442839
2019-05-20,166.51001515026434,167.09295857259465,165.22586375548306,166.63674926757812,2483400,1.2731555700302124,13078.528584398606,13124.315873560485,12977.664917380222,13088.482915220155
2019-05-21,167.83642194632316,168.39402111615058,167.27882277649573,168.2165985107422,2327600,1.2729123830795288,13185.229728088607,13229.034720265558,13141.424735911656,13215.0963999407
2019-05-22,166.805689651235,167.6843200968435,165.1329052673477,165.18359375,2427200,1.2729123830795288,13104.255396407229,13173.28060641287,12972.841451023149,12976.823538347153
2019-05-23,163.05463516018588,163.05463516018588,160.14837431545195,162.1844482421875,3184100,1.2664159536361694,12875.28277672267,12875.28277672267,12645.795708402866,12806.570209141704
2019-05-24,162.96167801044172,163.95859891713303,161.9394128586991,163.0546112060547,1637200,1.2664639949798584,12867.454476116663,12946.17135323619,12786.736417348724,12874.792481459204
2019-05-28,162.2097613075648,163.3165029288824,160.00472184913914,160.04696655273438,3040000,1.2682307958602905,12790.239902472293,12877.50648083722,12616.372538138983,12619.703533075639
2019-05-29,159.3256350404382,160.0978970836697,156.93243463240796,159.58871459960938,2815800,1.2659670114517212,12585.291212109456,12646.292963043388,12396.249919059817,12606.072129526057
2019-05-30,159.62268717870808,160.70895890349342,157.85749238858676,159.01165771484375,1919300,1.2629451751708984,12638.924500987017,12724.935497041406,12499.156376065643,12590.543187539928
2019-05-31,156.80517687189993,156.90701080132175,154.71749067308818,154.87025451660156,2640100,1.2609704732894897,12435.27744649268,12443.353284236618,12269.715584178362,12281.830367731927
2019-06-03,154.19983073707098,155.7189227529255,153.37663851605083,155.46432495117188,2857800,1.2639508247375488,12199.828325527584,12320.014331669867,12134.699824884286,12299.87131686496
2019-06-04,158.00172211453682,161.23509095172042,157.602868347895,161.14173889160156,2420800,1.2664159536361694,12476.289615657304,12731.606111623725,12444.794926610104,12724.234753117791
2019-06-05,161.32844045589405,161.3793574061745,158.70610097205676,159.919677734375,1967800,1.2702767848968506,12700.258902156847,12704.267237260334,12493.820469602935,12589.356873695904
2019-06-06,159.59719816978347,161.8715880612166,158.9607103457844,161.08233642578125,1653500,1.2688584327697754,12578.014540314061,12757.261478561411,12527.852299392536,12695.05976913095
2019-06-07,161.14174817172258,161.76125936125584,159.98758306622918,161.08233642578125,1838600,1.269841194152832,12689.913424900935,12738.69993398458,12599.022917425833,12685.234749629184
2019-06-10,162.43164536347314,167.18409172944055,162.43164536347314,164.73997497558594,2372000,1.2722970247268677,12766.802264458915,13140.335038143397,12766.802264458915,12948.232352500529
2019-06-11,165.74145798516625,166.43734471500193,164.22236622169797,165.25772094726562,1632200,1.2691160440444946,13059.598352958448,13114.430748553888,12939.90151588852,13021.482292557934
2019-06-12,164.3072069747964,164.68061522840748,161.0993094496868,161.43028259277344,2059400,1.2724426984786987,12912.739188274494,12942.08496974328,12660.633727734317,12686.644576276443
2019-06-13,161.59153035046828,163.15304402286242,161.3029923141433,162.47412109375,1411400,1.2693415880203247,12730.342397627395,12853.360006687974,12707.61108250717,12799.873779220134
2019-06-14,162.33833428681274,163.08515080547065,160.65801006921032,162.65234375,1403900,1.268005609512329,12802.651113605683,12861.548054838076,12670.134017072596,12827.415157300098
2019-06-17,162.95784828650883,163.98470798642225,161.87157684477086,161.9479522705078,1155600,1.2596044540405273,12937.22388514718,13018.746278674726,12850.984793323278,12857.048238517677
2019-06-18,161.8121376981408,167.29442387820873,161.8121376981408,165.46981811523438,2363000,1.2541544437408447,12902.09020951946,13339.220278103008,12902.09020951946,13193.735344243347
2019-06-19,165.78386533673944,167.70181063122038,165.30861022231346,166.02996826171875,2196800,1.2566603422164917,13192.416420520649,13345.038830096979,13154.597520817986,13212.000306214475
2019-06-20,167.60849100554017,168.1940619827262,164.30724073864678,166.08091735839844,2749300,1.2656625509262085,13242.747119513391,13289.01308327739,12981.915331097312,13122.053523418295
2019-06-21,165.7753961624931,168.32134782529147,164.61274904695006,166.2845916748047,3365500,1.2707933187484741,13045.032084820454,13245.375573036594,12953.54221794831,13085.101190063551
2019-06-24,166.78526548754698,169.1784658801997,166.36094027886767,167.5999755859375,2069800,1.2750873565673828,13080.301096902384,13267.990228970586,13047.022968427984,13144.195550423103
2019-06-25,167.6084262433742,167.62540287438847,164.64663217608327,166.38636779785156,1828300,1.2739664316177368,13156.424069238454,13157.756649955885,12923.938032418011,13060.498586808686
2019-06-26,166.75981986867728,167.9224668863015,166.43732854141504,167.192626953125,1649900,1.2690677642822266,13140.340063951995,13231.954322098549,13114.92839277582,13174.444396015973
2019-06-27,167.66784658880738,169.399087509299,166.98042896586304,169.15298461914062,2239200,1.269841194152832,13203.843705878995,13340.178936493921,13149.709564845483,13320.798332738777
2019-06-28,172.70039032965695,174.68622954795512,172.22514808418867,173.6339111328125,4854900,1.267748475074768,13622.60682817793,13779.24982616545,13585.119719748142,13696.242949341517
2019-07-01,176.51927976686494,178.08928815608073,174.60133456194308,175.55181884765625,2465700,1.2694543600082397,13905.130056484992,14028.80590011324,13754.045837521073,13828.919288324536
2019-07-02,174.31283479000857,175.0851099736754,173.26051629298482,174.8050537109375,1621400,1.2644623517990112,13785.529837405229,13846.605217195549,13702.307233305823,13824.456968784712
2019-07-03,175.9252496805858,176.01010696020631,174.1685369454543,174.85594177246094,978800,1.25982666015625,13964.242482276622,13970.978113638002,13824.80165357455,13879.365098590184
2019-07-05,175.5518269826024,177.16425760621004,174.99171459569027,176.43441772460938,1511400,1.2583048343658447,13951.454543292468,14079.597627509438,13906.941292479567,14021.595793481003
2019-07-08,175.12752536810902,175.882823828214,173.72725716153246,174.60984802246094,1853900,1.2525520324707031,13981.656715902156,14041.957481101914,13869.863499311028,13940.3269082592
2019-07-09,172.91251845658348,176.4683656933088,172.7342961754175,176.3240966796875,1812100,1.2516427040100098,13814.846513514343,14098.940946001594,13800.607443483017,14087.414572447935
2019-07-10,175.8233684324997,177.35943640097514,174.52493446887578,174.7965087890625,1779800,1.2458575963974,14112.637667492785,14235.931691859392,14008.417573047118,14030.21575615986
2019-07-11,174.99171667093916,180.41459241909692,174.8219891742378,179.36227416992188,3691600,1.2508130073547363,13990.238000563957,14423.786078195979,13976.668626428625,14339.655337390803
2019-07-12,179.91387321611109,181.7724195443476,178.88700060050095,181.5602569580078,2626000,1.2523481845855713,14366.122411527942,14514.527332069392,14284.126635253475,14497.586149980325
2019-07-15,181.7045800946365,182.12042354952243,178.03840329478936,179.5574951171875,2600200,1.2571974992752075,14453.145205856026,14486.222224791052,14161.530181012216,14282.361778535591
2019-07-16,182.29012418795065,184.43720884866295,180.380660623725,182.90115356445312,5283700,1.251799464225769,14562.246541677192,14733.76639945571,14409.709045153604,14611.058623321625
2019-07-17,181.4669193029013,183.1217850178029,180.8983250803134,181.0171356201172,2583500,1.2412029504776,14620.245563634455,14753.573132205318,14574.435632037927,14584.007840979104
2019-07-18,180.51645018869004,183.16423555554564,179.70174002614593,182.0525054931641,2858100,1.2434717416763306,14517.133292095155,14730.068196694281,14451.61429916285,14640.662862811678
2019-07-19,181.6281520805765,183.1132901975554,181.05955789828695,181.20382690429688,1822300,1.2541857957839966,14481.758021110423,14600.17254326266,14436.422299385546,14447.9253004955
2019-07-22,181.10201057758636,182.3410459988637,180.1769846452522,181.6112060546875,1907100,1.2512825727462769,14473.310387445832,14572.33161960109,14399.384165465139,14514.004271320806
2019-07-23,182.417365153838,186.7030514241305,182.417365153838,186.2193145751953,3330600,1.2474894523620605,14622.758116987652,14966.303007261295,14622.758116987652,14927.526178485767
2019-07-24,186.06661033933295,188.47677449881957,185.54045120646177,188.4258575439453,3180000,1.243904948234558,14958.265951382575,15152.02385570696,14915.966969163881,15147.930540140806
2019-07-25,188.2051875355784,188.2051875355784,185.2009581121256,186.68609619140625,2776700,1.2485953569412231,15073.353147543225,15073.353147543225,14832.744418161712,14951.68912438895
2019-07-26,187.0849743375084,188.60406577468925,187.0170807529449,188.51919555664065,2304500,1.2453454732894897,15022.73693124985,15144.718459248523,15017.28514409362,15137.903465347721
2019-07-29,187.55174649135128,188.5107256285243,186.8728235521857,186.97467041015625,1372800,1.2376697063446045,15153.618572864321,15231.101210781131,15098.763635744566,15106.992556388615
2019-07-30,185.42161174450024,188.39188784312964,184.4371742725328,187.89117431640625,1644600,1.2217471599578857,15176.75815599128,15419.875242404789,15096.181952973839,15378.891842309087
2019-07-31,187.7554333191581,188.38342637492264,185.8629334608653,186.8134307861328,1991100,1.2161602973937988,15438.378782921405,15490.016141673397,15282.7660843036,15360.921680017786
2019-08-01,186.15147306656317,186.6606555441765,178.8615561853839,179.57443237304688,3070100,1.215376853942871,15316.35825239381,15358.253280751595,14716.551134335763,14775.205878775754
2019-08-02,179.55748446804606,179.55748446804606,174.23644190719972,177.6819610595703,2503000,1.2124298810958862,14809.721144924964,14809.721144924964,14370.846893818847,14655.029856156949
2019-08-05,174.66924817586005,174.66924817586005,169.37366451383406,171.15582275390625,2794200,1.215214490890503,14373.532366937405,14373.532366937405,13937.75878937371,14084.41259028142
2019-08-06,172.75125368255073,174.88137423161567,170.485358926472,174.8304443359375,2349400,1.2158203125,14208.617170355978,14383.81744684132,14022.24960166324,14379.628514056225
2019-08-07,170.6721080508284,174.78806828768492,168.92389003661864,174.6013641357422,2454200,1.2169743776321411,14024.297568442154,14362.510131706216,13880.644748272576,14347.168465080003
2019-08-08,175.81489278596337,176.34954665430962,172.73428784835193,175.67062377929688,2342200,1.2143291234970093,14478.355940245749,14522.384684842316,14224.668132055827,14466.475387941193
2019-08-09,174.49951329790224,176.77390339284656,173.00589306571217,175.58578491210938,1790100,1.2143733501434326,14369.511096179085,14556.80029308675,14246.51595370386,14458.96230276879
2019-08-12,172.51368563869448,173.25200748567872,170.13746146927792,171.0200653076172,1479300,1.2021976709365845,14349.860244222227,14411.27459103335,14152.203550413686,14225.6194170117
2019-08-13,171.01155169209156,175.33119242956082,169.9252801255261,173.21804809570312,2115900,1.207875370979309,14158.046086612438,14515.669136246031,14068.113665382196,14340.721920280825
2019-08-14,169.56036452186498,169.6537165904533,165.53775667911967,165.9620819091797,3025100,1.2064181566238403,14054.858474310387,14062.596427198096,13721.42451356807,13756.596831535126
2019-08-15,166.25912441841754,167.15869188655668,164.392095887456,166.48825073242188,1981900,1.2060399055480957,13785.54089740999,13860.129430011679,13630.73436718054,13804.539133948456
2019-08-16,167.20962538004216,170.29871302201323,167.18416689819085,169.23789978027344,1878700,1.209160566329956,13828.57083137906,14084.044564809441,13826.465363953128,13996.31318559654
2019-08-19,172.9634192044817,173.50655488991612,171.27461335960612,171.5970916748047,1646100,1.2161011695861816,14222.782078512284,14267.444126293984,14083.911572742581,14110.42896482011
2019-08-20,169.90830316461293,171.41889984851218,169.47548317076237,169.71310424804688,1545600,1.2131506204605103,14005.540639307917,14130.059116933213,13969.863289228648,13989.450393523603
2019-08-21,172.05542099071943,172.29304211404747,169.87438281306882,170.30718994140625,1160800,1.2162343263626099,14146.568408843163,14166.105854726533,13967.241273407559,14002.827107399913
2019-08-22,171.6650181860384,172.65793769445094,170.50237117137544,171.78382873535156,1275900,1.213224172592163,14149.488780730488,14231.330169225992,14053.65760287167,14159.281740020057
2019-08-23,170.41748204694306,171.32554417622993,165.64807101845207,166.5052032470703,2200500,1.2251899242401123,13909.474659827898,13983.590689622224,13520.19533797508,13590.154469344026
2019-08-26,168.2619157061554,169.4839743342452,168.0327764760443,169.43304443359375,1441900,1.2262415885925293,13721.759013188026,13821.417892764313,13703.072709262047,13817.264559430552
2019-08-27,170.0101543089815,170.4599380329782,166.7598213765712,168.0922088623047,1513300,1.222195029258728,13910.2312019788,13947.03250727207,13644.288954252457,13753.304901285195
2019-08-28,166.81922095373358,170.97760287382653,166.54764660089953,170.08651733398438,1437800,1.2283201217651367,13581.086721432914,13919.628917918079,13558.977309723221,13847.083860318466
2019-08-29,171.95671371329794,174.52717836427976,171.95671371329794,173.7329864501953,1816800,1.2218515872955322,14073.453396570852,14283.827936139223,14073.453396570852,14218.828886963183
2019-08-30,174.9371243019019,175.24455642123513,173.36579734161546,174.13438415527344,1529600,1.218650221824646,14354.990559963477,14380.217824836322,14226.050612130559,14289.119308947204
2019-09-03,171.73470004184838,172.1702234182593,167.8747221484644,169.9157257080078,2633600,1.2066656351089478,14232.169628858517,14268.262757206503,13912.281684669613,14081.425770666487
2019-09-04,172.0677437821487,172.58867001108013,170.838015436432,172.27268981933594,1720600,1.2090436220169067,14231.723376126673,14274.809185393207,14130.01254259485,14248.674463205345
2019-09-05,175.2957796340853,178.42132407437362,175.09935563479863,176.81585693359375,2237900,1.2248897552490234,14311.147503919421,14566.316952997951,14295.111448556483,14435.246615124688
2019-09-06,176.8244103272858,177.84064466743226,175.55199340613606,176.9525146484375,1438800,1.2323921918869019,14348.063180808695,14430.52348417937,14244.815454189984,14358.457949778753
2019-09-09,178.66895436565812,182.6484877601299,178.0028537754165,181.0259246826172,2734500,1.2283051013946533,14545.975113413777,14869.960855226076,14491.745867806532,14737.86313164987
2019-09-10,182.32401566907697,185.38978873025496,182.0849032483564,184.1429901123047,2615800,1.2345373630523682,14768.610584477135,15016.944345198473,14749.241999298849,14915.951158984362
2019-09-11,183.7843310553688,185.18485231997008,182.20446895055963,185.14215087890625,1886300,1.2354830503463745,14875.504038994615,14988.862232310874,14747.629997795406,14985.405977605327
2019-09-12,184.783488305,188.52389750734324,183.73308754902308,186.7988739013672,2913800,1.233471393585205,14980.768039371284,15284.010515994223,14895.609943169004,15144.159392170257
2019-09-13,188.1737285636748,189.1557963346431,187.19164776205903,187.7894287109375,2722400,1.2329391241073608,15262.207588708912,15341.860164555208,15182.55395598582,15231.038178539084
2019-09-16,186.01318461648128,187.3026845592109,184.73221974850472,185.50079345703125,2205500,1.2497344017028809,14884.21734754367,14987.399266915701,14781.7183792644,14843.21734316259
2019-09-17,184.28815738739368,184.5785063111298,181.50418526377956,184.3820953369141,2429100,1.2428536415100098,14827.82455088534,14851.186024355644,14603.826162770089,14835.382798001732
2019-09-18,183.4597633043098,186.0729291704669,182.1531803712313,185.38121032714844,2474900,1.2502655982971191,14673.66322437287,14882.67208374773,14569.158794685442,14827.346331822653
2019-09-19,185.80825737622192,186.10714141156063,183.65623238078976,183.8014068603516,1596200,1.247053861618042,14899.778036462456,14923.745247866695,14727.20930774372,14738.850703839753
2019-09-20,183.31461808138263,185.03964141247656,182.43502323544053,182.52896118164065,5458900,1.2525050640106201,14635.838476723979,14773.564333541697,14565.611627251164,14573.111632552487
2019-09-23,181.7689449101653,182.84495085582063,180.66730767543805,182.2898712158203,1485500,1.2471938133239746,14574.234009846588,14660.508166610372,14485.904736324042,14616.001881053924
2019-09-24,182.7851579523736,182.92179734486567,176.60237529457947,177.4136505126953,2837600,1.243456244468689,14699.76597612207,14710.75465329506,14202.540385330496,14267.783953145985
2019-09-25,177.59299285414664,180.26593095275692,177.15745641570632,179.3607177734375,1593400,1.2485953569412231,14223.422493673963,14437.49810141596,14188.540381064857,14364.999579433868
2019-09-26,178.52381987777164,179.30947682588473,177.7210797482117,177.8150177001953,1685500,1.2359564304351807,14444.183911476017,14507.75063023458,14379.235009573602,14386.835435419562
2019-09-27,179.2069783627196,179.80475932201932,177.70397134431167,178.45547485351562,1530900,1.2331976890563965,14531.893787430226,14580.36784512629,14410.014949045606,14470.954368237915
2019-09-30,179.08742996471958,179.08742996471958,176.6279733043969,176.9695587158203,1794500,1.2293167114257812,14568.046484702149,14568.046484702149,14367.979517624954,14395.766125278504
2019-10-01,176.78170164943745,178.8056351710536,173.02420960118778,173.092529296875,3156200,1.2289994955062866,14384.19643749424,14548.877833134879,14078.460587968786,14084.01955653932
2019-10-02,172.23855459730495,172.4008122475684,168.74579318613286,169.30087280273438,3386800,1.2292261123657227,14011.950516233426,14025.15050024216,13727.80739756423,13772.964233317842
2019-10-03,168.75432167416656,169.40333921923545,165.66293045622243,168.4383544921875,2914500,1.230436086654663,13715.001006917762,13767.747959978402,13463.757463959828,13689.321722523715
2019-10-04,168.22485167190203,171.84570404196197,167.4135634940362,171.47850036621094,3021100,1.2342326641082764,13629.91408053871,13923.282784459378,13564.181889076093,13893.531207918795
2019-10-07,171.4699827782593,172.95590698724988,170.34274026471368,171.13693237304688,2202200,1.2334411144256592,13901.756701056845,14022.22651446034,13810.366646001765,13874.754973830693
2019-10-08,168.7457556351476,169.89861605092398,167.3110683900288,168.54933166503906,2654900,1.2288031578063965,13732.529458695797,13826.349238410103,13615.774611834893,13716.544476165382
2019-10-09,169.24964179610868,169.92427764580972,167.9601286582489,168.10531616210938,2443500,1.2219561338424683,13850.713385586061,13905.92288378463,13745.184790725221,13757.066355033421
2019-10-10,168.7372150007308,171.9225567559826,168.69451356922352,170.6842803955078,2108000,1.2212995290756226,13816.20241256006,14077.01818128984,13812.70601953847,13975.628118410506
2019-10-11,173.9721056938331,177.02079523443558,173.9721056938331,174.7919158935547,3334300,1.2433171272277832,13992.576944688091,14237.783052915694,13992.576944688091,14058.5142813312
2019-10-14,174.0660693756558,176.06437169244455,173.2889474644657,175.76548767089844,2286100,1.261899709701538,13793.970157646325,13952.326824299447,13732.386665296219,13928.641580595191
2019-10-15,172.5032704108469,177.8320889997204,169.6082903048809,176.31201171875,8241900,1.2611771821975708,13677.95682048926,14100.484175415564,13448.410952800665,13979.955727674249
2019-10-16,176.0643499535977,178.15658996868996,176.0045783689286,177.13182067871094,3405800,1.2760635614395142,13797.459254692716,13961.41974054281,13792.775194550626,13881.112667999889
2019-10-17,177.87477740451118,178.4213218984483,174.5442739306206,176.31201171875,2876500,1.2823801040649414,13870.675070572006,13913.29460998974,13610.962411015498,13748.810603023932
2019-10-18,175.05666757945312,177.67836896034024,175.05666757945312,176.36325073242188,2207000,1.286860466003418,13603.391525665857,13807.12001450733,13603.391525665857,13704.9241461392
2019-10-21,178.1993025844959,180.06951349713978,177.35386102612765,178.69461059570312,1934900,1.2900229692459106,13813.65346453197,13958.628473289922,13748.116526157728,13852.048750741233
2019-10-22,178.98495165028314,180.7441413533556,177.89186264972068,178.99349975585938,1868000,1.297168254852295,13798.12919262842,13933.746888828731,13713.861866745789,13798.788174649007
2019-10-23,178.66901545121954,181.060152940939,178.48113952505685,180.46237182617188,1574500,1.2884771823883057,13866.680597326593,14052.259164211824,13852.09935920063,14005.864775320973
2019-10-24,180.7099905627063,182.0251088057053,179.14721180619298,180.2317657470703,1266500,1.2923235893249512,13983.339161757518,14085.103012070422,13862.41134078277,13946.3341252801
2019-10-25,179.48879512582334,183.9636371906984,179.48879512582334,182.9474029541016,2602100,1.2840267419815063,13978.58699179713,14327.087682520243,13978.58699179713,14247.943362283691
2019-10-28,184.73224972486156,186.95258137125663,184.1942402232015,185.95343017578125,2707800,1.283202886581421,14396.184084108983,14569.214527666529,14354.257004043462,14491.350675743843
2019-10-29,185.5008284033876,187.2600184019174,184.8432626653664,185.8594970703125,2030800,1.2857435941696167,14427.513327273567,14564.33609710941,14376.370491252215,14455.4091432474
2019-10-30,185.3300093360708,185.35562759216563,182.58873865807848,184.29669189453125,1584900,1.2866700887680054,14403.848426563287,14405.839477440935,14190.79686797634,14323.538994443905
2019-10-31,183.73308703726477,183.91242788287005,180.4623676498768,182.2215576171875,1876200,1.290172815322876,14240.967167742107,14254.867696684843,13987.456990768686,14123.810039477936
2019-11-01,183.8269913167216,186.0729538601256,183.39146795812215,185.64596557617188,2112300,1.2939623594284058,14206.517676288917,14380.09015519751,14172.8595597737,14347.091646327257
2019-11-04,187.618650009524,188.4640915056985,186.6536653453049,187.76382446289065,2538100,1.2937614917755127,14501.795825754774,14567.143380273052,14427.20830167452,14513.016939869667
2019-11-05,188.5580324915541,189.394925895906,186.56826548569765,186.71343994140625,2525100,1.2891582250595093,14626.446065831058,14691.363884922914,14472.099844616469,14483.361026749631
2019-11-06,186.17540972495297,187.08063574927527,184.92861134784656,186.52554321289065,1863000,1.288062334060669,14453.913044567293,14524.191167014094,14357.116612893382,14481.096006034219
2019-11-07,188.53242129167583,191.94832775800904,188.2249891884799,190.68443298339844,3748600,1.2856775522232056,14664.051726318456,14929.74093123818,14640.139657334727,14831.435195680686
2019-11-08,190.4367485520545,190.63315948718187,188.8141985075916,190.35989379882807,1610800,1.2779992818832397,14901.162406870048,14916.531033277877,14774.202238154467,14895.148729529543
2019-11-11,188.64347176858476,189.0790082804982,186.61101582537916,187.04653930664065,2754500,1.2796396017074585,14741.921984664476,14775.95785783785,14583.091643645517,14617.126498512494
2019-11-12,186.64512887788615,188.8227718754651,186.1071194348969,188.22499084472656,1891600,1.2858428955078125,14515.391384899724,14684.746677462033,14473.550391348424,14638.257247623682
2019-11-13,186.49996909547312,187.7382326917526,185.3214770916477,187.29417419433597,1756000,1.285214900970459,14511.189448134159,14607.53626105583,14419.493343230959,14572.984957839435
2019-11-14,186.84150185759472,188.2761890702648,186.19248444629545,187.38804626464844,1483100,1.2853800058364868,14535.896078141022,14647.511880950746,14485.403818392755,14578.416142602273
2019-11-15,187.8748237531924,188.80565497988707,187.0550006069666,188.08831787109372,1693100,1.2881784439086914,14584.534048181087,14656.793542282716,14520.891999977093,14601.107382326745
2019-11-18,187.644287109375,187.83216301628224,186.20106447479216,187.644287109375,1603400,1.2921231985092163,14522.166874325072,14536.706966719046,14410.472986602295,14522.166874325072
2019-11-19,188.3530680419383,188.45554105935983,186.43162078139517,187.90899658203125,1817100,1.2950851917266846,14543.681701032716,14551.594154829283,14395.317155378285,14509.392724311812
2019-11-20,186.47434426446435,187.42225887964068,184.8005442749941,186.09005737304688,2177700,1.2929502725601196,14422.391040239614,14495.705121631112,14292.93517291101,14392.669333258837
2019-11-21,186.67924611982588,187.29411016984136,185.1591691713559,186.3632659912109,1677700,1.2927078008651733,14440.946824555916,14488.510864132686,14323.358228938823,14416.503549099274
2019-11-22,186.16691735469064,188.48119990483363,186.16691735469064,188.11398315429688,1529100,1.2919896841049194,14409.319179948843,14588.444646553966,14409.319179948843,14560.022070502893
2019-11-25,188.6348697800946,191.2480358020408,188.6348697800946,190.2232666015625,2181800,1.2853471040725708,14675.792179592,14879.096486550523,14675.792179592,14799.369446497969
2019-11-26,190.16351303052528,190.2318327257948,188.8227764739777,189.96710205078125,1926300,1.289723515510559,14744.51777792435,14749.815013684405,14640.562430873333,14729.28885657943
2019-11-27,190.8210311848856,191.52983318734832,189.4632117849294,190.39404296875,1614600,1.2860909700393677,14837.288778961298,14892.401676802498,14731.711535081367,14804.088311336327
2019-11-29,189.68988802799143,190.65173040246944,189.2862549378188,190.0935211181641,770400,1.29128897190094,14689.964226113076,14764.451222858821,14658.706072519584,14721.222379706573
2019-12-02,189.76715638138631,190.47995488978327,186.4264580131874,186.90737915039065,2118500,1.29128897190094,14695.948041903057,14751.148583680135,14437.237680326829,14474.48117482483
2019-12-03,185.0094620860322,185.0094620860322,180.34623013954416,182.2699279785156,3207100,1.294062852859497,14296.791046680295,14296.791046680295,13936.435138450364,14085.090811142043
2019-12-04,183.3863562446785,186.34919780850376,182.390167927458,185.4474639892578,1583600,1.2997816801071167,14109.012232697833,14336.961403637148,14032.369490884577,14267.58561283729
2019-12-05,186.4866105431802,186.8988399900136,185.00090458623356,186.47802734375,1329300,1.311131477355957,14223.334102179535,14254.774842788154,14110.019306325294,14222.679461544447
2019-12-06,188.89121633705795,193.57162809823183,187.9207907062712,192.8931884765625,4229400,1.3158414363861084,14355.16553239409,14710.862779170904,14281.416096941444,14659.30340408901
2019-12-09,192.893144020485,192.92748991194532,190.45417949916467,190.488525390625,2134600,1.3139568567276,14680.325539826626,14682.939468228036,14494.70570696586,14497.319635367274
2019-12-10,190.3683387880333,191.40748242471844,189.4064963570734,190.54869079589844,1854100,1.314578652381897,14481.319808678103,14560.367466633166,14408.152453555063,14495.039186178898
2019-12-11,190.86644805209855,191.38172829411252,189.65554865625035,189.9561309814453,1778600,1.3131287097930908,14535.242937622872,14574.483587695562,14443.028108503873,14465.918654034806
2019-12-12,190.57442548085825,194.75673590506852,189.44941070914717,194.12982177734372,2974300,1.3200099468231201,14437.347683592494,14754.186994862524,14352.119934027527,14706.693858221124
2019-12-13,194.70522618938855,195.7958951546304,192.11167197363145,193.2281036376953,1908200,1.347527265548706,14449.075070114117,14530.013615338856,14256.60740863782,14339.457803773183
2019-12-16,196.23387129421155,198.12321010379148,195.69282841855048,195.8388214111328,3218400,1.335327386856079,14695.56254337211,14837.051351897802,14655.04492342462,14665.978046943197
2019-12-17,197.52208415194332,199.2997891992889,196.49153676849653,198.5096893310547,3590000,1.3272457122802734,14882.10376755263,15016.04317537271,14804.458206228779,14956.513891463643
2019-12-18,199.213859754788,199.41137812513355,197.47051410667345,197.9084930419922,2280800,1.3122154474258423,15181.490215313614,15196.54249737088,15048.635076964612,15082.012136819983
2019-12-19,198.33791004467432,198.71578043132183,196.62892321068145,197.4705352783203,2418100,1.3087291717529297,15155.00031064623,15183.87338804095,15024.416621455299,15088.724202107116
2019-12-20,198.3464929769029,198.6298826436665,196.33691088374988,196.60313415527344,3715500,1.3017443418502808,15236.977538536948,15258.747532663507,15082.60144266726,15103.052714315972
2019-12-23,197.23008758419425,197.9342899019865,196.1565980538058,196.74057006835935,1670400,1.3005423545837402,15165.21833287936,15219.36515211291,15082.676651202868,15127.578842392208
2019-12-24,196.64608024907488,197.479109078873,196.1222168932649,197.44476318359372,467700,1.2944984436035156,15190.90897488205,15255.260448915436,15150.44053257541,15252.607228631627
2019-12-26,197.74532533887285,199.4113829393506,197.51346106969828,198.56118774414065,1704000,1.2973533868789673,15242.209820300943,15370.629541352104,15224.337722265082,15305.096495089725
2019-12-27,199.0764722538765,199.41999674522623,197.9256946921238,198.0888671875,1343900,1.3002209663391113,15310.972319912218,15337.392789989466,15222.466012788684,15235.015610095641
2019-12-30,198.9647998008964,198.9647998008964,197.09264070206896,197.35028076171875,1494500,1.3091918230056763,15197.528452637895,15197.528452637895,15054.527322785947,15074.206643655694
2019-12-31,197.2730224855121,197.49630358208637,196.3798718909755,197.46194458007807,1447200,1.3113033771514893,15044.041365472818,15061.068782656726,14975.929698096748,15058.448565046754
2020-01-02,198.38086123853537,201.50686216418995,197.65947943356588,201.2320556640625,3736300,1.3250298500061035,14971.80318146203,15207.722464762719,14917.360498154469,15186.982818774652
2020-01-03,198.8961620470203,199.763536942548,197.77973022133,198.8789825439453,2274500,1.3152703046798706,15122.075009169354,15188.021521642224,15037.192698535719,15120.768851567082
2020-01-06,197.46196049132143,200.974428346924,197.0841031676223,200.914306640625,3329300,1.308010220527649,15096.362199040435,15364.897398573174,15067.47425017206,15360.30097376277
2020-01-07,201.81600385095047,204.1948599910276,201.60988917208812,202.23681640625,5255200,1.317002534866333,15323.888793534741,15504.515335784987,15308.238506355661,15355.841090068645
2020-01-08,202.4000063811838,205.89529462793192,202.22825067489387,204.1862945556641,3564700,1.31137216091156,15434.215580761731,15700.75229329332,15421.118177033826,15570.430777921218
2020-01-09,207.2607487371698,209.02985722672625,205.9553950211416,208.34283447265625,3980700,1.3105130195617676,15815.23766978502,15950.231253454112,15715.631355574978,15897.807298574233
2020-01-10,208.47165366866076,209.02127974943085,207.3036966090093,207.92202758789065,2248100,1.3070186376571655,15950.166865435582,15992.218758571189,15860.806467197877,15908.114972299969
2020-01-13,209.92300115273105,211.3571814180033,208.68633926781837,210.5842742919922,3359200,1.3045634031295776,16091.437230964553,16201.372881606887,15996.642153780416,16142.126460608339
2020-01-14,210.67871718754404,213.4268471073705,210.0603863175685,210.970703125,4302800,1.2988194227218628,16220.785853820735,16432.37261266881,16173.178706964265,16243.266726245945
2020-01-15,207.82754774819767,214.26848414535257,205.3885829774635,210.5842742919922,5411200,1.3022528886795044,15959.077499834657,16453.677009127055,15771.789393819605,16170.766532568527
2020-01-16,212.13009710065447,214.54331237558944,211.46024073666,214.4574279785156,3968400,1.3041210174560547,16266.135907728569,16451.181255716474,16214.771321541533,16444.59564012373
2020-01-17,214.89540617759144,215.092937669324,212.9803046876582,214.2341461181641,3108400,1.3078734874725342,16430.901630468623,16446.004887291594,16284.472980581835,16380.341689789251
2020-01-21,212.3018955087955,213.71031333007983,210.91924038940311,211.00511169433597,2492400,1.3005592823028564,16323.892220651387,16432.18546344694,16217.579871940594,16224.182516364524
2020-01-22,211.7866040740243,213.4268992298004,211.55472666512583,212.1644744873047,2030900,1.3048017024993896,16231.32493376888,16357.037151390461,16213.553849591546,16260.284921524613
2020-01-23,209.9745269001861,212.12150570284652,208.5832888293802,210.9020233154297,2806800,1.3144749402999878,15974.02281798282,16137.356384628865,15868.182985807061,16044.58303840299
2020-01-24,210.46409771366484,211.01372390232143,206.62529759297257,207.75889587402344,2877400,1.311991572380066,16041.573905224468,16083.466414309683,15748.980553140022,15835.383416154942
2020-01-27,202.99258459794925,205.2426277035865,201.82462739249607,204.5126495361328,2506200,1.3061821460723877,15540.909451896576,15713.170503879488,15451.49181523961,15657.284104754473
2020-01-28,205.67202049483728,209.18447525844311,204.43535840101987,208.32568359375,3123000,1.3060115575790405,15748.101102266846,16017.046253879202,15653.411121413244,15951.28943421636
2020-01-29,209.991718731152,211.69212237355896,205.7407030730748,206.2130279541016,3711600,1.3024563789367676,16122.744847898417,16253.29844415744,15796.3603541968,15832.624515412883
2020-01-30,204.12610498650915,209.8370618560899,203.301659577574,209.6567230224609,3261700,1.3022021055221558,15675.454994342746,16114.016477645737,15612.143362036286,16100.167718465864
2020-01-31,207.8189849759796,208.5918921779559,203.4305593552368,204.17770385742188,3482800,1.3089004755020142,15877.371035125716,15936.42114752482,15542.09530539083,15599.177147453614
2020-02-03,204.70161722294077,208.1625471835724,204.43539385737265,205.25982666015625,2733000,1.31816565990448,15529.278561070567,15791.835086847641,15509.082058182801,15571.626002988902
2020-02-04,208.583267018609,209.32182817366035,207.4410728425344,207.7760009765625,3052500,1.2997479438781738,16047.978225396573,16104.801639392337,15960.100096298209,15985.868795191376
2020-02-05,210.39536372468137,210.51559402732997,208.68636368320804,209.80279541015625,3126600,1.3032711744308472,16143.636708343784,16152.861979723019,16012.505131508311,16098.168940303574
2020-02-06,210.70450667893428,211.06519754827275,207.12333447482763,207.6729736328125,2225600,1.2997140884399414,16211.604425389032,16239.355980330736,15936.06904141815,15978.358277402705
2020-02-07,205.89528027702775,206.55655345947972,203.14714985557228,204.39239501953125,3006500,1.2930254936218262,15923.528290250893,15974.66983275828,15710.993391673,15807.298156745415
2020-02-10,203.8770888127544,204.2807218501553,202.2110443759609,203.84274291992188,2591300,1.2891582250595093,15814.745222863792,15846.05503647354,15685.510160448039,15812.081012050496
2020-02-11,205.2511794973918,205.7235174685234,202.86374004780183,203.06985473632807,2238800,1.2918227910995483,15888.493445969485,15925.057127488803,15703.681762351649,15719.637100030033
2020-02-12,204.4009964253433,207.1233643903589,204.1519526120151,204.95062255859372,2119200,1.2956557273864746,15775.872564361654,15985.987636403748,15756.6511147077,15818.293256960229
2020-02-13,204.26358211617412,205.2254244904383,203.1643299444096,204.69297790527344,1461300,1.295756459236145,15764.041202355924,15838.271384070098,15679.206420022478,15797.179820808378
2020-02-14,204.3408561524699,205.2597562637704,202.8723168889884,203.602294921875,1718700,1.3046824932098389,15662.113749203556,15732.54468669853,15549.554619214116,15605.50524602836
2020-02-18,203.1471386356412,203.5937138995004,198.5525987176915,200.27877807617188,2736500,1.3008975982666016,15615.920800094284,15650.249041183684,15262.738510875533,15395.429920313178
2020-02-19,201.8160003379269,204.22061913298967,200.338877925422,203.8169860839844,2207100,1.3002209663391113,15521.669436400332,15706.60867806117,15408.063945430296,15675.56525856135
2020-02-20,203.02690623623576,203.44770569408487,198.59553885136387,199.86654663085935,3183700,1.2928247451782227,15704.132133412055,15736.680973416745,15361.365845761751,15459.678303365603
2020-02-21,198.3035612840065,199.06788524446225,196.1222233940861,198.05450439453125,3081600,1.2883278131484985,15392.321679323175,15451.64850225249,15223.006240530503,15372.98988450097
2020-02-24,191.7080235577355,194.67944792411663,191.11545532396883,192.83303833007807,4139400,1.29537034034729,14799.47607155637,15028.86409086091,14753.730988832938,14886.324962356275
2020-02-25,193.03914014991716,193.97521968090584,185.40448472047203,186.8816070556641,5343100,1.292657732963562,14933.507550165921,15005.922661074097,14342.890619267913,14457.16080057922
2020-02-26,187.81771313886483,188.9341447971263,184.43407226720265,185.3100433349609,4171100,1.3003394603729248,14443.744796070445,14529.601735145514,14183.532676483472,14250.897475788037
2020-02-27,180.76703849616405,183.33481684998225,176.3700168391668,176.64483642578125,5848200,1.2906889915466309,14005.468372326564,14204.414700267364,13664.795934133044,13686.088405705545
2020-02-28,172.02220253522893,174.75257975143458,168.35867110591906,173.4738006591797,6727100,1.2888922691345215,13346.515194069721,13558.354250101851,13062.276432069086,13459.138891077813
2020-03-02,174.02680167186236,181.12058315591165,170.76072210320223,180.9909820556641,5285500,1.2807048559188843,13588.361195601234,14142.2578604936,13333.339161947992,14132.138347035945
2020-03-03,180.58487871426223,182.9955514376589,174.64026221992626,175.77215576171875,5677200,1.2767152786254883,14144.491080946405,14333.309430954088,13678.873053665024,13767.529746409477
2020-03-04,177.85446833118257,180.5157202640775,175.14137596846487,180.36019897460935,3520400,1.2820841073989868,13872.293346807233,14079.865682938436,13660.677560677428,14067.735332942626
2020-03-05,173.95766033849645,175.80671057225862,170.17315035610133,171.7629852294922,4151500,1.2874983549118042,13511.291853294279,13654.907588934486,13217.348954807672,13340.831432849345
2020-03-06,164.75560107737408,169.61152840651698,163.54594697217317,166.63058471679688,5071900,1.295068383216858,12721.76845736384,13096.723740966789,12628.363806236754,12866.54719366234
2020-03-09,149.98050197786105,154.87962147677462,147.02547814601996,149.315185546875,6443000,1.3099292516708374,11449.511627178212,11823.510413193917,11223.925105763263,11398.721370365682
2020-03-10,156.92736404849083,160.1934430072466,149.72988984405063,159.2862091064453,6803900,1.3075313568115234,12001.805022188191,12251.59474552762,11451.34218495333,12182.209495523855
2020-03-11,154.21431638328454,156.19298127974787,147.7253613371296,148.52027893066406,5314000,1.2909722328186035,11945.595146270929,12098.864507622202,11442.954200075868,11504.529311710832
2020-03-12,138.246806773169,144.07909393391208,129.60638134984595,130.1939239501953,8357700,1.2818212509155273,10785.18605261285,11240.186089207455,10111.111924324547,10156.948471341511
2020-03-13,140.6833963616741,153.4193734850539,131.63687096319322,153.0823974609375,6368400,1.257023572921753,11191.78664523194,12204.971870850026,10472.108383554343,12178.164416210719
2020-03-16,129.80508265385882,146.4897388505147,129.6063565986615,133.63279724121094,6888000,1.2399870157241821,10468.261442080468,11813.812321652511,10452.234979490353,10776.95133470137
2020-03-17,135.65467629911996,144.07045523113794,129.60637862973246,137.09762573242188,6876300,1.2266627550125122,11058.840398046996,11744.911520499243,10565.771080936622,11176.472520438061
2020-03-18,129.60639528718986,134.76473087435957,117.00001640314116,120.9832534790039,9543200,1.2121652364730835,10692.139271729378,11117.686501757062,9652.150786271059,9980.755910061967
2020-03-19,118.70212781891982,131.7578066662446,113.05993301467096,129.16567993164062,6548200,1.1625338792800903,10210.638152965244,11333.674571947686,9725.302206649183,11110.702426292097
2020-03-20,128.7336796962044,128.90648553636802,119.4884156286852,119.59210968017578,7561300,1.149438500404358,11199.701389062358,11214.735324336218,10395.372661229869,10404.393940006777
2020-03-23,117.53569491086718,122.64218901941167,115.14229360239553,116.61981201171876,5472600,1.162304162979126,10112.300949659251,10551.643272537623,9906.382276672908,10033.502049309374
2020-03-24,124.69856345501282,132.9760752541642,124.10237229053682,132.7168731689453,6647400,1.1595547199249268,10754.004214918481,11467.856839285125,10702.588688403735,11445.503251242668
2020-03-25,133.58099888021326,140.15636396997365,125.56268414796403,134.0389404296875,8587800,1.1792036294937134,11328.068837234308,11885.67949287514,10648.09172965944,11366.903652360415
2020-03-26,135.1103387250781,144.86538717647858,133.33041305771556,143.24961853027344,6762200,1.1851149797439575,11400.610154659298,12223.741126601619,11250.420029837223,12087.402570949049
2020-03-27,137.45188093031956,141.46967323626302,135.65467096850043,136.81248474121094,4186700,1.2200626134872437,11265.96941917987,11595.279756332126,11118.664687279083,11213.562585133783
2020-03-30,136.9679879024393,138.6182986611378,132.35399204034118,137.91842651367188,4152800,1.245319128036499,10998.625558606605,11131.146670789356,10628.118452578849,11074.946446147387
2020-03-31,136.63104448759276,139.19725176251708,132.82061390552423,133.57232666015625,3588200,1.2371643781661987,11043.887691796923,11251.314232700737,10735.890577644916,10796.651521614725
2020-04-01,126.23662107072975,129.23484975596682,125.28616899773938,125.53673553466795,4689100,1.2408487796783447,10173.40897119253,10415.036213314192,10096.812041046316,10117.005197620441
2020-04-02,123.57538875085903,129.99521958498875,122.40892585004582,129.54591369628906,4446900,1.238236665725708,9979.949081739858,10498.414655553825,9885.745531392755,10462.128709487419
2020-04-03,128.91513065973572,130.40128472566892,125.48488108497337,126.95375061035156,2801600,1.2394952774047852,10400.614912358038,10520.514850100832,10123.86923713897,10242.374692718733
2020-04-06,134.33265526345232,137.32223418993402,132.86378601405318,136.7174072265625,4689400,1.2220158576965332,10992.709662267865,11237.352880901457,10872.509155854803,11187.858681659918
2020-04-07,143.4310339423951,146.14412646670692,140.3636808808753,143.4483184814453,4953500,1.2240501642227173,11717.741489253021,11939.390291206711,11467.151019093037,11719.153566923973
2020-04-08,145.63436968641915,153.8859784064679,145.63436968641915,152.90097045898438,5194800,1.2338672876358032,11803.082158492689,12471.841984021376,11803.082158492689,12392.01103645076
2020-04-09,156.0287656110486,161.86105134144702,155.32889343287914,159.20843505859375,6445800,1.23931086063385,12589.961935074718,13060.569101981611,12533.489245259709,12846.52947987287
2020-04-13,158.85418090902436,159.8219040586377,154.77590022959797,154.819091796875,4774300,1.2461059093475342,12748.04811672878,12825.707900087005,12420.766089668832,12424.232212969671
2020-04-14,157.5581706908579,158.44813349890796,150.8099870254269,153.99830627441406,4149600,1.2523951530456543,12580.547785393286,12651.608648722706,12041.725541549531,12296.303279353258
2020-04-15,147.4315760494147,156.97923513061232,146.15278365627927,154.24887084960938,6042700,1.26262629032135,11676.58056699358,12432.755149638113,11575.300211678788,12216.510303325904
2020-04-16,153.125581470948,154.1797141592938,148.95225547054395,152.9700469970703,4662200,1.252097249031067,12229.527825370109,12313.717187591099,11896.22096732585,12217.105908941649
2020-04-17,158.5431365966797,160.08976661234595,154.05010579956377,158.5431365966797,5426700,1.2487823963165283,12695.81770725841,12819.668749700093,12336.024775329774,12695.81770725841
2020-04-20,155.26843338966123,160.98840365987354,153.8168483295358,155.87326049804688,4674800,1.248751163482666,12433.896994868866,12891.952245384895,12317.654055316596,12482.33155301565
2020-04-21,151.5876232764334,154.83641843655693,150.04962863077847,150.17922973632812,3819000,1.2442762851715088,12182.794535502928,12443.893714105028,12059.188977478254,12069.60475949501
2020-04-22,153.3675321522324,153.9550746793657,150.74948462995047,152.05418395996094,2314500,1.2298610210418701,12470.314086571174,12518.087169633485,12257.440641727459,12363.525744652761
2020-04-23,152.93550566301116,154.72407976953957,150.73219489372977,151.25062561035156,2013300,1.2323921918869019,12409.645782391182,12554.7760516596,12230.862535971231,12272.929559767288
2020-04-24,152.93548583984375,153.7563233812324,149.90270213815936,152.93548583984375,2024400,1.235223650932312,12381.197989887285,12447.65053398884,12135.672922471735,12381.197989887285
2020-04-27,154.74998220760014,159.19979480777158,154.42164191251356,158.58631896972656,2743100,1.2366595268249512,12513.54789663986,12873.373095382805,12486.997315177106,12823.765598352471
2020-04-28,163.44229414487117,164.5309830263488,159.73554417178698,161.5845947265625,3344700,1.2422668933868408,13156.777743571032,13244.415020815819,12858.391785383068,13007.236656370043
2020-04-29,166.42324701041278,167.3823348312573,163.7965632870086,164.1940155029297,3086300,1.2435646057128906,13382.758422511419,13459.882507294671,13171.536286456943,13203.497007604457
2020-04-30,160.71183524500788,162.05110317556358,158.0332993838965,158.48260498046875,2695400,1.2471472024917603,12886.356552290761,12993.743068323502,12671.583520225278,12707.610189384666
2020-05-01,154.66361772349214,155.1820485314581,152.63311244057584,153.02194213867188,2650200,1.2581465244293213,12292.973411315945,12334.17932794804,12131.58479373523,12162.489755164297
2020-05-04,151.2074341500422,152.33932769048664,148.3733758675693,152.09739685058594,2990100,1.2454230785369873,12141.049636535345,12231.93389586464,11913.491762322665,12212.508301135425
2020-05-05,154.75002880372523,157.77417778393237,153.92054213951567,154.0587921142578,3272600,1.244555115699768,12434.164373404621,12677.15473534667,12367.515122299083,12378.623507375658
2020-05-06,155.25113104560208,156.56447917623964,151.38887367342298,152.8663787841797,2408700,1.2444202899932861,12475.779468883433,12581.318420731017,12165.413477326038,12284.143871119655
2020-05-07,154.81913559570404,158.44812480188494,154.81913559570404,157.53224182128906,2480100,1.232559323310852,12560.78572995862,12855.212873346158,12560.78572995862,12780.905457607687
2020-05-08,159.87375867254335,160.63412017712963,157.89510744623254,160.184814453125,2277500,1.237593173980713,12918.11897752394,12979.5577055787,12758.240006961547,12943.252905790621
2020-05-11,157.72234122657594,159.7182908443121,156.61636767741837,158.258056640625,2212200,1.2417423725128174,12701.695997327168,12862.433817177603,12612.629732565701,12744.838232456423
2020-05-12,158.88873965432205,159.24300016518418,152.71947809622054,153.116943359375,3549200,1.2333498001098633,12882.698780197532,12911.422221903249,12382.495062034852,12414.721544993625
2020-05-13,151.77772507856588,152.8318580969596,147.54390846153953,148.44252014160156,3445300,1.2254902124404907,12385.062201052555,12471.079454205028,12039.582769715853,12112.909481829898
2020-05-14,146.05769090633433,151.0172979899794,142.87802186868225,150.73216247558594,4176700,1.224155068397522,11931.306308891968,12336.451638244518,11671.562333660595,12313.159203997056
2020-05-15,149.89408437134594,150.42115080670726,147.38836647590207,148.5029754638672,2867800,1.2233912944793701,12252.341916094416,12295.424324620597,12047.524544354805,12138.632679012526
2020-05-18,153.54901310562076,158.20620209696995,151.41482687254438,157.15206909179688,4505800,1.2085760831832886,12704.952153379161,13090.297276135732,12528.365320098868,13003.076205005766
2020-05-19,156.01154276417097,157.41993653864577,153.55766473963715,153.6527099609375,2210500,1.2200031280517578,12787.798586492827,12903.240403164551,12586.661559208935,12594.452131143953
2020-05-20,156.34846507597857,158.83691133424435,155.7868428060807,156.7718505859375,2599900,1.2255953550338745,12756.940080901108,12959.979872790413,12711.115635859673,12791.485374192238
2020-05-21,155.70045578765496,156.53857806698795,153.5230649971229,155.6140594482422,2153500,1.2236906290054321,12723.841475700618,12792.332829598963,12545.90509709962,12716.781166716884
2020-05-22,155.5535878782324,156.0806543904331,153.85142290526844,155.46717834472656,2176400,1.2223445177078247,12725.83838883091,12768.957698040811,12586.584279346629,12718.769225247808
2020-05-26,160.39217428480137,170.3027403918232,160.03791378218506,169.4041290283203,5971200,1.220137119293213,13145.422079914388,13957.6722729716,13116.387597066958,13884.023881385627
2020-05-27,175.4006252275245,182.06239861728173,172.8171334396688,181.1551513671875,8182100,1.23350191116333,14219.728696010054,14759.798665052458,14010.285016638762,14686.248130441723
2020-05-28,182.1747253693228,182.58082641652456,173.85400470181526,173.86264038085938,4886100,1.2264822721481323,14853.433229837998,14886.544270773837,14175.011628771223,14175.715730187136
2020-05-29,171.4802935960275,174.68854140685505,169.2371283521428,170.8369140625,3822600,1.2321492433547974,13917.169086525158,14177.547269454717,13735.11603930036,13864.953047194098
2020-06-01,171.54988226679907,175.42760582941705,169.6457990189359,173.82781982421875,2230800,1.2347996234893799,13892.932829216605,14206.969494668449,13738.731029050638,14077.411145705113
2020-06-02,177.1665150893531,179.54009225535353,175.03638105490887,177.4882049560547,4128700,1.248704433441162,14188.026433214474,14378.10961882945,14017.438904460849,14213.788323545483
2020-06-03,181.2702609529169,184.26113513315747,179.47919638802307,183.0787048339844,3471900,1.2581465244293213,14407.722585025518,14645.443241734973,14265.36519420363,14551.461318627136
2020-06-04,181.53113773649176,186.92169909534053,180.80951116618525,186.77389526367188,3522300,1.2575136423110962,14435.719154733653,14864.387375695602,14378.333966531616,14852.633719377647
2020-06-05,193.01647818995136,193.8685291988288,189.2430961696949,189.4691467285156,4737600,1.2609069347381592,15307.749753159482,15375.324209719545,15008.490393384445,15026.418009816158
2020-06-08,191.29498742415632,193.24253262638425,189.74737885453305,191.9818420410156,3260300,1.2725722789764404,15032.151067915715,15185.191114002084,14910.538441647597,15086.124789346431
2020-06-09,187.5737686832873,191.29498626255557,187.06948979887068,189.6256561279297,2478400,1.2735283374786377,14728.668625831318,15020.866095628939,14689.071636147131,14889.786944462907
2020-06-10,189.00835847278728,191.14719573358823,185.0176152203076,185.64361572265625,3091200,1.2711325883865356,14869.28745275093,15037.54977883257,14555.335683365081,14604.583142526148
2020-06-11,177.97505916626082,179.88783196971133,168.68941013497138,168.78504943847656,4923400,1.2710679769515991,14002.009522189222,14152.495006690051,13271.470385048877,13278.994711460953
2020-06-12,174.42776733321284,176.44488281327153,170.593531215785,175.4363250732422,3380800,1.257703423500061,13868.751891268457,14029.132744366976,13563.891775140479,13948.942317817717
2020-06-15,170.17616454013245,179.96610638055364,169.67188574184067,179.3748779296875,3467400,1.2508755922317505,13604.563523100851,14387.210646541356,13564.249458183163,14339.945478483252
2020-06-16,186.91300078820387,186.91300078820387,177.1317592743083,182.2266998291016,3099100,1.2637752294540405,14790.050986277962,14790.050986277962,14016.080956961818,14419.233387556167
2020-06-17,182.58316221249257,183.27001684253432,178.61850138425785,179.2705841064453,1798300,1.258510708808899,14507.875136421844,14562.45191715435,14192.847159267243,14244.660999040178
2020-06-18,177.35776516913666,180.20083555481744,176.21009350520225,177.2273406982422,2051700,1.2552721500396729,14129.028925204091,14355.519283138896,14037.600810281112,14118.638790213017
2020-06-19,180.0182750092764,180.33996485122876,174.7320570641064,175.30589294433594,4962400,1.2426837682724,14486.249809116029,14512.136510959697,14060.862588317372,14107.03973288789
2020-06-22,174.7494866597663,177.87078622696376,173.8887326571169,176.8622283935547,1806900,1.234811782836914,14151.91279259489,14404.688123263219,14082.205488646763,14323.011073576183
2020-06-23,179.5400911682474,180.4182243684254,177.05348211098948,178.04464721679688,2451800,1.250156283378601,14361.411733502035,14431.65360740638,14162.507877214744,14241.791173150254
2020-06-24,175.923210428488,176.15796390926508,171.61077770995578,172.16722106933594,2756700,1.2524893283843994,14045.884978150943,14064.627930722037,13701.57603908039,13746.003033128949
2020-06-25,172.02811884131577,180.3139156547456,171.81075793169452,180.06178283691406,3466500,1.2412954568862915,13858.75682432908,14526.268879373109,13841.246012667329,14505.95680810653
2020-06-26,173.01929161280376,174.09740654759386,163.89882267088583,164.49005126953125,9530700,1.2425447702407837,13924.592156085902,14011.358843340253,13190.576838460724,13238.15891460039
2020-06-29,166.39410886192778,168.58509702983244,164.02922137277034,168.21124267578125,3736000,1.2342174053192139,13481.750309532556,13659.270749486,13290.140024426764,13628.979947197848
2020-06-30,168.53296191644358,172.50632595318172,168.34168324304898,171.8194580078125,3102800,1.2310571670532227,13690.100380948217,14012.860699727658,13674.562623765709,13957.065732300325
2020-07-01,172.91493939953347,173.66266139154632,169.9936085082572,171.77597045898438,2620100,1.2389271259307861,13956.828919184834,14017.181297977984,13721.033703297417,13864.897043878334
2020-07-02,176.0623105115745,176.49703226592408,171.39340311518978,171.62814331054688,2699400,1.2464786767959595,14124.775159743447,14159.651147792198,13750.2073886857,13769.039655913928
2020-07-06,175.05375750335463,180.66166562996503,174.87118179100915,180.28781127929688,3567700,1.247551679611206,14031.784042638566,14481.297134421513,14017.149321261542,14451.33009122979
2020-07-07,178.67062706841511,178.85321602829458,173.18444108012258,173.33224487304688,2853500,1.249547004699707,14298.832008432808,14313.444420706435,13859.778017853962,13871.606607924472
2020-07-08,173.48872751191982,176.71436831329308,173.03662650291182,175.8449249267578,2789700,1.2542802095413208,13831.73601817118,14088.906686801345,13795.691360401019,14019.588572721143
2020-07-09,175.72324471757003,176.06232718741288,169.54150025454572,171.13258361816406,3160100,1.2613521814346313,13931.338709677948,13958.221167633283,13441.250013276493,13567.39110115321
2020-07-10,171.167342484601,179.3835944074079,171.13257058093683,178.72280883789062,4414800,1.2605094909667969,13579.218856441734,14231.038773839195,13576.460296993086,14178.616671962714
2020-07-13,181.71370398183672,185.17408563486543,179.9748168623933,181.609375,4449600,1.2627506256103516,14390.307975021216,14664.343210708083,14252.601678609532,14382.045933433528
2020-07-14,183.826429554965,186.32174137673903,179.98349094557548,186.0695953369141,5202000,1.255177617073059,14645.45153247942,14844.253023824751,14339.284615772376,14824.164548983006
2020-07-15,195.0770504678069,195.83347539857027,186.6608430388452,188.58230590820312,12516700,1.25692880153656,15520.135287641648,15580.315699598048,14850.550230900713,15003.419897584221
2020-07-16,185.63489015998653,191.67753352964624,185.62620050036205,186.64344787597656,5769600,1.2591001987457275,14743.456505281281,15223.374098470387,14742.766356901262,14823.557971153079
2020-07-17,186.84338529422484,187.07813873183923,183.6699221239518,183.8090362548828,3614300,1.2559500932693481,14876.656827012539,14895.348130024691,14623.982521936272,14635.058927891932
2020-07-20,183.21786665475184,185.339311399262,182.8005373946269,184.06993103027344,2268700,1.2571184635162354,14574.431286474031,14743.185847486235,14541.23399662136,14642.210449715205
2020-07-21,184.5394153470079,185.89574532300625,182.92224962178125,184.3394470214844,3393500,1.266175389289856,14574.553960530557,14681.674189487074,14446.833445749928,14558.760862100831
2020-07-22,183.0178577089773,183.45257946125517,178.54022896717737,179.10536193847656,4978400,1.2730745077133179,14376.052352011346,14410.19974477147,14024.334623420378,14068.725817170247
2020-07-23,178.32287900662698,179.1227654877827,175.67107350207743,176.51443481445312,4088600,1.2729934453964233,14008.15374592093,14070.988828383324,13799.841164725845,13866.091412551203
2020-07-24,176.4970260243883,178.1750455688427,175.03636734942208,175.16677856445312,3191500,1.2730745077133179,13863.841036406448,13995.649468221522,13749.106300449015,13759.350101125325
2020-07-27,173.97566121774437,177.52297925881544,173.5322365126186,176.51443481445312,2601200,1.2795906066894531,13596.197120253397,13873.420008771518,13561.54348159681,13794.602265104922
2020-07-28,175.54935676137458,177.01871853708187,174.8364066564005,175.29721069335938,2139600,1.2889753580093384,13619.29502147261,13733.289580528924,13563.983637857398,13599.733276831921
2020-07-29,175.36679750451367,177.2708813938904,173.55835295600343,176.1319122314453,2635000,1.292373776435852,13569.355917151583,13716.688207863011,13429.423911296619,13628.558196003272
2020-07-30,173.4540202890735,173.8800524833243,170.67180306809416,173.4801025390625,3057900,1.298246145248413,13360.642041874416,13393.458021787788,13146.33620848818,13362.651079227191
2020-07-31,173.74961152850838,173.74961152850838,170.85436265372007,172.1150665283203,2399700,1.311785101890564,13245.280136060233,13245.280136060233,13024.56952800289,13120.675503957587
2020-08-03,172.57585875583564,173.78438478586253,170.8717435235728,173.3583526611328,2294600,1.3101695775985718,13172.024576555375,13264.266531390109,13041.95628147358,13231.749204471973
2020-08-04,173.32358572053414,175.3841627923893,172.5671607726461,175.31460571289062,1944700,1.3078734874725342,13252.320456123169,13409.872168241534,13194.484208570677,13404.553834307486
2020-08-05,176.64483422568767,178.0707210343974,176.50572008175138,177.81858825683594,2232400,1.3086093664169312,13498.66803333024,13607.630023462858,13488.037348000727,13588.362793376325
2020-08-06,178.2359297155896,179.35750607012986,177.21868234287007,177.58384704589844,1882400,1.3126804828643799,13578.013236447587,13663.45492383315,13500.519330961934,13528.337578265464
2020-08-07,176.91439783449812,181.5398446204295,176.0188718976214,181.07904052734372,3075000,1.3138015270233154,13465.83895630976,13817.904827051385,13397.67600182563,13782.830724638836
2020-08-10,182.2266736197287,183.1395920163869,180.8790334405338,182.04409790039065,2432800,1.3052273988723755,13961.296995233144,14031.24024017628,13858.047539976598,13947.308956099445
2020-08-11,184.9480095182267,188.62575155277693,183.04392626299065,183.50473022460935,4042700,1.3077194690704346,14142.789328485964,14424.02258390002,13997.185986158305,14032.423204271012
2020-08-12,186.66952154695105,187.75632594960757,181.9484495898057,184.43505859375,2439400,1.3050740957260132,14303.365775037219,14386.64107765917,13941.618348388696,14132.152281449484
2020-08-13,182.9395985665127,184.4958964967563,180.5747113332283,181.18331909179688,2219900,1.3048017024993896,14020.490486492012,14139.7651569084,13839.245533427158,13885.889230887298
2020-08-14,180.37473439200463,182.13100051571283,179.63570219210374,180.81814575195312,2287600,1.3070528507232666,13800.110247431314,13934.47865669161,13743.56837160036,13834.034763926811
2020-08-17,179.9748294234707,180.7138618074762,176.08841537893568,176.55792236328125,3922600,1.3107001781463623,13731.197448832072,13787.581997817992,13434.683104107458,13470.50418601267
2020-08-18,176.88828811517337,177.0013200223361,174.84510372664883,175.02767944335938,3067900,1.3107877969741821,13494.807361153475,13503.430565261999,13338.932825760254,13352.861527044473
2020-08-19,175.9753707873057,179.1923225644035,175.42763036723247,176.51443481445312,2458500,1.325398564338684,13277.166244337206,13519.882047994568,13235.839775846083,13317.838087634123
2020-08-20,174.5494584427268,176.74045960365,174.18429379368192,175.49716186523438,1764200,1.311079978942871,13313.410413258443,13480.524639401216,13285.558210882558,13385.694594065757
2020-08-21,173.98436255300652,176.80136464524094,173.73222974165986,176.00146484375,1780900,1.3220343589782715,13160.351043180874,13373.431896420689,13141.2794653785,13312.926676109384
2020-08-24,176.59264398970575,180.34863246174703,175.03634618963622,180.2703857421875,3097400,1.3094146251678467,13486.38090605329,13773.225760223133,13367.526437029012,13767.250057947049
2020-08-25,182.57444629764967,183.00916804992752,178.38372223769673,179.10536193847656,2627600,1.307138204574585,13967.493694139977,14000.751214328466,13646.890712352231,13702.0983176578
2020-08-26,179.00971525469166,180.2182411456178,178.261993340882,180.16607666015625,2563200,1.3152183294296265,13610.646327619474,13702.534181056726,13553.794784641517,13698.567958544894
2020-08-27,179.6965917446057,185.19148150756692,179.46185153130682,182.71356201171875,3692400,1.3219819068908691,13592.9690722643,14008.624516133765,13575.212383456741,13821.184772599307
2020-08-28,184.22635368186076,184.3219929824706,180.05302288553082,180.5920867919922,3697400,1.3199577331542969,13956.988853091218,13964.234486660203,13640.81730520711,13681.656787633048
2020-08-31,179.75239446879124,180.54838151131932,178.1166956855338,179.20132446289062,3046200,1.3356484174728394,13458.062175441206,13517.657727093501,13335.597403884609,13416.80356286835
2020-09-01,178.09046587778613,180.8108069434741,177.57437826984884,179.71742248535156,2457000,1.3364516496658325,13325.619817396015,13529.169348452237,13287.003560080135,13447.356852025905
2020-09-02,180.006019761865,184.50201500893505,179.63864427634272,183.72352600097656,3565200,1.339943766593933,13433.848811389367,13769.384925602475,13406.431579809856,13711.286292856315
2020-09-03,185.21931741692725,188.26329585030908,180.041050498573,181.5542907714844,3533500,1.335131287574768,13872.741889928548,14100.732834467879,13484.894869448604,13598.235054567042
2020-09-04,184.46701941249896,186.61880521341493,179.59490675929217,184.51075744628903,3668900,1.3262248039245605,13909.181826989263,14071.430775625151,13541.814798504405,13912.479762125196
2020-09-08,183.25997174170772,183.65360081194896,176.05239016041835,177.11077880859375,4574700,1.3162224292755127,13923.176483368343,13953.082452259781,13375.58046760552,13455.991545903125
2020-09-09,178.60652135010594,179.1663335998957,176.71715000194922,176.8833465576172,4681400,1.2968486547470093,13772.348893321612,13815.516016003243,13626.65946832658,13639.474884763928
2020-09-10,178.20415403465574,179.6211892510328,174.54788311589107,174.9502410888672,2510300,1.2999167442321777,13708.889805855653,13817.899496104246,13427.62018339808,13458.572778997865
2020-09-11,175.15143637962393,176.61219631778772,174.02305621888345,175.74623107910156,2376400,1.2808295488357544,13674.843505822668,13788.891463218059,13586.745900503824,13721.28174579131
2020-09-14,177.8280496337878,177.8280496337878,175.52756447974272,176.11361694335938,2756900,1.2806557416915894,13885.702757159292,13885.702757159292,13706.069380354498,13751.831285333157
2020-09-15,176.6909074879656,177.2069816877501,173.17457975030905,173.19207763671875,3717600,1.2849671840667725,13750.616333154852,13790.778775136536,13476.965162816963,13478.326900815153
2020-09-16,173.62068728826512,178.26538173185415,173.2533117593516,175.53628540039062,3571400,1.2884771823883057,13474.87481046765,13835.354181548144,13446.36242903513,13623.546291678886
2020-09-17,173.37576587791372,174.84526795634983,170.13933770364036,170.41925048828125,4274800,1.2959998846054077,13377.760903944938,13491.14842009302,13128.036485546647,13149.634696161158
2020-09-18,170.5767116557631,172.01123147979132,168.27623991384442,170.4455108642578,9066300,1.2975554466247559,13146.005598409909,13256.561168714032,12968.712847807015,13135.894216129747
2020-09-21,166.10694652617929,169.8419512347042,163.9814137382476,169.69325256347656,4871300,1.2932761907577515,12843.88808154386,13132.689865355911,12679.535501397286,13121.192037413952
2020-09-22,169.69324290922577,171.56511629197422,164.82111607481946,167.61143493652344,3355800,1.2820513248443604,13236.072505118025,13382.078624098926,12856.046624719065,13073.691488667297
2020-09-23,167.9438366361797,168.7485659184241,162.58187549754402,162.80055236816406,3116100,1.2744048833847046,13178.216658283356,13241.362154093691,12757.474301710237,12774.633437984046
2020-09-24,165.30223798705862,172.71976802137965,163.6140587309577,170.66419982910156,5114600,1.2717468738555908,12998.045553350343,13581.300773929976,12865.300642330212,13419.66733613381
2020-09-25,168.7835715077321,170.90910440722135,165.8532959322212,170.52423095703125,3106000,1.2757054567337036,13230.606690347073,13397.222964367838,13000.908247023523,13367.053504155952
2020-09-28,172.9996411375281,176.57719146150427,172.44857116425402,174.12802124023438,3280100,1.2766826152801514,13550.716448000318,13830.938821294805,13507.552237359514,13639.100208317965
2020-09-29,173.3320252313247,173.8655972904213,170.94406436929884,172.1336669921875,2400000,1.2873492240905762,13464.25833703142,13505.70568085326,13278.763925931526,13371.171067725472
2020-09-30,173.78687517136947,177.63559607940883,173.50697571908086,175.7899627685547,3075800,1.2866535186767578,13506.889978437888,13806.016421740009,13485.135912698692,13662.571952497641
2020-10-01,176.27981202571968,177.6793494488138,173.07837917960205,173.67318725585938,2288700,1.2917560338974,13646.525148704746,13754.868937033842,13398.689430340926,13444.735902015822
2020-10-02,170.8653552088222,175.55378781544027,170.82161716561396,174.85401916503906,2541200,1.2886265516281128,13259.493605260786,13623.325360915245,13256.099445552298,13569.021912835808
2020-10-05,176.62967885106397,177.42566587835884,174.58286650685764,176.51597595214844,2551600,1.2931090593338013,13659.3025604555,13720.858623461121,13501.016426008278,13650.509574427386
2020-10-06,178.65900688189686,180.26846547868445,174.85402391795907,175.89492797851562,2833100,1.2992581129074097,13750.847895966057,13874.723096805561,13457.989769767932,13538.105033256821
2020-10-07,178.3528403953064,179.31502391118127,175.96489283842303,178.09043884277344,2326600,1.2883278131484985,13843.74679915015,13918.43148002523,13658.394318786668,13823.379191631713
2020-10-08,179.44622250916782,182.07910039474876,178.5365326618184,181.9216461181641,2330600,1.2917560338974,13891.649645928474,14095.471251285111,13821.226917218255,14083.282086113604
2020-10-09,182.6039178112483,183.52236327977636,180.25096604207272,181.53677368164065,3040900,1.29404616355896,14111.082197333712,14182.056903985762,13929.25315325198,14028.616504867787
2020-10-12,181.42307877433169,187.9658868845892,181.42307877433169,187.2923583984375,3474200,1.3031693696975708,13921.68071111393,14423.74961039875,13921.68071111393,14372.065730942006
2020-10-13,187.19617168096116,187.28364778115915,182.9713323033937,184.3971099853516,3317300,1.3065747022628784,14327.245993417217,14333.941064127408,14003.893691382711,14113.017010507796
2020-10-14,187.08244826344523,187.5810246083904,183.9247535888676,184.76446533203125,7550100,1.2935272455215454,14462.969288908505,14501.51322732738,14218.854239495344,14283.770672146522
2020-10-15,183.3211835374551,184.32709173634092,180.97696070052984,182.46397399902344,4325700,1.3012362718582153,14088.231899320286,14165.535938612806,13908.078387800226,14022.355351227481
2020-10-16,182.2190461750757,183.6885481537576,180.02352212888803,180.3734130859375,3244500,1.2902060747146606,14123.251296532215,14237.147983850704,13953.082818084056,13980.201815886545
2020-10-19,181.40557911018885,181.8604307253254,178.95639555934608,179.9185791015625,3235300,1.2927746772766113,14032.265815442948,14067.449952565341,13842.814119498356,13917.241903328668
2020-10-20,180.80203053510292,184.89566841601004,180.6008515550961,181.96539306640625,3335500,1.2948671579360962,13962.979092255717,14279.122555762196,13947.4424421234,14052.82325303879
2020-10-21,181.4056095484571,181.8954436714202,176.69967836560087,177.48692321777344,3083600,1.2954038381576538,14003.788178245279,14041.60141520926,13640.509095364909,13701.281252199968
2020-10-22,177.74059333268238,180.51341500528983,176.86588567519183,179.66494750976562,2136900,1.3131976127624512,13534.946424307467,13746.096798452185,13468.337434998497,13681.485997512686
2020-10-23,180.8545193421003,182.12285590483003,178.45782931498988,179.3500213623047,2110200,1.307805061340332,13828.859108156965,13925.841189066628,13645.598613305072,13713.81918177423
2020-10-26,177.11950472794967,177.3994041531472,173.6381596956684,175.9386444091797,3249700,1.3054660558700562,13567.5304563859,13588.97103110931,13300.85595982375,13477.07537994326
2020-10-27,174.9414773016147,175.45755145638034,170.92657360081677,171.16273498535156,3430400,1.301574945449829,13440.75328994246,13480.403266040246,13132.288248045825,13150.432526664616
2020-10-28,167.34029937049388,169.1421947892212,165.26724674659587,165.99325561523438,4214600,1.303186297416687,12840.857803846882,12979.126248066961,12681.782111598779,12737.492401837226
2020-10-29,166.0194634976724,168.24996998746846,163.4828040858939,166.1419219970703,3581200,1.2989881038665771,12780.676205078222,12952.387284121727,12585.396555924555,12790.103427624248
2020-10-30,165.76581941793222,166.5443085867513,162.275744910823,165.35470581054688,3658800,1.2931926250457764,12818.339372455395,12878.538383317487,12548.458889106236,12786.548779204
2020-11-02,167.94384572994977,168.55613833144466,164.64619460528604,166.36936950683594,2459600,1.2926744222640991,12991.967879723245,13039.334222782967,12736.86488798245,12870.16797434907
2020-11-03,169.64079973549323,174.06681820354407,169.01100917473715,173.13087463378906,4545500,1.2923903465270996,13126.12711719416,13468.594737750476,13077.396440549259,13396.175164804108
2020-11-04,171.66136239235487,175.65878243525134,170.4805018218199,173.07838439941406,3868500,1.3121638298034668,13082.311712407585,13386.9550772148,12992.318333249143,13190.302953659178
2020-11-05,174.63536162883344,178.54530554830862,174.11928736398454,177.53065490722656,2892800,1.2966804504394531,13467.879582024116,13769.41446813658,13428.07993326146,13691.164607830735
2020-11-06,178.73771006021963,178.781448100385,175.30885859347617,176.04360961914062,2475100,1.3139395713806152,13603.191041153583,13606.519812211098,13342.231439857716,13398.15113675005
2020-11-09,187.6159944488411,190.68621260840465,183.137483498792,188.0008544921875,6960500,1.318061351776123,14234.238352867527,14467.172742107176,13894.458194378381,14263.437300460353
2020-11-10,188.2807741714668,191.01861269642103,184.7207085273904,190.22262573242188,4166500,1.3169677257537842,14296.536694830678,14504.426263528134,14026.21377237343,14443.9853773596
2020-11-11,191.24603941048807,192.3656638967402,188.08834493131465,190.7299652099609,2680700,1.3261544704437256,14421.098271191437,14505.52467182616,14182.989170815154,14382.183181582419
2020-11-12,188.25451671838488,189.68903623685708,185.787835587672,187.6334686279297,3005500,1.3224189281463623,14235.618737116965,14344.095671917268,14049.090770962513,14188.655700121893
2020-11-13,188.80564899425096,193.27540555814815,188.4207754980282,191.6309509277344,2832100,1.3121638298034668,14388.877722877784,14729.51785198168,14359.546515334863,14604.193971452216
2020-11-16,195.52337966790776,196.4593231629338,192.4619032102742,194.51747131347656,3004700,1.3220518827438354,14789.387785758552,14860.182548599743,14557.81771671711,14713.300881185372
2020-11-17,192.45313486520615,196.6779734059784,190.9748771547131,196.5030212402344,2722900,1.322209119796753,14555.423342926997,14874.95211318852,14443.621231720846,14861.720305668474
2020-11-18,196.80917670228524,199.188382039511,195.50585779387856,196.19688415527344,2856200,1.3259083032608032,14843.34747872631,15022.787137666117,14745.051170814111,14797.168376784946
2020-11-19,196.1968849422393,196.75669717989223,194.28127347913716,196.4330596923828,1505200,1.325644612312317,14800.111818808951,14842.34125439474,14655.607670011426,14817.927660849113
2020-11-20,195.05976806367988,196.64298646715577,194.7361305670732,195.3659210205078,1848100,1.3249244689941406,14722.331168943225,14841.826162093877,14697.904305059248,14745.43836969259
2020-11-23,197.73637352635853,201.18272318070964,197.4477184523316,200.1593170166016,3371300,1.3305126428604126,14861.668138774954,15120.692333159303,14839.973112006448,15043.774149059387
2020-11-24,202.14493388911023,208.28537169781956,201.73382024489732,207.74305725097656,3915200,1.332906723022461,15165.722431854212,15626.402665710744,15134.879039956488,15585.716064204731
2020-11-25,205.55626138369624,207.69929207766276,203.30825671435528,206.9033050537109,2272800,1.3363267183303833,15382.186000181136,15542.55327149066,15213.963316423857,15482.987971101667
2020-11-27,207.3056651853412,207.56808008914825,204.497848404465,205.9061279296875,1050400,1.3354523181915283,15523.254732604371,15542.904622026288,15313.002614829133,15418.45598864405
2020-11-30,202.9758692548512,205.55625359871635,201.4976115083484,201.69004821777344,2705400,1.333191156387329,15224.813657245792,15418.3631217395,15113.93250270014,15128.366795074726
2020-12-01,204.00309457863904,206.5623574786337,203.46661411388345,204.10862731933597,2577600,1.3336889743804932,15296.15213872483,15488.045672311506,15255.926833195494,15304.06498367775
2020-12-02,204.10860849733655,209.42943620569665,203.66887089201305,209.0072784423828,2136300,1.3422638177871704,15206.295945146308,15602.70294337203,15173.53505272738,15571.251766806028
2020-12-03,208.6906647445955,210.0626573320669,206.36006082755807,207.09002685546875,2142600,1.3370771408081055,15607.974915977295,15710.586242249925,15433.669047908315,15488.263207484593
2020-12-04,209.0512636369496,210.85419057818504,208.39165720135568,210.7046813964844,2373000,1.345496654510498,15537.107649888883,15671.104782857703,15488.08438153792,15659.992961717202
2020-12-07,209.7899954896969,210.94211920389745,207.07242050841623,209.7108459472656,1788600,1.3417415618896484,15635.648581552332,15721.516363167291,15433.107715377375,15629.74956607279
2020-12-08,208.44440708069504,210.3616699467537,208.0662391956708,210.0538482666016,1371800,1.3357375860214233,15605.19141349908,15748.727306036875,15576.879873194921,15725.682234656577
2020-12-09,211.07405734469177,215.78804516217895,210.6607029088136,213.5541839599609,3552300,1.3365589380264282,15792.349393612607,16145.045236898644,15761.42262905941,15977.909980931812
2020-12-10,211.0740102483624,215.62968452808863,210.643062646338,214.94369506835935,2541700,1.3367018699645996,15790.65721318639,16131.471749478382,15758.417593290009,16080.152193850958
2020-12-11,211.7864398503404,212.1294346724609,208.52359407935032,211.06527709960935,2077300,1.3305658102035522,15917.021031672302,15942.799149484306,15671.798604794305,15862.821326163506
2020-12-14,213.95870967261007,214.15219527580075,208.77860166658812,209.13038635253903,1927800,1.3318239450454712,16065.089568974907,16079.61743535773,15676.141162896722,15702.554915799994
2020-12-15,210.6342954118772,214.24893876345877,208.6027099915951,213.21115112304688,2348000,1.3330844640731812,15800.521353935317,16071.670215766415,15648.124002152023,15993.82161214223
2020-12-16,214.20498325349348,214.50400160870012,212.0590615613479,214.38967895507807,2400900,1.3444474935531616,15932.565926199442,15954.806910443192,15772.952278032773,15946.303591855425
2020-12-17,215.4714153174949,216.2893207790684,213.7124649883725,214.97010803222656,2983600,1.3502929210662842,15957.38316893077,16017.955615754207,15827.118816531336,15920.25735145463
2020-12-18,215.8144263401308,215.8144263401308,211.5665593651785,212.9473419189453,4088100,1.3570178747177124,15903.580222554154,15903.580222554154,15590.550670468412,15692.301913358566
2020-12-21,220.1238334138302,229.41110244021948,218.77823748330377,226.00753784179688,7408500,1.3401951789855957,16424.75938321489,17117.738224805627,16324.356400751922,16863.777857555328
2020-12-22,225.9020054578712,226.6407883049897,219.6929256051254,219.94796752929688,3599800,1.3449536561965942,16796.266876339916,16851.196861749802,16334.609344562614,16353.572222799823
2020-12-23,221.1880146010748,229.1736376727402,221.01212224358784,225.5414276123047,3376100,1.339943766593933,16507.260984789173,17103.228014955253,16494.134138583224,16832.156187092776
2020-12-24,226.0603500681861,226.57043395864125,223.1668686696964,225.28640747070312,968100,1.3505300283432007,16738.63929893597,16776.408462134877,16524.39146010492,16681.332716983667
2020-12-28,226.73749847914831,230.99415521354103,226.0251257164589,228.30296325683597,2793400,1.3572388887405396,16705.7914682618,17019.41766698815,16653.304557622916,16821.133342907047
2020-12-29,228.89222558455336,229.41988923631956,225.58539022306772,226.9134063720703,1430900,1.3466018438339233,16997.765644882234,17036.950475512192,16752.196742936376,16850.81655064595
2020-12-30,227.61696310479823,229.2351941720112,226.75506778923247,228.17984008789065,1566500,1.3499903678894043,16860.636084438003,16980.505907638515,16796.791531464394,16902.330973266908
2020-12-31,227.6081502835353,232.1198619427203,226.90458092342905,231.92637634277344,2043100,1.36306631565094,16698.244808055417,17029.2420315493,16646.628144065722,17015.047153594704
2021-01-04,234.81990949522773,235.3299933694145,228.80430155136568,233.0609588623047,3572000,1.3684196472167969,17159.93408694647,17197.209485266292,16720.3315164852,17031.39525483451
2021-01-05,232.07593990428265,240.53648775703624,230.9238294409757,238.27622985839844,4207100,1.3571596145629883,17100.121269008745,17723.52236066869,17015.229967282386,17556.97909822674
2021-01-06,242.99027672968856,253.62313157404796,240.1847479301205,251.1342010498047,6383500,1.3629549741744995,17828.1954528146,18608.32796238627,17622.353818077747,18425.715141610533
2021-01-07,253.0865337670909,260.22789395216955,252.1279091519214,256.4989013671875,4009700,1.3625277280807495,18574.780428401813,19098.906289321938,18504.424090294855,18825.224329819015
2021-01-08,256.8067683210944,257.0530203130296,250.70320805014225,255.1181640625,2800800,1.3569625616073608,18925.118171049573,18943.26546552198,18475.322396011954,18800.678167591097
2021-01-11,252.23342927354332,259.44513529550267,249.94681565436176,258.4161376953125,2649700,1.3516253232955933,18661.49034989493,19195.048422362488,18492.315240508386,19118.918034565282
2021-01-12,261.3272449563956,267.34285143944584,260.3422102960179,265.7861633300781,4814400,1.3524113893508911,19323.058576268224,19767.864537709993,19250.22314556023,19652.75990892431
2021-01-13,263.9128793659705,267.1141816513267,263.0510109348749,266.4281921386719,2413800,1.3670539855957031,19305.22730972974,19539.402574136813,19242.181633393844,19489.222440807556
2021-01-14,267.4044663635929,272.11846814202374,266.95595219107025,270.7640686035156,3192200,1.364926815032959,19591.12118089173,19936.48781348419,19558.261237956853,19837.25908388557
2021-01-15,264.88913405332823,268.1167929635901,261.09859813974003,264.7308349609375,3863700,1.3683634996414185,19358.0970350892,19593.974337509768,19081.08468313875,19346.52853794409
2021-01-19,268.2399604744477,269.6471262907294,258.38982659993167,258.7416381835937,6727800,1.3581236600875854,19750.775894527076,19854.386917413678,19025.500710536777,19051.404948420342
2021-01-20,260.1663486029098,261.5998974098418,252.8315289799336,255.46115112304688,4792600,1.3644241094589233,19067.850443223368,19172.916661050644,18530.274218050617,18723.001840267443
2021-01-21,255.44356154680528,257.4575402646015,253.7549574924575,254.49371337890625,2516000,1.3668484687805176,18688.50625224816,18835.850948006067,18564.96629204655,18619.014411009426
2021-01-22,252.13681912142127,255.56676801143703,251.0902411878771,254.51141357421875,2568800,1.3729474544525146,18364.637211987472,18614.4609673608,18288.408662223963,18537.59317218075
2021-01-25,251.1165201166981,251.83769612835488,244.0543362529388,248.9266357421875,4575000,1.3688204288482666,18345.468464989888,18398.15441242739,17829.536373758503,18185.4851444346
2021-01-26,249.70933380817976,251.32756461012545,246.32334964283615,247.80088806152344,3296800,1.3678992986679077,18254.950057460555,18373.25049109054,18007.41837375833,18115.433519326878
2021-01-27,242.73509662337105,243.93997306229875,238.6191601220941,240.3868865966797,3891800,1.374154806137085,17664.319590434552,17752.000864301706,17364.79464005088,17493.435639353927
2021-01-28,241.51270291641623,246.10356512568745,238.6280249622028,241.873291015625,3778700,1.3669419288635254,17668.102632363447,18003.95173555747,17457.071139854343,17694.48181436049
2021-01-29,241.21367180224817,243.9664336820925,238.0035924457973,238.48731994628903,3412000,1.3725008964538574,17574.755136807125,17775.320534393144,17340.869726258778,17376.113965569773
2021-02-01,239.79775047081492,243.4387644377744,239.21729352314887,241.61827087402344,2324100,1.3697690963745117,17506.436019436318,17772.248263017846,17464.059756955117,17639.343120934453
2021-02-02,244.7756293953433,253.5088147328747,244.49419079180976,252.38308715820312,5195500,1.3678767681121826,17894.56733980211,18533.015593410815,17873.992489048414,18450.718152521807
2021-02-03,252.06638364982925,254.88071513124035,250.8087405080951,253.77256774902344,2712800,1.3659336566925049,18453.77939219882,18659.816593758504,18361.70734056057,18578.68912634547
2021-02-04,255.04788376828455,260.1752138981255,254.625725884669,258.3459167480469,2994700,1.364908218383789,18686.083088450523,19061.736928084687,18655.153691299158,18927.71347321497
2021-02-05,259.445158716361,261.41517438375257,256.9738357923544,258.1259460449219,2938100,1.3676148653030396,18970.630204350146,19114.67775146094,18789.927070251135,18874.169372802604
2021-02-08,259.4451052152372,264.62522545314613,259.00536774877065,263.9743957519531,2826200,1.3738716840744019,18884.23120023973,19261.276618524105,18852.224028713896,19213.90467624323
2021-02-09,263.4907346401147,265.99724394133506,261.8197373857841,264.2470703125,2071700,1.374570369720459,19168.952019073404,19351.300580953877,19047.38696200976,19223.975442322306
2021-02-10,263.842567087171,268.3982423040739,261.8637478340172,267.6067199707031,3213700,1.3817994594573975,19094.12869438929,19423.820183680495,18950.922729181366,19366.538186068366
2021-02-11,267.34283585918763,268.2486940887971,263.11256300796373,265.8829040527344,2159900,1.3832597732543945,19327.015867034886,19392.503076821828,19021.196748094462,19221.473015671658
2021-02-12,265.592675674998,269.73502270191415,265.3991900802836,269.4008178710937,1977300,1.381024718284607,19231.565674283873,19531.513022949828,19217.555382349725,19507.313251114057
2021-02-16,272.6373200564843,275.2053995257309,271.95133045379134,274.361083984375,2792200,1.3914785385131836,19593.354299794053,19777.911905115845,19544.054969354795,19717.23432238733
2021-02-17,272.6637181453732,277.01713148778634,271.5467942095122,275.0470886230469,2333100,1.388811707496643,19632.878717364376,19946.34189735587,19552.455724828236,19804.490928350824
2021-02-18,271.95134070665625,276.5949690013681,270.5089883987187,272.54937744140625,2093300,1.3866355419158936,19612.31574454706,19947.20030176069,19508.297618346096,19655.444361741145
2021-02-19,272.83962871847007,278.60018112880044,272.83962871847007,277.5799865722656,2749500,1.3967455625534058,19533.953501143686,19946.380256937307,19533.953501143686,19873.339426603845
2021-02-22,275.2757261829595,281.92455627204345,274.58093328872906,278.6792907714844,3162300,1.403114914894104,19618.901008099907,20092.763128622355,19569.38311852043,19861.473056361665
2021-02-23,279.6556280392173,281.4321588799405,273.1474878935489,280.73736572265625,2942500,1.4071228504180908,19874.286595241112,20000.539312990342,19411.772597708157,19951.162447489376
2021-02-24,281.58168527719914,291.08001003022514,281.5201155501525,290.789794921875,3934400,1.412030577659607,19941.61385257756,20614.28517452366,19937.25348474837,20593.732141682744
2021-02-25,293.1555240480463,295.3366327080207,286.96403654008014,288.2568664550781,4244000,1.4148274660110474,20720.23134202833,20874.39209394841,20282.61702814861,20373.99424169981
2021-02-26,286.5066419497745,289.0659181428235,280.5877907065183,280.9747619628906,3732200,1.4008152484893799,20452.85002849158,20635.54908147582,20030.320986946736,20057.945704538124
2021-03-01,286.9521772587257,292.2850806514231,285.4600237813901,291.29620361328125,2957800,1.3972529172897339,20536.881598739466,20918.552184408498,20430.08966015257,20847.779239445892
2021-03-02,291.36679078168856,296.8321275886078,290.93416386622124,292.1967468261719,2850300,1.3929517269134521,20917.220974147367,21309.57748595769,20886.16268927586,20976.803515914435
2021-03-03,294.61597046167384,300.2843908881474,294.23631716436097,295.2781677246094,3606300,1.3954981565475464,21111.885320619258,21518.078650211126,21084.679745640064,21159.33771314508
2021-03-04,294.1303451490253,299.98417277168977,285.99857098940055,290.7398986816406,3647600,1.3926994800567627,21119.441010851624,21539.763392419965,20535.555235343665,20875.99678502004
2021-03-05,296.29355396255227,296.29355396255227,279.4119414358822,289.0447082519531,3740200,1.3894098997116089,21325.13623402655,21325.13623402655,20110.115919994383,20803.415054977533
2021-03-08,292.56757799229456,298.0682398274934,290.5721751550678,295.0662841796875,2998000,1.385367751121521,21118.405402135802,21515.459673880312,20974.371239682445,21298.769510176437
2021-03-09,290.14844425318887,297.00882740791786,287.4555186057232,291.8878173828125,3324800,1.3823610544204712,20989.338735011464,21485.618858991453,20794.532491096077,21115.1649888734
2021-03-10,293.19453893758475,302.31519296681114,292.71774924607814,301.97967529296875,3153100,1.3890432119369507,21107.66147647342,21764.275608477856,21073.33643262962,21740.12101984022
2021-03-11,299.0130122709953,304.6107840252034,297.0705559137524,302.05029296875,2756600,1.3931456804275513,21463.154677350707,21864.96274615871,21323.725155762786,21681.170692504456
2021-03-12,304.8050772059466,309.02548127238555,303.41005974623715,307.97479248046875,2436700,1.3989927768707275,21787.46611456678,22089.140586101876,21687.750270226978,22014.037354027514
2021-03-15,308.5309867062257,311.1621271697774,301.9619869400106,305.537841796875,2276200,1.3929517269134521,22149.438544426714,22338.328109852064,21677.850072314264,21934.56068100046
2021-03-16,304.8580292876021,306.2883713885849,298.2095683384875,301.7059631347656,2332600,1.3899120092391968,21933.620780388377,22036.52960421858,21455.28395727151,21706.83907536794
2021-03-17,304.2752989509926,306.40316325124,300.54933368143134,304.5666809082031,2710900,1.3902212381362915,21886.825679551494,22039.885080593303,21618.813282146588,21907.7850743023
2021-03-18,309.68760880656623,315.07348565304727,306.3677843349889,307.2595520019531,3713000,1.3975849151611328,22158.768705002884,22544.13898111667,21921.228614553747,21985.03637730864
2021-03-19,305.8645239921126,306.5885058809362,300.7523533932502,303.9044189453125,3513000,1.3925055265426636,21965.049198154225,22017.040509859904,21597.92888865319,21824.288173552286
2021-03-22,301.1320314566459,302.7389701382009,296.66440888322103,299.60455322265625,2094500,1.3832597732543945,21769.738213970668,21885.908633484443,21446.760371355183,21659.312228662355
2021-03-23,298.09477147333115,301.86489917537324,292.5411351754781,292.9296264648437,2457500,1.3862512111663818,21503.66175135864,21775.62744355594,21103.03910424259,21131.063699369093
2021-03-24,294.3864580022255,297.49436111604444,289.9894580141157,290.17486572265625,3332200,1.3730417490005493,21440.459346302636,21666.811029787954,21120.2214517659,21133.724880097594
2021-03-25,289.0271486361215,292.5941934763012,284.23284507438643,291.8525085449219,2804700,1.3688879013061523,21114.011480439,21374.591242797636,20763.778013026476,21320.409674630395
2021-03-26,295.348895673678,296.1788519526976,284.91265756974565,289.0624389648437,3082600,1.374910593032837,21481.316470344787,21541.68085208897,20722.267979714452,21024.08988843539
2021-03-29,282.8465439538969,289.38905647639115,280.52443445643365,287.5967102050781,4533200,1.3791011571884155,20509.48492643849,20983.889032938736,20341.106451418043,20853.924217669704
2021-03-30,290.8459175878333,296.4436894584433,290.35147904023165,293.1415405273437,2717300,1.3775053024291992,21113.95992994968,21520.33018934095,21078.066162664014,21280.610681526618
2021-03-31,291.56989026536723,293.706565092258,287.3406493746268,288.718017578125,2624500,1.3746649026870728,21210.25201817784,21365.684431030902,20902.595884492202,21002.79253611296
2021-04-01,286.3341931626171,291.06671205561497,286.2105969718248,289.283203125,2659000,1.3786258697509766,20769.535770740913,21112.813740263762,20760.570597991427,20983.445144348967
2021-04-05,293.8831907783061,293.8831907783061,285.23046252841186,285.6631164550781,3235000,1.383125901222229,21247.754128428212,21247.754128428212,20622.161892591397,20653.44277065781
2021-04-06,286.5018904927164,290.0777724534009,286.0692635005247,288.7710266113281,1801700,1.3914011716842651,20590.890414869442,20847.889045706863,20559.797513627447,20753.973224111647
2021-04-07,289.3361000326421,290.6604947042382,285.4953500960378,288.3207092285156,2157300,1.383125901222229,20918.999476256213,21014.753208467126,20641.31326322164,20845.58672306945
2021-04-08,286.3253380253905,292.68241698770373,285.159864118258,292.3734130859375,2402800,1.3743815422058105,20833.03138412739,21295.572444749494,20748.23150350166,21273.089321084266
2021-04-09,294.89857972088885,295.693211223376,290.2985225937616,292.08203125,2347100,1.373437762260437,21471.564844375447,21529.42196206379,21136.634696572004,21266.491957326434
2021-04-12,293.7243325789086,295.32243371038584,291.3139239982551,292.9914855957031,2318800,1.3712154626846313,21420.72785584266,21537.274173687438,21244.941581092353,21367.28279172628
2021-04-13,290.93425835353656,291.4110211293448,286.2282266000601,289.3184814453125,3575900,1.3753834962844849,21152.955458566852,21187.619446981444,20810.794034775634,21035.477176139517
2021-04-14,290.0866062018326,304.1428619848922,287.9675798429731,296.0905456542969,9876800,1.3759700059890747,21082.33500288493,22103.88748745059,20928.332637307474,21518.677323308446
2021-04-15,299.2248938457727,301.38808256153794,295.37533297977603,298.9158630371094,4354800,1.3779228925704956,21715.648637462793,21872.637735142256,21436.274451377867,21693.221344155627
2021-04-16,300.45223949652814,303.498331649661,298.9777346278792,302.2357482910156,4231900,1.3785498142242432,21794.804685067025,22015.768202068914,21687.84410566434,21924.180408460175
2021-04-19,300.19609738975925,304.1074694860379,297.1941418048369,302.9243469238281,3228200,1.3818453550338745,21724.2903698439,22007.344626387883,21507.047856129422,21921.7255983324
2021-04-20,300.16963193170244,300.6110968122124,290.7929221808525,293.0267333984375,3662300,1.3993842601776123,21450.12206251372,21481.669143117153,20780.062378573883,20939.690529407984
2021-04-21,291.3668065188032,296.1964331470766,289.2124558544074,296.01983642578125,2733300,1.3938837051391602,20903.2364353319,21249.723492355875,20748.67901734553,21237.054090981554
2021-04-22,295.44597585188643,297.520866344512,291.6229015379305,292.1173400878906,2165200,1.3931845426559448,21206.52123290522,21355.45272253186,20932.108605080073,20967.598415282642
2021-04-23,292.4704565837885,300.7876660275165,292.0025049310495,299.6221923828125,2163800,1.3840255737304688,21131.867946303246,21732.81128157052,21098.057035463087,21648.60231413341
2021-04-26,301.909029350012,305.4054239452651,300.98196380301187,303.3040466308594,2171500,1.3866355419158936,21772.774476332033,22024.923977016413,21705.917287187778,21873.3789422265
2021-04-27,303.7278779036292,306.8622681912518,303.4276849786218,306.04998779296875,2088600,1.3895643949508667,21857.77636554718,22083.34275880047,21836.17298206253,22024.887000921633
2021-04-28,307.25951908972735,309.1313256419676,305.5731202199591,307.35662841796875,2140900,1.390356421470642,22099.334698992163,22233.962519839737,21978.042140931084,22106.319190647813
2021-04-29,309.51103360330626,312.40704229749946,306.80045956921816,311.6477355957031,2584400,1.395673394203186,22176.465847155556,22383.96487280307,21982.253215078003,22329.560546909197
2021-04-30,310.0142675277831,311.5152587743089,306.5531982423158,307.6568603515625,2101100,1.3952839374542236,22218.72259874374,22326.298641600257,21970.667762551602,22049.767226081614
2021-05-03,309.3256079012426,312.61010767579177,308.3720556192216,309.16668701171875,1871700,1.3819791078567505,22382.7991423808,22620.46552647274,22313.8001049424,22371.299627762935
2021-05-04,308.05419911316955,310.59704122591563,302.46526538422563,308.8841552734375,2831400,1.3903758525848389,22156.181620996074,22339.07044979864,21754.208750239326,22215.87455645126
2021-05-05,310.7912956718322,317.095427500536,307.74517702436947,315.7533569335937,2786800,1.388811707496643,22378.216859363813,22832.139575789286,22158.8841282945,22735.505124934793
2021-05-06,317.6516483690481,323.417178956461,314.76447758754614,323.1258239746094,3048700,1.3909753561019897,22836.612235835837,23251.107759578972,22629.047754636627,23230.16166728672
2021-05-07,319.885457888892,328.14085696275606,318.67584836603027,327.4698486328125,3378100,1.389854073524475,23015.75855929301,23609.734519152564,22928.727154636672,23561.455470098015
2021-05-10,329.77431373938344,332.8469194551047,325.3596642917344,325.5185852050781,3396300,1.4041197299957275,23486.1961337433,23705.024033535763,23171.789224322376,23183.10741250453
2021-05-11,320.5035306933888,325.47442998474537,316.6362936978084,317.7841186523437,3734300,1.4131278991699219,22680.433305552466,23032.19900873308,22406.768268024578,22487.994104356134
2021-05-12,320.5652280985312,325.0328493253656,311.9125026138704,312.91021728515625,3309800,1.4138271808624268,22673.57937644035,22989.574236866585,22061.57208150472,22132.140442672968
2021-05-13,311.89492894144206,318.6405250515228,311.89492894144206,316.80401611328125,2673900,1.4063708782196045,22177.28863500683,22656.934240198843,22177.28863500683,22526.34927383731
2021-05-14,319.6206571495603,326.2514700127888,319.3557889298765,325.5980834960937,2732300,1.4050863981246948,22747.402407150446,23219.317363560123,22728.55173575847,23172.815844680776
2021-05-17,324.7239730109006,327.30214029744764,321.82796387875817,326.0218811035156,1826100,1.4101786613464355,23027.151233507877,23209.976811373694,22821.78653671284,23119.189790620618
2021-05-18,327.9025087616613,329.4034734164398,321.3864818244784,321.88092041015625,2018600,1.4148674011230469,23175.493936844516,23281.579118649333,22714.9541765807,22749.900107576457
2021-05-19,317.8547806784341,317.8547806784341,312.4953894374451,316.4244384765625,3696000,1.41880202293396,22403.039715233695,22403.039715233695,22025.29911757749,22302.22634037581
2021-05-20,316.9542197594575,319.5765229261607,311.9833195693025,317.6605529785156,1919600,1.4106162786483765,22469.20190536554,22655.099601740905,22116.809815085824,22519.27457429397
2021-05-21,319.1702742039069,324.1588489645134,318.3050202732998,323.3818664550781,2657500,1.4185603857040405,22499.590248003482,22851.254851842725,22438.59503487566,22796.482244538474
2021-05-24,324.31769055478054,326.4367160974495,322.7195902160892,325.17413330078125,1834300,1.4142870903015137,22931.531566595775,23081.361509695747,22818.53468289018,22992.08806547594
2021-05-25,326.6045462056438,330.01264209823034,321.4658886072505,321.83673095703125,2631000,1.415608525276184,23071.67132537038,23312.42262290312,22708.67142061982,22734.868094570225
2021-05-26,322.26937112440663,325.6156825499631,319.5411213255334,324.3883972167969,2121200,1.4143872261047363,22785.087787588825,23021.678684607337,22592.195081226728,22934.907161893138
2021-05-27,327.85832150251275,329.818426800423,324.30011536991884,327.8936462402344,3897000,1.4116119146347046,23225.81143609542,23364.667255998127,22973.744554560584,23228.313875849253
2021-05-28,329.5591652775215,330.507097322173,326.2458640415357,329.5768737792969,2169700,1.4203739166259766,23202.28225961597,23269.02046379979,22969.012611588612,23203.52900890981
2021-06-01,334.6088319775459,339.6230679894785,333.37740184010016,338.8080444335937,3644000,1.4226775169372559,23519.654172780683,23872.104812664784,23433.09695072682,23814.816808448664
2021-06-02,339.59647487629627,340.78362018790096,336.08827258116673,339.6939392089844,2809700,1.4157087802886963,23987.73530295154,24071.59049465012,23739.929939025344,23994.61979318323
2021-06-03,338.63985254024374,346.61306031751565,336.7617234784506,344.3717041015625,3003900,1.4171934127807617,23895.10489438261,24457.710372602214,23762.580353634996,24299.555797810954
2021-06-04,345.22208005142585,347.32168654764115,342.2454295848626,346.7901611328125,2514100,1.4109944105148315,24466.58026983,24615.38358758724,24255.61908923417,24577.71331682871
2021-06-07,348.1633285576238,348.3936742712561,343.3350985558943,343.8755187988281,2188700,1.4164307117462158,24580.32896846738,24596.59137450829,24239.45595846486,24277.609624468583
2021-06-08,341.7758516035697,342.38713278451485,338.6131406301367,340.8102111816406,2452600,1.41765558719635,24108.524996504148,24151.644156507886,23885.430543803697,24040.409691866666
2021-06-09,339.44599531872893,340.4293445171035,335.6542935969528,339.1093444824219,2025900,1.414987564086914,23989.327110289632,24058.822364052452,23721.35996923402,23965.53532265478
2021-06-10,345.18665690382954,345.18665690382954,329.8692356352638,331.27783203125,3900800,1.4112334251403809,24459.9263845733,24459.9263845733,23374.533918968824,23474.347059083902
2021-06-11,332.83701355459635,335.5390332389351,332.3143018960644,334.9188842773437,2117300,1.4170126914978027,23488.640260715158,23679.324486802267,23451.751977239066,23635.559955594304
2021-06-14,334.3696190810469,335.53902891796565,328.4074511308918,330.3741760253906,2560500,1.411930799484253,23681.7285381964,23764.551990829197,23259.457988369668,23398.751280591725
2021-06-15,330.8879811696756,332.07509946423886,325.2713048942599,328.93896484375,2302900,1.4109944105148315,23450.693971845292,23534.827423099014,23052.628874382124,23312.563281078455
2021-06-16,328.66435000557465,331.4018137233176,323.5792258537683,328.6732177734375,3264200,1.4081531763076782,23340.099325512743,23534.500315674966,22978.97922598351,23340.72907006128
2021-06-17,330.9056974644715,330.9056974644715,315.87177624184005,320.2570495605469,4146300,1.3990709781646729,23651.816285872763,23651.816285872763,22577.251702855454,22890.693507249074
2021-06-18,315.84519410969415,317.4930037454487,308.41240983939366,309.03253173828125,6290100,1.3938642740249634,22659.6807160894,22777.899517335827,22126.43049877539,22170.91990211571
2021-06-21,312.6292965669743,317.1297147220169,310.9903550192434,316.748779296875,2717300,1.381711721420288,22626.231776163597,22951.94502627749,22507.615025482333,22924.37520695582
2021-06-22,316.27048861499634,318.82191873124475,312.4079264371451,316.7400207519531,1870800,1.392540454864502,22711.76305939136,22894.984315717204,22434.387837410675,22745.480725209727
2021-06-23,317.8563474223636,321.1253645913803,316.8552626204849,319.8584899902344,1713100,1.3949919939041138,22785.53201820109,23019.87151142411,22713.769254955612,22929.05560662452
2021-06-24,321.58596952793965,328.5669585365461,321.3910678589117,326.6799621582031,2716600,1.3967455625534058,23023.947821967293,23523.751737280574,23009.993836771042,23388.65222961553
2021-06-25,326.7419436402896,328.8061059041567,322.95024283188906,326.6976318359375,2782400,1.3916915655136108,23478.042961315485,23626.36334458269,23205.590292753022,23474.858936532255
2021-06-28,325.8383178277999,326.7862498510688,322.34782350927406,326.6445007324219,1833400,1.389506459236145,23449.931856158724,23518.1526274238,23198.727963199155,23507.951226940575
2021-06-29,332.0928319045033,334.9543362993412,328.45174795897003,330.1083984375,2365900,1.3879058361053467,23927.61981867597,24133.794064824226,23665.27608822876,23784.63940780228
2021-06-30,328.5846495973635,336.7438889202581,328.5846495973635,336.2300720214844,2238400,1.3842746019363403,23736.955741132235,24326.37920606335,23736.955741132235,24289.261072272915
2021-07-01,337.2665829038408,338.0993420348333,331.46384525550474,332.2080078125,2571000,1.3829153776168823,24388.0853711409,24448.303020352923,23968.483583334066,24022.29472529111
2021-07-02,333.3774833750061,333.6344053794453,329.93130036544443,331.4727783203125,1598900,1.3759511709213257,24228.874572037264,24247.546891947222,23978.416337588864,24090.4463272749
2021-07-06,330.6488140058722,331.00317325777866,323.720978432208,327.66326904296875,2162900,1.3856172561645508,23862.925532633926,23888.49964051472,23362.943626170032,23647.458747010343
2021-07-07,325.57255816015044,327.86706627811634,320.8595013057922,325.7231750488281,2012800,1.3805670738220215,23582.5237566199,23748.72416523994,23241.138180813694,23593.433540833477
2021-07-08,318.653630654763,321.48855934610515,315.0213867176945,317.9891967773437,2940500,1.3801099061965942,23089.003942659285,23294.417198416202,22825.818820897606,23040.860394494313
2021-07-09,324.24372738024954,329.6920796872492,323.3135307799874,329.3465881347656,2641800,1.3790820837020874,23511.56114724013,23906.632069514293,23444.110731397937,23881.579786073984
2021-07-12,328.0619143249954,340.19004599211564,325.42188808932883,337.08935546875,4135900,1.3899506330490112,23602.41482860115,24474.97327627176,23412.478137837148,24251.894092764072
2021-07-13,337.5854715141976,341.3683043063466,329.56798236324755,333.0850524902344,6466800,1.3886960744857788,24309.528752661186,24581.930530245943,23732.189383863817,23985.453592757698
2021-07-14,335.5390854051229,338.2145292376799,329.01878770622284,331.68536376953125,3295700,1.3806052207946777,24303.76767748178,24497.55543029189,23831.489462051963,24024.634904582847
2021-07-15,328.88577858309174,335.53898263951584,328.2922330146173,330.75506591796875,2183900,1.385809302330017,23732.39795909313,24212.49316737596,23689.567710553416,23867.28573418124
2021-07-16,332.15492495224083,332.15492495224083,322.32129796505313,323.1806335449219,2583300,1.3829728364944458,24017.45834677316,24017.45834677316,23306.408445596942,23368.545282792315
2021-07-19,313.61269191243747,314.6669288306064,309.18313411706407,314.25054931640625,4394600,1.3763866424560547,22785.2176298965,22861.81216268619,22463.3925221296,22831.560523985518
2021-07-20,312.0801161985234,325.40423622211085,311.4334179369201,323.1451721191406,2937900,1.3669979572296143,22829.596382937638,23804.29571976696,22782.288465747042,23639.038406029016
2021-07-21,326.05096053228607,332.12830202012424,325.9534961833722,330.8880310058594,2398800,1.3633265495300293,23915.837379143206,24361.610366541798,23908.68836932252,24270.636489836146
2021-07-22,329.8249443132367,331.0563746625453,326.4142055947995,330.18817138671875,1887100,1.3714035749435425,24050.17387582753,24139.9673087606,23801.4696445747,24076.65966601493
2021-07-23,331.8537356898588,334.8746985160159,329.00996605822314,331.3753356933594,1706900,1.377389669418335,24092.945014608613,24312.270227598838,23886.48422179342,24058.212650403977
2021-07-26,330.60447955810173,333.70517011269595,330.5424592583996,333.01416015625,1559100,1.3757808208465576,24030.31606114928,24255.692844108522,24025.808053858997,24205.466096797074
2021-07-27,330.00213449635123,332.34095454758886,327.0963449706777,332.0751647949219,1791800,1.3829153776168823,23862.785810150548,24031.90823724135,23652.66525088097,24012.688713258252
2021-07-28,332.9345188184836,334.37855941042216,329.8604037225055,331.5347900390625,1668900,1.3882719278335571,23981.938418796566,24085.955547068552,23760.50376796592,23881.113158891945
2021-07-29,334.01534874758374,336.2124199015455,332.04862332956924,334.4760131835937,1296600,1.3906852006912231,24018.041507996597,24176.02630231739,23876.620184390293,24051.16650535624
2021-07-30,333.60788066433406,336.6022674812835,330.49832096428844,332.1106872558594,1474900,1.3964334726333618,23889.994561303665,24104.42560120868,23667.315875853532,23782.77904135116
2021-08-02,333.2534063834336,342.78579761353774,332.88131158447874,335.0429382324219,2383200,1.3896223306655884,23981.581112316682,24667.551035204895,23954.804426972496,24110.359400452795
2021-08-03,336.86795574742393,337.8070200752628,329.3554140888308,336.96539306640625,1494600,1.3892748355865479,24247.75480837089,24315.348656887007,23707.002074199227,24254.76834640429
2021-08-04,335.2998677945939,338.99410441976573,332.8901869046411,334.7505798339844,1460500,1.391788363456726,24091.29696714979,24356.72788482154,23918.16138467028,24051.830624778217
2021-08-05,336.7793130724692,340.4647088325587,336.6021469615066,340.4558410644531,1583800,1.3890432119369507,24245.416570075417,24510.735584517766,24232.66202727645,24510.097176149375
2021-08-06,344.51340887825927,353.35479194927524,344.30079868307337,352.4954833984375,3655800,1.3927576541900635,24736.06286361468,25370.874170837942,24720.79745153482,25309.17581662301
2021-08-09,351.34367459468893,358.4398350893583,348.67707205456946,354.2583312988281,3319100,1.3868471384048462,25333.98706066517,25845.66281051251,25141.70901744935,25544.1512974744
2021-08-10,354.47103237651413,363.78197423738567,353.9217713749651,361.4254455566406,3152300,1.3849073648452759,25595.28827519205,26267.60341317327,25555.627788469865,26097.445557091083
2021-08-11,362.1606989978428,367.36986421814254,360.6192212621589,366.6700134277344,3000500,1.3836042881011963,26175.164540351187,26551.65695694008,26063.754236918307,26501.075241024137
2021-08-12,367.1041203807815,370.8603776013815,363.7199309602469,367.65338134765625,2312800,1.3866932392120361,26473.34752921864,26744.22627257607,26229.300084200622,26512.956936068196
2021-08-13,368.53922401787935,369.3276983157152,361.6113888470098,363.9147644042969,1980000,1.3811582326889038,26683.345564279763,26740.433469139207,26181.749512002523,26348.52081327499
2021-08-16,362.32896275182696,362.32896275182696,356.2693308842745,361.7619934082031,1590700,1.3863856792449951,26134.78833315314,26134.78833315314,25697.707082367833,26093.892834006572
2021-08-17,357.7665546777895,361.7620248393453,354.541850355809,358.76763916015625,2077400,1.3842746019363403,25845.05662224397,26133.689394669826,25612.10397560365,25917.374967243326
2021-08-18,356.6681170011173,359.77764921705074,353.11560182332613,353.3016357421875,2187800,1.3740416765213013,25957.590886479054,26183.896410472033,25699.045950143125,25712.585125994927
2021-08-19,349.58073129703297,352.35363899843287,346.31171525039804,348.6682434082031,2241500,1.3743815422058105,25435.49375204604,25637.250514360352,25197.640146897334,25369.101133925942
2021-08-20,346.8255738860526,351.21971552457586,346.3914857906356,350.70587158203125,1612100,1.3630849123001099,25444.164978747278,25766.532396864204,25412.318973300375,25728.835263112098
2021-08-23,356.0390342330233,357.99689134479445,353.4787366718881,355.64923095703125,1857600,1.3625277280807495,26130.773480444197,26274.466490973162,25942.865556930476,26102.164647907546
2021-08-24,357.5450771302536,362.92256729753217,356.7566298258105,361.9480590820313,1958400,1.37247633934021,26051.09223974937,26442.901556466888,25993.64517987348,26371.897912355304
2021-08-25,363.1351565578991,369.141636076911,362.28468899867767,365.98779296875,1845300,1.3725517988204956,26456.936406331613,26894.550456611796,26394.973895339142,26664.770924001714
2021-08-26,368.4329401809604,372.7296170772622,364.2514361245406,365.35882568359375,2076500,1.3766520023345947,26762.968386792993,27075.078992016057,26459.2239365377,26539.66471294126
2021-08-27,365.6866053848389,371.9500071632324,365.4385512072727,371.8082580566406,2174500,1.3702384233474731,26687.80842471719,27144.91148588315,26669.705430863007,27134.56663609814
2021-08-30,372.0386616474435,372.756248024101,365.6335097654053,366.4131164550781,2089400,1.3762996196746826,27031.8073426034,27083.946162261516,26566.417990570284,26623.06311918386
2021-08-31,366.8670785890583,369.3151737626301,363.8848752932339,368.1134033203125,1958100,1.376045823097229,26660.963787042147,26838.871755837954,26444.24111358408,26751.536696049567
2021-09-01,367.8018400071852,370.42796229334846,365.2647176342218,368.2469482421875,1680400,1.3753398656845093,26742.614620868964,26933.558136118285,26558.142227079912,26774.978129417508
2021-09-02,369.53770889356207,371.7365444414228,367.3389005129494,368.9946899414063,1830400,1.3771638870239258,26833.241299417114,26992.905342932834,26673.579228596744,26793.811064768044
2021-09-03,368.5495915284728,369.5466295549301,365.52286118608487,366.1549072265625,1373600,1.383680820465088,26635.44844139666,26707.505379074108,26416.703605331753,26462.382206287224
2021-09-07,365.8790224081665,369.1995401046372,364.6683408730835,365.273681640625,1557000,1.3839489221572876,26437.32124433013,26677.251898078157,26349.841026259957,26393.581135295044
2021-09-08,364.2944039955804,365.86119375825615,360.2706351209156,360.5376892089844,1646200,1.3779798746109009,26436.845030007855,26550.54696365316,26144.8401213149,26164.220236582856
2021-09-09,360.2439312358086,363.9917351795701,359.2112768121547,360.1637878417969,2424600,1.3767657279968262,26165.957207545995,26438.17519405954,26090.951387553916,26160.136072375208
2021-09-10,363.2083391919649,364.8018343653485,358.8996945067188,359.1845703125,1956000,1.3839681148529053,26243.98172862302,26359.12131574804,25932.656298578404,25953.240284778953
2021-09-13,362.6830503558367,364.4278668139732,359.46935517043624,364.3299560546875,1802800,1.3840830326080322,26203.85062248988,26329.913612717337,25971.66114326876,26322.8395602957
2021-09-14,365.25580833000106,371.22918042956667,358.5613902272947,359.3714904785156,3263200,1.3838149309158325,26394.84516099768,26826.504913043595,25911.079741710302,25969.620824995538
2021-09-15,354.30617417014133,359.30027579592684,352.7126789960631,357.8225402832031,3199800,1.381024718284607,25655.310109889324,26016.933009151315,25539.925124162386,25909.930180515545
2021-09-16,360.11036706434203,361.4101027084994,351.5376050311473,353.1310729980469,2882900,1.3848881721496582,26002.848049844317,26096.699356418758,25383.826080735584,25498.887209781562
2021-09-17,352.8106279160771,355.33883964582424,346.14288751497435,348.4841613769531,3843700,1.3797005414962769,25571.536525850468,25754.780038026325,25088.262061532896,25257.956411253137
2021-09-20,336.3416497673736,339.0478887307749,331.60569083053844,336.6176147460937,3834500,1.3729662895202637,24497.44413498286,24694.553050479022,24152.500564774007,24517.544044268798
2021-09-21,339.038973029229,339.6176083439398,333.0121896959528,334.5789794921875,2377300,1.366269588470459,24814.939591005877,24857.291065385,24373.82728168315,24488.503756183964
2021-09-22,338.9944106556918,346.5523667311203,338.0240779928111,343.1517333984375,2991300,1.3657469749450684,24821.172360226275,25374.56594000942,24750.124598035938,25125.57155121939
2021-09-23,347.5316482446991,350.5138519212168,345.5642501300063,348.8402404785156,2518000,1.3617113828659058,25521.681952402552,25740.68604637152,25377.202135354088,25617.78104140792
2021-09-24,347.6027839922865,349.4010112635009,345.9380837419363,347.9410705566406,1789700,1.3722503185272217,25330.85832075841,25461.900540019422,25209.54661633579,25355.510278188245
2021-09-27,353.041980388355,356.9767485226671,351.7956829591316,355.9173889160156,2788500,1.3669044971466064,25827.84540729254,26115.705176758944,25736.668779238054,26038.204546037276
2021-09-28,356.4872942939544,359.8344906677297,345.751282887287,346.7394104003906,2609000,1.3701633214950562,26017.868724216954,26262.160504712363,25234.31166658438,25306.429165104586
2021-09-29,347.78973993873035,349.3120295576236,342.1101549059677,342.6354064941406,1955000,1.354224443435669,25681.838902300966,25794.249339601236,25262.441286175123,25301.227440916235
2021-09-30,345.40396198134425,345.421756529072,335.27329503832755,336.52850341796875,2665700,1.3426424264907837,25725.685049601343,25727.010387411075,24971.153035482374,25064.640948189102
2021-10-01,337.783707559893,340.70361621826885,334.5878339953328,338.2822265625,2382300,1.346982717514038,25077.063214537695,25293.837239950935,24839.80155386409,25114.07326642069
2021-10-04,338.4691721379157,344.39801666228686,331.8904870241663,333.074462890625,2895600,1.3570915460586548,24940.776701536295,25377.655447232566,24456.01315460716,24543.25678013097
2021-10-05,336.59087541659113,345.5998623531668,334.2763070052084,343.4544372558594,2508100,1.3607479333877563,24735.725637194613,25397.78704588966,24565.630327505605,25240.121908602538
2021-10-06,340.4009441434916,346.7837803821644,337.0893381191903,345.4484558105469,2111800,1.3627691268920898,24978.62164810005,25446.994178172656,24735.6159944679,25349.00805966828
2021-10-07,349.77493130133536,354.17260251985,346.97075505620734,347.736328125,2348000,1.3592127561569214,25733.641015134333,26057.186479124,25527.332162276256,25583.656903588813
2021-10-08,347.9232444136472,351.02120709449827,345.56417651758454,349.6858825683594,1446700,1.3620266914367676,25544.524685241795,25771.9771059857,25371.321919767786,25673.93757896804
2021-10-11,349.7660525214315,353.37144559632355,342.7511422528478,342.9469909667969,1787400,1.361655831336975,25686.817804614042,25951.597860771995,25171.642816401643,25186.025945342295
2021-10-12,343.81937200912955,345.92918048689006,339.1902359576291,344.0953369140625,2088200,1.3590649366378784,25298.2298888298,25453.469599669508,24957.618051476966,25318.5353869332
2021-10-13,345.4040042007785,345.7422908196942,337.0626798893911,343.8995361328125,2391600,1.3578838109970093,25436.93366129536,25461.846442210488,24822.64514530938,25326.138609776088
2021-10-14,348.96484783882977,350.44261040352336,340.240737509759,348.252685546875,3380900,1.366923213005066,25529.220991986804,25637.329666317153,24890.99126217692,25477.121335972537
2021-10-15,358.1429510446249,362.55841669961177,352.82835814885374,361.49017333984375,6451400,1.3668859004974365,26201.37868963969,26524.40972342093,25812.568409729927,26446.258111835847
2021-10-18,363.2171980296808,370.27660748325695,362.8522060496585,368.2736206054688,3832300,1.376159429550171,26393.54061966546,26906.51966133679,26367.018112738948,26760.970618487674
2021-10-19,369.600157258612,370.1966143919629,364.71287634486674,366.9117126464844,2568300,1.373645305633545,26906.520609273808,26949.942090125143,26550.73146241751,26710.8045389679
2021-10-20,365.8789420563321,368.8433507281626,361.60591418388753,363.1103820800781,2453400,1.3793197870254517,26526.04171258661,26740.95987005199,26216.249312547207,26325.322488350404
2021-10-21,362.14001368702674,367.3566958176486,360.1993484924967,362.8432922363281,2162100,1.3822999000549316,26198.367928163458,26575.759413933985,26057.973995236684,26249.24534986286
2021-10-22,364.9797901557816,369.760247575945,364.187511736649,368.8344421386719,2411000,1.379120111465454,26464.684774116864,26811.315744140476,26407.23666553329,26744.18559140205
2021-10-25,370.5169629854829,373.43687171245136,367.8997245766896,369.2172546386719,1824700,1.3762730360031128,26921.762854666933,27133.923425322904,26731.59430959436,26827.326045050613
2021-10-26,370.6593545984627,373.7217008282623,368.33590310756136,371.7632141113281,1843300,1.37644362449646,26928.77121894911,27151.25372206797,26759.970154412138,27008.96771179634
2021-10-27,370.8197193838086,372.1639551633429,365.47841970428806,365.8701171875,2067200,1.3766140937805176,26937.085785998846,27034.733760518902,26549.08309856071,26577.53678685154
2021-10-28,366.7692153991276,369.36865965603306,364.15197659158855,369.2796325683594,1444700,1.3732868432998657,26707.400364938996,26896.686694272732,26516.81827203479,26890.20391989038
2021-10-29,368.5674075954879,370.2944296947383,366.0391961187168,367.9709777832031,2061700,1.380071759223938,26706.39444160107,26831.534463321503,26523.200237395868,26663.177137261755
2021-11-01,371.2825923022156,372.76035491299,367.8819588425028,370.9532165527344,1820800,1.36832594871521,27134.07522899288,27242.073079370704,26885.550126994644,27110.003789743296
2021-11-02,369.5289033582915,379.3746964415933,367.472505256542,377.31829833984375,3000800,1.365541934967041,27060.970732269056,27781.987995172774,26910.378645047716,27631.395907951428
2021-11-03,376.6683539747428,377.4517487434228,367.2676710850789,372.02142333984375,3542400,1.3617392778396606,27660.827597799085,27718.356581608878,26970.483782162246,27319.57793932766
2021-11-04,369.1282421155788,370.3211288873808,358.7839314098373,363.2706298828125,3802300,1.3694878816604614,26953.742859558737,27040.847447176962,26198.401330490266,26526.020036216618
2021-11-05,366.23502361664976,368.9501999524944,361.5168875366228,362.3892822265625,2105600,1.3508602380752563,27111.244619833633,27312.24071545588,26761.975617235003,26826.556294447226
2021-11-08,364.8908687760786,368.2380644758241,363.1727302154529,363.5110168457031,1728400,1.349127173423767,27046.439799301614,27294.540628169445,26919.087938448825,26944.16241896587
2021-11-09,361.5257891918133,362.8344084589992,356.139990540346,360.8492431640625,2246900,1.3564507961273193,26652.333444307238,26748.807217695998,26255.282650659297,26602.457250516618
2021-11-10,358.1608101553514,361.0273085134127,353.63852206590974,355.30322265625,2243900,1.3560001850128174,26413.035493204297,26624.429148584535,26079.533467214613,26202.29898072555
2021-11-11,356.211217874791,359.4337970275585,354.7601607368073,358.169677734375,1252400,1.3412736654281616,26557.683719308778,26797.9463320649,26449.49870267979,26703.69865347651
2021-11-12,358.7572333502988,360.6266933495941,355.37442166947903,360.4575500488281,1360100,1.3366482257843018,26840.063558217924,26979.92533809635,26586.981886049853,26967.27105123888
2021-11-15,361.4278288410226,362.6207154593938,359.56727997725534,360.3684692382813,1436500,1.341705560684204,26937.939249257648,27026.8474757215,26799.26881974713,26858.98305843728
2021-11-16,359.5673253090639,361.28543651701824,355.19635933140694,358.8373413085937,1311000,1.3408420085906982,26816.53192585976,26944.66866359221,26490.545273468768,26762.089717471805
2021-11-17,357.73345390040004,358.4456161298642,348.49300362832764,348.564208984375,2927000,1.3424620628356934,26647.56523135982,26700.614196330935,25959.244084127273,25964.54817114906
2021-11-18,349.2318864395813,350.67405984288064,343.3386581578198,348.40399169921875,1847400,1.34916353225708,25885.067161230974,25991.961052802937,25448.26108540246,25823.703603695623
2021-11-19,340.4009989508236,347.39808779240855,339.2081120681839,344.8609924316406,2610400,1.3499648571014404,25215.545216614835,25733.861586465286,25127.180925028686,25545.92370442179
2021-11-22,349.997441934305,358.3031480162004,347.3445875939959,352.6680908203125,3058700,1.3434540033340454,26052.059919112788,26670.295159119752,25854.594703800205,26250.849671451146
2021-11-23,356.3091151532011,362.2824596080279,353.86993090351075,361.73052978515625,2402300,1.3397642374038696,26594.911642337884,27040.76206049815,26412.850934819904,26999.566019622987
2021-11-24,360.5376335043696,362.7453799045562,354.5731728980154,355.365478515625,2186300,1.337595820426941,26954.153713585263,27119.207040342968,26508.244679236577,26567.47823884479
2021-11-26,342.2704521506675,348.7067001047063,340.7036624059297,346.64141845703125,2687900,1.331416130065918,25707.24842681017,26190.66212510449,25589.569985836177,26035.54295529446
2021-11-29,350.7453168655999,352.8551257192746,340.46332669240536,344.10430908203125,2883400,1.334098219871521,26290.816646122057,26448.961587944847,25520.109510767004,25793.026627017753
2021-11-30,341.4247010050606,344.36240431150543,335.8430538559159,339.1635437011719,4570400,1.3315047025680542,25642.01991525525,25862.650251804484,25222.82145967492,25472.200214316326
2021-12-01,343.4859952221574,349.159748310244,336.6756835536983,336.9173278808594,2476000,1.3295927047729492,25833.92598268005,26260.65463933702,25321.71561600073,25339.889928050845
2021-12-02,338.2775741951416,348.20216958936027,336.5145920943455,346.8150634765625,3343700,1.3280000686645508,25472.707583164258,26220.041535051696,25339.952913763605,26115.59077894649
2021-12-03,348.9092219378661,348.9092219378661,339.19939547796184,342.5105895996094,2807500,1.3299994468688965,26233.7869958723,26233.7869958723,25503.72455240563,25752.68661997963
2021-12-06,347.8263941016233,352.2383155674485,343.1907167237389,348.3901672363281,1990200,1.3237318992614746,26276.196433407677,26609.490619963635,25925.998830670243,26318.786109989418
2021-12-07,352.22044871326995,359.5319124403049,351.7551029894781,358.0642395019531,2441000,1.326435923576355,26553.898492405744,27105.109719203774,26518.81607979005,26994.46186111541
2021-12-08,359.06653208226544,359.49607353644933,353.6165063973358,355.5674133300781,1635200,1.3246086835861206,27107.366615637955,27139.7944155993,26695.92240932528,26843.20416558409
2021-12-09,354.1175613684204,358.1357174040917,351.70128209391123,354.82452392578125,2111500,1.3210039138793945,26806.70039261903,27110.874815832598,26623.788044735575,26860.217460201722
2021-12-10,356.17588678982014,356.9454999687624,347.8173906132828,349.9651794433594,1893800,1.3224014043807983,26934.022121414495,26992.22027338202,26301.95260388013,26464.368404631812
2021-12-13,350.0815573967191,350.0815573967191,342.4479388517369,344.2198791503906,2313300,1.3257148265838623,26407.00325414771,26407.00325414771,25831.19174537453,25964.850980612904
2021-12-14,343.25334361755904,351.2538800381827,342.9848802385925,347.9606018066406,2788500,1.3213530778884888,25977.412802191753,26582.893392845723,25957.09549386145,26333.658098611977
2021-12-15,348.5690560479803,350.26938744462853,340.6043256979666,348.9359741210937,2802300,1.323050618171692,26345.859429752112,26474.37540437128,25743.862027640615,26373.592161068198
2021-12-16,353.60749177160733,357.822530478146,350.6274118583001,355.6120910644531,3578200,1.3263126611709595,26660.945199710186,26978.746486687072,26436.256104857075,26812.08597907031
2021-12-17,348.3096022203881,352.3009398358033,340.63124920876703,341.67828369140625,7058600,1.3323739767074585,26142.029813665777,26441.595677694324,25565.738686260564,25644.32281511203
2021-12-20,336.05826181593994,336.1567166061968,328.1203750759364,332.55914306640625,3735600,1.3229438066482544,25402.30810463225,25409.750203817577,24802.29118024643,25137.813215888724
2021-12-21,336.87259098623184,341.93780931565595,335.37809936549746,340.35382080078125,2942800,1.3210004568099976,25501.322823136994,25884.760868393674,25388.189507169536,25764.85261955781
2021-12-22,340.4433255330949,343.6560647391916,339.41415219271266,342.152587890625,1487900,1.3269639015197754,25655.809110043174,25897.921137538207,25578.25060681611,25784.619121798016
2021-12-23,343.4591769164129,346.87772888659794,343.26229467221435,344.57781982421875,1624000,1.3352025747299194,25723.375869454623,25979.4083273666,25708.630373308584,25807.156632686907
2021-12-27,346.3228967850118,348.22011084398474,344.54202596164697,347.2625732421875,1430400,1.3404303789138794,25836.69411205298,25978.231791951755,25703.83597548883,25906.796705366123
2021-12-28,348.0590707289902,350.20685994837794,345.65174867194565,346.8777770996094,1528200,1.344266653060913,25892.11522404837,26051.889269956395,25713.03452963681,25804.23878772594
2021-12-29,347.19992486248816,348.53333851765,344.02298981311986,345.6159362792969,1327800,1.3433277606964111,25846.255472491088,25945.517446684982,25609.75808575345,25728.340200467672
2021-12-30,347.0030848663696,348.81976014345787,344.7210638978803,345.0074157714844,1160100,1.349879264831543,25706.231209475874,25840.811784525675,25537.177500159578,25558.390647221273
2021-12-31,344.5420077607428,346.3318363724869,340.81916097104096,342.3494567871094,1601300,1.349837303161621,25524.706344516362,25657.302221630725,25248.906677328167,25362.27558575025
2022-01-03,348.1217028674852,357.3393102967978,346.63614168080204,353.7864990234375,3334300,1.3522284030914307,25744.297492318463,26425.958031931412,25634.437265800007,26163.220519153394
2022-01-04,359.961398286475,367.1654476686693,359.0217218601337,364.6596984863281,3916400,1.3483266830444336,26696.89792637684,27231.193470089438,26627.205882293016,27045.352070237932
2022-01-05,366.7358936800536,369.29536295031215,356.07748768939325,356.7397155761719,3469600,1.353143334388733,27102.51636761913,27291.66626809252,26314.838837841755,26363.778803767673
2022-01-06,358.8606304705872,359.03962425292394,345.82172270417766,355.21832275390625,2960900,1.3555645942687988,26473.148678256763,26486.353049564008,25511.268453475383,26204.45563831752
2022-01-07,355.8806468668857,358.4579775819307,353.0706023412114,355.7374572753906,2360700,1.353363037109375,26296.02236122874,26486.461337643374,26088.388160454626,26285.442081764268
2022-01-10,359.1470217532451,361.8764995072498,352.7931246138796,357.22296142578125,3009400,1.3592311143875122,26422.807567577023,26623.617990845964,25955.344965219763,26281.252514348944
2022-01-11,358.1894110588044,360.9546926788991,354.66344690125896,360.6951599121094,1748800,1.3580313920974731,26375.63558126462,26579.25985947985,26115.99768349117,26560.14890458588
2022-01-12,360.8652734889736,361.6528025297396,347.7279366670902,349.2940368652344,4158000,1.3633265495300293,26469.467173024128,26527.232426773306,25505.8435403433,25620.71698711099
2022-01-13,352.6409850350628,355.1646500304315,348.79286429422945,349.7325134277344,2497800,1.3709993362426758,25721.455562589934,25905.53041431707,25440.775576895747,25509.313110697924
2022-01-14,341.97364171986914,343.99615698953573,335.592897721492,340.90869140625,4685300,1.3713659048080444,24936.71751068775,25084.199321528722,24471.433666601642,24859.06133519984
2022-01-18,322.2049840686135,323.5742019905346,310.7411329372726,317.1576538085937,13123500,1.364800214767456,23608.21610242148,23708.53979134722,22768.25058898593,23238.39418963113
2022-01-19,320.68356998731787,321.90959814363515,309.9893610555205,310.8216247558594,7426100,1.3600261211395264,23579.22138426477,23669.368781969897,22792.897594921884,22854.092279891724
2022-01-20,312.2356043778796,319.64549394029933,309.765659397485,311.5196838378906,4599900,1.3608589172363281,22944.009876642962,23488.510814144105,22762.5109020534,22891.401885401454
2022-01-21,309.2286730719701,312.3161108029717,304.9151798954729,307.7699584960937,4904100,1.359767198562622,22741.295230451833,22968.351577616646,22424.072313098266,22634.0184423797
2022-01-24,301.8724602747251,307.91313104020355,291.9478652128645,307.3045959472656,6569800,1.3555830717086792,22268.827825816847,22714.442033573538,21536.700428463697,22669.551011721895
2022-01-25,302.35572313252874,306.8929450506741,296.13608532225106,305.657958984375,3959300,1.3489269018173218,22414.537268489825,22750.895147633066,21953.456849536185,22659.34192376042
2022-01-26,310.1772651103637,313.64953655286973,302.84791567646937,306.669189453125,3745900,1.3510775566101074,22957.769048329646,23214.769205390807,22415.287279016276,22698.118842456894
2022-01-27,309.34498060735814,312.1191925732902,302.2304023203224,305.19256591796875,2573400,1.3468012809753418,22968.86593271824,23174.851181256392,22440.608469086827,22660.549126961847
2022-01-28,302.2394163594405,310.66949377117754,298.40918424800947,310.5442199707031,3714600,1.3388315439224243,22574.865204770907,23204.524511052197,22288.77752414983,23195.167560878515
2022-01-31,308.38750848436933,317.8825371833564,307.3494045004617,317.4082336425781,3312400,1.3403388261795044,23008.175430043735,23716.580537284543,22930.72456734906,23681.1936984111
2022-02-01,318.7057668506296,326.2319978044947,316.844330205045,325.80242919921875,3303700,1.3445378541946411,23703.740720749716,24263.50413167824,23565.296374257177,24231.554967589196
2022-02-02,325.30132670687374,329.80274424810955,320.22715094212055,324.9075622558594,2742400,1.352539300918579,24051.155222324767,24383.96755082263,23675.996011697243,24022.042245663244
2022-02-03,324.69283488296963,327.323885288109,320.5225306850999,321.1668701171875,2372900,1.3565024137496948,23936.03075024699,24129.989152271984,23628.600099508818,23676.100157419256
2022-02-04,324.1111115942151,331.9684577538844,323.0819383402658,328.9704895019531,3762300,1.359841227531433,23834.481925701373,24412.295423379554,23758.79858612374,24191.830843306954
2022-02-07,327.0822018100943,332.433798878464,325.1670995089032,329.4626770019531,2635600,1.3533447980880737,24168.43085902254,24563.86571612105,24026.922035558142,24344.326550587753
2022-02-08,332.0848233397178,333.489845501439,327.7623988069367,331.20782470703125,3422300,1.353780746459961,24530.177741713025,24633.962801841502,24210.892322409793,24465.396303878293
2022-02-09,333.80305386006665,336.73837184716206,331.9237282555672,335.1722717285156,2250400,1.3547565937042236,24639.337827274972,24856.005382224423,24500.617291554165,24740.40527177474
2022-02-10,332.6486061284885,337.74067097611913,330.07124842507955,331.62841796875,2406200,1.3533265590667725,24580.069304032317,24956.332136791767,24389.623200234113,24504.68556513326
2022-02-11,329.82063270111377,335.50334359539266,322.85820099634583,324.9075622558594,3142100,1.3551788330078125,24337.793999414716,24757.126913703683,23824.02920799491,23975.25362278045
2022-02-14,324.90763746712923,326.0083920705388,319.6455361405807,322.38397216796875,2585600,1.3569625616073608,23943.743671326265,24024.862681868875,23555.958372348272,23757.764678938212
2022-02-15,325.82933055420403,327.440192613063,323.38620478577343,325.6950988769531,1846400,1.3532898426055908,24076.832641177614,24195.86568259596,23896.300304976325,24066.913725582086
2022-02-16,323.3772721075322,324.87176362221567,319.0637788358656,322.2138671875,2165300,1.3541145324707031,23881.087186731642,23991.453886065166,23562.54003519962,23795.170900322
2022-02-17,321.0773522905712,323.0282589150602,311.28698763844386,312.3787841796875,3102400,1.3584926128387451,23634.82504477067,23778.43323270276,22914.146510371495,22994.51474579106
2022-02-18,309.2554757014471,313.21993865617713,307.28665373422086,309.67608642578125,2910900,1.3618782758712769,22708.01151472935,22999.11410627291,22563.444852487333,22738.89611960089
2022-02-22,306.4723702465876,312.32511792575133,305.3447967015153,308.0921630859375,2590800,1.3596007823944092,22541.34994736142,22971.82540419783,22458.415783180775,22660.487333888756
2022-02-23,311.04534200550984,312.55774922218603,304.1097568003858,305.3357849121094,2217300,1.3589357137680054,22888.893039911,23000.186547127956,22378.52414351241,22468.743872032468
2022-02-24,294.0419585366603,305.16573523419834,292.59220193545104,304.4408569335937,4564000,1.3545730113983154,21707.353982575143,22528.555689971858,21600.327149099947,22475.042273234256
2022-02-25,304.4408704183266,313.84642760163354,304.4408704183266,313.3273620605469,2980500,1.337327480316162,22764.870601952538,23468.18054822563,22764.870601952538,23429.366903196526
2022-02-28,304.49463534808,307.7073748802092,302.0783554585419,305.42535400390625,4245700,1.337327480316162,22768.89092835312,23009.126740404907,22588.211182733383,22838.486346792157
2022-03-01,303.7239264788202,304.4080792777343,294.3799552372428,295.44219970703125,5631500,1.3422818183898926,22627.43354768421,22678.4029335122,21931.30765865252,22010.444875236637
2022-03-02,298.5028508016468,304.2640582444999,294.72204382298474,302.8057556152344,3469900,1.3335111141204834,22384.72912904998,22816.76208189514,22101.206409319544,22707.403966029167
2022-03-03,305.0472212838642,307.4147241404907,297.1795735916505,300.1412048339844,2393700,1.33969247341156,22769.943650355362,22946.66352477532,22182.67098529526,22403.738976727054
2022-03-04,294.3619241875148,297.6566205805174,291.6613560757027,296.76544189453125,3293100,1.3350956439971924,22048.002741302764,22294.778798719784,21845.7274867954,22228.028623180446
2022-03-07,294.1999207753581,295.07310563518143,288.82578869409525,289.7619934082031,3689900,1.3212482929229736,22266.815582747506,22332.9034531728,21860.069015122903,21930.926606320747
2022-03-08,290.31113339420955,297.5666590574341,286.755373639964,289.2939147949219,3596400,1.3112295866012573,22140.373917789933,22693.71146732091,21869.19640695736,22062.796458458473
2022-03-09,298.5748546835218,303.7869597187696,297.08954746345955,300.2942199707031,3202100,1.3099292516708374,22793.204617935233,23191.096720016296,22679.816263704066,22924.460965175993
2022-03-10,294.92908343432015,298.7188734492995,292.34554402474794,296.9725036621094,2232600,1.3185653686523438,22367.42223373848,22654.839915491553,22171.486600132943,22522.39522759754
2022-03-11,300.99639247528734,303.0128083905085,294.1009368353925,294.36199951171875,2613500,1.3103240728378296,22971.1411638348,23125.027973748478,22444.900687693575,22464.82420751115
2022-03-14,296.35139383082446,298.5208539412141,290.67119997251166,292.5436096191406,2342200,1.3050298690795898,22708.39931348352,22874.63766264251,22273.145378466772,22416.62176096134
2022-03-15,294.4250036156909,298.7729070680346,292.41757102324954,296.306396484375,2140700,1.3011853694915771,22627.444983548656,22961.59441023969,22473.16776528991,22772.035670840138
2022-03-16,301.62645549925816,307.2616222131212,300.8973043152631,306.74853515625,3468500,1.304648518562317,23119.365193595695,23551.295068476695,23063.47648689647,23511.96746034538
2022-03-17,303.6969737881232,309.30516512285465,301.4735042833145,309.0080871582031,2403500,1.3141123056411743,23110.427661655987,23537.19418006212,22941.228309723592,23514.587439117968
2022-03-18,305.04722795059547,312.1587198904936,303.6339237660529,310.907470703125,5861900,1.3160406351089478,23179.164823078754,23719.535063189876,23071.774204062986,23624.45827346256
2022-03-21,310.79944076066,311.735618076768,303.49888950828625,305.16424560546875,3401200,1.3160839080810547,23615.47306005952,23686.606618517282,23060.755294152146,23187.294041944504
2022-03-22,308.04486601747146,311.68161191388515,306.1724564239636,308.7740173339844,2840200,1.3168290853500366,23392.92695191249,23669.101433238364,23250.736168435822,23448.29870247791
2022-03-23,306.06439344753625,306.8115385558012,301.68047550155256,302.112548828125,2196800,1.3266470432281494,23070.521659083137,23126.839962589613,22740.070694875187,22772.63951781705
2022-03-24,302.8597168920099,303.813915436096,300.9332984344324,302.6706848144531,1944100,1.3206027746200562,22933.445447223454,23005.700220757506,22787.571268053132,22919.131371773237
2022-03-25,303.75089195867565,307.7117196849591,301.99553917341336,303.8049011230469,1580800,1.3195745944976807,23018.849652399058,23319.00909338854,22885.82551018067,23022.942574814846
2022-03-28,304.39907216577376,304.71414398326766,298.4218282056636,301.8335266113281,2182600,1.317627191543579,23102.06362766202,23125.975688639206,22648.426665820945,22907.35410960478
2022-03-29,308.28792282540115,309.6652117672459,303.12084348973355,305.7583923339844,2378700,1.3103584051132202,23526.99243370472,23632.10023752926,23132.666780852425,23333.951317507337
2022-03-30,305.16422329311763,305.93837303309704,300.33021034614313,302.0945739746094,2650200,1.3093804121017456,23306.00186719494,23365.125230644127,22936.818633484025,23071.566611394755
2022-03-31,302.58072999639484,302.9137957478226,297.152587890625,297.152587890625,2632000,1.3138878345489502,23029.41864898757,23054.768282546054,22616.28276607308,22616.28276607308
2022-04-01,300.60028508525306,300.8073385682569,294.8750928241496,297.2605895996094,2444800,1.314699649810791,22864.55960709466,22880.308716256866,22429.084305802273,22610.532348007437
2022-04-04,297.06254936756056,298.74589941852,293.33575147094274,295.4512023925781,2569400,1.3103755712509155,22670.031087650514,22798.49426171232,22385.624236791708,22547.06275625494
2022-04-05,294.68603568113235,296.82849118944546,291.1933233295985,291.6253967285156,2573900,1.3114582300186157,22470.10457031097,22633.468942829546,22203.781764781415,22236.727793028993
2022-04-06,288.06073177340454,288.61884504575755,284.234925179539,284.69403076171875,3151300,1.3077365159988403,22027.428939183952,22070.10674664173,21734.877148585416,21769.984035681024
2022-04-07,283.55969171368326,284.3068369091059,277.438414119299,282.7945251464844,3562600,1.307206630706787,21692.03284719928,21749.188707479665,21223.76123270521,21633.498369999976
2022-04-08,282.28138503429665,291.3733036319084,281.7592872604239,289.3118896484375,3294200,1.3069332838058472,21598.76013045447,22294.428280487013,21558.811819370647,22136.69918987361
2022-04-11,288.6097616004555,296.07234074374725,287.18747418338245,288.74481201171875,2747700,1.303220272064209,22145.892585243324,22718.51866413876,22036.756206109174,22156.255408333032
2022-04-12,289.5729644941341,294.46999778709693,286.26928426802857,287.86260986328125,2365200,1.3024225234985352,22233.411912770855,22609.406123912762,21979.755348445535,22102.090885992344
2022-04-13,284.2798335808989,290.42814326015184,283.30764100679863,289.8340148925781,3022900,1.3002548217773438,21863.393914764434,22336.248125821978,21788.624526655465,22290.55490033856
2022-04-14,295.6852388321532,299.79010065264214,287.18744796513323,289.5369567871094,5460900,1.312026023864746,22536.537648938793,22849.402008778055,21888.85302131315,22067.92788562532
2022-04-18,288.6457398300737,299.4570238473888,288.6457398300737,296.9544982910156,3653400,1.3057557344436646,22105.645965480307,22933.617364121834,22105.645965480307,22741.963941482307
2022-04-19,297.4856223511612,303.5439075186578,297.4856223511612,302.4186706542969,2774800,1.3009822368621826,22866.23244516096,23331.902536253707,22866.23244516096,23245.411204360134
2022-04-20,304.3541231125367,310.4754016826155,303.81400383362205,307.0186767578125,3040100,1.301371693611145,23387.17866745601,23857.549938026143,23345.674823353187,23591.92829113055
2022-04-21,309.9622180847868,312.6808077780175,300.0871388196577,300.9333190917969,3097800,1.3068820238113403,23717.689312216946,23925.710361072015,22962.06798716958,23026.816010076145
2022-04-22,299.14202372403304,299.3130619571658,287.5835917859493,287.8536376953125,3125200,1.302626132965088,22964.53419394515,22977.664456635604,22077.216517324156,22097.94740107731
2022-04-25,284.8020254182341,290.0051208536375,281.5253216808692,289.3389892578125,3093600,1.2830876111984253,22196.615642810568,22602.129295190363,21941.239181471,22550.212996567323
2022-04-26,286.2153018724714,289.50098850498114,281.5793033326704,281.86737060546875,2791700,1.2739989757537842,22465.89732955845,22723.800726267673,22102.003902010125,22124.615166091236
2022-04-27,280.98510553850014,287.3764276878964,280.98510553850014,281.96630859375,2469300,1.2583998441696167,22328.76194639983,22836.65474208066,22328.76194639983,22406.734226815784
2022-04-28,285.4681117774025,287.4845276214131,280.9941685197999,286.6293640136719,2176000,1.2541857957839966,22761.229854222296,22922.00474505497,22404.508922392106,22853.819982429213
2022-04-29,285.58510774806257,287.2324423813738,274.2967241658305,274.9988708496094,3129600,1.2463854551315308,22913.064860655395,23045.233815815205,22007.37524948765,22063.709883439613
2022-05-02,275.2869709171732,280.2920227416116,272.0462829624562,279.4368591308594,2968100,1.2573871612548828,21893.572592425277,22291.624360302667,21635.840681795395,22223.613198975174
2022-05-03,280.4270233731799,287.6285393789056,280.2470019559988,283.2536315917969,2606200,1.2498282194137573,22437.24529637494,23013.445760875864,22422.84160358062,22663.405033746112
2022-05-04,284.3068087737109,292.3815088661002,281.012139713903,291.7603759765625,2629400,1.2500405311584473,22743.80723561306,23389.762297958623,22480.242256903563,23340.073277958443
2022-05-05,288.51072789300923,288.67275540597353,277.87949234840846,281.82232666015625,2622100,1.261813759803772,22864.763175341843,22877.604017479236,22022.22714639142,22334.70070131294
2022-05-06,281.11114440346444,282.3984086507707,275.51196524316686,281.7232666015625,2375600,1.2364147901535034,22735.99010964305,22840.10276322482,22283.13406126123,22785.497944956318
2022-05-09,278.0865749008182,282.4524723513615,274.53982578646264,278.0595703125,3234000,1.2326656579971313,22559.773049300395,22913.956474645198,22272.043031728685,22557.58230210605
2022-05-10,280.6070819853525,283.69472548661327,270.6419772739414,274.61181640625,2798400,1.2338824272155762,22741.80066074696,22992.038725019294,21934.178760020262,22255.914368271617
2022-05-11,274.6118225561727,279.87793693009223,270.9570551725045,271.4521484375,2320600,1.2309207916259766,22309.463324071898,22737.282433940312,22012.550036999994,22052.771411792233
2022-05-12,270.05686537458155,272.6584263640604,264.5657036176441,269.5257568359375,3408300,1.2234212160110474,22073.907321560047,22286.553706585248,21625.070756926867,22030.495573284526
2022-05-13,273.32446786601554,278.7256033955198,273.2704587084482,276.3490905761719,2152500,1.220613718032837,22392.38047451328,22834.873906277164,22387.95572024668,22640.175715994825
2022-05-16,275.4130186184393,275.88110731982783,270.5519728098063,273.1535339355469,1568800,1.2258507013320923,22467.093123098668,22505.277928220523,22070.548437571248,22282.773394730677
2022-05-17,278.9417371658921,282.94759173393214,277.3754161077829,281.7323303222656,2096200,1.2324832677841187,22632.496883093707,22957.519921762796,22505.410284918195,22858.9172515739
2022-05-18,278.15850166686084,281.6332192780151,274.4497260400917,276.1150817871094,2033200,1.2484394311904907,22280.496331457074,22558.821216456967,21983.423399113653,22116.81839653292
2022-05-19,273.4955811128102,279.04973495649875,273.10850622010395,277.4384155273437,2108800,1.2345831394195557,22152.86863883426,22602.749547324544,22121.515959508975,22472.234284503716
2022-05-20,280.1929651426172,281.3902049729557,269.52571511714075,276.1781005859375,2201100,1.2462146282196045,22483.52400925616,22579.59412456599,21627.55186899039,22161.35923396256
2022-05-23,281.5073398764802,289.7080553171985,280.02203228247083,285.0090637207031,2653000,1.2504063844680786,22513.267956179952,23169.11197158034,22394.48196688406,22793.314818361683
2022-05-24,283.87473109372144,284.2797998383489,275.84502960603766,282.6144714355469,1870900,1.256754994392395,22587.913504252014,22620.14482590459,21948.99012431622,22487.634638140655
2022-05-25,280.18403970367035,285.9002497027899,279.04080869249003,283.4697265625,1929500,1.2542959451675415,22337.953079027535,22793.683644141973,22246.807842085258,22599.90775339992
2022-05-26,286.5302830845203,293.0116579353246,286.2422433468409,291.32830810546875,2440400,1.258610486984253,22765.60429518376,23280.567019380844,22742.71876064721,23146.820332279156
2022-05-27,294.13693644573385,295.8653124750176,290.93226383474973,295.7842712402344,2106700,1.261734127998352,23312.11702360468,23449.101194114966,23058.127491272055,23442.67819001411
2022-05-31,293.456677828519,298.62823139888104,292.2339739173883,296.02886962890625,2722900,1.2647020816802979,23203.62100128981,23612.535768275175,23106.94179684775,23407.004219966086
2022-06-01,296.16469772901246,298.2206323164201,286.04798931783824,291.5003356933594,2330200,1.2608909606933594,23488.525729945162,23651.579844178566,22686.179712204575,23118.59984570469
2022-06-02,290.3591370390428,294.5344395899345,289.127395008486,293.67401123046875,1957500,1.2483147382736206,23260.09043525355,23594.565581855277,23161.418041762445,23525.63838480434
2022-06-03,290.6218290610208,292.08906272115144,287.5605501208235,288.6292724609375,1238900,1.2579249143600464,23103.2731559237,23219.912364145206,22859.91372284063,22944.87287484675
2022-06-06,292.5418107279886,294.5434048517098,289.6345144038712,290.28662109375,1099700,1.249230146408081,23417.767460154228,23577.993670630847,23185.040421627597,23237.241106325593
2022-06-07,288.26689373496066,291.49119134038915,286.79966060033547,291.1923217773437,2516800,1.2523481845855713,23018.110880270437,23275.57103752658,22900.952317445455,23251.706303523362
2022-06-08,288.32128260717485,289.41717471085366,283.30368385206526,285.00640869140625,1438100,1.2587324380874634,22905.68463026618,22992.747779710706,22507.06149136198,22642.334468193192
2022-06-09,283.9920955999468,284.5174185687917,275.3516853441472,275.5328369140625,2896500,1.254028558731079,22646.381824614225,22688.272654387387,21957.369585168686,21971.815154901054
2022-06-10,268.98456660821506,270.4880360189793,259.8007579731128,259.9547119140625,3866900,1.2492972612380981,21530.869790080364,21651.214999936525,20795.75182255991,20808.07506585247
2022-06-13,252.6909662283777,259.41129010824056,252.0750952381577,256.6036071777344,4218100,1.2274909019470215,20585.97467627372,21133.45929462838,20535.80151497019,20904.725792322766
2022-06-14,257.518297039509,261.9109582831064,254.7740204505956,255.8971099853516,2487700,1.2144765853881836,21204.056145487426,21565.747864903606,20978.092415767907,21070.567606172423
2022-06-15,260.0815047474998,266.7112529553514,257.3734634136809,262.71710205078125,2725800,1.201258897781372,21650.745332904447,22202.64536212348,21425.311719982165,21870.148269952337
2022-06-16,256.023893484502,259.1485771575566,252.82676579634725,258.1070251464844,2777300,1.2174336910247803,21029.801899846614,21286.46340807417,20767.189840419906,21200.910328777056
2022-06-17,255.52583453941395,259.26639004952665,251.921128867715,253.406494140625,5234400,1.2354830503463745,20682.26144160989,20985.022010365894,20390.496558984563,20510.72202646415
2022-06-21,260.6339349725059,260.905662240209,256.29564095519913,257.9530639648437,2506300,1.225174903869629,21273.202230090734,21295.380881224122,20919.106337038684,21054.386859387752
2022-06-22,255.67069654363152,259.0399100278168,254.5385687282445,257.7085266113281,2463100,1.2266627550125122,20842.78629141419,21117.451310011817,20750.492968676477,21008.91427234207
2022-06-23,257.0020688030365,259.5651939042719,252.62751163598128,259.184814453125,2547000,1.225084900856018,20978.306778857397,21187.526980611943,20621.22481955821,21156.47774876841
2022-06-24,263.5594122561416,274.5455873680942,262.653709808526,274.201416015625,3984300,1.2260762453079224,21496.168224835816,22392.21161153347,21422.298230936034,22364.14065315822
2022-06-27,274.48214497509866,275.6233387517252,270.6963158822742,272.4171447753906,2091700,1.228244662284851,22347.513765253516,22440.426342988936,22039.282904654305,22179.38763671276
2022-06-28,277.0543344918082,279.8348472510998,270.9680137885261,271.248779296875,2276600,1.2267379760742188,22584.6382760915,22811.29733560719,22088.499669315876,22111.3868313525
2022-06-29,274.76293690242875,278.44915236083216,271.6292142892635,274.6814270019531,2475900,1.2189769744873047,22540.453400934224,22842.855787160905,22283.375319989886,22533.766654409752
2022-06-30,268.61320748006847,272.00959150345506,264.67342412481514,269.01171875,2669500,1.2131799459457397,22141.250222420207,22421.20737426209,21816.501748921328,22174.098710500093
2022-07-01,267.4267047018986,272.0095560692677,264.21147263453923,271.0133056640625,1749400,1.2160863876342773,21990.76541117602,22367.617862940107,21726.373662361682,22285.695195657954
2022-07-05,265.37084298131674,269.3106545398963,261.16836994820574,269.1748046875,2480900,1.211445689201355,21905.302511436756,22230.518209812544,21558.405158086854,22219.304347432477
2022-07-06,268.3324372713684,269.3015454627235,263.1971201957701,266.05914306640625,1774500,1.19491446018219,22456.204708616166,22537.307433844493,22026.440298968355,22265.9572657477
2022-07-07,269.59135611316094,270.8683997022086,265.9142069020769,270.4427185058594,2046500,1.1923214197158813,22610.62760890448,22717.733257425996,22302.225096773123,22682.03137458549
2022-07-08,272.16352880250184,272.51676595059973,267.2455721701812,268.5135498046875,1438900,1.2028049230575562,22627.403960956217,22656.771744653008,22218.529958360763,22323.94835249928
2022-07-11,265.5519757330743,268.57701867148256,264.3564418369812,265.5338439941406,1519400,1.2016630172729492,22098.705869780137,22350.443910722202,21999.21592302233,22097.1969826235
2022-07-12,262.39104192136114,270.8774692249156,262.2099180201893,264.94512939453125,1772600,1.1900936365127563,22047.93252153051,22761.021562861886,22032.713223181643,22262.544833941
2022-07-13,263.1156180241097,263.73148903414614,258.858805608002,262.78955078125,1884100,1.1877753734588623,22151.967779724517,22203.818577762446,21793.582472937793,22124.515851511005
2022-07-14,257.43684906822625,257.43684906822625,251.640359061988,255.0367431640625,3171900,1.186380386352539,21699.35140783148,21699.35140783148,21210.765278718267,21497.046486764575
2022-07-15,259.4837006097493,268.47731752611725,258.2609970160809,266.1587219238281,3457600,1.1839643716812134,21916.512592459683,22676.131473862097,21813.24060025166,22480.29824967506
2022-07-18,276.9276207060664,281.8999188639268,270.5424011406612,272.8519592285156,6767900,1.1888344287872314,23294.04448595666,23712.294331137604,22756.945339869595,22951.216134181173
2022-07-19,274.9621467635024,289.0458335399303,274.8806368765965,288.05859375,5641100,1.194828748703003,23012.682533959465,24191.40264692259,23005.86064530016,24108.77659770826
2022-07-20,287.36127017245326,291.7901683883612,286.4827376966511,291.1380615234375,3489800,1.2003505229949951,23939.7796449872,24308.746720109342,23866.5899842196,24254.42035023393
2022-07-21,290.2867228332576,296.309639048833,289.68895585471057,295.74810791015625,2518800,1.1971746683120728,24247.64994756699,24750.744138832102,24197.71847187098,24703.83944283912
2022-07-22,296.2643437439836,298.0214088777405,291.8083027382574,293.3842163085937,1830300,1.1996161937713623,24696.594234243,24843.06317513259,24325.138677969015,24456.506825424738
2022-07-25,295.23173740347187,296.4272709012018,292.1795255135353,293.5561828613281,4024500,1.1986957788467407,24629.41328512167,24729.149474972957,24374.78555189706,24489.631818321497
2022-07-26,291.4278064768621,293.7101938633372,287.79595920652395,288.5114440917969,2054700,1.2055164575576782,24174.51911583867,24363.84771207361,23873.25012464662,23932.601026145094
2022-07-27,290.0874105582938,295.6122003667478,288.35751577008205,293.9366455078125,2081900,1.2036880254745483,24099.88339328442,24558.871909538528,23956.16718513075,24419.67015431007
2022-07-28,294.6249598925071,298.86366784633907,291.53653923882587,298.07568359375,1820700,1.2163082361221313,24222.886201267436,24571.375821575028,23968.96860357626,24506.590906930254
2022-07-29,298.4288923709628,303.57327453457003,298.4288923709628,301.9520874023437,2112200,1.2173447608947754,24514.739123829713,24937.329529511175,24514.739123829713,24804.155494980914
2022-08-01,300.4487122593905,303.2291980390126,297.9852002555341,300.76568603515625,1476500,1.2167373895645142,24692.979342643932,24921.499136928982,24490.510673152472,24719.030467437522
2022-08-02,298.4289338710116,300.5392082524835,296.3639335525509,296.9617004394531,1862900,1.2254151105880737,24353.293124302694,24525.50206503129,24184.778773482445,24233.559540239545
2022-08-03,300.75662094120173,303.87223959837445,298.5376388699544,301.7528991699219,1770600,1.2142995595932007,24767.909908651982,25024.487343153934,24585.172292244486,24849.95541553283
2022-08-04,301.85248310456865,302.7762895665344,299.4433114968639,300.575439453125,1533400,1.2138278484344482,24867.81659309326,24943.92346962911,24669.33938639447,24762.608622037835
2022-08-05,299.6968739319347,305.140153388814,298.5828778355884,303.11138916015625,1876400,1.215849757194519,24649.17002767369,25096.86345563795,24557.54718613801,24930.00367574714
2022-08-08,305.32124145782365,306.8881161427444,302.81245642851985,303.1203918457031,1460000,1.2059526443481445,25317.846674059034,25447.77504995871,25109.813212624078,25135.347831966425
2022-08-09,304.4518212567146,306.2813575840381,303.0208237906384,304.87750244140625,1587900,1.208473801612854,25193.084107440885,25344.476411095442,25074.6704964742,25228.308800282677
2022-08-10,309.17044851748824,316.72402818177613,309.1614102917825,315.1028137207031,2459500,1.207423210144043,25605.806308842188,26231.401344686066,25605.057753933703,26097.130738700314
2022-08-11,316.99585208068487,322.4753407535702,316.7965964394975,318.5174255371094,2360800,1.2212995290756226,25955.61895619601,26404.279464321535,25939.30390518324,26080.205384029658
2022-08-12,320.11145610956606,321.1258383677201,317.1316874963558,320.45562744140625,2369000,1.2196162939071655,26246.898939342333,26330.071184844594,26002.578768474144,26275.1185796964
2022-08-15,317.9015274911618,324.80297503312505,316.1353968380517,322.294189453125,2045700,1.2127974033355713,26212.253309318883,26781.305281476984,26066.62876821641,26574.44586925363
2022-08-16,319.70392197009323,322.85577667308183,318.8253894248257,321.4972229003906,1740900,1.205690860748291,26516.24329072832,26777.658119819127,26443.377801416882,26664.979669901368
2022-08-17,318.7166591458331,322.0587031093545,317.69321104320414,320.3831481933594,1576300,1.209818959236145,26344.161389821853,26620.404701931257,26259.566244836264,26481.908367152948
2022-08-18,319.4050064402449,321.6149224710355,317.77472556318907,321.089599609375,1102200,1.2045146226882935,26517.320788300724,26700.79021151607,26381.97325109796,26657.177385920964
2022-08-19,317.90146946944566,318.68036008763346,314.73151179667343,316.3345947265625,1812300,1.193274736404419,26641.09611734074,26706.369486031577,26375.444161754727,26509.787316854072
2022-08-22,310.14874985064745,312.0416646584031,308.62717636496524,310.1306457519531,1723900,1.1818095445632935,26243.547556155063,26403.7184412578,26114.798089484906,26242.01565968514
2022-08-23,309.70497877914494,311.625063643429,307.0603153359872,308.10186767578125,1538000,1.1766505241394043,26320.89753290693,26484.079788376403,26096.13551658165,26184.653926969968
2022-08-24,307.0511988095601,311.8514378181821,306.5711776726821,309.69586181640625,1530800,1.18327796459198,25949.20280759543,26354.875789959908,25908.63574294604,26172.705913880185
2022-08-25,311.96915972038124,314.15187788035684,309.84979207354564,313.8167724609375,1763900,1.1791757345199585,26456.54507530921,26641.650492260833,26276.812098722945,26613.231876645772
2022-08-26,315.49243582609506,315.85471133291054,304.31606921974696,304.6783447265625,1703900,1.1824007034301758,26682.361987001797,26713.000966305895,25737.13533296436,25767.774312268466
2022-08-29,302.4321594238281,304.6782837000997,300.7022645124404,302.4321594238281,1835600,1.1694538593292236,25860.974078729145,26053.040166531868,25713.050764133397,25860.974078729145
2022-08-30,303.4103024883493,304.32507075254176,299.95051270402416,302.16949462890625,1830300,1.172250509262085,25882.718761141063,25960.75398116995,25587.577939534334,25776.87040794016
2022-08-31,302.55269962447176,305.8287435298773,300.8462538641934,303.57476806640625,2488000,1.1659767627716064,25948.433046408518,26229.402960218646,25802.07972147415,26036.090748908948
2022-09-01,301.01968834615093,304.5055992541977,296.2288513885311,304.33221435546875,1575100,1.1598505973815918,25953.315799958604,26253.864070219992,25540.259414210705,26238.91517084275
2022-09-02,305.4089732616451,310.55571379187035,301.1109163540126,302.4888610839844,2215400,1.154894471168518,26444.751523715702,26890.397481741446,26072.591381388265,26191.90485672057
2022-09-06,303.2553977356352,304.10405352694943,295.1702762349038,297.9352722167969,1578100,1.156644344329834,26218.551901651586,26291.92413534421,25519.536552606154,25758.589810026882
2022-09-07,295.8912253191762,303.10942324010364,294.97868491726666,301.6493530273437,1496600,1.151185154914856,25703.182850812642,26330.20604426768,25623.913204395336,26203.37412617645
2022-09-08,301.4029033258832,306.4401150852616,298.7291394382584,306.0477294921875,1755600,1.1519808769226074,26163.88078689713,26601.146010677126,25931.779374348735,26567.084195855834
2022-09-09,308.420399370894,311.20363631570206,307.5534748937785,310.35498046875,1445600,1.1521600484848022,26768.88508471506,27010.451952831016,26693.641677494372,26936.794143912186
2022-09-12,311.7785509516249,314.2515275947767,310.3458558650427,312.6180725097656,1563200,1.1619395017623901,26832.597607597454,27045.429397841344,26709.295569547357,26904.849351932455
2022-09-13,306.6865690754947,307.0880890842165,298.2455702737456,299.6691589355469,2242100,1.1689754724502563,26235.500769974038,26269.848796787657,25513.41557651347,25635.196460317413
2022-09-14,299.7238952373321,301.986977528642,295.2068092728823,298.6379699707031,1953300,1.1506155729293823,26049.00388009326,26245.68836312596,25656.423936737407,25954.62611464513
2022-09-15,299.9794109507318,305.95653933634475,298.9391015439715,302.6166381835937,1489400,1.1544944047927856,25983.61756500445,26501.344490384025,25893.508041524598,26212.048921788308
2022-09-16,297.8349536986901,300.225805199224,291.8213155321152,297.6798095703125,2946800,1.1452654600143433,26005.757101498544,26214.516693401718,25480.670265604662,25992.210536637016
2022-09-19,292.5330491782529,300.49040166803354,292.5056740833319,299.9154968261719,1652700,1.1433144807815552,25586.402874761196,26282.39270289152,25584.00851210935,26232.108651431885
2022-09-20,297.2144243269753,298.2181965047311,292.022067137358,294.9878234863281,1569900,1.1443217992782593,25972.975828515446,26060.69347737863,25519.22608846049,25778.397621401717
2022-09-21,296.502611902698,300.9466787884721,292.58780614716665,292.6607971191406,1796700,1.138057827949524,26053.38714965974,26443.882850021568,25709.397094023923,25715.81073752967
2022-09-22,294.12996587228537,295.1063905763187,283.98252323764825,285.5520935058594,2239900,1.1255937814712524,26131.09371374023,26217.84123492474,25229.57463983654,25369.018397793305
2022-09-23,280.651808505413,282.6959180813448,271.4442785673912,275.5598449707031,2918500,1.126417875289917,24915.425674790444,25096.895591130837,24098.008787149884,24463.376426779418
2022-09-26,272.84946884787286,275.678348509309,266.74457382202445,268.8525390625,2308800,1.0797386169433594,25269.95557686772,25531.95228764986,24704.550678862797,24899.779895211752
2022-09-27,271.4807694120408,272.9864555046214,263.37740619197814,265.8960266113281,2007400,1.077284336090088,25200.47496442371,25340.24178754911,24448.272138429496,24682.065607337725
2022-09-28,268.2868453404411,275.9613125234645,266.88152549583424,274.4830017089844,2289700,1.072754144668579,25009.164184895944,25724.56269639686,24878.16307419494,25586.75751318437
2022-09-29,271.0883695815816,273.1689604742631,266.0511290056527,270.2123107910156,1930800,1.0835996866226196,25017.390917351968,25209.39825348975,24552.529157228255,24936.543829503826
2022-09-30,270.1119577050614,274.7567849872885,267.10058553221813,267.4199523925781,1970800,1.1169440746307373,24183.12284743179,24598.97422152701,23913.51470488993,23942.107619039693
2022-10-03,271.17963805876553,274.8845497884501,265.6405112464434,272.9864501953125,1938800,1.114057183265686,24341.626456179245,24674.18673991838,23844.423359648325,24503.8095257458
2022-10-04,279.9673364956185,287.59618743782846,279.1278150639822,287.33154296875,2399500,1.1334141492843628,24701.238878338492,25374.324788464706,24627.16873970767,25350.975470896585
2022-10-05,279.766555070208,283.0790803668098,277.04720316716987,281.97491455078125,1992800,1.1451343297958374,24430.89406987622,24720.16365252792,24193.423946740273,24623.741268943853
2022-10-06,280.505792515072,282.0479600912172,276.883006199216,278.023681640625,1367400,1.13553786277771,24702.46054402002,24838.269980824953,24383.423510151853,24483.875945847718
2022-10-07,277.41221872878083,278.4616343812423,272.98639322212165,274.7475891113281,1790100,1.1162084341049194,24853.083909120967,24947.100010450908,24456.578617507737,24614.36240012346
2022-10-10,277.0746291339372,278.0692947671804,272.3294082052243,274.2548828125,1309600,1.1072726249694824,25023.1625785541,25112.992816456946,24594.61220878011,24768.505662285177
2022-10-11,271.94618601347906,276.0617244696231,268.2138989477754,268.478515625,2392800,1.1076405048370361,24551.845551503167,24923.40459418638,24214.887210831726,24238.777333671133
2022-10-12,268.2777094274809,273.5613254742682,266.197118691995,269.4822692871094,1763800,1.0967799425125122,24460.4864684987,24942.225406455895,24270.78654284911,24570.31340943173
2022-10-13,265.01995531476604,281.7559403888463,262.5834605603022,280.2137451171875,2724900,1.11055588722229,23863.720715364536,25370.712418045983,23644.326555872216,25231.84545156525
2022-10-14,280.56973130503474,284.36590362710587,272.91352998235743,273.7530517578125,2397600,1.1303905248641968,24820.601830393254,25156.43022231358,24143.295965360714,24217.564260873536
2022-10-17,277.7863615810459,284.3657685297075,277.5399857560976,279.8851928710937,3118600,1.124416708946228,24704.93006470702,25290.069621626946,24683.018630717463,24891.589625468507
2022-10-18,293.5368281201934,296.1010639393348,284.7125518402581,286.4007568359375,6428600,1.1353960037231445,25853.255353871184,26079.10041680367,25076.057244048792,25224.74589454109
2022-10-19,285.2691977343509,287.2585566689752,281.1171506846011,284.4935607910156,2363800,1.134429931640625,25146.480163987864,25321.84215675081,24780.47721096766,25078.107766389585
2022-10-20,284.8038327318706,288.4083502018377,281.9749522368135,283.62664794921875,2382300,1.1211013793945312,25403.93205881911,25725.44780540697,25151.60157853865,25298.929531457346
2022-10-21,283.8000457528985,297.27825654984343,282.42210092790907,296.6668701171875,3545700,1.1221455335617065,25290.841273690494,26491.95203818865,25168.04571965787,26437.46833581937
2022-10-24,299.7695376554591,302.26988957551714,297.35131103403165,299.9520568847656,2232600,1.1344685554504395,26423.785499848953,26644.184021081237,26210.626077332632,26439.874022393684
2022-10-25,299.18551897027766,304.423520447438,297.41521599720846,303.3284606933594,1837700,1.1307740211486816,26458.47122189401,26921.693879931332,26301.9144793478,26824.85227112197
2022-10-26,305.2630039573989,309.0500688884619,304.9162619988682,306.3306884765625,2176700,1.146223783493042,26632.059843247174,26962.454743928974,26601.80903502594,26725.20784231503
2022-10-27,309.63405347036525,312.0249046508325,307.09719249700794,307.6903381347656,1998800,1.1638191938400269,26604.996300905317,26810.427796890417,26387.019059527564,26437.98450509653
2022-10-28,308.91316057245035,312.6180723012847,306.6135688316808,311.924560546875,1677100,1.1566041707992554,26708.632769236872,27028.9594481796,26509.81006058449,26968.998419859046
2022-10-31,311.2401315531628,315.9031991900165,310.7838613962016,314.3792724609375,2224000,1.159595012664795,26840.416538005004,27242.545521479828,26801.069166553934,27111.126645714143
2022-11-01,314.9450448439734,318.193686152678,313.7039755285412,318.0932922363281,2316600,1.146815299987793,27462.577875210223,27745.85289855001,27354.359113614926,27737.09874987838
2022-11-02,317.21725454423495,326.1784069714503,316.4142146246895,319.1974792480469,3221200,1.1489498615264893,27609.32092570007,28389.26378720227,27539.427543365826,27781.671762766273
2022-11-03,317.1077952744334,320.000560653021,312.627218479956,318.35797119140625,2515600,1.1384334564208984,27854.750182007403,28108.850706045247,27461.176295961945,27964.565640251516
2022-11-04,323.0392337309148,327.0361642989414,320.5115073794469,326.6072692871094,3172700,1.1171187162399292,28917.180334980087,29274.96957527495,28690.908380646004,29236.57660901299
2022-11-07,328.5236800795705,331.2156575649116,327.1639759392738,330.85064697265625,2526900,1.1331573724746704,28991.884804324833,29229.449113637158,28871.89227960364,29197.237295480052
2022-11-08,330.6133215014497,335.07565669212744,329.84679103311925,332.1828918457031,3501300,1.1517950296401978,28704.180257204967,29091.604675251954,28637.629312930625,28840.451929148516
2022-11-09,331.206554660342,335.03920769303244,329.31758931823566,330.3396301269531,3047200,1.1552680730819702,28669.238108239642,29000.99254013231,28505.729275431077,28594.197123935788
2022-11-10,337.63990645072766,347.15769496784264,337.40263706439816,345.2231140136719,3790400,1.1368157863616943,29700.494178685047,30537.726440173607,29679.622777251672,30367.55102764153
2022-11-11,346.7653087637668,353.15309076730983,345.6246334059912,351.483154296875,3409100,1.1695632934570312,29649.127217286998,30195.29535023701,29551.59719354591,30052.51244316588
2022-11-14,350.41552498441234,353.4268972628376,347.22163348064817,348.9189453125,2609100,1.1799131631851196,29698.416452824567,29953.636275128792,29427.727761197257,29571.57833298595
2022-11-15,352.2223438661523,355.50746693638496,347.3584880736359,349.3934631347656,3192400,1.175249695777893,29970.000854415684,30249.526395416422,29556.143628160713,29729.29619892422
2022-11-16,349.6945499050483,351.6930153290071,346.77443774317925,348.8915100097656,2303700,1.1880435943603516,29434.48805793406,29602.702880474713,29188.69639037819,29366.89458753494
2022-11-17,344.16458960390906,348.33490571336205,342.21176772382114,346.5645751953125,2297600,1.191525936126709,28884.355696249822,29234.353626048098,28720.463176508627,29085.77687548198
2022-11-18,347.9334111809406,349.34783769642274,344.38364341860625,346.03533935546875,2384500,1.1860145330429077,29336.353095797436,29455.611880245317,29037.05088124305,29176.31527395035
2022-11-21,345.76151413203746,347.46796003743094,342.58589171079865,346.9569396972656,1877500,1.1886366605758667,29088.915528192116,29232.47881897659,28821.750419915854,29189.486678727633
2022-11-22,348.04283848067644,352.0853850197463,348.04283848067644,350.2968139648437,2019400,1.1827600002288818,29426.328115029668,29768.11736545136,29426.328115029668,29616.897248558962
2022-11-23,350.3242440336658,354.2481843512565,349.87710816190133,352.4687194824219,1865400,1.1894567012786865,29452.458728179106,29782.35222605695,29414.867122592812,29632.749061274102
2022-11-25,352.0215804938736,355.3797223570529,351.4922914864301,354.8504333496094,1129300,1.2113430500030518,29060.436718812787,29337.661396262403,29016.74232460776,29293.967002057376
2022-11-28,351.7204511151617,354.4215908378537,347.5775376155019,348.9189453125,2232200,1.2054728269577026,29176.970500679967,29401.04355005006,28833.295105680354,28944.571583009463
2022-11-29,347.7965065491893,351.26414872480456,346.0900605578226,350.1508483886719,1746900,1.1960291862487793,29079.265836314305,29369.19539785713,28936.58988735032,29276.112356997197
2022-11-30,351.3357444973324,354.6883544921875,344.5386664191702,354.6883544921875,2964100,1.1946860551834106,29408.20669773321,29688.833560356157,28839.2640831717,29688.833560356157
2022-12-01,355.00983542087323,355.00983542087323,349.4527715898768,352.5390014648437,1706300,1.207749843597412,29394.318476037923,29394.318476037923,28934.20135323672,29189.73687587229
2022-12-02,350.4355896712707,351.35411451862467,347.56979663251093,349.5721740722656,1932300,1.2259259223937988,28585.38050871738,28660.30549648176,28351.614912737165,28514.95083729652
2022-12-05,347.70757806566206,348.001512751319,339.220417243187,341.26873779296875,2329600,1.2297248840332031,28275.233150138793,28299.1356253569,27585.065704340734,27751.63308671847
2022-12-06,339.3765418543949,340.19401432287845,330.97201779032383,333.3418273925781,3081900,1.2192445993423462,27834.984221988987,27902.031676529652,27145.661991765093,27340.029028824967
2022-12-07,332.9560771567172,335.5371298454394,328.96968251281464,330.5954895019531,2128200,1.2133007049560547,27442.17289223258,27654.902735558237,27113.615047699965,27247.613732650654
2022-12-08,332.53351849534107,333.047890119615,327.04992454446483,328.90533447265625,1967800,1.2212398052215576,27229.174571083746,27271.293377077025,26780.15596495656,26932.08435119638
2022-12-09,327.64696131844704,332.1753097169446,327.187698935605,329.8789978027344,1588800,1.2236007452011108,26777.27703284416,27147.360854405844,26739.743353280523,26959.69245658767
2022-12-12,329.35539744373875,334.3521738879108,327.3070773397042,333.5897827148437,1750400,1.2239153385162354,26909.982012564655,27318.24362077603,26742.624023039196,27255.95245168329
2022-12-13,344.1069799661318,347.71677601376854,335.7300375531424,338.65093994140625,3062600,1.2270842790603638,28042.652476130712,28336.82917688683,27359.9819737098,27598.017978090895
2022-12-14,337.1077988166713,338.7794926638659,330.1637535093936,331.0179748535156,2519700,1.235666275024414,27281.459859379163,27416.74669863207,26719.492162466788,26788.622587192924
2022-12-15,325.5986773428242,327.09584920294213,319.59151737317654,321.3275146484375,3163700,1.2419428825378418,26216.880173867678,26337.430956127373,25733.189655236714,25872.970421298476
2022-12-16,316.9645589571063,319.44458739017006,315.4306380773664,318.131103515625,5008800,1.2189176082611084,26003.772265566313,26207.23379703124,25877.929397324526,26099.47558059044
2022-12-19,318.0575608729395,320.0140231109882,314.71414529836125,316.5328063964844,1646700,1.2160272598266602,26155.463070645088,26316.352740036844,25880.517295576294,26030.074888420255
2022-12-20,317.8003946568826,319.11390645793284,315.50408259853657,316.422607421875,1623000,1.2153326272964478,26149.25227209947,26257.330650935746,25960.307121877162,26035.885181966092
2022-12-21,319.8854845987431,322.29201530627944,318.6271099945089,321.63067626953125,1923100,1.2189176082611084,26243.405003812153,26440.83678190989,26140.167951881347,26386.580527650698
2022-12-22,318.8750518754564,319.692524317277,312.188192894256,317.4237670898437,1528900,1.2077397108078003,26402.6303864908,26470.316530657892,25848.963158249386,26282.465025310285
2022-12-23,316.7441036091539,319.42620848537643,315.1550455389828,317.3595275878906,1062000,1.203992486000061,26307.813984907036,26530.581560901886,26175.83159393296,26358.92925231051
2022-12-27,318.2780203736564,319.4169820946944,313.9425824285801,314.10791015625,1035000,1.2084153890609741,26338.461364761446,26432.713865296308,25979.69086379611,25993.37222942307
2022-12-28,312.75768449943007,314.91622331733043,311.6554435618614,313.0975341796875,1117200,1.2027326822280884,26003.9233256753,26183.39286614722,25912.278610780988,26032.17978575817
2022-12-29,314.5396744302198,316.5604404575782,313.43743331872327,315.4490051269531,1273600,1.2028483152389526,26149.571017833176,26317.56942642362,26057.935098529622,26225.169136499757
2022-12-30,313.8966819213983,315.6878166407314,311.7473370768914,315.403076171875,1031400,1.2056326866149902,26035.847020929254,26184.410902716667,25857.571757794056,26160.793388691247
2023-01-03,317.350288282782,320.1977204987851,314.8794545627772,318.0116271972656,1589700,1.206287145614624,26308.022052335356,26544.07134013178,26103.19240385677,26362.8463880574
2023-01-04,319.6741640628416,321.7683993482839,316.9645048680435,319.3710632324219,1881000,1.1969740390777588,26706.858597296166,26881.819391521567,26480.482827535456,26681.536341296924
2023-01-05,316.2021127891517,317.0196131878423,312.4269899084066,315.7520446777344,1397800,1.2057054042816162,26225.48689474867,26293.28955995922,25912.38197978858,26188.158695852064
2023-01-06,319.00364456699003,320.565147903911,313.17103464466254,319.7200927734375,3097800,1.1912277936935425,26779.399058334722,26910.482579487245,26289.76895121283,26839.542736163632
2023-01-09,323.2105145106572,327.45409464633497,321.024420978665,324.2392578125,1989000,1.2116365432739258,26675.53370727166,27025.769110721216,26495.108847677602,26760.438979199414
2023-01-10,323.9085781688559,328.37259495582055,321.9429217678744,328.2439880371094,1610100,1.2184869050979614,26582.85261939807,26949.21000643997,26421.533167153037,26938.655365419778
2023-01-11,329.63096669705544,335.72079016645426,327.18768754168195,334.7839050292969,2127000,1.2154507637023926,27120.059202806733,27621.09335830379,26919.04084580386,27544.012067548454
2023-01-12,336.4004890256918,339.94600906896954,333.02951895521306,339.7990417480469,2103100,1.2159533500671387,27665.575246543587,27957.158804669558,27388.34667767681,27945.07221262106
2023-01-13,333.874584766812,343.8497790948109,332.8366472137305,343.5282897949219,3310200,1.2217769622802734,27326.966792996525,28143.41649175182,27242.013680838936,28117.103235747305
2023-01-17,335.0779066885218,336.90579048825924,315.9725980206658,321.4102783203125,14448300,1.2207776308059692,27447.906828641688,27597.637930654968,25882.89546328414,26328.323046689045
2023-01-18,319.9405426755645,325.88339883695784,319.4628918730507,320.6477966308594,5585200,1.228471040725708,26043.800144166402,26527.5605230747,26004.918413406875,26101.372030832703
2023-01-19,317.8371988963986,323.4677615298339,317.3687421848768,322.1726379394531,3100400,1.2347661256790161,25740.6801406716,26196.682497420654,25702.741238576742,26091.794327633146
2023-01-20,321.36427867464903,323.550372261071,310.65427576353204,313.988525390625,11247200,1.2393262386322021,25930.563612477592,26106.95732692317,25066.384143241372,25335.421425206194
2023-01-23,313.83240471978496,321.0795513691126,308.77132371525795,320.6937866210937,4915700,1.240633249282837,25296.146536552973,25880.295530908632,24888.203173157497,25849.20134991341
2023-01-24,312.29843814791155,321.759232561696,312.29843814791155,319.9497375488281,2372000,1.2379761934280396,25226.53018739691,25990.74475501205,25226.53018739691,25844.57918070829
2023-01-25,316.6614238501639,321.44693019508696,315.8806721662753,321.1438293457031,1985200,1.232923984527588,25683.77514137639,26071.917995678694,25620.449932873147,26047.33409162722
2023-01-26,323.0727857851695,326.0763522342518,321.0428254944616,326.0487976074219,1919200,1.2412492036819458,26028.035693946982,26270.015019305072,25864.493974469024,26267.795108367915
2023-01-27,323.2748750007047,326.9856957039212,323.16462845792887,324.8822937011719,2427400,1.2415266036987305,26038.497607510857,26337.38936642776,26029.617689638184,26167.968751800345
2023-01-30,324.5056436377341,332.8090878826374,323.6881430876117,328.3358764648437,3184500,1.2400301694869995,26169.173268742492,26838.789577218155,26103.24740901437,26478.055497688114
2023-01-31,329.8973399343934,336.10657597646747,327.7847162716438,336.0055236816406,2311500,1.2353609800338745,26704.52970963575,27207.154945694594,26533.51705042972,27198.974964582994
2023-02-01,329.842290790506,338.88057226723873,329.52999569430955,335.9137268066406,2889400,1.2308903932571411,26797.048104152338,27531.33618749792,26771.676625269476,27290.30372215002
2023-02-02,338.0171683781163,342.50876866287814,334.84824621210913,339.3674011230469,2619600,1.2390038967132568,27281.3644311196,27643.881473775953,27025.60073462006,27390.341711054905
2023-02-03,335.831030009323,344.051838111243,335.66570227421823,339.8082580566406,2243100,1.222299575805664,27475.345378236267,28147.91438379297,27461.81941959427,27800.734352105137
2023-02-06,338.93565580779654,341.0115308539866,335.97800479034146,340.5889892578125,1816200,1.2045146226882935,28138.774691779476,28311.115899357093,27893.22756750679,28276.036076479475
2023-02-07,338.173269154373,345.65004603462194,337.4108779153006,343.8956604003906,2205500,1.2026747465133667,28118.43103339116,28740.11007852989,28055.03972653263,28594.23642155677
2023-02-08,342.536288390296,347.5238714380721,341.6728728165445,344.5386657714844,1893200,1.2054582834243774,28415.441089943324,28829.19104017866,28343.815585716107,28581.55031236288
2023-02-09,346.3206008877392,348.7454918006737,337.8334126145872,338.0079345703125,2052500,1.2071462869644165,28689.19903308685,28890.07699950402,27986.12034537498,28000.57774441683
2023-02-10,337.0986521320755,341.9025476474084,334.8574490416204,341.0299377441406,1933400,1.2116806507110596,27820.75061892367,28217.216099536392,27635.784135457925,28145.19960717467
2023-02-13,339.0183405007243,344.5019350893385,338.01715175735546,343.5466613769531,1570600,1.2052258253097534,28129.030541939614,28584.015364987597,28045.95990718023,28504.754392286497
2023-02-14,343.4731832916492,346.3297821088857,339.28471223472405,341.4891662597656,2155500,1.215214490890503,28264.408124359496,28499.47763995943,27919.738842654682,28101.143363549272
2023-02-15,338.69686165837334,343.86816131512575,338.24679342866875,343.8406066894531,1687200,1.2174336910247803,27820.55927606815,28245.329815513254,27783.59067293004,28243.066478637018
2023-02-16,340.54304971249013,343.7578863247456,338.7519152446304,340.0378723144531,1947800,1.2039779424667358,28284.824638462913,28551.842537949415,28136.056591750195,28242.865614113845
2023-02-17,338.0630929941764,340.8278620338707,336.9700460729557,338.4764404296875,1857300,1.197533130645752,28229.95743022833,28460.829459480952,28138.68255079086,28264.47400642428
2023-02-21,336.8413757103251,336.8413757103251,330.7515525257187,331.6976318359375,2403000,1.2039200067520142,27978.71734178335,27978.71734178335,27472.884466637788,27551.467703473525
2023-02-22,332.16618020192703,333.4245548910487,328.86867901453945,331.4864807128906,2203800,1.2109322547912598,27430.616278297566,27534.53412210284,27158.305323300665,27374.486012847367
2023-02-23,333.6082371409186,337.9069267167048,330.3107082579658,333.9205322265625,1931400,1.204993486404419,27685.480536195468,28042.220188673844,27411.82520775114,27711.397280905498
2023-02-24,330.8251268306104,335.42691753600565,330.2372574374099,334.2052917480469,2428600,1.2017786502838135,27527.958393376543,27910.87339226661,27479.041781897246,27809.221911965284
2023-02-27,338.2191858803736,340.1297050340904,334.8114668933554,335.74835205078125,2842400,1.1952428817749023,28297.109402410955,28456.95299427404,28012.00258111303,28090.387081176697
2023-02-28,336.1800416510925,336.1892358681,322.70527191022416,322.99920654296875,4945600,1.2061562538146973,27872.01414309792,27872.776417221063,26754.84796348796,26779.217495363697
2023-03-01,323.2212676136708,326.1353320617389,320.0481476101771,320.2979431152344,2717400,1.2033549547195435,26860.010535212485,27102.172204688242,26596.32109004514,26617.07934629178
2023-03-02,318.2257186526773,323.5820652979896,314.9878627647036,322.9530029296875,3259800,1.2029930353164673,26452.83133904119,26898.08301449276,26183.68132795057,26845.791575570456
2023-03-03,324.3776547780988,330.9736058008067,323.3785291903502,330.34454345703125,2396200,1.1951572895050049,27141.001241137514,27692.891028417285,27057.403408741546,27640.256755983068
2023-03-06,331.24191791898534,331.9819879984736,327.23623991379014,330.3075561523437,1614200,1.2028483152389526,27538.128766733338,27599.655234377868,27205.112711886937,27460.44966498758
2023-03-07,328.9199251527723,329.52126389264424,319.74293134501187,320.1592102050781,2048500,1.2026457786560059,27349.692734992226,27399.694052965,26586.62567313333,26621.239261560957
2023-03-08,320.26093298568395,323.49878866477627,319.3173394941042,323.1287536621094,1584600,1.1827740669250488,27077.10136207937,27350.852348817694,26997.323362377967,27319.566999145725
2023-03-09,323.0455049385957,327.7542689123341,315.50590396475104,316.468017578125,3177800,1.1850166320800781,27260.841425621926,27658.199896909628,26624.59710889784,26705.786991582034
2023-03-10,313.48917267251545,314.4697781037031,301.6108715922104,303.1280517578125,4559700,1.192250370979309,26293.904393170105,26376.152673821274,25297.61188872339,25424.865375283927
2023-03-13,295.7272716590253,301.6849006094959,290.9814954402165,291.8788452148437,5660700,1.2079336643218994,24482.078808941747,24975.2870973137,24089.194964490496,24163.482965655767
2023-03-14,300.4452461278261,301.93467443227854,295.0611760989425,298.021484375,3785900,1.2171372175216675,24684.58295438473,24806.954391475872,24242.227733348383,24485.44667640932
2023-03-15,287.4938383123905,289.10353442979846,281.61020519152686,288.8074951171875,6596700,1.215214490890503,23657.867846993537,23790.329739891833,23173.703679682454,23765.968664968015
2023-03-16,285.856399437126,294.4783532767015,282.0819972646352,291.4902648925781,4399100,1.20692777633667,23684.631760217853,24399.003739106705,23371.90367105687,24151.4256782891
2023-03-17,286.8647009659842,287.1514801526603,279.26036603107843,280.8052978515625,6369800,1.2110495567321777,23687.2801258474,23710.960344801442,23059.367346173476,23186.9370077035
2023-03-20,283.8027109352598,288.81677479280336,283.321668193478,286.34674072265625,3963700,1.2187690734863281,23286.01185484901,23697.41578415948,23246.54229886448,23494.749493729127
2023-03-21,293.8307665086317,296.3285521284632,291.7307960341429,293.5162353515625,3242400,1.2276264429092407,23934.867826104233,24138.33245773209,23763.808422275142,23909.246745775934
2023-03-22,293.5162390180879,298.08624325069115,290.0100959954207,290.1766357421875,2505900,1.2225087881088257,24009.335709737214,24383.157499572593,23722.536706182313,23736.15949142416
2023-03-23,291.601272542263,297.2906418356141,289.22378284480425,291.26824951171875,2585900,1.227973222732544,23746.549773567385,24209.863564782703,23552.938898880046,23719.430042910455
2023-03-24,286.920329265903,289.32559968987414,282.48908355917507,289.1590881347656,2456700,1.228154182434082,23361.914437913227,23557.758775568305,23001.109111504975,23544.20090494505
2023-03-27,294.7558937030947,296.86512441093663,293.414513201941,294.6726379394531,2300600,1.2246003150939941,24069.558865046572,24241.79716041889,23960.022677229183,24062.760257973274
2023-03-28,295.1906658617782,296.5968101289061,292.443112983244,294.58935546875,1224300,1.229755163192749,24004.01923057514,24118.36266325301,23780.596474503855,23955.122473641262
2023-03-29,298.34528823991354,298.53955168547384,294.81139308883564,296.6986083984375,1475900,1.2330456972122192,24195.801413884292,24211.556178367027,23909.202534453652,24062.25568681197
2023-03-30,300.2509900444913,300.53776929818645,295.9215210869048,297.087158203125,1456300,1.2313603162765503,24383.68250752188,24406.972136877674,24032.082013307634,24126.74456664904
2023-03-31,299.2425998684918,302.81347830450403,298.27125453256446,302.6099548339844,2281100,1.2387275695800781,24157.25678648885,24445.52666307057,24078.84201961185,24429.096620217108
2023-04-03,301.7126330749724,304.3399180892075,298.9465602427471,302.06414794921875,1808800,1.228697419166565,24555.4868406598,24769.313692840966,24330.364463980473,24584.095582630198
2023-04-04,302.34172557788975,302.38796936727016,296.14353328038703,298.4840393066406,1536800,1.2423131465911865,24336.997995029884,24340.720388977603,23838.07448975184,24026.473528486622
2023-04-05,295.6809894449717,298.067767548858,295.4497140288822,297.44793701171875,1329300,1.249843716621399,23657.436966940328,23848.403091116095,23638.932620115695,23798.81044774027
2023-04-06,296.38408186250035,299.0206273067205,296.01404683549083,298.2527770996094,1311000,1.2463078498840332,23780.968874590526,23992.517365155312,23751.27837500457,23930.90736990554
2023-04-10,298.2527746829367,300.648784635848,297.2444172439645,300.6210327148437,1114400,1.2431625127792358,23991.454988146128,24184.19004315955,23910.34270969446,24181.95767846716
2023-04-11,301.6293231505356,304.5434153679677,299.42760536560166,302.8504638671875,1559600,1.239218831062317,24340.279181519916,24575.434760533677,24162.609368106372,24438.820350040176
2023-04-12,306.87471477931143,307.19850599718234,302.6747454612371,305.50555419921875,1862400,1.2431007623672485,24686.23011660994,24712.277177932167,24348.367777110096,24576.08936040242
2023-04-13,305.3574922613324,308.00329724544406,302.508192048762,307.25396728515625,1765500,1.2492660284042358,24442.951726733838,24654.740483007896,24214.873787545017,24594.758866342552
2023-04-14,311.3244690082548,314.1922898789055,309.2800021887716,311.6852722167969,2275700,1.2525300979614258,24855.647741715402,25084.60997386601,24692.420780318567,24884.453692896077
2023-04-17,310.8341882412089,314.95090232464946,308.6879454038958,314.2385559082031,3012100,1.2400178909301758,25066.911575609814,25398.899856871827,24893.829973077198,25341.45339407023
2023-04-18,303.4333116758547,311.342918721003,301.70337627577584,308.9006652832031,7549500,1.2375471591949463,24518.929191615236,25158.06500041089,24379.141759093935,24960.71870781476
2023-04-19,308.04038062831944,311.75001932471173,306.8284996346944,311.65753173828125,2625400,1.2425447702407837,24791.089062217576,25089.64077522132,24693.55688288289,25082.19737449681
2023-04-20,309.86282335550965,313.8962531855965,309.28000477183576,313.3411865234375,2217900,1.2428845167160034,24930.94243174265,25255.464121074183,24884.050015284374,25210.804568662537
2023-04-21,313.6094169852839,316.7177445580939,310.83411241019286,316.0701904296875,2278900,1.2440905570983887,25207.92519450673,25457.772567358723,24984.84621048455,25405.72216598628
2023-04-24,316.37551608136494,319.2155850287269,315.9499772113716,318.1979675292969,1966300,1.2449734210968018,25412.230552090274,25640.35340991481,25378.049993470922,25558.61531959209
2023-04-25,315.45967221921524,317.7446744933034,312.9896383167695,314.05352783203125,2138200,1.25,25236.77377753722,25419.573959464273,25039.17106534156,25124.2822265625
2023-04-26,312.29582748147254,315.0896527555903,309.5760543869628,311.35223388671875,2041900,1.2414803504943848,25155.11641864565,25380.156248958323,24936.041417303368,25079.110898753366
2023-04-27,314.66412982755423,317.64293042652605,313.38748486692884,316.0147705078125,1768200,1.2471472024917603,25230.71287806807,25469.56203661329,25128.3476594255,25339.011295252483
2023-04-28,314.580810741188,318.3274894336871,314.25704774305234,317.7169189453125,1714100,1.249750018119812,25171.49879417161,25471.293044075752,25145.592573452148,25422.437634632097
2023-05-01,318.2812562938175,321.4358567532013,314.87688851716604,315.0619201660156,1375000,1.2557607889175415,25345.691560267147,25596.90186140285,25074.591538137458,25089.326163591806
2023-05-02,313.6187097435047,314.43280368753443,305.2835350994721,308.401123046875,2397600,1.2485953569412231,25117.72192648544,25182.92270906916,24450.15780351353,24699.84541688415
2023-05-03,307.46675650773545,309.75175860597665,303.66460245479635,304.0346374511719,1825400,1.2476606369018555,24643.46052234408,24826.603440430783,24338.717875146325,24368.37618009168
2023-05-04,301.5369723097393,302.4898261270745,294.7004557919885,297.1982421875,2965100,1.256897211074829,23990.5832913641,24066.393294675378,23446.66319531228,23645.38958069232
2023-05-05,300.7136027268408,303.3131366462553,298.27134854270577,302.5267944335937,2413400,1.2583364248275757,23897.711040832844,24104.29601033102,23703.62509243715,24041.80539199186
2023-05-08,304.9505657782161,305.5611081119127,301.2779105646651,302.05499267578125,1607300,1.2630568742752075,24143.850683937642,24192.189151201594,23853.075558260225,23914.599479070366
2023-05-09,300.6950469777026,302.67474981994934,299.0853509156918,300.4452514648437,1253300,1.2612725496292114,23840.608206854326,23997.5689559667,23712.98344704456,23820.80316844829
2023-05-10,305.2095325216125,305.2095325216125,295.18140632609743,298.3915100097656,1752200,1.2624667882919312,24175.6484489029,24175.6484489029,23381.320527684256,23635.5928549596
2023-05-11,295.7180028878879,297.8272335638444,294.34884225435513,296.6986083984375,1515200,1.2626996040344238,23419.505474068876,23586.54684077378,23311.074250272006,23497.16491954716
2023-05-12,297.9197428996335,299.01135606962623,293.55326198780085,295.5699768066406,1099100,1.2508130073547363,23818.08800739007,23905.360298577805,23468.996585558198,23630.228904616404
2023-05-15,296.4211279760648,299.0391536197635,294.23787307107784,297.9475402832031,1178200,1.2450973987579346,23807.063469232533,24017.330203892037,23631.715347297264,23929.657276645597
2023-05-16,298.34531508893105,298.8726298633405,296.49511158450355,296.7818908691406,1618900,1.2525207996368408,23819.589676709085,23861.68995756369,23671.87129111709,23694.76746056356
2023-05-17,298.493318605446,305.64436492658194,298.493318605446,305.4500732421875,2098100,1.2484394311904907,23909.31519367406,24482.114012942115,23909.31519367406,24466.551248779084
2023-05-18,305.2835441282179,305.83861076391435,301.26860635993086,304.8949890136719,1645400,1.2482805252075195,24456.325157958086,24500.791656031837,24134.687698492024,24425.197930808445
2023-05-19,305.283509382132,307.0874686848608,300.4637382449891,301.72186279296875,1546100,1.2412338256835938,24595.16515463966,24740.50113126238,24206.860305270242,24308.22110626894
2023-05-22,301.72199428900655,302.8228678641992,298.28061391778897,300.5841369628906,1498900,1.2461059093475342,24213.190229311196,24301.535334404958,23937.019452381046,24121.877178182844
2023-05-23,299.3628654424509,302.63773281485624,298.6320273173856,299.3351135253906,1550900,1.243440866470337,24075.360036398837,24338.731416631934,24016.58457350611,24073.12817175544
2023-05-24,296.39329467142585,297.79017879312727,294.922358385145,295.8567199707031,1439100,1.2417269945144653,23869.441188022192,23981.936456939788,23750.982276137456,23826.229217670163
2023-05-25,295.03342158633774,300.82453853995986,294.92238567698115,299.6219177246094,1618500,1.2371032238006592,23848.731125275768,24316.850263776636,23839.75564875769,24219.637614725754
2023-05-26,300.39903633961524,307.93860982900327,299.7329619615373,307.1430358886719,2718700,1.2318304777145386,24386.394213671094,24998.456800673852,24332.322294675087,24933.872107022868
2023-05-30,307.20773812621906,307.62404515416813,303.1835686047314,306.0513610839844,1998600,1.234933853149414,24876.45288391411,24910.163760564497,24550.591744774963,24782.814099999847
2023-05-31,303.9447351044275,305.044660130371,299.9831161416954,301.9219665527344,2938000,1.241187572479248,24488.219334754034,24576.83809394339,24169.039619248277,24325.248918634523
2023-06-01,302.49053109247063,302.6489798898034,292.7123059131576,294.9308166503906,3339700,1.244694471359253,24302.392117331387,24315.122052345858,23516.79971660072,23695.037090372476
2023-06-02,296.6460529469412,303.19903639997733,295.53679723404224,301.68896484375,3987700,1.2525991201400757,23682.44142737126,24205.592318001243,23593.885105155827,24085.03726315988
2023-06-05,301.0178145869382,301.5398139214229,298.5849278794466,299.97381591796875,1462900,1.2430236339569092,24216.58014889951,24258.5744698621,24020.856862468743,24132.59150697433
2023-06-06,300.5516811095963,305.8089956354666,299.5915723365586,304.6251525878906,1495600,1.2433171272277832,24173.372547335093,24596.218369268918,24096.15099605007,24501.001869660682
2023-06-07,305.4082080973056,314.91607646235803,304.177769037542,312.9678955078125,3382700,1.2428536415100098,24573.143441592103,25338.1464996755,24474.14231879951,25181.39586633636
2023-06-08,312.6043583635952,313.50854080173525,308.85714300953254,312.7069091796875,2009500,1.2445859909057617,25117.136192099817,25189.785446128622,24816.054918371545,25125.37594546693
2023-06-09,312.464538266859,313.3873818127534,309.9757252885197,313.2195739746094,1702100,1.2559500932693481,24878.738410177302,24952.216134398986,24680.57663673767,24938.855106835603
2023-06-12,315.47532963518825,317.0133640419797,313.5271489270093,316.4540710449219,2290800,1.25809907913208,25075.55524584153,25197.805904180175,24920.70411046649,25153.350502667312
2023-06-13,317.1159337491395,321.85122072001934,316.4168245728379,319.2598571777344,1772400,1.2515331506729126,25338.1968810523,25716.55577376991,25282.336660655765,25509.500647751738
2023-06-14,321.38512733723024,324.1349679665007,314.34744012559173,315.4566955566406,1819400,1.2606843709945679,25492.909623658295,25711.03246967257,24934.666230342773,25022.65458465019
2023-06-15,314.4314179908491,320.6581449077484,312.92134639481145,316.68719482421875,3322700,1.26708984375,24815.242545096688,25306.66207210284,24696.066181756218,24993.27071290944
2023-06-16,318.21585013945526,318.2344828094654,314.23557046339386,315.3541564941406,4544900,1.278576135635376,24888.298887365123,24889.75618579975,24576.99324313116,24664.48009663722
2023-06-20,312.56708092953204,312.6230073918454,306.8903174301041,308.2792053222656,3208100,1.2794759273529053,24429.305330988045,24433.67637550071,23985.626526403383,24094.1778373323
2023-06-21,306.1632607172998,307.6080751460726,302.87278759679225,303.0126037597656,2158700,1.276535987854004,23983.911431435128,24097.093859703502,23726.145637770416,23737.098416564255
2023-06-22,301.7262138034996,302.25754362672427,297.363779190008,297.89508056640625,2409100,1.2772045135498047,23623.954550935257,23665.555548863766,23282.39338612487,23323.992156780754
2023-06-23,295.08000481085645,296.1519665467806,292.75897140169246,293.35552978515625,2612000,1.2747135162353516,23148.731150378386,23232.825476065776,22966.64840161937,23013.44780994648
2023-06-26,293.7470394749519,295.1545883955809,290.9878965392493,291.1649780273437,2481000,1.2729610204696655,23075.886437321737,23186.459259112435,22859.13644330506,22873.047433920394
2023-06-27,291.21159094877817,294.25969661727123,289.4871160140625,292.1810302734375,2156800,1.2711971998214722,22908.451260723054,23148.233543827602,22772.793714045176,22984.71317545945
2023-06-28,290.56843574647587,293.5326520106507,289.6083268893314,292.3768005371094,2423500,1.2744698524475098,22799.161171875832,23031.74543100776,22723.82719239404,22941.05270325735
2023-06-29,296.2824370607058,303.4133440659797,294.79099865089427,301.1668701171875,3553600,1.2642544507980347,23435.348546622365,23999.389037108493,23317.378749571613,23821.697438129017
2023-06-30,303.71170295603656,303.9074455777121,300.570376662418,300.6542663574219,2361800,1.2614636421203613,24076.1360704408,24091.653174155857,23827.11372934991,23833.763916656368
2023-07-03,300.53312490200983,307.04881481333416,300.53312490200983,304.4481201171875,1106800,1.2693254947662354,23676.600378798612,24189.91945559887,23676.600378798612,23985.03152835956
2023-07-05,301.96855066273486,302.58374166881845,297.9416752147011,298.3331604003906,2561000,1.2717629671096802,23744.090563433765,23792.463650399943,23427.453300659432,23458.23617418336
2023-07-06,296.4223870713109,297.0189740834192,291.61251096181667,291.7616577148437,2896900,1.2704542875289917,23331.99942579961,23378.957983692213,22953.40444944282,22965.144088915968
2023-07-07,291.9480650153805,295.8350969257196,291.48199213281885,293.7843933105469,2903100,1.2742749452590942,22910.916211730084,23215.95492608296,22874.34067641915,23055.02391015093
2023-07-10,295.182595306396,298.3611871529446,294.55804516238965,294.99615478515625,1775800,1.2838947772979736,22991.182807645953,23238.75697826748,22942.537844285267,22976.661327806916
2023-07-11,297.1959570879353,299.25601926216893,293.2343384484745,299.1068725585937,2041700,1.2864713668823242,23101.637917380896,23261.770682653863,22793.69335355733,23250.177210197755
2023-07-12,302.55580751008995,310.7307426599065,302.24821197749515,304.2523193359375,2741300,1.2934770584106445,23390.890896963752,24022.903277597816,23367.110379899706,23522.04991635387
2023-07-13,305.137883317477,306.9369175894358,303.59051812941857,306.37762451171875,2787800,1.29962956905365,23478.835091422934,23617.26178736744,23359.773073683125,23574.22698029358
2023-07-14,309.4629817029166,309.9197523509975,302.9659262985985,304.0565490722656,1815200,1.3128528594970703,23571.794772299625,23606.58699176098,23076.91407357403,23159.986808327027
2023-07-17,303.7769688294548,305.26837915763423,302.350758632354,304.9980773925781,1777400,1.3090204000473022,23206.43504245447,23320.368356872295,23097.482561878205,23299.7191931888
2023-07-18,305.0913016028521,315.29830924540494,305.0913016028521,314.3847961425781,3887400,1.307172417640686,23339.790335655267,24120.6366497915,23339.790335655267,24050.751981900816
2023-07-19,315.06523960354656,322.4105521079265,308.8198521735022,317.44219970703125,6037400,1.303508996963501,24170.545837235106,24734.048852671953,23691.424676998173,24352.896715443218
2023-07-20,316.1465251610696,327.8169785724054,316.1465251610696,327.0526123046875,3915000,1.2939791679382324,24432.118614768977,25334.022888075862,24432.118614768977,25274.951900948934
2023-07-21,327.910193023676,330.9862622655974,323.2494648105663,328.0779724121094,3217400,1.2872332334518433,25474.031007135545,25712.99851993605,25111.957678698276,25487.065116578433
2023-07-24,328.88897837547887,337.08254763056533,328.11530990565933,334.5750732421875,3517500,1.2853471040725708,25587.561315803905,26225.02097390913,25527.36991167904,26029.939475656018
2023-07-25,333.1674866833495,336.33677597514645,329.96090360313366,330.6320495605469,2893000,1.281262755393982,26003.057162221357,26250.413863916976,25752.7897547972,25805.171356821273
2023-07-26,330.43631011057704,335.8148088431128,330.2405674846008,333.2980041503906,2281600,1.2893908023834229,25627.320242999223,26044.455119608683,25612.13922684691,25849.261801332334
2023-07-27,333.8292878511263,336.0757620232746,330.1379994661225,330.4549255371094,2010800,1.292724609375,25823.697130089015,25997.475377664454,25538.153839721203,25562.66997167139
2023-07-28,331.94639658148503,332.3099470644489,327.7517408681891,329.2618408203125,1827400,1.2793776988983154,25945.926434963447,25974.34263162507,25618.059557425404,25736.093501070332
2023-07-31,330.79984119193284,332.96242585113083,329.9981811687703,331.72265625,1385500,1.2853965759277344,25735.235909834148,25903.478512910722,25672.86916340152,25807.02815476067
2023-08-01,329.9795907938469,333.5869902434054,329.4109955489349,333.4471740722656,2024300,1.283400535583496,25711.34900172238,25992.430343792916,25667.045198728134,25981.536147689418
2023-08-02,330.9023375257626,330.9023375257626,325.1976113485919,327.2763061523437,2106600,1.2795741558074951,25860.348618634107,25860.348618634107,25414.518562495577,25576.97064034643
2023-08-03,326.24158898338595,331.1073895498449,324.96455422124484,329.1965026855469,1840400,1.2720379829406738,25647.157817503747,26029.67788622137,25546.765000680072,25879.455417244422
2023-08-04,329.3643248449997,334.38860331329295,328.5906565090119,329.2524719238281,1725300,1.2716336250305176,25900.88201207289,26295.98625982134,25840.041505754158,25892.086009909224
2023-08-07,331.28453859399616,333.4005272994674,329.9049813201129,331.4336853027344,1260300,1.2747948169708252,25987.28314421582,26153.269754555142,25879.065158425652,25998.98280809527
2023-08-08,327.8356113865817,328.1152436814437,318.82175112452524,324.6290283203125,1917300,1.2782002687454224,25648.219563305094,25670.09659632563,24943.02019177752,25397.352532161647
2023-08-09,323.2867780053374,324.81548215864126,319.2505712003043,319.43701171875,1326000,1.2741613388061523,25372.51509359455,25492.492376435057,25055.74148870595,25070.3738992781
2023-08-10,320.7233243112733,323.6968708738622,316.7430446304405,317.3023376464844,1345900,1.2720056772232056,25213.985287503892,25447.753627994338,24901.071614860408,24945.04099534814
2023-08-11,316.8642517921433,318.59805742681965,314.64574067896444,317.6099853515625,1256800,1.2670094966888428,25008.830053778205,25145.67240888347,24833.73183083855,25067.687825670844
2023-08-14,314.5152499279611,315.48468931589605,312.13826158274986,314.8228454589844,1347000,1.2695027589797974,24774.68029929396,24851.044007925357,24587.442553775276,24798.90990642537
2023-08-15,310.6841873756691,311.3646640584452,308.055557808681,309.66815185546875,1657800,1.2685203552246094,24491.856681374113,24545.50002103149,24284.63654839306,24411.760566556906
2023-08-16,308.11143228696704,310.3299434938901,306.64795678366704,306.7784423828125,3340300,1.2701315879821777,24258.229241936657,24432.89706595696,24143.006888824017,24153.28028099693
2023-08-17,307.6081185780142,311.3273712723801,302.0152436947776,305.29638671875,3135200,1.2728151082992554,24167.54142626751,24459.748257417996,23728.131582153557,23985.917886116957
2023-08-18,302.313484884505,305.38955415941524,301.26948630506456,302.882080078125,1730500,1.275022268295288,23710.44744878847,23951.703570457856,23628.566637339092,23755.042371383835
2023-08-21,303.3109093206714,304.2430550401655,297.71803500370663,300.20684814453125,1983500,1.2741937637329102,23804.143290741285,23877.299018388487,23365.208924858052,23560.533467456135
2023-08-22,300.5982799318443,300.7474266199313,296.7112208244108,297.1586608886719,1810300,1.2760798931121826,23556.384012816517,23568.071892932174,23251.774628371673,23286.838268718657
2023-08-23,298.86450463507293,300.57034693860726,296.4222878214948,300.4584655761719,1429000,1.2731555700302124,23474.311519367642,23608.296897407017,23282.487607893876,23599.509176167834
2023-08-24,300.2906685082017,305.26832208733475,297.8298191693017,298.249267578125,1185600,1.2720541954040527,23606.75115833551,23998.059452991303,23413.296402414646,23446.27050134367
2023-08-25,299.0322499390607,300.8219817253946,296.5993639612426,298.4263610839844,1159600,1.2592872381210327,23746.151067586703,23888.27366933754,23552.955591275182,23698.037433402624
2023-08-28,299.5356627982064,304.4387577425868,299.5356627982064,303.8515014648437,1440100,1.2589701414108276,23792.118092851717,24181.570930778907,23792.118092851717,24134.925163859843
2023-08-29,303.4692971845274,310.1248299388505,302.64900456470707,309.9849853515625,1831700,1.2611136436462402,24063.596386691283,24591.34682281217,23998.551287547903,24580.25784696986
2023-08-30,310.17301437209136,311.96826162463134,307.96420080566634,308.8383178710937,1131500,1.2636793851852417,24545.230222824546,24687.295312560644,24370.437977867474,24439.6103546329
2023-08-31,309.6185025277484,310.633601709733,306.3757727946856,308.0206298828125,1271100,1.271179437637329,24356.78971516556,24436.644624073724,24101.693570825002,24231.089707941894
2023-09-01,309.8628809620428,311.69570445070275,306.6107429665613,307.729248046875,1201400,1.2672826051712036,24450.969317943243,24595.595582138856,24194.346368791175,24282.606483445128
2023-09-05,307.6727950523518,308.74431548129235,303.2457887229427,304.2984924316406,1846000,1.2623074054718018,24373.840612727417,24458.72646733746,24023.133145574877,24106.528339497905
2023-09-06,302.94500346705905,304.6650696698665,300.12524913959373,301.8359069824219,2120800,1.2570552825927734,24099.576817513676,24236.409797465018,23875.262551744127,24011.347087286573
2023-09-07,301.3565713924172,304.74028267951496,300.89602064918284,302.6160583496094,1471100,1.2498750686645508,24110.935480488184,24381.65944098074,24074.08773827932,24211.70450843094
2023-09-08,302.5785058539398,306.38516342106334,302.33411792181795,305.9621887207031,2026400,1.2475050687789917,24254.691497974563,24559.833149290604,24235.101362572463,24525.927499450303
2023-09-11,308.53762104887034,310.31405189700143,304.80614387907616,305.1445007324219,1283100,1.2489992380142212,24702.786972025144,24845.015309246184,24404.02961043325,24431.11984740438
2023-09-12,304.54289953574863,315.1357671278405,304.53349117503376,311.0189208984375,2054700,1.2508755922317505,24346.377963327133,25193.214184121287,24345.625821325695,24864.09702371224
2023-09-13,313.4627618689716,316.76188437367887,310.9437876382699,314.8538513183594,2165000,1.2491724491119385,25093.633956770223,25357.738605175866,24891.982516851538,25204.994838158273
2023-09-14,318.6322635899625,324.38455827240784,316.61144523615303,323.8676147460937,2822700,1.248953938484192,25511.93072633843,25972.49972774025,25350.12985510197,25931.109608346287
2023-09-15,324.4127367593981,325.3902596459042,321.3203980808698,321.9595642089844,3063900,1.2401869297027588,26158.374111969682,26237.19472062909,25909.029549108545,25960.56743527767
2023-09-18,321.9596139163753,323.57627449656746,318.88606279966774,322.6927490234375,1356600,1.2397565841674805,25969.58290264513,26099.98435409439,25721.667210487583,26028.71831006501
2023-09-19,322.8243131784423,324.2435989107206,317.6641711797773,321.3486633300781,1660200,1.2383747100830078,26068.387100444223,26182.99584695061,25651.700458133906,25949.226895027452
2023-09-20,322.0253811746127,323.1438861983333,316.08511957340806,316.4704895019531,1224400,1.2393569946289062,25983.26249581017,26073.511312621467,25503.960597571942,25535.054941672566
2023-09-21,314.4026818764171,314.5812686541188,310.2482302303499,310.39862060546875,1685100,1.2328935861587524,25501.201839810146,25515.687013527215,25164.23426266418,25176.4324261397
2023-09-22,310.2670307081861,311.6205153293513,307.19347956744315,308.1898193359375,1669100,1.2294225692749023,25236.809414616295,25346.90049761662,24986.809844285024,25067.851122800188
2023-09-25,307.4190577210289,309.50567730743313,305.7365960832457,309.08270263671875,833300,1.2241849899291992,25112.140750787057,25282.590446181945,24974.70550598141,25248.038914003886
2023-09-26,306.04669040304617,307.75734807063907,303.04837833128295,304.3642578125,1481800,1.2213143110275269,25058.798348605305,25198.865295512172,24813.29954091176,24921.04244290969
2023-09-27,305.4546405787191,305.4734286173068,299.8151311273226,302.606689453125,1493000,1.2146830558776855,25146.859429763655,25148.406173870837,24682.581161938346,24912.39899896953
2023-09-28,300.97122623742086,307.2028890611592,300.97122623742086,305.66143798828125,1389600,1.2135332822799683,24801.233771846833,25314.7477326696,24801.233771846833,25187.72599413253
2023-09-29,307.5412410913831,308.2555594056506,302.90742264722087,304.1293334960937,1403900,1.2204796075820923,25198.392433664416,25256.920106706217,24818.72050671249,24918.83777547158
2023-10-02,302.681831945345,304.13869356211086,298.0480424839933,299.3639221191406,1303800,1.2193039655685425,24824.14889909828,24943.631953193533,24444.11327285548,24552.033830182114
2023-10-03,296.3279984157027,296.71336831696124,286.10171256924286,287.7277526855469,3118600,1.209116816520691,24507.80556244392,24539.677578116272,23662.040644883127,23796.5222842158
2023-10-04,286.53411357481,290.49116178076844,285.24643002996584,290.0588073730469,1872000,1.2078461647033691,23722.73240981636,24050.34434597134,23616.122513417802,24014.54885972846
2023-10-05,288.89324754155007,291.89158892912275,285.93251091394205,291.8446044921875,1584600,1.2137395143508911,23801.91500118132,24048.948351593102,23557.979906986795,24045.077303779322
2023-10-06,289.598251393156,296.3750838720028,288.71475446530184,293.7057189941406,1595100,1.2187690734863281,23761.535937628516,24317.575028730615,23689.045016495536,24098.553645932778
2023-10-09,290.3407312733327,294.64557276696905,289.84257576606325,293.82781982421875,1094400,1.222090482711792,23757.711509958983,24109.96378215441,23716.948938421396,24043.049510722092
2023-10-10,295.5760987374933,297.8131088036592,293.52708379844506,295.8580627441406,1193800,1.2250398397445679,24127.87642882893,24310.483556661795,23960.615342897596,24150.893150203978
2023-10-11,296.47837143827184,297.6062846776839,292.8784975900582,294.2131652832031,1672500,1.229135513305664,24120.885632936956,24212.650391761526,23828.007117163535,23936.59300364203
2023-10-12,295.27524818155496,295.3692457228854,289.51354597466894,291.2336120605469,1727700,1.2316333055496216,23974.282511773024,23981.914453919027,23506.472638418323,23646.129959970727
2023-10-13,293.2544653049755,297.18331632136955,289.6545913806967,290.7166748046875,1785200,1.2183235883712769,24070.326480095035,24392.806571090103,23774.848828784736,23862.02463610951
2023-10-16,294.3635329800075,296.92011126649146,291.60957993122065,295.5008544921875,2273900,1.215376853942871,24219.9390275573,24430.29174887086,23993.346506903923,24313.51671158924
2023-10-17,294.5515916042027,297.18335128267904,287.5304009903784,290.7731018066406,4123000,1.2211503982543945,24120.82836194929,24336.343148845186,23545.863097731144,23811.40785134197
2023-10-18,288.5548836868502,288.7616668355504,283.3665456158639,283.81768798828125,3460300,1.2178784608840942,23693.241399259136,23710.220363527053,23267.226962053315,23304.27026209574
2023-10-19,283.8177050565237,286.99463331214133,280.68778992354464,281.2141418457031,3211800,1.214343786239624,23372.105022697302,23633.72189689858,23114.359632269498,23157.704188244737
2023-10-20,280.565538396007,285.0301491410021,280.1895769121804,282.0223999023437,2329000,1.2137248516082764,23116.07429181636,23483.91802007809,23085.098450518522,23236.10656308494
2023-10-23,280.36822299901195,285.3121734919581,280.27422543714755,281.2423400878906,2959800,1.2163970470428467,23049.07132754131,23455.513492537128,23041.343788076058,23120.93249252882
2023-10-24,281.9754516995409,284.88920377057474,281.1107143600241,281.2047119140625,1697100,1.2250248193740845,23017.93786052545,23255.79035338536,22947.348487490653,22955.021601745306
2023-10-25,280.65959137811905,281.9754711734562,277.30407638698813,278.9301452636719,1809300,1.216189980506897,23076.95309750395,23185.149992432216,22801.049246550305,22934.75112723888
2023-10-26,279.118104870465,282.10706659162287,277.06909004757904,279.14630126953125,2011200,1.210345983505249,23061.0179795135,23307.96899698221,22891.72631821911,23063.347594305513
2023-10-27,279.67262830370674,280.3493705051416,271.9746965188949,272.4916687011719,2601700,1.213710069656372,23042.78717757431,23098.545321001966,22408.539182335113,22451.13355435209
2023-10-30,275.8189825981141,283.6766842790951,275.6685922574797,282.75555419921875,3065200,1.2113723754882812,22769.13261183925,23417.793737020827,22756.717738949836,23341.75352853373
2023-10-31,283.5545254865208,286.00772698895463,282.63342397648097,285.3685607910156,2611000,1.2165746688842773,23307.61380611098,23509.262053865776,23231.90110769646,23456.723873161653
2023-11-01,285.1053586674486,289.7297685677493,284.6448079546962,288.70526123046875,2345400,1.215214490890503,23461.31985790631,23841.86254686914,23423.421139926497,23757.555838468237
2023-11-02,291.0832783686928,295.6418875119976,289.49481426840686,294.90875244140625,2597000,1.2182197570800781,23894.15182909062,24268.354358380675,23763.759583270104,24208.173502970105
2023-11-03,299.32637991003173,309.5432874506024,298.8282243482018,307.93603515625,3742000,1.2191851139068604,24551.34798610236,25389.35916455505,24510.488271187238,25257.529118730265
2023-11-06,307.033719451578,309.13912729301904,302.74769424062697,304.4489440917969,2087600,1.237378716468811,24813.237480581556,24983.388123502697,24466.858061418574,24604.34627165908
2023-11-07,302.77582288254337,306.7798831772185,301.9862951186963,304.4864807128906,1505000,1.2345526218414307,24525.14518424738,24849.478082160043,24461.1926438794,24663.710183428673
2023-11-08,304.48656956448536,307.0337403334695,304.2233935664062,305.0599060058594,1484400,1.2291808128356934,24771.503621346114,24978.728688837025,24750.092939098962,24818.14740518873
2023-11-09,306.4133631564222,307.0243043093452,300.4542846279177,301.5069885253906,1787900,1.2285012006759644,24942.0483258643,24991.77893683862,24456.97932265733,24542.66942185249
2023-11-10,303.89436610786083,306.4697328545965,302.3246900577672,305.9527893066406,1781400,1.2217023372650146,24874.665197758342,25085.466689102053,24746.1825058444,25043.15330946875
2023-11-13,304.68387132452386,308.9698957991254,304.0917182998443,307.2686462402344,1403300,1.2228227853775024,24916.437194982733,25266.939698358834,24868.01210577434,25127.814914356233
2023-11-14,313.49096215559354,321.24528844483103,312.4946510119413,318.369140625,3592700,1.228063702583313,25527.255751973178,26158.68279219314,25446.127131238238,25924.480949586694
2023-11-15,319.4782067467095,320.58730339514204,315.19218183070853,317.31640625,2534500,1.2494533061981201,25569.439462994327,25658.206017369008,25226.407442930882,25396.41975221478
2023-11-16,317.4667987147513,319.33722686170404,314.8820235157236,316.4422912597656,1620400,1.2422360181808472,25556.077433630962,25706.646900268373,25348.003028993033,25473.6045830622
2023-11-17,319.1022549394138,319.9951887758899,317.80516312812404,318.8108825683594,1465200,1.2414957284927368,25703.048960694083,25774.972996837176,25598.570807324635,25679.5794984666
2023-11-20,319.5722109074289,320.8129099045306,317.2224152389919,319.0552673339844,3146000,1.2454540729522705,25659.092362185867,25758.71056762967,25470.422565405093,25617.585928133336
2023-11-21,318.03069855295394,318.71684914399395,314.4496126163718,314.8443908691406,1900900,1.2509069442749023,25424.0093564516,25478.861605388287,25137.730192923733,25169.28955507898
2023-11-22,316.696012008006,318.54765184218115,315.2203336830796,318.2938842773437,1235200,1.2544218301773071,25246.372822070738,25393.981847171442,25128.734696726744,25373.7520043281
2023-11-24,318.4442772850412,319.82595819767744,317.3539974060879,318.77325439453125,460100,1.2533526420593262,25407.39665748181,25517.635457502696,25320.407581752737,25433.64442674087
2023-11-27,318.8108892094305,319.59100877436845,315.5681596136576,317.4197998046875,1250500,1.2600330114364624,25301.788629012175,25363.70125811453,25044.43587981109,25191.387600458394
2023-11-28,317.10957472315994,318.06828086361463,314.7503711016982,317.36334228515625,1419000,1.2634397745132446,25098.90705675545,25174.78769307815,24912.17843944794,25118.992506581828
2023-11-29,319.3534453130325,325.54150943190007,318.88911276253583,322.4427490234375,2038100,1.2712295055389404,25121.619968822382,25608.397855262654,25085.0937122752,25364.636961186425
2023-11-30,323.7883852536879,326.7071214438417,322.28164690833387,323.6557312011719,1903600,1.2696397304534912,25502.382879751003,25732.269840606525,25383.708399958545,25491.93471486342
2023-12-01,323.5799098064418,330.6208700797724,322.5943887945816,330.1849365234375,3623300,1.2631685733795166,25616.526299473004,26173.93094218771,25538.506545607255,26139.419827398928
2023-12-04,328.16644386877294,332.13704233676884,327.20935085723363,331.0946655273437,2178100,1.2713103294372559,25813.244513952424,26125.56782133509,25737.960534157894,26043.57550322921
2023-12-05,328.45071670283846,328.6686545229723,322.70804357448566,323.85467529296875,2429700,1.2634079456329346,25997.202078564827,26014.452074568664,25542.66376825874,25633.420813316632
2023-12-06,325.5225699723904,328.82981156062647,323.7125810839421,324.0632019042969,1869300,1.2594457864761353,25846.493232804078,26109.08822686806,25702.780108516883,25730.619402920798
2023-12-07,325.7120493923199,326.6407433340718,324.091599492336,326.57440185546875,2162400,1.2558711767196655,25935.148081276897,26009.096266327022,25806.11813536982,26003.8137596629
2023-12-08,326.2807101866203,333.84285961701283,325.7784640150505,332.45928955078125,2238800,1.258954405784607,25916.80117146699,26517.470218387687,25876.907258767522,26407.57187259578
2023-12-11,333.0372646155077,334.5440026858504,330.77240024213773,333.34051513671875,1636000,1.2554770708084106,26526.750058530546,26646.76324757051,26346.351353844402,26550.904264789035
2023-12-12,333.0088499731806,335.4632243305623,331.27465948295736,334.14599609375,1597600,1.2554612159729004,26524.821773575895,26720.317606195444,26386.690028193436,26615.39773929286
2023-12-13,334.45874732458105,343.84982622718115,333.1889181935949,343.7361145019531,2876500,1.2570710182189941,26606.19348288205,27353.25381332426,26505.17857500634,27344.208045537085
2023-12-14,347.3087164543997,365.9771638043589,345.8872619532221,363.3901062011719,5376300,1.2622915506362915,27514.144119821573,28993.077203113528,27401.53507158219,28788.12791054455
2023-12-15,360.28183246352955,365.6928274175689,359.45739354340583,360.5850830078125,4522300,1.2771391868591309,28210.067952700665,28633.748864672885,28145.514384177626,28233.8124707143
2023-12-18,361.29583520352674,362.7172896937012,356.22597507132485,356.6903076171875,2740900,1.2672343254089355,28510.578348399526,28622.748170639443,28110.50552599031,28147.146937649733
2023-12-19,356.3207727251248,363.67441153840673,354.93720275629124,362.4235534667969,2091800,1.2651821374893188,28163.594961293315,28744.826595489063,28054.237586743337,28645.9587696998
2023-12-20,360.7935813145786,364.9631752784542,357.4957965575569,357.75164794921875,1836500,1.2732689380645752,28336.007463042388,28663.479047342054,28077.006033066846,28097.100090497537
2023-12-21,360.1491478937142,361.5137464173165,357.2683544946104,360.6419372558594,1301600,1.2641266584396362,28489.957512506,28597.905439597947,28262.069477721598,28528.94010644587
2023-12-22,361.9970576773016,363.4090264752379,359.5426831911461,360.7177429199219,1538200,1.268499493598938,28537.422324880674,28648.73248346263,28343.93588688518,28436.569721956083
2023-12-26,360.717779620749,362.5751388144646,360.1491920130006,361.6275024414063,837300,1.27048659324646,28392.09650367195,28538.289246168308,28347.34297295617,28463.700787061724
2023-12-27,361.2389527202878,365.55068612162216,360.39554257020455,364.3471984863281,1367200,1.272718071937561,28383.265758955138,28722.047261033622,28316.997339524336,28627.486834665047
2023-12-28,364.38507059784064,367.45543163022097,363.54168939629113,366.1761169433594,1024700,1.2800819873809814,28465.760333317725,28705.61692552415,28399.87539705087,28605.67686703782
2023-12-29,365.38010070529776,366.3940783914556,363.4848282838718,365.5696105957031,881300,1.2733986377716064,28693.300736107074,28772.928407763156,28544.464985446728,28708.18294854111
2024-01-02,362.9447022724476,368.7632030257781,362.17711918434,367.9671630859375,2263100,1.2728800773620605,28513.660377544813,28970.77341252835,28453.357517773577,28908.234925674948
2024-01-03,363.7785908653244,365.2189874853388,357.03142571539905,361.7980346679688,2265300,1.2623074054718018,28818.542083206587,28932.650311817986,28284.031620804326,28661.64240973796
2024-01-04,363.4658669558812,366.8205073306992,361.9496721130725,362.8973083496094,1618300,1.2674272060394287,28677.455022578557,28942.136130797848,28557.827257324356,28632.59575148491
2024-01-05,361.9212538338482,369.0758960426638,361.1252139247145,366.2045593261719,2913900,1.2684078216552734,28533.50851791032,29097.57333103003,28470.749530182315,28871.200025262737
2024-01-08,365.7591794164565,368.70631439219846,362.0254901263307,368.4978332519531,1902600,1.271779179573059,28759.645171989934,28991.378402339826,28466.065173976505,28974.985529772486
2024-01-09,364.4609478795629,365.7402627425951,361.7791208002305,363.6459655761719,1708800,1.274518609046936,28595.96912061573,28696.34543948241,28385.550295790734,28532.024797040845
2024-01-10,361.3810927269735,362.9920570136337,358.70875153905274,361.9591369628906,1547300,1.2712942361831665,28426.235441132463,28552.95388606908,28216.0290929983,28471.704398629867
2024-01-11,360.9451873771371,361.03047116981713,355.0603454061407,359.8648681640625,2209900,1.274518609046936,28320.119048481054,28326.810499831754,27858.38848376243,28235.356126589904
2024-01-12,363.2668878229287,365.64546413814327,356.8608573208397,357.9696044921875,2223800,1.2777756452560425,28429.629972336556,28615.77973376341,27928.287618076443,28015.059280649933
2024-01-16,358.54767386567863,364.84947870002605,354.71924385126624,360.52825927734375,3926600,1.2716174125671387,28196.19095509579,28691.764920352,27895.123198663958,28351.944202266783
2024-01-17,355.5531724002725,360.2913541810887,354.5391945584819,357.4294738769531,2415100,1.26385498046875,28132.434329483094,28507.33349545061,28052.205358797353,28280.89293475636
2024-01-18,360.41454536724416,361.6559756781884,354.9466936580511,357.17364501953125,1771200,1.2676842212677002,28430.94039672002,28528.86938330177,27999.61439159509,28175.28521908659
2024-01-19,357.0030732164099,363.22902241751126,352.58708409938373,362.1866455078125,2603300,1.2709871530532837,28088.645298953958,28578.49676489087,27741.199685013828,28496.483590548814
2024-01-22,366.1287435567549,372.1652110236404,364.42300980056,365.7496948242188,2922700,1.2699863910675049,28829.343852180988,29304.661344505563,28695.032668361047,28799.4971754605
2024-01-23,360.08283958625566,363.2858258802008,358.80352484032767,360.8314514160156,3313300,1.2706964015960693,28337.44072415492,28589.50614984763,28236.762486275195,28396.35423243429
2024-01-24,361.8170407687455,364.4704110417046,359.3247524840194,359.5332336425781,2235800,1.269196629524231,28507.56394652385,28716.622985228805,28311.196557362062,28327.622787444066
2024-01-25,362.6509758075305,366.4604637200528,362.0065899969768,362.6604614257813,2376300,1.271876335144043,28513.06890354709,28812.586066282172,28462.404716098335,28513.814700759343
2024-01-26,358.8224606186006,360.954642183121,357.0219575258071,358.00750732421875,3464700,1.270825743675232,28235.378642935335,28403.157866415193,28093.698864904836,28171.2507876068
2024-01-29,356.2070313727047,360.8978138203269,354.6434083039318,360.6324768066406,1632300,1.2697607278823853,28053.08303768072,28422.50558671838,27929.93991044126,28401.6089714853
2024-01-30,363.8923792115394,367.6071266406005,361.6085720070772,366.6120910644531,3897900,1.2713264226913452,28623.048551228436,28915.243172747996,28443.408832923244,28836.975659512416
2024-01-31,365.7876426103293,373.2834498450497,363.60809050457135,363.90185546875,3421100,1.269551157951355,28812.35941689757,29402.789128041793,28640.680466261576,28663.819743661996
2024-02-01,364.2998605374084,369.1422976623439,358.9646628870958,363.750244140625,2138500,1.2678449153900146,28733.787241268572,29115.729627608933,28312.978861193842,28690.43679752646
2024-02-02,361.8074977111368,368.3840954002806,360.67035159735633,367.5501708984375,2180900,1.27472984790802,28383.072562779085,28898.99346162183,28293.86573078667,28833.57375695173
2024-02-05,364.4609351478524,365.1526911542438,361.0494386054625,362.9636535644531,2231100,1.2621959447860718,28875.147052514454,28929.95280666451,28604.864410862643,28756.52192227344
2024-02-06,362.9636302626379,366.5646654060318,362.9446879484616,364.8304748535156,1487800,1.2534469366073608,28957.239406165252,29244.529999665814,28955.728188288926,29106.176272685552
2024-02-07,365.13374063034,366.8015897734728,362.470884939513,366.4130554199219,1963200,1.2606525421142578,28963.8681898796,29096.168652331813,28752.63982981449,29065.348553964403
2024-02-08,365.7876831330069,367.78718223454223,361.371693643488,364.8779602050781,1913700,1.2627378702163696,28967.823945149386,29126.170277250178,28618.10849005163,28895.780257430346
2024-02-09,364.6220077565487,365.91080815924647,362.556167568816,364.13873291015625,2028200,1.2620525360107422,28891.1909253075,28993.31031938372,28727.502003587757,28852.89815756583
2024-02-12,364.84000034820383,375.5956788696552,364.1956145610121,372.0799560546875,2797200,1.2637271881103516,28870.15518703434,29721.262817118197,28819.16429333083,29443.06014425929
2024-02-13,367.2943686926252,368.7821646998498,355.55316937774813,358.9172668457031,3030800,1.2627538442611694,29086.774937321785,29204.596475857277,28156.965903816388,28423.375504012318
2024-02-14,360.935729503953,361.50431708508864,356.10277844364896,358.24444580078125,2041300,1.2590652704238892,28666.959369186385,28712.118869213275,28283.10706431923,28453.20685242721
2024-02-15,359.5521585761708,366.93422413905085,359.28682158304434,365.2379760742188,2218900,1.2568340301513672,28607.767608971255,29195.121657778396,28586.656071030597,29060.15967997232
2024-02-16,363.1720901223541,367.2848277836592,361.0020240339585,364.3092651367188,2376800,1.259921908378601,28824.96825455808,29151.396236638157,28652.730112339545,28915.225833762186
2024-02-20,361.00206169087807,365.3895934873521,360.90729227653503,364.3851013183594,2358900,1.2587641477584839,28679.086732309974,29027.645420153687,28671.557965740652,28947.845548924317
2024-02-21,361.8453964724798,368.3082821781287,361.2957802112109,367.9386901855469,1772500,1.2627378702163696,28655.622438129438,29167.43774501823,28612.09667761869,29138.16864639537
2024-02-22,368.8485301940116,374.8849694972496,368.6305634087151,370.0235900878906,2326800,1.2638070583343506,29185.509588792756,29663.148898007712,29168.262748473335,29278.487380468312
2024-02-23,369.578113686625,376.0125715070053,368.8294729998851,370.5731201171875,2247400,1.266367793083191,29184.10557384939,29692.208974419493,29124.988412876966,29262.677252314137
2024-02-26,370.57314646187865,375.320813360248,368.4599361188298,369.78662109375,1797800,1.2672665119171143,29241.926854145106,29616.565247389404,29075.173426734484,29179.86213762871
2024-02-27,371.71987908309785,375.16926068535673,368.94328233596326,370.3457946777344,1724900,1.268455982208252,29304.909614283315,29576.845073663924,29086.013823961854,29196.582291566814
2024-02-28,369.5154673151564,375.3083895984598,369.3341381473459,375.2320251464844,2572900,1.268166422843933,29137.774085399422,29594.56920147831,29123.47555450126,29588.547558687595
2024-02-29,377.1789213094063,377.9042380006104,368.06487322696006,371.2905578613281,3139100,1.2663036584854126,29785.81944243441,29843.09770159001,29066.08306472014,29320.815380523934
2024-03-01,371.84406811037576,373.1897075406013,367.664002885527,370.3839111328125,1697700,1.2625465393066406,29451.909813525235,29558.491186039595,29120.827742907524,29336.258078551164
2024-03-04,371.06150999750736,378.46728906519786,368.5706658533153,374.344482421875,1955100,1.26603102684021,29309.037624742217,29893.997938564382,29112.29330399608,29568.349786511375
2024-03-05,372.88431414943625,379.3452649640231,372.4930264399083,373.0656433105469,2697800,1.269196629524231,29379.554394910036,29888.61269716922,29348.724837028636,29393.841319165313
2024-03-06,376.96895795911297,377.2457281337419,366.9673406909708,371.7868347167969,2692400,1.27048659324646,29671.22675382575,29693.011334324292,28883.999456717076,29263.3418324214
2024-03-07,374.0104543594129,376.5013276339871,369.39139526876505,370.6988525390625,2033100,1.2735446691513062,29367.674602937528,29563.26046144017,29004.98146758594,29107.644318914805
2024-03-08,370.98517685802847,377.5606454585883,369.0573676282857,369.3245849609375,1657200,1.2815583944320679,28947.972910936558,29461.056718052016,28797.54595902251,28818.39692717291
2024-03-11,368.0648476712674,368.7710586376652,364.0088527840839,368.532470703125,1654200,1.2855123281478882,28631.763353180726,28686.699502055722,28316.247523548253,28668.139747371464
2024-03-12,369.9258619212311,371.3669425442506,366.2611542875624,370.4602966308594,1703900,1.2819806337356567,28855.80734892049,28968.217831972815,28569.944400820423,28897.495553528614
2024-03-13,371.1569735204884,377.2075606248173,370.4602862001034,374.4017639160156,2370600,1.2795906066894531,29005.91576556996,29478.769119814486,28951.46965470115,29259.49611998676
2024-03-14,376.4249394321783,378.2859369236321,367.8548796831218,370.87060546875,3029500,1.2802129983901978,29403.30553630633,29548.671775658215,28733.8810139938,28969.4453919075
2024-03-15,371.1187427054252,373.2755868776478,368.7614928300987,369.5345153808594,3763900,1.2745835781097412,29116.86209356386,29286.08161037431,28931.919347100553,28992.568375068346
2024-03-18,370.9088126770866,371.27147101263006,365.908018680447,366.8241882324219,2069000,1.2731393575668335,29133.40244118686,29161.887801676898,28740.610091557763,28812.571542323512
2024-03-19,366.5378943130728,372.9415865876608,366.19431252830015,370.9183654785156,1858200,1.272718071937561,28799.614179679458,29302.765067199987,28772.618272860156,29143.79654512462
2024-03-20,368.72334491355934,378.4004860782745,368.3797922477023,378.3718566894531,2157400,1.2719409465789795,28989.030182987666,29749.84704250798,28962.02007164711,29747.59619989627
2024-03-21,381.5212232055046,395.1207368760831,380.8722709465446,394.8248901367188,4613800,1.2798361778259277,29810.160848367253,30872.75885162733,29759.454963488894,30849.64286659034
2024-03-22,395.4833631680341,397.73564846437705,387.25685566405735,388.2493896484375,2190300,1.2661913633346558,31234.091040274092,31411.96978447997,30584.386126609912,30662.773486776878
2024-03-25,388.2971227470103,391.723242307077,385.4245144311871,386.4552307128906,1683900,1.25979483127594,30822.25082267855,31094.20935711679,30594.22890637066,30676.045108192953
2024-03-26,387.5526921611469,390.64478245943405,386.0543529489014,387.6385803222656,1407000,1.2637910842895508,30665.882753794896,30910.550589857805,30547.323663540847,30672.67882651502
2024-03-27,390.9215206633861,396.5235602240796,389.7285810934087,396.2945251464844,2353600,1.2628495693206787,30955.50967908818,31399.112757141807,30861.045571964234,31380.97638657485
2024-03-28,397.2107483360693,400.06427997828575,396.0369142800369,398.6231994628906,2409700,1.261670470237732,31482.923449989623,31709.094364624634,31389.885364077127,31594.874324654636
2024-04-01,397.6593121842287,398.8713576438973,393.1929526248762,394.634033203125,1863900,1.2637271881103516,31467.180252634098,31563.090625622193,31113.75274063833,31227.78689229757
2024-04-02,391.9904322069825,394.3095291161839,389.0128593785561,391.4273681640625,1976000,1.2545477151870728,31245.557858158514,31430.41307579012,31008.21552415391,31200.676022569176
2024-04-03,392.2385682921479,397.61157329144754,392.2385682921479,395.10162353515625,1549200,1.2576876878738403,31187.279010040977,31614.49198597325,31187.279010040977,31414.923382377045
2024-04-04,398.9190473257212,399.87339911358174,387.1805319848382,387.7054138183594,1704700,1.2651821374893188,31530.56271544847,31605.994683667246,30602.750427157916,30644.23708887785
2024-04-05,388.0012717338453,390.4635157272676,383.1436244884654,389.4423522949219,1694900,1.26401948928833,30695.82985245728,30890.62463325679,30311.528242668424,30809.837632660732
2024-04-08,390.42529174971423,393.6987111365681,388.9460291193452,391.799560546875,1181900,1.2625305652618408,30924.02691009247,31183.30137654271,30806.860429448716,31032.877248846507
2024-04-09,392.7252908530688,394.3572241611657,388.46886115547744,391.9617919921875,1247200,1.2658709287643433,31024.11801465576,31153.03584277034,30687.872857201502,30963.803898616574
2024-04-10,385.5676464981637,386.9419153005795,379.1544017950575,382.4660034179688,1903300,1.2677645683288574,30413.189966841514,30521.590914205688,29907.319644912575,30168.535465707806
2024-04-11,382.19880972241975,383.1436086607814,376.816251726227,379.3357543945313,2176200,1.2537612915039062,30484.17687739955,30559.534040263334,30054.864054243535,30255.81958584095
2024-04-12,374.9075949269737,376.1005347956922,369.44870092273726,371.7105102539063,2815800,1.2554770708084106,29861.763599200425,29956.782448724323,29426.957250987198,29607.11261851714
2024-04-15,388.4211639645324,394.0232041018397,380.4905032169858,382.5805358886719,6177000,1.2461835145950317,31168.857508980644,31618.39323720184,30532.461612656836,30700.176290889056
2024-04-16,385.9876050111717,386.4838574724439,377.1407450055341,378.7440490722656,3459700,1.2447409629821777,31009.4723713771,31049.340301816483,30298.73332857722,30427.539571354857
2024-04-17,384.0311485035578,388.535690047341,382.86683817287,385.4722290039063,4373800,1.2431007623672485,30893.002412149086,31255.365760330544,30799.340629779123,31008.928694553117
2024-04-18,386.9801328767388,389.241942162922,384.04074191346245,384.7087707519531,2776300,1.2453765869140625,31073.34254899096,31254.959042343206,30837.318281780357,30890.9589913866
2024-04-19,385.6153642435623,389.3755124535891,384.6133065598436,385.55810546875,2805500,1.2437657117843628,31003.858732392688,31306.178387485317,30923.292298198176,30999.255069960953
2024-04-22,388.3639306642901,398.89998287677946,386.1021215183617,398.2987365722656,4165600,1.2375777959823608,31380.971113498013,32232.315751927483,31198.21014661003,32183.733246127387
2024-04-23,398.64229100996425,405.9335529024401,397.2012395648646,404.6451721191406,2662300,1.2350252866744995,32278.0671222831,32868.44061270035,32161.385183812035,32764.12041802898
2024-04-24,402.259293941968,405.19868474602566,400.4555550142801,403.72900390625,1575900,1.2453300952911377,32301.419154888918,32537.45222075412,32156.578928630177,32419.43685717037
2024-04-25,401.7725507762859,404.2729478063146,395.9128459300783,400.8754577636719,1970100,1.2459505796432495,32246.267014163972,32446.94889279391,31775.9670727421,32174.26632430748
2024-04-26,401.0472467030201,408.9683545844538,400.4841826650173,408.05218505859375,2322700,1.2509069442749023,32060.518053602318,32693.74724124786,32015.50558959931,32620.506819164257
2024-04-29,408.0522572449333,413.5493044970509,407.69915169461,411.1443481445313,2453000,1.2510477304458618,32616.84165315637,33056.23713890323,32588.616866704986,32864.001759389575
2024-04-30,408.93974317631273,411.69783383700775,406.5538636945373,407.2314453125,1829900,1.2559815645217896,32559.37465387998,32778.97108257001,32369.413308174728,32423.36168107307
2024-05-01,407.2123999665228,413.6447222224624,405.7808721677582,407.4605407714844,2310100,1.2490164041519165,32602.646259319583,33117.637274213994,32488.03384958614,32622.51315651459
2024-05-02,411.516517273229,413.85466176229465,408.62483241771065,412.823974609375,2087500,1.2539342641830444,32818.02954330606,33004.49422138781,32587.42057614443,32922.29795461691
2024-05-03,415.14305506745166,422.1098119279761,415.0667197341765,418.1778869628906,2406300,1.2540600299835205,33103.92207244712,33659.45822653506,33097.83501668822,33345.9226005621
2024-05-06,421.5848682286825,424.0948178879045,419.6093531975265,423.417236328125,1914300,1.2541072368621826,33616.3332637727,33816.47162398996,33458.8096507124,33762.44262711766
2024-05-07,424.848807242512,426.9960988108171,422.6537806090965,423.5413208007813,2058200,1.2559815645217896,33826.03847408156,33997.00368797963,33651.27264188948,33721.93770710664
2024-05-08,422.5869631382203,427.5686806726528,421.87119929203465,426.5475463867188,2006700,1.25014066696167,33803.1530615888,34201.64562055338,33745.89839696571,34119.96406959514
2024-05-09,425.9653712470674,435.5947772407383,425.9653712470674,434.7644958496094,2710200,1.2493284940719604,34095.54598876635,34866.31252770005,34095.54598876635,34799.85431474256
2024-05-10,435.6807115293949,437.80892671519854,433.5811548596345,433.9724426269531,1823900,1.2525677680969238,34783.00516955997,34952.913356566656,34615.38496383247,34646.62381391985
2024-05-13,435.44208969258034,436.3296590101557,432.6267693288914,432.8558044433594,1579600,1.2522854804992676,34771.7909752476,34842.666932159715,34546.976393626275,34565.26576278647
2024-05-14,434.0773549143672,440.6910056805685,433.28525576124906,437.5416564941406,2412900,1.2561867237091064,34555.16180211485,35081.648083284366,34492.105957138294,34830.94099277088
2024-05-15,440.5192292978929,444.909253257604,439.9084593108356,444.8138122558594,2217700,1.2585265636444092,35002.77562852933,35351.59813943435,34954.24506869048,35344.01458859786
2024-05-16,443.1723437765656,446.8752334461417,441.1777519956869,443.31549072265625,2070300,1.2690032720565796,34922.8684854649,35214.66360933208,34765.69065741673,34934.14875157947
2024-05-17,445.09055696401,447.2664777066017,443.05778315359487,446.369384765625,1655900,1.2672007083892822,35123.919519407245,35295.630340604424,34963.50500914399,35224.837060973376
2024-05-20,446.8275477551945,449.95782065776166,441.4831715710659,441.8076477050781,2591500,1.2706480026245117,35165.32877966803,35411.68126250369,34744.72636475141,34770.262637058295
2024-05-21,441.1300845558456,449.7955869014039,441.1014551641287,448.9366760253906,2762600,1.2710840702056885,34705.02816422374,35386.76925033113,34702.775804022865,35319.1961529927
2024-05-22,446.025846720477,448.8602727533956,438.7632434460271,441.273193359375,2729500,1.2711325883865356,35088.853105923685,35311.83740030923,34517.50411048424,34714.96186872909
2024-05-23,443.0387113645255,443.1150466876721,436.5300256162715,437.2362365722656,2254500,1.2721028327941895,34827.271816649096,34833.27253618046,34315.62404883793,34371.13929004237
2024-05-24,438.8491322761903,444.01217905688657,438.1429212575,440.1279602050781,1932200,1.2694060802459717,34571.21713101885,34977.946455940306,34515.58394714806,34671.959355968655
2024-05-28,438.94456599847854,442.5233852221968,437.9615848166775,438.8204956054688,1930800,1.2772371768951416,34366.72326321699,34646.9233144258,34289.761740362585,34357.009296597935
2024-05-29,434.07736938603625,437.799335582584,431.0329848128907,436.301025390625,2315700,1.275835633277893,34022.985254832485,34314.7129742555,33784.36638467882,34197.27541781185
2024-05-30,434.9376179452546,437.68356764981735,429.7529369689725,432.278076171875,2135000,1.2697993516921997,34252.46810573926,34468.71878352574,33844.16100041803,34043.02227716522
2024-05-31,431.8267907001946,438.5572620089632,430.252168130471,438.3172302246094,2638300,1.27304208278656,33920.8574908199,34449.549464147,33797.16774080968,34430.69448774053
2024-06-03,440.5735328758055,440.5735328758055,432.24924704028274,436.8386535644531,1930700,1.2743724584579468,34571.80276862865,34571.80276862865,33918.59610363249,34278.726809040534
2024-06-04,432.5373358750127,439.4598452993436,431.29876349038113,437.14593505859375,1835000,1.2810165882110596,33765.16275086268,34305.55461526455,33668.47607279544,34124.92383639374
2024-06-05,439.3061849021931,444.5580818135416,439.2581902629041,443.2715148925781,1678900,1.2773023843765259,34393.27995278317,34804.450946870995,34389.52245261124,34703.72562632825
2024-06-06,443.4059332499916,445.99825900847566,438.7877239420932,439.8342590332031,1598000,1.2794759273529053,34655.2775062638,34857.88591045999,34294.33212158174,34376.126164653346
2024-06-07,437.2803200848353,442.77224866218177,436.3777982021389,436.7714538574219,1736100,1.2793285846710205,34180.454132296436,34609.73622941761,34109.907605508044,34140.67809402834
2024-06-10,434.2942809656783,437.2034649248351,432.3452241125239,435.4656372070313,1698600,1.2729448080062866,34117.29072887923,34345.830406393856,33964.17671789497,34209.31013411861
2024-06-11,433.0558053675138,433.8430874481612,425.7012270769663,426.55572509765625,1938200,1.2726370096206665,34028.22659515413,34090.088860253745,33450.32588702214,33517.469779132014
2024-06-12,437.43392279765794,439.39259033144015,428.3991230603604,430.8090515136719,1733000,1.274047613143921,34334.189576967074,34487.9253960664,33625.04812541625,33814.20341509687
2024-06-13,428.91761790249205,430.4442165749565,424.52021908930016,428.5527648925781,1849100,1.27962327003479,33519.05423623867,33638.354870121555,33175.40631140277,33490.54170302223
2024-06-14,424.3665862151214,430.3577995071095,421.6398286472973,428.6583557128906,1559100,1.2755101919174194,33270.34067655621,33740.05180312759,33056.56288120006,33606.81540839019
2024-06-17,427.3526385554887,432.8061542231709,425.7108291863264,432.2300720214844,1531600,1.2683112621307373,33694.61829405701,34124.60073058606,33565.16983623885,34079.17953005846
2024-06-18,431.6443932601161,439.4406214526828,430.6266607699982,439.1909790039063,1798400,1.2715997695922852,33944.988319596414,34558.09225205988,33864.95272078184,34538.46009619243
2024-06-20,439.7382297285791,442.05213965001,437.0882694482963,439.7862243652344,2080600,1.2721998691558838,34565.18432283359,34747.06690099848,34356.8868418693,34568.95689330927
2024-06-21,440.39115352656273,440.5063641067485,431.96123756746505,432.2300720214844,3780800,1.2660471200942993,34784.736408054145,34793.83643113837,34118.89105164515,34140.12521029158
2024-06-24,433.2574159122137,445.0381665678031,432.0572568653655,443.6651916503906,1882200,1.2639029026031494,34279.32755118068,35211.420564918175,34184.37096516633,35102.79078690401
2024-06-25,441.1399958418466,445.5757784228958,438.5380595656573,439.1429443359375,1555900,1.268343448638916,34780.799815321516,35130.53021254233,34575.65535866969,34623.34628741058
2024-06-26,437.2514930934128,439.6710028756892,434.40952503634537,437.68353271484375,2131700,1.268399715423584,34472.68930893697,34663.44225162968,34248.629966877095,34506.75109688737
2024-06-27,431.8460071134828,431.8460071134828,425.1443087671027,428.1783142089844,2835200,1.262179970741272,34214.29725745544,34214.29725745544,33683.335072843656,33923.71326868049
2024-06-28,432.1532151445328,439.1045259976159,431.605935663358,434.2846984863281,3839700,1.2645741701126099,34173.81323754618,34723.50901794189,34130.53546909974,34342.36668361297
2024-07-01,436.3874189666177,445.5182086287009,435.9073553711078,445.1725769042969,1850500,1.2648621797561646,34500.7879870946,35222.66818939801,34462.834160725746,35195.342546340944
2024-07-02,443.1083320773731,447.6785178169979,441.2744855321839,447.0448303222656,1491800,1.2645741701126099,35040.12200707172,35401.52316863567,34895.10508449565,35351.41242703514
2024-07-03,450.3380941810556,451.1542082048613,447.2464832596533,449.26275634765625,993900,1.2690355777740479,35486.64056928737,35550.95035209402,35243.02163727719,35401.90395100551
2024-07-05,448.8306326708461,448.9362325912633,441.7833030207414,446.2190856933594,1593800,1.2755752801895142,35186.52639647914,35194.805007867835,34634.043939382784,34981.791558947734
2024-07-08,449.00349360627337,455.9260027358641,445.5374483675819,446.2863464355469,2214300,1.2806508541107178,35060.57034710376,35601.116516059206,34789.923181440616,34848.40110815742
2024-07-09,447.0351977927651,460.18892189933285,443.1754679759154,453.9768981933594,4525100,1.2815583944320679,34882.1559544208,35908.54103088053,34580.98124138244,35423.816828459276
2024-07-10,453.66973262720927,460.7266444173801,451.1157906466465,459.79534912109375,1946000,1.2787723541259766,35476.97376811734,36028.82428063441,35277.25550142801,35955.99698707575
2024-07-11,460.8610525268749,463.8950579721009,457.2797675495916,460.1217651367188,2251400,1.285264492034912,35857.29282828086,36093.353612969804,35578.65096121946,35799.77257507713
2024-07-12,461.7539714582297,464.16390012836285,459.0368243498811,460.745849609375,2727800,1.292373776435852,35729.135013221094,35915.60805330237,35518.89033340083,35651.12957336801
2024-07-15,461.10105984769547,473.34268090559885,457.3181565649575,472.6033935546875,3568200,1.2966804504394531,35560.115037704585,36504.18888826311,35268.377525856085,36447.17504567291
2024-07-16,474.302828636533,486.3908263603896,472.3729636215068,482.9631652832031,3981700,1.2970000505447388,36569.22206266116,37501.21876680775,36420.42754147238,37236.942672466284
2024-07-17,482.9439885936767,489.1656234880468,479.51632740785794,482.15667724609375,3908900,1.29776930809021,37213.3926717973,37692.80259893803,36949.273219715105,37152.72616175773
2024-07-18,479.6026842880557,483.6064272361761,464.9127511993492,466.8233947753906,3320200,1.3007453680038452,36871.37360512499,37179.177349547674,35742.02627473626,35888.914637596514
2024-07-19,469.6173870076088,472.9586400385049,463.9238400392264,465.5944519042969,2032700,1.2951691150665283,36259.15577700339,36517.13390449483,35819.55704799185,35948.544980582
2024-07-22,465.2392656777049,469.9534940699452,463.1461952699674,467.6203918457031,1792500,1.2933096885681152,35972.7658263191,36337.27468555912,35810.9275267812,36156.87688564585
2024-07-23,467.6586988237334,476.0406190239743,466.8906088577148,472.5265502929688,2020500,1.2932428121566772,36161.708723812044,36809.84070037898,36102.316167456935,36538.11533697679
2024-07-24,469.7518687337897,476.2135063878699,466.4490286425395,467.2939453125,1598600,1.2901561260223389,36410.466862028145,36911.30838994477,36154.46372995504,36219.953220173986
2024-07-25,466.6698328051984,476.3287104856755,463.9622962597391,472.1041564941406,1489700,1.289989709854126,36176.24460415038,36925.000784660486,35966.35637599037,36597.51336679475
2024-07-26,475.95424457697567,483.9040964175189,475.887028642514,479.13226318359375,2249700,1.2856775522232056,37019.72113878407,37638.06061486781,37014.49308340227,37266.90742597736
2024-07-29,480.46681235142375,481.9838002647062,471.4800075324071,473.0738220214844,1599500,1.2868356704711914,37337.07600563284,37454.96113643023,36638.71140281406,36762.56672681931
2024-07-30,478.44095628578384,489.15597876257976,478.431345638072,485.5075073242188,2642500,1.286041259765625,37202.613263977044,38035.792012748185,37201.86595920444,37752.09416008164
2024-07-31,484.72977741214254,496.6353774765804,484.72977741214254,488.7335205078125,2658900,1.2836971282958984,37760.447283668764,38687.89347031269,37760.447283668764,38072.33885119022
2024-08-01,489.6648637546214,493.52459378611246,474.9557082661246,480.1788024902344,4006800,1.2853139638900757,38096.90686566751,38397.20159053063,36952.505116232,37358.872305171724
2024-08-02,471.51849321309805,474.74450667369024,448.5810393954011,451.8742980957031,6115500,1.27289617061615,37042.965804890264,37296.40465835391,35240.97642451574,35499.69813146439
2024-08-05,429.7433133734831,444.7116923286461,419.930812595538,440.7175598144531,4177200,1.278788685798645,33605.49855859058,34776.01086616662,32838.170782945075,34463.67368657244
2024-08-06,442.6282450880908,456.3004468928138,439.1909733406324,451.4710083007813,2209300,1.2788705825805664,34610.87080406012,35679.95488425958,34342.096794064324,35302.321786914625
2024-08-07,460.2753965518508,469.0701359971338,453.7273219576326,454.1497802734375,2587600,1.2684721946716309,36285.80890344248,36979.14214970726,35769.59147102857,35802.895970534315
2024-08-08,458.81600160574845,468.2828714721834,458.1343194664183,466.4010009765625,1936400,1.2680377960205078,36183.14872361487,36929.725039884375,36129.38990495272,36781.31696391638
2024-08-09,465.6808584040488,472.3825564400268,462.9733221174178,470.7119445800781,1622700,1.2747459411621094,36531.26818191831,37056.9963148409,36318.8700718947,36925.941819509404
2024-08-12,470.7119998012034,473.2179178851057,464.4615619631924,466.1417846679688,1839300,1.2750385999679565,36917.47056230557,37114.00720707579,36427.25498466203,36559.03316806908
2024-08-13,470.7407472390312,473.60190738541127,467.07305450428,472.324951171875,1243700,1.2771228551864624,36859.47247184,37083.504179890704,36572.2884534931,36983.51722809899
2024-08-14,473.2466745409552,479.4395064856177,468.9261022914016,478.8154296875,1545600,1.2866700887680054,36780.73180313781,37262.0387052507,36444.93692554875,37213.53545616101
2024-08-15,484.86425205849326,486.6980985873203,478.39300389241055,479.1226806640625,1732300,1.2828736305236816,37795.16863719203,37938.116974829805,37290.73484012028,37347.613144755334
2024-08-16,477.2312094028042,484.7778243736864,477.18321476347273,484.15374755859375,1587000,1.2859420776367188,37111.40786992919,37698.262838136725,37107.67561478597,37649.73212855456
2024-08-19,484.8642240469667,487.53337642513554,481.8494106489256,484.5569763183594,1027900,1.294716238975525,37449.458765623196,37655.61609167025,37216.603618890294,37425.72787236967
2024-08-20,483.7792418889912,484.05768695490747,476.70310978136433,477.5096130371094,2122700,1.2990386486053467,37241.3278395049,37262.7625417145,36696.60716354781,36758.69178717398
2024-08-21,479.5834980278155,480.8124595734542,474.3316014919972,476.6647033691406,917100,1.3035430908203125,36790.766749875234,36885.04530148532,36387.872777838355,36566.854346884546
2024-08-22,477.18319443109226,479.775549461181,475.06132162988587,477.9032897949219,943800,1.309346079826355,36444.39020235018,36642.37873036658,36282.33428498051,36499.386767041855
2024-08-23,482.7039103978242,492.0075445504473,479.91954760525766,489.1079711914063,1751800,1.3097747564315796,36853.96347940989,37564.28669391209,36641.38014942173,37342.907151757776
2024-08-26,491.91161120612514,493.0253330091713,485.1714992935148,487.6198120117188,1084200,1.3212658166885376,37230.32905210501,37314.62108395651,36720.20369901724,36905.504240912756
2024-08-27,487.5909795197795,491.0858564902754,486.3908205547614,487.03411865234375,977900,1.3191741704940796,36961.83494383904,37226.764097901156,36870.8568916711,36919.62210493641
2024-08-28,486.40043787066816,488.0998524401586,478.59459916706055,483.26080322265625,1568100,1.3257501125335693,36688.69670628461,36816.88184113199,36099.91012955257,36451.87721682502
2024-08-29,485.8243370892309,492.7756482673885,481.1581332123807,489.7608642578125,1566300,1.3193656206130981,36822.57059748703,37349.43828825855,36468.90033323671,37120.93574412108
2024-08-30,490.4659254219527,493.71105339049575,487.89690385090296,492.8031921386719,1838900,1.3166210651397705,37251.86679812734,37498.340749856085,37056.744477888824,37429.38687422236
2024-09-03,490.1182329887285,492.2719938840238,468.8028587483308,470.79241943359375,2373600,1.314198613166809,37294.076258967914,37457.96023158187,35672.14681642845,35823.53646676972
2024-09-04,470.05842537073306,479.23359473383226,470.05842537073306,473.86370849609375,1509400,1.3114066123962402,35843.83523214273,36543.47859800422,35843.83523214273,36134.003292101464
2024-09-05,476.7031737513327,478.818294183163,466.55255865367,471.1980895996094,1828300,1.3144749402999878,36265.67225713258,36426.5821662517,35493.45402866288,35846.86745660386
2024-09-06,469.9618283595147,478.470588138689,460.74801865523966,463.2108154296875,1995600,1.317748785018921,35663.992538059276,36309.69677819273,34964.78417535585,35151.67843034941
2024-09-09,468.9284090418168,477.3792227699733,466.8615967822621,471.8644714355469,1714200,1.3133355379104614,35705.148875198305,36348.610769300554,35547.77764751928,35928.70655021573
2024-09-10,472.405322549311,472.47293613311945,445.7876761032604,451.1575622558594,3583100,1.307138204574585,36140.426536079845,36145.59917838896,34104.09660915269,34514.909033868455
2024-09-11,448.1152611968581,455.7548001278116,441.8375140335964,455.0594177246094,2426500,1.3080273866653442,34258.85923835839,34842.9096190182,33778.919198321004,34789.74693983493
2024-09-12,455.184948476224,458.12101079052087,449.4866915542208,457.8505859375,1480500,1.3039510250091553,34908.132264632266,35133.29887426595,34471.13295923556,35112.55999313972
2024-09-13,459.7146384505144,465.6157367799684,459.24140227315473,462.612060546875,1794500,1.313232183456421,35006.34878141257,35455.705597655244,34970.31279453063,35226.98166970613
2024-09-16,464.96854301669214,470.7151075202004,463.0948747318893,468.5710144042969,1500300,1.3137997388839722,35391.127677622084,35828.52801600164,35248.51322662558,35665.33015163573
2024-09-17,471.3139557605471,472.9848129766855,465.3259387952611,468.793212890625,1444900,1.3210737705230713,35676.581147617,35803.05835528095,35223.31221601789,35485.77099559013
2024-09-18,468.8028332766323,476.133306767576,465.2969482431162,468.0108642578125,1699500,1.3167423009872437,35603.23329212874,36159.946134531354,35336.978837412156,35543.087201414855
2024-09-19,477.8235066018737,489.0944910547159,476.5872744046744,486.6026916503906,3060700,1.3201146125793457,36195.60771835287,37049.396044414956,36101.96189507213,36860.63975154606
2024-09-20,483.0871900194537,484.8835775773376,478.5382455664589,481.3873596191406,4452600,1.328179955482483,36372.118704649816,36507.370524289814,36029.62411766123,36244.13677017651
2024-09-23,481.1748251779428,484.255752685193,478.2870709117,480.4021911621094,953200,1.331398367881775,36140.559939507904,36371.96532361934,35923.66360435337,36082.52817122035
2024-09-24,480.5760429494411,482.4786844780465,477.20538495970686,480.9913330078125,1035400,1.3349887132644653,35998.50981318653,36141.03098281896,35746.02393399944,36029.61794573065
2024-09-25,481.4549153655137,484.8352407492235,473.6318707255373,474.3465881347656,1763900,1.3427324295043945,35856.355651082304,36108.10538985621,35273.73438804601,35326.96296832929
2024-09-26,477.1087849193104,481.3583309549461,475.64076849946485,479.928955078125,1378100,1.3315792083740234,35830.29698262581,36149.43278836018,35720.05071183595,36042.08837596382
2024-09-27,481.9088627082184,488.1189964838506,478.9051867220159,481.464599609375,1420100,1.341381549835205,35926.307676397,36389.27317464731,35702.383619399836,35893.18786056996
2024-09-30,477.9683673490808,479.5426084190393,472.1831618398688,478.1808166503906,1602500,1.338329792022705,35713.79567264179,35831.42296296605,35281.52512589798,35729.66988410866
2024-10-01,477.6689436181397,477.6689436181397,468.03984401795,473.4097595214844,1528600,1.3376137018203735,35710.53010058693,35710.53010058693,34990.65861698256,35392.11349862937
2024-10-02,474.3756018892079,477.9394038406024,471.2657010903071,475.1675415039063,1445100,1.327404260635376,35737.08597726988,36005.5649973454,35502.801600526036,35796.74674815812
2024-10-03,473.1779411700117,473.738125883172,467.6438844646045,469.4789123535156,1290600,1.326611876487732,35668.15204630708,35710.378768612885,35250.994865409615,35389.31926318068
2024-10-04,478.69272407162896,479.3397984297629,469.382327945876,478.2291259765625,1721600,1.3130252361297607,36457.23714211398,36506.5183242519,35748.157387242245,36421.9295118941
2024-10-07,477.71724807068415,481.9474885706496,474.0085517420552,477.7075805664063,1173300,1.3125253915786743,36396.80048369177,36719.09828662245,36114.23861079967,36396.06392618668
2024-10-08,480.0062019077896,481.3003800822789,475.9304941452223,479.5909118652344,1296700,1.3084723949432373,36684.472959676976,36783.38052390919,36372.987002593094,36652.73441905814
2024-10-09,481.1651784728378,488.9592204947101,478.316035326885,487.906494140625,1695900,1.309483289718628,36744.65968758005,37339.859495249766,36527.0820240602,37259.466995219365
2024-10-10,488.9978360109898,489.47107210237897,482.5076105152257,486.4963989257813,1309000,1.306830883026123,37418.60116426517,37454.813661041604,36921.96264890233,37227.18870855277
2024-10-11,490.6301124037556,500.2591829681972,490.43693915253925,498.6463012695313,2409700,1.3062163591384888,37561.16733428062,38298.34004667816,37546.37857054597,38174.86266964319
2024-10-14,499.9501088796293,505.184767274798,497.8832673727611,504.8757019042969,2174900,1.3049037456512451,38313.17907897617,38714.331915927854,38154.788736871924,38690.64699881951
2024-10-15,520.3769723085975,522.0285240474108,497.883341043595,504.5184326171875,4525400,1.3067454099655151,39822.36848433469,39948.75513365584,38101.020845118874,38608.77786672323
2024-10-16,511.8778113828623,517.8851038175437,507.9952476104612,511.7425842285156,2649000,1.3065917491912842,39176.56848052878,39636.33660920399,38879.41646079467,39166.21887022163
2024-10-17,513.0755084971624,516.9870166375191,510.1684188211798,510.912109375,2123500,1.29902184009552,39497.06561203273,39798.17741936532,39273.2749422955,39330.52498466319
2024-10-18,511.28872079470585,512.6215395326872,508.85486763001,510.42913818359375,1779200,1.301574945449829,39282.31121704656,39384.71167755333,39095.31828412293,39216.269487054975
2024-10-21,509.9462473338375,511.7329672347996,499.3223671810492,500.0950012207031,1752100,1.3052616119384766,39068.50877016935,39205.39473116138,38254.58150412415,38313.77531114238
2024-10-22,497.97988738422265,501.86245159036247,495.4011984008996,500.5779113769531,1588000,1.298296570777893,38356.40473777504,38655.455377939135,38157.783787726774,38556.51494766136
2024-10-23,498.1633796856186,502.2197820223618,495.8454775990495,499.5155334472656,1263200,1.2982797622680664,38371.03482344499,38683.479217529726,38192.498412885856,38475.184468301566
2024-10-24,501.2539779328528,507.04882160837707,500.4813438990892,506.56591796875,2058200,1.291372299194336,38815.60555740403,39264.34088176707,38755.77509377664,39226.94627140348
2024-10-25,509.99448713980496,510.7188425497038,493.2763666372675,495.07275390625,1633200,1.2973365783691406,39310.884749808734,39366.718788714,38022.23531362668,38160.702639603165
2024-10-28,497.7770720624628,506.6528429022697,497.3713905814173,505.6773681640625,1687100,1.295823574066162,38413.95403083223,39098.90613522679,38382.64718558227,39023.62777498317
2024-10-29,503.35941673844775,509.2122063301383,503.1855785067971,506.35345458984375,1281600,1.2974711656570435,38795.42220759449,39246.51428166973,38782.02397291676,39026.181698105385
2024-10-30,505.5034616950532,512.6407313913272,505.184728845315,506.4692687988281,1441600,1.3014055490493774,38842.88506870917,39391.31285906918,38818.393637120374,38917.09768479033
2024-10-31,504.5763545515053,507.048818814846,496.936844951902,500.0853271484375,2061700,1.2959579229354858,38934.62477613354,39125.407533782054,38345.13730401724,38588.083632815
2024-11-01,502.2198393941495,508.6328145678285,499.361028317783,501.592041015625,1625000,1.2897733449935913,38938.61207037466,39435.829290638336,38716.95986400341,38889.93697711417
2024-11-04,500.28816560340135,500.336444177237,493.05427858652325,493.9814453125,1797800,1.2953401803970337,38622.14522289106,38625.87231902891,38063.69060792954,38135.26769169549
2024-11-05,495.4591721429703,509.4247676902245,495.0728256224471,508.9418640136719,2169900,1.2954542636871338,38245.979501645226,39324.02570819406,38216.156254977795,39286.748925054046
2024-11-06,547.9024607907266,578.141884515103,546.7434802595103,575.601806640625,8042800,1.3043591976165771,42005.48911618019,44323.82472339883,41916.634716768276,44129.08711744493
2024-11-07,569.8263260026212,574.6553626636604,561.6362986889233,562.2640380859375,4475600,1.2883278131484985,44229.917276259286,44604.747083685215,43594.20738704385,43642.93251667372
2024-11-08,566.3686538218037,574.8001909427572,561.4237255679861,569.111572265625,2714000,1.2982292175292969,43626.244593360694,44275.709033623396,43245.34666046496,43837.52611489673
2024-11-11,578.4220660408365,586.3899769613705,575.7853717968989,581.7444458007812,2510800,1.2917059659957886,44779.70074210545,45396.55249709378,44575.57578539326,45036.909414001886
2024-11-12,577.6010287815009,581.5029278977087,571.2460004091747,572.3277587890625,2392900,1.2874983549118042,44862.2731499387,45165.333662701465,44368.67808256781,44452.69825826441
2024-11-13,574.2979915375533,582.9129760283909,572.3857119735397,573.9019775390625,1763100,1.2739177942276,45081.24418544297,45757.50324469106,44931.13406274286,45050.15787828208
2024-11-14,579.4843850744925,580.9620985515685,566.1948670784055,568.4838256835938,1670500,1.27068030834198,45604.26263554995,45720.55573204124,44558.40413685113,44738.540603133115
2024-11-15,573.0714010189195,574.7905662949711,567.0158293787827,573.2452392578125,2007700,1.266784906387329,45238.25616562079,45373.96707181988,44760.22934278736,45251.97895612899
2024-11-18,574.3753270344906,574.7230035430274,564.7268618110608,567.8850708007812,1848900,1.261765956878662,45521.54255733542,45549.09731157818,44756.863087990874,45007.16378539859
2024-11-19,559.8398184335392,564.7654708991884,555.8317536159027,561.5010375976562,2217400,1.2679253816604614,44154.00358184951,44542.484839255885,43837.89153964182,44285.022267029664
2024-11-20,563.8672839841813,567.7015106123805,556.9037922345574,562.0322265625,1528600,1.2694543600082397,44418.08242562745,44720.119800817076,43869.54031422939,44273.52760904709
2024-11-21,566.4556297703205,580.1604372511019,564.5240152357393,575.7273559570312,2281900,1.2655344009399414,44760.19216463819,45843.11867146428,44607.55984321361,45492.825444288625
2024-11-22,575.8335594920842,583.289621975204,574.1144532724121,582.1693115234375,1733700,1.2584789991378784,45756.310584964805,46348.77676741422,45619.70868530261,46259.755778384286
2024-11-25,587.9738283900458,590.3980142414177,578.354425025337,582.4108276367188,2940800,1.2593823671340942,46687.47504604696,46879.96510424021,45923.65592202674,46245.75052309795
2024-11-26,579.609945149374,586.4285423939665,572.7237343193577,584.7963256835938,2846500,1.2533055543899536,46246.4993567749,46790.54842930227,45697.0554637118,46660.31548613405
2024-11-27,586.901765126352,591.3155115019963,582.6522484322106,584.7286987304688,1424500,1.2573871612548828,46676.29694426171,47027.322190236024,46338.33288473527,46503.47297541233
2024-11-29,588.4760405055863,591.7790849486935,586.3029740920318,587.7613525390625,1170200,1.2696800231933594,46348.37358671802,46608.521370629736,46177.22287363608,46292.084761701604
2024-12-02,590.1198328291449,593.9148208199626,583.6168557180157,584.0148315429688,1804100,1.270163893699646,46460.13288177201,46758.91227627707,45948.153510969096,45979.4861466177
2024-12-03,591.0517008566442,593.4393191627529,583.1316372942955,584.3740234375,1718100,1.265854835510254,46691.90212623368,46880.51919662204,46066.232946784985,46164.3789670357
2024-12-04,585.2669677085897,586.5093538863016,579.2104831928289,581.1031494140625,1617300,1.2674272060394287,46177.56072457092,46275.58498756541,45699.7041276081,45849.03548267251
2024-12-05,582.8696158578962,588.7222545485182,578.8124893498143,579.249267578125,1672800,1.2701154947280884,45891.07197551978,46351.86776258913,45571.64224452902,45606.0311036622
2024-12-06,579.5985842893322,582.3550911196635,576.8906544421061,582.0444946289062,1405700,1.2759333848953247,45425.45803336601,45641.49649297239,45213.226746115215,45617.1538043623
2024-12-09,581.3748492372772,585.2669323454073,576.2598108219288,576.6480712890625,1633200,1.2749296426773071,45600.54373011601,45905.821996292085,45199.34210736552,45229.79558919988
2024-12-10,572.6492530306311,578.7348835408986,566.5927687143036,567.825439453125,2600800,1.2749085426330566,44916.88884976361,45394.22744361277,44441.83639589746,44538.52338932489
2024-12-11,572.7657254047593,576.2501766233404,569.6404477140903,575.1339721679688,2195300,1.2780042886734009,44817.19900950441,45089.84685970826,44572.65540989622,45002.507211065116
2024-12-12,575.1631344978418,578.7834236704526,571.3001380870423,574.2119140625,1218400,1.2766337394714355,45053.104638764795,45336.68551718571,44750.51225918388,44978.59458894145
2024-12-13,576.5315462990685,577.5021381278549,567.8738837735574,568.2620849609375,1215000,1.2677323818206787,45477.38580843627,45553.94706400604,44794.46071717393,44825.082415644916
2024-12-16,570.7079688596108,570.9700475981008,561.681477118549,569.0870971679688,1713300,1.2627378702163696,45196.07610737296,45216.83090887781,44481.24114803851,45067.71441569705
2024-12-17,563.7586648546768,564.5059803868057,555.4600561346798,557.77978515625,2314100,1.2690355777740479,44424.181222999105,44483.06968485293,43770.25087893789,43953.045519387546
2024-12-18,560.5070893200947,562.4288422651098,528.4775576219673,534.0681762695312,3271600,1.2710840702056885,44096.77553660103,44247.96561049631,41576.91611511175,42016.746868923285
2024-12-19,544.9290405835953,550.325528404336,537.3195751128017,537.6981201171875,2753300,1.2567708492279053,43359.45895931398,43788.85210000115,42753.981399465374,42784.10184700905
2024-12-20,538.6203071443248,556.0521601530693,537.1061860493279,549.4520874023438,4515900,1.2497968673706055,43096.628036642884,44491.402936776736,42975.47866153024,43963.31129860428
2024-12-23,548.3843964600937,554.8291405759691,545.278490685195,553.9944458007812,1519500,1.256991982460022,43626.72189737175,44139.43353004761,43379.63155644371,44073.02938532472
2024-12-24,557.3138936784744,565.6512451171875,554.557386553215,565.6512451171875,913400,1.2534469366073608,44462.50394826659,45127.65786864549,44242.589802341885,45127.65786864549
2024-12-26,561.1477654120373,565.4571960843687,560.5168569418973,564.1371459960938,1092000,1.254374623298645,44735.261299880236,45078.8134247629,44684.96464540226,44973.577710985184
2024-12-27,560.0314881156864,564.8456449379277,554.5476205584987,559.235595703125,1486000,1.2529758214950562,44696.11292638149,45080.33078115996,44258.44545801451,44632.59275313411
2024-12-30,550.5876969508977,559.0803762437348,548.4814698333089,556.6829833984375,1265900,1.257880687713623,43771.05891908311,44446.21669642952,43603.61639944182,44255.62685204174
2024-12-31,558.1582964989514,559.9538678354153,553.6256488688995,555.7803344726562,1055800,1.254909873008728,44477.958816335595,44621.042505059704,44116.76573565765,44288.466162126584
2025-01-02,562.273613339134,567.1265730300486,552.9850413818959,558.0612182617188,2219000,1.2519248723983765,44912.728050682286,45300.36790015803,44170.78481095389,44576.25457928736
2025-01-03,563.9138681830855,565.0203571162796,554.9164627235331,563.0694580078125,1422600,1.2380222082138062,45549.576125673,45638.95165753769,44822.81973957119,45481.36974216302
2025-01-06,567.7769117801139,576.1919874076983,562.7686829266706,566.2337036132812,2257000,1.2426837682724,45689.573347324476,46366.74286079476,45286.55618549208,45565.389849782056
2025-01-07,569.8442429119325,570.9798781810057,551.6845048877917,563.059814453125,2021900,1.2510946989059448,45547.65066227592,45638.42198998327,44096.142791607046,45005.37129167829
2025-01-08,563.9527932147014,564.108121119936,555.8289423541171,562.9628295898438,1513400,1.247785210609436,45196.30369230445,45208.75198099339,44545.24205192674,45116.966029344476
2025-01-10,559.303676196507,559.303676196507,541.6000864492197,543.5315551757812,2817900,1.2299367189407349,45474.18314969889,45474.18314969889,44034.79285630767,44191.83091337333
2025-01-13,541.4738063820662,549.5394225893053,540.3867482083999,546.3947143554688,1871200,1.2204945087432861,44365.116147848035,45025.964365472886,44276.04912084554,44768.30583351647
2025-01-14,552.9073507715057,556.7218290359858,548.5785488497461,554.722412109375,2221900,1.2233314514160156,45196.855695282844,45508.666387312776,44843.00213280401,45345.22606013926
2025-01-15,580.4140023468397,591.4884307406312,575.5610424609965,588.10107421875,5119800,1.221344232559204,47522.5564483684,48429.29740628706,47125.21065866633,48151.95082114101
2025-01-16,592.0513589899481,598.6999492218816,588.1787066867346,594.963134765625,3224500,1.2243348360061646,48356.98058884335,48900.017512763734,48040.67395528825,48594.805707433894
2025-01-17,599.6317156680202,608.5611737659015,594.9728859944141,607.5323486328125,3425200,1.2236906290054321,49001.904685286136,49731.62001416291,48621.185117514935,49647.54442277547
2025-01-21,598.6707808620214,616.7431971013427,591.0904605762925,616.073486328125,5076700,1.233136773109436,48548.61146930469,50014.17608739247,47933.892935965145,49959.866558407375
2025-01-22,614.8118223368737,616.90827507126,611.1915329954451,614.1226806640625,2835700,1.2335399389266968,49841.257906235405,50011.21208998162,49547.770097111155,49785.39091311552
2025-01-23,616.2482148305606,626.5558964418389,615.8308674073061,620.6935424804688,2582700,1.231420874595642,50043.67130230078,50880.727245067945,50009.77976839353,50404.66304294898
2025-01-24,611.4728753412803,621.7611254207733,610.4634811275158,618.1699829101562,3183500,1.2353914976119995,49496.28328535948,50329.07597491418,49414.57686146749,50038.38735373144
2025-01-27,606.6199041795895,617.0149641840919,606.0958059088593,614.6564331054688,3351700,1.2459352016448975,48687.91758822796,49522.23545570443,48645.85293911633,49332.93740268295
2025-01-28,613.6082269811859,620.2859041660165,613.2296819126894,619.0435180664062,2338000,1.2460592985153198,49243.902574484244,49779.80621829855,49213.523196155504,49680.101003539465
2025-01-29,618.2670955987618,629.9141994404968,617.6944202608404,618.6359252929688,1918900,1.2441680431365967,49693.21459503863,50629.35050577719,49647.18581772993,49722.85927979336
2025-01-30,625.5368050734705,630.4189110851541,622.1494485993155,626.7112426757812,1812800,1.245530128479004,50222.535029108716,50614.505154925384,49950.574006512536,50316.8272164639
2025-01-31,630.8847361983258,630.8847361983258,618.6941042807795,621.5670776367188,1995100,1.2423903942108154,50779.91097951727,50779.91097951727,49798.68704424289,50029.93266311812
2025-02-03,607.5905277127621,619.7034956342521,604.1740252773765,613.773193359375,2102600,1.2291958332061768,49429.9208717582,50415.35928557833,49151.97472655575,49932.90546376469
2025-02-04,613.4140850140105,618.9173245375526,610.589688631308,615.5299682617188,1743400,1.2431780099868774,49342.41758511201,49785.09268709521,49115.22595527194,49512.61712457543
2025-02-05,619.2376452392248,627.4002972244045,616.840311631054,626.4685668945312,1908200,1.2478163242340088,49625.70477825359,50279.85970687984,49433.58246332535,50205.190838411145
2025-02-06,630.8846787674945,639.4743926207781,629.8558538148056,638.8629150390625,2439200,1.2504063844680786,50454.371203156654,51141.324977543976,50372.09195654784,51092.42266951748
2025-02-07,640.0082774653523,644.3467945173796,633.9517346742645,636.6112060546875,2616700,1.2437502145767212,51457.943079283235,51806.76851072277,50970.98494893638,51184.811756703246
2025-02-10,639.6394855802055,643.0074109993816,625.3038244242695,631.399169921875,2351600,1.2391574382781982,51618.90376649642,51890.69533350311,50462.01597216939,50953.91032790799
2025-02-11,627.7593762444187,629.952863892647,624.6728422706161,628.205810546875,2711400,1.2360633611679077,50786.99004970696,50964.44759089285,50537.283273277135,50823.1074783503
2025-02-12,624.8282316155583,631.3408651485328,620.3149557246472,629.9141235351562,2295800,1.245159387588501,50180.58232895489,50703.618463757484,49818.1166128467,50589.03541297716
2025-02-13,632.6609098872407,632.8258939164893,621.6738029024401,629.8656005859375,2031800,1.2450664043426514,50813.42711365359,50826.6781361431,49930.97562781486,50588.91625290324
2025-02-14,631.1953147669537,643.7547759892756,631.1953147669537,641.1244506835938,2246000,1.2563445568084717,50240.621599093596,51240.30446111251,50240.621599093596,51030.94109089474
2025-02-18,643.1045215098335,652.4221801757812,641.5806850980475,652.4221801757812,2350100,1.262148141860962,50953.17262533179,51691.41074151754,50832.43906314161,51691.41074151754
2025-02-19,649.4036810058208,651.3060033214329,643.7742595220867,648.5010375976562,1953600,1.2625784873962402,51434.71772159347,51585.38735002467,50988.85066937216,51363.22565855144
2025-02-20,648.3844847181861,650.5683163225099,613.084005573065,623.372314453125,3929000,1.2584155797958374,51523.87614458639,51697.41433335215,48718.72340237002,49536.283916181295
2025-02-21,625.789129136776,628.4582568686506,605.0961026666519,607.2022705078125,3000800,1.2670401334762573,49389.84272107135,49600.50122046327,47756.66426654595,47922.891664204
2025-02-24,614.8796981576213,618.5582202165534,596.7199019654104,607.7264404296875,3274100,1.2649900913238525,48607.47150312696,48898.266038527814,47171.90324715697,48041.99215455375
2025-02-25,610.046176800247,612.7541069700144,588.178712088765,596.82666015625,2885900,1.261781930923462,48347.98801990862,48562.59960241761,46614.925897559326,47300.30170264443
2025-02-26,598.5349134224257,604.8049586642322,597.1081717098222,599.6026000976562,2001200,1.2674431800842285,47223.80638654348,47718.506688721114,47111.23789155906,47308.045797982784
2025-02-27,599.3793604054525,606.8432152308034,589.4502232345985,590.1199340820312,2396300,1.2682307958602905,47261.06339334475,47849.58835660175,46478.150913749996,46530.957614992294
2025-02-28,592.8412498300038,608.3112148873105,589.1542507191131,606.984619140625,3337200,1.259890079498291,47054.99785077147,48282.879973906136,46762.35334385076,48177.585411446074
2025-03-03,607.0919254167657,613.315012332807,583.6041629397249,590.3734741210938,3152300,1.260398268699646,48166.67401829288,48660.413740933225,46303.154917995074,46840.23207443649
2025-03-04,581.3216515357369,585.2427973287116,553.6104312771719,566.8466796875,4061000,1.270147681236267,45768.03627826346,46076.75201666942,43586.30413262879,44628.40723653282
2025-03-05,567.7733517418171,582.4336535213013,562.593955132206,578.4832763671875,2600600,1.2794268131256104,44377.16529910451,45523.01448946729,43972.343658939106,45214.25301021839
2025-03-06,566.3101554270854,572.2796265266815,550.7329137633512,553.7078857421875,4332300,1.2891913652420044,43927.54797273862,44390.58792635136,42719.25244084836,42950.01507695071
2025-03-07,554.1957259169108,554.1957259169108,531.507800851124,545.90478515625,4069600,1.2885303497314453,43009.90861662016,43009.90861662016,41249.148765638354,42366.46698077598
2025-03-10,528.9620626044047,533.0294843466737,510.2635674384439,518.583740234375,5272100,1.2932428121566772,40901.99130682046,41216.50469162606,39456.13017461914,40099.48753316931
2025-03-11,519.3737134233277,526.7087758378406,511.3071570158344,518.3593139648438,4190500,1.2875481843948364,40338.196249132205,40907.88851412192,39711.69104293795,40259.41089020129
2025-03-12,530.6201409057438,531.5955455765264,515.5891811239334,522.5340576171875,3078100,1.294481635093689,40990.936180206205,41066.287165831585,39829.779515305156,40366.27816503312
2025-03-13,522.4950107132108,524.9042912417628,507.26895787525353,511.9021301269531,2529100,1.2964283227920532,40302.65318393687,40488.49303996249,39128.19158276129,39485.57132911868
2025-03-14,520.856264925239,530.2006571621531,513.7455872044023,528.09375,2808100,1.2958402633666992,40194.4807280499,40915.587526555806,39645.749690602235,40752.99748967278
2025-03-17,527.9182761472052,543.4564661513002,526.7185473956773,537.7796630859375,2695600,1.2930588722229004,40827.087419435105,42028.74887026938,40734.30519758116,41589.72763254308
2025-03-18,536.7554592165548,540.1303810886376,533.2050311672788,538.2088623046875,2641000,1.2985326051712036,41335.53959900659,41595.442342968716,41062.12112378795,41447.466175385554
2025-03-19,535.4971787093388,549.1528444687755,531.205374228496,543.632080078125,2769800,1.3000519275665283,41190.44534718675,42240.839217606816,40860.3197275989,41816.181996338404
2025-03-20,539.4963047375271,554.4590387248728,538.4233834030322,548.8406982421875,2531300,1.3010668754577637,41465.68596235396,42615.721696072964,41383.221228623996,42183.896046779686
2025-03-21,541.671516511726,553.0544728549406,537.6528538526413,551.240234375,3565600,1.2967981100082397,41769.91871990655,42647.69269685522,41460.02756352144,42507.791314678696
2025-03-24,560.857734946432,568.3878310897493,558.9556837645998,565.832275390625,1877700,1.2924572229385376,43394.684558399764,43977.30315572531,43247.51905473167,43779.57470067332
2025-03-25,570.30943053276,572.4553329831492,563.9888265279625,571.5286865234375,1875500,1.2924238443374634,44127.12076084594,44293.15781283868,43638.07035896035,44221.45947148018
2025-03-26,573.9184600845186,578.0639305966527,556.956155865536,559.8043212890625,1944200,1.2943308353424072,44340.94007601171,44661.219126694865,43030.43245648989,43250.481716366565
2025-03-27,551.1036337497386,552.0790384112425,538.9598338072191,545.1731567382812,2100900,1.2877637147903442,42795.4000737986,42871.14414472568,41852.385466146254,42334.87482810764
2025-03-28,542.2762383749621,546.7143177181536,524.4848667136381,529.7617797851562,2773100,1.295202612876892,41868.06241615457,42210.717634656154,40494.426238737826,40901.84612957615
2025-03-31,520.6906122121114,533.9268628666863,515.5892640146527,532.8538818359375,2455100,1.2938284873962402,40244.175892275576,41267.20566658609,39849.89270504069,41184.2749658633
2025-04-01,529.8886377180453,538.3844346395089,520.1248265109558,534.9607543945312,1869600,1.292089819908142,41010.201423591156,41667.72513367407,40254.541015417395,41402.752823527626
2025-04-02,526.5233899551519,553.3665435359244,525.8211272210832,549.2503051757812,2560700,1.292306900024414,40742.90634408939,42820.05640652931,40688.56455158983,42501.537766718175
2025-04-03,512.5069501394913,516.9547937608594,497.0272803269286,498.6562194824219,5193900,1.3046314716339111,39283.65682437748,39624.584030111495,38097.140160543204,38221.99834393911
2025-04-04,475.0220901608051,479.8991136737497,448.68616319090415,459.2302856445313,8105200,1.308866262435913,36292.63766618508,36665.252015940576,34280.52017750541,35086.1122197362
2025-04-07,435.908371298954,477.9288240660997,428.5733383880003,454.0606689453125,6353800,1.2910722494125366,33763.28253490856,37017.97666889415,33195.14756691654,35169.26873394723
2025-04-08,476.241377935795,479.8211265315289,441.6925279586756,450.8515930175781,4240900,1.2734960317611694,37396.377064259985,37677.47323625066,34683.46323371272,35402.669641151304
2025-04-09,440.25863987524224,509.1612404140665,436.1131700059706,504.1574096679688,7024100,1.2790995836257935,34419.41859032314,39806.22360698258,34095.32577359962,39415.02414056468
2025-04-10,490.7261359044516,490.7261359044516,462.3418517129782,477.7532348632813,5374500,1.2825446128845215,38261.91549008018,38261.91549008018,36048.792928391245,37250.418430964746
2025-04-11,475.02210024682427,486.25875194311743,466.8091793791675,482.2791137695313,3770200,1.2992074489593506,36562.452026218845,37427.33713023311,35930.30349026062,37121.024371883876
2025-04-14,497.45639824887553,499.407207653773,484.9224418690109,491.58447265625,4392600,1.3085237741470337,38016.61139654451,38165.69614711919,37058.74141913161,37567.8671162617
2025-04-15,494.9301104499552,505.8936796978497,494.5301909444111,495.3983154296875,2501200,1.3174536228179932,37567.17518384554,38399.353945815456,37536.81969363188,37602.713814703064
2025-04-16,489.3800700862313,496.9199594848054,480.5721664253466,486.7757263183594,2765600,1.323101282119751,36987.34758250643,37557.212452298896,36321.64618988337,36790.51127049716
2025-04-17,490.8626742029775,502.1676413891308,486.84401141748623,496.9589538574219,2593500,1.3233989477157593,37091.05822172721,37945.295502606576,36787.395989531266,37551.71142573397
2025-04-21,492.96951281890654,496.7443241180183,482.5131735964915,489.0288696289063,2859300,1.3233989477157593,37250.257276522105,37535.49335787363,36460.14487387413,36952.49043933352
2025-04-22,497.6807838486516,508.1858824491908,496.41273979424585,507.2007141113281,2514600,1.3379716873168945,37196.66033043474,37981.81136913912,37101.88672151416,37908.1798904463
2025-04-23,520.5052597177677,538.2185844026075,515.2673407897107,516.29150390625,3048100,1.327316164970398,39214.86631855916,40549.38820206495,38820.241506001876,38897.401955303125
2025-04-24,514.1358181608949,533.390357868882,510.546335837194,531.9564819335938,2223600,1.326453447341919,38760.185605546285,40211.76611495438,38489.578119780854,40103.66764092488
2025-04-25,531.205369630512,535.5849866911356,527.9084970201238,531.458984375,1612700,1.3326226472854614,39861.64956092948,40190.29601381281,39614.252248786855,39880.68081069885
2025-04-28,531.4590202170364,540.8619363380114,529.1277885657647,532.961181640625,1459700,1.3290096521377563,39989.10161127625,40696.61461585452,39813.69042088182,40102.13024287214
2025-04-29,530.4152371060155,537.3308817989789,527.9864892181843,535.4190673828125,1695600,1.3436164855957031,39476.68421698858,39991.38798604045,39295.92222769559,39849.09928709532
2025-04-30,522.5828248742151,536.0044028989781,518.3788330526602,534.0828247070312,2438300,1.3410794734954834,38967.327082571675,39968.13115794687,38653.84888052319,39824.84522822204
2025-05-01,534.6192648953747,544.6171625586969,532.0832366187562,540.2083740234375,2583000,1.3323917388916016,40124.78082010004,40875.153054593124,39934.44428448566,40544.26023932191
2025-05-02,547.7678465111262,555.7661778108879,545.9340807168496,552.1766357421875,2883000,1.3286387920379639,41227.74751073764,41829.74192394405,41089.72912641334,41559.5750365845
2025-05-05,544.6269268280162,552.6252568757106,543.7880931160271,545.7974243164062,2197200,1.3271929025650024,41036.00356628201,41638.65371851207,40972.79996487879,41124.1970373387
2025-05-06,536.0824152462426,543.7296145165742,533.6049086668088,535.8483276367188,2902500,1.3292568922042847,40329.48171194103,40904.780536056984,40143.09888451589,40311.87130037222
2025-05-07,536.6774938510156,541.7203199731707,534.2682130489674,538.3453979492188,1954900,1.335594892501831,40182.65544919189,40560.226983080356,40002.26536118136,40307.53643724949
2025-05-08,545.075649044123,558.0875141034114,544.4806664789812,551.7864379882812,1994600,1.3294159173965454,41001.13756058894,41979.90311386817,40956.38237469445,41505.92984239795
2025-05-09,556.2245875095223,558.0290625769327,551.8645566274085,553.1520385742188,1522500,1.323539137840271,42025.54889439539,42161.886008714115,41696.12675964626,41793.40245856598
2025-05-12,581.594873365768,588.5299871792869,573.6160692761327,576.7958984375,3527700,1.3289036750793457,43765.01354253854,44286.88084891835,43164.60854409809,43403.89068478277
2025-05-13,578.7076535492615,592.7632699983918,578.4735659236634,588.9591674804688,2765800,1.3177834749221802,43915.23073116668,44981.84119613403,43897.466991519555,44693.16687365873
2025-05-14,588.9494105644803,599.873956309764,587.6813962221672,596.5575561523438,2874400,1.3304418325424194,44267.2047855728,45088.32642186466,44171.89702304627,44839.05583548488
2025-05-15,594.7334802414604,603.9803571493618,594.7334802414604,600.7517700195312,2428100,1.3263479471206665,44839.92918544123,45537.09744569867,44839.92918544123,45293.67812749945
2025-05-16,601.77601192277,605.5215330696144,598.4693753150509,603.8048706054688,2021800,1.3306896686553955,45222.866465239684,45504.338639787275,44974.376025612226,45375.3331695727
2025-05-19,594.2068010330235,604.146177465599,583.6236836831513,597.2402954101562,2842100,1.3305498361587524,44658.7406863674,45405.75339964314,43863.34640181919,44886.7287176831
2025-05-20,592.8022679170762,596.5087942547628,588.178858684921,591.6025390625,1601600,1.3360053300857544,44371.25021642136,44648.68371569106,44025.18803178483,44281.450510719646
2025-05-21,586.9985505490251,594.8700738097834,577.4395961679064,578.8637084960938,2635900,1.3397821187973022,43812.985881313514,44400.50852027995,43099.51506788755,43205.80939053949
2025-05-22,577.9760656535524,587.3887451897965,577.9370708962614,583.516357421875,1939600,1.3419036865234375,43071.35239720183,43772.79465649171,43068.44646902811,43484.22046098041
2025-05-23,570.6117669756902,587.1546526265687,568.1732551510078,583.8187255859375,1530600,1.3419216871261597,42521.987121148944,43754.76290900482,42340.269227468816,43506.16963619057
2025-05-27,590.9978118950211,602.4782862917888,590.0711653972395,600.5859985351562,2364700,1.3565207719802856,43567.17745149354,44413.49507772555,43498.866923787515,44273.99940646722
2025-05-28,602.0978851252372,603.414657751414,592.3730686086744,593.4752807617188,2001900,1.3513330221176147,44555.847838434085,44653.29033444542,43836.20165519174,43917.76646083211
2025-05-29,593.55329093129,594.9968708457475,583.5846238751891,589.9832763671875,1736100,1.3431472778320312,44191.22911743097,44298.70652800857,43449.04192615055,43925.43439610563
2025-05-30,588.1600032852964,591.6889393727164,582.1117746707836,588.6011352539062,2129500,1.3498992919921875,43570.65795754935,43832.08013240004,43122.60759924545,43603.33683746481
2025-06-02,586.7876462152421,587.3464054363336,580.4845382612037,586.9052734375,1221200,1.346728801727295,43571.3296888458,43612.81979586473,43103.29871290216,43580.06398056861
2025-06-03,588.1599906844644,594.3552830993615,582.0136996359787,591.9144287109375,1730300,1.3556748628616333,43385.033299425784,43842.022846448854,42931.65828917356,43661.97566439285
2025-06-04,593.5318515290264,594.3651141072453,586.9052391851477,587.3856201171875,1294900,1.353143334388733,43863.19146279855,43924.771234655855,43373.471550985065,43408.97266308689
2025-06-05,588.1600380709151,597.688201968912,581.2001682193692,593.9240112304688,2086700,1.3552155494689941,43399.74097119608,44102.81465580147,42886.17913564357,43825.0587859018
2025-06-06,600.9034613693187,609.1181007500264,597.9626613952438,601.8837280273438,1675900,1.3579576015472412,44250.53187851051,44855.45793594765,44033.971363607525,44322.71871681151
2025-06-09,602.6189779864766,606.8831143701509,598.952789954401,601.4132690429688,1610700,1.3538211584091187,44512.45086866694,44827.42130306945,44241.64788931451,44423.3911774353
2025-06-10,600.9034175002457,604.3833519160354,597.2862314029777,602.7365112304688,1376400,1.3556748628616333,44325.03942957426,44581.73331032115,44058.22131585393,44460.2557547006
2025-06-11,605.0010332821518,617.4112440002459,602.4621758725634,611.8530883789062,2063600,1.3508219718933105,44787.6216015485,45706.33709302811,44599.672525917915,45294.87238953729
2025-06-12,608.7455935000501,613.6567390205274,603.6481949216657,612.7744750976562,1634700,1.3567416667938232,44868.202134500956,45230.183021553916,44492.49327973936,45165.15487769539
2025-06-13,603.8932792448966,607.8829718319845,597.5607947523365,601.4328002929688,1674800,1.3627691268920898,44313.689481807254,44606.45312814746,43849.011762918664,44133.139533663125
2025-06-16,606.7851124958125,619.7932712907902,605.8048457551085,615.46044921875,1870400,1.3557006120681763,44758.04665826161,45717.562253311255,44685.73963619657,45397.96203822908
2025-06-17,612.3725343037175,619.2049635338947,610.7060691792988,612.313720703125,1479300,1.3565576076507568,45141.65346536258,45645.31281544424,45018.80832299485,45137.31796200755
2025-06-18,612.1862876168622,627.2529800706974,611.3432727227125,622.7045288085938,2423100,1.3430029153823853,45583.39230727269,46705.25826015079,45520.621416421,46366.58056928303
2025-06-20,626.2238104914916,629.95862433129,624.126025334562,628.1549072265625,4115400,1.3476725816726685,46467.058765434835,46744.18941946676,46311.39891262949,46610.350004073385
2025-06-23,626.6453017138105,634.6442516794216,617.5778347171216,634.1149291992188,2020800,1.3435983657836914,46639.33193669092,47234.66981215384,45964.4675406331,47195.27392617462
2025-06-24,641.5356162659222,650.6717099794541,640.34947190433,649.04443359375,2307800,1.3545364141464233,47362.005891158944,48036.487109833986,47274.4376021706,47916.35180976311
2025-06-25,651.4852204971688,656.896311790536,647.750406788568,656.6512451171875,1566400,1.361488938331604,47850.93746670553,48248.376707012394,47576.619137452144,48230.3768051073
2025-06-26,657.3864470053501,675.7272584299293,657.2786320281458,673.6000366210938,2849500,1.369187831878662,48012.87534839909,49352.41481826231,48005.000973919996,49197.05105009934
2025-06-27,677.3642926178128,680.5011580374714,671.8650107664996,677.1780395507812,3650500,1.37247633934021,49353.4404347868,49581.99558941821,48952.7572540511,49339.86984987448
2025-06-30,700.1751104299359,700.2044873187658,689.0784842779603,693.7837524414062,3976400,1.3719680309295654,51034.360469430045,51036.50169197807,50225.549629686415,50568.50719556044
2025-07-01,694.0288152349607,698.9399609156842,686.7846300498984,692.5192260742188,3301000,1.3730605840682983,50546.11743194854,50903.796163514206,50018.52343725399,50436.174055941854
2025-07-02,694.8130659554947,704.5471076806625,691.1665023352681,701.76318359375,2906500,1.374721646308899,50542.09103501457,51250.16468405498,50276.83270944608,51047.65648216645
2025-07-03,701.7827224881726,711.6736400367959,699.3223032742354,709.3994140625,1502000,1.3650014400482178,51412.59942285354,52137.2080026272,51232.349121150546,51970.59821691038
2025-07-07,707.4584305689516,709.6835951081514,692.4015496674986,696.9009399414062,2863700,1.3651504516601562,51822.74449740049,51985.74224878341,50719.79786736844,51049.38720079583
2025-07-08,696.6951748187087,697.1559313157412,680.0797008182029,683.5204467773438,3100700,1.3623607158660889,51138.818574624056,51172.639022591065,49919.209567479214,50171.767199174676
2025-07-09,690.4410788963177,690.4410788963177,681.0011057192286,682.8145751953125,1763400,1.3585295677185059,50822.675877112786,50822.675877112786,50127.80891202034,50261.29658274726
2025-07-10,682.9910026008907,696.3618545841297,682.7067468004434,695.126708984375,1733500,1.3593051433563232,50245.59834405438,51229.25179733451,50224.68649789263,51138.385842343356
2025-07-11,689.7058531520885,692.0682695029161,686.4121116672359,691.0390014648438,1681800,1.3579576015472412,50789.94015470333,50963.908498643956,50547.38902636915,50888.11319863609
2025-07-14,690.8331623890392,699.3516826248053,688.2746805954782,699.2242431640625,1909300,1.3493820428848267,51196.26172822901,51827.55219786906,51006.657767879035,51818.107914731096
2025-07-15,699.2242117124812,700.5867967586829,686.225865947249,688.6471557617188,1981200,1.3428045511245728,52071.927454140256,52173.40052742263,51103.92762465305,51284.24350252537
2025-07-16,694.5189490814288,695.7737191619638,677.6583500663052,694.8326416015625,3323200,1.3393335342407227,51855.56333248658,51949.249486716,50596.68355503951,51878.984871043926
2025-07-17,692.342757707153,703.2923194259776,690.3822244087773,691.9114379882812,2046100,1.3411099910736084,51624.60665533532,52441.06181499445,51478.41929475902,51592.44525755716
2025-07-18,693.1073594189253,696.2736016634308,684.6084640185139,694.28369140625,1925200,1.3432555198669434,51599.07025638587,51834.784325502005,50966.36149214023,51686.64346713591
2025-07-21,695.1462888668052,698.6948492631275,690.4507734410191,692.0682373046875,2006500,1.341597557067871,51814.81474862569,52079.31734686222,51464.82041529905,51585.38293832596
2025-07-22,689.774428735632,692.5486002047516,678.2269183067817,686.5885620117188,1978900,1.348945140838623,51134.35734731269,51340.0122242334,50278.31731430799,50898.18267812395
2025-07-23,688.1472040128454,704.8215496829964,687.6570706766539,703.3609619140625,2395700,1.352155327796936,50892.61491385329,52125.78282935591,50856.366612632606,52017.76359969287
2025-07-24,704.743092518226,711.4481427013316,700.6259606395282,704.9881591796875,1974700,1.3579576015472412,51897.28248623152,52391.042392687064,51594.09688794724,51915.32919558255
2025-07-25,706.5370845271526,715.486924895958,704.1746081135667,714.5948486328125,1851400,1.3510043621063232,52297.17270680053,52959.630994859035,52122.30455094183,52893.60039657475
2025-07-28,713.6341311719812,718.0649556377284,707.9191597700191,709.3699951171875,1464800,1.344085931777954,53094.382903627855,53424.036265886185,52669.18900293711,52777.13115997236
2025-07-29,712.5068712611394,719.6432419995773,708.1642966898378,717.53564453125,2136000,1.336023211479187,53330.42608386143,53864.57629001966,53005.38872418159,53706.824729251945
2025-07-30,716.7122133940387,723.3192014159648,708.9092688794633,716.3298950195312,1816200,1.3353630304336548,53671.71301434703,54166.48393965717,53087.38168745374,53643.08271937897
2025-07-31,712.252018405182,719.5549575635301,706.2233541787895,709.3112182617188,2358100,1.3257676362991333,53723.744561560285,54274.59064939618,53269.01448207053,53501.92589115795
2025-08-01,696.4893242135873,700.420203375545,680.3541122915796,695.56787109375,2999100,1.3209865093231201,52724.93846818102,53022.50995238731,51503.48678732505,52655.18354537643
2025-08-04,701.0867588058161,712.4480164022169,701.0867588058161,711.7030639648438,1753700,1.3289920091629028,52753.2711989301,53608.14899488893,52753.2711989301,53552.0950508293
2025-08-05,713.634138034062,715.0065353087269,700.449539314402,706.6840209960938,1977300,1.3297518491744995,53666.71522036844,53769.922241702305,52675.20701319093,53144.05251136128
2025-08-06,710.2032221280867,713.9282236113356,707.7525553850636,710.4384765625,1477100,1.3299463987350464,53400.890652704744,53680.9772401636,53216.62256901701,53418.57966894156
2025-08-07,716.2024153176443,718.4766411262242,703.4491366232222,705.537109375,1400400,1.3357912302017212,53616.34356661323,53786.59665385925,52661.60764635299,52817.91745768949
2025-08-08,711.5363779871594,713.6341631007047,704.4686933173496,707.0369873046875,1275400,1.345152735710144,52896.326126974665,53052.27757084084,52370.90737844284,52561.836922661634
2025-08-11,707.9485466946776,709.5561982694417,701.6160029535309,705.0469360351562,1273500,1.3444474935531616,52657.210496460655,52776.787615126355,52186.19591452182,52441.38870546956
2025-08-12,710.9678893124791,733.3767726107974,710.0561885939944,728.710693359375,2418100,1.3435261249542236,52918.05467025831,54585.97037968167,52850.19586933505,54238.66941063044
2025-08-13,731.0632679169095,734.1314473904484,718.162925704245,729.9947509765625,1862600,1.3504207134246826,54135.963751838826,54363.165500378214,53180.68055124654,54056.839007251845
2025-08-14,728.0636865725065,733.3963400471453,722.4565895218356,732.455322265625,1371200,1.3585295677185059,53592.038323847875,53984.569601882125,53179.30552922144,53915.30222604573
2025-08-15,734.2197806135523,734.2687819838953,714.7908868494043,716.3004760742188,1645900,1.3530701398849487,54263.246151894455,54266.86764710735,52827.33435460949,52938.902053896905
2025-08-18,715.1045556844332,717.1729040563725,709.5856493921442,716.5357666015625,1157800,1.3556381464004517,52750.40080446315,52902.974585116295,52343.293177184954,52855.97550527321
2025-08-19,714.7712806668087,715.5947310664358,703.5668388381553,707.1448364257812,1856400,1.3508219718933105,52913.80326491033,52974.76247469228,52084.349638763786,52349.22522282102
2025-08-20,706.9683760083191,707.9976441062937,691.6271777869798,706.4586181640625,1872700,1.348679542541504,52419.30004188249,52495.61676987519,51281.80238306653,52381.50323187854
2025-08-21,702.4002843008147,705.0273918944137,698.9007249790994,701.8219604492188,1162000,1.3466380834579468,52159.54404743742,52354.630435225656,51899.670265112094,52116.59829544212
2025-08-22,705.9292607612635,730.1418597051176,704.400047134848,727.2500610351562,1948600,1.3419395685195923,52605.14536731593,54409.444123523324,52491.18989105684,54193.95016702933
2025-08-25,727.2500441743131,731.7690591015532,723.7602972702863,724.211181640625,1381200,1.35111403465271,53825.95587953057,54160.42172115006,53567.66924979218,53601.04055367733
2025-08-26,723.1525278212538,734.3765330357014,719.3784653416586,734.1707153320312,1511600,1.3453518152236938,53751.92716419786,54586.20746823725,53471.401101283416,54570.90903838856
2025-08-27,731.2494663609954,738.1407694613018,730.3182609307717,734.87646484375,1534800,1.3478723764419556,54252.129440571385,54763.40211154174,54183.04237813883,54521.22008640308
2025-08-28,736.1704318428535,738.4642820980037,732.2493652964773,736.3958740234375,1411200,1.3503841161727905,54515.631739603166,54685.49824111766,54225.26498399521,54532.326410244204
2025-08-29,735.8933401798311,738.0712880954991,728.196476576733,734.4544677734375,1467000,1.35111403465271,54465.672127296406,54626.8685814675,53896.004178796684,54359.176867126655
2025-09-02,725.7227874367305,725.7227874367305,710.7133658623917,720.2630004882812,2296400,1.3547931909561157,53567.05305881908,53567.05305881908,52459.17757830044,53164.05524447398
2025-09-03,718.0062664031279,721.4161673949264,711.8369375152871,719.977294921875,1485600,1.3383476734161377,53648.71032131839,53903.49471400872,53187.744235271886,53795.983601490494
2025-09-04,723.1210709994753,738.0614403576991,720.5784274271349,738.0516357421875,1778200,1.3441582918167114,53797.31504852255,54908.818764207026,53608.15253784058,54908.08934003345
2025-09-05,741.2938869524413,746.3791134729543,716.6166344220352,727.5164184570312,1822800,1.3444474935531616,55137.43679147477,55515.67592278316,53301.94283215412,54112.66873162304
2025-09-08,728.7089063983016,732.769220165311,722.9436722820858,731.1036987304688,1400100,1.3492909669876099,54006.80240416914,54307.72443406121,53579.52361425127,54184.28764573374
2025-09-09,729.4086423351365,754.5293901055707,727.8416482634565,752.85400390625,2611300,1.3553073406219482,53818.688977247926,55672.198289674896,53703.06988298693,55548.58159041376
2025-09-10,750.823806214717,763.2511253809848,750.5971572054214,758.4320068359375,1996200,1.352109670639038,55529.80076385819,56448.9066201453,55513.0381436198,56092.49185219459
2025-09-11,760.8169721496809,781.6802911887554,760.1763638510663,773.362548828125,2075700,1.3534730672836304,56212.19886381722,57753.664264451036,56164.86816222445,57139.116213094254
2025-09-12,772.1504253784065,775.629319600717,765.0153117355115,768.76025390625,1099400,1.3576626777648926,56873.51048417936,57129.75191139734,56347.96656522584,56623.80401970339
2025-09-15,771.608352495527,780.9017441542022,770.1202164340411,775.3631591796875,1292000,1.3553440570831299,56930.81018528424,57616.49524142235,56821.01252514703,57207.84734529815
2025-09-16,778.0929964437368,778.5660239756936,768.3955109815599,774.1509399414062,1529500,1.3602666854858398,57201.503554123214,57236.27817126294,56488.592948750775,56911.703285955766
2025-09-17,777.4327460202405,787.0021109091882,773.8553245303494,782.715087890625,1945300,1.365392804145813,56938.39484576755,57639.245535758855,56676.38808265668,57325.268268151594
2025-09-18,784.0455509353465,795.5859440427938,780.921487717317,792.658935546875,1501600,1.3629734516143799,57524.638503169685,58371.345612084995,57295.42910702708,58156.59392396871
2025-09-19,792.4421367702416,797.9313979121331,785.8194500908996,793.3389282226562,3789800,1.3556013107299805,58456.87301257609,58861.80483865521,57968.33064935163,58523.027526098325
2025-09-22,789.5348522300642,794.3540310530707,785.9869650571767,793.8908081054688,1151000,1.3464748859405518,58637.17626478798,58995.087048964255,58373.68177187665,58960.68440600086
2025-09-23,795.4085013545462,813.295608473162,790.3824029027276,794.6398315429688,1758800,1.3514974117279053,58853.86789883727,60177.37077523175,58481.976809131615,58796.99248014189
2025-09-24,797.8230489503444,801.0654293290602,780.8623872067685,780.9510498046875,1402500,1.3524478673934937,58991.039003074446,59230.780619508405,57736.96761500214,57743.523327799405
2025-09-25,774.6142000044849,786.6177563436844,770.682007773663,783.247314453125,1413100,1.3452396392822266,57581.87443969406,58474.17317879485,57289.57021998492,58223.627343529566
2025-09-26,785.612472708354,797.7737443951031,783.611910162147,790.885009765625,1376200,1.333653450012207,58906.79266800256,59818.66911436408,58756.78649164628,59302.13802981472
2025-09-29,796.0983647528167,797.1233380252197,786.4304727837132,792.4716796875,1059000,1.3408241271972656,59373.80962982125,59450.25315821639,58652.76860937716,59103.32784240759
2025-09-30,793.8316879733414,797.8920016646126,775.0576544965396,784.814208984375,2463900,1.3437248468399048,59076.95238651197,59379.12092204363,57679.788858505955,58405.87162096884
2025-10-01,782.123792530161,784.7452940468534,771.8842853210717,774.1312866210938,1788900,1.3443390130996704,58179.05936738397,58374.06237563915,57417.38339805538,57584.52883370268
2025-10-02,777.4524731061118,779.5417584684341,761.250616706113,768.090087890625,1553700,1.3480178117752075,57673.753737888896,57828.74318565969,56471.85148864023,56979.223952473265
2025-10-03,771.6576290624948,783.4049416434867,766.5920715695704,778.5364990234375,1470500,1.3446643352508545,57386.63611677764,58260.260282529045,57009.920726912,57898.203931927535
2025-10-06,783.48379295204,790.8751494893233,768.750343557519,785.238037109375,1632600,1.3433817625045776,58321.75296851777,58871.95818520191,57225.009674411114,58452.337155849935
2025-10-07,786.4403848124842,793.6543564627208,770.0710072791352,778.2113647460938,1547200,1.3484903573989868,58320.05994684283,58855.026445539275,57106.156010227154,57709.82050232334
2025-10-08,780.2808225923848,783.4837435566099,763.1230478320107,765.2615966796875,1939300,1.3421016931533813,58138.72574432486,58377.37539215442,56860.29991058193,57019.643189752685
2025-10-09,767.5677156449597,771.5689009171675,760.1763590964712,768.6616821289062,1575000,1.3401411771774292,57275.138523956935,57573.70298420544,56723.602859329716,57356.769213512394
2025-10-10,771.7758531368867,780.1921225067388,752.9328269907693,753.28759765625,2457900,1.3304948806762695,58006.675887742254,58639.242723743475,56590.43397506839,56617.09853955739
2025-10-13,766.6117732939923,779.5909781708774,766.6117732939923,775.3828735351562,2766000,1.3336178064346313,57483.61858960891,58456.85131147728,57483.61858960891,58141.31078589212
2025-10-14,753.3763782100943,775.1759485434106,731.7049295409796,759.594970703125,4710800,1.3332622051239014,56506.24275665883,58141.29775555836,54880.797395211666,56972.66207531437
2025-10-15,767.3410573489115,771.1549924697414,751.6122291495192,756.805908203125,3217400,1.3321610689163208,57601.2221985382,57887.51904430418,56420.52201397363,56810.390714898116
2025-10-16,759.4963816353861,770.1202540696751,741.5107466629489,747.1085205078125,3160900,1.3404465913772583,56659.95098357721,57452.513141788484,55318.18659787665,55735.79173640828
2025-10-17,747.1676310160249,747.946165596567,729.2903886035565,739.89453125,2884700,1.3445558547973633,55569.84697587218,55627.749708418705,54240.244910723115,55028.917438428674
2025-10-20,746.0342384418652,755.3177652272203,741.9739248095863,752.2626953125,1925400,1.342588186264038,55566.87047260726,56258.33542666648,55264.44611986681,56030.784644827596
2025-10-21,748.0053252367004,754.2140530602404,747.2859190734017,747.985595703125,1782200,1.3405184745788574,55799.70283301741,56262.861524320826,55746.03657052709,55798.231049230046
2025-10-22,749.5919346001375,749.5919346001375,732.3454362525788,733.8138427734375,2141400,1.336523175239563,56085.21786131977,56085.21786131977,54794.8176148394,54904.685258593156
2025-10-23,738.4852760164757,744.0632602160189,733.873016384494,739.9044189453125,1615400,1.3351848125457764,55309.59228096799,55727.36097838957,54964.15248951414,55415.88040793754
2025-10-24,748.842907270763,773.2442473940491,745.0487018311014,772.5248413085938,2505600,1.332746982574463,56187.9274207191,58018.833094664056,55903.23681633054,57964.85390019868
2025-10-27,777.5706762842809,785.1690121517651,775.6095127198423,778.5463256835938,1645300,1.3322391510009766,58365.69775779776,58936.04099247715,58218.489686111454,58438.9315610965
2025-10-28,780.5765077323452,786.7950999096033,775.9445789760723,780.615966796875,1242000,1.3341000080108643,58509.594711432495,58975.7210992533,58162.3996939331,58512.55244056022
2025-10-29,776.5851783231896,788.8942408782873,767.538165316683,771.7167358398438,2251500,1.3279330730438232,58480.74681528483,59407.68077038871,57799.46150127654,58114.128754316844
2025-10-30,772.209497583184,795.4479390639711,769.2923539216112,778.7138671875,1829500,1.3195397853851318,58521.12275324843,60282.22474791126,58300.049944843384,59014.049884082735
2025-10-31,773.6089418588799,780.2512981521454,771.6576429296814,777.9353637695312,1328100,1.3159106969833374,58788.863380496994,59293.63595423567,58640.57832333682,59117.641155506295
2025-11-03,778.1324336561212,784.4692825774129,770.1201986086705,774.14111328125,1569100,1.3134735822677612,59242.336059218374,59724.78572602863,58632.33254216116,58938.4608668464
2025-11-04,765.7445284036169,794.3244400171367,761.8024716293384,779.3742065429688,2046000,1.3135254383087158,58296.89369317301,60472.71083230045,57996.780984327845,59334.53466622499
2025-11-05,778.9898647138912,785.8096062937142,764.3451377986157,781.6015014648438,1832700,1.3021697998046875,59822.449025521244,60346.170400479095,58697.80868157593,60023.009409531405
2025-11-06,782.4983102922872,786.637482150233,765.7445681323768,776.1713256835938,1572500,1.3052598237991333,59949.620452939496,60266.73523594861,58666.06434752391,59464.89055523392
2025-11-07,771.6576358172671,775.6588211525012,751.7502365028895,774.9492797851562,2098400,1.3140950202941895,58721.601094303995,59026.08328725366,57206.68786451937,58972.08860982264
2025-11-10,784.5481454341376,794.6791999283029,777.373573329629,785.6519165039062,1698200,1.3142677545547485,59694.69635964166,60465.547996155976,59148.79754414959,59778.68008867582
2025-11-11,786.9133714737683,800.2375429144618,784.0849504876173,798.572021484375,1521500,1.3172974586486816,59736.95358685385,60748.431393420164,59522.23966878007,60621.99666759938
2025-11-12,802.33675326636,827.8320031218527,802.33675326636,826.81689453125,2954100,1.3152875900268555,61000.860902973924,62939.239250706385,61000.860902973924,62862.061559812035
2025-11-13,820.9924331959973,829.09339096319,793.3586374851283,793.8316650390625,2557400,1.3127838373184204,62538.2800928606,63155.3624743546,60433.303254684746,60469.33565701082
2025-11-14,784.0258646088754,789.0125644035685,766.7301012195379,779.4530639648438,2552000,1.3152183294296265,59611.841400422505,59990.99516395436,58296.792560064714,59264.157632510396
2025-11-17,778.5562056462006,785.1886968586348,759.3386790511362,764.3253784179688,1850600,1.3160146474838257,59160.14742957254,59664.13051404012,57699.8653094755,58078.78961524724
2025-11-18,760.8760560719772,776.289511891786,755.4359986882776,765.0546264648438,1673500,1.3156163692474365,57834.18889103791,59005.76566524798,57420.69013023946,58151.80202588031
2025-11-19,765.0547342047489,776.4571418015114,763.773577653083,774.6043701171875,1521100,1.3147515058517456,58190.06335414825,59057.33047999007,58092.6185863755,58916.40866502522
2025-11-20,783.7301274638397,804.1795460678946,761.0041735802654,762.4923095703125,2599000,1.3061821460723877,60001.595475827766,61567.18253162585,58261.71915368464,58375.64935817578
2025-11-21,765.577054834328,769.0657536393828,743.0777475715416,762.817626953125,2284700,1.308489441871643,58508.462532128535,58775.082857323105,56788.97542410848,58297.576009631564
2025-11-24,767.3608174254849,782.4884368535778,764.1283018662043,779.2559814453125,2319500,1.3096375465393066,58593.37336908383,59748.47307343083,58346.548164062595,59501.65246136095
2025-11-25,785.4548111856097,793.5951680373666,766.720176767673,790.69775390625,2252900,1.3106160163879395,59930.20086465332,60551.31007970715,58500.74828787424,60330.23738603582
2025-11-26,794.1668508133124,807.7078073443738,793.338992354842,804.1895141601562,1862500,1.315870761871338,60352.95211544215,61382.001238154204,60290.03875932403,61114.627474243374
2025-11-28,808.1216733847655,818.5385660756641,807.0868954673417,814.0741577148438,868300,1.3241175413131714,61030.96199324755,61817.666524067965,60952.81349924016,61480.5054925486
2025-12-01,806.7321408040563,812.7831526175127,797.8821818877664,799.1140747070312,2133200,1.3239772319793701,60932.47839299902,61389.51131375477,60264.040998266864,60357.08586259759
2025-12-02,803.3332097388572,811.8308583110671,800.5402746011598,807.3839721679688,2254200,1.3209341764450073,60815.53676662717,61458.842748389216,60604.10040685231,61122.19568282035
2025-12-03,805.1456378076209,829.8659814534967,805.1456378076209,828.5388793945312,2347900,1.3219469785690308,60906.046222759076,62776.04131686148,60906.046222759076,62675.651355654256
2025-12-04,827.5186887656407,835.887579788815,826.4886946586389,829.7867431640625,1670800,1.3348817825317383,61991.908167041416,62618.84690668784,61914.74821771254,62161.814927932275
2025-12-05,829.2222338753676,847.9804104882268,828.4893476177687,846.3561401367188,2277500,1.3321788311004639,62245.564523073655,63653.64699480635,62190.550418323655,63531.721145694464
2025-12-08,852.8333279144113,862.202532710398,848.0794204942646,858.3696899414062,2238100,1.3324593305587769,64004.454646789796,64707.60592361396,63647.67772226235,64419.9541596097
2025-12-09,857.6863466479022,875.236204540594,856.0125683340502,868.164794921875,2274800,1.3326793909072876,64358.04083861383,65674.92605590109,64232.4458661642,65144.31009027826
2025-12-10,862.9849773523011,888.5868524806153,860.9249889675638,880.7032470703125,2394300,1.3303532600402832,64868.858766593316,66793.30063457799,64714.01355016749,66200.70574665595
2025-12-11,881.4360911847975,910.2765316831278,879.4751187098009,902.2840576171876,2683000,1.3388315439224243,65836.2207841639,67990.37084353846,65689.75183637891,67393.39700450533
2025-12-12,904.977939402971,906.2060256488636,878.4748275057357,879.435546875,2715200,1.339046597480774,67583.7525822894,67675.4660632245,65604.50018382193,65676.24670639045
2025-12-15,883.4367640630632,895.7870225450473,881.0499267578125,881.0499267578125,1976600,1.3367732763290405,66087.25501224108,67011.14081252425,65908.70287123739,65908.70287123739
2025-12-16,881.6836702093026,887.6359831895505,865.9264346378657,870.7100830078125,2161600,1.3380612134933472,65892.6259365552,66337.47202582401,64715.00899253673,65072.514936338644
2025-12-17,877.8211650818964,887.3685742285825,860.1028962664201,863.95556640625,2213300,1.342499852180481,65387.05860236365,66098.22509755388,64067.26189723191,64354.23922043776
2025-12-18,872.0471429897783,884.2191364323135,866.302835455157,867.887451171875,2066300,1.3374598026275635,65201.74597221996,66111.82890844146,64772.25212699664,64890.731629229515
2025-12-19,874.6914454710769,891.1122924143385,873.4831866325773,884.9024658203125,4808300,1.3385393619537354,65346.710775421285,66573.48433247932,65256.443811830766,66109.55874534065
2025-12-22,887.9133953034745,896.787340295759,886.2495306174212,890.3695678710938,1442300,1.3377031087875366,66375.96858904356,67039.3403741572,66251.58637933475,66559.57977686875
2025-12-23,891.7065380081661,897.2230727806882,885.120414852416,893.0535278320312,1210200,1.3469899892807007,66199.9380176791,66609.48336073454,65710.98685930656,66299.93800539871
2025-12-24,892.5087354632198,903.1258536841648,890.0723904289903,902.0364379882812,771800,1.3513604402542114,66045.20221824203,66830.86368239942,65864.91389829009,66750.24746311166
2025-12-26,902.254341935098,904.5520770411326,896.618963879796,898.3323364257812,995300,1.3508949279785156,66789.37963630042,66959.46948255316,66372.22076342384,66499.05316989007
2025-12-29,897.7480163863435,897.7776969502469,883.0009471220923,883.614990234375,1578000,1.349727988243103,66513.25483402866,66515.45383739541,65420.65918566791,65466.153027214605
2025-12-30,886.150377356392,886.4277183379118,872.7205574258533,875.929443359375,1833300,1.3510993719100952,65587.35765701756,65607.88471722392,64593.36563764799,64830.86748245939
2025-12-31,875.6125388135954,877.4943228277873,868.3727178682782,870.5615234375,1221500,1.346719741821289,65018.17056824507,65157.90149783307,64480.58128960822,64643.109951010454
2026-01-02,875.5135558134159,905.6613327098464,872.2947559758666,905.5623168945312,2817600,1.347363829612732,64979.743152602045,67217.28109401285,64740.847038070424,67209.93223892717
2026-01-05,905.6217084820267,952.4576988054562,903.8389402716672,939.3348999023438,3742000,1.3437970876693726,67392.7423114676,70878.08922531306,67260.07583773299,69901.5430619431
2026-01-06,940.2955423062087,949.367639240271,934.1947055208688,946.29736328125,1966000,1.3533997535705566,69476.55634083788,70146.8754324535,69025.7777169136,69920.01888464336
2026-01-07,947.6938731242234,949.0507161684332,925.0335182899208,931.9861450195312,2683300,1.3500559329986572,70196.63778072268,70297.14050887231,68518.16252051838,69033.15057098883
2026-01-08,926.4992534327896,936.116057957002,923.0526812200502,925.8555297851562,1960800,1.3459312915802002,68837.03939634441,69551.54871672152,68580.96598202524,68789.21201825608
2026-01-09,929.757752946327,937.056995526318,923.746018173468,929.9656982421876,1334100,1.3438005447387695,69188.67212745987,69731.85114376323,68741.30404174239,69204.14654415622
2026-01-12,925.0335579270276,941.4345787630969,920.1904876394906,940.4342651367188,2179600,1.3394231796264648,69062.08373853876,70286.5676123092,68700.50493646908,70211.88519366858
2026-01-13,938.2256884137788,940.820531448296,922.0623539668134,929.1437377929688,1969600,1.3465656042099,69675.45327762063,69868.15410306907,68475.11558917587,69001.00038855113
2026-01-14,923.3498654465398,929.1437414496183,909.0881423719484,923.71630859375,2513000,1.3426783084869385,68769.25467627915,69200.77099455554,67707.0700126524,68796.54663034543
2026-01-15,916.0208976392804,971.8398218580156,915.7930645553358,966.4916381835938,3773700,1.344266653060913,68142.79708222239,72295.16700761142,68125.84857848425,71897.31560943503
2026-01-16,963.6591084375204,975.2467994263548,947.8127099431726,952.7647094726562,3071600,1.3381328582763672,72015.20405670317,72881.16373456058,70830.98692935759,71201.05478165307
2026-01-20,937.2947121626016,953.358970381322,930.0845714906264,934.3135986328124,2629100,1.3418315649032593,69851.89025793836,71049.0791331217,69314.55451025121,69629.72276629762
2026-01-21,934.9375101350598,959.618258836998,934.3928022772602,943.8610229492188,2251300,1.344085931777954,69559.35539763639,71395.60322364338,69518.8291303107,70223.26479533056
2026-01-22,950.8433273989624,961.6287968384512,941.6821283063988,945.4852905273438,2468300,1.3419395685195923,70855.89766519207,71659.62010489829,70173.21423387555,70456.62209442032
2026-01-23,925.1128072316804,928.1929365850488,908.2462669762168,910.0587158203124,3872600,1.3501288890838623,68520.33274092972,68748.46868989519,67271.07865920212,67405.3213125332
2026-01-26,909.5931713770888,924.7760192007823,909.1673066619076,922.9140625,2655900,1.3662508726119995,66575.85291331803,67687.1310927542,66544.68259725688,67550.84889611615
2026-01-27,915.1295579749972,924.4393417271564,911.5542286469976,920.7946166992188,2012500,1.3677457571029663,66907.87035693978,67588.53660677545,66646.46729212074,67322.0598139205
2026-01-28,923.5578815932334,928.1731188352726,913.9014819286364,927.8165893554688,1674100,1.3824374675750732,66806.48515793208,67140.33297024107,66107.97980842537,67114.54305292718
2026-01-29,928.3018525104284,946.2083003675784,916.2487021555244,931.0947875976562,2335400,1.382533073425293,67145.00147258794,68440.19275598966,66273.1850519477,67347.01726091975
2026-01-30,924.9840474330892,937.9087547192612,914.3075069329104,926.4299926757812,1893700,1.380643367767334,66996.59514019899,67932.73169710526,66223.29330502311,67101.32495504105
2026-02-02,923.1814871937376,940.3253074824876,903.3239807815754,937.2451782226562,1802000,1.3679141998291016,67488.2596663646,68741.54150896057,66036.59651273675,68516.37173879397
2026-02-03,940.38476020403,955.2407595753416,910.2369830618794,929.9756469726562,2321900,1.367315649986267,68775.98162600384,69862.4900245189,66571.09373911003,68014.7007007487
2026-02-04,928.1235596947575,935.0959533059876,885.2194282993655,904.5322265625,3561900,1.3697504997253418,67758.5852227002,68267.61176531712,64626.326362127045,66036.27644186837
2026-02-05,893.0138508974348,902.0859477313048,868.303361579572,881.8619384765625,3214300,1.3644611835479736,65448.09494509427,66112.97987866784,63637.087815260886,64630.78240038162
2026-02-06,899.1543682273673,922.8249504343177,898.5204977723823,919.8339233398438,2473200,1.3520822525024414,66501.45481631812,68252.1310169073,66454.57375905907,68030.91466051049
2026-02-09,920.0815153939744,939.8895135725312,918.2096450582897,934.5611572265624,2322600,1.3608959913253784,67608.51095592587,69064.02249426655,67470.96404950418,68672.48953510342
2026-02-10,936.6212445988094,952.5964006247324,921.002618046996,939.879638671875,3324900,1.368344783782959,68449.2136557428,69616.69397322227,67307.78886742053,68687.34034074812
2026-02-11,941.513757778672,958.8358420327924,922.3396305822372,935.5218505859376,2654300,1.3634566068649292,69053.44497494103,70323.89862685079,67647.15693468407,68613.98051655157
2026-02-12,946.9907130858718,959.0934320339674,895.3017367413962,895.8662719726562,3188700,1.362399697303772,69509.02256951419,70397.3609163332,65715.05693323509,65756.49376211704
2026-02-13,885.8235900215421,897.2924383338793,860.6575539652756,896.4506225585938,2623000,1.3620266914367676,65037.16818406174,65879.21102980355,63189.47781099573,65817.40491538757
2026-02-17,899.0156898208336,912.7030238135872,896.9853820977502,907.2459106445312,2008500,1.3627691268920898,65969.7722879234,66974.14887106251,65820.78830501548,66573.70590083605
2026-02-18,912.732790323386,938.6020318265028,911.1481141555994,924.76611328125,1864900,1.3564472198486328,67288.48546169298,69195.61764675535,67171.65996751981,68175.60607956759
2026-02-19,916.1199126884006,920.7351496508852,897.7876007637025,907.85009765625,1974200,1.349582314491272,67881.73665670285,68223.71186732381,66523.36735029945,67268.96817690339
2026-02-20,903.7894359206774,913.5151703999004,891.9244642095072,913.3864135742188,2009100,1.3461124897003174,67140.70650379942,67863.21183330486,66259.2815261728,67853.64674668194
2026-02-23,909.6823514476142,923.0527507339972,875.2659532845172,883.7437744140625,2535900,1.3533265590667725,67218.24421113211,68206.20969491031,64675.14787325858,65301.59099393386
2026-02-24,876.939706733635,903.0169535277644,873.1861128021866,893.608154296875,1971500,1.34969162940979,64973.338177781705,66905.4274214212,64695.23065680005,66208.32009513486
2026-02-25,905.9385707595484,913.6538246956984,898.8077398133594,912.53466796875,1763600,1.3497462272644043,67119.17784690962,67690.78558918773,66590.86883576747,67607.86950434587
2026-02-26,918.8533957630588,929.3813512480314,912.6930771199676,920.0814819335938,2220300,1.3558034896850586,67771.87127439099,68548.38170271406,67317.50464309384,67862.45122789298
2026-02-27,903.2447140013328,907.4539136005716,845.950103636087,851.3180541992188,5552300,1.3491452932357788,66949.40259806994,67261.39268693158,62702.66871014072,63100.546580674396
2026-03-02,836.3142104248782,869.7966520679189,832.3317618038074,857.9190063476562,2873200,1.3406623601913452,62380.6735579207,64878.12874404691,62083.62273145442,63992.17519802751
2026-03-03,832.3317774173322,864.5299018603185,821.0216377054891,858.795166015625,3782100,1.3410578966140747,62065.31272951134,64466.26234729299,61221.93827562688,64038.63458721098
2026-03-04,866.0233033314352,874.9439493459278,856.2264529921267,863.4446411132812,2081700,1.3353630304336548,64853.023754161964,65521.05527901223,64119.37678955138,64659.918047370265
2026-03-05,858.2276182019754,862.7178386116808,818.5923019083422,831.7941284179688,3093700,1.3369520902633667,64192.84763098076,64528.70262850882,61228.24504108351,62215.70200425905
2026-03-06,812.4195338956446,823.5305390186446,797.8139203195095,817.8157348632812,2473000,1.3357375860214233,60821.791824806416,61653.61727010925,59728.3425029498,61225.7784329627
2026-03-09,806.4458464581081,833.0087714913384,791.5116641162913,828.3792114257812,3258200,1.3301055431365967,60630.21469381917,62627.26862463662,59507.43294022992,62279.20902219034
2026-03-10,831.0175448995619,842.3775135994551,822.7240786469663,830.1513671875,1871900,1.3424980640411377,61900.8374878444,62747.018871949935,61283.07374763974,61836.31763971482
2026-03-11,826.3082882089209,829.1457584338937,806.9834229987335,820.1454467773438,2227000,1.3419036865234375,61577.31709864325,61788.7682075022,60137.20888489704,61118.05601355423
2026-03-12,801.786398600958,803.6681201830515,780.6594767923647,784.0645141601562,3533000,1.338186502456665,59915.8934221071,60056.51071115006,58337.120824280995,58591.57245426983
2026-03-13,785.8963611272785,794.49846434799,777.075252410534,778.7777709960938,2567400,1.335250735282898,58857.58684572239,59501.818149507366,58196.95371640413,58324.459250800945
2026-03-16,788.5247888263667,801.9257496642291,786.5335646121588,791.2826538085938,2082700,1.3247665166854858,59521.79337980439,60533.36490347115,59371.48582076449,59729.97081692192
2026-03-17,802.7620360546564,816.8400059428774,799.9444367547594,803.498779296875,1955600,1.3314337730407715,60293.050417467064,61350.40454001341,60081.428979213924,60348.38499415698
2026-03-18,797.4853555933689,812.6087070271379,797.4853555933689,801.9456787109375,1541300,1.335951805114746,59694.17104271005,60826.199262281196,59694.17104271005,60028.03960746605
2026-03-19,789.450757980204,812.5987411471679,787.1210595105324,805.9480590820312,1765900,1.32650625705719,59513.53442776624,61258.56827467148,59337.90778015132,60757.19995999116
2026-03-20,803.4590116225854,823.600226136298,801.3980871631452,809.9603881835938,3918400,1.342570185661316,59844.8423928632,61345.040649075156,59691.336491909125,60329.09093572846
2026-03-23,829.3448870621654,845.8023843975209,825.3624386248922,827.6224975585938,2190300,1.3331555128097534,62209.16307912505,63443.64001577813,61910.43960695639,62079.966636022815
2026-03-24,821.3103450133813,840.7944825887811,814.4107599261373,832.052978515625,1656100,1.342426061630249,61181.048885178665,62632.46122976159,60667.08500407931,61981.28912255887
2026-03-25,841.3022527755711,850.9995056264154,830.2410161078947,838.1461791992188,1628900,1.3416335582733154,62707.305402999045,63430.09984944422,61882.845057663595,62472.06430032312
2026-03-26,830.1314345449495,841.0931340639529,812.5290189853214,819.0303955078125,2052200,1.336362361907959,62118.73801651742,62939.00202809533,60801.54920146455,61288.04722833272
2026-03-27,810.0997329651887,813.5146753977273,794.2795018526815,799.3670654296875,2106800,1.3335645198822021,60746.947064604516,61003.0233460011,59560.63542563675,59942.13654546673
2026-03-30,807.5609096079204,815.037966460176,798.3614632086708,804.0563354492188,1621400,1.3238370418548584,61001.53448466952,61566.33639123797,60306.62671971078,60736.805968402055
2026-03-31,820.2848552245671,844.7768892263738,806.445822361064,842.2778930664062,2689800,1.3172800540924072,62271.105728518385,64130.394034426994,61220.52936698393,63940.685236195066
2026-04-01,856.1766779939967,866.381702501079,846.4196911065476,856.435546875,1803600,1.324327826499939,64649.90471859093,65420.48616397617,63913.1545958335,64669.45190893333
2026-04-02,834.7113090494499,863.4944303968281,827.3537204650028,859.2531127929688,1717700,1.3302648067474365,62747.75554578193,64911.469206504444,62194.663518756366,64592.63662652892
2026-04-06,859.2132730694112,869.3784948506818,855.9974653167983,862.2498779296875,1444500,1.3186348676681519,65159.3018004163,65930.19160702718,64915.427788628665,65389.58578082145
2026-04-07,854.2352372478092,864.1614613607902,846.2703399308134,860.3582763671875,1498400,1.3234164714813232,64547.725954449445,65297.771335241065,63945.88235580658,65010.395057587084
2026-04-08,899.0477282599688,914.0914131111364,889.6789839929008,901.7756958007812,2439000,1.3401771783828735,67084.24399114196,68206.75861785126,66385.17640379709,67287.79674407752
2026-04-09,898.0421539173074,905.4097080900848,891.3615745546059,899.7545776367188,1797800,1.3394052982330322,67047.82750240133,67597.88909932772,66549.05544501774,67175.67705784734
2026-04-10,899.4061568259743,904.9716555671396,891.0728878645393,903.8167114257812,1642700,1.3430029153823853,66969.78439320005,67384.1914415705,66349.28916820924,67298.1942982933
2026-04-13,871.7082278292152,893.0043868405718,861.5430664116833,886.88134765625,4236200,1.339441180229187,65079.993111758755,66669.92175705491,64321.08248786765,66212.78789595664
2026-04-14,890.4953894144785,910.1786607831826,886.1943376960936,905.638671875,2822600,1.3515340089797974,65887.75299014983,67344.11821943194,65569.5181777213,67008.2044445644
2026-04-15,910.9851058311854,923.7189631938282,893.1636242626328,895.5431518554688,2403900,1.357533574104309,67105.89875703419,68043.91293256164,65793.11490339645,65968.39805205862
2026-04-16,894.0497132467892,903.975997630366,891.9190887369546,896.0509033203125,1742100,1.3573696613311768,65866.33978322396,66597.62799942309,65709.37263046285,66013.77125532278
2026-04-17,911.4829258115856,925.1128586129628,908.217288782352,921.8870849609376,2805100,1.3526124954223633,67386.84796246601,68394.52258084378,67145.41613773533,68156.03789561855
2026-04-20,919.6270348638764,937.6675223849873,918.9400600411338,937.6077880859376,2374300,1.348435878753662,68199.5376534977,69537.42014426808,68148.5916030724,69532.9902488618
2026-04-21,940.3556864865968,947.832743541838,918.4920215449793,922.4844360351562,1765400,1.3531250953674316,69495.10357216824,70047.68049804446,67879.31320537435,68174.3646018672
2026-04-22,934.8798179913988,936.8511106221245,927.0642868444144,930.7380981445312,1382600,1.3509680032730103,69200.73722889452,69346.65427696299,68622.22381273295,68894.16299198932
2026-04-23,930.8973390362396,940.2461514958565,916.650131925106,927.2135620117188,1655000,1.3500378131866455,68953.4270776415,69645.91230792922,67898.1079619862,68680.5623483325
2026-04-24,926.4071429970794,928.8264732380284,915.186574581468,922.8428344726562,1263300,1.3466380834579468,68794.06979328975,68973.7268422525,67960.84158198009,68529.38779979743
2026-04-27,921.9766331321692,937.5977898511032,921.9368305232924,933.6950073242188,1223000,1.3515102863311768,68218.24757508699,69374.07723298323,68215.3025284026,69085.30528900646
2026-04-28,937.109981117505,941.1521640622856,920.1845743729076,922.4844360351562,1501600,1.3538211584091187,69219.62884807526,69518.2046916919,67969.43367720893,68139.31295911875
2026-04-29,923.4302732630828,925.9193036492366,895.2145980680115,901.6263427734376,1725900,1.3524478673934937,68278.43760386598,68462.47651924028,66192.17048220237,66666.25490793207
2026-04-30,906.4152500147118,923.9280948431746,901.0290149063288,919.7166748046876,1880300,1.3488596677780151,67198.63242021724,68496.9768845685,66799.31474195528,68184.75611475155
2026-05-01,912.378998997478,931.6739673349706,908.1376815137018,919.6569213867188,1359800,1.3602666854858398,67073.53850040134,68492.00802136892,66761.73806236728,67608.57493604274
2026-05-04,918.2232098806112,920.9412115242092,895.0552963894747,899.3065795898438,1660100,1.3581420183181763,67608.77710106279,67808.90356846742,65902.92357627266,66215.94556830509
2026-05-05,905.7381912105916,917.7054682953158,904.234807192047,914.8580322265624,1507200,1.353143334388733,66935.8646783527,67820.27040098296,66824.76159116764,67609.83917789013
2026-05-06,931.8232473114226,939.9175787356154,927.2434558509664,933.2369995117188,2318200,1.3568705320358276,68674.44058301784,69270.98470665271,68336.91453669824,68778.63270503077
2026-05-07,933.8145144098864,941.1422053898132,917.9344881603269,921.8074340820312,1715300,1.3591758012771606,68704.46880620005,69243.5963401836,67536.11175962538,67821.05988172004
2026-05-08,931.892975221478,935.6564183281972,923.3904693109786,932.370849609375,1665000,1.3555645942687988,68745.74470013712,69023.37389778884,68118.51483986729,68780.99749369026
2026-05-11,928.5576652353872,945.6125056611388,922.5640608454436,940.7140502929688,2411400,1.3594714403152466,68302.84459819655,69557.36454764078,67861.9670473924,69197.04396841374
2026-05-12,938.0259322060158,944.3381400802936,916.7596709102468,941.7495727539062,2236500,1.360470175743103,68948.65826027066,69412.63078879962,67385.50298682609,69222.36073565617
2026-05-13,937.7073532243602,955.3396051173436,928.9857812616896,951.2277221679688,2355200,1.3537001609802246,69269.94472286677,70572.46742333064,68625.66822692877,70268.71604116361
2026-05-14,962.6574154181512,971.3789268372648,956.2854733295284,964.7083740234376,1898000,1.352630853652954,71169.26342603902,71814.0447716338,70698.18574276612,71320.89079722809
2026-05-15,949.4655519556768,955.2898587311544,937.4783427684612,944.3082275390624,1862700,1.3391362428665161,70901.34084663994,71336.27095972616,70006.1959910608,70516.21764173178
2026-05-18,943.5814691885706,957.4702711270156,934.431790906699,942.20751953125,1508000,1.330849051475525,70900.71320578491,71944.3178071517,70213.20636406403,70797.47462618811
2026-05-19,929.125117794744,935.5169913874638,919.7564344394464,924.664794921875,1767300,1.3432012796401978,69172.44138150524,69648.31001635584,68474.95221906138,68840.37477760327
2026-05-20,940.8534894606656,978.417916742471,936.373234748948,977.8106079101562,3104400,1.3396027088165283,70233.77030133527,73037.91716029405,69899.3237760908,72992.58216445403
2026-05-21,977.9002358621684,995.114348132204,966.0424610758232,983.8340454101562,2452300,1.3433998823165894,72792.93743690486,74074.32152042519,71910.2684012416,73234.63835009502
2026-05-22,990.2656841750414,1000.9485827382348,986.5520704264984,992.3564453125,1923500,1.3432555198669434,73721.31880560837,74516.61786860805,73444.8551176787,73876.9676085752
2026-05-26,1002.113500296361,1012.0795266126196,982.6990638791686,990.1561889648438,2080600,1.3496370315551758,74250.59307550518,74989.01578348133,72812.09991302717,73364.62810477977
2026-05-27,991.540054849814,999.246143820988,970.1443597867004,992.0975952148438,2195000,1.345532774925232,73691.25994756326,74263.9765037692,72101.13182420317,73732.69634921916
2026-05-28,982.0917353818012,1005.5383897283438,978.1391842526722,1003.9454345703124,2273000,1.3416515588760376,73200.20827200053,74947.80467223017,72905.60487047053,74829.07375826873
2026-05-29,1004.8414977203302,1022.7126872637696,999.5946022252514,1021.06005859375,2158000,1.3444474935531616,74740.10718445339,76069.36620194085,74349.84311536638,75946.44368708294
2026-06-01,1015.3300170898438,1051.199951171875,1011.5999755859376,1048.5799560546875,2666700,1.345152735710144,75480.64915868624,78147.2559409335,75203.35414192839,77952.48288300232
2026-06-02,1049.739990234375,1073.969970703125,1047.8900146484375,1064.5799560546875,2125600,1.3460001945495605,77989.58681322263,79789.73369038252,77852.14436756559,79092.11011748402
2026-06-03,1055.280029296875,1055.969970703125,1031.010009765625,1041.02001953125,2562200,1.3454241752624512,78434.7456140382,78486.02620040906,76630.85209276149,77374.8560990573
2026-06-04,1052.8699951171875,1095.9000244140625,1050.0,1092.6099853515625,2608800,1.3427144289016724,78413.54590777916,81618.25037588211,78199.80015101872,81373.22142619017
2026-06-05,1092.8199462890625,1098.3599853515625,1035.5999755859375,1038.6800537109375,2643800,1.3427000045776367,81389.73281919537,81802.33720167936,77128.17249238773,77357.56685557378
2026-06-08,1052.780029296875,1063.1800537109375,1042.3299560546875,1045.0,2326700,1.3335645198822021,78944.81396294724,79724.6805729993,78161.19434152011,78361.41292153664
2026-06-09,1061.7900390625,1064.3499755859375,1006.2999877929688,1032.010009765625,2868500,1.3333333730697632,79634.2505564019,79826.24578993779,75472.49683521698,77400.74842569981
2026-06-10,1028.3499755859375,1036.31005859375,1000.0399780273438,1001.2899780273438,2287200,1.3372201919555664,76902.06757064194,77497.3384957819,74784.98934157385,74878.46684120479
2026-06-11,1013.5,1036.9200439453125,1000.4500122070312,1035.6400146484375,2561900,1.3362016677856445,75849.32906718893,77602.06179533497,74872.6809976954,77506.26567954384
2026-06-12,1053.0,1073.739990234375,1048.06005859375,1062.75,2206000,1.341381549835205,78501.1542859946,80047.32064238464,78132.88163405177,79228.01682567975
2026-06-15,1089.52001953125,1094.1800537109375,1075.0,1076.1700439453125,2364000,1.344971776008606,81006.90579281558,81353.38400617384,79927.32778305687,80014.32172346392
2026-06-16,1086.0,1097.25,1085.530029296875,1090.6700439453125,1965500,1.341599464416504,80948.15396131134,81786.70527997134,80913.1233343925,81296.24920651507
2026-06-17,1098.4599609375,1121.949951171875,1094.2900390625,1099.1400146484375,2180000,1.3426424264907837,81813.29140689419,83562.82574089925,81502.71565025742,81863.94180327076
2026-06-18,1120.0,1125.0,1093.3299560546875,1096.56005859375,4499200,1.3301233053207397,84202.71981701188,84578.62481619498,82197.63924751675,82440.48158597827
2026-06-22,1109.699951171875,1115.97998046875,1091.6300048828125,1106.3699951171875,1894400,1.3207945823669434,84017.60319028761,84493.07677116957,82649.49140891734,83765.48555601326
2026-06-23,1077.3399658203125,1103.550048828125,1069.0,1094.43994140625,2066900,1.3247138261795044,81326.24152700043,83304.78832630446,80696.67417022535,82617.08451874713
2026-06-24,1090.0,1090.0999755859375,1068.510009765625,1076.9100341796875,1933100,1.3200099468231201,82575.13533313236,82582.70918408538,80947.11803780097,81583.4787284366
2026-06-25,1095.6199951171875,1105.25,1062.0999755859375,1065.0899658203125,1950000,1.3166556358337402,83212.34233911229,83943.74124257079,80666.49674220916,80893.58651063459
2026-06-26,1054.739990234375,1057.0,1013.3800048828124,1019.6099853515624,4008500,1.318791389465332,79977.77348713132,80149.14325673082,76841.56971131421,77313.97046540737
2026-06-29,1029.18994140625,1035.9300537109375,1016.1699829101562,1020.2100219726562,1887200,1.319713830947876,77985.84187505566,78496.56716614749,76999.26749879545,77305.39743149444
2026-06-30,1019.2899780273438,1026.3199462890625,1006.1099853515624,1011.3699951171876,3162800,1.325398564338684,76904.41241242214,77434.8165075274,75909.99510804263,76306.85759960944
2026-07-01,1010.0,1033.530029296875,1003.0,1019.6099853515624,1735000,1.325065016746521,76222.6749054087,77998.43903769627,75694.39894071774,76947.92123144619
2026-07-02,1038.989990234375,1039.280029296875,1009.72998046875,1021.0,1543500,1.3279330730438232,78241.14116330072,78262.98255488796,76037.716129345,76886.40494958934
2026-07-06,1029.8800048828125,1055.2900390625,1029.0,1055.2900390625,1754400,1.335309624671936,77126.68177134103,79029.6137737918,77060.77908730783,79029.6137737918
2026-07-07,1052.0,1053.8599853515625,1035.1300048828125,1042.97998046875,1353500,1.3397893905639648,78519.80373998752,78658.6304365312,77260.65097791897,77846.56213986907
2026-07-08,1030.0,1040.1800537109375,1011.9199829101562,1029.6400146484375,1699000,1.3348907232284546,77159.87399394975,77922.487257627,75805.45473136645,77132.90659165243
2026-07-09,1055.0,1064.010009765625,1042.6099853515625,1055.969970703125,1241800,1.339620590209961,78753.64171840985,79426.22094206995,77828.75188475213,78826.04809303663
2026-07-10,1063.2099609375,1067.1700439453125,1048.0,1055.1800537109375,1110600,1.3415615558624268,79251.6717769251,79546.85636912718,78117.92127020888,78653.12248252462
2026-07-13,1056.3399658203125,1057.8199462890625,1036.8399658203125,1045.9100341796875,1799500,1.3386881351470947,78908.59253071979,79019.14706764989,77451.94258455011,78129.47666595723
2026-07-14,1085.0,1143.8399658203125,1082.0,1140.0,3792600,1.3347926139831543,81286.03564581106,85694.20851131174,81061.28163020052,85406.52593200424
2026-07-15,1148.4200439453125,1153.989990234375,1117.4000244140625,1152.0699462890625,2736800,1.3397103548049927,85721.51732845834,86137.27482925582,83406.09001090466,85993.95698906553
2026-07-16,1147.6500244140625,1152.449951171875,1089.010009765625,1095.4599609375,2529400,1.3541291952133179,84751.88545309161,85106.35139140679,80421.42608069768,80897.74334751941
2026-07-17,1071.6400146484375,1085.9300537109375,1047.1500244140625,1065.219970703125,2162700,1.3478904962539673,79504.97593289068,80565.15397422375,77688.06348321936,79028.67285314089
2026-07-20,1074.6500244140625,1087.9000244140625,1053.6600341796875,1055.030029296875,1718300,1.3446282148361206,79921.72204604807,80907.1245427237,78360.69647758392,78462.58301410543
2026-07-21,1070.0699462890625,1088.47998046875,1063.0,1085.56005859375,1718600,1.3431652784347534,79667.77904920679,81038.42452934766,79141.4144682744,80821.03342179889
2026-07-22,1078.52001953125,1106.6600341796875,1078.0,1098.199951171875,1538700,1.3379179239273071,80611.822313089,82715.09144082709,80572.95449302695,82082.75945270491
2026-07-23,1072.52001953125,1084.72998046875,1062.47998046875,1074.719970703125,1852700,1.337524175643921,80186.9632760028,81099.84105121174,79436.3197179029,80351.44263360513
2026-07-24,1075.0,1077.3800048828125,1051.8199462890625,1061.22998046875,1381400,1.3312742710113525,80749.70150090379,80928.47795100405,79008.50855398925,79715.35269456885
2026-07-27,1080.1800537109375,1088.5,1029.0,1048.22998046875,2538900,1.335131287574768,80904.40721174747,81527.56287939537,77071.07230399433,78511.37863549232
2026-07-28,1041.9300537109375,1047.7099609375,1011.8699951171876,1033.3399658203125,2173100,1.3289920091629028,78400.0239675799,78834.93307062282,76138.15494304875,77753.66282835562
2026-07-29,1025.0,1028.1199951171875,977.7000122070312,980.75,3198400,1.3287270069122314,77141.50421176062,77376.31505710032,73581.70693610451,73811.24902993585
2026-07-30,1007.3599853515624,1029.7900390625,998.510009765625,1024.8599853515625,2330800,1.3367303609848022,75359.99890130539,77037.9778240264,74697.93751299237,76669.16345017575
2026-07-31,1034.719970703125,1042.97998046875,1008.5999755859376,1018.3800048828124,1553700,1.3460942506790161,76868.31514072487,77481.94303204512,74927.88674174674,75654.43536877945
2026-08-03,1025.0,1027.9599609375,1005.1599731445312,1027.06005859375,1706500,1.34916353225708,75972.99923199293,76192.39153446259,74502.45645633122,76125.69077341811
2026-08-04,1050.0,1066.1600341796875,1043.27001953125,1052.97998046875,2653600,1.3427000045776367,78200.64023387643,79404.18787106966,77699.41282300239,78422.57964391519
2026-08-05,1063.7099609375,1077.2099609375,1060.02001953125,1060.3800048828125,1648000,1.3450984954833984,79080.45132079539,80084.09529522035,78806.12632387952,78832.88907417412
2026-08-06,1062.0400390625,1068.0400390625,1030.780029296875,1032.5799560546875,1726500,1.3469645977020264,78846.91556662894,79292.36157242866,76526.14115140261,76659.7695155692
2026-08-07,1038.3399658203125,1047.0,1032.030029296875,1039.6099853515625,1429400,1.345532774925232,77169.4294758454,77813.04324290274,76700.47497387958,77263.81733134156
2026-08-10,1039.6099853515625,1045.4300537109375,1030.0699462890625,1034.510009765625,1819100,1.34907066822052,77061.1955208285,77492.60867778728,76354.03915850956,76683.15931367676
2026-08-11,1036.3900146484375,1043.4300537109375,1027.18994140625,1034.4100341796875,1829300,1.3511322736740112,76705.29635342633,77226.34371493717,76024.38054514867,76558.75404166835
2026-08-12,1055.0,1056.050048828125,1031.739990234375,1037.2099609375,1737800,1.3509862422943115,78091.0987078852,78168.82332085697,76369.39281352141,76774.28003826736
2026-08-13,1040.6099853515625,1059.0699462890625,1038.469970703125,1042.6300048828125,1421700,1.3497827053070068,77094.63021419264,78462.25485962039,76936.0850913352,77244.28537893195
2026-08-14,1040.9100341796875,1043.739990234375,1029.5799560546875,1039.4200439453125,1592900,1.3490725755691528,77157.45268489678,77367.22316766667,76317.61068305191,77047.007163925
2026-08-17,1040.7900390625,1054.6300048828125,1038.1400146484375,1051.31005859375,1450400,1.3546648025512695,76830.07907951529,77851.7315055802,76634.45692936628,77606.65639306455
2026-08-18,1040.0,1043.5,1026.0799560546875,1040.469970703125,1909200,1.3550318479537964,76750.96357111317,77009.26008313135,75723.67820019493,76785.64694064687
2026-08-19,1044.8199462890625,1044.8199462890625,1014.5,1021.6500244140624,2744200,1.3536745309829712,77183.9849517126,77183.9849517126,74944.15952875471,75472.35328954524
2026-08-20,1016.989990234375,1026.4200439453125,1001.6799926757812,1001.9500122070312,1756200,1.3599891662597656,74779.27144311708,75472.6632689411,73653.52736085361,73673.38189631233
2026-08-21,1015.989990234375,1043.6600341796875,1008.8499755859376,1039.280029296875,2744000,1.364349603652954,74466.9832068064,76495.0589926041,73943.65585512758,76174.0265482009
2026-08-24,1039.0,1047.280029296875,1030.1800537109375,1035.8599853515625,943266,1.3627691268920898,76241.82111973195,76849.40967846003,75594.61345153528,76011.4068414456
