Date,Close,High,Low,Open,Volume,Bank
,GS,GS,GS,GS,GS,
2015-01-02,154.8726348876953,155.9241787658553,153.51039405407778,155.58163415690402,1877700,Goldman Sachs
2015-01-05,150.03709411621094,154.57787671796507,149.35199273029062,153.7971837474583,3413200,Goldman Sachs
2015-01-06,147.001953125,150.29203489059606,146.52397084739098,150.00524795514949,3429200,Goldman Sachs
2015-01-07,149.19265747070312,149.75826933077536,147.9897522234295,148.850112882862,1896800,Goldman Sachs
2015-01-08,151.57460021972656,152.0127485921334,150.76203525231693,150.8417030129704,1962500,Goldman Sachs
2015-01-09,149.2484893798828,152.4031342871325,148.93780446999313,151.74193057519346,1980700,Goldman Sachs
2015-01-12,147.4321746826172,149.39187574475338,146.66740528760982,149.25645023684942,2084200,Goldman Sachs
2015-01-13,147.32058715820312,150.86559574072317,146.07784793038996,148.6350322303849,2745300,Goldman Sachs
2015-01-14,143.57644653320312,145.39275974738285,141.87963496676335,144.33324167984563,5204700,Goldman Sachs
2015-01-15,142.1903533935547,144.66787074595902,141.40168609229255,143.53664656029517,3146000,Goldman Sachs
2015-01-16,141.18649291992188,143.47282542229834,138.66118154585848,140.7881785929922,5124100,Goldman Sachs
2015-01-20,139.91195678710938,142.06285268100774,138.7966688807811,141.4574190099797,3606600,Goldman Sachs
2015-01-21,141.12278747558594,142.1106115665233,137.67339545829324,139.05155988280814,3737000,Goldman Sachs
2015-01-22,145.01832580566406,145.45647415050914,141.2024785600343,142.44521775225456,6228200,Goldman Sachs
2015-01-23,143.7835693359375,145.76716772152028,143.72779947251306,144.53239036831235,3123800,Goldman Sachs
2015-01-26,143.727783203125,144.1818675061455,141.84773853221094,142.3735165181529,2736500,Goldman Sachs
2015-01-27,140.5970458984375,142.30979325600433,140.4456844550483,141.1945176030203,3335600,Goldman Sachs
2015-01-28,137.85662841796875,141.7760410006459,137.7928966496823,141.58484569578658,3017300,Goldman Sachs
2015-01-29,140.19873046875,140.44568349339175,137.87257544017305,137.9601929535427,2421400,Goldman Sachs
2015-01-30,137.34677124023438,139.95971267309474,137.27507756718657,138.7169737179039,3037400,Goldman Sachs
2015-02-02,139.80038452148438,139.88801417071443,137.22726489208827,137.80881263497415,2975300,Goldman Sachs
2015-02-03,143.58441162109375,143.77559479656725,140.135006681668,140.21466228625076,3766900,Goldman Sachs
2015-02-04,142.4213104248047,143.9588104866047,142.22215320448188,142.37351463682194,2980500,Goldman Sachs
2015-02-05,144.00662231445312,144.66782581824265,142.77980689348684,142.9471043256526,2434400,Goldman Sachs
2015-02-06,146.12564086914062,147.07363125419008,144.30136594201,145.02630119594107,3250900,Goldman Sachs
2015-02-09,145.16172790527344,145.7432636338606,144.30932909606278,144.73951553519865,2421900,Goldman Sachs
2015-02-10,147.02584838867188,147.2170437274082,145.2653050807353,146.06193409207884,2556300,Goldman Sachs
2015-02-11,149.48744201660156,149.91762852698326,146.38059346648961,146.635520606804,4079600,Goldman Sachs
2015-02-12,151.18423461914062,151.3594939530073,149.28825391036068,149.96539335080854,3086700,Goldman Sachs
2015-02-13,150.56283569335938,152.418982163488,150.0370577942314,151.25589882501615,2720400,Goldman Sachs
2015-02-17,151.37545776367188,151.861401977712,150.01321671920036,150.38763335078514,2123300,Goldman Sachs
2015-02-18,150.2999725341797,151.39135023325008,149.6228452651037,150.99303578476105,1850700,Goldman Sachs
2015-02-19,150.6504669189453,151.2399765837327,149.184672902036,149.51128145891934,1470400,Goldman Sachs
2015-02-20,152.5623779296875,152.66594356403164,149.0094202697753,150.04504014644414,2317100,Goldman Sachs
2015-02-23,151.60646057128906,151.94901735660827,150.77797177326912,151.94901735660827,1691100,Goldman Sachs
2015-02-24,153.12796020507812,153.9723846298988,151.1045166252356,151.38334151520704,2627300,Goldman Sachs
2015-02-25,152.72975158691406,153.31128750083366,151.72600316836278,152.59432608123947,2775700,Goldman Sachs
2015-02-26,153.5927734375,153.80854193752978,151.83468999213164,152.2422418755165,2449300,Goldman Sachs
2015-02-27,151.66680908203125,153.83245577270506,151.66680908203125,152.7855978948104,2572400,Goldman Sachs
2015-03-02,153.2650909423828,153.36898171293768,151.65884451833554,151.8346540406196,1659400,Goldman Sachs
2015-03-03,152.84951782226562,154.12811783101623,152.29012955632788,152.3940081097344,1487800,Goldman Sachs
2015-03-04,151.5709686279297,152.4899753410553,151.01956703880526,152.11438330770255,1648500,Goldman Sachs
2015-03-05,151.89857482910156,152.41001734931731,151.09145822190604,151.9385337528492,1330100,Goldman Sachs
2015-03-06,149.3653564453125,152.95344150578777,149.10164214347023,149.90077195738502,4103600,Goldman Sachs
2015-03-09,150.18045043945312,150.86770252307142,149.09364566826858,149.67700698074322,2233700,Goldman Sachs
2015-03-10,146.0089874267578,148.74999634290495,146.0089874267578,148.31047258548674,2768500,Goldman Sachs
2015-03-11,147.1837158203125,148.51027417073377,146.2487354486308,146.48048991143168,2098600,Goldman Sachs
2015-03-12,151.794677734375,151.83463665645584,148.59017216100753,148.59017216100753,3114800,Goldman Sachs
2015-03-13,151.30728149414062,151.62694083198693,148.76605377548637,150.9316893932693,3095100,Goldman Sachs
2015-03-16,153.35301208496094,153.8245079598628,151.754752398015,151.8666300883511,2127700,Goldman Sachs
2015-03-17,152.29019165039062,152.82560722279234,150.87572830613263,152.60983873447222,1883200,Goldman Sachs
2015-03-18,153.68862915039062,154.26399131386827,151.19533620448064,151.5709281374983,2790100,Goldman Sachs
2015-03-19,151.8107147216797,153.2411519400231,151.1074764769048,153.2411519400231,2097100,Goldman Sachs
2015-03-20,154.3359375,154.9672446576216,151.75473954470178,152.2102493699024,3473800,Goldman Sachs
2015-03-23,153.4009552001953,155.2309569985305,153.4009552001953,154.44781324233816,1590500,Goldman Sachs
2015-03-24,152.85752868652344,153.84045480742716,152.76163702411867,153.3849572172529,1799100,Goldman Sachs
2015-03-25,149.717041015625,152.81765775838164,149.717041015625,152.69779311135494,2542000,Goldman Sachs
2015-03-26,149.62911987304688,150.2124814144817,147.85505012819726,149.05374524262228,2377200,Goldman Sachs
2015-03-27,150.28436279296875,150.61999587822652,148.85392567767343,149.58912370163154,1539600,Goldman Sachs
2015-03-30,152.64976501464844,153.4329087387519,151.18735613998197,151.2273150653831,2403800,Goldman Sachs
2015-03-31,150.21243286132812,152.2741892549687,150.21243286132812,152.10636662794127,2146600,Goldman Sachs
2015-04-01,153.61669921875,153.69661706645974,149.40529446823024,150.18843816202923,4031400,Goldman Sachs
2015-04-02,153.0732879638672,154.0162551044436,152.51389964371586,153.21712544887,2296300,Goldman Sachs
2015-04-06,153.472900390625,153.94438410714187,150.99559281252013,151.97851917947582,1997000,Goldman Sachs
2015-04-07,153.74459838867188,154.7435107468793,153.62473378318873,153.84848917592683,1778000,Goldman Sachs
2015-04-08,153.88046264648438,154.91134712003705,153.59277537406913,154.26404161178618,1997300,Goldman Sachs
2015-04-09,155.74240112304688,155.90222463905113,153.76056269833833,154.12016865778605,1986500,Goldman Sachs
2015-04-10,156.34178161621094,156.5175911792337,155.10312776537066,155.5506385826085,1764800,Goldman Sachs
2015-04-13,156.2937774658203,157.73221326587847,155.64648440423178,156.08600814782605,2196100,Goldman Sachs
2015-04-14,158.00390625,158.6192394592195,156.39766013599854,157.4125459533962,3267400,Goldman Sachs
2015-04-15,160.7050018310547,161.53609142767172,157.7402250152929,158.3955172805364,5066100,Goldman Sachs
2015-04-16,159.99378967285156,162.11946576726015,158.7870958176806,161.9836151585247,5976900,Goldman Sachs
2015-04-17,157.708251953125,158.42746380918433,156.34972170139932,158.0998177040622,4578400,Goldman Sachs
2015-04-20,158.3076171875,159.50631187939803,158.16376748372068,159.08277406376095,2616600,Goldman Sachs
2015-04-21,157.30078125,159.42647044915756,157.09301179355379,159.00293243048256,1868300,Goldman Sachs
2015-04-22,158.48342895507812,159.1546950655164,157.08495179478854,158.15578280816666,1938100,Goldman Sachs
2015-04-23,159.27455139160156,160.21753085434509,157.90804632297863,158.35555704004236,2053400,Goldman Sachs
2015-04-24,158.2196807861328,159.10671516852392,157.78814395483417,159.0267973275425,1445700,Goldman Sachs
2015-04-27,157.04495239257812,159.27451861113403,156.92507563633856,158.8349948924223,1767100,Goldman Sachs
2015-04-28,157.82015991210938,157.91605159298666,155.35083938573396,156.78927556766286,1909400,Goldman Sachs
2015-04-29,158.67523193359375,159.61021245888557,156.213910363753,156.46163868322074,2480600,Goldman Sachs
2015-04-30,156.96507263183594,159.62617630838756,156.14995682792525,158.54734620927775,2732800,Goldman Sachs
2015-05-01,157.85215759277344,158.68325967218095,157.2927689972627,158.5873557745528,2029500,Goldman Sachs
2015-05-04,159.2665557861328,159.6021888056016,158.1477668608183,158.4354540480418,1581600,Goldman Sachs
2015-05-05,157.66029357910156,160.13760053337998,157.20479598960614,158.4754092895821,2287500,Goldman Sachs
2015-05-06,156.82925415039062,158.6992153243322,155.03919865594122,158.02794908657197,2433700,Goldman Sachs
2015-05-07,157.740234375,158.18774512232835,155.6784779801629,156.8372137781567,1795300,Goldman Sachs
2015-05-08,160.2254638671875,160.8967297169893,159.10668745085113,159.10668745085113,3192500,Goldman Sachs
2015-05-11,161.2084197998047,161.38422929712644,160.05767116051706,160.05767116051706,1966700,Goldman Sachs
2015-05-12,160.2494659423828,160.65701766956332,158.28361385392313,160.20950702158063,2247500,Goldman Sachs
2015-05-13,160.9687042236328,161.2244316038372,159.70608991356977,160.20154647052496,2143300,Goldman Sachs
2015-05-14,161.919677734375,162.1274592883793,160.96871131221033,161.6879354553931,1957000,Goldman Sachs
2015-05-15,162.1993865966797,162.1993865966797,161.28039214687,161.8637535229991,1742900,Goldman Sachs
2015-05-18,163.54994201660156,163.965480820049,161.9356960685769,161.943682978497,2164600,Goldman Sachs
2015-05-19,164.1412811279297,164.78058750438439,163.46202801037242,163.81364712711027,2370100,Goldman Sachs
2015-05-20,163.8855438232422,164.58878196201326,163.14234675499492,163.95746258004743,1831200,Goldman Sachs
2015-05-21,163.7816619873047,163.98944355442393,163.1663285822848,163.5019738532076,2225000,Goldman Sachs
2015-05-22,166.05917358398438,166.42676646061653,163.52593360098646,163.5499065192993,3040400,Goldman Sachs
2015-05-26,164.92442321777344,165.8354307638443,163.82162011693623,165.8354307638443,3336300,Goldman Sachs
2015-05-27,167.0660400390625,167.56149651223615,164.51681454482937,165.3319301892042,3011500,Goldman Sachs
2015-05-28,167.12222290039062,167.2104018475275,166.1602785336706,166.8015788554127,3084900,Goldman Sachs
2015-05-29,165.2864532470703,166.95382858695925,164.82952280510213,166.92175685500612,2255500,Goldman Sachs
2015-06-01,166.5850830078125,167.39472913948092,165.84759215972383,166.19229601572678,2088200,Goldman Sachs
2015-06-02,165.4788360595703,166.60912610037875,164.8535718309916,165.8155280889114,2230700,Goldman Sachs
2015-06-03,166.96981811523438,168.47687118286657,165.75136164910302,166.35257806670785,2417000,Goldman Sachs
2015-06-04,167.43482971191406,168.38876211384584,165.93580006989805,166.41677829614775,3462500,Goldman Sachs
2015-06-05,168.70138549804688,169.89580695084592,167.17830824728512,168.901791043241,3225100,Goldman Sachs
2015-06-08,168.17227172851562,169.7033726634807,167.89972318782114,169.26247812307443,2180700,Goldman Sachs
2015-06-09,167.5550537109375,168.6933556179498,166.43277543894078,168.34063993908748,2278800,Goldman Sachs
2015-06-10,170.8497772216797,171.0662064516396,167.82765750451978,168.11624204291948,2677300,Goldman Sachs
2015-06-11,171.4990692138672,172.03615466323558,170.64132751964712,170.88181664533963,2024100,Goldman Sachs
2015-06-12,170.79360961914062,171.55514819877396,169.95190393353198,171.13028944702748,2006200,Goldman Sachs
2015-06-15,169.75149536132812,170.21643765773842,168.6452651557284,169.05408803260408,1903800,Goldman Sachs
2015-06-16,171.1944580078125,171.20248205922917,169.24652167212685,169.82369071198607,1954200,Goldman Sachs
2015-06-17,170.68942260742188,171.94797543172206,170.4008503352249,171.21849623668635,1778400,Goldman Sachs
2015-06-18,172.02810668945312,172.35676245264918,169.9518961647171,171.1062339400097,2167200,Goldman Sachs
2015-06-19,170.89781188964844,172.3487458863038,170.89781188964844,171.64331454711052,4163400,Goldman Sachs
2015-06-22,173.55923461914062,173.79972374836115,172.34878938550372,172.39688476499077,2006100,Goldman Sachs
2015-06-23,175.07427978515625,175.3708883103279,173.6634291472383,173.88788237982106,2735600,Goldman Sachs
2015-06-24,171.89181518554688,173.9519897837341,171.3066344973485,173.31068967918878,3945200,Goldman Sachs
2015-06-25,170.6012420654297,172.9900727907916,170.3367052722511,172.46901102297286,2434700,Goldman Sachs
2015-06-26,170.8817901611328,172.03612800012309,170.3847883483721,171.2425176778715,2762600,Goldman Sachs
2015-06-29,166.45684814453125,169.31864532492793,166.45684814453125,168.45289186443273,3292800,Goldman Sachs
2015-06-30,167.37071228027344,168.97395685771735,166.8576745047628,168.25250169058177,4167300,Goldman Sachs
2015-07-01,168.29254150390625,170.33668025513265,167.4989312409269,169.64728477676798,2820300,Goldman Sachs
2015-07-02,167.69937133789062,168.845697509659,167.13823821231176,168.29257620309386,1816600,Goldman Sachs
2015-07-06,166.76947021484375,167.16226948005496,165.34258373634762,165.70332349686856,2816800,Goldman Sachs
2015-07-07,166.90576171875,167.51499018028036,162.88962671473377,166.7213798079923,3304200,Goldman Sachs
2015-07-08,163.57904052734375,165.76746592721352,163.2904560172236,165.37467883828975,2185100,Goldman Sachs
2015-07-09,164.1802520751953,166.37670145714696,163.88365575504224,166.04002157789043,2256200,Goldman Sachs
2015-07-10,166.08810424804688,166.72138039900202,165.27845800417413,166.51296303210952,1840600,Goldman Sachs
2015-07-13,168.4368438720703,168.58915403912798,167.25845832163645,167.89174667605695,2041700,Goldman Sachs
2015-07-14,170.0722198486328,170.55318597368066,168.1002232637522,168.34872426312842,2090700,Goldman Sachs
2015-07-15,170.7134552001953,171.23450469507523,169.4869620807741,171.17838527438627,2536700,Goldman Sachs
2015-07-16,169.28659057617188,171.65939795401124,167.79558484831844,169.45493664029578,4405200,Goldman Sachs
2015-07-17,170.3126220703125,170.58517062519624,168.17228048380014,168.9498548323308,2849000,Goldman Sachs
2015-07-20,170.25650024414062,171.54711218489638,169.31059213232004,170.48896524782796,2175400,Goldman Sachs
2015-07-21,169.54307556152344,170.585186746556,168.94185898151804,169.92785074782776,1985300,Goldman Sachs
2015-07-22,170.94595336914062,171.32271682404217,169.74351993395322,169.78360349481656,2301300,Goldman Sachs
2015-07-23,169.18234252929688,172.03611517868066,168.9017699084199,171.27457664859173,2192700,Goldman Sachs
2015-07-24,166.21636962890625,169.50301334080459,165.85562985007988,169.50301334080459,2453900,Goldman Sachs
2015-07-27,164.34857177734375,165.0058955604563,163.130102720332,164.69326342043558,2910500,Goldman Sachs
2015-07-28,165.3266143798828,166.0801291894416,164.01195408384905,166.04806967422556,2018100,Goldman Sachs
2015-07-29,165.80751037597656,166.84160972322186,164.8696139972686,165.5910812182779,1987300,Goldman Sachs
2015-07-30,166.09609985351562,166.21635050988732,164.41270075035686,165.1582034463737,1342900,Goldman Sachs
2015-07-31,164.38873291015625,166.3126220287216,164.25244632038314,166.25650258213398,1644000,Goldman Sachs
2015-08-03,164.0840301513672,165.09406959728204,162.6010243687259,164.93374762310577,2075500,Goldman Sachs
2015-08-04,164.46884155273438,166.05605024062237,164.17224522360692,164.34057905243617,1451500,Goldman Sachs
2015-08-05,164.8936767578125,166.56105232744795,164.27642426637343,165.88769264503273,1535500,Goldman Sachs
2015-08-06,164.4046173095703,165.69522893831567,163.77134144920208,165.13409610663905,1485800,Goldman Sachs
2015-08-07,163.08201599121094,165.64720448522584,162.1842030762516,164.57303371457328,1691100,Goldman Sachs
2015-08-10,165.110107421875,165.59108558188916,163.80345946486997,164.0038649929121,1640300,Goldman Sachs
2015-08-11,161.687255859375,163.4668587885315,160.85357384107465,163.1301788062301,2554000,Goldman Sachs
2015-08-12,161.2303009033203,161.5669808094206,157.5829169062217,160.24429664425602,2771900,Goldman Sachs
2015-08-13,160.91766357421875,161.88761969939466,159.98777877828286,160.90162770345145,3353600,Goldman Sachs
2015-08-14,161.94369506835938,162.36855378970313,160.91761979057273,160.98976284171815,3567100,Goldman Sachs
2015-08-17,162.3845977783203,162.61706280978828,160.14806522668698,161.13405700367204,1600700,Goldman Sachs
2015-08-18,161.27037048339844,162.80949608284527,161.27037048339844,162.02389741201898,1665400,Goldman Sachs
2015-08-19,161.08595275878906,162.52887493328313,159.63501876702466,160.34045010384,2721400,Goldman Sachs
2015-08-20,157.71920776367188,159.6992160772912,157.71920776367188,159.0659275292271,3140000,Goldman Sachs
2015-08-21,150.49655151367188,155.9956801225564,150.3682890300645,155.24215332109253,5406200,Goldman Sachs
2015-08-24,143.85916137695312,149.81520994146152,137.95922001995092,143.05753897644624,7183600,Goldman Sachs
2015-08-25,142.86509704589844,150.16787514247315,142.45627416287218,149.01353731771314,7204800,Goldman Sachs
2015-08-26,147.81915283203125,148.34822650572028,143.5785760862302,146.7289459734233,5561800,Goldman Sachs
2015-08-27,151.6749725341797,152.1960221768962,148.64482875181346,149.75107152582356,3798500,Goldman Sachs
2015-08-28,151.02334594726562,151.9081747212488,149.82480738504222,150.89464134851423,2413100,Goldman Sachs
2015-08-31,151.7070770263672,153.03430790147968,150.5648390651365,150.97508343573003,2858000,Goldman Sachs
2015-09-01,146.49473571777344,149.9938188035992,145.65817989916465,148.20004193386345,5494500,Goldman Sachs
2015-09-02,148.4171905517578,149.47094605406772,146.80841926596972,148.70676987415771,3043800,Goldman Sachs
2015-09-03,148.8595428466797,151.13595473678944,148.23212328956907,148.81128169212437,2902200,Goldman Sachs
2015-09-04,145.09503173828125,147.0657733689561,144.08955006202405,146.60726783308863,4295600,Goldman Sachs
2015-09-08,149.51914978027344,149.86502958232686,147.72536164858784,147.93450969070958,3060100,Goldman Sachs
2015-09-09,149.35826110839844,154.24088591786617,149.02042074510246,152.4712406593865,4756800,Goldman Sachs
2015-09-10,149.54327392578125,151.07965279305938,148.62627517561575,149.17325128759893,3042600,Goldman Sachs
2015-09-11,149.02853393554688,149.47094850117188,147.45998436101374,149.1572263123142,2536800,Goldman Sachs
2015-09-14,147.9586944580078,149.50311339172728,147.443888146768,149.29397754695663,2746000,Goldman Sachs
2015-09-15,150.7820587158203,151.24056433986965,148.1597664184312,148.6343509151517,3092800,Goldman Sachs
2015-09-16,151.73927307128906,152.27017042199358,150.09028041928462,151.19229684858607,2717800,Goldman Sachs
2015-09-17,149.97764587402344,153.2917218583585,149.615674921744,151.5864165721067,3712600,Goldman Sachs
2015-09-18,145.54550170898438,147.50820412256823,145.231791882154,147.36340836267476,6529900,Goldman Sachs
2015-09-21,147.48403930664062,148.3366857009272,146.15679629048674,147.4438175896763,2947200,Goldman Sachs
2015-09-22,144.564208984375,145.59382176966972,143.18870394170253,145.50533884559192,4166900,Goldman Sachs
2015-09-23,144.31483459472656,144.94225442929897,142.9795514497848,144.636583950012,2732600,Goldman Sachs
2015-09-24,142.30384826660156,143.1645344085576,140.6226854403716,142.90713741922517,3910000,Goldman Sachs
2015-09-25,144.65264892578125,145.68226140513275,143.30932658590777,144.14588212265002,3026500,Goldman Sachs
2015-09-28,139.17478942871094,143.5506487257789,138.95760189642172,143.5506487257789,3898500,Goldman Sachs
2015-09-29,138.24166870117188,139.39998558541942,134.7265085995165,139.1667069572033,4419100,Goldman Sachs
2015-09-30,139.76998901367188,140.83178352930628,138.48297986392993,140.42959086864707,2931500,Goldman Sachs
2015-10-01,141.58792114257812,141.70857404265658,139.19084382014418,140.28480845199505,3613000,Goldman Sachs
2015-10-02,142.38429260253906,142.4566966357405,136.64097983022896,138.46693860413654,4469900,Goldman Sachs
2015-10-05,145.35244750976562,145.64202676102923,143.04386520943626,143.3656144779746,3411900,Goldman Sachs
2015-10-06,145.04676818847656,145.81897122969136,144.36303575032431,144.95023360286518,1859100,Goldman Sachs
2015-10-07,146.5831756591797,147.83801515608192,145.2237621128858,146.2372957634218,2572200,Goldman Sachs
2015-10-08,145.65008544921875,146.77622021700623,144.58829071906337,145.73855606944994,3253400,Goldman Sachs
2015-10-09,144.13780212402344,146.63138915943625,143.34950797628156,145.5615675244736,3334900,Goldman Sachs
2015-10-12,144.9744110107422,145.7546660125995,143.99305961199275,145.43291668715216,3059800,Goldman Sachs
2015-10-13,145.5696563720703,147.3151715715544,144.38720861210533,144.44352149303208,2918800,Goldman Sachs
2015-10-14,144.395263671875,146.5751541848041,144.09764490891772,145.37661514719204,3252000,Goldman Sachs
2015-10-15,148.7791748046875,149.41463406585584,141.37881702641036,142.15907208662458,5720100,Goldman Sachs
2015-10-16,148.95611572265625,150.13856350645582,147.70932789357155,148.90785455171746,2977500,Goldman Sachs
2015-10-19,149.40660095214844,150.01792965167752,147.3232327081392,147.58868145600024,2665700,Goldman Sachs
2015-10-20,149.22154235839844,149.59156507076477,147.92648127603843,148.9721848294757,2736200,Goldman Sachs
2015-10-21,144.5480499267578,149.79264602638827,144.42739702967413,149.79264602638827,3613800,Goldman Sachs
2015-10-22,147.6530303955078,148.15979729106488,144.9502940757887,144.97442466377225,2609600,Goldman Sachs
2015-10-23,149.21351623535156,149.90528828405832,148.35281782433128,148.9400281001289,2935700,Goldman Sachs
2015-10-26,150.42813110351562,151.22447718390353,150.11442124286867,150.500535128241,2573700,Goldman Sachs
2015-10-27,149.86509704589844,150.28338104449134,148.40916090008756,149.61573944399072,1932300,Goldman Sachs
2015-10-28,153.8949737548828,154.0236660514932,149.75238284203016,150.18675769916328,3231900,Goldman Sachs
2015-10-29,152.74473571777344,154.4098193066298,152.29428187941997,153.63760395949063,3068100,Goldman Sachs
2015-10-30,150.8223114013672,152.90566731710982,150.6131755481797,152.64021857616927,2791600,Goldman Sachs
2015-11-02,152.57582092285156,153.1791099892305,150.96705007917436,151.48186853214065,2531500,Goldman Sachs
2015-11-03,153.38827514648438,154.33744415852624,152.06908339862775,152.22995804613245,2443200,Goldman Sachs
2015-11-04,154.1604461669922,155.15788841151917,153.08257275248567,153.63760060331333,2174300,Goldman Sachs
2015-11-05,154.45811462402344,155.47163598446647,153.63763793759853,154.87638626702892,2186300,Goldman Sachs
2015-11-06,160.20947265625,160.45079078226922,157.57912840314484,157.65957186980117,4270800,Goldman Sachs
2015-11-09,158.27088928222656,160.79665930468934,157.9169699662592,160.1048872718391,2604400,Goldman Sachs
2015-11-10,159.11549377441406,159.44529477512702,157.08039944154424,158.12610304622388,2149900,Goldman Sachs
2015-11-11,158.77764892578125,160.01639716069553,158.24675156484014,159.50159094601128,1637500,Goldman Sachs
2015-11-12,155.06143188476562,157.81242945371517,154.65118733021734,157.81242945371517,3166900,Goldman Sachs
2015-11-13,153.1468963623047,155.5520125073348,152.88144777581422,154.94872361275029,2484000,Goldman Sachs
2015-11-16,154.57070922851562,154.57070922851562,151.23250228528826,152.82519429509455,4626600,Goldman Sachs
2015-11-17,153.2917938232422,155.24644524755635,153.09069739157437,154.9809964848806,1783800,Goldman Sachs
2015-11-18,155.77731323242188,156.09102311537592,153.6456840965985,153.67786639297572,2509200,Goldman Sachs
2015-11-19,155.27052307128906,156.21970428865254,154.17655836382409,155.905994452818,1835800,Goldman Sachs
2015-11-20,154.0156707763672,155.640532692128,153.72609154656772,155.24637943452828,2932100,Goldman Sachs
2015-11-23,152.1817169189453,154.03180629374577,151.64278002816417,153.87897106260849,2671700,Goldman Sachs
2015-11-24,151.7633819580078,152.67234132785487,150.06612838474138,151.24053639199366,2679400,Goldman Sachs
2015-11-25,152.14955139160156,152.6482788756458,151.34516568554193,152.0208590068354,1495600,Goldman Sachs
2015-11-27,153.21131896972656,153.79047755625862,151.90821828700427,152.15757584738205,1092700,Goldman Sachs
2015-11-30,153.3727569580078,154.22832344719268,152.74318869932537,153.76018073658628,3415000,Goldman Sachs
2015-12-01,155.83448791503906,155.89904826131885,153.36462976866457,154.3412743508166,4140900,Goldman Sachs
2015-12-02,153.56643676757812,156.45599915951186,153.19515930127218,156.0201490216793,1817200,Goldman Sachs
2015-12-03,149.48231506347656,154.68836523552412,149.1029583047775,153.88930457373607,3599000,Goldman Sachs
2015-12-04,153.34854125976562,153.85703111217663,149.11912299913624,149.8132639290109,3517200,Goldman Sachs
2015-12-07,149.71640014648438,153.45344989954998,149.32089712035918,153.35659704253106,3499900,Goldman Sachs
2015-12-08,147.6420440673828,148.89311350299937,146.7703314086818,148.44918404958977,2663800,Goldman Sachs
2015-12-09,145.8582763671875,149.19983551001604,145.14798921853514,146.91562780785372,3907500,Goldman Sachs
2015-12-10,146.9882354736328,148.45722356531874,145.53538131110312,146.0842428018261,2212300,Goldman Sachs
2015-12-11,142.50869750976562,145.40632839587752,141.6289174885201,145.0269714480039,3750100,Goldman Sachs
2015-12-14,142.37948608398438,144.1794170884115,139.55449618298485,142.59741732482118,5102400,Goldman Sachs
2015-12-15,146.9075469970703,147.9326182457595,144.35699395667922,144.4619137818355,3398700,Goldman Sachs
2015-12-16,150.29751586914062,150.83829808705917,146.64116104271685,148.5217983583912,3191700,Goldman Sachs
2015-12-17,147.391845703125,151.65354420150777,147.391845703125,150.8383371809996,2807900,Goldman Sachs
2015-12-18,141.64498901367188,146.81874654142712,141.56427009526985,146.25375106054642,6740800,Goldman Sachs
2015-12-21,143.4691162109375,143.79196724226455,141.91940909180838,143.26733123736375,2472900,Goldman Sachs
2015-12-22,145.32550048828125,145.84206938601193,142.90408147092353,144.3972824753764,2312800,Goldman Sachs
2015-12-23,147.666259765625,147.70661922861004,145.6564890583475,145.85019477510932,2367900,Goldman Sachs
2015-12-24,147.27882385253906,147.8438193397303,146.91561334762883,147.11739832990983,1107600,Goldman Sachs
2015-12-28,146.59274291992188,146.84295431533246,145.15603490061554,146.71382129304067,1723300,Goldman Sachs
2015-12-29,148.1344451904297,148.65908141270017,147.30309174013385,147.5613825249936,1848900,Goldman Sachs
2015-12-30,146.9075469970703,148.13440324580185,146.770334674959,147.9326182457595,1514300,Goldman Sachs
2015-12-31,145.47080993652344,147.6178048670795,145.30938443169455,146.22145639214372,1773900,Goldman Sachs
2016-01-04,142.97679138183594,143.01715084849658,140.24865400651365,141.88714736189903,3745500,Goldman Sachs
2016-01-05,140.51502990722656,143.267380855842,139.57067738175655,142.6297455375437,4521600,Goldman Sachs
2016-01-06,137.0846405029297,138.84421192572674,136.4873648467694,138.2711371658126,5539400,Goldman Sachs
2016-01-07,132.8713836669922,136.810230832061,132.04810972949005,134.52602314025128,5687900,Goldman Sachs
2016-01-08,132.322509765625,135.93849286663246,132.07229838119488,134.59057078704225,4929800,Goldman Sachs
2016-01-11,133.767333984375,134.35655516302606,131.83826951313017,133.17812512170525,4386500,Goldman Sachs
2016-01-12,133.75115966796875,135.74478391143433,131.80594953248325,134.7035788484107,4441300,Goldman Sachs
2016-01-13,128.32723999023438,134.8731482781002,127.46359396254597,134.35657898172042,5252500,Goldman Sachs
2016-01-14,130.2643280029297,131.16832088885042,126.52726575005916,129.38454833245473,4272500,Goldman Sachs
2016-01-15,125.59899139404297,127.51998754867097,124.14613767692819,126.47877058641677,6237200,Goldman Sachs
2016-01-19,126.57569885253906,128.1415400841178,125.33269637384791,127.17297456153977,5860600,Goldman Sachs
2016-01-20,124.09777069091797,127.82675342032216,122.4027718233823,124.38027460750011,9369100,Goldman Sachs
2016-01-21,122.40277099609375,125.23584016079887,122.27363796159449,124.27534163008565,5738800,Goldman Sachs
2016-01-22,126.60797119140625,126.71290332447919,124.18655137694557,124.76769311769438,5583800,Goldman Sachs
2016-01-25,121.9749984741211,126.34162903097803,121.9749984741211,126.23669688503409,5051700,Goldman Sachs
2016-01-26,124.66272735595703,125.99451528423789,121.97495060903536,121.97495060903536,5237700,Goldman Sachs
2016-01-27,124.07353210449219,127.87515369812262,123.6457489921045,123.9685999884807,5153100,Goldman Sachs
2016-01-28,126.7694091796875,127.56848223077573,123.11306588564199,125.11476968059453,4292900,Goldman Sachs
2016-01-29,130.4015350341797,130.4257482486423,127.35054685210282,128.04468773731486,4887900,Goldman Sachs
2016-02-01,128.8599090576172,129.94955309380205,127.8913434232197,129.4733434016538,2963500,Goldman Sachs
2016-02-02,122.44314575195312,126.72099057203964,121.20015546728406,126.72099057203964,6316200,Goldman Sachs
2016-02-03,123.23417663574219,124.17046235130452,118.65769255534325,123.0888972915948,5893200,Goldman Sachs
2016-02-04,126.309326171875,127.48774351761193,122.69333058709357,122.92740805279324,4573100,Goldman Sachs
2016-02-05,126.29322052001953,128.90027976149946,125.6636521869808,127.18107961326969,4596100,Goldman Sachs
2016-02-08,120.46563720703125,124.16233964580762,117.23707741588804,124.16233964580762,8680000,Goldman Sachs
2016-02-09,119.65848541259766,121.03062072479125,117.11599975517947,117.4549970217701,6919400,Goldman Sachs
2016-02-10,118.83525085449219,123.79917058506678,118.81911691763854,121.07103270695569,7609600,Goldman Sachs
2016-02-11,113.55650329589844,116.5590644128865,112.23279448315999,115.75192459253435,10252200,Goldman Sachs
2016-02-12,117.9473648071289,118.25406961319224,115.98600832477726,116.0263677854635,9009300,Goldman Sachs
2016-02-16,120.2799301147461,121.45834687189402,119.01271520518668,120.74807249634296,10198000,Goldman Sachs
2016-02-17,121.8297348022461,122.58036922139182,121.32123257251436,121.7167356751925,5578800,Goldman Sachs
2016-02-18,119.23883056640625,122.68532302350233,118.94825957186914,122.07996781121531,5895500,Goldman Sachs
2016-02-19,118.57694244384766,119.23879085119302,117.38236635530757,118.6495820892918,5257300,Goldman Sachs
2016-02-22,120.0943832397461,121.06296131882728,119.64238670469855,120.42531367289945,4287900,Goldman Sachs
2016-02-23,116.96266174316406,119.49708088058641,116.2685208422915,119.45672141691189,4249600,Goldman Sachs
2016-02-24,117.4872817993164,117.55185446919296,113.20943786881996,115.48557829705305,5714700,Goldman Sachs
2016-02-25,119.65848541259766,120.32034601592483,117.22091956313898,117.84242070987696,4299600,Goldman Sachs
2016-02-26,121.27278137207031,122.66106311581756,120.27192336825898,120.84499817014596,5924500,Goldman Sachs
2016-02-29,121.21602630615234,121.83211347852723,120.2351505136938,121.39436960832475,5506400,Goldman Sachs
2016-03-01,125.36653900146484,125.46382504138876,122.1482697967193,122.36714792468544,6490400,Goldman Sachs
2016-03-02,125.00179290771484,125.98268143986274,124.3938075216175,125.44765133141844,5047500,Goldman Sachs
2016-03-03,125.91777801513672,126.18529296278044,124.32080271433266,124.83961620899305,3615800,Goldman Sachs
2016-03-04,127.14188385009766,128.7712923818863,125.8853784141416,126.7608787365595,5256700,Goldman Sachs
2016-03-07,125.93400573730469,126.76085670127665,125.17199564269127,126.46092129490391,2771900,Goldman Sachs
2016-03-08,122.89405822753906,125.02605087252527,122.81298860079929,124.83960557440984,3830400,Goldman Sachs
2016-03-09,121.52406311035156,123.62363532523074,120.93228204833687,123.30748357229328,3250900,Goldman Sachs
2016-03-10,122.42393493652344,124.5154060487299,120.65671773355314,121.92943968476732,4631800,Goldman Sachs
2016-03-11,124.79097747802734,124.96932077374316,123.51825599219072,124.25594759087987,4058700,Goldman Sachs
2016-03-14,124.42621612548828,125.20443034135455,123.32373567843445,124.56402463518351,3317900,Goldman Sachs
2016-03-15,123.24261474609375,123.8181793360225,122.32658003220916,123.7452117334352,3731400,Goldman Sachs
2016-03-16,122.03480529785156,123.90741043254849,121.36197911036962,122.34285514476576,4310300,Goldman Sachs
2016-03-17,123.95597839355469,124.82336385014494,120.58368546498342,121.91314543516245,4431700,Goldman Sachs
2016-03-18,127.75798034667969,128.22814475169994,124.73425793659801,124.76669074559467,7413200,Goldman Sachs
2016-03-21,126.69595336914062,128.81174151827142,126.25820964184851,127.46607754504859,4410200,Goldman Sachs
2016-03-22,125.00179290771484,126.12859199516882,124.32085224396447,126.05563671751578,3521500,Goldman Sachs
2016-03-23,124.90451049804688,126.09616276129631,124.50728895379922,125.04231902495071,3633400,Goldman Sachs
2016-03-24,124.02899169921875,124.06141213682524,121.70243875434002,123.54259854868006,3693400,Goldman Sachs
2016-03-28,124.70989227294922,125.35841214279905,123.52635495224939,124.1424420253885,2308600,Goldman Sachs
2016-03-29,125.67457580566406,125.93398872601858,122.81299351400574,123.92357570173753,2919500,Goldman Sachs
2016-03-30,126.86624145507812,128.09842822212465,125.56109943478621,126.56630605652023,3130600,Goldman Sachs
2016-03-31,127.25530242919922,127.66062573755906,126.5095090261554,126.60678266192633,2927300,Goldman Sachs
2016-04-01,129.55758666992188,129.71159918243646,125.72321812889362,126.83381273463782,3373400,Goldman Sachs
2016-04-04,127.89575958251953,129.7034986312353,127.5877098150337,129.6791802148011,2478100,Goldman Sachs
2016-04-05,125.93400573730469,126.89056317897479,125.28548571830451,126.81760792382853,2822700,Goldman Sachs
2016-04-06,125.80435180664062,126.6798523425538,124.77482631031275,125.86109068340114,2927400,Goldman Sachs
2016-04-07,121.92942810058594,124.86396651970026,121.08634822548058,124.55591667654723,4786800,Goldman Sachs
2016-04-08,121.82401275634766,123.92358521754699,121.60513463417747,123.27507760584095,3122200,Goldman Sachs
2016-04-11,123.38045501708984,124.75855226549591,121.9294025167688,122.55359172025021,3464300,Goldman Sachs
2016-04-12,125.09092712402344,125.72323074661149,122.6508842917024,123.76146663941643,2732900,Goldman Sachs
2016-04-13,129.58193969726562,129.69542979282014,126.7689933615651,126.89058547484039,5151100,Goldman Sachs
2016-04-14,130.44119262695312,131.54367288020177,129.01444619951974,129.32249597262282,3067100,Goldman Sachs
2016-04-15,128.50376892089844,131.14647374993572,128.24435593745113,130.70061541556805,3467900,Goldman Sachs
2016-04-18,128.9090576171875,129.70348801784,127.39313968972681,127.76604266035304,3031500,Goldman Sachs
2016-04-19,131.85171508789062,132.70289681809038,127.27156498987281,127.87955017294546,5832200,Goldman Sachs
2016-04-20,135.36178588867188,135.74279083676183,131.2761318610419,131.32476868514067,4802200,Goldman Sachs
2016-04-21,134.01614379882812,136.91824865009218,133.76483288379546,135.01323596548005,4165100,Goldman Sachs
2016-04-22,135.17539978027344,135.77528306889744,134.29179743704466,134.39717314555836,2680300,Goldman Sachs
2016-04-25,133.82968139648438,135.69417156824315,132.99471615613183,134.56737297605454,2473000,Goldman Sachs
2016-04-26,134.43768310546875,134.56738958217747,133.12443904489166,134.06479244679423,2251600,Goldman Sachs
2016-04-27,135.31317138671875,136.72370136570927,133.69997969422616,134.4295692845272,3323600,Goldman Sachs
2016-04-28,133.18112182617188,135.63739235531185,132.954141772239,134.04041759547226,2528000,Goldman Sachs
2016-04-29,133.0353240966797,133.49738660886635,131.77881835312638,132.78402542186817,2890800,Goldman Sachs
2016-05-02,134.7133331298828,135.5320946416042,132.9380263186852,133.8216287151728,1998400,Goldman Sachs
2016-05-03,132.2489471435547,133.03527569967756,130.81409853286254,132.67048703444837,2777000,Goldman Sachs
2016-05-04,129.76026916503906,131.81120505288362,128.96582621163142,130.67629184922617,3203900,Goldman Sachs
2016-05-05,129.32244873046875,130.3681897521516,128.48748373738087,130.33575696183613,2366200,Goldman Sachs
2016-05-06,128.77127075195312,129.84131827550883,127.27967098866215,128.23624080542996,2307000,Goldman Sachs
2016-05-09,127.6849365234375,129.5818588941204,127.10127000468661,128.24428463469752,2097900,Goldman Sachs
2016-05-10,130.85464477539062,130.91949802345647,128.39838521379784,128.62536539728222,2379600,Goldman Sachs
2016-05-11,129.2333221435547,131.75443439647472,129.1198320768746,130.80597904575743,2096900,Goldman Sachs
2016-05-12,128.1389617919922,130.89515631218987,127.5228622297317,129.96291732228215,2448100,Goldman Sachs
2016-05-13,125.92593383789062,129.4765725535177,125.8610805771606,127.9849846652112,2550100,Goldman Sachs
2016-05-16,125.95832824707031,127.19050271675461,125.32602460961652,125.92589544184703,3177700,Goldman Sachs
2016-05-17,125.36653900146484,127.3607358317882,124.65317813580026,125.43950662378032,2701500,Goldman Sachs
2016-05-18,129.65481567382812,129.703452489394,125.36648834898585,125.49619477015169,3653300,Goldman Sachs
2016-05-19,125.40701293945312,129.66290712768898,125.26110250463742,128.63338259393637,4712000,Goldman Sachs
2016-05-20,125.2530517578125,126.79328833490494,124.77477304139286,126.26636041267973,3247800,Goldman Sachs
2016-05-23,126.01505279541016,126.53386629466311,124.62885358201862,125.1963039140938,2767600,Goldman Sachs
2016-05-24,127.74981689453125,128.52804320815522,126.81757809054832,127.00402337744738,3038800,Goldman Sachs
2016-05-25,130.71681213378906,131.55987946404534,128.10652813603883,128.13084655338827,3259900,Goldman Sachs
2016-05-26,129.07122802734375,130.7816938471437,129.03069319977175,130.64388532899304,2576100,Goldman Sachs
2016-05-27,129.85256958007812,130.56071915917522,128.86767331721785,129.17697332016886,2157000,Goldman Sachs
2016-05-31,129.81187438964844,131.57818701367276,129.0548885880056,130.56072496618012,2916100,Goldman Sachs
2016-06-01,130.21070861816406,130.6828124429135,126.979248543037,128.525785704652,2581600,Goldman Sachs
2016-06-02,129.6490936279297,130.50376430227837,128.98164492828246,130.34910807108676,2257100,Goldman Sachs
2016-06-03,126.71065521240234,127.41880484063564,125.23737211816501,126.86531143470417,4329300,Goldman Sachs
2016-06-06,127.84208679199219,128.53396604672622,126.79207128065644,127.1827732825264,2540400,Goldman Sachs
2016-06-07,126.30367279052734,128.1758055242672,126.30367279052734,127.95603023469207,2489700,Goldman Sachs
2016-06-08,125.87228393554688,127.45138726653595,125.27808948487952,126.32810501661734,2426800,Goldman Sachs
2016-06-09,124.67574310302734,125.58738523383873,124.09783154517103,125.18040036541329,2711700,Goldman Sachs
2016-06-10,122.00592803955078,123.4466580066928,121.745464172268,123.19432936582128,4335700,Goldman Sachs
2016-06-13,120.9803237915039,123.16990433156953,120.94775804730648,121.28148861427245,3385800,Goldman Sachs
2016-06-14,118.99424743652344,121.32220156890801,118.39190531129334,120.64660514228592,5069600,Goldman Sachs
2016-06-15,118.96981811523438,121.0372957540809,118.75817803758288,119.78378784111278,2981400,Goldman Sachs
2016-06-16,119.3524169921875,119.64544666915205,116.82910519498185,118.02564200757081,3499200,Goldman Sachs
2016-06-17,118.54652404785156,120.65470218874917,118.40001549142914,119.35235836874362,4296500,Goldman Sachs
2016-06-20,120.2640151977539,122.50243172427724,120.1256418483554,120.87449243226027,3338900,Goldman Sachs
2016-06-21,120.75243377685547,121.1431358322527,119.75124190587063,120.87452428785636,2424600,Goldman Sachs
2016-06-22,120.58145904541016,122.19311541583014,120.4593685704506,120.47563902031804,2487600,Goldman Sachs
2016-06-23,124.26061248779297,124.3745677444962,122.20940544694332,122.55127121705303,2940500,Goldman Sachs
2016-06-24,115.46977233886719,119.18147315439776,114.70463863352278,116.42211564652081,9442200,Goldman Sachs
2016-06-27,113.55693054199219,114.9569596928926,112.49063201408191,114.01276409593193,7381000,Goldman Sachs
2016-06-28,115.91748809814453,116.08841486851723,113.80930846222506,115.75469655772343,5041500,Goldman Sachs
2016-06-29,118.43264770507812,118.4733486934837,116.34073861897042,116.88610950724903,3804100,Goldman Sachs
2016-06-30,120.93966674804688,121.18386023745228,118.32681752574359,119.38498103303581,4528600,Goldman Sachs
2016-07-01,120.67101287841797,122.66523623958773,120.52450428821749,120.86637008554439,3096800,Goldman Sachs
2016-07-05,117.57796478271484,119.60475456720278,116.6663223512327,119.42568017241928,3943000,Goldman Sachs
2016-07-06,118.49772644042969,118.79075606886268,116.08837033773698,116.34884663865235,2941800,Goldman Sachs
2016-07-07,119.65355682373047,120.54078089688322,118.318646890668,118.83958704941938,2578300,Goldman Sachs
2016-07-08,122.40475463867188,122.84429276574619,120.71983157447394,121.57450215398634,3281400,Goldman Sachs
2016-07-11,123.87806701660156,124.52109769977606,123.21875345961945,123.30829063527095,3041600,Goldman Sachs
2016-07-12,127.72821044921875,127.99682212279397,125.28629969329899,125.35141880388089,5110800,Goldman Sachs
2016-07-13,128.5421600341797,128.82705454464514,127.10142944217164,127.79330901318863,4276400,Goldman Sachs
2016-07-14,132.3026580810547,132.87244692998362,130.24331528993278,130.47122586142652,5087700,Goldman Sachs
2016-07-15,131.57009887695312,132.79105377091898,130.8049651561699,132.56314318432766,3078400,Goldman Sachs
2016-07-18,132.9457244873047,133.56433722951348,131.87127810219823,132.15617257648466,4734500,Goldman Sachs
2016-07-19,131.38284301757812,133.55614047330522,130.82933720200685,131.879364996465,5399700,Goldman Sachs
2016-07-20,131.67588806152344,132.5875301940899,129.6002627445192,132.310783463874,3547800,Goldman Sachs
2016-07-21,130.27586364746094,131.78170026377583,130.04795310639497,131.62705644106128,2855500,Goldman Sachs
2016-07-22,130.56890869140625,130.82937258903868,130.12122278276286,130.47122386212396,1811700,Goldman Sachs
2016-07-25,130.65025329589844,131.31771431564889,129.91768563927542,129.94210373315016,1956100,Goldman Sachs
2016-07-26,131.1793670654297,131.45611379784208,129.76305523807213,130.78865264534943,2150100,Goldman Sachs
2016-07-27,131.04100036621094,132.0014787523412,130.56889639973912,131.21192706602375,2317200,Goldman Sachs
2016-07-28,130.66661071777344,131.0166242966641,129.29099935041202,130.3817162330996,2047400,Goldman Sachs
2016-07-29,129.26654052734375,130.38982281343658,129.13630237993144,129.8363168970309,2388200,Goldman Sachs
2016-08-01,128.75372314453125,130.17003491536312,128.55023071643316,129.26652803779993,2316300,Goldman Sachs
2016-08-02,127.02813720703125,128.98167236686453,126.46649600383164,128.3223463325467,3182800,Goldman Sachs
2016-08-03,128.8839874267578,129.380509548857,127.12580951045305,127.3455848550398,2284700,Goldman Sachs
2016-08-04,128.64793395996094,129.33980086250787,128.1269937661987,128.78630734047033,2005700,Goldman Sachs
2016-08-05,131.93638610839844,131.96895186168186,129.58401345160075,130.03169940777937,2676100,Goldman Sachs
2016-08-08,132.53868103027344,133.47474116979888,131.87121994837844,131.94448665701444,2266600,Goldman Sachs
2016-08-09,133.03521728515625,133.96314229887005,132.27008373661823,132.27008373661823,1957400,Goldman Sachs
2016-08-10,132.01776123046875,133.1654616065489,131.8712402108746,133.0433586868549,1656100,Goldman Sachs
2016-08-11,133.37709045410156,133.69453817579344,131.8061222989235,132.0258976201543,1827700,Goldman Sachs
2016-08-12,132.88055419921875,132.9782265892529,131.92007591003755,132.40845028040033,1440800,Goldman Sachs
2016-08-15,134.752685546875,134.98873129363793,133.3282385800374,133.38521000021112,2222200,Goldman Sachs
2016-08-16,134.8341064453125,135.73761351422328,134.07712041416292,134.2968957607074,2523800,Goldman Sachs
2016-08-17,134.85040283203125,135.37949076226556,134.09341672503527,135.07017820059616,2061700,Goldman Sachs
2016-08-18,135.16783142089844,135.5748163462511,134.00386049608304,134.58177213477504,1750500,Goldman Sachs
2016-08-19,135.30616760253906,135.8515257621416,133.89800362564918,134.59801800159397,1840900,Goldman Sachs
2016-08-22,135.33065795898438,135.85974595109843,134.21552294914918,135.11903021425724,1448100,Goldman Sachs
2016-08-23,135.1841278076172,136.62485806502525,135.1027258463326,135.93297865469265,1965500,Goldman Sachs
2016-08-24,134.5491485595703,135.68870078753721,134.18286480202292,134.93985040627499,2035300,Goldman Sachs
2016-08-25,135.03761291503906,135.15156821391318,133.98759711971303,134.37016399883242,1441400,Goldman Sachs
2016-08-26,135.0945587158203,136.8039001375735,134.5980366777067,135.73758934541374,2402200,Goldman Sachs
2016-08-29,135.8271484375,136.63298308128662,135.24108913659964,135.6073855148083,2620900,Goldman Sachs
2016-08-30,138.40118408203125,138.51558499043713,135.82715740851705,135.82715740851705,2934100,Goldman Sachs
2016-08-31,138.47467041015625,139.11204837312206,136.84853241970058,138.3030628960849,3688200,Goldman Sachs
2016-09-01,137.69842529296875,138.97319424076397,136.1866999684811,138.91598755499967,2843300,Goldman Sachs
2016-09-02,138.2458953857422,138.7035113966079,137.1999408698576,137.70658405041144,1747500,Goldman Sachs
2016-09-06,138.36846923828125,138.74435250063044,136.8485647059858,137.87000558874456,2034900,Goldman Sachs
2016-09-07,138.6463165283203,139.08758603062023,137.81281716634683,137.8536773008209,1584300,Goldman Sachs
2016-09-08,140.27243041992188,140.45220500494472,137.86183253553756,138.38480974594216,3031600,Goldman Sachs
2016-09-09,137.74746704101562,140.893498149457,137.69842739442785,139.5942280620584,3411800,Goldman Sachs
2016-09-12,139.7821807861328,140.28064458136703,135.83533056526468,136.47270886490654,2647900,Goldman Sachs
2016-09-13,136.46449279785156,138.89143717026025,135.95786214393456,137.72290239488277,2788200,Goldman Sachs
2016-09-14,135.7781219482422,137.16727931381044,135.3123388339342,136.46452735681524,1995900,Goldman Sachs
2016-09-15,137.3470458984375,137.90270382462558,135.45124539288736,135.4675919403524,1645200,Goldman Sachs
2016-09-16,135.64732360839844,137.32248883345866,135.32863461192423,137.15906081683877,4534900,Goldman Sachs
2016-09-19,135.8189697265625,137.53498309185272,135.3858672797443,136.74234389380368,2030700,Goldman Sachs
2016-09-20,136.0314178466797,137.5104623134849,135.96604413112195,137.02016568118248,1532900,Goldman Sachs
2016-09-21,136.489013671875,137.51045454080108,135.59014071971583,136.80770272422953,2333600,Goldman Sachs
2016-09-22,137.2980194091797,138.36848760137258,137.0365245234849,137.64938913447432,2467700,Goldman Sachs
2016-09-23,134.9364471435547,137.3633919802493,134.87107342267845,137.07738351001112,3421200,Goldman Sachs
2016-09-26,131.95384216308594,133.98855730132863,131.56161227612512,133.8741563980999,2772200,Goldman Sachs
2016-09-27,133.10604858398438,133.56365225836825,130.59739541592808,131.33282811136434,2602700,Goldman Sachs
2016-09-28,133.5635986328125,133.84142754231704,132.11723494581778,133.47371134223633,1678100,Goldman Sachs
2016-09-29,129.88641357421875,133.98035640481055,128.9221794147744,133.5064063629826,3733800,Goldman Sachs
2016-09-30,131.78224182128906,132.71379555888902,128.94672047279144,130.70359408892975,4497200,Goldman Sachs
2016-10-03,131.6188507080078,132.1499952149444,130.94877920693332,131.1530674740268,2444700,Goldman Sachs
2016-10-04,132.5994110107422,134.1356500585532,131.74956497098225,131.75774448038808,2469900,Goldman Sachs
2016-10-05,135.9741973876953,136.11312431214998,133.20405037411442,133.45737817200936,2548200,Goldman Sachs
2016-10-06,136.5870819091797,136.70148279939443,134.68312690819764,136.61159549502844,2858000,Goldman Sachs
2016-10-07,138.77706909179688,138.8996370309792,135.84349337224668,136.87310146766674,3390200,Goldman Sachs
2016-10-10,139.76585388183594,140.34603804063366,138.99774047927815,139.34094326819107,2532000,Goldman Sachs
2016-10-11,138.1315460205078,139.6269375975535,137.2081715532048,138.78527095395228,2680000,Goldman Sachs
2016-10-12,138.34400939941406,138.90784698074205,137.52685637575394,138.13154163325243,2404000,Goldman Sachs
2016-10-13,136.8076934814453,136.97930102208568,135.24692894666964,136.95478744038846,2713700,Goldman Sachs
2016-10-14,139.34092712402344,141.3266028445502,138.18873845053113,140.22345382273468,5282300,Goldman Sachs
2016-10-17,138.098876953125,139.95381802238919,137.64944024443537,139.32460663022374,3061400,Goldman Sachs
2016-10-18,141.0651092529297,141.7515146970878,139.81486631222612,140.55846597568217,4482500,Goldman Sachs
2016-10-19,142.60134887695312,143.55741627897595,141.5145340177057,141.66979506456445,3676000,Goldman Sachs
2016-10-20,142.60134887695312,143.6473035972224,142.0211772972601,142.18460538440897,2471100,Goldman Sachs
2016-10-21,142.73208618164062,142.92002784505533,140.9670330409481,141.23669497650636,2004400,Goldman Sachs
2016-10-24,143.09979248046875,143.6472833530799,142.47059381018013,143.41031453042453,1943200,Goldman Sachs
2016-10-25,143.451171875,143.78620750462224,142.7075598586468,143.03441598052686,2423300,Goldman Sachs
2016-10-26,144.69326782226562,145.371493746602,142.12739578465792,142.8301477668898,2533800,Goldman Sachs
2016-10-27,145.2489013671875,146.1477743800305,144.28466710682994,145.6084505723247,3021900,Goldman Sachs
2016-10-28,144.75045776367188,145.86995319683305,143.37764693778925,145.86995319683305,2042800,Goldman Sachs
2016-10-31,145.64935302734375,145.86180831540628,144.82402052969513,145.19173688043472,1828200,Goldman Sachs
2016-11-01,145.50228881835938,146.41749636216798,144.31741923708552,146.270414779242,2900600,Goldman Sachs
2016-11-02,144.29283142089844,145.04461044073426,143.876088014865,144.6932407497424,2104800,Goldman Sachs
2016-11-03,143.99050903320312,145.42869355893473,143.99050903320312,144.4481126337194,1972700,Goldman Sachs
2016-11-04,143.75350952148438,144.91386492408012,142.78109575913885,144.08854513971056,1846500,Goldman Sachs
2016-11-07,148.29685974121094,148.31320628549796,146.2703246562211,146.2703246562211,3338800,Goldman Sachs
2016-11-08,148.65638732910156,149.2774187655205,145.82904654700783,147.17734323915406,2646200,Goldman Sachs
2016-11-09,157.40811157226562,158.1517109726106,149.9066441135579,151.17323315536825,7823800,Goldman Sachs
2016-11-10,164.14149475097656,167.24667818372325,158.52765846443114,158.96074849263186,11345400,Goldman Sachs
2016-11-11,166.65011596679688,167.51629579394935,162.00051532268517,162.00051532268517,6290200,Goldman Sachs
2016-11-14,170.93203735351562,173.04847283726613,166.82175927083333,166.82175927083333,8248100,Goldman Sachs
2016-11-15,172.5745086669922,172.5826757065615,167.65524512476378,168.79108706303236,4893800,Goldman Sachs
2016-11-16,168.5459442138672,170.03316840230008,167.37742161046685,169.43665030646505,5276200,Goldman Sachs
2016-11-17,171.2997589111328,171.34878608798238,168.0638280826661,168.5459452800378,3572400,Goldman Sachs
2016-11-18,171.88807678222656,173.2935804347639,171.3732665871807,171.49583450563887,4278200,Goldman Sachs
2016-11-21,172.48458862304688,172.98305225495696,170.93199105489987,172.79511063042833,2860200,Goldman Sachs
2016-11-22,172.50914001464844,173.19554542152645,171.51221253233192,172.71342822874996,2945700,Goldman Sachs
2016-11-23,173.48971557617188,174.38858867788866,171.08728425773123,172.82782377798162,3717400,Goldman Sachs
2016-11-25,172.729736328125,173.8492315022017,172.41921432180754,172.7133897833819,1974000,Goldman Sachs
2016-11-28,171.88807678222656,173.04025262201571,171.27521225241415,171.60206834747646,3297400,Goldman Sachs
2016-11-29,173.56846618652344,174.52749706078498,172.06843968860284,172.12582369751178,2577600,Goldman Sachs
2016-11-30,179.7488555908203,180.96199932377306,176.20782018703332,176.39634437911525,6507900,Goldman Sachs
2016-12-01,185.76536560058594,186.19979800089789,180.61774064328802,181.09314732077567,7606500,Goldman Sachs
2016-12-02,183.0850067138672,185.45389799346515,181.33087973700998,185.24897655921822,5297400,Goldman Sachs
2016-12-05,187.3391571044922,187.87194777202444,184.6259996143807,184.8555105949248,4599300,Goldman Sachs
2016-12-06,189.6588897705078,190.7162788676481,186.80637440129757,188.675256880484,5259300,Goldman Sachs
2016-12-07,193.08518981933594,193.51962230348087,188.85560798501353,188.85560798501353,6595200,Goldman Sachs
2016-12-08,197.91310119628906,198.70819729146396,193.44581682615035,194.16714421329723,7343700,Goldman Sachs
2016-12-09,198.24102783203125,198.36397570656993,195.80655985685755,197.22461287532872,5456000,Goldman Sachs
2016-12-12,194.40487670898438,199.04430126773892,193.74912557754067,197.1344318820874,5022000,Goldman Sachs
2016-12-13,195.5360107421875,196.87208982227682,193.0441594074918,195.90486677647706,4680500,Goldman Sachs
2016-12-14,196.6671905517578,199.28199002308688,192.92942563637536,193.17533385605296,6172400,Goldman Sachs
2016-12-15,199.18365478515625,201.29025335166864,198.05248434820172,198.76561951852278,4829700,Goldman Sachs
2016-12-16,195.82289123535156,199.3393495783977,195.41304842196035,199.01967268424897,6876400,Goldman Sachs
2016-12-19,195.96231079101562,196.51149883380603,193.65898294487587,195.36393108883206,3743300,Goldman Sachs
2016-12-20,199.2573699951172,199.7163919310671,196.9130686730218,197.15078450175923,4487700,Goldman Sachs
2016-12-21,197.90493774414062,198.69182909284433,196.79016457729998,198.56068887300202,3277800,Goldman Sachs
2016-12-22,196.82290649414062,199.06884958901392,196.3556921959656,197.73275802996562,2636500,Goldman Sachs
2016-12-23,197.51966857910156,198.2819702937165,195.83111800024952,196.34751149784267,2187500,Goldman Sachs
2016-12-27,198.0032958984375,198.8475712550088,197.05245738761909,198.32297285376632,1998200,Goldman Sachs
2016-12-28,197.25730895996094,200.41310311213363,197.0851820105162,199.74915986374498,3053000,Goldman Sachs
2016-12-29,195.2327117919922,197.60161520236838,193.97040146098786,197.33930980467878,2619000,Goldman Sachs
2016-12-30,196.2738037109375,197.1344764839722,194.59344496499645,195.50329689521908,2355500,Goldman Sachs
2017-01-03,198.01150512695312,200.79843184986268,195.06063123776778,198.93774157786493,4384200,Goldman Sachs
2017-01-04,199.2902069091797,199.44594920795254,196.7491759982186,197.90493594524742,2728700,Goldman Sachs
2017-01-05,197.80657958984375,199.3721699331652,194.0851991227318,198.95413468558917,3562600,Goldman Sachs
2017-01-06,200.74098205566406,201.80657575018876,197.84749312437864,198.60160231395076,3591100,Goldman Sachs
2017-01-09,199.0934295654297,200.56886610749908,197.92947754541086,199.38851687384357,3022800,Goldman Sachs
2017-01-10,198.83114624023438,199.54426872508714,195.9458493645639,197.43767068455853,3432900,Goldman Sachs
2017-01-11,201.4459686279297,201.51154498986426,198.3639546614776,198.99511620111224,3532600,Goldman Sachs
2017-01-12,199.8721923828125,201.20828430544756,198.01151452986997,200.87221010900103,4022300,Goldman Sachs
2017-01-13,200.2491912841797,203.0935012699381,199.1098288192368,201.1754274918897,4186100,Goldman Sachs
2017-01-17,193.2327117919922,199.23280462366841,193.12614864841584,199.13444634185097,6277200,Goldman Sachs
2017-01-18,192.0441436767578,194.83108236568506,189.7736234523837,193.44581162868383,7590500,Goldman Sachs
2017-01-19,189.6834716796875,192.42121892804587,189.03591296966647,191.86383865313223,4561800,Goldman Sachs
2017-01-20,190.3310089111328,191.17528414548826,188.970327705457,189.8555897245445,5211800,Goldman Sachs
2017-01-23,190.71627807617188,191.6015401690724,189.14248296904154,190.05233463334943,3136200,Goldman Sachs
2017-01-24,191.54412841796875,193.49498418310623,189.2162242742613,190.0523071032359,4448200,Goldman Sachs
2017-01-25,194.47042846679688,194.53600482238522,192.20810048234844,193.06056809017497,3716800,Goldman Sachs
2017-01-26,196.3802947998047,197.37210745878048,194.65075753157808,194.65075753157808,4195600,Goldman Sachs
2017-01-27,194.2245330810547,195.06061603573258,193.45402648629386,194.18354629268003,3253100,Goldman Sachs
2017-01-30,191.72445678710938,193.68350487030284,189.77361356465596,193.1015350986038,3803300,Goldman Sachs
2017-01-31,187.97030639648438,192.09332393320378,187.0194681057832,190.86379554235523,5156400,Goldman Sachs
2017-02-01,189.076904296875,190.87201803212727,188.1342707180239,188.94575157936535,4024500,Goldman Sachs
2017-02-02,188.86380004882812,190.43759521618367,186.10965537910286,187.30638959143002,2775700,Goldman Sachs
2017-02-03,197.5032501220703,197.63440282469858,191.97037211746778,192.23267752272432,7381000,Goldman Sachs
2017-02-06,196.70816040039062,199.71640525970656,196.04421701962366,196.39668835587173,4639200,Goldman Sachs
2017-02-07,196.41305541992188,197.9048891847194,196.22453123788364,197.6671733614713,2660200,Goldman Sachs
2017-02-08,194.86390686035156,195.85573220771602,193.6999544946082,195.33113378220614,2744700,Goldman Sachs
2017-02-09,197.9950714111328,199.42131643848614,194.60976567166,194.8638662221696,3550800,Goldman Sachs
2017-02-10,198.95413208007812,200.13448159590837,197.73279577406248,199.48692283025125,3072800,Goldman Sachs
2017-02-13,201.86399841308594,202.8558110940063,200.40495888522793,200.40495888522793,2998200,Goldman Sachs
2017-02-14,204.4788360595703,204.92146091187809,201.38861692694343,201.65090989305568,4141500,Goldman Sachs
2017-02-15,205.36402893066406,206.51978865213525,203.70006812914593,205.39682335948575,4296600,Goldman Sachs
2017-02-16,204.46243286132812,205.5608088579157,203.6427470416515,205.16736316654658,2286300,Goldman Sachs
2017-02-17,205.23294067382812,205.3804781186318,202.5525645265106,202.88043385323854,3262300,Goldman Sachs
2017-02-21,206.3640594482422,207.09357919308522,205.50339950203994,205.74110284270108,2794900,Goldman Sachs
2017-02-22,206.3394317626953,206.8476452884463,204.9213793198761,204.97055844972755,2378800,Goldman Sachs
2017-02-23,205.89688110351562,206.47885102584496,204.3640726375516,205.9952393985768,2594700,Goldman Sachs
2017-02-24,202.74923706054688,204.00335502113504,201.724630066118,203.03611951454118,3565400,Goldman Sachs
2017-02-27,204.3722381591797,204.7246970084802,202.14269204283437,202.63450846839132,2372600,Goldman Sachs
2017-02-28,203.86270141601562,204.6352219309264,201.84922483274804,203.8133937304006,3627100,Goldman Sachs
2017-03-01,207.6842498779297,209.68950053785855,206.49258872668727,208.50607823596965,5218300,Goldman Sachs
2017-03-02,206.32821655273438,208.94163713802817,206.25425501336602,208.34991974287126,3020000,Goldman Sachs
2017-03-03,207.83213806152344,209.3607390523815,206.328190914058,206.328190914058,3163700,Goldman Sachs
2017-03-06,207.10890197753906,207.70061923277777,205.86794601896725,207.24039748761479,2467000,Goldman Sachs
2017-03-07,206.19671630859375,207.92256076178884,205.7118406192092,207.50343284148934,2497300,Goldman Sachs
2017-03-08,205.654296875,209.37717768282653,205.13654108712234,208.43206771225456,3574400,Goldman Sachs
2017-03-09,205.60498046875,207.7088712702813,205.06258336767513,206.45968885001975,3061500,Goldman Sachs
2017-03-10,204.1256866455078,207.01851280009066,202.88471807239318,206.96920511588,3365900,Goldman Sachs
2017-03-13,203.9448699951172,204.89819362733667,203.1641357863572,204.89819362733667,1801100,Goldman Sachs
2017-03-14,203.58331298828125,203.67371460533175,201.6848915703257,202.83544620541844,2144200,Goldman Sachs
2017-03-15,202.81076049804688,205.68715917401087,201.8081290992169,204.10103678051448,3427000,Goldman Sachs
2017-03-16,203.99423217773438,205.6214487846483,203.2463653764371,203.6901597038443,2940600,Goldman Sachs
2017-03-17,200.476806640625,205.19409327184192,200.41105886881746,205.19409327184192,5438100,Goldman Sachs
2017-03-20,198.9975128173828,201.29040835763678,198.4879832617942,199.9672767749122,2759100,Goldman Sachs
2017-03-21,191.48597717285156,199.95902419927663,191.31338772728196,199.95902419927663,5660900,Goldman Sachs
2017-03-22,189.89987182617188,191.42024666131968,188.33017675919953,190.0231410554714,6291300,Goldman Sachs
2017-03-23,190.58193969726562,192.82553953712377,188.97937734029708,189.63684235703093,4770700,Goldman Sachs
2017-03-24,187.71383666992188,192.06130359246123,186.53040171192285,191.4860261934636,6387300,Goldman Sachs
2017-03-27,185.30580139160156,186.61251763573657,181.50074571494991,183.51422210533264,9194800,Goldman Sachs
2017-03-28,188.46986389160156,188.81503023313482,184.99353409320625,185.3880081206581,4471200,Goldman Sachs
2017-03-29,187.7466583251953,188.99584075726693,186.9823640836664,188.51917887476455,2636000,Goldman Sachs
2017-03-30,190.02313232421875,190.66415736733163,188.51097132713733,188.59314662952627,3156800,Goldman Sachs
2017-03-31,188.79039001464844,189.6779660455464,187.97677551796593,189.4560689027959,2858400,Goldman Sachs
2017-04-03,188.1658172607422,189.10270104192594,185.37981976352958,189.02051319406044,3735600,Goldman Sachs
2017-04-04,188.41232299804688,189.58754380984882,186.78510672180852,187.14671312543987,3042700,Goldman Sachs
2017-04-05,187.09744262695312,191.39560132778823,186.8097976923216,190.78744384261844,5286900,Goldman Sachs
2017-04-06,187.9027862548828,189.11908839620665,185.49483581333544,186.6289501242567,2927200,Goldman Sachs
2017-04-07,187.2781982421875,188.058932457521,185.92217430388,186.22625923919253,2853300,Goldman Sachs
2017-04-10,188.10829162597656,188.84793212924419,186.51394261126964,187.37686489181885,2653900,Goldman Sachs
2017-04-11,187.1631622314453,188.5273875381066,185.2318609098144,187.1960298424056,3374700,Goldman Sachs
2017-04-12,185.52772521972656,187.5822958201665,185.100371023606,187.0891938600194,2947500,Goldman Sachs
2017-04-13,183.53070068359375,187.51656038647917,183.33345737854424,185.05928927233532,3653700,Goldman Sachs
2017-04-17,185.9468536376953,186.4563956753271,183.28413815760328,184.00733848374858,4190900,Goldman Sachs
2017-04-18,177.17791748046875,180.71178082668843,175.1973087452489,180.2433453294544,12464000,Goldman Sachs
2017-04-19,175.94517517089844,178.48462099390431,175.550701193563,177.40802818778155,6428800,Goldman Sachs
2017-04-20,179.2078399658203,179.96392034037365,176.69304789521635,177.10396196008895,5168200,Goldman Sachs
2017-04-21,178.22169494628906,180.12833018099857,177.82722085291906,179.61058685223333,3845700,Goldman Sachs
2017-04-24,183.448486328125,184.75519011747272,181.04874956061067,181.7719498277406,5353500,Goldman Sachs
2017-04-25,186.2509002685547,187.36036064347124,185.03458569117336,185.89750767617593,3996900,Goldman Sachs
2017-04-26,185.8975372314453,188.49451736563557,185.80713562740377,186.63719013908602,3765300,Goldman Sachs
2017-04-27,185.57705688476562,186.30848361142034,183.69507548925134,186.30848361142034,2805800,Goldman Sachs
2017-04-28,183.92515563964844,186.36598642302172,183.85940787813126,185.166111720514,2936600,Goldman Sachs
2017-05-01,184.7880401611328,186.05364982749313,181.56646320292327,184.8291215311303,3004800,Goldman Sachs
2017-05-02,185.00997924804688,185.60169661562904,183.41563037095625,184.79630840868282,2602400,Goldman Sachs
2017-05-03,185.9879608154297,186.30025958268104,184.35253052190853,184.45935967378028,3042200,Goldman Sachs
2017-05-04,186.21800231933594,188.1082092152663,184.75514949190028,187.5904535657458,2935400,Goldman Sachs
2017-05-05,186.44813537597656,186.9412372476318,185.15787179130447,186.45636168256846,2435800,Goldman Sachs
2017-05-08,184.9359893798828,186.83441041832683,184.58260929121428,186.34953481476197,2316800,Goldman Sachs
2017-05-09,183.8922882080078,186.20163616817936,183.21016924270359,185.29762005991972,2145400,Goldman Sachs
2017-05-10,184.81272888183594,185.19898913748295,183.31699554463205,183.6457343473652,2630400,Goldman Sachs
2017-05-11,184.71414184570312,184.98534671543328,182.5691692761154,184.3772017409831,2440300,Goldman Sachs
2017-05-12,183.1197509765625,184.49220245657528,182.8403198803121,183.6703743219495,2166100,Goldman Sachs
2017-05-15,185.00997924804688,186.2016402917166,183.14443807257683,183.37454898884718,2468100,Goldman Sachs
2017-05-16,185.40443420410156,186.40706554245796,184.4264567068439,185.27293869150677,1710700,Goldman Sachs
2017-05-17,175.64112854003906,185.40445182639618,175.1480265909914,185.40445182639618,7525700,Goldman Sachs
2017-05-18,176.82455444335938,178.83803097890012,175.75617529997976,175.87123074372198,4792400,Goldman Sachs
2017-05-19,177.0135955810547,178.99420477740713,175.87125475504433,176.58624135733652,3747100,Goldman Sachs
2017-05-22,177.53134155273438,178.8626993009753,177.0217995119662,178.6408021629005,2506100,Goldman Sachs
2017-05-23,180.50631713867188,181.45141440494024,176.41361685346706,177.49020962081138,3308800,Goldman Sachs
2017-05-24,183.9498291015625,184.41826470969056,180.3502171502321,180.8022252213063,4141600,Goldman Sachs
2017-05-25,182.8320770263672,185.28112096670122,182.6923677705196,184.4264253603102,2640000,Goldman Sachs
2017-05-26,183.70327758789062,184.2785548857739,181.7719760805989,182.45409506955502,1787100,Goldman Sachs
2017-05-30,180.10801696777344,183.4228919965466,179.76993003822898,182.91988860308183,3097800,Goldman Sachs
2017-05-31,174.2039337158203,180.00908951344908,172.8515984304047,179.95961582703356,8312000,Goldman Sachs
2017-06-01,177.29617309570312,178.05479901438744,173.81638105810057,175.31715005411985,4057900,Goldman Sachs
2017-06-02,175.89434814453125,177.46108611115497,174.7399202384468,175.5892520369919,3692000,Goldman Sachs
2017-06-05,176.4550323486328,177.9557882275793,175.3748026737203,175.70464811800102,2696600,Goldman Sachs
2017-06-06,176.90036010742188,178.12901115763665,175.20993788143588,175.23467472425784,2891300,Goldman Sachs
2017-06-07,177.93113708496094,179.1267975133139,176.71898123087033,177.593050060117,2679400,Goldman Sachs
2017-06-08,180.3883819580078,182.23547912675585,176.9828134606212,177.93109259509484,3765600,Goldman Sachs
2017-06-09,183.42288208007812,184.58556384868533,181.20471990066008,182.09528385646652,4455400,Goldman Sachs
2017-06-12,182.98585510253906,185.7235035951745,182.98585510253906,184.404159320257,3388200,Goldman Sachs
2017-06-13,184.87420654296875,187.0181586925546,183.69504166832184,184.17330830422395,2767800,Goldman Sachs
2017-06-14,186.77896118164062,187.13354348382015,182.86213593273965,183.87639658277664,3652900,Goldman Sachs
2017-06-15,184.07432556152344,186.64707033908377,183.71975577562677,185.37718708104944,3378900,Goldman Sachs
2017-06-16,182.90341186523438,184.4371590427702,182.342693314165,183.59606863384514,3758300,Goldman Sachs
2017-06-19,186.46563720703125,187.21600895696363,183.97535724031823,184.2392210491589,2900900,Goldman Sachs
2017-06-20,185.61630249023438,186.80370848411877,184.86591817022847,185.95437681020215,2264200,Goldman Sachs
2017-06-21,183.4641571044922,185.476158456249,183.0023733075926,185.15456689021656,3015300,Goldman Sachs
2017-06-22,181.2212371826172,182.97761588465843,180.82542254407448,182.59830925062232,3344600,Goldman Sachs
2017-06-23,179.09375,181.9798318543851,178.49179930770597,181.82315682626185,4448700,Goldman Sachs
2017-06-26,181.77371215820312,183.03534142072428,179.5143174734354,179.97608863065616,2589500,Goldman Sachs
2017-06-27,181.64178466796875,183.3981760353629,181.04807526440794,182.92815084824346,2899400,Goldman Sachs
2017-06-28,184.06605529785156,185.22873700478064,182.0293051016799,182.9528472665674,3482800,Goldman Sachs
2017-06-29,185.04736328125,188.65908075328008,183.90941817758963,188.3127523700619,5063400,Goldman Sachs
2017-06-30,182.9776153564453,186.39969196674747,182.6807606695555,185.78948717082937,3154300,Goldman Sachs
2017-07-03,187.41397094726562,188.89000320366804,184.231033398294,185.08861933753084,2846600,Goldman Sachs
2017-07-05,188.0406494140625,188.76629708343415,185.70705649812962,188.32102129325185,2772000,Goldman Sachs
2017-07-06,186.92745971679688,189.70634109546154,185.74004079466056,187.98294040706864,3076600,Goldman Sachs
2017-07-07,185.76475524902344,188.4117106590927,185.05560306613265,188.19730791257547,2697600,Goldman Sachs
2017-07-10,186.22653198242188,187.46342448376473,184.67630193671724,184.9319243738234,2357500,Goldman Sachs
2017-07-11,187.1417999267578,187.9663947822027,185.26172466292894,186.3914155885464,2742900,Goldman Sachs
2017-07-12,187.50462341308594,188.84871705191622,186.4161647482326,186.68826997770674,2567300,Goldman Sachs
2017-07-13,189.98663330078125,190.18454057868,187.1417838109458,187.50460752926784,2852600,Goldman Sachs
2017-07-14,188.50238037109375,189.3352166073889,185.61629850896085,187.36443549625375,3703600,Goldman Sachs
2017-07-17,189.046630859375,189.3599809619969,187.35622130319737,188.60959654904457,2551800,Goldman Sachs
2017-07-18,184.1403045654297,189.9537017412425,183.6867748060376,187.59535957472454,6400700,Goldman Sachs
2017-07-19,183.77748107910156,184.8741939237952,182.78796960926644,183.81047192474463,4884600,Goldman Sachs
2017-07-20,183.30747985839844,185.3359766101442,182.73850726778235,183.88469386977644,3497800,Goldman Sachs
2017-07-21,181.55931091308594,183.3157021912635,180.6605054330775,182.96937382049845,3446600,Goldman Sachs
2017-07-24,179.91012573242188,181.18825046103424,179.76170467633153,180.53682596654758,3123100,Goldman Sachs
2017-07-25,182.71376037597656,183.77748238257172,181.55931983438003,181.69125805324612,3509500,Goldman Sachs
2017-07-26,183.26625061035156,184.4949017695012,182.95290046372986,183.43116710456016,2792500,Goldman Sachs
2017-07-27,182.63128662109375,183.64554747229738,181.76545940419916,182.92814130739131,2812500,Goldman Sachs
2017-07-28,184.38766479492188,184.43713847540263,182.12002883587718,182.87041320935413,2483200,Goldman Sachs
2017-07-31,185.8059539794922,185.94613359028068,183.92587877948858,184.66800909126738,1994900,Goldman Sachs
2017-08-01,187.18309020996094,188.5189302635301,186.9604460069251,187.25730075019857,2986800,Goldman Sachs
2017-08-02,186.58108520507812,187.78498667206443,186.0038713111587,186.68827398245796,1863300,Goldman Sachs
2017-08-03,184.70101928710938,186.9686553002486,184.68452386578244,186.35845053435054,2106400,Goldman Sachs
2017-08-04,189.48370361328125,189.48370361328125,185.5833722902672,186.39972597373082,3400300,Goldman Sachs
2017-08-07,192.0646514892578,192.23782196249493,189.0713678373492,189.4919193085021,3809800,Goldman Sachs
2017-08-08,191.34727478027344,194.46424291463666,191.05866149355333,191.6358754846722,3322500,Goldman Sachs
2017-08-09,190.48963928222656,190.8854538435504,188.8816819465923,189.92067944216984,2571100,Goldman Sachs
2017-08-10,185.94613647460938,189.2032835771022,185.92139963598763,188.84871383531106,3325500,Goldman Sachs
2017-08-11,184.83299255371094,186.91921721696315,183.59609986408364,185.59163114246002,2956600,Goldman Sachs
2017-08-14,187.4799041748047,189.51665466269148,186.60583556037298,186.66355066278558,2266100,Goldman Sachs
2017-08-15,187.6695556640625,190.159835856672,187.59534514068673,189.30226267224967,1867000,Goldman Sachs
2017-08-16,186.03688049316406,188.84049849097693,185.53387703435584,188.22205223419573,2393900,Goldman Sachs
2017-08-17,182.581787109375,186.3419375490258,182.326164723341,185.02259336058478,3460300,Goldman Sachs
2017-08-18,183.1837615966797,184.7834777996391,181.86441723696822,182.06231197064878,3149300,Goldman Sachs
2017-08-21,182.0623321533203,183.3899306623207,180.7594830710939,183.3899306623207,2203300,Goldman Sachs
2017-08-22,184.36288452148438,184.52780094500818,182.50754644662922,182.94458063100979,2021300,Goldman Sachs
2017-08-23,183.6702423095703,185.37714692867803,182.50756067227925,182.9775731450733,2568000,Goldman Sachs
2017-08-24,183.87643432617188,185.17929587048474,183.54658879337845,184.5196173872184,2263000,Goldman Sachs
2017-08-25,183.44761657714844,185.49260827419624,183.16725734898841,184.41239103804176,2232500,Goldman Sachs
2017-08-28,181.6995849609375,183.9589680995478,180.4709333966156,183.81054698051187,2641600,Goldman Sachs
2017-08-29,181.9973602294922,182.1380186085044,178.5139537688396,179.77162223893245,2369100,Goldman Sachs
2017-08-30,184.03280639648438,185.52214915282056,182.1049366931844,182.23732552159063,2411400,Goldman Sachs
2017-08-31,185.12503051757812,185.7455890653539,184.16523026694722,184.71959438792473,2240600,Goldman Sachs
2017-09-01,186.89566040039062,188.28570526412636,184.9512388793739,185.79520190395286,2346900,Goldman Sachs
2017-09-05,180.193603515625,185.34010200085058,179.7964496892765,185.21599537552058,5646200,Goldman Sachs
2017-09-06,181.06240844726562,182.874441135784,180.05296569498864,181.18651508676936,3613600,Goldman Sachs
2017-09-07,178.58843994140625,181.045852347025,177.59554897329517,180.97965793244512,3594600,Goldman Sachs
2017-09-08,179.7219696044922,181.43470400698573,178.22434491642736,178.31536064194188,3120900,Goldman Sachs
2017-09-11,182.90748596191406,183.59423865321344,181.19475164168276,182.08835709691724,2971500,Goldman Sachs
2017-09-12,186.95355224609375,188.39325223400414,183.70183239231238,184.1320771125952,3745800,Goldman Sachs
2017-09-13,187.4582977294922,187.9381977873185,185.93586400312233,186.3743909718561,2383500,Goldman Sachs
2017-09-14,187.69825744628906,188.73252156573017,187.03632588478789,187.0776989746244,1986600,Goldman Sachs
2017-09-15,186.3495635986328,187.99611653886927,185.191192893382,187.94646125839242,4365800,Goldman Sachs
2017-09-18,188.2609100341797,189.4772057712063,186.71365479570593,187.24319757319878,2466800,Goldman Sachs
2017-09-19,189.40267944335938,190.4203915694037,188.09536837988617,188.65800187223863,1858000,Goldman Sachs
2017-09-20,190.13084411621094,191.66982969624206,189.06348905479504,189.8909003854506,2682300,Goldman Sachs
2017-09-21,191.37193298339844,192.04214666796585,189.80812630332727,190.2135623408617,1800800,Goldman Sachs
2017-09-22,191.1568145751953,191.53742929436888,189.3778854890177,190.8341247019954,1861800,Goldman Sachs
2017-09-25,190.5197296142578,191.84359280150335,188.9476531265369,190.94171747565605,2261800,Goldman Sachs
2017-09-26,190.2549285888672,191.49604535782098,189.50198138563167,191.0161453587904,1770000,Goldman Sachs
2017-09-27,194.24305725097656,194.93809228455672,192.7123540392948,193.67215410328694,3072100,Goldman Sachs
2017-09-28,194.83055114746094,195.4345578964923,193.20054978167755,194.44166680382966,2121800,Goldman Sachs
2017-09-29,196.25367736816406,196.59291901239507,194.08586392264712,194.44991426918233,1902300,Goldman Sachs
2017-10-02,199.11643981933594,199.4887848466034,196.1791410507264,196.26187457044983,2501300,Goldman Sachs
2017-10-03,199.91905212402344,200.82093975590882,198.32215487153672,199.4639861507096,2010800,Goldman Sachs
2017-10-04,198.83517456054688,200.96162730959793,198.67796441953004,199.91908116403044,1840400,Goldman Sachs
2017-10-05,203.59278869628906,203.80792367880184,198.67796436926417,199.40609023261374,3521300,Goldman Sachs
2017-10-06,203.5596923828125,204.43674617196254,202.3930396442825,203.7913664921996,2396100,Goldman Sachs
2017-10-09,200.89541625976562,203.83272817015424,200.25003661611072,202.83982475657007,2165200,Goldman Sachs
2017-10-10,200.72994995117188,201.6649159650589,199.98527234132652,200.8954296560401,2187100,Goldman Sachs
2017-10-11,200.564453125,201.22638455492674,199.69568153759377,200.23349372268257,2175700,Goldman Sachs
2017-10-12,198.41319274902344,201.40841701839935,197.54440853199188,200.50654191108777,2148200,Goldman Sachs
2017-10-13,197.3623809814453,198.12359772588349,195.96405411519228,197.75126523272132,2491000,Goldman Sachs
2017-10-16,200.57276916503906,200.86235553461424,197.2134814259674,197.4203342436471,2969200,Goldman Sachs
2017-10-17,195.34352111816406,202.62474272283004,194.59885603513996,202.252410181318,7088400,Goldman Sachs
2017-10-18,200.25830078125,200.77129160588683,195.98885661891157,195.98885661891157,4235900,Goldman Sachs
2017-10-19,198.5703887939453,199.3977998704437,197.00658236437508,198.86825728649637,2710900,Goldman Sachs
2017-10-20,202.4923095703125,202.92256686592523,199.13302261390382,201.01951886159432,3022800,Goldman Sachs
2017-10-23,200.341064453125,202.98877759040377,199.72050609476474,202.2110090945455,1963300,Goldman Sachs
2017-10-24,202.58334350585938,203.74999626071167,201.0609100156464,201.55736175715998,2285300,Goldman Sachs
2017-10-25,199.9936065673828,203.95690145016886,199.24065919524435,203.67558461617057,2904300,Goldman Sachs
2017-10-26,200.00181579589844,201.88831212871722,199.84460566394824,200.7382111834874,1948800,Goldman Sachs
2017-10-27,199.9936065673828,200.59761332868393,198.30568031280214,199.2820322885489,2111500,Goldman Sachs
2017-10-30,199.31509399414062,200.72169058340197,198.18981419767283,198.66144466673285,1764400,Goldman Sachs
2017-10-31,200.6306915283203,202.0372882345703,199.09998817530803,199.14134864069902,2658700,Goldman Sachs
2017-11-01,202.10348510742188,204.70155615530018,200.98648739712056,201.79734695816293,2969600,Goldman Sachs
2017-11-02,204.27125549316406,204.98282954098858,201.37531665613494,202.4592231722335,2509100,Goldman Sachs
2017-11-03,202.2192840576172,203.7748210908472,201.21812361624106,203.02187389920567,1954600,Goldman Sachs
2017-11-06,201.46632385253906,202.3681988792482,199.960429660897,201.47459341804702,1744800,Goldman Sachs
2017-11-07,198.42144775390625,202.69916149399555,197.61885800162563,201.81383820944032,2483900,Goldman Sachs
2017-11-08,199.61293029785156,200.49826624573743,196.5515117157511,197.91673499720528,2349800,Goldman Sachs
2017-11-09,199.23236083984375,200.53967220538806,196.79150003642067,198.17327538869546,2122400,Goldman Sachs
2017-11-10,198.7027587890625,201.32566293021648,198.5786521815653,199.97697887739034,1845600,Goldman Sachs
2017-11-13,198.80209350585938,199.3233539791426,196.2288441565928,196.8990452117377,1953900,Goldman Sachs
2017-11-14,196.29501342773438,199.306789319337,194.96288105498948,198.2890645786229,3000200,Goldman Sachs
2017-11-15,196.60118103027344,197.047977535174,193.24189348787533,194.4168159084736,2564100,Goldman Sachs
2017-11-16,198.05740356445312,199.14959234606226,197.0893340309135,197.2382746035385,2304300,Goldman Sachs
2017-11-17,196.9404296875,197.81748359435645,196.19575198570757,197.6354521089379,2826400,Goldman Sachs
2017-11-20,197.0314483642578,197.56926063581622,196.18748533977623,197.56926063581622,2000700,Goldman Sachs
2017-11-21,196.9404296875,198.2394587876665,196.54326319642655,198.09053082248428,2223800,Goldman Sachs
2017-11-22,195.62481689453125,197.70989657834966,195.566904677774,196.8742158416201,2177200,Goldman Sachs
2017-11-24,195.2277069091797,197.38725105319708,194.8967474169215,196.44400261243635,1268500,Goldman Sachs
2017-11-27,194.5326385498047,195.99715983972166,194.2761431099651,195.0621811877842,1999600,Goldman Sachs
2017-11-28,198.0904998779297,198.57866941015965,193.88724986037963,195.3434888909491,3212900,Goldman Sachs
2017-11-29,200.33154296875,202.91287881284165,199.53472648812755,200.24024121227208,4500000,Goldman Sachs
2017-11-30,205.54405212402344,208.15858334371785,202.52281070050006,202.58091758603447,6364600,Goldman Sachs
2017-12-01,206.63133239746094,208.0672485517304,202.5310741165713,207.3202433689233,4765400,Goldman Sachs
2017-12-04,208.04232788085938,211.5698759160642,207.51112115392132,211.56158036242846,3326100,Goldman Sachs
2017-12-05,206.11671447753906,208.623352232776,205.35310557603643,208.16684346965818,2526800,Goldman Sachs
2017-12-06,204.14129638671875,205.90922467898415,203.46069364087336,204.38200677931144,2331400,Goldman Sachs
2017-12-07,206.3076171875,207.07122610251548,202.8547669644115,203.03737047289002,2667000,Goldman Sachs
2017-12-08,207.7933807373047,208.06727338271025,205.1788369555199,207.9178773943072,1959100,Goldman Sachs
2017-12-11,207.6107635498047,208.66486894972186,206.47363927572607,207.50285801084885,1494200,Goldman Sachs
2017-12-12,213.87730407714844,214.30892616102187,208.07553323988068,208.17513054233316,3464200,Goldman Sachs
2017-12-13,212.11767578125,216.21793343595021,212.11767578125,213.98520111802884,3482300,Goldman Sachs
2017-12-14,212.0513153076172,215.42945522150046,212.0513153076172,213.4208417578152,3353200,Goldman Sachs
2017-12-15,213.45404052734375,214.9480508988797,211.45369737085954,213.06393416045174,5283400,Goldman Sachs
2017-12-18,215.81954956054688,217.46298120907218,215.10575193326858,215.802958451751,2575600,Goldman Sachs
2017-12-19,212.88133239746094,217.29697378240152,212.63231378019233,217.13098670082678,2195500,Goldman Sachs
2017-12-20,211.80230712890625,215.04765480618062,211.2794085488245,214.86505128139999,2052400,Goldman Sachs
2017-12-21,216.6412353515625,217.5376363186703,212.71527318549562,212.98916574129933,3337800,Goldman Sachs
2017-12-22,214.9480438232422,217.57919099076378,213.91052961884571,217.18077641749835,2100600,Goldman Sachs
2017-12-26,213.91049194335938,215.13891766378265,212.48287163635533,214.30059822870155,1289300,Goldman Sachs
2017-12-27,212.44142150878906,214.1263563518279,212.0845226755384,214.1263563518279,1567900,Goldman Sachs
2017-12-28,212.8979034423828,213.31290910211456,211.735892661121,213.29631799450198,1301000,Goldman Sachs
2017-12-29,211.45370483398438,213.02242591143911,209.91819130571773,212.37501801693202,2519300,Goldman Sachs
2018-01-02,212.20899963378906,214.06822961103666,210.75647977608668,213.9520158640511,2258300,Goldman Sachs
2018-01-03,210.23358154296875,212.59913175953187,210.17548733086045,212.0513085319879,2988200,Goldman Sachs
2018-01-04,213.17181396484375,215.57055903824678,211.08850260209633,211.8438033409693,2583200,Goldman Sachs
2018-01-05,212.08450317382812,213.71961387751477,210.56558088728735,213.46231238604582,2594700,Goldman Sachs
2018-01-08,209.0051727294922,211.80230714986573,208.847468533987,211.44540832001223,2940500,Goldman Sachs
2018-01-09,210.7730712890625,212.15089308495942,209.6774502952262,209.8268589148254,2637300,Goldman Sachs
2018-01-10,211.09678649902344,211.77738921486775,209.4533675851867,211.6528925793377,2927200,Goldman Sachs
2018-01-11,211.76080322265625,212.39160729952798,209.9679756379029,212.27540621523664,2422400,Goldman Sachs
2018-01-12,213.33779907226562,213.5618929999161,210.8975638736682,212.27538564314344,2849200,Goldman Sachs
2018-01-16,214.52467346191406,217.272008325695,212.81485252946823,215.18038935889822,4445500,Goldman Sachs
2018-01-17,210.5323486328125,217.46294764078604,206.53999654412252,216.61634528401387,8608100,Goldman Sachs
2018-01-18,208.30796813964844,211.271102338187,208.000867965492,211.22961189895338,4984500,Goldman Sachs
2018-01-19,212.58250427246094,212.59912071072665,207.71863722367115,208.3328501859985,4643400,Goldman Sachs
2018-01-22,217.0645751953125,218.18509566671472,211.810614106208,212.02641251378788,5264700,Goldman Sachs
2018-01-23,215.87765502929688,216.01876810792183,213.188426285543,214.14293429879442,4003600,Goldman Sachs
2018-01-24,220.5174102783203,220.60041647964238,216.05194514451807,216.41715216638613,4314000,Goldman Sachs
2018-01-25,223.29798889160156,224.51810678826962,219.96135183925682,221.0735641900384,5055000,Goldman Sachs
2018-01-26,222.5592498779297,223.27304746237715,220.82450391027646,222.01972225022456,3535400,Goldman Sachs
2018-01-29,226.16148376464844,227.24879652020502,223.11533120744585,223.3062429215266,3881100,Goldman Sachs
2018-01-30,223.2232666015625,225.7630994439115,221.70433156392113,224.42679325630837,3970400,Goldman Sachs
2018-01-31,222.3517303466797,224.10304196067085,221.05688946736794,222.8995154922419,3710200,Goldman Sachs
2018-02-01,225.95408630371094,226.25287834688177,220.78310447486126,220.90760115951576,3388200,Goldman Sachs
2018-02-02,215.8362274169922,225.55565633445687,215.26351737635275,224.103136008476,5913900,Goldman Sachs
2018-02-05,206.76417541503906,218.54202853926205,200.44778708357077,213.73627995605892,6528500,Goldman Sachs
2018-02-06,214.7239532470703,214.7654436839233,200.95405488462646,202.69708384138195,6739900,Goldman Sachs
2018-02-07,213.39590454101562,217.42146430343917,212.20068627485412,212.39988087590302,4125000,Goldman Sachs
2018-02-08,204.47328186035156,214.790315888957,204.2242759458347,214.08480124198704,4166200,Goldman Sachs
2018-02-09,206.9218292236328,208.88895204311268,198.61340761956438,207.18742626617282,5978600,Goldman Sachs
2018-02-12,210.1256561279297,212.60738171935722,206.52341025614797,208.45732536984826,3692500,Goldman Sachs
2018-02-13,212.09278869628906,212.81489448205954,207.98423525126842,209.17114534351032,2700500,Goldman Sachs
2018-02-14,217.94442749023438,218.05233304741478,211.2213413541772,211.65295091792737,3793800,Goldman Sachs
2018-02-15,222.1774444580078,222.44305418397968,218.218299216869,220.58383676205185,3523100,Goldman Sachs
2018-02-16,222.12767028808594,223.50549239727692,220.70004951602758,220.7747475103286,2602500,Goldman Sachs
2018-02-20,219.86172485351562,223.14856279972582,218.55029269880745,221.52174760027955,2618400,Goldman Sachs
2018-02-21,218.62498474121094,224.10306472264048,218.40089079526533,219.0566068547989,3017900,Goldman Sachs
2018-02-22,216.98988342285156,221.0486514993072,216.40058239624867,219.45501839856698,2678900,Goldman Sachs
2018-02-23,221.422119140625,221.59643976200965,217.7949735870363,218.29298546396797,2507100,Goldman Sachs
2018-02-26,225.1488800048828,225.58047677487565,221.42211193326625,222.02802931896954,2751400,Goldman Sachs
2018-02-27,222.38494873046875,226.69270993076034,222.38494873046875,224.93308981232482,3140600,Goldman Sachs
2018-02-28,218.84747314453125,224.3076295721885,218.5478424947269,224.01633046300265,3104300,Goldman Sachs
2018-03-01,213.7285614013672,219.36350189312566,213.24581470648545,218.58109917301266,3483500,Goldman Sachs
2018-03-02,214.84393310546875,215.77615130083265,209.8332476048674,212.24703230380052,3122800,Goldman Sachs
2018-03-05,219.0056610107422,220.19590309424675,213.27914822160045,213.46226434221987,2445800,Goldman Sachs
2018-03-06,222.17686462402344,222.95926750455786,219.08055386730288,220.37900430711716,2217300,Goldman Sachs
2018-03-07,220.86170959472656,221.76062678034322,217.19941394056784,218.64767928446335,2509400,Goldman Sachs
2018-03-08,221.68577575683594,223.15070455309979,218.59779668843186,221.8023157297389,2565400,Goldman Sachs
2018-03-09,225.37301635742188,225.63937163622646,222.2683999549224,223.65008938755395,4410600,Goldman Sachs
2018-03-12,227.54544067382812,229.15185308901613,225.3730169394593,225.56446455928904,3065600,Goldman Sachs
2018-03-13,223.50860595703125,228.91882435097224,222.60135699755676,228.3445068278399,2288100,Goldman Sachs
2018-03-14,220.09597778320312,225.38134949213855,219.66316950286193,225.06505577145023,2478700,Goldman Sachs
2018-03-15,221.91049194335938,223.89979975449495,220.86175922465117,221.16972142780514,2255200,Goldman Sachs
2018-03-16,222.73452758789062,224.60729543408752,220.84509665972888,221.4111080247029,4114400,Goldman Sachs
2018-03-19,218.51454162597656,222.6512785462227,215.9675794997365,222.2267763915032,2426900,Goldman Sachs
2018-03-20,219.06387329101562,220.27077814091484,217.98183993671992,219.14711248773912,1514800,Goldman Sachs
2018-03-21,217.94859313964844,221.81064389366412,216.6667803156454,218.91411217841306,2817600,Goldman Sachs
2018-03-22,210.24940490722656,217.09125100077443,209.8998104056413,215.0936370802505,4489300,Goldman Sachs
2018-03-23,204.13999938964844,211.40634725450977,203.8653252679045,211.10670391265447,3634200,Goldman Sachs
2018-03-26,212.14715576171875,212.54667603174548,206.79519456934685,208.62634289919967,3787200,Goldman Sachs
2018-03-27,205.8046875,213.96163407596663,204.4313295537614,212.9877963630943,2981500,Goldman Sachs
2018-03-28,207.56088256835938,209.10903742187668,203.3991773385297,207.06980439936342,2660200,Goldman Sachs
2018-03-29,209.63348388671875,210.5657020943863,206.69532006385464,208.74287258434165,3073900,Goldman Sachs
2018-04-02,205.87960815429688,210.2493996082648,202.89982502924312,209.13405270857172,3429900,Goldman Sachs
2018-04-03,208.56809997558594,208.826123765675,204.67273579787275,206.92838647670644,2488200,Goldman Sachs
2018-04-04,210.2660369873047,210.7654468043934,203.51574911910885,204.51456875328626,2853200,Goldman Sachs
2018-04-05,212.92123413085938,214.74406368022835,210.91528847238806,211.8308690178997,1924800,Goldman Sachs
2018-04-06,208.0603790283203,212.53004824465077,205.3219687330046,209.31720995958707,3621900,Goldman Sachs
2018-04-09,209.90814208984375,214.32787209989834,207.39446795606065,209.31717421349504,3256700,Goldman Sachs
2018-04-10,213.55380249023438,216.3171815608301,213.0377422743344,214.71074362938708,3113900,Goldman Sachs
2018-04-11,210.53236389160156,212.10548809266007,207.91048175615907,210.24103942082434,3322000,Goldman Sachs
2018-04-12,216.0674591064453,217.01634031106386,212.3385739132072,213.30408009770642,3059100,Goldman Sachs
2018-04-13,213.0127716064453,218.4895785665765,211.8641366149576,218.0234694977176,3026200,Goldman Sachs
2018-04-16,214.64414978027344,216.9580572685393,213.62869251414025,214.01989388882362,3257400,Goldman Sachs
2018-04-17,211.1067352294922,218.2815134176029,210.03300780334465,217.7404966342404,10134400,Goldman Sachs
2018-04-18,211.4147186279297,213.92838054755518,209.95812115706795,212.16382081844975,4524800,Goldman Sachs
2018-04-19,211.55618286132812,213.2125465904848,210.4408485876745,211.41468636695595,3990000,Goldman Sachs
2018-04-20,209.71670532226562,212.81300306392922,209.3171723809701,211.49791507551978,2930600,Goldman Sachs
2018-04-23,205.31361389160156,210.37425019787185,204.91409364915165,209.46700128668624,3775900,Goldman Sachs
2018-04-24,201.8344268798828,207.377809749115,199.79518073178204,207.10314832314884,4705100,Goldman Sachs
2018-04-25,199.12100219726562,201.80947369411896,197.68937416999688,201.5847379908621,5041400,Goldman Sachs
2018-04-26,199.83677673339844,201.1435583898826,198.1055056773043,199.15426361830882,2891100,Goldman Sachs
2018-04-27,199.59544372558594,201.36832203554198,198.94621853593665,199.76190944335136,2136800,Goldman Sachs
2018-04-30,198.37188720703125,202.31718921612196,198.2803291635549,200.56926754994421,2790500,Goldman Sachs
2018-05-01,196.99024963378906,198.0140260621112,194.7346114144479,197.68941340432502,3269800,Goldman Sachs
2018-05-02,194.8094940185547,198.02233211301782,194.28511490789612,196.93196698493554,3710900,Goldman Sachs
2018-05-03,194.27679443359375,194.76787277408715,189.27441487204558,193.4777411621888,4511400,Goldman Sachs
2018-05-04,195.55029296875,197.09011695749797,193.33626176921783,193.3612309954852,2622300,Goldman Sachs
2018-05-07,197.43136596679688,198.2387380935118,195.83327209653712,196.43255888544965,1979400,Goldman Sachs
2018-05-08,197.26490783691406,200.31128034783714,196.43256645363593,198.2970157243667,3267000,Goldman Sachs
2018-05-09,201.2018585205078,201.46821383226464,197.47297305955422,198.0805786512841,2434000,Goldman Sachs
2018-05-10,202.62518310546875,204.27321544533538,199.8951044553886,201.51816757044827,2599000,Goldman Sachs
2018-05-11,202.1923065185547,203.8486699455279,201.18518085984363,202.62512746389018,1540100,Goldman Sachs
2018-05-14,203.016357421875,204.65607070111318,202.67509446110532,202.7583336663485,1928500,Goldman Sachs
2018-05-15,201.06028747558594,203.04958193330188,200.31950450264188,202.25886053304944,2165700,Goldman Sachs
2018-05-16,200.56094360351562,201.29339523215882,200.2529687193803,200.81896734660168,1965200,Goldman Sachs
2018-05-17,199.0128173828125,201.79283438107268,198.74646206056153,200.1115013357957,2462700,Goldman Sachs
2018-05-18,197.26490783691406,198.71318641600575,197.15669939292098,198.18048843872862,2699000,Goldman Sachs
2018-05-21,197.84750366210938,199.82016097199718,197.53122263772673,199.01278897986754,1951700,Goldman Sachs
2018-05-22,198.0972137451172,200.34453253741592,198.08056336428731,198.67985006896956,2551500,Goldman Sachs
2018-05-23,197.93905639648438,197.98899483581013,195.0841322105333,197.16498518589776,3114000,Goldman Sachs
2018-05-24,196.5157928466797,197.40639146439165,194.4765464303213,196.93196351115762,2308700,Goldman Sachs
2018-05-25,195.60855102539062,196.5324505024482,195.00094534964782,195.60023218344313,1985600,Goldman Sachs
2018-05-29,188.96646118164062,193.4944002896849,187.29345959157075,192.70367852424457,5323600,Goldman Sachs
2018-05-30,191.41380310058594,191.83979361618137,189.0081796115052,191.23003948709058,3348600,Goldman Sachs
2018-05-31,188.67405700683594,190.536737775065,187.1788906930999,189.89356517520088,5334900,Goldman Sachs
2018-06-01,190.7372283935547,192.32426390962038,190.5200462576887,190.77898242390074,3330900,Goldman Sachs
2018-06-04,192.0236053466797,193.07605951415985,191.23843566416744,192.4078419290233,2133600,Goldman Sachs
2018-06-05,190.7288818359375,191.56416643300696,189.85183045992827,191.23005769235178,1986200,Goldman Sachs
2018-06-06,193.97816467285156,194.27051941958254,191.5809016332172,191.9901957295539,2566400,Goldman Sachs
2018-06-07,194.99716186523438,197.06031557753687,194.23704991955876,195.364689080525,2905000,Goldman Sachs
2018-06-08,194.94708251953125,195.68213708466206,194.0783920979121,194.62132201824502,2253100,Goldman Sachs
2018-06-11,195.53175354003906,196.42551410938515,195.11411127296455,195.9744533235036,1936800,Goldman Sachs
2018-06-12,194.31227111816406,196.4840035487237,193.66909837255048,195.55683708260676,2080000,Goldman Sachs
2018-06-13,195.3146209716797,198.98986851664813,194.70486671551606,195.16426309956242,3637400,Goldman Sachs
2018-06-14,195.1642303466797,197.03527233026898,194.27883076141816,197.01856307051946,2899600,Goldman Sachs
2018-06-15,193.71917724609375,194.74657359930302,191.9817839787449,193.36835929000836,4738100,Goldman Sachs
2018-06-18,193.27650451660156,193.51038318670038,191.40546241037947,192.28251379596583,2327500,Goldman Sachs
2018-06-19,190.71217346191406,191.31356660861152,188.90795578552965,190.62863990922878,3326600,Goldman Sachs
2018-06-20,190.29452514648438,192.0653242473901,189.57617995066656,192.04861498829752,2678300,Goldman Sachs
2018-06-21,189.5928955078125,190.80405563235811,187.579869302304,189.10008065123827,3094600,Goldman Sachs
2018-06-22,188.791015625,192.53308680193084,188.42348838749749,190.26111182957948,2731800,Goldman Sachs
2018-06-25,185.04896545410156,188.0559954499164,184.088393154417,187.52141375570852,3817700,Goldman Sachs
2018-06-26,185.08236694335938,186.10141519561856,183.02756117778202,185.2494213176541,2692900,Goldman Sachs
2018-06-27,183.91297912597656,188.33164232636585,183.87957334596751,184.9988517850501,3104200,Goldman Sachs
2018-06-28,186.61929321289062,187.6550507574744,183.4118032460554,183.97144242682361,3072600,Goldman Sachs
2018-06-29,184.2387237548828,188.08102513029522,184.1384809395722,187.4378524425622,3393700,Goldman Sachs
2018-07-02,186.4856414794922,186.55246577919138,182.83545173326783,183.55379702324433,1723200,Goldman Sachs
2018-07-03,184.08004760742188,187.6383558670242,183.75428708186274,187.48801073773527,1204400,Goldman Sachs
2018-07-05,184.38070678710938,185.55009999952108,183.5788280518627,185.01551842450002,2218200,Goldman Sachs
2018-07-06,185.25778198242188,186.43553643003793,183.6623979438157,184.21367614136494,1846400,Goldman Sachs
2018-07-09,190.43655395507812,190.61195659599034,186.2684789191592,186.56918190615542,2743900,Goldman Sachs
2018-07-10,189.48434448242188,191.17161044591782,188.64905975954665,190.44491681555505,2524800,Goldman Sachs
2018-07-11,188.49034118652344,189.81844074936436,188.1061046313617,188.57386200604032,2527000,Goldman Sachs
2018-07-12,189.7933807373047,190.27784736769948,188.5822205340339,190.144198763708,2223100,Goldman Sachs
2018-07-13,189.11680603027344,190.96277802169791,187.0452908627974,189.300569678121,2541500,Goldman Sachs
2018-07-16,193.31826782226562,193.31826782226562,189.39243279279987,189.7766565673017,3271200,Goldman Sachs
2018-07-17,192.9674835205078,194.8134556519311,189.50104421451718,193.351707362105,9280200,Goldman Sachs
2018-07-18,193.15122985839844,195.2227322517501,192.2407598901523,194.07003533947767,6149900,Goldman Sachs
2018-07-19,191.80642700195312,193.77769937563517,191.26348430744252,193.04264477158776,4638500,Goldman Sachs
2018-07-20,193.527099609375,193.8278025885489,191.1131275179682,191.2885301543176,2683500,Goldman Sachs
2018-07-23,195.25616455078125,196.17498290209085,193.55218921659298,193.61901352809133,2788500,Goldman Sachs
2018-07-24,197.0269317626953,198.36337944990598,195.74058636582694,196.08305610418824,2887400,Goldman Sachs
2018-07-25,197.70346069335938,197.8371092522184,195.41477691825378,196.30017631619572,2181500,Goldman Sachs
2018-07-26,198.05430603027344,199.08170238475395,197.48630594917302,197.96242422651144,1885500,Goldman Sachs
2018-07-27,198.49708557128906,199.4660190285022,197.11887070635152,198.76438283345888,1998200,Goldman Sachs
2018-07-30,199.59129333496094,200.24281443622831,197.87060874723255,198.79777535217983,2454100,Goldman Sachs
2018-07-31,198.32162475585938,200.05067006799138,197.5865829440065,200.05067006799138,2503700,Goldman Sachs
2018-08-01,197.16058349609375,199.96714043443893,196.943414075099,199.21538934639904,2510500,Goldman Sachs
2018-08-02,195.4482421875,196.4672903880865,194.42919398691353,195.3981144068648,2579700,Goldman Sachs
2018-08-03,195.53175354003906,196.726217051496,195.03059046680795,195.82410822516343,3053100,Goldman Sachs
2018-08-06,197.0686798095703,197.9457311452616,195.4816442462667,195.57352605753783,2259600,Goldman Sachs
2018-08-07,198.6557159423828,200.01723376810574,197.53643776126867,198.17124939859534,2399500,Goldman Sachs
2018-08-08,197.43621826171875,199.76666945013696,197.31927892668415,198.8979663223671,2522400,Goldman Sachs
2018-08-09,195.27284240722656,197.83717237361157,194.94708190696397,197.41953005299632,2951900,Goldman Sachs
2018-08-10,191.78970336914062,193.33498502447443,190.53677643090194,192.92569096962765,3863400,Goldman Sachs
2018-08-13,189.49266052246094,192.02357178281545,189.25043360200286,191.68946304864616,2662700,Goldman Sachs
2018-08-14,191.74794006347656,192.42451858311674,189.86020136401106,189.90196814512893,2359000,Goldman Sachs
2018-08-15,191.48898315429688,193.40177916647457,190.70381363775405,191.5725167074983,3218500,Goldman Sachs
2018-08-16,194.62132263183594,194.86354957132744,192.49134423420364,192.6751078760657,2438300,Goldman Sachs
2018-08-17,194.938720703125,195.22271440337977,193.48532093554795,194.21201444662083,2107200,Goldman Sachs
2018-08-20,196.94342041015625,197.11047479671294,195.52343900627542,195.5652057892728,2604900,Goldman Sachs
2018-08-21,199.34068298339844,200.07573757738538,196.53412596005052,196.53412596005052,2437300,Goldman Sachs
2018-08-22,199.9170379638672,200.1926834455942,198.44694147342275,198.70587769235124,1870900,Goldman Sachs
2018-08-23,197.41119384765625,199.86693304062493,196.99355147457814,199.67482111773043,2064700,Goldman Sachs
2018-08-24,196.3837432861328,198.6306606759537,196.04127357528668,198.26313344923398,1948100,Goldman Sachs
2018-08-27,202.64007568359375,203.517114432485,197.5949488992594,197.95412795207727,4106900,Goldman Sachs
2018-08-28,202.4479217529297,204.7115485970596,201.79640079315857,203.024270158596,2951000,Goldman Sachs
2018-08-29,202.30543518066406,203.47032514973452,201.3919629807565,202.85017581179017,1911700,Goldman Sachs
2018-08-30,200.62936401367188,202.07081246734904,200.02596639177722,201.80264285075188,1963700,Goldman Sachs
2018-08-31,199.29681396484375,200.5874190682139,198.71855699662547,200.24381524831065,1965500,Goldman Sachs
2018-09-04,199.17115783691406,199.55665404700943,196.5983357216633,199.25495524501977,2083500,Goldman Sachs
2018-09-05,199.08734130859375,200.67125677174812,197.92245123556106,198.62641082193187,2092000,Goldman Sachs
2018-09-06,196.53964233398438,199.98403102251814,196.00329042862904,198.61800436878147,2651400,Goldman Sachs
2018-09-07,196.0284881591797,197.47831262877014,194.99767634996186,196.9838656691471,1952900,Goldman Sachs
2018-09-10,194.35238647460938,197.3609861239834,194.20991935672268,196.95033658115102,1948100,Goldman Sachs
2018-09-11,192.9276885986328,194.1344710609577,191.62870724519345,193.31318482214687,2719400,Goldman Sachs
2018-09-12,191.2012939453125,194.41941888807838,190.4889584042161,193.5143224467668,3577700,Goldman Sachs
2018-09-13,191.35214233398438,192.62598314141107,190.71522832409127,192.33266024384793,3003600,Goldman Sachs
2018-09-14,192.11477661132812,193.21262115111168,191.71250300637413,191.9806854096768,2228300,Goldman Sachs
2018-09-17,190.9833984375,192.88577735532596,190.4889515290011,192.24885055610923,1918800,Goldman Sachs
2018-09-18,191.82147216796875,192.24887352827156,189.87720070746187,191.36893030339178,2498100,Goldman Sachs
2018-09-19,197.42796325683594,198.0145961233921,192.3493786315053,192.66782916612868,3716500,Goldman Sachs
2018-09-20,198.95321655273438,199.88345327338584,197.80509126952632,198.61800141224145,2503000,Goldman Sachs
2018-09-21,197.22683715820312,199.8918448782373,196.79943592969755,199.50633595217568,3760300,Goldman Sachs
2018-09-24,195.18203735351562,197.5621114800694,194.62893351252967,196.72406063220092,2057000,Goldman Sachs
2018-09-25,194.84681701660156,196.64024527247454,194.62053971307512,196.64024527247454,2003200,Goldman Sachs
2018-09-26,191.81307983398438,195.26584519342822,191.2767278093364,195.23232878648065,2372700,Goldman Sachs
2018-09-27,190.85769653320312,192.62598425807295,190.67332433154726,191.72088784657345,2451500,Goldman Sachs
2018-09-28,187.92453002929688,190.57276103645364,187.5557856037375,189.18998222824723,3097800,Goldman Sachs
2018-10-01,188.83799743652344,190.73198773262445,188.56143912462372,189.58386217311076,2451300,Goldman Sachs
2018-10-02,189.45811462402344,189.67600318722015,187.69820316217076,188.7960474562938,2272700,Goldman Sachs
2018-10-03,190.89122009277344,192.5589458747438,189.88556163818936,190.86607959048192,2573900,Goldman Sachs
2018-10-04,190.63978576660156,193.92494325371652,188.88826272461208,192.13151511565783,2903600,Goldman Sachs
2018-10-05,189.15643310546875,191.4191674855735,187.8993570290062,191.07556362230702,1722400,Goldman Sachs
2018-10-08,188.85475158691406,190.17048468422738,186.466301708402,187.94126650263482,2522900,Goldman Sachs
2018-10-09,186.8099365234375,188.66202192408326,186.4914730768871,188.55308399840212,1862900,Goldman Sachs
2018-10-10,180.0887451171875,187.4216899924775,179.81218680451678,187.0864747703778,3955500,Goldman Sachs
2018-10-11,178.4796905517578,181.04412410679623,176.78682425417801,179.5104895167428,6217400,Goldman Sachs
2018-10-12,179.23391723632812,182.67830647303882,177.21422456375598,181.85702028455106,4161300,Goldman Sachs
2018-10-15,180.36526489257812,181.9743206326158,178.54669648658287,179.71996230089005,3333800,Goldman Sachs
2018-10-16,185.79580688476562,186.0472246106858,181.2703389687496,183.8263957382706,5924200,Goldman Sachs
2018-10-17,191.31021118164062,191.82979851927416,184.4130575585511,184.81531831066616,4953700,Goldman Sachs
2018-10-18,188.51951599121094,191.6873468424573,187.6060437314242,190.65654798772215,2995400,Goldman Sachs
2018-10-19,190.20401000976562,191.32699498212034,187.88260577650578,188.77931345848933,2759100,Goldman Sachs
2018-10-22,185.71205139160156,191.80467113951227,185.64500579705717,190.1788506378198,2736800,Goldman Sachs
2018-10-23,183.1643524169922,183.96888668687527,179.61102575974118,181.5133915738304,3318200,Goldman Sachs
2018-10-24,175.303466796875,183.47446240408263,174.64978817130967,182.8124078737529,4152700,Goldman Sachs
2018-10-25,179.35122680664062,180.75915864087304,176.27558225323898,177.05497605860523,3179700,Goldman Sachs
2018-10-26,177.9684295654297,180.01327511725117,175.59674478443264,176.60240296746224,3557900,Goldman Sachs
2018-10-29,179.7535400390625,182.87109037355737,177.70869382099147,179.4685930177923,3278200,Goldman Sachs
2018-10-30,183.76780700683594,184.66452764048952,180.21446645816175,181.0106250722065,3897400,Goldman Sachs
2018-10-31,188.87149047851562,191.91361874543327,185.54442803009238,185.95507749471358,4369600,Goldman Sachs
2018-11-01,190.21237182617188,191.8130517610203,188.95529575354226,189.19832483435613,2557600,Goldman Sachs
2018-11-02,192.4918975830078,194.167999246441,189.64251708258686,192.75169129481742,3699000,Goldman Sachs
2018-11-05,191.67897033691406,193.67353523241755,190.1956169151472,191.34375514886764,2565200,Goldman Sachs
2018-11-06,191.2431640625,192.34939710651938,190.27941088827836,191.23478815918662,2275600,Goldman Sachs
2018-11-07,193.8243865966797,195.0982273839897,190.15372002722972,192.79358770068743,3514300,Goldman Sachs
2018-11-08,194.13442993164062,196.1541350877126,193.25448697030276,193.5897021186564,2404800,Goldman Sachs
2018-11-09,186.59201049804688,194.16799709385486,186.29870038278227,194.16799709385486,3721700,Goldman Sachs
2018-11-12,172.68035888671875,186.3070594222738,171.90935373439805,186.04726573686176,11019400,Goldman Sachs
2018-11-13,171.84228515625,175.64702941019752,169.56278640747198,171.29754457125972,6984800,Goldman Sachs
2018-11-14,169.69691467285156,173.76145346594996,166.30280630377388,172.83960523910113,5742500,Goldman Sachs
2018-11-15,170.74452209472656,171.38143627635827,167.04033806278173,169.11870104441925,4260000,Goldman Sachs
2018-11-16,169.38685607910156,171.58255829166092,167.9035150858139,170.06567531122354,2829600,Goldman Sachs
2018-11-19,166.118408203125,169.53765654066285,165.3893081974663,169.14377169475472,3419100,Goldman Sachs
2018-11-20,160.35263061523438,164.16576416086426,159.52296854037425,163.5037096817993,5513800,Goldman Sachs
2018-11-21,161.40855407714844,163.621007196276,160.22689963720913,160.9811400780517,4111700,Goldman Sachs
2018-11-23,158.4753875732422,160.7967787331926,158.34129639636492,160.57889016149588,1862600,Goldman Sachs
2018-11-26,162.86679077148438,163.612655478246,159.80791044083773,160.2101712476785,3143300,Goldman Sachs
2018-11-27,162.28851318359375,163.1014233868253,160.53699028699745,162.0790005082792,2345400,Goldman Sachs
2018-11-28,166.2273712158203,166.311168618155,161.09849193521563,163.28580490209302,3762900,Goldman Sachs
2018-11-29,163.9554901123047,166.14323843091742,162.5334466435221,164.93997878159433,2665700,Goldman Sachs
2018-11-30,160.45506286621094,161.09455610031378,158.29254421554987,160.35409362909596,6220000,Goldman Sachs
2018-12-03,161.24603271484375,164.6370534237597,161.23761005161612,163.24025230709253,4017000,Goldman Sachs
2018-12-04,155.08663940429688,160.80846478113688,154.51446328632517,160.4550596189618,5797500,Goldman Sachs
2018-12-06,154.9015350341797,155.56628346556053,151.58624121945203,152.5791525348608,5275500,Goldman Sachs
2018-12-07,151.18234252929688,156.71904927390602,150.61857621492175,154.69958746601228,3921200,Goldman Sachs
2018-12-10,150.47549438476562,151.32534855456882,146.98349263479622,150.28196577964644,4528300,Goldman Sachs
2018-12-11,148.7674102783203,155.18762395039886,147.63145491399177,153.2691312582102,4713900,Goldman Sachs
2018-12-12,148.6832275390625,151.4599967133587,148.4981087381479,150.19783007408068,3677300,Goldman Sachs
2018-12-13,148.02696228027344,150.35776788636485,147.35380389692165,149.63412487116165,4008600,Goldman Sachs
2018-12-14,145.3763885498047,148.31302201511042,145.03980300287836,146.6974499081414,5078300,Goldman Sachs
2018-12-17,141.37109375,144.2488325606344,140.1257594152083,142.5407011570072,8395800,Goldman Sachs
2018-12-18,144.30776977539062,145.58676934744835,142.473426444961,142.8604838268739,5150800,Goldman Sachs
2018-12-19,142.4144744873047,147.1265685869081,141.02609626765872,144.3834514371594,5316100,Goldman Sachs
2018-12-20,141.70767211914062,144.4339440971593,140.6558664882571,141.69083963400772,6488200,Goldman Sachs
2018-12-21,134.67320251464844,142.73424282757557,134.14308834063755,141.57304524238023,8960000,Goldman Sachs
2018-12-24,131.5598602294922,134.63112769424725,129.8433061613126,133.7896831461582,3783500,Goldman Sachs
2018-12-26,137.09654235839844,137.24800904063034,127.64712448474229,132.10678277694427,7054700,Goldman Sachs
2018-12-27,139.18333435058594,139.18333435058594,133.8065046434404,134.73208586667107,4973000,Goldman Sachs
2018-12-28,137.1807098388672,139.63772648944314,136.33085542913565,139.37688072207138,4110500,Goldman Sachs
2018-12-31,140.56332397460938,140.62221842051727,137.81179651845082,137.81179651845082,4550000,Goldman Sachs
2019-01-02,144.75369262695312,144.93881143939973,137.44996071560087,138.27457270959331,3999400,Goldman Sachs
2019-01-03,142.63327026367188,144.53494328676862,141.60670681919285,143.60093926234674,4060200,Goldman Sachs
2019-01-04,147.29486083984375,148.09423053907327,143.9711576655164,145.5614872412511,3788300,Goldman Sachs
2019-01-07,148.1110382080078,149.63405042849567,144.9556218928241,147.4462899808662,3152100,Goldman Sachs
2019-01-08,147.5640869140625,149.86123916176413,145.48571840771615,149.5919708153027,2692700,Goldman Sachs
2019-01-09,148.48971557617188,149.51627891844907,147.17706417835495,148.17838521216834,3321400,Goldman Sachs
2019-01-10,148.0942840576172,149.83608094781152,147.67356165972623,147.80819590851422,2808700,Goldman Sachs
2019-01-11,148.87673950195312,148.96929889205256,145.08183018672,147.33690767304154,3182700,Goldman Sachs
2019-01-14,150.38299560546875,151.07297357284662,146.49552525710345,146.84893048518876,3361700,Goldman Sachs
2019-01-15,151.38427734375,151.4515944419317,148.43079904336267,150.04638372087595,2911800,Goldman Sachs
2019-01-16,165.8319091796875,166.73224825706092,156.17212842474092,157.35014577067605,15194200,Goldman Sachs
2019-01-17,167.523193359375,168.12062464272165,162.25575506771173,164.8810579704746,8177000,Goldman Sachs
2019-01-18,170.42620849609375,170.8132787179061,165.68888343783152,168.60869765292233,5650900,Goldman Sachs
2019-01-22,166.33676147460938,169.52584368161533,164.85582360873065,168.70964139683073,4648500,Goldman Sachs
2019-01-23,165.68040466308594,166.6817255983517,163.68618545416308,166.22735125129677,3410700,Goldman Sachs
2019-01-24,166.43772888183594,168.01963585107902,164.72117486829788,165.10824499744453,2631800,Goldman Sachs
2019-01-25,168.91160583496094,169.29025336444408,167.80089271975535,168.14588811215344,3275000,Goldman Sachs
2019-01-28,168.0533447265625,168.34785552173074,165.84876361340667,166.59764891943937,2369600,Goldman Sachs
2019-01-29,168.70965576171875,169.94658044956975,166.49665217852206,167.44748876100763,2694100,Goldman Sachs
2019-01-30,170.37571716308594,171.05728530738529,167.99442715067605,169.0462330127249,2773300,Goldman Sachs
2019-01-31,166.61444091796875,170.26632024637973,165.72251169470215,168.37306989303715,5604500,Goldman Sachs
2019-02-01,165.37745666503906,167.9859391243782,165.37745666503906,166.60597098935634,3174200,Goldman Sachs
2019-02-04,166.37042236328125,166.40407449692748,163.90498308251725,164.7548503203315,2400200,Goldman Sachs
2019-02-05,166.61444091796875,167.72515395485405,165.6467847620306,166.7070003377092,2601000,Goldman Sachs
2019-02-06,165.44480895996094,167.4979355381591,164.78007347247404,165.9160158127755,2063100,Goldman Sachs
2019-02-07,162.45770263671875,164.8221597272358,160.75798107991952,164.31728787015098,2948800,Goldman Sachs
2019-02-08,161.27972412109375,162.07909411740027,158.37674211375491,161.32179892920016,2757500,Goldman Sachs
2019-02-11,160.99362182617188,162.66810146204915,160.77485081843736,162.2978637263233,2056500,Goldman Sachs
2019-02-12,163.6525115966797,164.62857725694346,162.3987549286656,162.44082971285266,2392900,Goldman Sachs
2019-02-13,163.82081604003906,167.262320633351,163.74508912376714,164.85578908069047,2757300,Goldman Sachs
2019-02-14,162.00332641601562,163.34964290019425,159.40326570586402,161.73407082283524,2865000,Goldman Sachs
2019-02-15,167.02674865722656,167.35491152892067,162.48295307385803,162.57551249097307,3065400,Goldman Sachs
2019-02-19,167.16978454589844,167.49794740159604,164.59496631820565,165.4784856495222,2558200,Goldman Sachs
2019-02-20,167.1109161376953,167.69992483718835,166.19373169195612,167.22029521368398,2266000,Goldman Sachs
2019-02-21,165.22610473632812,167.8261661387127,164.1238140806561,167.42227622169884,2785900,Goldman Sachs
2019-02-22,164.92311096191406,166.39563873835974,164.24995283908282,165.4279827638933,2626600,Goldman Sachs
2019-02-25,167.1529541015625,169.551076195935,166.362007012614,166.6060202818617,3032200,Goldman Sachs
2019-02-26,167.3633575439453,168.76015892630463,165.38597006259798,167.001542460253,2499800,Goldman Sachs
2019-02-27,167.3634033203125,168.87566661691812,166.5354478992639,167.70133536352506,1804200,Goldman Sachs
2019-02-28,166.18052673339844,167.61675648778117,165.59758331225345,167.31261265463047,2964300,Goldman Sachs
2019-03-01,167.44778442382812,170.18507882193566,166.797252075666,167.91245038680105,2580500,Goldman Sachs
2019-03-04,165.57225036621094,169.6697421631051,164.02618684979342,167.96315648889325,2683600,Goldman Sachs
2019-03-05,165.5891571044922,165.74122259157178,163.05462918962752,165.4624358652592,2338600,Goldman Sachs
2019-03-06,164.52462768554688,166.9070767538114,164.34720509421558,165.50463515598173,2247500,Goldman Sachs
2019-03-07,162.86032104492188,163.43480785838588,160.5876922566803,163.16446491418984,3567800,Goldman Sachs
2019-03-08,164.94711303710938,165.39487869014442,160.27513338089238,160.8580640846579,3162700,Goldman Sachs
2019-03-11,165.56381225585938,168.09834016152695,165.36104538254676,166.62830933538055,2669000,Goldman Sachs
2019-03-12,166.12142944335938,166.77194906107025,165.32727521781422,165.58917440043507,1977400,Goldman Sachs
2019-03-13,166.64523315429688,168.0645627925888,166.02850155370174,167.06765453111385,1904500,Goldman Sachs
2019-03-14,166.8310546875,167.70124145822314,166.18052233274014,166.7043334650739,1482300,Goldman Sachs
2019-03-15,167.49850463867188,167.99697161588102,166.30728626049384,166.56918542797465,2985200,Goldman Sachs
2019-03-18,171.05526733398438,172.22115414550458,168.05607378731688,168.2757282032998,3354900,Goldman Sachs
2019-03-19,169.91473388671875,174.41774634061068,169.6274905062608,173.09135020656987,3284900,Goldman Sachs
2019-03-20,164.1697998046875,169.24729855842264,163.8740997749489,169.24729855842264,5033500,Goldman Sachs
2019-03-21,164.38946533203125,165.2089636388575,161.99855936267227,162.97012314106254,4031500,Goldman Sachs
2019-03-22,159.64146423339844,163.65446660514843,158.64454325653224,162.7758230772723,5703100,Goldman Sachs
2019-03-25,159.26124572753906,161.74508459499702,157.5631170426295,159.95402272486717,3751000,Goldman Sachs
2019-03-26,161.10304260253906,162.5561729522568,159.41335734856733,160.5454433748223,2910100,Goldman Sachs
2019-03-27,160.54547119140625,161.8803243202776,159.4556296859265,161.02703776003807,2343800,Goldman Sachs
2019-03-28,161.5170135498047,162.13375797331884,159.9202614380674,161.14529360807919,2343400,Goldman Sachs
2019-03-29,162.2012939453125,163.14751329018728,161.48317276240252,162.7842243616053,2632800,Goldman Sachs
2019-04-01,166.21434020996094,167.35487000197372,163.56997870785295,163.8994668110489,3562600,Goldman Sachs
2019-04-02,166.85643005371094,167.0760845106437,165.08225526118628,165.79193291296193,2247000,Goldman Sachs
2019-04-03,169.69509887695312,169.88940908111235,167.73505769860878,168.33490166528645,3227900,Goldman Sachs
2019-04-04,170.85252380371094,172.5928975828283,169.39094964327873,169.64440501401756,2582300,Goldman Sachs
2019-04-05,170.97923278808594,173.61513731703477,170.70887699472001,171.82407530544376,2447100,Goldman Sachs
2019-04-08,171.1144561767578,172.03534463224773,169.96546944547256,171.32566687816114,1891500,Goldman Sachs
2019-04-09,169.49229431152344,170.3117925489046,168.00537618671214,170.00764874027578,2400900,Goldman Sachs
2019-04-10,171.48611450195312,171.64663662782004,169.196598713468,170.48920661265495,1907100,Goldman Sachs
2019-04-11,171.35946655273438,173.57295056199834,170.29496926632888,172.54224131540715,2802100,Goldman Sachs
2019-04-12,175.5920867919922,177.391605695188,174.35016711109301,174.88242208612846,5096600,Goldman Sachs
2019-04-15,168.89248657226562,173.8179204571649,168.715063954827,172.4408228995637,6617200,Goldman Sachs
2019-04-16,170.52305603027344,171.4523882034143,168.3264726348234,168.64750411086345,4852600,Goldman Sachs
2019-04-17,175.64276123046875,176.1496719176768,170.47232894255336,170.62440730522547,4195300,Goldman Sachs
2019-04-18,173.96153259277344,175.60897298728725,173.31944400425323,174.95844061412436,2874300,Goldman Sachs
2019-04-22,172.8548126220703,173.6911986013258,172.46617932804108,173.29412152159355,1591400,Goldman Sachs
2019-04-23,172.46617126464844,173.35325859047535,171.28339675772943,172.5591044681403,2120900,Goldman Sachs
2019-04-24,169.4247283935547,171.94236860932986,168.7404079539485,171.50304685020586,4606100,Goldman Sachs
2019-04-25,170.15130615234375,171.13132672945886,168.20817835210545,168.71507621210313,2075300,Goldman Sachs
2019-04-26,171.5706329345703,171.60442096565694,169.2388720513509,170.43009029345689,1543100,Goldman Sachs
2019-04-29,174.8148651123047,175.72729685446387,171.73119414612927,171.9255043744394,2997000,Goldman Sachs
2019-04-30,173.9700164794922,175.71884714921447,172.47464121149045,174.83175968883114,1833000,Goldman Sachs
2019-05-01,172.9646759033203,176.0737043456971,172.37328847689182,174.37556193897078,1981800,Goldman Sachs
2019-05-02,173.18426513671875,174.22341778068636,171.60440092830328,172.7111425178269,1514700,Goldman Sachs
2019-05-03,175.3217315673828,176.36088430607253,173.75876767570546,174.04601105204662,1897600,Goldman Sachs
2019-05-06,174.4008026123047,174.86546848969215,170.41315852334958,171.33403360409022,1927800,Goldman Sachs
2019-05-07,171.19046020507812,172.34789044215321,169.82180642667637,171.79029123211083,2839500,Goldman Sachs
2019-05-08,169.7711639404297,171.6720603060283,169.64444267256786,170.1513406352937,1817600,Goldman Sachs
2019-05-09,170.34561157226562,170.84406559482932,167.20279617949436,168.55453655718952,2333400,Goldman Sachs
2019-05-10,170.70046997070312,170.74271468392317,168.1152533734663,169.7964820946453,2089400,Goldman Sachs
2019-05-13,164.71896362304688,167.19434626630533,163.89946526541777,167.19434626630533,3605600,Goldman Sachs
2019-05-14,165.82569885253906,167.38866276585094,164.659811979014,164.73585760779466,2463300,Goldman Sachs
2019-05-15,165.9270782470703,166.9324429840646,163.40945095773384,164.44015994093178,2271100,Goldman Sachs
2019-05-16,168.24197387695312,168.96853911078054,166.11296667459987,166.12142335197237,2008100,Goldman Sachs
2019-05-17,166.7972412109375,168.19968279282315,165.84257799422141,165.84257799422141,1928300,Goldman Sachs
2019-05-20,166.63674926757812,167.09295857259463,165.22586375548306,166.51001515026434,2483400,Goldman Sachs
2019-05-21,168.2165985107422,168.39402111615058,167.27882277649573,167.83642194632316,2327600,Goldman Sachs
2019-05-22,165.18359375,167.6843200968435,165.1329052673477,166.80568965123499,2427200,Goldman Sachs
2019-05-23,162.1844482421875,163.05463516018588,160.14837431545197,163.05463516018588,3184100,Goldman Sachs
2019-05-24,163.0546112060547,163.95859891713303,161.9394128586991,162.96167801044172,1637200,Goldman Sachs
2019-05-28,160.04696655273438,163.31650292888241,160.00472184913914,162.2097613075648,3040000,Goldman Sachs
2019-05-29,159.58871459960938,160.0978970836697,156.93243463240796,159.32563504043821,2815800,Goldman Sachs
2019-05-30,159.01165771484375,160.70895890349342,157.85749238858676,159.62268717870808,1919300,Goldman Sachs
2019-05-31,154.87025451660156,156.90701080132175,154.71749067308818,156.80517687189993,2640100,Goldman Sachs
2019-06-03,155.46432495117188,155.7189227529255,153.37663851605083,154.19983073707098,2857800,Goldman Sachs
2019-06-04,161.14173889160156,161.23509095172042,157.602868347895,158.00172211453682,2420800,Goldman Sachs
2019-06-05,159.919677734375,161.37935740617453,158.70610097205676,161.32844045589405,1967800,Goldman Sachs
2019-06-06,161.08233642578125,161.8715880612166,158.9607103457844,159.59719816978347,1653500,Goldman Sachs
2019-06-07,161.08233642578125,161.76125936125584,159.98758306622918,161.14174817172258,1838600,Goldman Sachs
2019-06-10,164.73997497558594,167.18409172944055,162.43164536347314,162.43164536347314,2372000,Goldman Sachs
2019-06-11,165.25772094726562,166.43734471500193,164.22236622169797,165.74145798516625,1632200,Goldman Sachs
2019-06-12,161.43028259277344,164.68061522840748,161.0993094496868,164.3072069747964,2059400,Goldman Sachs
2019-06-13,162.47412109375,163.15304402286242,161.3029923141433,161.59153035046828,1411400,Goldman Sachs
2019-06-14,162.65234375,163.08515080547065,160.65801006921032,162.33833428681274,1403900,Goldman Sachs
2019-06-17,161.9479522705078,163.98470798642225,161.87157684477086,162.95784828650883,1155600,Goldman Sachs
2019-06-18,165.46981811523438,167.29442387820873,161.8121376981408,161.8121376981408,2363000,Goldman Sachs
2019-06-19,166.02996826171875,167.70181063122038,165.30861022231346,165.78386533673944,2196800,Goldman Sachs
2019-06-20,166.08091735839844,168.1940619827262,164.30724073864678,167.60849100554017,2749300,Goldman Sachs
2019-06-21,166.2845916748047,168.32134782529147,164.61274904695006,165.7753961624931,3365500,Goldman Sachs
2019-06-24,167.5999755859375,169.1784658801997,166.36094027886767,166.78526548754698,2069800,Goldman Sachs
2019-06-25,166.38636779785156,167.62540287438847,164.64663217608327,167.6084262433742,1828300,Goldman Sachs
2019-06-26,167.192626953125,167.9224668863015,166.43732854141504,166.75981986867728,1649900,Goldman Sachs
2019-06-27,169.15298461914062,169.399087509299,166.98042896586304,167.66784658880738,2239200,Goldman Sachs
2019-06-28,173.6339111328125,174.68622954795512,172.22514808418867,172.70039032965695,4854900,Goldman Sachs
2019-07-01,175.55181884765625,178.08928815608073,174.60133456194308,176.51927976686494,2465700,Goldman Sachs
2019-07-02,174.8050537109375,175.0851099736754,173.26051629298482,174.31283479000857,1621400,Goldman Sachs
2019-07-03,174.85594177246094,176.01010696020631,174.1685369454543,175.9252496805858,978800,Goldman Sachs
2019-07-05,176.43441772460938,177.16425760621004,174.99171459569027,175.5518269826024,1511400,Goldman Sachs
2019-07-08,174.60984802246094,175.882823828214,173.72725716153246,175.12752536810902,1853900,Goldman Sachs
2019-07-09,176.3240966796875,176.4683656933088,172.7342961754175,172.91251845658348,1812100,Goldman Sachs
2019-07-10,174.7965087890625,177.35943640097514,174.52493446887578,175.8233684324997,1779800,Goldman Sachs
2019-07-11,179.36227416992188,180.41459241909695,174.8219891742378,174.99171667093916,3691600,Goldman Sachs
2019-07-12,181.5602569580078,181.77241954434757,178.88700060050095,179.91387321611109,2626000,Goldman Sachs
2019-07-15,179.5574951171875,182.12042354952243,178.03840329478936,181.7045800946365,2600200,Goldman Sachs
2019-07-16,182.90115356445312,184.43720884866298,180.380660623725,182.29012418795062,5283700,Goldman Sachs
2019-07-17,181.0171356201172,183.12178501780292,180.8983250803134,181.4669193029013,2583500,Goldman Sachs
2019-07-18,182.05250549316406,183.16423555554564,179.70174002614593,180.51645018869004,2858100,Goldman Sachs
2019-07-19,181.20382690429688,183.1132901975554,181.05955789828698,181.62815208057654,1822300,Goldman Sachs
2019-07-22,181.6112060546875,182.34104599886373,180.1769846452522,181.10201057758633,1907100,Goldman Sachs
2019-07-23,186.2193145751953,186.7030514241305,182.41736515383798,182.41736515383798,3330600,Goldman Sachs
2019-07-24,188.4258575439453,188.47677449881954,185.54045120646177,186.06661033933298,3180000,Goldman Sachs
2019-07-25,186.68609619140625,188.20518753557837,185.20095811212562,188.20518753557837,2776700,Goldman Sachs
2019-07-26,188.51919555664062,188.60406577468925,187.0170807529449,187.08497433750836,2304500,Goldman Sachs
2019-07-29,186.97467041015625,188.5107256285243,186.8728235521857,187.55174649135128,1372800,Goldman Sachs
2019-07-30,187.89117431640625,188.39188784312964,184.4371742725328,185.42161174450024,1644600,Goldman Sachs
2019-07-31,186.8134307861328,188.38342637492266,185.86293346086526,187.7554333191581,1991100,Goldman Sachs
2019-08-01,179.57443237304688,186.66065554417654,178.8615561853839,186.15147306656314,3070100,Goldman Sachs
2019-08-02,177.6819610595703,179.55748446804606,174.23644190719972,179.55748446804606,2503000,Goldman Sachs
2019-08-05,171.15582275390625,174.66924817586005,169.37366451383406,174.66924817586005,2794200,Goldman Sachs
2019-08-06,174.8304443359375,174.88137423161567,170.485358926472,172.75125368255073,2349400,Goldman Sachs
2019-08-07,174.6013641357422,174.78806828768492,168.92389003661864,170.6721080508284,2454200,Goldman Sachs
2019-08-08,175.67062377929688,176.34954665430962,172.73428784835193,175.81489278596337,2342200,Goldman Sachs
2019-08-09,175.58578491210938,176.77390339284656,173.00589306571217,174.49951329790224,1790100,Goldman Sachs
2019-08-12,171.0200653076172,173.25200748567872,170.13746146927792,172.51368563869448,1479300,Goldman Sachs
2019-08-13,173.21804809570312,175.33119242956082,169.9252801255261,171.01155169209156,2115900,Goldman Sachs
2019-08-14,165.9620819091797,169.6537165904533,165.53775667911967,169.56036452186498,3025100,Goldman Sachs
2019-08-15,166.48825073242188,167.15869188655668,164.392095887456,166.25912441841754,1981900,Goldman Sachs
2019-08-16,169.23789978027344,170.29871302201323,167.18416689819085,167.20962538004216,1878700,Goldman Sachs
2019-08-19,171.5970916748047,173.50655488991612,171.27461335960612,172.9634192044817,1646100,Goldman Sachs
2019-08-20,169.71310424804688,171.41889984851218,169.47548317076235,169.90830316461293,1545600,Goldman Sachs
2019-08-21,170.30718994140625,172.29304211404747,169.87438281306882,172.05542099071945,1160800,Goldman Sachs
2019-08-22,171.78382873535156,172.65793769445094,170.50237117137544,171.6650181860384,1275900,Goldman Sachs
2019-08-23,166.5052032470703,171.32554417622993,165.64807101845207,170.41748204694306,2200500,Goldman Sachs
2019-08-26,169.43304443359375,169.4839743342452,168.0327764760443,168.2619157061554,1441900,Goldman Sachs
2019-08-27,168.0922088623047,170.4599380329782,166.7598213765712,170.0101543089815,1513300,Goldman Sachs
2019-08-28,170.08651733398438,170.97760287382653,166.54764660089953,166.81922095373358,1437800,Goldman Sachs
2019-08-29,173.7329864501953,174.52717836427976,171.95671371329794,171.95671371329794,1816800,Goldman Sachs
2019-08-30,174.13438415527344,175.24455642123513,173.36579734161546,174.9371243019019,1529600,Goldman Sachs
2019-09-03,169.9157257080078,172.1702234182593,167.8747221484644,171.73470004184838,2633600,Goldman Sachs
2019-09-04,172.27268981933594,172.58867001108013,170.838015436432,172.0677437821487,1720600,Goldman Sachs
2019-09-05,176.81585693359375,178.42132407437362,175.09935563479863,175.2957796340853,2237900,Goldman Sachs
2019-09-06,176.9525146484375,177.84064466743226,175.55199340613606,176.8244103272858,1438800,Goldman Sachs
2019-09-09,181.0259246826172,182.6484877601299,178.0028537754165,178.66895436565812,2734500,Goldman Sachs
2019-09-10,184.1429901123047,185.38978873025496,182.0849032483564,182.32401566907697,2615800,Goldman Sachs
2019-09-11,185.14215087890625,185.18485231997008,182.20446895055963,183.7843310553688,1886300,Goldman Sachs
2019-09-12,186.7988739013672,188.52389750734324,183.73308754902308,184.78348830499996,2913800,Goldman Sachs
2019-09-13,187.7894287109375,189.1557963346431,187.19164776205906,188.17372856367479,2722400,Goldman Sachs
2019-09-16,185.50079345703125,187.3026845592109,184.73221974850472,186.01318461648128,2205500,Goldman Sachs
2019-09-17,184.38209533691406,184.5785063111298,181.50418526377953,184.28815738739368,2429100,Goldman Sachs
2019-09-18,185.38121032714844,186.0729291704669,182.15318037123126,183.4597633043098,2474900,Goldman Sachs
2019-09-19,183.80140686035156,186.10714141156063,183.65623238078976,185.80825737622192,1596200,Goldman Sachs
2019-09-20,182.52896118164062,185.03964141247658,182.43502323544055,183.31461808138263,5458900,Goldman Sachs
2019-09-23,182.2898712158203,182.84495085582066,180.66730767543805,181.76894491016526,1485500,Goldman Sachs
2019-09-24,177.4136505126953,182.92179734486567,176.60237529457947,182.78515795237362,2837600,Goldman Sachs
2019-09-25,179.3607177734375,180.26593095275695,177.15745641570632,177.59299285414664,1593400,Goldman Sachs
2019-09-26,177.8150177001953,179.30947682588473,177.7210797482117,178.52381987777164,1685500,Goldman Sachs
2019-09-27,178.45547485351562,179.80475932201932,177.70397134431167,179.2069783627196,1530900,Goldman Sachs
2019-09-30,176.9695587158203,179.08742996471958,176.6279733043969,179.08742996471958,1794500,Goldman Sachs
2019-10-01,173.092529296875,178.8056351710536,173.02420960118778,176.78170164943745,3156200,Goldman Sachs
2019-10-02,169.30087280273438,172.4008122475684,168.74579318613286,172.23855459730495,3386800,Goldman Sachs
2019-10-03,168.4383544921875,169.40333921923545,165.66293045622245,168.75432167416656,2914500,Goldman Sachs
2019-10-04,171.47850036621094,171.84570404196197,167.4135634940362,168.22485167190203,3021100,Goldman Sachs
2019-10-07,171.13693237304688,172.95590698724988,170.34274026471368,171.4699827782593,2202200,Goldman Sachs
2019-10-08,168.54933166503906,169.89861605092398,167.3110683900288,168.7457556351476,2654900,Goldman Sachs
2019-10-09,168.10531616210938,169.92427764580972,167.9601286582489,169.24964179610868,2443500,Goldman Sachs
2019-10-10,170.6842803955078,171.9225567559826,168.69451356922352,168.7372150007308,2108000,Goldman Sachs
2019-10-11,174.7919158935547,177.02079523443558,173.9721056938331,173.9721056938331,3334300,Goldman Sachs
2019-10-14,175.76548767089844,176.06437169244455,173.2889474644657,174.06606937565581,2286100,Goldman Sachs
2019-10-15,176.31201171875,177.8320889997204,169.6082903048809,172.5032704108469,8241900,Goldman Sachs
2019-10-16,177.13182067871094,178.15658996868996,176.0045783689286,176.0643499535977,3405800,Goldman Sachs
2019-10-17,176.31201171875,178.4213218984483,174.5442739306206,177.87477740451118,2876500,Goldman Sachs
2019-10-18,176.36325073242188,177.67836896034024,175.05666757945312,175.05666757945312,2207000,Goldman Sachs
2019-10-21,178.69461059570312,180.06951349713978,177.35386102612765,178.1993025844959,1934900,Goldman Sachs
2019-10-22,178.99349975585938,180.74414135335556,177.89186264972068,178.98495165028314,1868000,Goldman Sachs
2019-10-23,180.46237182617188,181.060152940939,178.48113952505685,178.66901545121954,1574500,Goldman Sachs
2019-10-24,180.2317657470703,182.02510880570526,179.14721180619298,180.7099905627063,1266500,Goldman Sachs
2019-10-25,182.94740295410156,183.96363719069836,179.48879512582334,179.48879512582334,2602100,Goldman Sachs
2019-10-28,185.95343017578125,186.95258137125663,184.1942402232015,184.73224972486153,2707800,Goldman Sachs
2019-10-29,185.8594970703125,187.2600184019174,184.8432626653664,185.50082840338757,2030800,Goldman Sachs
2019-10-30,184.29669189453125,185.35562759216563,182.58873865807848,185.33000933607076,1584900,Goldman Sachs
2019-10-31,182.2215576171875,183.91242788287005,180.46236764987677,183.73308703726474,1876200,Goldman Sachs
2019-11-01,185.64596557617188,186.0729538601256,183.39146795812218,183.82699131672157,2112300,Goldman Sachs
2019-11-04,187.76382446289062,188.4640915056985,186.65366534530486,187.618650009524,2538100,Goldman Sachs
2019-11-05,186.71343994140625,189.394925895906,186.56826548569765,188.5580324915541,2525100,Goldman Sachs
2019-11-06,186.52554321289062,187.08063574927527,184.92861134784658,186.17540972495297,1863000,Goldman Sachs
2019-11-07,190.68443298339844,191.94832775800904,188.2249891884799,188.53242129167586,3748600,Goldman Sachs
2019-11-08,190.35989379882812,190.63315948718187,188.81419850759158,190.4367485520545,1610800,Goldman Sachs
2019-11-11,187.04653930664062,189.0790082804982,186.61101582537913,188.64347176858473,2754500,Goldman Sachs
2019-11-12,188.22499084472656,188.8227718754651,186.1071194348969,186.64512887788618,1891600,Goldman Sachs
2019-11-13,187.29417419433594,187.7382326917526,185.32147709164772,186.49996909547312,1756000,Goldman Sachs
2019-11-14,187.38804626464844,188.27618907026482,186.19248444629545,186.84150185759472,1483100,Goldman Sachs
2019-11-15,188.08831787109375,188.80565497988707,187.0550006069666,187.8748237531924,1693100,Goldman Sachs
2019-11-18,187.644287109375,187.83216301628224,186.20106447479216,187.644287109375,1603400,Goldman Sachs
2019-11-19,187.90899658203125,188.45554105935983,186.43162078139514,188.3530680419383,1817100,Goldman Sachs
2019-11-20,186.09005737304688,187.42225887964068,184.8005442749941,186.47434426446435,2177700,Goldman Sachs
2019-11-21,186.36326599121094,187.29411016984136,185.1591691713559,186.67924611982588,1677700,Goldman Sachs
2019-11-22,188.11398315429688,188.48119990483363,186.16691735469064,186.16691735469064,1529100,Goldman Sachs
2019-11-25,190.2232666015625,191.24803580204076,188.6348697800946,188.6348697800946,2181800,Goldman Sachs
2019-11-26,189.96710205078125,190.23183272579482,188.8227764739777,190.16351303052528,1926300,Goldman Sachs
2019-11-27,190.39404296875,191.52983318734832,189.4632117849294,190.8210311848856,1614600,Goldman Sachs
2019-11-29,190.09352111816406,190.65173040246944,189.28625493781882,189.68988802799143,770400,Goldman Sachs
2019-12-02,186.90737915039062,190.47995488978327,186.4264580131874,189.76715638138631,2118500,Goldman Sachs
2019-12-03,182.26992797851562,185.0094620860322,180.34623013954416,185.0094620860322,3207100,Goldman Sachs
2019-12-04,185.4474639892578,186.34919780850376,182.39016792745798,183.3863562446785,1583600,Goldman Sachs
2019-12-05,186.47802734375,186.8988399900136,185.00090458623353,186.4866105431802,1329300,Goldman Sachs
2019-12-06,192.8931884765625,193.57162809823183,187.92079070627116,188.89121633705793,4229400,Goldman Sachs
2019-12-09,190.488525390625,192.92748991194534,190.45417949916467,192.893144020485,2134600,Goldman Sachs
2019-12-10,190.54869079589844,191.40748242471844,189.4064963570734,190.3683387880333,1854100,Goldman Sachs
2019-12-11,189.9561309814453,191.38172829411255,189.65554865625035,190.86644805209858,1778600,Goldman Sachs
2019-12-12,194.12982177734375,194.75673590506855,189.44941070914714,190.57442548085822,2974300,Goldman Sachs
2019-12-13,193.2281036376953,195.79589515463036,192.11167197363142,194.70522618938858,1908200,Goldman Sachs
2019-12-16,195.8388214111328,198.12321010379148,195.69282841855048,196.23387129421153,3218400,Goldman Sachs
2019-12-17,198.5096893310547,199.2997891992889,196.49153676849653,197.52208415194335,3590000,Goldman Sachs
2019-12-18,197.9084930419922,199.41137812513355,197.47051410667345,199.213859754788,2280800,Goldman Sachs
2019-12-19,197.4705352783203,198.71578043132183,196.62892321068142,198.33791004467432,2418100,Goldman Sachs
2019-12-20,196.60313415527344,198.62988264366652,196.33691088374988,198.34649297690294,3715500,Goldman Sachs
2019-12-23,196.74057006835938,197.9342899019865,196.1565980538058,197.23008758419422,1670400,Goldman Sachs
2019-12-24,197.44476318359375,197.479109078873,196.12221689326492,196.64608024907488,467700,Goldman Sachs
2019-12-26,198.56118774414062,199.4113829393506,197.51346106969828,197.74532533887285,1704000,Goldman Sachs
2019-12-27,198.0888671875,199.41999674522623,197.9256946921238,199.07647225387652,1343900,Goldman Sachs
2019-12-30,197.35028076171875,198.9647998008964,197.09264070206896,198.9647998008964,1494500,Goldman Sachs
2019-12-31,197.46194458007812,197.49630358208634,196.37987189097547,197.27302248551206,1447200,Goldman Sachs
2020-01-02,201.2320556640625,201.50686216418993,197.65947943356588,198.38086123853537,3736300,Goldman Sachs
2020-01-03,198.8789825439453,199.76353694254797,197.77973022132997,198.8961620470203,2274500,Goldman Sachs
2020-01-06,200.914306640625,200.97442834692401,197.0841031676223,197.46196049132146,3329300,Goldman Sachs
2020-01-07,202.23681640625,204.1948599910276,201.60988917208815,201.81600385095047,5255200,Goldman Sachs
2020-01-08,204.18629455566406,205.89529462793192,202.22825067489387,202.4000063811838,3564700,Goldman Sachs
2020-01-09,208.34283447265625,209.02985722672625,205.95539502114158,207.2607487371698,3980700,Goldman Sachs
2020-01-10,207.92202758789062,209.02127974943085,207.30369660900934,208.47165366866074,2248100,Goldman Sachs
2020-01-13,210.5842742919922,211.3571814180033,208.68633926781834,209.92300115273105,3359200,Goldman Sachs
2020-01-14,210.970703125,213.42684710737046,210.06038631756846,210.67871718754404,4302800,Goldman Sachs
2020-01-15,210.5842742919922,214.26848414535257,205.3885829774635,207.82754774819767,5411200,Goldman Sachs
2020-01-16,214.45742797851562,214.54331237558944,211.46024073666,212.13009710065447,3968400,Goldman Sachs
2020-01-17,214.23414611816406,215.092937669324,212.9803046876582,214.89540617759144,3108400,Goldman Sachs
2020-01-21,211.00511169433594,213.71031333007983,210.91924038940311,212.3018955087955,2492400,Goldman Sachs
2020-01-22,212.1644744873047,213.42689922980037,211.55472666512583,211.7866040740243,2030900,Goldman Sachs
2020-01-23,210.9020233154297,212.12150570284655,208.5832888293802,209.97452690018613,2806800,Goldman Sachs
2020-01-24,207.75889587402344,211.01372390232143,206.62529759297257,210.46409771366484,2877400,Goldman Sachs
2020-01-27,204.5126495361328,205.24262770358646,201.82462739249607,202.99258459794925,2506200,Goldman Sachs
2020-01-28,208.32568359375,209.18447525844311,204.43535840101987,205.67202049483728,3123000,Goldman Sachs
2020-01-29,206.21302795410156,211.69212237355896,205.74070307307477,209.99171873115196,3711600,Goldman Sachs
2020-01-30,209.65672302246094,209.8370618560899,203.301659577574,204.12610498650915,3261700,Goldman Sachs
2020-01-31,204.17770385742188,208.5918921779559,203.43055935523677,207.8189849759796,3482800,Goldman Sachs
2020-02-03,205.25982666015625,208.1625471835724,204.43539385737265,204.70161722294074,2733000,Goldman Sachs
2020-02-04,207.7760009765625,209.32182817366035,207.4410728425344,208.583267018609,3052500,Goldman Sachs
2020-02-05,209.80279541015625,210.51559402732994,208.68636368320804,210.39536372468137,3126600,Goldman Sachs
2020-02-06,207.6729736328125,211.06519754827275,207.12333447482763,210.70450667893428,2225600,Goldman Sachs
2020-02-07,204.39239501953125,206.55655345947974,203.14714985557228,205.89528027702778,3006500,Goldman Sachs
2020-02-10,203.84274291992188,204.28072185015532,202.2110443759609,203.8770888127544,2591300,Goldman Sachs
2020-02-11,203.06985473632812,205.7235174685234,202.86374004780185,205.2511794973918,2238800,Goldman Sachs
2020-02-12,204.95062255859375,207.12336439035886,204.1519526120151,204.4009964253433,2119200,Goldman Sachs
2020-02-13,204.69297790527344,205.2254244904383,203.16432994440956,204.26358211617415,1461300,Goldman Sachs
2020-02-14,203.602294921875,205.2597562637704,202.8723168889884,204.3408561524699,1718700,Goldman Sachs
2020-02-18,200.27877807617188,203.59371389950041,198.5525987176915,203.14713863564117,2736500,Goldman Sachs
2020-02-19,203.81698608398438,204.22061913298967,200.338877925422,201.8160003379269,2207100,Goldman Sachs
2020-02-20,199.86654663085938,203.44770569408487,198.59553885136387,203.02690623623576,3183700,Goldman Sachs
2020-02-21,198.05450439453125,199.06788524446225,196.1222233940861,198.3035612840065,3081600,Goldman Sachs
2020-02-24,192.83303833007812,194.67944792411666,191.11545532396883,191.7080235577355,4139400,Goldman Sachs
2020-02-25,186.88160705566406,193.97521968090584,185.40448472047203,193.03914014991713,5343100,Goldman Sachs
2020-02-26,185.31004333496094,188.93414479712627,184.43407226720265,187.81771313886483,4171100,Goldman Sachs
2020-02-27,176.64483642578125,183.33481684998225,176.3700168391668,180.76703849616405,5848200,Goldman Sachs
2020-02-28,173.4738006591797,174.75257975143458,168.35867110591906,172.02220253522893,6727100,Goldman Sachs
2020-03-02,180.99098205566406,181.12058315591165,170.76072210320223,174.02680167186236,5285500,Goldman Sachs
2020-03-03,175.77215576171875,182.99555143765892,174.64026221992626,180.58487871426226,5677200,Goldman Sachs
2020-03-04,180.36019897460938,180.5157202640775,175.14137596846487,177.85446833118255,3520400,Goldman Sachs
2020-03-05,171.7629852294922,175.80671057225862,170.17315035610133,173.95766033849645,4151500,Goldman Sachs
2020-03-06,166.63058471679688,169.61152840651698,163.54594697217317,164.75560107737408,5071900,Goldman Sachs
2020-03-09,149.315185546875,154.87962147677462,147.02547814601996,149.98050197786105,6443000,Goldman Sachs
2020-03-10,159.2862091064453,160.1934430072466,149.72988984405063,156.92736404849083,6803900,Goldman Sachs
2020-03-11,148.52027893066406,156.19298127974787,147.7253613371296,154.21431638328454,5314000,Goldman Sachs
2020-03-12,130.1939239501953,144.07909393391208,129.60638134984595,138.246806773169,8357700,Goldman Sachs
2020-03-13,153.0823974609375,153.4193734850539,131.63687096319322,140.6833963616741,6368400,Goldman Sachs
2020-03-16,133.63279724121094,146.4897388505147,129.6063565986615,129.80508265385882,6888000,Goldman Sachs
2020-03-17,137.09762573242188,144.07045523113794,129.60637862973246,135.65467629911996,6876300,Goldman Sachs
2020-03-18,120.9832534790039,134.76473087435957,117.00001640314117,129.60639528718986,9543200,Goldman Sachs
2020-03-19,129.16567993164062,131.7578066662446,113.05993301467096,118.70212781891982,6548200,Goldman Sachs
2020-03-20,119.59210968017578,128.90648553636802,119.4884156286852,128.7336796962044,7561300,Goldman Sachs
2020-03-23,116.61981201171875,122.64218901941167,115.14229360239551,117.53569491086718,5472600,Goldman Sachs
2020-03-24,132.7168731689453,132.97607525416421,124.10237229053682,124.69856345501282,6647400,Goldman Sachs
2020-03-25,134.0389404296875,140.15636396997363,125.56268414796405,133.58099888021326,8587800,Goldman Sachs
2020-03-26,143.24961853027344,144.86538717647858,133.33041305771556,135.1103387250781,6762200,Goldman Sachs
2020-03-27,136.81248474121094,141.46967323626302,135.65467096850043,137.45188093031956,4186700,Goldman Sachs
2020-03-30,137.91842651367188,138.6182986611378,132.35399204034118,136.9679879024393,4152800,Goldman Sachs
2020-03-31,133.57232666015625,139.19725176251708,132.82061390552423,136.63104448759276,3588200,Goldman Sachs
2020-04-01,125.53673553466797,129.23484975596682,125.28616899773938,126.23662107072975,4689100,Goldman Sachs
2020-04-02,129.54591369628906,129.99521958498875,122.40892585004582,123.57538875085905,4446900,Goldman Sachs
2020-04-03,126.95375061035156,130.40128472566892,125.48488108497337,128.91513065973572,2801600,Goldman Sachs
2020-04-06,136.7174072265625,137.32223418993402,132.86378601405318,134.33265526345232,4689400,Goldman Sachs
2020-04-07,143.4483184814453,146.14412646670692,140.3636808808753,143.4310339423951,4953500,Goldman Sachs
2020-04-08,152.90097045898438,153.8859784064679,145.63436968641915,145.63436968641915,5194800,Goldman Sachs
2020-04-09,159.20843505859375,161.86105134144702,155.32889343287914,156.0287656110486,6445800,Goldman Sachs
2020-04-13,154.819091796875,159.8219040586377,154.77590022959797,158.85418090902436,4774300,Goldman Sachs
2020-04-14,153.99830627441406,158.44813349890796,150.8099870254269,157.5581706908579,4149600,Goldman Sachs
2020-04-15,154.24887084960938,156.97923513061232,146.15278365627927,147.4315760494147,6042700,Goldman Sachs
2020-04-16,152.9700469970703,154.1797141592938,148.95225547054397,153.125581470948,4662200,Goldman Sachs
2020-04-17,158.5431365966797,160.08976661234595,154.05010579956377,158.5431365966797,5426700,Goldman Sachs
2020-04-20,155.87326049804688,160.98840365987354,153.8168483295358,155.26843338966125,4674800,Goldman Sachs
2020-04-21,150.17922973632812,154.83641843655693,150.04962863077847,151.5876232764334,3819000,Goldman Sachs
2020-04-22,152.05418395996094,153.9550746793657,150.74948462995047,153.3675321522324,2314500,Goldman Sachs
2020-04-23,151.25062561035156,154.72407976953957,150.73219489372977,152.93550566301116,2013300,Goldman Sachs
2020-04-24,152.93548583984375,153.7563233812324,149.90270213815936,152.93548583984375,2024400,Goldman Sachs
2020-04-27,158.58631896972656,159.19979480777158,154.42164191251356,154.74998220760014,2743100,Goldman Sachs
2020-04-28,161.5845947265625,164.5309830263488,159.73554417178698,163.44229414487117,3344700,Goldman Sachs
2020-04-29,164.1940155029297,167.3823348312573,163.7965632870086,166.42324701041278,3086300,Goldman Sachs
2020-04-30,158.48260498046875,162.05110317556358,158.0332993838965,160.71183524500788,2695400,Goldman Sachs
2020-05-01,153.02194213867188,155.18204853145807,152.63311244057584,154.66361772349214,2650200,Goldman Sachs
2020-05-04,152.09739685058594,152.33932769048664,148.3733758675693,151.2074341500422,2990100,Goldman Sachs
2020-05-05,154.0587921142578,157.77417778393237,153.92054213951567,154.75002880372523,3272600,Goldman Sachs
2020-05-06,152.8663787841797,156.56447917623964,151.38887367342298,155.25113104560208,2408700,Goldman Sachs
2020-05-07,157.53224182128906,158.44812480188494,154.81913559570404,154.81913559570404,2480100,Goldman Sachs
2020-05-08,160.184814453125,160.63412017712963,157.89510744623254,159.87375867254335,2277500,Goldman Sachs
2020-05-11,158.258056640625,159.7182908443121,156.61636767741837,157.72234122657594,2212200,Goldman Sachs
2020-05-12,153.116943359375,159.24300016518418,152.71947809622054,158.88873965432205,3549200,Goldman Sachs
2020-05-13,148.44252014160156,152.8318580969596,147.54390846153953,151.77772507856588,3445300,Goldman Sachs
2020-05-14,150.73216247558594,151.0172979899794,142.87802186868225,146.05769090633433,4176700,Goldman Sachs
2020-05-15,148.5029754638672,150.42115080670726,147.38836647590207,149.89408437134594,2867800,Goldman Sachs
2020-05-18,157.15206909179688,158.20620209696995,151.41482687254438,153.54901310562076,4505800,Goldman Sachs
2020-05-19,153.6527099609375,157.41993653864577,153.55766473963715,156.01154276417097,2210500,Goldman Sachs
2020-05-20,156.7718505859375,158.83691133424435,155.7868428060807,156.34846507597857,2599900,Goldman Sachs
2020-05-21,155.6140594482422,156.53857806698795,153.5230649971229,155.70045578765496,2153500,Goldman Sachs
2020-05-22,155.46717834472656,156.0806543904331,153.85142290526844,155.5535878782324,2176400,Goldman Sachs
2020-05-26,169.4041290283203,170.3027403918232,160.03791378218506,160.39217428480137,5971200,Goldman Sachs
2020-05-27,181.1551513671875,182.06239861728173,172.8171334396688,175.4006252275245,8182100,Goldman Sachs
2020-05-28,173.86264038085938,182.58082641652456,173.85400470181526,182.17472536932277,4886100,Goldman Sachs
2020-05-29,170.8369140625,174.68854140685505,169.2371283521428,171.4802935960275,3822600,Goldman Sachs
2020-06-01,173.82781982421875,175.42760582941705,169.6457990189359,171.54988226679907,2230800,Goldman Sachs
2020-06-02,177.4882049560547,179.54009225535353,175.03638105490887,177.1665150893531,4128700,Goldman Sachs
2020-06-03,183.07870483398438,184.26113513315747,179.47919638802307,181.27026095291694,3471900,Goldman Sachs
2020-06-04,186.77389526367188,186.92169909534053,180.80951116618525,181.53113773649176,3522300,Goldman Sachs
2020-06-05,189.46914672851562,193.86852919882878,189.2430961696949,193.01647818995136,4737600,Goldman Sachs
2020-06-08,191.98184204101562,193.24253262638425,189.74737885453305,191.29498742415632,3260300,Goldman Sachs
2020-06-09,189.6256561279297,191.29498626255554,187.06948979887068,187.5737686832873,2478400,Goldman Sachs
2020-06-10,185.64361572265625,191.14719573358823,185.01761522030756,189.00835847278728,3091200,Goldman Sachs
2020-06-11,168.78504943847656,179.88783196971133,168.68941013497138,177.97505916626082,4923400,Goldman Sachs
2020-06-12,175.4363250732422,176.44488281327153,170.593531215785,174.42776733321284,3380800,Goldman Sachs
2020-06-15,179.3748779296875,179.96610638055364,169.67188574184067,170.17616454013245,3467400,Goldman Sachs
2020-06-16,182.22669982910156,186.91300078820387,177.1317592743083,186.91300078820387,3099100,Goldman Sachs
2020-06-17,179.2705841064453,183.27001684253432,178.61850138425783,182.58316221249257,1798300,Goldman Sachs
2020-06-18,177.2273406982422,180.20083555481742,176.21009350520225,177.35776516913666,2051700,Goldman Sachs
2020-06-19,175.30589294433594,180.33996485122873,174.7320570641064,180.0182750092764,4962400,Goldman Sachs
2020-06-22,176.8622283935547,177.87078622696376,173.8887326571169,174.7494866597663,1806900,Goldman Sachs
2020-06-23,178.04464721679688,180.4182243684254,177.05348211098948,179.54009116824741,2451800,Goldman Sachs
2020-06-24,172.16722106933594,176.15796390926508,171.61077770995578,175.923210428488,2756700,Goldman Sachs
2020-06-25,180.06178283691406,180.3139156547456,171.81075793169452,172.02811884131577,3466500,Goldman Sachs
2020-06-26,164.49005126953125,174.09740654759386,163.89882267088583,173.01929161280376,9530700,Goldman Sachs
2020-06-29,168.21124267578125,168.58509702983244,164.02922137277034,166.39410886192778,3736000,Goldman Sachs
2020-06-30,171.8194580078125,172.50632595318172,168.34168324304898,168.53296191644358,3102800,Goldman Sachs
2020-07-01,171.77597045898438,173.66266139154632,169.9936085082572,172.91493939953347,2620100,Goldman Sachs
2020-07-02,171.62814331054688,176.49703226592408,171.39340311518978,176.0623105115745,2699400,Goldman Sachs
2020-07-06,180.28781127929688,180.66166562996503,174.87118179100915,175.05375750335463,3567700,Goldman Sachs
2020-07-07,173.33224487304688,178.85321602829458,173.18444108012258,178.67062706841511,2853500,Goldman Sachs
2020-07-08,175.8449249267578,176.71436831329308,173.03662650291182,173.48872751191982,2789700,Goldman Sachs
2020-07-09,171.13258361816406,176.06232718741288,169.54150025454572,175.72324471757003,3160100,Goldman Sachs
2020-07-10,178.72280883789062,179.3835944074079,171.13257058093683,171.167342484601,4414800,Goldman Sachs
2020-07-13,181.609375,185.17408563486546,179.9748168623933,181.71370398183672,4449600,Goldman Sachs
2020-07-14,186.06959533691406,186.32174137673903,179.98349094557548,183.826429554965,5202000,Goldman Sachs
2020-07-15,188.58230590820312,195.83347539857027,186.66084303884517,195.0770504678069,12516700,Goldman Sachs
2020-07-16,186.64344787597656,191.67753352964624,185.62620050036205,185.63489015998653,5769600,Goldman Sachs
2020-07-17,183.8090362548828,187.07813873183923,183.6699221239518,186.84338529422484,3614300,Goldman Sachs
2020-07-20,184.06993103027344,185.33931139926202,182.8005373946269,183.21786665475182,2268700,Goldman Sachs
2020-07-21,184.33944702148438,185.89574532300625,182.92224962178125,184.5394153470079,3393500,Goldman Sachs
2020-07-22,179.10536193847656,183.45257946125514,178.54022896717737,183.01785770897726,4978400,Goldman Sachs
2020-07-23,176.51443481445312,179.1227654877827,175.67107350207743,178.32287900662698,4088600,Goldman Sachs
2020-07-24,175.16677856445312,178.1750455688427,175.03636734942208,176.4970260243883,3191500,Goldman Sachs
2020-07-27,176.51443481445312,177.52297925881544,173.5322365126186,173.97566121774437,2601200,Goldman Sachs
2020-07-28,175.29721069335938,177.01871853708187,174.8364066564005,175.54935676137458,2139600,Goldman Sachs
2020-07-29,176.1319122314453,177.2708813938904,173.55835295600343,175.36679750451367,2635000,Goldman Sachs
2020-07-30,173.4801025390625,173.8800524833243,170.67180306809416,173.4540202890735,3057900,Goldman Sachs
2020-07-31,172.1150665283203,173.74961152850838,170.85436265372007,173.74961152850838,2399700,Goldman Sachs
2020-08-03,173.3583526611328,173.78438478586253,170.8717435235728,172.57585875583564,2294600,Goldman Sachs
2020-08-04,175.31460571289062,175.3841627923893,172.5671607726461,173.32358572053414,1944700,Goldman Sachs
2020-08-05,177.81858825683594,178.0707210343974,176.50572008175138,176.64483422568767,2232400,Goldman Sachs
2020-08-06,177.58384704589844,179.35750607012986,177.21868234287007,178.2359297155896,1882400,Goldman Sachs
2020-08-07,181.07904052734375,181.5398446204295,176.0188718976214,176.91439783449812,3075000,Goldman Sachs
2020-08-10,182.04409790039062,183.1395920163869,180.8790334405338,182.2266736197287,2432800,Goldman Sachs
2020-08-11,183.50473022460938,188.62575155277693,183.04392626299062,184.9480095182267,4042700,Goldman Sachs
2020-08-12,184.43505859375,187.75632594960754,181.9484495898057,186.66952154695105,2439400,Goldman Sachs
2020-08-13,181.18331909179688,184.4958964967563,180.57471133322827,182.9395985665127,2219900,Goldman Sachs
2020-08-14,180.81814575195312,182.13100051571283,179.63570219210374,180.37473439200465,2287600,Goldman Sachs
2020-08-17,176.55792236328125,180.7138618074762,176.08841537893568,179.9748294234707,3922600,Goldman Sachs
2020-08-18,175.02767944335938,177.0013200223361,174.84510372664883,176.88828811517337,3067900,Goldman Sachs
2020-08-19,176.51443481445312,179.1923225644035,175.42763036723247,175.9753707873057,2458500,Goldman Sachs
2020-08-20,175.49716186523438,176.74045960365,174.18429379368192,174.5494584427268,1764200,Goldman Sachs
2020-08-21,176.00146484375,176.80136464524094,173.73222974165986,173.98436255300652,1780900,Goldman Sachs
2020-08-24,180.2703857421875,180.34863246174703,175.03634618963622,176.59264398970575,3097400,Goldman Sachs
2020-08-25,179.10536193847656,183.00916804992752,178.38372223769673,182.57444629764967,2627600,Goldman Sachs
2020-08-26,180.16607666015625,180.2182411456178,178.26199334088201,179.00971525469166,2563200,Goldman Sachs
2020-08-27,182.71356201171875,185.19148150756695,179.46185153130682,179.6965917446057,3692400,Goldman Sachs
2020-08-28,180.5920867919922,184.3219929824706,180.05302288553082,184.22635368186073,3697400,Goldman Sachs
2020-08-31,179.20132446289062,180.54838151131935,178.1166956855338,179.75239446879124,3046200,Goldman Sachs
2020-09-01,179.71742248535156,180.81080694347406,177.57437826984884,178.09046587778613,2457000,Goldman Sachs
2020-09-02,183.72352600097656,184.50201500893505,179.63864427634272,180.006019761865,3565200,Goldman Sachs
2020-09-03,181.55429077148438,188.26329585030908,180.041050498573,185.21931741692723,3533500,Goldman Sachs
2020-09-04,184.51075744628906,186.61880521341493,179.59490675929217,184.46701941249898,3668900,Goldman Sachs
2020-09-08,177.11077880859375,183.65360081194896,176.05239016041835,183.25997174170774,4574700,Goldman Sachs
2020-09-09,176.8833465576172,179.1663335998957,176.71715000194922,178.60652135010594,4681400,Goldman Sachs
2020-09-10,174.9502410888672,179.6211892510328,174.54788311589107,178.20415403465574,2510300,Goldman Sachs
2020-09-11,175.74623107910156,176.61219631778772,174.02305621888343,175.15143637962393,2376400,Goldman Sachs
2020-09-14,176.11361694335938,177.8280496337878,175.52756447974272,177.8280496337878,2756900,Goldman Sachs
2020-09-15,173.19207763671875,177.2069816877501,173.17457975030905,176.6909074879656,3717600,Goldman Sachs
2020-09-16,175.53628540039062,178.26538173185415,173.2533117593516,173.62068728826512,3571400,Goldman Sachs
2020-09-17,170.41925048828125,174.84526795634983,170.13933770364036,173.37576587791372,4274800,Goldman Sachs
2020-09-18,170.4455108642578,172.01123147979132,168.27623991384442,170.5767116557631,9066300,Goldman Sachs
2020-09-21,169.69325256347656,169.8419512347042,163.9814137382476,166.10694652617929,4871300,Goldman Sachs
2020-09-22,167.61143493652344,171.56511629197422,164.82111607481946,169.69324290922575,3355800,Goldman Sachs
2020-09-23,162.80055236816406,168.74856591842413,162.58187549754402,167.9438366361797,3116100,Goldman Sachs
2020-09-24,170.66419982910156,172.71976802137965,163.6140587309577,165.30223798705862,5114600,Goldman Sachs
2020-09-25,170.52423095703125,170.90910440722135,165.8532959322212,168.7835715077321,3106000,Goldman Sachs
2020-09-28,174.12802124023438,176.57719146150427,172.44857116425402,172.9996411375281,3280100,Goldman Sachs
2020-09-29,172.1336669921875,173.8655972904213,170.94406436929884,173.3320252313247,2400000,Goldman Sachs
2020-09-30,175.7899627685547,177.63559607940883,173.50697571908086,173.78687517136947,3075800,Goldman Sachs
2020-10-01,173.67318725585938,177.6793494488138,173.07837917960205,176.27981202571968,2288700,Goldman Sachs
2020-10-02,174.85401916503906,175.55378781544027,170.82161716561396,170.8653552088222,2541200,Goldman Sachs
2020-10-05,176.51597595214844,177.42566587835884,174.58286650685764,176.62967885106397,2551600,Goldman Sachs
2020-10-06,175.89492797851562,180.26846547868445,174.85402391795907,178.65900688189686,2833100,Goldman Sachs
2020-10-07,178.09043884277344,179.31502391118127,175.96489283842303,178.3528403953064,2326600,Goldman Sachs
2020-10-08,181.92164611816406,182.07910039474874,178.5365326618184,179.44622250916782,2330600,Goldman Sachs
2020-10-09,181.53677368164062,183.52236327977633,180.25096604207272,182.6039178112483,3040900,Goldman Sachs
2020-10-12,187.2923583984375,187.96588688458917,181.42307877433169,181.42307877433169,3474200,Goldman Sachs
2020-10-13,184.39710998535156,187.28364778115915,182.9713323033937,187.19617168096113,3317300,Goldman Sachs
2020-10-14,184.76446533203125,187.58102460839038,183.9247535888676,187.08244826344523,7550100,Goldman Sachs
2020-10-15,182.46397399902344,184.32709173634095,180.97696070052984,183.3211835374551,4325700,Goldman Sachs
2020-10-16,180.3734130859375,183.6885481537576,180.02352212888803,182.2190461750757,3244500,Goldman Sachs
2020-10-19,179.9185791015625,181.8604307253254,178.95639555934608,181.40557911018885,3235300,Goldman Sachs
2020-10-20,181.96539306640625,184.89566841601004,180.6008515550961,180.80203053510294,3335500,Goldman Sachs
2020-10-21,177.48692321777344,181.8954436714202,176.69967836560087,181.4056095484571,3083600,Goldman Sachs
2020-10-22,179.66494750976562,180.51341500528983,176.86588567519183,177.74059333268238,2136900,Goldman Sachs
2020-10-23,179.3500213623047,182.12285590483003,178.45782931498988,180.8545193421003,2110200,Goldman Sachs
2020-10-26,175.9386444091797,177.3994041531472,173.6381596956684,177.11950472794967,3249700,Goldman Sachs
2020-10-27,171.16273498535156,175.45755145638034,170.92657360081677,174.9414773016147,3430400,Goldman Sachs
2020-10-28,165.99325561523438,169.1421947892212,165.26724674659587,167.34029937049388,4214600,Goldman Sachs
2020-10-29,166.1419219970703,168.24996998746846,163.4828040858939,166.0194634976724,3581200,Goldman Sachs
2020-10-30,165.35470581054688,166.5443085867513,162.275744910823,165.76581941793222,3658800,Goldman Sachs
2020-11-02,166.36936950683594,168.55613833144466,164.64619460528604,167.94384572994977,2459600,Goldman Sachs
2020-11-03,173.13087463378906,174.06681820354407,169.01100917473715,169.64079973549323,4545500,Goldman Sachs
2020-11-04,173.07838439941406,175.65878243525134,170.4805018218199,171.66136239235487,3868500,Goldman Sachs
2020-11-05,177.53065490722656,178.54530554830862,174.11928736398454,174.63536162883344,2892800,Goldman Sachs
2020-11-06,176.04360961914062,178.781448100385,175.30885859347615,178.73771006021965,2475100,Goldman Sachs
2020-11-09,188.0008544921875,190.68621260840465,183.137483498792,187.6159944488411,6960500,Goldman Sachs
2020-11-10,190.22262573242188,191.01861269642106,184.72070852739037,188.28077417146676,4166500,Goldman Sachs
2020-11-11,190.72996520996094,192.3656638967402,188.08834493131465,191.24603941048812,2680700,Goldman Sachs
2020-11-12,187.6334686279297,189.68903623685708,185.78783558767202,188.25451671838488,3005500,Goldman Sachs
2020-11-13,191.63095092773438,193.27540555814818,188.4207754980282,188.80564899425096,2832100,Goldman Sachs
2020-11-16,194.51747131347656,196.4593231629338,192.4619032102742,195.52337966790776,3004700,Goldman Sachs
2020-11-17,196.50302124023438,196.6779734059784,190.9748771547131,192.45313486520618,2722900,Goldman Sachs
2020-11-18,196.19688415527344,199.188382039511,195.50585779387856,196.80917670228524,2856200,Goldman Sachs
2020-11-19,196.4330596923828,196.75669717989223,194.28127347913713,196.1968849422393,1505200,Goldman Sachs
2020-11-20,195.3659210205078,196.64298646715577,194.73613056707322,195.05976806367988,1848100,Goldman Sachs
2020-11-23,200.15931701660156,201.18272318070964,197.44771845233157,197.73637352635853,3371300,Goldman Sachs
2020-11-24,207.74305725097656,208.28537169781953,201.73382024489734,202.14493388911023,3915200,Goldman Sachs
2020-11-25,206.90330505371094,207.69929207766273,203.30825671435528,205.55626138369624,2272800,Goldman Sachs
2020-11-27,205.9061279296875,207.56808008914825,204.497848404465,207.30566518534116,1050400,Goldman Sachs
2020-11-30,201.69004821777344,205.55625359871635,201.4976115083484,202.97586925485118,2705400,Goldman Sachs
2020-12-01,204.10862731933594,206.56235747863366,203.46661411388342,204.00309457863906,2577600,Goldman Sachs
2020-12-02,209.0072784423828,209.42943620569665,203.66887089201305,204.10860849733658,2136300,Goldman Sachs
2020-12-03,207.09002685546875,210.06265733206686,206.36006082755807,208.6906647445955,2142600,Goldman Sachs
2020-12-04,210.70468139648438,210.85419057818504,208.39165720135568,209.05126363694959,2373000,Goldman Sachs
2020-12-07,209.71084594726562,210.94211920389745,207.07242050841626,209.78999548969693,1788600,Goldman Sachs
2020-12-08,210.05384826660156,210.3616699467537,208.0662391956708,208.44440708069504,1371800,Goldman Sachs
2020-12-09,213.55418395996094,215.78804516217897,210.6607029088136,211.07405734469177,3552300,Goldman Sachs
2020-12-10,214.94369506835938,215.62968452808863,210.64306264633797,211.0740102483624,2541700,Goldman Sachs
2020-12-11,211.06527709960938,212.12943467246086,208.52359407935032,211.78643985034037,2077300,Goldman Sachs
2020-12-14,209.13038635253906,214.15219527580075,208.77860166658814,213.95870967261007,1927800,Goldman Sachs
2020-12-15,213.21115112304688,214.24893876345874,208.6027099915951,210.63429541187716,2348000,Goldman Sachs
2020-12-16,214.38967895507812,214.50400160870015,212.0590615613479,214.20498325349348,2400900,Goldman Sachs
2020-12-17,214.97010803222656,216.28932077906836,213.71246498837252,215.47141531749492,2983600,Goldman Sachs
2020-12-18,212.9473419189453,215.8144263401308,211.56655936517853,215.8144263401308,4088100,Goldman Sachs
2020-12-21,226.00753784179688,229.41110244021948,218.77823748330377,220.1238334138302,7408500,Goldman Sachs
2020-12-22,219.94796752929688,226.6407883049897,219.6929256051254,225.90200545787116,3599800,Goldman Sachs
2020-12-23,225.5414276123047,229.1736376727402,221.01212224358784,221.18801460107477,3376100,Goldman Sachs
2020-12-24,225.28640747070312,226.57043395864125,223.1668686696964,226.0603500681861,968100,Goldman Sachs
2020-12-28,228.30296325683594,230.99415521354103,226.0251257164589,226.73749847914831,2793400,Goldman Sachs
2020-12-29,226.9134063720703,229.41988923631953,225.58539022306775,228.89222558455336,1430900,Goldman Sachs
2020-12-30,228.17984008789062,229.23519417201118,226.75506778923247,227.61696310479826,1566500,Goldman Sachs
2020-12-31,231.92637634277344,232.1198619427203,226.90458092342902,227.60815028353534,2043100,Goldman Sachs
2021-01-04,233.0609588623047,235.3299933694145,228.80430155136568,234.81990949522773,3572000,Goldman Sachs
2021-01-05,238.27622985839844,240.53648775703624,230.92382944097574,232.07593990428262,4207100,Goldman Sachs
2021-01-06,251.1342010498047,253.62313157404793,240.1847479301205,242.99027672968856,6383500,Goldman Sachs
2021-01-07,256.4989013671875,260.22789395216955,252.12790915192141,253.0865337670909,4009700,Goldman Sachs
2021-01-08,255.1181640625,257.0530203130296,250.70320805014222,256.8067683210944,2800800,Goldman Sachs
2021-01-11,258.4161376953125,259.44513529550267,249.94681565436179,252.23342927354335,2649700,Goldman Sachs
2021-01-12,265.7861633300781,267.34285143944584,260.3422102960179,261.3272449563956,4814400,Goldman Sachs
2021-01-13,266.4281921386719,267.1141816513267,263.0510109348749,263.9128793659705,2413800,Goldman Sachs
2021-01-14,270.7640686035156,272.11846814202374,266.95595219107025,267.4044663635929,3192200,Goldman Sachs
2021-01-15,264.7308349609375,268.1167929635901,261.09859813974003,264.88913405332823,3863700,Goldman Sachs
2021-01-19,258.74163818359375,269.6471262907294,258.38982659993167,268.2399604744477,6727800,Goldman Sachs
2021-01-20,255.46115112304688,261.5998974098418,252.83152897993358,260.1663486029098,4792600,Goldman Sachs
2021-01-21,254.49371337890625,257.4575402646015,253.7549574924575,255.44356154680528,2516000,Goldman Sachs
2021-01-22,254.51141357421875,255.56676801143706,251.0902411878771,252.13681912142127,2568800,Goldman Sachs
2021-01-25,248.9266357421875,251.83769612835488,244.05433625293878,251.1165201166981,4575000,Goldman Sachs
2021-01-26,247.80088806152344,251.32756461012542,246.32334964283618,249.70933380817976,3296800,Goldman Sachs
2021-01-27,240.3868865966797,243.93997306229875,238.6191601220941,242.73509662337102,3891800,Goldman Sachs
2021-01-28,241.873291015625,246.10356512568745,238.62802496220277,241.51270291641626,3778700,Goldman Sachs
2021-01-29,238.48731994628906,243.96643368209251,238.0035924457973,241.21367180224817,3412000,Goldman Sachs
2021-02-01,241.61827087402344,243.43876443777438,239.21729352314887,239.79775047081495,2324100,Goldman Sachs
2021-02-02,252.38308715820312,253.5088147328747,244.49419079180976,244.7756293953433,5195500,Goldman Sachs
2021-02-03,253.77256774902344,254.88071513124035,250.8087405080951,252.06638364982925,2712800,Goldman Sachs
2021-02-04,258.3459167480469,260.1752138981255,254.625725884669,255.04788376828458,2994700,Goldman Sachs
2021-02-05,258.1259460449219,261.41517438375257,256.9738357923544,259.445158716361,2938100,Goldman Sachs
2021-02-08,263.9743957519531,264.62522545314613,259.00536774877065,259.44510521523716,2826200,Goldman Sachs
2021-02-09,264.2470703125,265.99724394133506,261.8197373857841,263.4907346401147,2071700,Goldman Sachs
2021-02-10,267.6067199707031,268.3982423040739,261.8637478340172,263.842567087171,3213700,Goldman Sachs
2021-02-11,265.8829040527344,268.2486940887971,263.11256300796373,267.34283585918763,2159900,Goldman Sachs
2021-02-12,269.40081787109375,269.73502270191415,265.3991900802836,265.592675674998,1977300,Goldman Sachs
2021-02-16,274.361083984375,275.2053995257309,271.95133045379134,272.6373200564843,2792200,Goldman Sachs
2021-02-17,275.0470886230469,277.01713148778634,271.5467942095122,272.6637181453732,2333100,Goldman Sachs
2021-02-18,272.54937744140625,276.5949690013681,270.5089883987187,271.95134070665625,2093300,Goldman Sachs
2021-02-19,277.5799865722656,278.60018112880044,272.83962871847007,272.83962871847007,2749500,Goldman Sachs
2021-02-22,278.6792907714844,281.92455627204345,274.58093328872906,275.2757261829595,3162300,Goldman Sachs
2021-02-23,280.73736572265625,281.4321588799405,273.1474878935489,279.6556280392173,2942500,Goldman Sachs
2021-02-24,290.789794921875,291.08001003022514,281.5201155501525,281.58168527719914,3934400,Goldman Sachs
2021-02-25,288.2568664550781,295.3366327080207,286.96403654008014,293.1555240480463,4244000,Goldman Sachs
2021-02-26,280.9747619628906,289.0659181428235,280.5877907065183,286.5066419497745,3732200,Goldman Sachs
2021-03-01,291.29620361328125,292.2850806514231,285.4600237813901,286.9521772587257,2957800,Goldman Sachs
2021-03-02,292.1967468261719,296.8321275886078,290.93416386622124,291.36679078168856,2850300,Goldman Sachs
2021-03-03,295.2781677246094,300.2843908881474,294.23631716436097,294.61597046167384,3606300,Goldman Sachs
2021-03-04,290.7398986816406,299.98417277168977,285.99857098940055,294.1303451490253,3647600,Goldman Sachs
2021-03-05,289.0447082519531,296.29355396255227,279.4119414358822,296.29355396255227,3740200,Goldman Sachs
2021-03-08,295.0662841796875,298.0682398274934,290.5721751550678,292.56757799229456,2998000,Goldman Sachs
2021-03-09,291.8878173828125,297.00882740791786,287.4555186057232,290.14844425318887,3324800,Goldman Sachs
2021-03-10,301.97967529296875,302.31519296681114,292.71774924607814,293.19453893758475,3153100,Goldman Sachs
2021-03-11,302.05029296875,304.6107840252034,297.0705559137524,299.0130122709953,2756600,Goldman Sachs
2021-03-12,307.97479248046875,309.02548127238555,303.41005974623715,304.8050772059466,2436700,Goldman Sachs
2021-03-15,305.537841796875,311.1621271697774,301.9619869400106,308.5309867062257,2276200,Goldman Sachs
2021-03-16,301.7059631347656,306.2883713885849,298.2095683384875,304.8580292876021,2332600,Goldman Sachs
2021-03-17,304.5666809082031,306.40316325124,300.54933368143134,304.2752989509926,2710900,Goldman Sachs
2021-03-18,307.2595520019531,315.07348565304727,306.3677843349889,309.68760880656623,3713000,Goldman Sachs
2021-03-19,303.9044189453125,306.5885058809362,300.7523533932502,305.8645239921126,3513000,Goldman Sachs
2021-03-22,299.60455322265625,302.7389701382009,296.66440888322103,301.1320314566459,2094500,Goldman Sachs
2021-03-23,292.92962646484375,301.86489917537324,292.5411351754781,298.09477147333115,2457500,Goldman Sachs
2021-03-24,290.17486572265625,297.49436111604444,289.9894580141157,294.3864580022255,3332200,Goldman Sachs
2021-03-25,291.8525085449219,292.5941934763012,284.23284507438643,289.0271486361215,2804700,Goldman Sachs
2021-03-26,289.06243896484375,296.1788519526976,284.91265756974565,295.34889567367793,3082600,Goldman Sachs
2021-03-29,287.5967102050781,289.38905647639115,280.52443445643365,282.8465439538969,4533200,Goldman Sachs
2021-03-30,293.14154052734375,296.4436894584433,290.35147904023165,290.8459175878333,2717300,Goldman Sachs
2021-03-31,288.718017578125,293.70656509225796,287.3406493746268,291.56989026536723,2624500,Goldman Sachs
2021-04-01,289.283203125,291.06671205561497,286.2105969718248,286.3341931626171,2659000,Goldman Sachs
2021-04-05,285.6631164550781,293.8831907783061,285.23046252841186,293.8831907783061,3235000,Goldman Sachs
2021-04-06,288.7710266113281,290.0777724534009,286.0692635005247,286.50189049271637,1801700,Goldman Sachs
2021-04-07,288.3207092285156,290.6604947042382,285.4953500960378,289.33610003264215,2157300,Goldman Sachs
2021-04-08,292.3734130859375,292.68241698770373,285.15986411825793,286.3253380253905,2402800,Goldman Sachs
2021-04-09,292.08203125,295.693211223376,290.29852259376156,294.89857972088885,2347100,Goldman Sachs
2021-04-12,292.9914855957031,295.32243371038584,291.3139239982551,293.7243325789086,2318800,Goldman Sachs
2021-04-13,289.3184814453125,291.4110211293448,286.2282266000601,290.93425835353656,3575900,Goldman Sachs
2021-04-14,296.0905456542969,304.1428619848922,287.9675798429731,290.0866062018326,9876800,Goldman Sachs
2021-04-15,298.9158630371094,301.38808256153794,295.37533297977603,299.2248938457727,4354800,Goldman Sachs
2021-04-16,302.2357482910156,303.498331649661,298.9777346278792,300.45223949652814,4231900,Goldman Sachs
2021-04-19,302.9243469238281,304.1074694860379,297.1941418048369,300.19609738975925,3228200,Goldman Sachs
2021-04-20,293.0267333984375,300.6110968122124,290.7929221808525,300.16963193170244,3662300,Goldman Sachs
2021-04-21,296.01983642578125,296.1964331470766,289.2124558544074,291.3668065188032,2733300,Goldman Sachs
2021-04-22,292.1173400878906,297.520866344512,291.6229015379305,295.44597585188643,2165200,Goldman Sachs
2021-04-23,299.6221923828125,300.7876660275165,292.0025049310495,292.4704565837885,2163800,Goldman Sachs
2021-04-26,303.3040466308594,305.4054239452651,300.98196380301187,301.90902935001196,2171500,Goldman Sachs
2021-04-27,306.04998779296875,306.8622681912518,303.4276849786218,303.7278779036292,2088600,Goldman Sachs
2021-04-28,307.35662841796875,309.1313256419676,305.5731202199591,307.25951908972735,2140900,Goldman Sachs
2021-04-29,311.6477355957031,312.40704229749946,306.80045956921816,309.51103360330626,2584400,Goldman Sachs
2021-04-30,307.6568603515625,311.5152587743089,306.5531982423158,310.0142675277831,2101100,Goldman Sachs
2021-05-03,309.16668701171875,312.61010767579177,308.37205561922156,309.3256079012426,1871700,Goldman Sachs
2021-05-04,308.8841552734375,310.59704122591563,302.46526538422563,308.05419911316955,2831400,Goldman Sachs
2021-05-05,315.75335693359375,317.095427500536,307.74517702436947,310.7912956718322,2786800,Goldman Sachs
2021-05-06,323.1258239746094,323.417178956461,314.76447758754614,317.6516483690481,3048700,Goldman Sachs
2021-05-07,327.4698486328125,328.14085696275606,318.67584836603027,319.885457888892,3378100,Goldman Sachs
2021-05-10,325.5185852050781,332.8469194551047,325.3596642917344,329.77431373938344,3396300,Goldman Sachs
2021-05-11,317.78411865234375,325.47442998474537,316.6362936978084,320.5035306933888,3734300,Goldman Sachs
2021-05-12,312.91021728515625,325.0328493253656,311.9125026138704,320.5652280985312,3309800,Goldman Sachs
2021-05-13,316.80401611328125,318.64052505152273,311.89492894144206,311.89492894144206,2673900,Goldman Sachs
2021-05-14,325.59808349609375,326.25147001278873,319.35578892987655,319.6206571495603,2732300,Goldman Sachs
2021-05-17,326.0218811035156,327.30214029744764,321.82796387875817,324.7239730109006,1826100,Goldman Sachs
2021-05-18,321.88092041015625,329.4034734164398,321.3864818244784,327.9025087616613,2018600,Goldman Sachs
2021-05-19,316.4244384765625,317.8547806784341,312.4953894374451,317.8547806784341,3696000,Goldman Sachs
2021-05-20,317.6605529785156,319.5765229261607,311.9833195693025,316.9542197594575,1919600,Goldman Sachs
2021-05-21,323.3818664550781,324.1588489645134,318.3050202732998,319.1702742039069,2657500,Goldman Sachs
2021-05-24,325.17413330078125,326.4367160974495,322.7195902160892,324.31769055478054,1834300,Goldman Sachs
2021-05-25,321.83673095703125,330.01264209823034,321.4658886072505,326.6045462056438,2631000,Goldman Sachs
2021-05-26,324.3883972167969,325.6156825499631,319.5411213255334,322.26937112440663,2121200,Goldman Sachs
2021-05-27,327.8936462402344,329.818426800423,324.30011536991884,327.85832150251275,3897000,Goldman Sachs
2021-05-28,329.5768737792969,330.507097322173,326.24586404153575,329.5591652775215,2169700,Goldman Sachs
2021-06-01,338.80804443359375,339.6230679894785,333.37740184010016,334.6088319775459,3644000,Goldman Sachs
2021-06-02,339.6939392089844,340.78362018790096,336.08827258116673,339.59647487629627,2809700,Goldman Sachs
2021-06-03,344.3717041015625,346.61306031751565,336.7617234784506,338.63985254024374,3003900,Goldman Sachs
2021-06-04,346.7901611328125,347.32168654764115,342.2454295848626,345.22208005142585,2514100,Goldman Sachs
2021-06-07,343.8755187988281,348.3936742712561,343.3350985558943,348.1633285576238,2188700,Goldman Sachs
2021-06-08,340.8102111816406,342.38713278451485,338.6131406301367,341.7758516035697,2452600,Goldman Sachs
2021-06-09,339.1093444824219,340.4293445171035,335.6542935969528,339.44599531872893,2025900,Goldman Sachs
2021-06-10,331.27783203125,345.18665690382954,329.8692356352638,345.18665690382954,3900800,Goldman Sachs
2021-06-11,334.91888427734375,335.5390332389351,332.31430189606436,332.83701355459635,2117300,Goldman Sachs
2021-06-14,330.3741760253906,335.53902891796565,328.4074511308918,334.36961908104695,2560500,Goldman Sachs
2021-06-15,328.93896484375,332.07509946423886,325.2713048942599,330.8879811696756,2302900,Goldman Sachs
2021-06-16,328.6732177734375,331.4018137233176,323.5792258537683,328.66435000557465,3264200,Goldman Sachs
2021-06-17,320.2570495605469,330.9056974644715,315.87177624184005,330.9056974644715,4146300,Goldman Sachs
2021-06-18,309.03253173828125,317.4930037454487,308.41240983939366,315.84519410969415,6290100,Goldman Sachs
2021-06-21,316.748779296875,317.1297147220169,310.9903550192434,312.6292965669743,2717300,Goldman Sachs
2021-06-22,316.7400207519531,318.82191873124475,312.4079264371451,316.27048861499634,1870800,Goldman Sachs
2021-06-23,319.8584899902344,321.1253645913803,316.85526262048495,317.85634742236357,1713100,Goldman Sachs
2021-06-24,326.6799621582031,328.5669585365461,321.3910678589117,321.58596952793965,2716600,Goldman Sachs
2021-06-25,326.6976318359375,328.8061059041567,322.95024283188906,326.7419436402896,2782400,Goldman Sachs
2021-06-28,326.6445007324219,326.7862498510688,322.34782350927406,325.8383178277999,1833400,Goldman Sachs
2021-06-29,330.1083984375,334.9543362993412,328.45174795897003,332.0928319045033,2365900,Goldman Sachs
2021-06-30,336.2300720214844,336.7438889202581,328.5846495973635,328.5846495973635,2238400,Goldman Sachs
2021-07-01,332.2080078125,338.0993420348333,331.46384525550474,337.2665829038408,2571000,Goldman Sachs
2021-07-02,331.4727783203125,333.63440537944535,329.93130036544443,333.3774833750061,1598900,Goldman Sachs
2021-07-06,327.66326904296875,331.00317325777866,323.720978432208,330.6488140058722,2162900,Goldman Sachs
2021-07-07,325.7231750488281,327.86706627811634,320.8595013057922,325.57255816015044,2012800,Goldman Sachs
2021-07-08,317.98919677734375,321.48855934610515,315.0213867176945,318.653630654763,2940500,Goldman Sachs
2021-07-09,329.3465881347656,329.6920796872492,323.3135307799874,324.24372738024954,2641800,Goldman Sachs
2021-07-12,337.08935546875,340.19004599211564,325.42188808932883,328.0619143249954,4135900,Goldman Sachs
2021-07-13,333.0850524902344,341.3683043063466,329.56798236324755,337.5854715141976,6466800,Goldman Sachs
2021-07-14,331.68536376953125,338.2145292376799,329.01878770622284,335.5390854051229,3295700,Goldman Sachs
2021-07-15,330.75506591796875,335.53898263951584,328.2922330146173,328.88577858309174,2183900,Goldman Sachs
2021-07-16,323.1806335449219,332.15492495224083,322.32129796505313,332.15492495224083,2583300,Goldman Sachs
2021-07-19,314.25054931640625,314.66692883060637,309.18313411706407,313.61269191243747,4394600,Goldman Sachs
2021-07-20,323.1451721191406,325.40423622211085,311.4334179369201,312.0801161985234,2937900,Goldman Sachs
2021-07-21,330.8880310058594,332.12830202012424,325.9534961833722,326.05096053228607,2398800,Goldman Sachs
2021-07-22,330.18817138671875,331.0563746625453,326.4142055947995,329.8249443132367,1887100,Goldman Sachs
2021-07-23,331.3753356933594,334.8746985160159,329.00996605822314,331.8537356898588,1706900,Goldman Sachs
2021-07-26,333.01416015625,333.70517011269595,330.54245925839956,330.60447955810173,1559100,Goldman Sachs
2021-07-27,332.0751647949219,332.34095454758886,327.0963449706777,330.00213449635123,1791800,Goldman Sachs
2021-07-28,331.5347900390625,334.37855941042216,329.8604037225055,332.9345188184836,1668900,Goldman Sachs
2021-07-29,334.47601318359375,336.2124199015455,332.04862332956924,334.01534874758374,1296600,Goldman Sachs
2021-07-30,332.1106872558594,336.6022674812835,330.49832096428844,333.60788066433406,1474900,Goldman Sachs
2021-08-02,335.0429382324219,342.78579761353774,332.88131158447874,333.2534063834336,2383200,Goldman Sachs
2021-08-03,336.96539306640625,337.8070200752628,329.3554140888308,336.86795574742393,1494600,Goldman Sachs
2021-08-04,334.7505798339844,338.99410441976573,332.8901869046411,335.2998677945939,1460500,Goldman Sachs
2021-08-05,340.4558410644531,340.4647088325587,336.6021469615066,336.77931307246917,1583800,Goldman Sachs
2021-08-06,352.4954833984375,353.35479194927524,344.30079868307337,344.51340887825927,3655800,Goldman Sachs
2021-08-09,354.2583312988281,358.4398350893583,348.67707205456946,351.34367459468893,3319100,Goldman Sachs
2021-08-10,361.4254455566406,363.78197423738567,353.9217713749651,354.47103237651413,3152300,Goldman Sachs
2021-08-11,366.6700134277344,367.36986421814254,360.61922126215893,362.16069899784276,3000500,Goldman Sachs
2021-08-12,367.65338134765625,370.8603776013815,363.7199309602469,367.10412038078147,2312800,Goldman Sachs
2021-08-13,363.9147644042969,369.32769831571517,361.61138884700983,368.53922401787935,1980000,Goldman Sachs
2021-08-16,361.7619934082031,362.32896275182696,356.2693308842745,362.32896275182696,1590700,Goldman Sachs
2021-08-17,358.76763916015625,361.7620248393453,354.541850355809,357.7665546777895,2077400,Goldman Sachs
2021-08-18,353.3016357421875,359.77764921705074,353.11560182332613,356.6681170011173,2187800,Goldman Sachs
2021-08-19,348.6682434082031,352.35363899843287,346.31171525039804,349.58073129703297,2241500,Goldman Sachs
2021-08-20,350.70587158203125,351.21971552457586,346.39148579063556,346.8255738860526,1612100,Goldman Sachs
2021-08-23,355.64923095703125,357.99689134479445,353.4787366718881,356.0390342330233,1857600,Goldman Sachs
2021-08-24,361.94805908203125,362.92256729753217,356.7566298258105,357.54507713025356,1958400,Goldman Sachs
2021-08-25,365.98779296875,369.141636076911,362.28468899867767,363.1351565578991,1845300,Goldman Sachs
2021-08-26,365.35882568359375,372.7296170772622,364.2514361245406,368.43294018096043,2076500,Goldman Sachs
2021-08-27,371.8082580566406,371.9500071632324,365.4385512072727,365.6866053848389,2174500,Goldman Sachs
2021-08-30,366.4131164550781,372.756248024101,365.63350976540534,372.0386616474435,2089400,Goldman Sachs
2021-08-31,368.1134033203125,369.3151737626301,363.8848752932339,366.8670785890583,1958100,Goldman Sachs
2021-09-01,368.2469482421875,370.42796229334846,365.2647176342218,367.80184000718515,1680400,Goldman Sachs
2021-09-02,368.99468994140625,371.7365444414228,367.3389005129494,369.53770889356207,1830400,Goldman Sachs
2021-09-03,366.1549072265625,369.5466295549301,365.52286118608487,368.54959152847283,1373600,Goldman Sachs
2021-09-07,365.273681640625,369.1995401046372,364.6683408730835,365.8790224081665,1557000,Goldman Sachs
2021-09-08,360.5376892089844,365.86119375825615,360.2706351209156,364.2944039955804,1646200,Goldman Sachs
2021-09-09,360.1637878417969,363.9917351795701,359.2112768121547,360.2439312358086,2424600,Goldman Sachs
2021-09-10,359.1845703125,364.8018343653485,358.89969450671873,363.2083391919649,1956000,Goldman Sachs
2021-09-13,364.3299560546875,364.4278668139732,359.46935517043624,362.6830503558367,1802800,Goldman Sachs
2021-09-14,359.3714904785156,371.22918042956667,358.5613902272947,365.25580833000106,3263200,Goldman Sachs
2021-09-15,357.8225402832031,359.30027579592684,352.7126789960631,354.30617417014133,3199800,Goldman Sachs
2021-09-16,353.1310729980469,361.41010270849944,351.5376050311473,360.11036706434203,2882900,Goldman Sachs
2021-09-17,348.4841613769531,355.33883964582424,346.14288751497435,352.8106279160771,3843700,Goldman Sachs
2021-09-20,336.61761474609375,339.0478887307749,331.60569083053844,336.3416497673736,3834500,Goldman Sachs
2021-09-21,334.5789794921875,339.6176083439398,333.01218969595277,339.038973029229,2377300,Goldman Sachs
2021-09-22,343.1517333984375,346.5523667311203,338.0240779928111,338.9944106556918,2991300,Goldman Sachs
2021-09-23,348.8402404785156,350.5138519212168,345.5642501300063,347.5316482446991,2518000,Goldman Sachs
2021-09-24,347.9410705566406,349.4010112635009,345.9380837419363,347.6027839922865,1789700,Goldman Sachs
2021-09-27,355.9173889160156,356.9767485226671,351.7956829591316,353.041980388355,2788500,Goldman Sachs
2021-09-28,346.7394104003906,359.8344906677297,345.751282887287,356.4872942939544,2609000,Goldman Sachs
2021-09-29,342.6354064941406,349.3120295576236,342.1101549059677,347.78973993873035,1955000,Goldman Sachs
2021-09-30,336.52850341796875,345.421756529072,335.27329503832755,345.40396198134425,2665700,Goldman Sachs
2021-10-01,338.2822265625,340.70361621826885,334.5878339953328,337.783707559893,2382300,Goldman Sachs
2021-10-04,333.074462890625,344.39801666228686,331.8904870241663,338.4691721379157,2895600,Goldman Sachs
2021-10-05,343.4544372558594,345.5998623531668,334.2763070052084,336.59087541659113,2508100,Goldman Sachs
2021-10-06,345.4484558105469,346.78378038216437,337.0893381191903,340.4009441434916,2111800,Goldman Sachs
2021-10-07,347.736328125,354.17260251984993,346.97075505620734,349.77493130133536,2348000,Goldman Sachs
2021-10-08,349.6858825683594,351.02120709449827,345.56417651758454,347.9232444136472,1446700,Goldman Sachs
2021-10-11,342.9469909667969,353.37144559632355,342.7511422528478,349.7660525214315,1787400,Goldman Sachs
2021-10-12,344.0953369140625,345.92918048689006,339.1902359576291,343.81937200912955,2088200,Goldman Sachs
2021-10-13,343.8995361328125,345.7422908196942,337.0626798893911,345.4040042007785,2391600,Goldman Sachs
2021-10-14,348.252685546875,350.44261040352336,340.240737509759,348.96484783882977,3380900,Goldman Sachs
2021-10-15,361.49017333984375,362.55841669961177,352.82835814885374,358.1429510446249,6451400,Goldman Sachs
2021-10-18,368.27362060546875,370.27660748325695,362.8522060496585,363.2171980296808,3832300,Goldman Sachs
2021-10-19,366.9117126464844,370.19661439196284,364.71287634486674,369.600157258612,2568300,Goldman Sachs
2021-10-20,363.1103820800781,368.8433507281626,361.60591418388753,365.8789420563321,2453400,Goldman Sachs
2021-10-21,362.8432922363281,367.3566958176486,360.1993484924967,362.14001368702674,2162100,Goldman Sachs
2021-10-22,368.8344421386719,369.760247575945,364.18751173664907,364.9797901557816,2411000,Goldman Sachs
2021-10-25,369.2172546386719,373.43687171245136,367.8997245766896,370.51696298548285,1824700,Goldman Sachs
2021-10-26,371.7632141113281,373.72170082826227,368.33590310756136,370.6593545984627,1843300,Goldman Sachs
2021-10-27,365.8701171875,372.16395516334285,365.47841970428806,370.8197193838086,2067200,Goldman Sachs
2021-10-28,369.2796325683594,369.36865965603306,364.15197659158855,366.7692153991276,1444700,Goldman Sachs
2021-10-29,367.9709777832031,370.2944296947383,366.0391961187168,368.5674075954879,2061700,Goldman Sachs
2021-11-01,370.9532165527344,372.76035491298995,367.8819588425028,371.28259230221556,1820800,Goldman Sachs
2021-11-02,377.31829833984375,379.3746964415933,367.472505256542,369.5289033582915,3000800,Goldman Sachs
2021-11-03,372.02142333984375,377.4517487434228,367.2676710850789,376.6683539747428,3542400,Goldman Sachs
2021-11-04,363.2706298828125,370.3211288873808,358.78393140983735,369.1282421155788,3802300,Goldman Sachs
2021-11-05,362.3892822265625,368.95019995249436,361.5168875366228,366.23502361664976,2105600,Goldman Sachs
2021-11-08,363.5110168457031,368.23806447582405,363.17273021545293,364.8908687760786,1728400,Goldman Sachs
2021-11-09,360.8492431640625,362.8344084589992,356.139990540346,361.5257891918133,2246900,Goldman Sachs
2021-11-10,355.30322265625,361.0273085134127,353.63852206590974,358.1608101553514,2243900,Goldman Sachs
2021-11-11,358.169677734375,359.4337970275585,354.7601607368073,356.211217874791,1252400,Goldman Sachs
2021-11-12,360.4575500488281,360.6266933495941,355.37442166947903,358.7572333502988,1360100,Goldman Sachs
2021-11-15,360.36846923828125,362.6207154593938,359.56727997725534,361.4278288410226,1436500,Goldman Sachs
2021-11-16,358.83734130859375,361.28543651701824,355.19635933140694,359.5673253090639,1311000,Goldman Sachs
2021-11-17,348.564208984375,358.4456161298642,348.49300362832764,357.73345390040004,2927000,Goldman Sachs
2021-11-18,348.40399169921875,350.67405984288064,343.3386581578198,349.2318864395813,1847400,Goldman Sachs
2021-11-19,344.8609924316406,347.39808779240855,339.2081120681839,340.4009989508236,2610400,Goldman Sachs
2021-11-22,352.6680908203125,358.3031480162004,347.3445875939959,349.997441934305,3058700,Goldman Sachs
2021-11-23,361.73052978515625,362.2824596080279,353.86993090351075,356.3091151532011,2402300,Goldman Sachs
2021-11-24,355.365478515625,362.7453799045562,354.5731728980154,360.5376335043696,2186300,Goldman Sachs
2021-11-26,346.64141845703125,348.7067001047063,340.7036624059297,342.2704521506675,2687900,Goldman Sachs
2021-11-29,344.10430908203125,352.8551257192746,340.46332669240536,350.7453168655999,2883400,Goldman Sachs
2021-11-30,339.1635437011719,344.36240431150543,335.8430538559159,341.4247010050606,4570400,Goldman Sachs
2021-12-01,336.9173278808594,349.15974831024397,336.6756835536983,343.4859952221574,2476000,Goldman Sachs
2021-12-02,346.8150634765625,348.20216958936027,336.5145920943455,338.2775741951416,3343700,Goldman Sachs
2021-12-03,342.5105895996094,348.9092219378661,339.19939547796184,348.9092219378661,2807500,Goldman Sachs
2021-12-06,348.3901672363281,352.2383155674485,343.1907167237389,347.8263941016233,1990200,Goldman Sachs
2021-12-07,358.0642395019531,359.53191244030495,351.7551029894781,352.22044871326995,2441000,Goldman Sachs
2021-12-08,355.5674133300781,359.49607353644933,353.6165063973358,359.06653208226544,1635200,Goldman Sachs
2021-12-09,354.82452392578125,358.1357174040917,351.70128209391123,354.1175613684204,2111500,Goldman Sachs
2021-12-10,349.9651794433594,356.9454999687624,347.8173906132828,356.17588678982014,1893800,Goldman Sachs
2021-12-13,344.2198791503906,350.0815573967191,342.4479388517369,350.0815573967191,2313300,Goldman Sachs
2021-12-14,347.9606018066406,351.2538800381827,342.98488023859255,343.25334361755904,2788500,Goldman Sachs
2021-12-15,348.93597412109375,350.26938744462853,340.6043256979666,348.5690560479803,2802300,Goldman Sachs
2021-12-16,355.6120910644531,357.822530478146,350.62741185830015,353.60749177160733,3578200,Goldman Sachs
2021-12-17,341.67828369140625,352.3009398358033,340.63124920876703,348.3096022203881,7058600,Goldman Sachs
2021-12-20,332.55914306640625,336.15671660619677,328.1203750759364,336.05826181593994,3735600,Goldman Sachs
2021-12-21,340.35382080078125,341.93780931565595,335.37809936549746,336.87259098623184,2942800,Goldman Sachs
2021-12-22,342.152587890625,343.6560647391916,339.41415219271266,340.4433255330949,1487900,Goldman Sachs
2021-12-23,344.57781982421875,346.87772888659794,343.26229467221435,343.4591769164129,1624000,Goldman Sachs
2021-12-27,347.2625732421875,348.22011084398474,344.54202596164697,346.3228967850118,1430400,Goldman Sachs
2021-12-28,346.8777770996094,350.20685994837794,345.65174867194565,348.0590707289902,1528200,Goldman Sachs
2021-12-29,345.6159362792969,348.53333851765,344.02298981311986,347.19992486248816,1327800,Goldman Sachs
2021-12-30,345.0074157714844,348.81976014345787,344.7210638978803,347.0030848663696,1160100,Goldman Sachs
2021-12-31,342.3494567871094,346.3318363724869,340.81916097104096,344.5420077607428,1601300,Goldman Sachs
2022-01-03,353.7864990234375,357.3393102967978,346.63614168080204,348.1217028674852,3334300,Goldman Sachs
2022-01-04,364.6596984863281,367.16544766866934,359.0217218601337,359.961398286475,3916400,Goldman Sachs
2022-01-05,356.7397155761719,369.29536295031215,356.07748768939325,366.7358936800536,3469600,Goldman Sachs
2022-01-06,355.21832275390625,359.03962425292394,345.82172270417766,358.8606304705872,2960900,Goldman Sachs
2022-01-07,355.7374572753906,358.4579775819307,353.0706023412114,355.8806468668857,2360700,Goldman Sachs
2022-01-10,357.22296142578125,361.87649950724983,352.79312461387957,359.1470217532451,3009400,Goldman Sachs
2022-01-11,360.6951599121094,360.9546926788991,354.66344690125896,358.1894110588044,1748800,Goldman Sachs
2022-01-12,349.2940368652344,361.6528025297396,347.7279366670902,360.86527348897357,4158000,Goldman Sachs
2022-01-13,349.7325134277344,355.1646500304315,348.79286429422945,352.6409850350628,2497800,Goldman Sachs
2022-01-14,340.90869140625,343.99615698953573,335.59289772149197,341.97364171986914,4685300,Goldman Sachs
2022-01-18,317.15765380859375,323.5742019905346,310.7411329372726,322.2049840686135,13123500,Goldman Sachs
2022-01-19,310.8216247558594,321.90959814363515,309.9893610555205,320.68356998731787,7426100,Goldman Sachs
2022-01-20,311.5196838378906,319.64549394029933,309.765659397485,312.2356043778796,4599900,Goldman Sachs
2022-01-21,307.76995849609375,312.3161108029717,304.9151798954729,309.22867307197015,4904100,Goldman Sachs
2022-01-24,307.3045959472656,307.91313104020355,291.9478652128645,301.8724602747251,6569800,Goldman Sachs
2022-01-25,305.657958984375,306.8929450506741,296.13608532225106,302.35572313252874,3959300,Goldman Sachs
2022-01-26,306.669189453125,313.64953655286973,302.84791567646937,310.17726511036375,3745900,Goldman Sachs
2022-01-27,305.19256591796875,312.1191925732902,302.23040232032236,309.34498060735814,2573400,Goldman Sachs
2022-01-28,310.5442199707031,310.66949377117754,298.40918424800947,302.23941635944055,3714600,Goldman Sachs
2022-01-31,317.4082336425781,317.8825371833564,307.3494045004617,308.38750848436933,3312400,Goldman Sachs
2022-02-01,325.80242919921875,326.2319978044947,316.844330205045,318.7057668506296,3303700,Goldman Sachs
2022-02-02,324.9075622558594,329.80274424810955,320.22715094212055,325.30132670687374,2742400,Goldman Sachs
2022-02-03,321.1668701171875,327.323885288109,320.5225306850999,324.69283488296963,2372900,Goldman Sachs
2022-02-04,328.9704895019531,331.96845775388437,323.0819383402658,324.1111115942151,3762300,Goldman Sachs
2022-02-07,329.4626770019531,332.433798878464,325.1670995089032,327.0822018100943,2635600,Goldman Sachs
2022-02-08,331.20782470703125,333.489845501439,327.7623988069367,332.0848233397178,3422300,Goldman Sachs
2022-02-09,335.1722717285156,336.73837184716206,331.9237282555672,333.80305386006665,2250400,Goldman Sachs
2022-02-10,331.62841796875,337.74067097611913,330.07124842507955,332.6486061284885,2406200,Goldman Sachs
2022-02-11,324.9075622558594,335.50334359539266,322.85820099634583,329.82063270111377,3142100,Goldman Sachs
2022-02-14,322.38397216796875,326.0083920705388,319.6455361405807,324.90763746712923,2585600,Goldman Sachs
2022-02-15,325.6950988769531,327.440192613063,323.38620478577343,325.82933055420403,1846400,Goldman Sachs
2022-02-16,322.2138671875,324.87176362221567,319.0637788358656,323.3772721075322,2165300,Goldman Sachs
2022-02-17,312.3787841796875,323.0282589150602,311.28698763844386,321.0773522905712,3102400,Goldman Sachs
2022-02-18,309.67608642578125,313.21993865617713,307.28665373422086,309.2554757014471,2910900,Goldman Sachs
2022-02-22,308.0921630859375,312.32511792575133,305.3447967015153,306.4723702465876,2590800,Goldman Sachs
2022-02-23,305.3357849121094,312.55774922218603,304.1097568003858,311.04534200550984,2217300,Goldman Sachs
2022-02-24,304.44085693359375,305.16573523419834,292.59220193545104,294.0419585366603,4564000,Goldman Sachs
2022-02-25,313.3273620605469,313.84642760163354,304.4408704183266,304.4408704183266,2980500,Goldman Sachs
2022-02-28,305.42535400390625,307.7073748802092,302.0783554585419,304.49463534808,4245700,Goldman Sachs
2022-03-01,295.44219970703125,304.4080792777343,294.3799552372428,303.7239264788202,5631500,Goldman Sachs
2022-03-02,302.8057556152344,304.2640582444999,294.72204382298474,298.50285080164673,3469900,Goldman Sachs
2022-03-03,300.1412048339844,307.4147241404907,297.1795735916505,305.0472212838642,2393700,Goldman Sachs
2022-03-04,296.76544189453125,297.6566205805174,291.6613560757027,294.3619241875148,3293100,Goldman Sachs
2022-03-07,289.7619934082031,295.07310563518143,288.82578869409525,294.1999207753581,3689900,Goldman Sachs
2022-03-08,289.2939147949219,297.5666590574341,286.755373639964,290.31113339420955,3596400,Goldman Sachs
2022-03-09,300.2942199707031,303.7869597187696,297.08954746345955,298.5748546835218,3202100,Goldman Sachs
2022-03-10,296.9725036621094,298.7188734492995,292.34554402474794,294.92908343432015,2232600,Goldman Sachs
2022-03-11,294.36199951171875,303.01280839050855,294.1009368353925,300.99639247528734,2613500,Goldman Sachs
2022-03-14,292.5436096191406,298.5208539412141,290.67119997251166,296.35139383082446,2342200,Goldman Sachs
2022-03-15,296.306396484375,298.7729070680346,292.41757102324954,294.4250036156909,2140700,Goldman Sachs
2022-03-16,306.74853515625,307.2616222131212,300.8973043152631,301.62645549925816,3468500,Goldman Sachs
2022-03-17,309.0080871582031,309.30516512285465,301.4735042833145,303.69697378812316,2403500,Goldman Sachs
2022-03-18,310.907470703125,312.15871989049356,303.6339237660529,305.04722795059547,5861900,Goldman Sachs
2022-03-21,305.16424560546875,311.735618076768,303.49888950828625,310.79944076066,3401200,Goldman Sachs
2022-03-22,308.7740173339844,311.68161191388515,306.1724564239636,308.04486601747146,2840200,Goldman Sachs
2022-03-23,302.112548828125,306.8115385558012,301.68047550155256,306.06439344753625,2196800,Goldman Sachs
2022-03-24,302.6706848144531,303.813915436096,300.9332984344324,302.8597168920099,1944100,Goldman Sachs
2022-03-25,303.8049011230469,307.7117196849591,301.99553917341336,303.75089195867565,1580800,Goldman Sachs
2022-03-28,301.8335266113281,304.71414398326766,298.4218282056636,304.39907216577376,2182600,Goldman Sachs
2022-03-29,305.7583923339844,309.6652117672459,303.12084348973355,308.28792282540115,2378700,Goldman Sachs
2022-03-30,302.0945739746094,305.93837303309704,300.33021034614313,305.16422329311763,2650200,Goldman Sachs
2022-03-31,297.152587890625,302.9137957478226,297.152587890625,302.58072999639484,2632000,Goldman Sachs
2022-04-01,297.2605895996094,300.8073385682569,294.8750928241496,300.60028508525306,2444800,Goldman Sachs
2022-04-04,295.4512023925781,298.74589941852,293.33575147094274,297.06254936756056,2569400,Goldman Sachs
2022-04-05,291.6253967285156,296.82849118944546,291.1933233295985,294.68603568113235,2573900,Goldman Sachs
2022-04-06,284.69403076171875,288.61884504575755,284.234925179539,288.06073177340454,3151300,Goldman Sachs
2022-04-07,282.7945251464844,284.3068369091059,277.438414119299,283.55969171368326,3562600,Goldman Sachs
2022-04-08,289.3118896484375,291.3733036319084,281.7592872604239,282.28138503429665,3294200,Goldman Sachs
2022-04-11,288.74481201171875,296.07234074374725,287.18747418338245,288.6097616004555,2747700,Goldman Sachs
2022-04-12,287.86260986328125,294.46999778709693,286.26928426802857,289.5729644941341,2365200,Goldman Sachs
2022-04-13,289.8340148925781,290.42814326015184,283.30764100679863,284.2798335808989,3022900,Goldman Sachs
2022-04-14,289.5369567871094,299.79010065264214,287.18744796513323,295.6852388321532,5460900,Goldman Sachs
2022-04-18,296.9544982910156,299.45702384738877,288.6457398300737,288.6457398300737,3653400,Goldman Sachs
2022-04-19,302.4186706542969,303.5439075186578,297.4856223511612,297.4856223511612,2774800,Goldman Sachs
2022-04-20,307.0186767578125,310.4754016826155,303.81400383362205,304.3541231125367,3040100,Goldman Sachs
2022-04-21,300.9333190917969,312.6808077780175,300.0871388196577,309.9622180847868,3097800,Goldman Sachs
2022-04-22,287.8536376953125,299.3130619571658,287.58359178594935,299.14202372403304,3125200,Goldman Sachs
2022-04-25,289.3389892578125,290.0051208536375,281.5253216808692,284.8020254182341,3093600,Goldman Sachs
2022-04-26,281.86737060546875,289.50098850498114,281.5793033326704,286.2153018724714,2791700,Goldman Sachs
2022-04-27,281.96630859375,287.3764276878964,280.98510553850014,280.98510553850014,2469300,Goldman Sachs
2022-04-28,286.6293640136719,287.4845276214131,280.9941685197999,285.4681117774025,2176000,Goldman Sachs
2022-04-29,274.9988708496094,287.2324423813738,274.2967241658305,285.58510774806257,3129600,Goldman Sachs
2022-05-02,279.4368591308594,280.29202274161156,272.0462829624562,275.28697091717316,2968100,Goldman Sachs
2022-05-03,283.2536315917969,287.6285393789056,280.2470019559988,280.4270233731799,2606200,Goldman Sachs
2022-05-04,291.7603759765625,292.3815088661002,281.012139713903,284.3068087737109,2629400,Goldman Sachs
2022-05-05,281.82232666015625,288.67275540597353,277.87949234840846,288.51072789300923,2622100,Goldman Sachs
2022-05-06,281.7232666015625,282.3984086507707,275.51196524316686,281.11114440346444,2375600,Goldman Sachs
2022-05-09,278.0595703125,282.4524723513615,274.53982578646264,278.0865749008182,3234000,Goldman Sachs
2022-05-10,274.61181640625,283.69472548661327,270.6419772739414,280.6070819853525,2798400,Goldman Sachs
2022-05-11,271.4521484375,279.87793693009223,270.9570551725045,274.6118225561727,2320600,Goldman Sachs
2022-05-12,269.5257568359375,272.6584263640604,264.5657036176441,270.05686537458155,3408300,Goldman Sachs
2022-05-13,276.3490905761719,278.7256033955198,273.2704587084482,273.32446786601554,2152500,Goldman Sachs
2022-05-16,273.1535339355469,275.88110731982783,270.5519728098063,275.4130186184393,1568800,Goldman Sachs
2022-05-17,281.7323303222656,282.94759173393214,277.3754161077829,278.9417371658921,2096200,Goldman Sachs
2022-05-18,276.1150817871094,281.6332192780151,274.4497260400917,278.15850166686084,2033200,Goldman Sachs
2022-05-19,277.43841552734375,279.04973495649875,273.10850622010395,273.4955811128102,2108800,Goldman Sachs
2022-05-20,276.1781005859375,281.3902049729557,269.52571511714075,280.1929651426172,2201100,Goldman Sachs
2022-05-23,285.0090637207031,289.7080553171985,280.02203228247083,281.5073398764802,2653000,Goldman Sachs
2022-05-24,282.6144714355469,284.2797998383489,275.84502960603766,283.87473109372144,1870900,Goldman Sachs
2022-05-25,283.4697265625,285.9002497027899,279.04080869249003,280.18403970367035,1929500,Goldman Sachs
2022-05-26,291.32830810546875,293.0116579353246,286.24224334684095,286.5302830845203,2440400,Goldman Sachs
2022-05-27,295.7842712402344,295.8653124750176,290.93226383474973,294.13693644573385,2106700,Goldman Sachs
2022-05-31,296.02886962890625,298.62823139888104,292.2339739173883,293.456677828519,2722900,Goldman Sachs
2022-06-01,291.5003356933594,298.2206323164201,286.04798931783824,296.16469772901246,2330200,Goldman Sachs
2022-06-02,293.67401123046875,294.53443958993455,289.127395008486,290.3591370390428,1957500,Goldman Sachs
2022-06-03,288.6292724609375,292.08906272115144,287.5605501208235,290.6218290610208,1238900,Goldman Sachs
2022-06-06,290.28662109375,294.5434048517098,289.6345144038712,292.5418107279886,1099700,Goldman Sachs
2022-06-07,291.19232177734375,291.49119134038915,286.79966060033547,288.26689373496066,2516800,Goldman Sachs
2022-06-08,285.00640869140625,289.41717471085366,283.30368385206526,288.32128260717485,1438100,Goldman Sachs
2022-06-09,275.5328369140625,284.51741856879175,275.3516853441472,283.99209559994677,2896500,Goldman Sachs
2022-06-10,259.9547119140625,270.4880360189793,259.8007579731128,268.98456660821506,3866900,Goldman Sachs
2022-06-13,256.6036071777344,259.41129010824056,252.0750952381577,252.6909662283777,4218100,Goldman Sachs
2022-06-14,255.89710998535156,261.91095828310637,254.77402045059557,257.518297039509,2487700,Goldman Sachs
2022-06-15,262.71710205078125,266.7112529553514,257.37346341368095,260.0815047474998,2725800,Goldman Sachs
2022-06-16,258.1070251464844,259.1485771575566,252.82676579634725,256.023893484502,2777300,Goldman Sachs
2022-06-17,253.406494140625,259.26639004952665,251.921128867715,255.52583453941395,5234400,Goldman Sachs
2022-06-21,257.95306396484375,260.905662240209,256.29564095519913,260.6339349725059,2506300,Goldman Sachs
2022-06-22,257.7085266113281,259.0399100278168,254.53856872824454,255.67069654363152,2463100,Goldman Sachs
2022-06-23,259.184814453125,259.5651939042719,252.62751163598128,257.0020688030365,2547000,Goldman Sachs
2022-06-24,274.201416015625,274.5455873680942,262.653709808526,263.5594122561416,3984300,Goldman Sachs
2022-06-27,272.4171447753906,275.6233387517252,270.6963158822742,274.48214497509866,2091700,Goldman Sachs
2022-06-28,271.248779296875,279.8348472510998,270.9680137885261,277.0543344918082,2276600,Goldman Sachs
2022-06-29,274.6814270019531,278.44915236083216,271.6292142892635,274.76293690242875,2475900,Goldman Sachs
2022-06-30,269.01171875,272.00959150345506,264.67342412481514,268.61320748006847,2669500,Goldman Sachs
2022-07-01,271.0133056640625,272.0095560692677,264.21147263453923,267.4267047018986,1749400,Goldman Sachs
2022-07-05,269.1748046875,269.3106545398963,261.16836994820574,265.37084298131674,2480900,Goldman Sachs
2022-07-06,266.05914306640625,269.3015454627235,263.1971201957701,268.3324372713684,1774500,Goldman Sachs
2022-07-07,270.4427185058594,270.8683997022086,265.9142069020769,269.59135611316094,2046500,Goldman Sachs
2022-07-08,268.5135498046875,272.51676595059973,267.24557217018116,272.16352880250184,1438900,Goldman Sachs
2022-07-11,265.5338439941406,268.57701867148256,264.3564418369812,265.5519757330743,1519400,Goldman Sachs
2022-07-12,264.94512939453125,270.87746922491556,262.2099180201893,262.39104192136114,1772600,Goldman Sachs
2022-07-13,262.78955078125,263.73148903414614,258.858805608002,263.1156180241097,1884100,Goldman Sachs
2022-07-14,255.0367431640625,257.43684906822625,251.640359061988,257.43684906822625,3171900,Goldman Sachs
2022-07-15,266.1587219238281,268.47731752611725,258.2609970160809,259.4837006097493,3457600,Goldman Sachs
2022-07-18,272.8519592285156,281.8999188639268,270.5424011406612,276.92762070606636,6767900,Goldman Sachs
2022-07-19,288.05859375,289.0458335399303,274.8806368765965,274.9621467635024,5641100,Goldman Sachs
2022-07-20,291.1380615234375,291.7901683883612,286.4827376966511,287.36127017245326,3489800,Goldman Sachs
2022-07-21,295.74810791015625,296.309639048833,289.68895585471057,290.2867228332576,2518800,Goldman Sachs
2022-07-22,293.38421630859375,298.0214088777405,291.8083027382574,296.2643437439836,1830300,Goldman Sachs
2022-07-25,293.5561828613281,296.4272709012018,292.1795255135353,295.23173740347187,4024500,Goldman Sachs
2022-07-26,288.5114440917969,293.7101938633372,287.79595920652395,291.4278064768621,2054700,Goldman Sachs
2022-07-27,293.9366455078125,295.6122003667478,288.35751577008205,290.0874105582938,2081900,Goldman Sachs
2022-07-28,298.07568359375,298.86366784633907,291.53653923882587,294.6249598925071,1820700,Goldman Sachs
2022-07-29,301.95208740234375,303.57327453457003,298.4288923709628,298.4288923709628,2112200,Goldman Sachs
2022-08-01,300.76568603515625,303.2291980390126,297.98520025553415,300.4487122593905,1476500,Goldman Sachs
2022-08-02,296.9617004394531,300.5392082524835,296.3639335525509,298.42893387101157,1862900,Goldman Sachs
2022-08-03,301.7528991699219,303.87223959837445,298.5376388699544,300.75662094120173,1770600,Goldman Sachs
2022-08-04,300.575439453125,302.77628956653433,299.4433114968639,301.85248310456865,1533400,Goldman Sachs
2022-08-05,303.11138916015625,305.140153388814,298.58287783558836,299.6968739319347,1876400,Goldman Sachs
2022-08-08,303.1203918457031,306.8881161427444,302.81245642851985,305.32124145782365,1460000,Goldman Sachs
2022-08-09,304.87750244140625,306.2813575840381,303.02082379063836,304.4518212567146,1587900,Goldman Sachs
2022-08-10,315.1028137207031,316.72402818177613,309.1614102917825,309.17044851748824,2459500,Goldman Sachs
2022-08-11,318.5174255371094,322.4753407535702,316.7965964394975,316.99585208068487,2360800,Goldman Sachs
2022-08-12,320.45562744140625,321.1258383677201,317.1316874963558,320.11145610956606,2369000,Goldman Sachs
2022-08-15,322.294189453125,324.80297503312505,316.1353968380517,317.9015274911618,2045700,Goldman Sachs
2022-08-16,321.4972229003906,322.85577667308183,318.8253894248257,319.70392197009323,1740900,Goldman Sachs
2022-08-17,320.3831481933594,322.0587031093545,317.69321104320414,318.7166591458331,1576300,Goldman Sachs
2022-08-18,321.089599609375,321.6149224710355,317.77472556318907,319.4050064402449,1102200,Goldman Sachs
2022-08-19,316.3345947265625,318.68036008763346,314.73151179667343,317.90146946944566,1812300,Goldman Sachs
2022-08-22,310.1306457519531,312.0416646584031,308.62717636496524,310.14874985064745,1723900,Goldman Sachs
2022-08-23,308.10186767578125,311.625063643429,307.0603153359872,309.70497877914494,1538000,Goldman Sachs
2022-08-24,309.69586181640625,311.8514378181821,306.5711776726821,307.0511988095601,1530800,Goldman Sachs
2022-08-25,313.8167724609375,314.15187788035684,309.84979207354564,311.96915972038124,1763900,Goldman Sachs
2022-08-26,304.6783447265625,315.85471133291054,304.31606921974696,315.49243582609506,1703900,Goldman Sachs
2022-08-29,302.4321594238281,304.6782837000997,300.70226451244037,302.4321594238281,1835600,Goldman Sachs
2022-08-30,302.16949462890625,304.32507075254176,299.95051270402416,303.4103024883493,1830300,Goldman Sachs
2022-08-31,303.57476806640625,305.8287435298773,300.8462538641934,302.55269962447176,2488000,Goldman Sachs
2022-09-01,304.33221435546875,304.5055992541977,296.2288513885311,301.01968834615093,1575100,Goldman Sachs
2022-09-02,302.4888610839844,310.55571379187035,301.1109163540126,305.4089732616451,2215400,Goldman Sachs
2022-09-06,297.9352722167969,304.10405352694943,295.1702762349038,303.2553977356352,1578100,Goldman Sachs
2022-09-07,301.64935302734375,303.10942324010364,294.97868491726666,295.8912253191762,1496600,Goldman Sachs
2022-09-08,306.0477294921875,306.4401150852616,298.72913943825836,301.40290332588313,1755600,Goldman Sachs
2022-09-09,310.35498046875,311.20363631570206,307.5534748937785,308.420399370894,1445600,Goldman Sachs
2022-09-12,312.6180725097656,314.2515275947767,310.3458558650427,311.7785509516249,1563200,Goldman Sachs
2022-09-13,299.6691589355469,307.0880890842165,298.2455702737456,306.6865690754947,2242100,Goldman Sachs
2022-09-14,298.6379699707031,301.986977528642,295.2068092728823,299.7238952373321,1953300,Goldman Sachs
2022-09-15,302.61663818359375,305.95653933634475,298.9391015439715,299.9794109507318,1489400,Goldman Sachs
2022-09-16,297.6798095703125,300.225805199224,291.8213155321152,297.8349536986901,2946800,Goldman Sachs
2022-09-19,299.9154968261719,300.49040166803354,292.5056740833319,292.5330491782529,1652700,Goldman Sachs
2022-09-20,294.9878234863281,298.2181965047311,292.02206713735796,297.2144243269753,1569900,Goldman Sachs
2022-09-21,292.6607971191406,300.9466787884721,292.58780614716665,296.502611902698,1796700,Goldman Sachs
2022-09-22,285.5520935058594,295.1063905763187,283.98252323764825,294.12996587228537,2239900,Goldman Sachs
2022-09-23,275.5598449707031,282.69591808134476,271.4442785673912,280.651808505413,2918500,Goldman Sachs
2022-09-26,268.8525390625,275.678348509309,266.74457382202445,272.84946884787286,2308800,Goldman Sachs
2022-09-27,265.8960266113281,272.9864555046214,263.37740619197814,271.48076941204073,2007400,Goldman Sachs
2022-09-28,274.4830017089844,275.9613125234645,266.88152549583424,268.2868453404411,2289700,Goldman Sachs
2022-09-29,270.2123107910156,273.1689604742631,266.0511290056527,271.0883695815816,1930800,Goldman Sachs
2022-09-30,267.4199523925781,274.7567849872885,267.10058553221813,270.1119577050614,1970800,Goldman Sachs
2022-10-03,272.9864501953125,274.8845497884501,265.6405112464434,271.17963805876553,1938800,Goldman Sachs
2022-10-04,287.33154296875,287.59618743782846,279.1278150639822,279.9673364956185,2399500,Goldman Sachs
2022-10-05,281.97491455078125,283.0790803668098,277.04720316716987,279.76655507020797,1992800,Goldman Sachs
2022-10-06,278.023681640625,282.0479600912172,276.88300619921597,280.50579251507196,1367400,Goldman Sachs
2022-10-07,274.7475891113281,278.4616343812423,272.98639322212165,277.41221872878083,1790100,Goldman Sachs
2022-10-10,274.2548828125,278.0692947671804,272.3294082052243,277.0746291339372,1309600,Goldman Sachs
2022-10-11,268.478515625,276.0617244696231,268.2138989477754,271.94618601347906,2392800,Goldman Sachs
2022-10-12,269.4822692871094,273.5613254742682,266.197118691995,268.2777094274809,1763800,Goldman Sachs
2022-10-13,280.2137451171875,281.7559403888463,262.5834605603022,265.01995531476604,2724900,Goldman Sachs
2022-10-14,273.7530517578125,284.36590362710587,272.91352998235743,280.56973130503474,2397600,Goldman Sachs
2022-10-17,279.88519287109375,284.3657685297075,277.5399857560976,277.7863615810459,3118600,Goldman Sachs
2022-10-18,286.4007568359375,296.1010639393348,284.7125518402581,293.5368281201934,6428600,Goldman Sachs
2022-10-19,284.4935607910156,287.2585566689752,281.1171506846011,285.2691977343509,2363800,Goldman Sachs
2022-10-20,283.62664794921875,288.4083502018377,281.9749522368135,284.8038327318706,2382300,Goldman Sachs
2022-10-21,296.6668701171875,297.27825654984343,282.42210092790907,283.8000457528985,3545700,Goldman Sachs
2022-10-24,299.9520568847656,302.26988957551714,297.35131103403165,299.7695376554591,2232600,Goldman Sachs
2022-10-25,303.3284606933594,304.423520447438,297.41521599720846,299.18551897027766,1837700,Goldman Sachs
2022-10-26,306.3306884765625,309.0500688884619,304.9162619988682,305.2630039573989,2176700,Goldman Sachs
2022-10-27,307.6903381347656,312.0249046508325,307.09719249700794,309.63405347036525,1998800,Goldman Sachs
2022-10-28,311.924560546875,312.6180723012847,306.6135688316808,308.91316057245035,1677100,Goldman Sachs
2022-10-31,314.3792724609375,315.90319919001655,310.78386139620153,311.24013155316277,2224000,Goldman Sachs
2022-11-01,318.0932922363281,318.193686152678,313.7039755285412,314.9450448439734,2316600,Goldman Sachs
2022-11-02,319.1974792480469,326.1784069714503,316.4142146246895,317.21725454423495,3221200,Goldman Sachs
2022-11-03,318.35797119140625,320.000560653021,312.627218479956,317.1077952744334,2515600,Goldman Sachs
2022-11-04,326.6072692871094,327.0361642989414,320.5115073794469,323.03923373091476,3172700,Goldman Sachs
2022-11-07,330.85064697265625,331.2156575649116,327.1639759392738,328.5236800795705,2526900,Goldman Sachs
2022-11-08,332.1828918457031,335.07565669212744,329.84679103311925,330.6133215014497,3501300,Goldman Sachs
2022-11-09,330.3396301269531,335.03920769303244,329.31758931823566,331.206554660342,3047200,Goldman Sachs
2022-11-10,345.2231140136719,347.15769496784264,337.40263706439816,337.63990645072766,3790400,Goldman Sachs
2022-11-11,351.483154296875,353.15309076730983,345.6246334059912,346.76530876376677,3409100,Goldman Sachs
2022-11-14,348.9189453125,353.4268972628376,347.22163348064817,350.41552498441234,2609100,Goldman Sachs
2022-11-15,349.3934631347656,355.50746693638496,347.3584880736359,352.2223438661523,3192400,Goldman Sachs
2022-11-16,348.8915100097656,351.6930153290071,346.77443774317925,349.6945499050483,2303700,Goldman Sachs
2022-11-17,346.5645751953125,348.33490571336205,342.21176772382114,344.16458960390906,2297600,Goldman Sachs
2022-11-18,346.03533935546875,349.34783769642274,344.38364341860625,347.9334111809406,2384500,Goldman Sachs
2022-11-21,346.9569396972656,347.46796003743094,342.58589171079865,345.76151413203746,1877500,Goldman Sachs
2022-11-22,350.29681396484375,352.0853850197463,348.04283848067644,348.04283848067644,2019400,Goldman Sachs
2022-11-23,352.4687194824219,354.24818435125655,349.87710816190133,350.3242440336658,1865400,Goldman Sachs
2022-11-25,354.8504333496094,355.3797223570529,351.4922914864301,352.0215804938736,1129300,Goldman Sachs
2022-11-28,348.9189453125,354.4215908378537,347.5775376155019,351.7204511151617,2232200,Goldman Sachs
2022-11-29,350.1508483886719,351.26414872480456,346.0900605578226,347.7965065491893,1746900,Goldman Sachs
2022-11-30,354.6883544921875,354.6883544921875,344.5386664191702,351.3357444973324,2964100,Goldman Sachs
2022-12-01,352.53900146484375,355.00983542087323,349.45277158987676,355.00983542087323,1706300,Goldman Sachs
2022-12-02,349.5721740722656,351.35411451862467,347.56979663251093,350.4355896712707,1932300,Goldman Sachs
2022-12-05,341.26873779296875,348.001512751319,339.220417243187,347.70757806566206,2329600,Goldman Sachs
2022-12-06,333.3418273925781,340.19401432287845,330.97201779032383,339.3765418543949,3081900,Goldman Sachs
2022-12-07,330.5954895019531,335.5371298454394,328.96968251281464,332.9560771567172,2128200,Goldman Sachs
2022-12-08,328.90533447265625,333.047890119615,327.04992454446483,332.53351849534107,1967800,Goldman Sachs
2022-12-09,329.8789978027344,332.1753097169446,327.187698935605,327.64696131844704,1588800,Goldman Sachs
2022-12-12,333.58978271484375,334.3521738879108,327.3070773397042,329.35539744373875,1750400,Goldman Sachs
2022-12-13,338.65093994140625,347.71677601376854,335.7300375531424,344.1069799661318,3062600,Goldman Sachs
2022-12-14,331.0179748535156,338.7794926638659,330.16375350939353,337.1077988166713,2519700,Goldman Sachs
2022-12-15,321.3275146484375,327.09584920294213,319.59151737317654,325.5986773428242,3163700,Goldman Sachs
2022-12-16,318.131103515625,319.44458739017006,315.4306380773664,316.9645589571063,5008800,Goldman Sachs
2022-12-19,316.5328063964844,320.0140231109882,314.71414529836125,318.0575608729395,1646700,Goldman Sachs
2022-12-20,316.422607421875,319.11390645793284,315.50408259853657,317.8003946568826,1623000,Goldman Sachs
2022-12-21,321.63067626953125,322.29201530627944,318.6271099945089,319.8854845987431,1923100,Goldman Sachs
2022-12-22,317.42376708984375,319.692524317277,312.18819289425596,318.8750518754564,1528900,Goldman Sachs
2022-12-23,317.3595275878906,319.42620848537643,315.1550455389828,316.7441036091539,1062000,Goldman Sachs
2022-12-27,314.10791015625,319.4169820946944,313.9425824285801,318.2780203736564,1035000,Goldman Sachs
2022-12-28,313.0975341796875,314.91622331733043,311.6554435618614,312.75768449943007,1117200,Goldman Sachs
2022-12-29,315.4490051269531,316.5604404575782,313.43743331872327,314.5396744302198,1273600,Goldman Sachs
2022-12-30,315.403076171875,315.6878166407314,311.7473370768914,313.8966819213983,1031400,Goldman Sachs
2023-01-03,318.0116271972656,320.1977204987851,314.8794545627772,317.350288282782,1589700,Goldman Sachs
2023-01-04,319.3710632324219,321.7683993482839,316.9645048680435,319.6741640628416,1881000,Goldman Sachs
2023-01-05,315.7520446777344,317.0196131878423,312.4269899084066,316.2021127891517,1397800,Goldman Sachs
2023-01-06,319.7200927734375,320.565147903911,313.17103464466254,319.00364456699003,3097800,Goldman Sachs
2023-01-09,324.2392578125,327.45409464633497,321.024420978665,323.2105145106572,1989000,Goldman Sachs
2023-01-10,328.2439880371094,328.37259495582055,321.9429217678744,323.9085781688559,1610100,Goldman Sachs
2023-01-11,334.7839050292969,335.72079016645426,327.18768754168195,329.63096669705544,2127000,Goldman Sachs
2023-01-12,339.7990417480469,339.94600906896954,333.02951895521306,336.4004890256918,2103100,Goldman Sachs
2023-01-13,343.5282897949219,343.8497790948109,332.8366472137305,333.874584766812,3310200,Goldman Sachs
2023-01-17,321.4102783203125,336.90579048825924,315.9725980206658,335.0779066885218,14448300,Goldman Sachs
2023-01-18,320.6477966308594,325.88339883695784,319.4628918730507,319.9405426755645,5585200,Goldman Sachs
2023-01-19,322.1726379394531,323.4677615298339,317.3687421848768,317.8371988963986,3100400,Goldman Sachs
2023-01-20,313.988525390625,323.550372261071,310.65427576353204,321.36427867464903,11247200,Goldman Sachs
2023-01-23,320.69378662109375,321.0795513691126,308.77132371525795,313.83240471978496,4915700,Goldman Sachs
2023-01-24,319.9497375488281,321.75923256169597,312.29843814791155,312.29843814791155,2372000,Goldman Sachs
2023-01-25,321.1438293457031,321.44693019508696,315.8806721662753,316.6614238501639,1985200,Goldman Sachs
2023-01-26,326.0487976074219,326.0763522342518,321.0428254944616,323.0727857851695,1919200,Goldman Sachs
2023-01-27,324.8822937011719,326.9856957039212,323.16462845792887,323.2748750007047,2427400,Goldman Sachs
2023-01-30,328.33587646484375,332.8090878826374,323.6881430876117,324.5056436377341,3184500,Goldman Sachs
2023-01-31,336.0055236816406,336.10657597646747,327.7847162716438,329.8973399343934,2311500,Goldman Sachs
2023-02-01,335.9137268066406,338.88057226723873,329.52999569430955,329.84229079050596,2889400,Goldman Sachs
2023-02-02,339.3674011230469,342.50876866287814,334.84824621210913,338.0171683781163,2619600,Goldman Sachs
2023-02-03,339.8082580566406,344.051838111243,335.66570227421823,335.831030009323,2243100,Goldman Sachs
2023-02-06,340.5889892578125,341.0115308539866,335.97800479034146,338.93565580779654,1816200,Goldman Sachs
2023-02-07,343.8956604003906,345.65004603462194,337.4108779153006,338.173269154373,2205500,Goldman Sachs
2023-02-08,344.5386657714844,347.52387143807215,341.67287281654455,342.536288390296,1893200,Goldman Sachs
2023-02-09,338.0079345703125,348.7454918006737,337.8334126145872,346.3206008877392,2052500,Goldman Sachs
2023-02-10,341.0299377441406,341.90254764740837,334.8574490416204,337.0986521320755,1933400,Goldman Sachs
2023-02-13,343.5466613769531,344.5019350893385,338.01715175735546,339.0183405007243,1570600,Goldman Sachs
2023-02-14,341.4891662597656,346.32978210888575,339.28471223472405,343.4731832916492,2155500,Goldman Sachs
2023-02-15,343.8406066894531,343.86816131512575,338.24679342866875,338.69686165837334,1687200,Goldman Sachs
2023-02-16,340.0378723144531,343.7578863247456,338.75191524463037,340.54304971249013,1947800,Goldman Sachs
2023-02-17,338.4764404296875,340.8278620338707,336.9700460729557,338.0630929941764,1857300,Goldman Sachs
2023-02-21,331.6976318359375,336.8413757103251,330.7515525257187,336.8413757103251,2403000,Goldman Sachs
2023-02-22,331.4864807128906,333.4245548910487,328.86867901453945,332.16618020192703,2203800,Goldman Sachs
2023-02-23,333.9205322265625,337.9069267167048,330.3107082579658,333.6082371409186,1931400,Goldman Sachs
2023-02-24,334.2052917480469,335.42691753600565,330.2372574374099,330.8251268306104,2428600,Goldman Sachs
2023-02-27,335.74835205078125,340.1297050340904,334.8114668933554,338.2191858803736,2842400,Goldman Sachs
2023-02-28,322.99920654296875,336.1892358681,322.70527191022416,336.18004165109255,4945600,Goldman Sachs
2023-03-01,320.2979431152344,326.1353320617389,320.0481476101771,323.2212676136708,2717400,Goldman Sachs
2023-03-02,322.9530029296875,323.5820652979896,314.9878627647036,318.2257186526773,3259800,Goldman Sachs
2023-03-03,330.34454345703125,330.9736058008067,323.3785291903502,324.37765477809876,2396200,Goldman Sachs
2023-03-06,330.30755615234375,331.9819879984736,327.23623991379014,331.24191791898534,1614200,Goldman Sachs
2023-03-07,320.1592102050781,329.52126389264424,319.74293134501187,328.9199251527723,2048500,Goldman Sachs
2023-03-08,323.1287536621094,323.49878866477627,319.3173394941042,320.26093298568395,1584600,Goldman Sachs
2023-03-09,316.468017578125,327.7542689123341,315.50590396475104,323.0455049385957,3177800,Goldman Sachs
2023-03-10,303.1280517578125,314.4697781037031,301.6108715922104,313.48917267251545,4559700,Goldman Sachs
2023-03-13,291.87884521484375,301.6849006094959,290.9814954402165,295.7272716590253,5660700,Goldman Sachs
2023-03-14,298.021484375,301.93467443227854,295.0611760989425,300.4452461278261,3785900,Goldman Sachs
2023-03-15,288.8074951171875,289.10353442979846,281.61020519152686,287.49383831239055,6596700,Goldman Sachs
2023-03-16,291.4902648925781,294.4783532767015,282.08199726463516,285.856399437126,4399100,Goldman Sachs
2023-03-17,280.8052978515625,287.1514801526603,279.26036603107843,286.8647009659842,6369800,Goldman Sachs
2023-03-20,286.34674072265625,288.81677479280336,283.321668193478,283.8027109352598,3963700,Goldman Sachs
2023-03-21,293.5162353515625,296.3285521284632,291.7307960341429,293.8307665086317,3242400,Goldman Sachs
2023-03-22,290.1766357421875,298.08624325069115,290.0100959954207,293.5162390180879,2505900,Goldman Sachs
2023-03-23,291.26824951171875,297.2906418356141,289.22378284480425,291.601272542263,2585900,Goldman Sachs
2023-03-24,289.1590881347656,289.32559968987414,282.48908355917507,286.920329265903,2456700,Goldman Sachs
2023-03-27,294.6726379394531,296.86512441093663,293.414513201941,294.7558937030947,2300600,Goldman Sachs
2023-03-28,294.58935546875,296.5968101289061,292.44311298324396,295.1906658617782,1224300,Goldman Sachs
2023-03-29,296.6986083984375,298.53955168547384,294.81139308883564,298.34528823991354,1475900,Goldman Sachs
2023-03-30,297.087158203125,300.53776929818645,295.9215210869048,300.2509900444913,1456300,Goldman Sachs
2023-03-31,302.6099548339844,302.81347830450403,298.27125453256446,299.2425998684918,2281100,Goldman Sachs
2023-04-03,302.06414794921875,304.3399180892075,298.9465602427471,301.71263307497236,1808800,Goldman Sachs
2023-04-04,298.4840393066406,302.38796936727016,296.14353328038703,302.34172557788975,1536800,Goldman Sachs
2023-04-05,297.44793701171875,298.067767548858,295.4497140288822,295.6809894449717,1329300,Goldman Sachs
2023-04-06,298.2527770996094,299.0206273067205,296.01404683549083,296.38408186250035,1311000,Goldman Sachs
2023-04-10,300.62103271484375,300.648784635848,297.2444172439645,298.2527746829367,1114400,Goldman Sachs
2023-04-11,302.8504638671875,304.5434153679677,299.42760536560166,301.6293231505356,1559600,Goldman Sachs
2023-04-12,305.50555419921875,307.19850599718234,302.6747454612371,306.87471477931143,1862400,Goldman Sachs
2023-04-13,307.25396728515625,308.00329724544406,302.508192048762,305.3574922613324,1765500,Goldman Sachs
2023-04-14,311.6852722167969,314.1922898789055,309.2800021887716,311.32446900825477,2275700,Goldman Sachs
2023-04-17,314.2385559082031,314.95090232464946,308.6879454038958,310.8341882412089,3012100,Goldman Sachs
2023-04-18,308.9006652832031,311.342918721003,301.70337627577584,303.4333116758547,7549500,Goldman Sachs
2023-04-19,311.65753173828125,311.75001932471173,306.82849963469437,308.04038062831944,2625400,Goldman Sachs
2023-04-20,313.3411865234375,313.89625318559655,309.28000477183576,309.86282335550965,2217900,Goldman Sachs
2023-04-21,316.0701904296875,316.7177445580939,310.83411241019286,313.6094169852839,2278900,Goldman Sachs
2023-04-24,318.1979675292969,319.2155850287269,315.9499772113716,316.37551608136494,1966300,Goldman Sachs
2023-04-25,314.05352783203125,317.7446744933034,312.9896383167695,315.45967221921524,2138200,Goldman Sachs
2023-04-26,311.35223388671875,315.0896527555903,309.5760543869628,312.29582748147254,2041900,Goldman Sachs
2023-04-27,316.0147705078125,317.64293042652605,313.38748486692884,314.66412982755423,1768200,Goldman Sachs
2023-04-28,317.7169189453125,318.3274894336871,314.25704774305234,314.580810741188,1714100,Goldman Sachs
2023-05-01,315.0619201660156,321.4358567532013,314.87688851716604,318.2812562938175,1375000,Goldman Sachs
2023-05-02,308.401123046875,314.43280368753443,305.2835350994721,313.6187097435047,2397600,Goldman Sachs
2023-05-03,304.0346374511719,309.75175860597665,303.66460245479635,307.46675650773545,1825400,Goldman Sachs
2023-05-04,297.1982421875,302.4898261270745,294.7004557919885,301.5369723097393,2965100,Goldman Sachs
2023-05-05,302.52679443359375,303.3131366462553,298.27134854270577,300.7136027268408,2413400,Goldman Sachs
2023-05-08,302.05499267578125,305.5611081119127,301.2779105646651,304.9505657782161,1607300,Goldman Sachs
2023-05-09,300.44525146484375,302.67474981994934,299.0853509156918,300.6950469777026,1253300,Goldman Sachs
2023-05-10,298.3915100097656,305.2095325216125,295.18140632609743,305.2095325216125,1752200,Goldman Sachs
2023-05-11,296.6986083984375,297.8272335638444,294.34884225435513,295.7180028878879,1515200,Goldman Sachs
2023-05-12,295.5699768066406,299.01135606962623,293.55326198780085,297.9197428996335,1099100,Goldman Sachs
2023-05-15,297.9475402832031,299.0391536197635,294.23787307107784,296.4211279760648,1178200,Goldman Sachs
2023-05-16,296.7818908691406,298.8726298633405,296.49511158450355,298.34531508893105,1618900,Goldman Sachs
2023-05-17,305.4500732421875,305.64436492658194,298.493318605446,298.493318605446,2098100,Goldman Sachs
2023-05-18,304.8949890136719,305.83861076391435,301.26860635993086,305.2835441282179,1645400,Goldman Sachs
2023-05-19,301.72186279296875,307.08746868486077,300.4637382449891,305.283509382132,1546100,Goldman Sachs
2023-05-22,300.5841369628906,302.82286786419917,298.28061391778897,301.72199428900655,1498900,Goldman Sachs
2023-05-23,299.3351135253906,302.63773281485624,298.63202731738556,299.3628654424509,1550900,Goldman Sachs
2023-05-24,295.8567199707031,297.79017879312727,294.922358385145,296.39329467142585,1439100,Goldman Sachs
2023-05-25,299.6219177246094,300.82453853995986,294.92238567698115,295.03342158633774,1618500,Goldman Sachs
2023-05-26,307.1430358886719,307.93860982900327,299.7329619615373,300.39903633961524,2718700,Goldman Sachs
2023-05-30,306.0513610839844,307.62404515416813,303.1835686047314,307.20773812621906,1998600,Goldman Sachs
2023-05-31,301.9219665527344,305.044660130371,299.9831161416954,303.9447351044275,2938000,Goldman Sachs
2023-06-01,294.9308166503906,302.6489798898034,292.7123059131576,302.49053109247063,3339700,Goldman Sachs
2023-06-02,301.68896484375,303.19903639997733,295.53679723404224,296.6460529469412,3987700,Goldman Sachs
2023-06-05,299.97381591796875,301.5398139214229,298.5849278794466,301.0178145869382,1462900,Goldman Sachs
2023-06-06,304.6251525878906,305.8089956354666,299.5915723365586,300.5516811095963,1495600,Goldman Sachs
2023-06-07,312.9678955078125,314.91607646235803,304.17776903754196,305.4082080973056,3382700,Goldman Sachs
2023-06-08,312.7069091796875,313.50854080173525,308.85714300953254,312.60435836359517,2009500,Goldman Sachs
2023-06-09,313.2195739746094,313.3873818127534,309.97572528851975,312.464538266859,1702100,Goldman Sachs
2023-06-12,316.4540710449219,317.0133640419797,313.5271489270093,315.47532963518825,2290800,Goldman Sachs
2023-06-13,319.2598571777344,321.85122072001934,316.4168245728379,317.1159337491395,1772400,Goldman Sachs
2023-06-14,315.4566955566406,324.1349679665007,314.34744012559173,321.38512733723024,1819400,Goldman Sachs
2023-06-15,316.68719482421875,320.6581449077484,312.92134639481145,314.4314179908491,3322700,Goldman Sachs
2023-06-16,315.3541564941406,318.2344828094654,314.23557046339386,318.21585013945526,4544900,Goldman Sachs
2023-06-20,308.2792053222656,312.6230073918454,306.8903174301041,312.56708092953204,3208100,Goldman Sachs
2023-06-21,303.0126037597656,307.6080751460726,302.87278759679225,306.1632607172998,2158700,Goldman Sachs
2023-06-22,297.89508056640625,302.25754362672427,297.36377919000796,301.7262138034996,2409100,Goldman Sachs
2023-06-23,293.35552978515625,296.1519665467806,292.75897140169246,295.08000481085645,2612000,Goldman Sachs
2023-06-26,291.16497802734375,295.1545883955809,290.9878965392493,293.7470394749519,2481000,Goldman Sachs
2023-06-27,292.1810302734375,294.25969661727123,289.4871160140625,291.21159094877817,2156800,Goldman Sachs
2023-06-28,292.3768005371094,293.5326520106507,289.6083268893314,290.56843574647587,2423500,Goldman Sachs
2023-06-29,301.1668701171875,303.4133440659797,294.79099865089427,296.2824370607058,3553600,Goldman Sachs
2023-06-30,300.6542663574219,303.9074455777121,300.570376662418,303.71170295603656,2361800,Goldman Sachs
2023-07-03,304.4481201171875,307.04881481333416,300.53312490200983,300.53312490200983,1106800,Goldman Sachs
2023-07-05,298.3331604003906,302.58374166881845,297.9416752147011,301.96855066273486,2561000,Goldman Sachs
2023-07-06,291.76165771484375,297.0189740834192,291.61251096181667,296.4223870713109,2896900,Goldman Sachs
2023-07-07,293.7843933105469,295.8350969257196,291.48199213281885,291.9480650153805,2903100,Goldman Sachs
2023-07-10,294.99615478515625,298.3611871529446,294.55804516238965,295.18259530639597,1775800,Goldman Sachs
2023-07-11,299.10687255859375,299.25601926216893,293.2343384484745,297.1959570879353,2041700,Goldman Sachs
2023-07-12,304.2523193359375,310.7307426599065,302.24821197749515,302.55580751008995,2741300,Goldman Sachs
2023-07-13,306.37762451171875,306.9369175894358,303.59051812941857,305.137883317477,2787800,Goldman Sachs
2023-07-14,304.0565490722656,309.9197523509975,302.9659262985985,309.4629817029166,1815200,Goldman Sachs
2023-07-17,304.9980773925781,305.26837915763423,302.350758632354,303.7769688294548,1777400,Goldman Sachs
2023-07-18,314.3847961425781,315.29830924540494,305.0913016028521,305.0913016028521,3887400,Goldman Sachs
2023-07-19,317.44219970703125,322.41055210792655,308.8198521735022,315.06523960354656,6037400,Goldman Sachs
2023-07-20,327.0526123046875,327.8169785724054,316.1465251610696,316.1465251610696,3915000,Goldman Sachs
2023-07-21,328.0779724121094,330.9862622655974,323.2494648105663,327.910193023676,3217400,Goldman Sachs
2023-07-24,334.5750732421875,337.08254763056533,328.11530990565933,328.88897837547887,3517500,Goldman Sachs
2023-07-25,330.6320495605469,336.33677597514645,329.96090360313366,333.1674866833495,2893000,Goldman Sachs
2023-07-26,333.2980041503906,335.8148088431128,330.2405674846008,330.43631011057704,2281600,Goldman Sachs
2023-07-27,330.4549255371094,336.0757620232746,330.1379994661225,333.8292878511263,2010800,Goldman Sachs
2023-07-28,329.2618408203125,332.3099470644489,327.7517408681891,331.94639658148503,1827400,Goldman Sachs
2023-07-31,331.72265625,332.96242585113083,329.9981811687703,330.79984119193284,1385500,Goldman Sachs
2023-08-01,333.4471740722656,333.5869902434054,329.4109955489349,329.9795907938469,2024300,Goldman Sachs
2023-08-02,327.27630615234375,330.9023375257626,325.1976113485919,330.9023375257626,2106600,Goldman Sachs
2023-08-03,329.1965026855469,331.1073895498449,324.96455422124484,326.24158898338595,1840400,Goldman Sachs
2023-08-04,329.2524719238281,334.38860331329295,328.5906565090119,329.3643248449997,1725300,Goldman Sachs
2023-08-07,331.4336853027344,333.4005272994674,329.9049813201129,331.28453859399616,1260300,Goldman Sachs
2023-08-08,324.6290283203125,328.1152436814437,318.82175112452524,327.8356113865817,1917300,Goldman Sachs
2023-08-09,319.43701171875,324.81548215864126,319.2505712003043,323.2867780053374,1326000,Goldman Sachs
2023-08-10,317.3023376464844,323.6968708738622,316.7430446304405,320.7233243112733,1345900,Goldman Sachs
2023-08-11,317.6099853515625,318.59805742681965,314.64574067896444,316.8642517921433,1256800,Goldman Sachs
2023-08-14,314.8228454589844,315.48468931589605,312.13826158274986,314.5152499279611,1347000,Goldman Sachs
2023-08-15,309.66815185546875,311.3646640584452,308.055557808681,310.6841873756691,1657800,Goldman Sachs
2023-08-16,306.7784423828125,310.3299434938901,306.64795678366704,308.11143228696704,3340300,Goldman Sachs
2023-08-17,305.29638671875,311.3273712723801,302.0152436947776,307.6081185780142,3135200,Goldman Sachs
2023-08-18,302.882080078125,305.38955415941524,301.26948630506456,302.313484884505,1730500,Goldman Sachs
2023-08-21,300.20684814453125,304.2430550401655,297.71803500370663,303.3109093206714,1983500,Goldman Sachs
2023-08-22,297.1586608886719,300.7474266199313,296.7112208244108,300.5982799318443,1810300,Goldman Sachs
2023-08-23,300.4584655761719,300.57034693860726,296.42228782149476,298.86450463507293,1429000,Goldman Sachs
2023-08-24,298.249267578125,305.26832208733475,297.8298191693017,300.2906685082017,1185600,Goldman Sachs
2023-08-25,298.4263610839844,300.8219817253946,296.5993639612426,299.0322499390607,1159600,Goldman Sachs
2023-08-28,303.85150146484375,304.4387577425868,299.5356627982064,299.5356627982064,1440100,Goldman Sachs
2023-08-29,309.9849853515625,310.1248299388505,302.64900456470707,303.4692971845274,1831700,Goldman Sachs
2023-08-30,308.83831787109375,311.96826162463134,307.96420080566634,310.17301437209136,1131500,Goldman Sachs
2023-08-31,308.0206298828125,310.633601709733,306.37577279468553,309.6185025277484,1271100,Goldman Sachs
2023-09-01,307.729248046875,311.69570445070275,306.6107429665613,309.8628809620428,1201400,Goldman Sachs
2023-09-05,304.2984924316406,308.74431548129235,303.2457887229427,307.6727950523518,1846000,Goldman Sachs
2023-09-06,301.8359069824219,304.6650696698665,300.12524913959373,302.94500346705905,2120800,Goldman Sachs
2023-09-07,302.6160583496094,304.74028267951496,300.89602064918284,301.3565713924172,1471100,Goldman Sachs
2023-09-08,305.9621887207031,306.38516342106334,302.33411792181795,302.5785058539398,2026400,Goldman Sachs
2023-09-11,305.1445007324219,310.31405189700143,304.80614387907616,308.53762104887034,1283100,Goldman Sachs
2023-09-12,311.0189208984375,315.13576712784055,304.53349117503376,304.54289953574863,2054700,Goldman Sachs
2023-09-13,314.8538513183594,316.76188437367887,310.9437876382699,313.4627618689716,2165000,Goldman Sachs
2023-09-14,323.86761474609375,324.38455827240784,316.61144523615303,318.6322635899625,2822700,Goldman Sachs
2023-09-15,321.9595642089844,325.3902596459042,321.3203980808698,324.4127367593981,3063900,Goldman Sachs
2023-09-18,322.6927490234375,323.57627449656746,318.88606279966774,321.9596139163753,1356600,Goldman Sachs
2023-09-19,321.3486633300781,324.2435989107206,317.6641711797773,322.8243131784423,1660200,Goldman Sachs
2023-09-20,316.4704895019531,323.1438861983333,316.08511957340806,322.0253811746127,1224400,Goldman Sachs
2023-09-21,310.39862060546875,314.58126865411873,310.2482302303499,314.4026818764171,1685100,Goldman Sachs
2023-09-22,308.1898193359375,311.62051532935135,307.19347956744315,310.2670307081861,1669100,Goldman Sachs
2023-09-25,309.08270263671875,309.50567730743313,305.7365960832457,307.4190577210289,833300,Goldman Sachs
2023-09-26,304.3642578125,307.75734807063907,303.04837833128295,306.04669040304617,1481800,Goldman Sachs
2023-09-27,302.606689453125,305.4734286173068,299.8151311273226,305.4546405787191,1493000,Goldman Sachs
2023-09-28,305.66143798828125,307.20288906115917,300.97122623742086,300.97122623742086,1389600,Goldman Sachs
2023-09-29,304.12933349609375,308.2555594056506,302.90742264722087,307.5412410913831,1403900,Goldman Sachs
2023-10-02,299.3639221191406,304.13869356211086,298.0480424839933,302.681831945345,1303800,Goldman Sachs
2023-10-03,287.7277526855469,296.71336831696124,286.10171256924286,296.3279984157027,3118600,Goldman Sachs
2023-10-04,290.0588073730469,290.49116178076844,285.24643002996584,286.53411357481,1872000,Goldman Sachs
2023-10-05,291.8446044921875,291.89158892912275,285.93251091394205,288.89324754155007,1584600,Goldman Sachs
2023-10-06,293.7057189941406,296.3750838720028,288.71475446530184,289.598251393156,1595100,Goldman Sachs
2023-10-09,293.82781982421875,294.64557276696905,289.84257576606325,290.3407312733327,1094400,Goldman Sachs
2023-10-10,295.8580627441406,297.8131088036592,293.52708379844506,295.5760987374933,1193800,Goldman Sachs
2023-10-11,294.2131652832031,297.6062846776839,292.8784975900582,296.47837143827184,1672500,Goldman Sachs
2023-10-12,291.2336120605469,295.3692457228854,289.51354597466894,295.27524818155496,1727700,Goldman Sachs
2023-10-13,290.7166748046875,297.18331632136955,289.6545913806967,293.2544653049755,1785200,Goldman Sachs
2023-10-16,295.5008544921875,296.92011126649146,291.60957993122065,294.3635329800075,2273900,Goldman Sachs
2023-10-17,290.7731018066406,297.18335128267904,287.5304009903784,294.5515916042027,4123000,Goldman Sachs
2023-10-18,283.81768798828125,288.7616668355504,283.3665456158639,288.5548836868502,3460300,Goldman Sachs
2023-10-19,281.2141418457031,286.99463331214133,280.68778992354464,283.8177050565237,3211800,Goldman Sachs
2023-10-20,282.02239990234375,285.0301491410021,280.18957691218037,280.565538396007,2329000,Goldman Sachs
2023-10-23,281.2423400878906,285.3121734919581,280.27422543714755,280.36822299901195,2959800,Goldman Sachs
2023-10-24,281.2047119140625,284.88920377057474,281.1107143600241,281.9754516995409,1697100,Goldman Sachs
2023-10-25,278.9301452636719,281.9754711734562,277.30407638698813,280.65959137811905,1809300,Goldman Sachs
2023-10-26,279.14630126953125,282.10706659162287,277.06909004757904,279.118104870465,2011200,Goldman Sachs
2023-10-27,272.4916687011719,280.34937050514156,271.9746965188949,279.67262830370674,2601700,Goldman Sachs
2023-10-30,282.75555419921875,283.6766842790951,275.6685922574797,275.8189825981141,3065200,Goldman Sachs
2023-10-31,285.3685607910156,286.00772698895463,282.63342397648097,283.5545254865208,2611000,Goldman Sachs
2023-11-01,288.70526123046875,289.7297685677493,284.6448079546962,285.1053586674486,2345400,Goldman Sachs
2023-11-02,294.90875244140625,295.6418875119976,289.49481426840686,291.08327836869273,2597000,Goldman Sachs
2023-11-03,307.93603515625,309.5432874506024,298.8282243482018,299.32637991003173,3742000,Goldman Sachs
2023-11-06,304.4489440917969,309.13912729301904,302.74769424062697,307.033719451578,2087600,Goldman Sachs
2023-11-07,304.4864807128906,306.7798831772185,301.9862951186963,302.77582288254337,1505000,Goldman Sachs
2023-11-08,305.0599060058594,307.0337403334695,304.2233935664062,304.48656956448536,1484400,Goldman Sachs
2023-11-09,301.5069885253906,307.0243043093452,300.4542846279177,306.4133631564222,1787900,Goldman Sachs
2023-11-10,305.9527893066406,306.4697328545965,302.32469005776716,303.89436610786083,1781400,Goldman Sachs
2023-11-13,307.2686462402344,308.9698957991254,304.0917182998443,304.68387132452386,1403300,Goldman Sachs
2023-11-14,318.369140625,321.24528844483103,312.4946510119413,313.49096215559354,3592700,Goldman Sachs
2023-11-15,317.31640625,320.58730339514204,315.19218183070853,319.4782067467095,2534500,Goldman Sachs
2023-11-16,316.4422912597656,319.33722686170404,314.8820235157236,317.46679871475135,1620400,Goldman Sachs
2023-11-17,318.8108825683594,319.9951887758899,317.80516312812404,319.1022549394138,1465200,Goldman Sachs
2023-11-20,319.0552673339844,320.8129099045306,317.2224152389919,319.5722109074289,3146000,Goldman Sachs
2023-11-21,314.8443908691406,318.71684914399395,314.4496126163718,318.03069855295394,1900900,Goldman Sachs
2023-11-22,318.29388427734375,318.54765184218115,315.22033368307956,316.696012008006,1235200,Goldman Sachs
2023-11-24,318.77325439453125,319.82595819767744,317.3539974060879,318.4442772850412,460100,Goldman Sachs
2023-11-27,317.4197998046875,319.59100877436845,315.5681596136576,318.8108892094305,1250500,Goldman Sachs
2023-11-28,317.36334228515625,318.06828086361463,314.7503711016982,317.10957472315994,1419000,Goldman Sachs
2023-11-29,322.4427490234375,325.54150943190007,318.88911276253583,319.3534453130325,2038100,Goldman Sachs
2023-11-30,323.6557312011719,326.7071214438417,322.28164690833387,323.7883852536879,1903600,Goldman Sachs
2023-12-01,330.1849365234375,330.6208700797724,322.5943887945816,323.5799098064418,3623300,Goldman Sachs
2023-12-04,331.09466552734375,332.13704233676884,327.20935085723363,328.16644386877294,2178100,Goldman Sachs
2023-12-05,323.85467529296875,328.6686545229723,322.70804357448566,328.45071670283846,2429700,Goldman Sachs
2023-12-06,324.0632019042969,328.82981156062647,323.7125810839421,325.52256997239033,1869300,Goldman Sachs
2023-12-07,326.57440185546875,326.6407433340718,324.091599492336,325.7120493923199,2162400,Goldman Sachs
2023-12-08,332.45928955078125,333.84285961701283,325.7784640150505,326.2807101866203,2238800,Goldman Sachs
2023-12-11,333.34051513671875,334.5440026858504,330.77240024213773,333.03726461550775,1636000,Goldman Sachs
2023-12-12,334.14599609375,335.4632243305623,331.27465948295736,333.0088499731806,1597600,Goldman Sachs
2023-12-13,343.7361145019531,343.84982622718115,333.1889181935949,334.45874732458105,2876500,Goldman Sachs
2023-12-14,363.3901062011719,365.97716380435884,345.8872619532221,347.3087164543997,5376300,Goldman Sachs
2023-12-15,360.5850830078125,365.6928274175689,359.45739354340583,360.28183246352955,4522300,Goldman Sachs
2023-12-18,356.6903076171875,362.71728969370116,356.22597507132485,361.29583520352674,2740900,Goldman Sachs
2023-12-19,362.4235534667969,363.67441153840673,354.93720275629124,356.3207727251248,2091800,Goldman Sachs
2023-12-20,357.75164794921875,364.9631752784542,357.4957965575569,360.7935813145786,1836500,Goldman Sachs
2023-12-21,360.6419372558594,361.51374641731644,357.2683544946104,360.1491478937142,1301600,Goldman Sachs
2023-12-22,360.7177429199219,363.4090264752379,359.5426831911461,361.9970576773016,1538200,Goldman Sachs
2023-12-26,361.62750244140625,362.5751388144646,360.1491920130006,360.717779620749,837300,Goldman Sachs
2023-12-27,364.3471984863281,365.55068612162216,360.39554257020455,361.2389527202878,1367200,Goldman Sachs
2023-12-28,366.1761169433594,367.45543163022097,363.54168939629113,364.38507059784064,1024700,Goldman Sachs
2023-12-29,365.5696105957031,366.3940783914556,363.4848282838718,365.38010070529776,881300,Goldman Sachs
2024-01-02,367.9671630859375,368.7632030257781,362.17711918434,362.94470227244756,2263100,Goldman Sachs
2024-01-03,361.79803466796875,365.2189874853388,357.03142571539905,363.77859086532436,2265300,Goldman Sachs
2024-01-04,362.8973083496094,366.8205073306992,361.9496721130725,363.46586695588115,1618300,Goldman Sachs
2024-01-05,366.2045593261719,369.0758960426638,361.1252139247145,361.9212538338482,2913900,Goldman Sachs
2024-01-08,368.4978332519531,368.70631439219846,362.0254901263307,365.7591794164565,1902600,Goldman Sachs
2024-01-09,363.6459655761719,365.7402627425951,361.7791208002305,364.4609478795629,1708800,Goldman Sachs
2024-01-10,361.9591369628906,362.9920570136337,358.70875153905274,361.38109272697346,1547300,Goldman Sachs
2024-01-11,359.8648681640625,361.03047116981713,355.0603454061407,360.9451873771371,2209900,Goldman Sachs
2024-01-12,357.9696044921875,365.64546413814327,356.8608573208397,363.26688782292865,2223800,Goldman Sachs
2024-01-16,360.52825927734375,364.84947870002605,354.71924385126624,358.54767386567863,3926600,Goldman Sachs
2024-01-17,357.4294738769531,360.29135418108865,354.5391945584819,355.5531724002725,2415100,Goldman Sachs
2024-01-18,357.17364501953125,361.6559756781884,354.9466936580511,360.41454536724416,1771200,Goldman Sachs
2024-01-19,362.1866455078125,363.22902241751126,352.58708409938373,357.0030732164099,2603300,Goldman Sachs
2024-01-22,365.74969482421875,372.1652110236404,364.42300980055995,366.1287435567549,2922700,Goldman Sachs
2024-01-23,360.8314514160156,363.28582588020083,358.80352484032767,360.08283958625566,3313300,Goldman Sachs
2024-01-24,359.5332336425781,364.4704110417046,359.3247524840194,361.81704076874547,2235800,Goldman Sachs
2024-01-25,362.66046142578125,366.4604637200528,362.00658999697674,362.65097580753053,2376300,Goldman Sachs
2024-01-26,358.00750732421875,360.954642183121,357.0219575258071,358.8224606186006,3464700,Goldman Sachs
2024-01-29,360.6324768066406,360.8978138203269,354.6434083039318,356.2070313727047,1632300,Goldman Sachs
2024-01-30,366.6120910644531,367.6071266406005,361.60857200707716,363.89237921153943,3897900,Goldman Sachs
2024-01-31,363.90185546875,373.2834498450497,363.60809050457135,365.7876426103293,3421100,Goldman Sachs
2024-02-01,363.750244140625,369.1422976623439,358.9646628870958,364.2998605374084,2138500,Goldman Sachs
2024-02-02,367.5501708984375,368.3840954002806,360.67035159735633,361.8074977111368,2180900,Goldman Sachs
2024-02-05,362.9636535644531,365.1526911542438,361.0494386054625,364.4609351478524,2231100,Goldman Sachs
2024-02-06,364.8304748535156,366.5646654060318,362.94468794846154,362.9636302626379,1487800,Goldman Sachs
2024-02-07,366.4130554199219,366.8015897734728,362.470884939513,365.13374063034,1963200,Goldman Sachs
2024-02-08,364.8779602050781,367.78718223454223,361.37169364348796,365.7876831330069,1913700,Goldman Sachs
2024-02-09,364.13873291015625,365.91080815924647,362.556167568816,364.6220077565487,2028200,Goldman Sachs
2024-02-12,372.0799560546875,375.59567886965516,364.1956145610121,364.84000034820383,2797200,Goldman Sachs
2024-02-13,358.9172668457031,368.78216469984983,355.55316937774813,367.2943686926252,3030800,Goldman Sachs
2024-02-14,358.24444580078125,361.50431708508864,356.10277844364896,360.93572950395304,2041300,Goldman Sachs
2024-02-15,365.23797607421875,366.93422413905085,359.28682158304434,359.55215857617077,2218900,Goldman Sachs
2024-02-16,364.30926513671875,367.2848277836592,361.0020240339585,363.1720901223541,2376800,Goldman Sachs
2024-02-20,364.3851013183594,365.3895934873521,360.90729227653503,361.00206169087807,2358900,Goldman Sachs
2024-02-21,367.9386901855469,368.30828217812865,361.2957802112109,361.8453964724798,1772500,Goldman Sachs
2024-02-22,370.0235900878906,374.8849694972496,368.6305634087151,368.8485301940116,2326800,Goldman Sachs
2024-02-23,370.5731201171875,376.01257150700525,368.8294729998851,369.578113686625,2247400,Goldman Sachs
2024-02-26,369.78662109375,375.320813360248,368.45993611882983,370.57314646187865,1797800,Goldman Sachs
2024-02-27,370.3457946777344,375.16926068535673,368.94328233596326,371.71987908309785,1724900,Goldman Sachs
2024-02-28,375.2320251464844,375.3083895984598,369.3341381473459,369.5154673151564,2572900,Goldman Sachs
2024-02-29,371.2905578613281,377.90423800061035,368.06487322696006,377.1789213094063,3139100,Goldman Sachs
2024-03-01,370.3839111328125,373.1897075406013,367.664002885527,371.84406811037576,1697700,Goldman Sachs
2024-03-04,374.344482421875,378.46728906519786,368.5706658533153,371.06150999750736,1955100,Goldman Sachs
2024-03-05,373.0656433105469,379.3452649640231,372.4930264399083,372.88431414943625,2697800,Goldman Sachs
2024-03-06,371.7868347167969,377.2457281337419,366.9673406909708,376.96895795911297,2692400,Goldman Sachs
2024-03-07,370.6988525390625,376.5013276339871,369.39139526876505,374.01045435941285,2033100,Goldman Sachs
2024-03-08,369.3245849609375,377.5606454585883,369.05736762828565,370.98517685802847,1657200,Goldman Sachs
2024-03-11,368.532470703125,368.7710586376652,364.0088527840839,368.0648476712674,1654200,Goldman Sachs
2024-03-12,370.4602966308594,371.3669425442506,366.2611542875624,369.9258619212311,1703900,Goldman Sachs
2024-03-13,374.4017639160156,377.2075606248173,370.46028620010344,371.15697352048835,2370600,Goldman Sachs
2024-03-14,370.87060546875,378.28593692363205,367.8548796831218,376.4249394321783,3029500,Goldman Sachs
2024-03-15,369.5345153808594,373.2755868776478,368.7614928300987,371.11874270542523,3763900,Goldman Sachs
2024-03-18,366.8241882324219,371.27147101263006,365.908018680447,370.9088126770866,2069000,Goldman Sachs
2024-03-19,370.9183654785156,372.94158658766077,366.19431252830015,366.5378943130728,1858200,Goldman Sachs
2024-03-20,378.3718566894531,378.4004860782745,368.3797922477023,368.72334491355934,2157400,Goldman Sachs
2024-03-21,394.82489013671875,395.1207368760831,380.8722709465446,381.5212232055046,4613800,Goldman Sachs
2024-03-22,388.2493896484375,397.73564846437705,387.25685566405735,395.4833631680341,2190300,Goldman Sachs
2024-03-25,386.4552307128906,391.723242307077,385.42451443118705,388.2971227470103,1683900,Goldman Sachs
2024-03-26,387.6385803222656,390.64478245943405,386.0543529489014,387.5526921611469,1407000,Goldman Sachs
2024-03-27,396.2945251464844,396.52356022407963,389.7285810934087,390.9215206633861,2353600,Goldman Sachs
2024-03-28,398.6231994628906,400.06427997828575,396.0369142800369,397.21074833606934,2409700,Goldman Sachs
2024-04-01,394.634033203125,398.8713576438973,393.1929526248762,397.6593121842287,1863900,Goldman Sachs
2024-04-02,391.4273681640625,394.30952911618385,389.0128593785561,391.9904322069825,1976000,Goldman Sachs
2024-04-03,395.10162353515625,397.61157329144754,392.2385682921479,392.2385682921479,1549200,Goldman Sachs
2024-04-04,387.7054138183594,399.87339911358174,387.1805319848382,398.9190473257212,1704700,Goldman Sachs
2024-04-05,389.4423522949219,390.4635157272676,383.1436244884654,388.0012717338453,1694900,Goldman Sachs
2024-04-08,391.799560546875,393.6987111365681,388.9460291193452,390.42529174971423,1181900,Goldman Sachs
2024-04-09,391.9617919921875,394.35722416116573,388.46886115547744,392.72529085306877,1247200,Goldman Sachs
2024-04-10,382.46600341796875,386.9419153005795,379.1544017950575,385.5676464981637,1903300,Goldman Sachs
2024-04-11,379.33575439453125,383.1436086607814,376.816251726227,382.19880972241975,2176200,Goldman Sachs
2024-04-12,371.71051025390625,376.1005347956922,369.44870092273726,374.9075949269737,2815800,Goldman Sachs
2024-04-15,382.5805358886719,394.0232041018397,380.49050321698587,388.42116396453235,6177000,Goldman Sachs
2024-04-16,378.7440490722656,386.4838574724439,377.14074500553414,385.98760501117164,3459700,Goldman Sachs
2024-04-17,385.47222900390625,388.535690047341,382.86683817287,384.0311485035578,4373800,Goldman Sachs
2024-04-18,384.7087707519531,389.241942162922,384.04074191346245,386.98013287673876,2776300,Goldman Sachs
2024-04-19,385.55810546875,389.3755124535891,384.6133065598436,385.6153642435623,2805500,Goldman Sachs
2024-04-22,398.2987365722656,398.89998287677946,386.1021215183617,388.3639306642901,4165600,Goldman Sachs
2024-04-23,404.6451721191406,405.9335529024401,397.2012395648646,398.64229100996425,2662300,Goldman Sachs
2024-04-24,403.72900390625,405.19868474602566,400.4555550142801,402.259293941968,1575900,Goldman Sachs
2024-04-25,400.8754577636719,404.2729478063146,395.9128459300783,401.7725507762859,1970100,Goldman Sachs
2024-04-26,408.05218505859375,408.96835458445383,400.48418266501733,401.04724670302005,2322700,Goldman Sachs
2024-04-29,411.14434814453125,413.5493044970509,407.69915169460995,408.0522572449333,2453000,Goldman Sachs
2024-04-30,407.2314453125,411.69783383700775,406.5538636945373,408.93974317631273,1829900,Goldman Sachs
2024-05-01,407.4605407714844,413.64472222246235,405.7808721677582,407.21239996652275,2310100,Goldman Sachs
2024-05-02,412.823974609375,413.85466176229465,408.62483241771065,411.516517273229,2087500,Goldman Sachs
2024-05-03,418.1778869628906,422.1098119279761,415.06671973417644,415.14305506745166,2406300,Goldman Sachs
2024-05-06,423.417236328125,424.0948178879045,419.6093531975265,421.5848682286825,1914300,Goldman Sachs
2024-05-07,423.54132080078125,426.9960988108171,422.65378060909654,424.84880724251195,2058200,Goldman Sachs
2024-05-08,426.54754638671875,427.5686806726528,421.87119929203465,422.5869631382203,2006700,Goldman Sachs
2024-05-09,434.7644958496094,435.5947772407383,425.9653712470674,425.9653712470674,2710200,Goldman Sachs
2024-05-10,433.9724426269531,437.80892671519854,433.5811548596345,435.6807115293949,1823900,Goldman Sachs
2024-05-13,432.8558044433594,436.3296590101557,432.6267693288914,435.44208969258034,1579600,Goldman Sachs
2024-05-14,437.5416564941406,440.6910056805685,433.28525576124906,434.0773549143672,2412900,Goldman Sachs
2024-05-15,444.8138122558594,444.909253257604,439.9084593108356,440.5192292978929,2217700,Goldman Sachs
2024-05-16,443.31549072265625,446.8752334461417,441.1777519956869,443.1723437765656,2070300,Goldman Sachs
2024-05-17,446.369384765625,447.2664777066017,443.05778315359487,445.09055696401003,1655900,Goldman Sachs
2024-05-20,441.8076477050781,449.95782065776166,441.4831715710659,446.82754775519453,2591500,Goldman Sachs
2024-05-21,448.9366760253906,449.7955869014039,441.1014551641287,441.13008455584554,2762600,Goldman Sachs
2024-05-22,441.273193359375,448.86027275339563,438.7632434460271,446.025846720477,2729500,Goldman Sachs
2024-05-23,437.2362365722656,443.11504668767213,436.5300256162715,443.03871136452545,2254500,Goldman Sachs
2024-05-24,440.1279602050781,444.01217905688657,438.1429212575,438.8491322761903,1932200,Goldman Sachs
2024-05-28,438.82049560546875,442.52338522219674,437.9615848166775,438.94456599847854,1930800,Goldman Sachs
2024-05-29,436.301025390625,437.799335582584,431.0329848128907,434.07736938603625,2315700,Goldman Sachs
2024-05-30,432.278076171875,437.68356764981735,429.75293696897245,434.9376179452546,2135000,Goldman Sachs
2024-05-31,438.3172302246094,438.5572620089632,430.252168130471,431.8267907001946,2638300,Goldman Sachs
2024-06-03,436.8386535644531,440.5735328758055,432.24924704028274,440.5735328758055,1930700,Goldman Sachs
2024-06-04,437.14593505859375,439.4598452993436,431.29876349038113,432.5373358750127,1835000,Goldman Sachs
2024-06-05,443.2715148925781,444.55808181354155,439.2581902629041,439.3061849021931,1678900,Goldman Sachs
2024-06-06,439.8342590332031,445.99825900847566,438.7877239420932,443.4059332499916,1598000,Goldman Sachs
2024-06-07,436.7714538574219,442.77224866218177,436.37779820213893,437.2803200848353,1736100,Goldman Sachs
2024-06-10,435.46563720703125,437.2034649248351,432.34522411252385,434.2942809656783,1698600,Goldman Sachs
2024-06-11,426.55572509765625,433.8430874481612,425.7012270769663,433.05580536751387,1938200,Goldman Sachs
2024-06-12,430.8090515136719,439.39259033144015,428.39912306036035,437.43392279765794,1733000,Goldman Sachs
2024-06-13,428.5527648925781,430.44421657495644,424.52021908930016,428.91761790249205,1849100,Goldman Sachs
2024-06-14,428.6583557128906,430.35779950710946,421.6398286472973,424.3665862151214,1559100,Goldman Sachs
2024-06-17,432.2300720214844,432.8061542231709,425.71082918632635,427.3526385554887,1531600,Goldman Sachs
2024-06-18,439.19097900390625,439.4406214526828,430.6266607699982,431.6443932601161,1798400,Goldman Sachs
2024-06-20,439.7862243652344,442.05213965001,437.0882694482963,439.7382297285791,2080600,Goldman Sachs
2024-06-21,432.2300720214844,440.50636410674844,431.96123756746505,440.39115352656273,3780800,Goldman Sachs
2024-06-24,443.6651916503906,445.0381665678031,432.05725686536545,433.2574159122137,1882200,Goldman Sachs
2024-06-25,439.1429443359375,445.5757784228958,438.53805956565725,441.1399958418466,1555900,Goldman Sachs
2024-06-26,437.68353271484375,439.67100287568917,434.40952503634537,437.25149309341276,2131700,Goldman Sachs
2024-06-27,428.1783142089844,431.8460071134828,425.1443087671027,431.8460071134828,2835200,Goldman Sachs
2024-06-28,434.2846984863281,439.1045259976159,431.605935663358,432.15321514453274,3839700,Goldman Sachs
2024-07-01,445.1725769042969,445.51820862870085,435.9073553711078,436.3874189666177,1850500,Goldman Sachs
2024-07-02,447.0448303222656,447.6785178169979,441.27448553218386,443.1083320773731,1491800,Goldman Sachs
2024-07-03,449.26275634765625,451.15420820486133,447.24648325965325,450.33809418105557,993900,Goldman Sachs
2024-07-05,446.2190856933594,448.9362325912633,441.7833030207414,448.8306326708461,1593800,Goldman Sachs
2024-07-08,446.2863464355469,455.92600273586413,445.5374483675819,449.00349360627337,2214300,Goldman Sachs
2024-07-09,453.9768981933594,460.18892189933285,443.1754679759154,447.0351977927651,4525100,Goldman Sachs
2024-07-10,459.79534912109375,460.7266444173801,451.1157906466465,453.66973262720927,1946000,Goldman Sachs
2024-07-11,460.12176513671875,463.8950579721009,457.27976754959155,460.8610525268749,2251400,Goldman Sachs
2024-07-12,460.745849609375,464.16390012836285,459.0368243498811,461.7539714582297,2727800,Goldman Sachs
2024-07-15,472.6033935546875,473.34268090559885,457.31815656495746,461.10105984769547,3568200,Goldman Sachs
2024-07-16,482.9631652832031,486.39082636038955,472.37296362150676,474.30282863653304,3981700,Goldman Sachs
2024-07-17,482.15667724609375,489.1656234880468,479.51632740785794,482.9439885936767,3908900,Goldman Sachs
2024-07-18,466.8233947753906,483.6064272361761,464.91275119934915,479.60268428805574,3320200,Goldman Sachs
2024-07-19,465.5944519042969,472.9586400385049,463.92384003922643,469.6173870076088,2032700,Goldman Sachs
2024-07-22,467.6203918457031,469.9534940699452,463.1461952699674,465.23926567770485,1792500,Goldman Sachs
2024-07-23,472.52655029296875,476.0406190239743,466.8906088577148,467.6586988237334,2020500,Goldman Sachs
2024-07-24,467.2939453125,476.2135063878699,466.4490286425395,469.7518687337897,1598600,Goldman Sachs
2024-07-25,472.1041564941406,476.3287104856755,463.9622962597391,466.66983280519844,1489700,Goldman Sachs
2024-07-26,479.13226318359375,483.90409641751893,475.887028642514,475.95424457697567,2249700,Goldman Sachs
2024-07-29,473.0738220214844,481.9838002647062,471.4800075324071,480.46681235142375,1599500,Goldman Sachs
2024-07-30,485.50750732421875,489.15597876257976,478.431345638072,478.44095628578384,2642500,Goldman Sachs
2024-07-31,488.7335205078125,496.6353774765804,484.72977741214254,484.72977741214254,2658900,Goldman Sachs
2024-08-01,480.1788024902344,493.52459378611246,474.9557082661246,489.6648637546214,4006800,Goldman Sachs
2024-08-02,451.8742980957031,474.74450667369024,448.5810393954011,471.51849321309805,6115500,Goldman Sachs
2024-08-05,440.7175598144531,444.7116923286461,419.930812595538,429.7433133734831,4177200,Goldman Sachs
2024-08-06,451.47100830078125,456.3004468928138,439.19097334063235,442.6282450880908,2209300,Goldman Sachs
2024-08-07,454.1497802734375,469.07013599713383,453.7273219576326,460.2753965518508,2587600,Goldman Sachs
2024-08-08,466.4010009765625,468.28287147218344,458.1343194664183,458.81600160574845,1936400,Goldman Sachs
2024-08-09,470.7119445800781,472.3825564400268,462.9733221174178,465.6808584040488,1622700,Goldman Sachs
2024-08-12,466.14178466796875,473.2179178851057,464.46156196319237,470.7119998012034,1839300,Goldman Sachs
2024-08-13,472.324951171875,473.60190738541127,467.07305450428,470.7407472390312,1243700,Goldman Sachs
2024-08-14,478.8154296875,479.4395064856177,468.92610229140155,473.24667454095515,1545600,Goldman Sachs
2024-08-15,479.1226806640625,486.6980985873203,478.39300389241055,484.86425205849326,1732300,Goldman Sachs
2024-08-16,484.15374755859375,484.77782437368637,477.18321476347273,477.2312094028042,1587000,Goldman Sachs
2024-08-19,484.5569763183594,487.53337642513554,481.8494106489256,484.8642240469667,1027900,Goldman Sachs
2024-08-20,477.5096130371094,484.05768695490747,476.70310978136433,483.77924188899124,2122700,Goldman Sachs
2024-08-21,476.6647033691406,480.8124595734542,474.3316014919972,479.5834980278155,917100,Goldman Sachs
2024-08-22,477.9032897949219,479.775549461181,475.06132162988587,477.18319443109226,943800,Goldman Sachs
2024-08-23,489.10797119140625,492.0075445504473,479.91954760525766,482.7039103978242,1751800,Goldman Sachs
2024-08-26,487.61981201171875,493.02533300917133,485.1714992935148,491.91161120612514,1084200,Goldman Sachs
2024-08-27,487.03411865234375,491.0858564902754,486.3908205547614,487.5909795197795,977900,Goldman Sachs
2024-08-28,483.26080322265625,488.0998524401586,478.59459916706055,486.40043787066816,1568100,Goldman Sachs
2024-08-29,489.7608642578125,492.7756482673885,481.1581332123807,485.8243370892309,1566300,Goldman Sachs
2024-08-30,492.8031921386719,493.71105339049575,487.89690385090296,490.4659254219527,1838900,Goldman Sachs
2024-09-03,470.79241943359375,492.2719938840238,468.8028587483308,490.1182329887285,2373600,Goldman Sachs
2024-09-04,473.86370849609375,479.23359473383226,470.05842537073306,470.05842537073306,1509400,Goldman Sachs
2024-09-05,471.1980895996094,478.818294183163,466.55255865367,476.7031737513327,1828300,Goldman Sachs
2024-09-06,463.2108154296875,478.47058813868904,460.74801865523966,469.9618283595147,1995600,Goldman Sachs
2024-09-09,471.8644714355469,477.37922276997324,466.86159678226204,468.92840904181674,1714200,Goldman Sachs
2024-09-10,451.1575622558594,472.47293613311945,445.7876761032604,472.405322549311,3583100,Goldman Sachs
2024-09-11,455.0594177246094,455.75480012781156,441.8375140335964,448.1152611968581,2426500,Goldman Sachs
2024-09-12,457.8505859375,458.12101079052087,449.48669155422084,455.18494847622395,1480500,Goldman Sachs
2024-09-13,462.612060546875,465.61573677996836,459.24140227315473,459.71463845051437,1794500,Goldman Sachs
2024-09-16,468.5710144042969,470.7151075202004,463.0948747318893,464.96854301669214,1500300,Goldman Sachs
2024-09-17,468.793212890625,472.9848129766855,465.3259387952611,471.3139557605471,1444900,Goldman Sachs
2024-09-18,468.0108642578125,476.13330676757596,465.2969482431162,468.8028332766323,1699500,Goldman Sachs
2024-09-19,486.6026916503906,489.0944910547159,476.5872744046744,477.82350660187365,3060700,Goldman Sachs
2024-09-20,481.3873596191406,484.88357757733763,478.53824556645884,483.0871900194537,4452600,Goldman Sachs
2024-09-23,480.4021911621094,484.255752685193,478.2870709117,481.17482517794275,953200,Goldman Sachs
2024-09-24,480.9913330078125,482.4786844780465,477.20538495970686,480.5760429494411,1035400,Goldman Sachs
2024-09-25,474.3465881347656,484.8352407492235,473.6318707255373,481.4549153655137,1763900,Goldman Sachs
2024-09-26,479.928955078125,481.3583309549461,475.64076849946485,477.1087849193104,1378100,Goldman Sachs
2024-09-27,481.464599609375,488.1189964838506,478.90518672201586,481.9088627082184,1420100,Goldman Sachs
2024-09-30,478.1808166503906,479.5426084190393,472.1831618398688,477.9683673490808,1602500,Goldman Sachs
2024-10-01,473.4097595214844,477.66894361813974,468.03984401795003,477.66894361813974,1528600,Goldman Sachs
2024-10-02,475.16754150390625,477.93940384060244,471.2657010903071,474.3756018892079,1445100,Goldman Sachs
2024-10-03,469.4789123535156,473.73812588317196,467.6438844646045,473.1779411700117,1290600,Goldman Sachs
2024-10-04,478.2291259765625,479.3397984297629,469.382327945876,478.69272407162896,1721600,Goldman Sachs
2024-10-07,477.70758056640625,481.94748857064957,474.0085517420552,477.71724807068415,1173300,Goldman Sachs
2024-10-08,479.5909118652344,481.30038008227893,475.93049414522227,480.00620190778955,1296700,Goldman Sachs
2024-10-09,487.906494140625,488.9592204947101,478.31603532688507,481.1651784728378,1695900,Goldman Sachs
2024-10-10,486.49639892578125,489.47107210237897,482.5076105152257,488.9978360109898,1309000,Goldman Sachs
2024-10-11,498.64630126953125,500.2591829681972,490.43693915253925,490.63011240375556,2409700,Goldman Sachs
2024-10-14,504.8757019042969,505.184767274798,497.8832673727611,499.9501088796293,2174900,Goldman Sachs
2024-10-15,504.5184326171875,522.0285240474108,497.883341043595,520.3769723085975,4525400,Goldman Sachs
2024-10-16,511.7425842285156,517.8851038175437,507.99524761046115,511.87781138286226,2649000,Goldman Sachs
2024-10-17,510.912109375,516.9870166375191,510.1684188211798,513.0755084971624,2123500,Goldman Sachs
2024-10-18,510.42913818359375,512.6215395326872,508.85486763001,511.28872079470585,1779200,Goldman Sachs
2024-10-21,500.0950012207031,511.7329672347996,499.3223671810492,509.94624733383745,1752100,Goldman Sachs
2024-10-22,500.5779113769531,501.86245159036247,495.4011984008996,497.97988738422265,1588000,Goldman Sachs
2024-10-23,499.5155334472656,502.21978202236187,495.84547759904945,498.1633796856186,1263200,Goldman Sachs
2024-10-24,506.56591796875,507.04882160837707,500.48134389908915,501.25397793285276,2058200,Goldman Sachs
2024-10-25,495.07275390625,510.7188425497038,493.2763666372675,509.99448713980496,1633200,Goldman Sachs
2024-10-28,505.6773681640625,506.6528429022697,497.37139058141724,497.7770720624628,1687100,Goldman Sachs
2024-10-29,506.35345458984375,509.2122063301383,503.1855785067971,503.35941673844775,1281600,Goldman Sachs
2024-10-30,506.4692687988281,512.6407313913272,505.184728845315,505.5034616950532,1441600,Goldman Sachs
2024-10-31,500.0853271484375,507.04881881484596,496.936844951902,504.5763545515053,2061700,Goldman Sachs
2024-11-01,501.592041015625,508.6328145678285,499.361028317783,502.2198393941495,1625000,Goldman Sachs
2024-11-04,493.9814453125,500.33644417723707,493.05427858652325,500.28816560340135,1797800,Goldman Sachs
2024-11-05,508.9418640136719,509.4247676902245,495.07282562244706,495.45917214297026,2169900,Goldman Sachs
2024-11-06,575.601806640625,578.141884515103,546.7434802595103,547.9024607907266,8042800,Goldman Sachs
2024-11-07,562.2640380859375,574.6553626636604,561.6362986889233,569.8263260026212,4475600,Goldman Sachs
2024-11-08,569.111572265625,574.8001909427572,561.4237255679861,566.3686538218037,2714000,Goldman Sachs
2024-11-11,581.7444458007812,586.3899769613705,575.7853717968989,578.4220660408365,2510800,Goldman Sachs
2024-11-12,572.3277587890625,581.5029278977087,571.2460004091747,577.6010287815009,2392900,Goldman Sachs
2024-11-13,573.9019775390625,582.9129760283909,572.3857119735397,574.2979915375533,1763100,Goldman Sachs
2024-11-14,568.4838256835938,580.9620985515685,566.1948670784055,579.4843850744925,1670500,Goldman Sachs
2024-11-15,573.2452392578125,574.7905662949711,567.0158293787827,573.0714010189195,2007700,Goldman Sachs
2024-11-18,567.8850708007812,574.7230035430274,564.7268618110608,574.3753270344906,1848900,Goldman Sachs
2024-11-19,561.5010375976562,564.7654708991884,555.8317536159027,559.8398184335392,2217400,Goldman Sachs
2024-11-20,562.0322265625,567.7015106123805,556.9037922345574,563.8672839841813,1528600,Goldman Sachs
2024-11-21,575.7273559570312,580.1604372511019,564.5240152357393,566.4556297703205,2281900,Goldman Sachs
2024-11-22,582.1693115234375,583.289621975204,574.1144532724121,575.8335594920842,1733700,Goldman Sachs
2024-11-25,582.4108276367188,590.3980142414177,578.354425025337,587.9738283900458,2940800,Goldman Sachs
2024-11-26,584.7963256835938,586.4285423939665,572.7237343193577,579.609945149374,2846500,Goldman Sachs
2024-11-27,584.7286987304688,591.3155115019963,582.6522484322106,586.901765126352,1424500,Goldman Sachs
2024-11-29,587.7613525390625,591.7790849486935,586.3029740920318,588.4760405055863,1170200,Goldman Sachs
2024-12-02,584.0148315429688,593.9148208199626,583.6168557180157,590.1198328291449,1804100,Goldman Sachs
2024-12-03,584.3740234375,593.4393191627529,583.1316372942955,591.0517008566442,1718100,Goldman Sachs
2024-12-04,581.1031494140625,586.5093538863016,579.2104831928289,585.2669677085897,1617300,Goldman Sachs
2024-12-05,579.249267578125,588.7222545485182,578.8124893498143,582.8696158578962,1672800,Goldman Sachs
2024-12-06,582.0444946289062,582.3550911196635,576.8906544421061,579.5985842893322,1405700,Goldman Sachs
2024-12-09,576.6480712890625,585.2669323454073,576.2598108219288,581.3748492372772,1633200,Goldman Sachs
2024-12-10,567.825439453125,578.7348835408986,566.5927687143036,572.6492530306311,2600800,Goldman Sachs
2024-12-11,575.1339721679688,576.2501766233404,569.6404477140903,572.7657254047593,2195300,Goldman Sachs
2024-12-12,574.2119140625,578.7834236704526,571.3001380870423,575.1631344978418,1218400,Goldman Sachs
2024-12-13,568.2620849609375,577.5021381278549,567.8738837735574,576.5315462990685,1215000,Goldman Sachs
2024-12-16,569.0870971679688,570.9700475981008,561.681477118549,570.7079688596108,1713300,Goldman Sachs
2024-12-17,557.77978515625,564.5059803868057,555.4600561346798,563.7586648546768,2314100,Goldman Sachs
2024-12-18,534.0681762695312,562.4288422651098,528.4775576219673,560.5070893200947,3271600,Goldman Sachs
2024-12-19,537.6981201171875,550.325528404336,537.3195751128017,544.9290405835953,2753300,Goldman Sachs
2024-12-20,549.4520874023438,556.0521601530693,537.1061860493279,538.6203071443248,4515900,Goldman Sachs
2024-12-23,553.9944458007812,554.8291405759691,545.278490685195,548.3843964600937,1519500,Goldman Sachs
2024-12-24,565.6512451171875,565.6512451171875,554.557386553215,557.3138936784744,913400,Goldman Sachs
2024-12-26,564.1371459960938,565.4571960843687,560.5168569418973,561.1477654120373,1092000,Goldman Sachs
2024-12-27,559.235595703125,564.8456449379277,554.5476205584987,560.0314881156864,1486000,Goldman Sachs
2024-12-30,556.6829833984375,559.0803762437348,548.4814698333089,550.5876969508977,1265900,Goldman Sachs
2024-12-31,555.7803344726562,559.9538678354153,553.6256488688995,558.1582964989514,1055800,Goldman Sachs
2025-01-02,558.0612182617188,567.1265730300486,552.9850413818959,562.273613339134,2219000,Goldman Sachs
2025-01-03,563.0694580078125,565.0203571162796,554.9164627235331,563.9138681830855,1422600,Goldman Sachs
2025-01-06,566.2337036132812,576.1919874076983,562.7686829266706,567.7769117801139,2257000,Goldman Sachs
2025-01-07,563.059814453125,570.9798781810057,551.6845048877917,569.8442429119325,2021900,Goldman Sachs
2025-01-08,562.9628295898438,564.108121119936,555.8289423541171,563.9527932147014,1513400,Goldman Sachs
2025-01-10,543.5315551757812,559.303676196507,541.6000864492197,559.303676196507,2817900,Goldman Sachs
2025-01-13,546.3947143554688,549.5394225893053,540.3867482083999,541.4738063820662,1871200,Goldman Sachs
2025-01-14,554.722412109375,556.7218290359858,548.5785488497461,552.9073507715057,2221900,Goldman Sachs
2025-01-15,588.10107421875,591.4884307406312,575.5610424609965,580.4140023468397,5119800,Goldman Sachs
2025-01-16,594.963134765625,598.6999492218816,588.1787066867346,592.0513589899481,3224500,Goldman Sachs
2025-01-17,607.5323486328125,608.5611737659015,594.9728859944141,599.6317156680202,3425200,Goldman Sachs
2025-01-21,616.073486328125,616.7431971013427,591.0904605762925,598.6707808620214,5076700,Goldman Sachs
2025-01-22,614.1226806640625,616.90827507126,611.1915329954451,614.8118223368737,2835700,Goldman Sachs
2025-01-23,620.6935424804688,626.5558964418389,615.8308674073061,616.2482148305606,2582700,Goldman Sachs
2025-01-24,618.1699829101562,621.7611254207733,610.4634811275158,611.4728753412803,3183500,Goldman Sachs
2025-01-27,614.6564331054688,617.0149641840919,606.0958059088593,606.6199041795895,3351700,Goldman Sachs
2025-01-28,619.0435180664062,620.2859041660165,613.2296819126894,613.6082269811859,2338000,Goldman Sachs
2025-01-29,618.6359252929688,629.9141994404968,617.6944202608404,618.2670955987618,1918900,Goldman Sachs
2025-01-30,626.7112426757812,630.4189110851541,622.1494485993155,625.5368050734705,1812800,Goldman Sachs
2025-01-31,621.5670776367188,630.8847361983258,618.6941042807795,630.8847361983258,1995100,Goldman Sachs
2025-02-03,613.773193359375,619.7034956342521,604.1740252773765,607.5905277127621,2102600,Goldman Sachs
2025-02-04,615.5299682617188,618.9173245375526,610.589688631308,613.4140850140105,1743400,Goldman Sachs
2025-02-05,626.4685668945312,627.4002972244045,616.840311631054,619.2376452392248,1908200,Goldman Sachs
2025-02-06,638.8629150390625,639.4743926207781,629.8558538148056,630.8846787674945,2439200,Goldman Sachs
2025-02-07,636.6112060546875,644.3467945173796,633.9517346742645,640.0082774653523,2616700,Goldman Sachs
2025-02-10,631.399169921875,643.0074109993816,625.3038244242695,639.6394855802055,2351600,Goldman Sachs
2025-02-11,628.205810546875,629.952863892647,624.6728422706161,627.7593762444187,2711400,Goldman Sachs
2025-02-12,629.9141235351562,631.3408651485328,620.3149557246472,624.8282316155583,2295800,Goldman Sachs
2025-02-13,629.8656005859375,632.8258939164893,621.6738029024401,632.6609098872407,2031800,Goldman Sachs
2025-02-14,641.1244506835938,643.7547759892756,631.1953147669537,631.1953147669537,2246000,Goldman Sachs
2025-02-18,652.4221801757812,652.4221801757812,641.5806850980475,643.1045215098335,2350100,Goldman Sachs
2025-02-19,648.5010375976562,651.3060033214329,643.7742595220867,649.4036810058208,1953600,Goldman Sachs
2025-02-20,623.372314453125,650.5683163225099,613.084005573065,648.3844847181861,3929000,Goldman Sachs
2025-02-21,607.2022705078125,628.4582568686506,605.0961026666519,625.789129136776,3000800,Goldman Sachs
2025-02-24,607.7264404296875,618.5582202165534,596.7199019654104,614.8796981576213,3274100,Goldman Sachs
2025-02-25,596.82666015625,612.7541069700144,588.178712088765,610.046176800247,2885900,Goldman Sachs
2025-02-26,599.6026000976562,604.8049586642322,597.1081717098222,598.5349134224257,2001200,Goldman Sachs
2025-02-27,590.1199340820312,606.8432152308034,589.4502232345985,599.3793604054525,2396300,Goldman Sachs
2025-02-28,606.984619140625,608.3112148873105,589.1542507191131,592.8412498300038,3337200,Goldman Sachs
2025-03-03,590.3734741210938,613.315012332807,583.6041629397249,607.0919254167657,3152300,Goldman Sachs
2025-03-04,566.8466796875,585.2427973287116,553.6104312771719,581.3216515357369,4061000,Goldman Sachs
2025-03-05,578.4832763671875,582.4336535213013,562.593955132206,567.7733517418171,2600600,Goldman Sachs
2025-03-06,553.7078857421875,572.2796265266815,550.7329137633512,566.3101554270854,4332300,Goldman Sachs
2025-03-07,545.90478515625,554.1957259169108,531.507800851124,554.1957259169108,4069600,Goldman Sachs
2025-03-10,518.583740234375,533.0294843466737,510.2635674384439,528.9620626044047,5272100,Goldman Sachs
2025-03-11,518.3593139648438,526.7087758378406,511.30715701583443,519.3737134233277,4190500,Goldman Sachs
2025-03-12,522.5340576171875,531.5955455765264,515.5891811239334,530.6201409057438,3078100,Goldman Sachs
2025-03-13,511.9021301269531,524.9042912417628,507.26895787525353,522.4950107132108,2529100,Goldman Sachs
2025-03-14,528.09375,530.2006571621531,513.7455872044023,520.856264925239,2808100,Goldman Sachs
2025-03-17,537.7796630859375,543.4564661513002,526.7185473956773,527.9182761472052,2695600,Goldman Sachs
2025-03-18,538.2088623046875,540.1303810886376,533.2050311672788,536.7554592165548,2641000,Goldman Sachs
2025-03-19,543.632080078125,549.1528444687755,531.205374228496,535.4971787093388,2769800,Goldman Sachs
2025-03-20,548.8406982421875,554.4590387248728,538.4233834030322,539.4963047375271,2531300,Goldman Sachs
2025-03-21,551.240234375,553.0544728549406,537.6528538526413,541.671516511726,3565600,Goldman Sachs
2025-03-24,565.832275390625,568.3878310897493,558.9556837645998,560.857734946432,1877700,Goldman Sachs
2025-03-25,571.5286865234375,572.4553329831492,563.9888265279625,570.30943053276,1875500,Goldman Sachs
2025-03-26,559.8043212890625,578.0639305966527,556.956155865536,573.9184600845186,1944200,Goldman Sachs
2025-03-27,545.1731567382812,552.0790384112425,538.9598338072191,551.1036337497386,2100900,Goldman Sachs
2025-03-28,529.7617797851562,546.7143177181536,524.4848667136381,542.2762383749621,2773100,Goldman Sachs
2025-03-31,532.8538818359375,533.9268628666863,515.5892640146527,520.6906122121114,2455100,Goldman Sachs
2025-04-01,534.9607543945312,538.3844346395089,520.1248265109558,529.8886377180453,1869600,Goldman Sachs
2025-04-02,549.2503051757812,553.3665435359244,525.8211272210832,526.5233899551519,2560700,Goldman Sachs
2025-04-03,498.6562194824219,516.9547937608594,497.0272803269286,512.5069501394913,5193900,Goldman Sachs
2025-04-04,459.23028564453125,479.8991136737497,448.68616319090415,475.0220901608051,8105200,Goldman Sachs
2025-04-07,454.0606689453125,477.92882406609965,428.5733383880003,435.908371298954,6353800,Goldman Sachs
2025-04-08,450.8515930175781,479.82112653152893,441.69252795867556,476.241377935795,4240900,Goldman Sachs
2025-04-09,504.15740966796875,509.1612404140665,436.11317000597063,440.25863987524224,7024100,Goldman Sachs
2025-04-10,477.75323486328125,490.7261359044516,462.3418517129782,490.7261359044516,5374500,Goldman Sachs
2025-04-11,482.27911376953125,486.25875194311743,466.8091793791675,475.02210024682427,3770200,Goldman Sachs
2025-04-14,491.58447265625,499.40720765377307,484.9224418690109,497.45639824887553,4392600,Goldman Sachs
2025-04-15,495.3983154296875,505.89367969784973,494.5301909444111,494.93011044995524,2501200,Goldman Sachs
2025-04-16,486.7757263183594,496.9199594848054,480.5721664253466,489.3800700862313,2765600,Goldman Sachs
2025-04-17,496.9589538574219,502.1676413891308,486.84401141748623,490.8626742029775,2593500,Goldman Sachs
2025-04-21,489.02886962890625,496.7443241180183,482.5131735964915,492.96951281890654,2859300,Goldman Sachs
2025-04-22,507.2007141113281,508.1858824491908,496.41273979424585,497.6807838486516,2514600,Goldman Sachs
2025-04-23,516.29150390625,538.2185844026075,515.2673407897107,520.5052597177677,3048100,Goldman Sachs
2025-04-24,531.9564819335938,533.390357868882,510.546335837194,514.1358181608949,2223600,Goldman Sachs
2025-04-25,531.458984375,535.5849866911356,527.9084970201238,531.205369630512,1612700,Goldman Sachs
2025-04-28,532.961181640625,540.8619363380114,529.1277885657647,531.4590202170364,1459700,Goldman Sachs
2025-04-29,535.4190673828125,537.3308817989789,527.9864892181843,530.4152371060155,1695600,Goldman Sachs
2025-04-30,534.0828247070312,536.0044028989781,518.3788330526602,522.5828248742151,2438300,Goldman Sachs
2025-05-01,540.2083740234375,544.6171625586969,532.0832366187562,534.6192648953747,2583000,Goldman Sachs
2025-05-02,552.1766357421875,555.7661778108879,545.9340807168496,547.7678465111262,2883000,Goldman Sachs
2025-05-05,545.7974243164062,552.6252568757106,543.7880931160271,544.6269268280162,2197200,Goldman Sachs
2025-05-06,535.8483276367188,543.7296145165742,533.6049086668088,536.0824152462426,2902500,Goldman Sachs
2025-05-07,538.3453979492188,541.7203199731707,534.2682130489674,536.6774938510156,1954900,Goldman Sachs
2025-05-08,551.7864379882812,558.0875141034114,544.4806664789812,545.075649044123,1994600,Goldman Sachs
2025-05-09,553.1520385742188,558.0290625769327,551.8645566274085,556.2245875095223,1522500,Goldman Sachs
2025-05-12,576.7958984375,588.5299871792869,573.6160692761327,581.594873365768,3527700,Goldman Sachs
2025-05-13,588.9591674804688,592.7632699983918,578.4735659236634,578.7076535492615,2765800,Goldman Sachs
2025-05-14,596.5575561523438,599.873956309764,587.6813962221672,588.9494105644803,2874400,Goldman Sachs
2025-05-15,600.7517700195312,603.9803571493618,594.7334802414604,594.7334802414604,2428100,Goldman Sachs
2025-05-16,603.8048706054688,605.5215330696144,598.4693753150509,601.77601192277,2021800,Goldman Sachs
2025-05-19,597.2402954101562,604.146177465599,583.6236836831513,594.2068010330235,2842100,Goldman Sachs
2025-05-20,591.6025390625,596.5087942547628,588.178858684921,592.8022679170762,1601600,Goldman Sachs
2025-05-21,578.8637084960938,594.8700738097834,577.4395961679064,586.9985505490251,2635900,Goldman Sachs
2025-05-22,583.516357421875,587.3887451897965,577.9370708962614,577.9760656535524,1939600,Goldman Sachs
2025-05-23,583.8187255859375,587.1546526265687,568.1732551510078,570.6117669756902,1530600,Goldman Sachs
2025-05-27,600.5859985351562,602.4782862917888,590.0711653972395,590.9978118950211,2364700,Goldman Sachs
2025-05-28,593.4752807617188,603.414657751414,592.3730686086744,602.0978851252372,2001900,Goldman Sachs
2025-05-29,589.9832763671875,594.9968708457475,583.5846238751891,593.55329093129,1736100,Goldman Sachs
2025-05-30,588.6011352539062,591.6889393727164,582.1117746707836,588.1600032852964,2129500,Goldman Sachs
2025-06-02,586.9052734375,587.3464054363336,580.4845382612037,586.7876462152421,1221200,Goldman Sachs
2025-06-03,591.9144287109375,594.3552830993615,582.0136996359787,588.1599906844644,1730300,Goldman Sachs
2025-06-04,587.3856201171875,594.3651141072453,586.9052391851477,593.5318515290264,1294900,Goldman Sachs
2025-06-05,593.9240112304688,597.688201968912,581.2001682193692,588.1600380709151,2086700,Goldman Sachs
2025-06-06,601.8837280273438,609.1181007500264,597.9626613952438,600.9034613693187,1675900,Goldman Sachs
2025-06-09,601.4132690429688,606.8831143701509,598.952789954401,602.6189779864766,1610700,Goldman Sachs
2025-06-10,602.7365112304688,604.3833519160354,597.2862314029777,600.9034175002457,1376400,Goldman Sachs
2025-06-11,611.8530883789062,617.4112440002459,602.4621758725634,605.0010332821518,2063600,Goldman Sachs
2025-06-12,612.7744750976562,613.6567390205274,603.6481949216657,608.7455935000501,1634700,Goldman Sachs
2025-06-13,601.4328002929688,607.8829718319845,597.5607947523365,603.8932792448966,1674800,Goldman Sachs
2025-06-16,615.46044921875,619.7932712907902,605.8048457551085,606.7851124958125,1870400,Goldman Sachs
2025-06-17,612.313720703125,619.2049635338947,610.7060691792988,612.3725343037175,1479300,Goldman Sachs
2025-06-18,622.7045288085938,627.2529800706974,611.3432727227125,612.1862876168622,2423100,Goldman Sachs
2025-06-20,628.1549072265625,629.95862433129,624.126025334562,626.2238104914916,4115400,Goldman Sachs
2025-06-23,634.1149291992188,634.6442516794216,617.5778347171216,626.6453017138105,2020800,Goldman Sachs
2025-06-24,649.04443359375,650.6717099794541,640.34947190433,641.5356162659222,2307800,Goldman Sachs
2025-06-25,656.6512451171875,656.896311790536,647.750406788568,651.4852204971688,1566400,Goldman Sachs
2025-06-26,673.6000366210938,675.7272584299293,657.2786320281458,657.3864470053501,2849500,Goldman Sachs
2025-06-27,677.1780395507812,680.5011580374714,671.8650107664996,677.3642926178128,3650500,Goldman Sachs
2025-06-30,693.7837524414062,700.2044873187658,689.0784842779603,700.1751104299359,3976400,Goldman Sachs
2025-07-01,692.5192260742188,698.9399609156842,686.7846300498984,694.0288152349607,3301000,Goldman Sachs
2025-07-02,701.76318359375,704.5471076806625,691.1665023352681,694.8130659554947,2906500,Goldman Sachs
2025-07-03,709.3994140625,711.6736400367959,699.3223032742354,701.7827224881726,1502000,Goldman Sachs
2025-07-07,696.9009399414062,709.6835951081514,692.4015496674986,707.4584305689516,2863700,Goldman Sachs
2025-07-08,683.5204467773438,697.1559313157412,680.0797008182029,696.6951748187087,3100700,Goldman Sachs
2025-07-09,682.8145751953125,690.4410788963177,681.0011057192286,690.4410788963177,1763400,Goldman Sachs
2025-07-10,695.126708984375,696.3618545841297,682.7067468004434,682.9910026008907,1733500,Goldman Sachs
2025-07-11,691.0390014648438,692.0682695029161,686.4121116672359,689.7058531520885,1681800,Goldman Sachs
2025-07-14,699.2242431640625,699.3516826248053,688.2746805954782,690.8331623890392,1909300,Goldman Sachs
2025-07-15,688.6471557617188,700.5867967586829,686.225865947249,699.2242117124812,1981200,Goldman Sachs
2025-07-16,694.8326416015625,695.7737191619638,677.6583500663052,694.5189490814288,3323200,Goldman Sachs
2025-07-17,691.9114379882812,703.2923194259776,690.3822244087773,692.342757707153,2046100,Goldman Sachs
2025-07-18,694.28369140625,696.2736016634308,684.6084640185139,693.1073594189253,1925200,Goldman Sachs
2025-07-21,692.0682373046875,698.6948492631275,690.4507734410191,695.1462888668052,2006500,Goldman Sachs
2025-07-22,686.5885620117188,692.5486002047516,678.2269183067817,689.774428735632,1978900,Goldman Sachs
2025-07-23,703.3609619140625,704.8215496829964,687.6570706766539,688.1472040128454,2395700,Goldman Sachs
2025-07-24,704.9881591796875,711.4481427013316,700.6259606395282,704.743092518226,1974700,Goldman Sachs
2025-07-25,714.5948486328125,715.486924895958,704.1746081135667,706.5370845271526,1851400,Goldman Sachs
2025-07-28,709.3699951171875,718.0649556377284,707.9191597700191,713.6341311719812,1464800,Goldman Sachs
2025-07-29,717.53564453125,719.6432419995773,708.1642966898378,712.5068712611394,2136000,Goldman Sachs
2025-07-30,716.3298950195312,723.3192014159648,708.9092688794633,716.7122133940387,1816200,Goldman Sachs
2025-07-31,709.3112182617188,719.5549575635301,706.2233541787895,712.252018405182,2358100,Goldman Sachs
2025-08-01,695.56787109375,700.420203375545,680.3541122915796,696.4893242135873,2999100,Goldman Sachs
2025-08-04,711.7030639648438,712.4480164022169,701.0867588058161,701.0867588058161,1753700,Goldman Sachs
2025-08-05,706.6840209960938,715.0065353087269,700.449539314402,713.634138034062,1977300,Goldman Sachs
2025-08-06,710.4384765625,713.9282236113356,707.7525553850636,710.2032221280867,1477100,Goldman Sachs
2025-08-07,705.537109375,718.4766411262242,703.4491366232222,716.2024153176443,1400400,Goldman Sachs
2025-08-08,707.0369873046875,713.6341631007047,704.4686933173496,711.5363779871594,1275400,Goldman Sachs
2025-08-11,705.0469360351562,709.5561982694417,701.6160029535309,707.9485466946776,1273500,Goldman Sachs
2025-08-12,728.710693359375,733.3767726107974,710.0561885939944,710.9678893124791,2418100,Goldman Sachs
2025-08-13,729.9947509765625,734.1314473904484,718.162925704245,731.0632679169095,1862600,Goldman Sachs
2025-08-14,732.455322265625,733.3963400471453,722.4565895218356,728.0636865725065,1371200,Goldman Sachs
2025-08-15,716.3004760742188,734.2687819838953,714.7908868494043,734.2197806135523,1645900,Goldman Sachs
2025-08-18,716.5357666015625,717.1729040563725,709.5856493921442,715.1045556844332,1157800,Goldman Sachs
2025-08-19,707.1448364257812,715.5947310664358,703.5668388381553,714.7712806668087,1856400,Goldman Sachs
2025-08-20,706.4586181640625,707.9976441062937,691.6271777869798,706.9683760083191,1872700,Goldman Sachs
2025-08-21,701.8219604492188,705.0273918944137,698.9007249790994,702.4002843008147,1162000,Goldman Sachs
2025-08-22,727.2500610351562,730.1418597051176,704.400047134848,705.9292607612635,1948600,Goldman Sachs
2025-08-25,724.211181640625,731.7690591015532,723.7602972702863,727.2500441743131,1381200,Goldman Sachs
2025-08-26,734.1707153320312,734.3765330357014,719.3784653416586,723.1525278212538,1511600,Goldman Sachs
2025-08-27,734.87646484375,738.1407694613018,730.3182609307717,731.2494663609954,1534800,Goldman Sachs
2025-08-28,736.3958740234375,738.4642820980037,732.2493652964773,736.1704318428535,1411200,Goldman Sachs
2025-08-29,734.4544677734375,738.0712880954991,728.196476576733,735.8933401798311,1467000,Goldman Sachs
2025-09-02,720.2630004882812,725.7227874367305,710.7133658623917,725.7227874367305,2296400,Goldman Sachs
2025-09-03,719.977294921875,721.4161673949264,711.8369375152871,718.0062664031279,1485600,Goldman Sachs
2025-09-04,738.0516357421875,738.0614403576991,720.5784274271349,723.1210709994753,1778200,Goldman Sachs
2025-09-05,727.5164184570312,746.3791134729543,716.6166344220352,741.2938869524413,1822800,Goldman Sachs
2025-09-08,731.1036987304688,732.769220165311,722.9436722820858,728.7089063983016,1400100,Goldman Sachs
2025-09-09,752.85400390625,754.5293901055707,727.8416482634565,729.4086423351365,2611300,Goldman Sachs
2025-09-10,758.4320068359375,763.2511253809848,750.5971572054214,750.823806214717,1996200,Goldman Sachs
2025-09-11,773.362548828125,781.6802911887554,760.1763638510663,760.8169721496809,2075700,Goldman Sachs
2025-09-12,768.76025390625,775.629319600717,765.0153117355115,772.1504253784065,1099400,Goldman Sachs
2025-09-15,775.3631591796875,780.9017441542022,770.1202164340411,771.608352495527,1292000,Goldman Sachs
2025-09-16,774.1509399414062,778.5660239756936,768.3955109815599,778.0929964437368,1529500,Goldman Sachs
2025-09-17,782.715087890625,787.0021109091882,773.8553245303494,777.4327460202405,1945300,Goldman Sachs
2025-09-18,792.658935546875,795.5859440427938,780.921487717317,784.0455509353465,1501600,Goldman Sachs
2025-09-19,793.3389282226562,797.9313979121331,785.8194500908996,792.4421367702416,3789800,Goldman Sachs
2025-09-22,793.8908081054688,794.3540310530707,785.9869650571767,789.5348522300642,1151000,Goldman Sachs
2025-09-23,794.6398315429688,813.295608473162,790.3824029027276,795.4085013545462,1758800,Goldman Sachs
2025-09-24,780.9510498046875,801.0654293290602,780.8623872067685,797.8230489503444,1402500,Goldman Sachs
2025-09-25,783.247314453125,786.6177563436844,770.682007773663,774.6142000044849,1413100,Goldman Sachs
2025-09-26,790.885009765625,797.7737443951031,783.611910162147,785.612472708354,1376200,Goldman Sachs
2025-09-29,792.4716796875,797.1233380252197,786.4304727837132,796.0983647528167,1059000,Goldman Sachs
2025-09-30,784.814208984375,797.8920016646126,775.0576544965396,793.8316879733414,2463900,Goldman Sachs
2025-10-01,774.1312866210938,784.7452940468534,771.8842853210717,782.123792530161,1788900,Goldman Sachs
2025-10-02,768.090087890625,779.5417584684341,761.250616706113,777.4524731061118,1553700,Goldman Sachs
2025-10-03,778.5364990234375,783.4049416434867,766.5920715695704,771.6576290624948,1470500,Goldman Sachs
2025-10-06,785.238037109375,790.8751494893233,768.750343557519,783.48379295204,1632600,Goldman Sachs
2025-10-07,778.2113647460938,793.6543564627208,770.0710072791352,786.4403848124842,1547200,Goldman Sachs
2025-10-08,765.2615966796875,783.4837435566099,763.1230478320107,780.2808225923848,1939300,Goldman Sachs
2025-10-09,768.6616821289062,771.5689009171675,760.1763590964712,767.5677156449597,1575000,Goldman Sachs
2025-10-10,753.28759765625,780.1921225067388,752.9328269907693,771.7758531368867,2457900,Goldman Sachs
2025-10-13,775.3828735351562,779.5909781708774,766.6117732939923,766.6117732939923,2766000,Goldman Sachs
2025-10-14,759.594970703125,775.1759485434106,731.7049295409796,753.3763782100943,4710800,Goldman Sachs
2025-10-15,756.805908203125,771.1549924697414,751.6122291495192,767.3410573489115,3217400,Goldman Sachs
2025-10-16,747.1085205078125,770.1202540696751,741.5107466629489,759.4963816353861,3160900,Goldman Sachs
2025-10-17,739.89453125,747.946165596567,729.2903886035565,747.1676310160249,2884700,Goldman Sachs
2025-10-20,752.2626953125,755.3177652272203,741.9739248095863,746.0342384418652,1925400,Goldman Sachs
2025-10-21,747.985595703125,754.2140530602404,747.2859190734017,748.0053252367004,1782200,Goldman Sachs
2025-10-22,733.8138427734375,749.5919346001375,732.3454362525788,749.5919346001375,2141400,Goldman Sachs
2025-10-23,739.9044189453125,744.0632602160189,733.873016384494,738.4852760164757,1615400,Goldman Sachs
2025-10-24,772.5248413085938,773.2442473940491,745.0487018311014,748.842907270763,2505600,Goldman Sachs
2025-10-27,778.5463256835938,785.1690121517651,775.6095127198423,777.5706762842809,1645300,Goldman Sachs
2025-10-28,780.615966796875,786.7950999096033,775.9445789760723,780.5765077323452,1242000,Goldman Sachs
2025-10-29,771.7167358398438,788.8942408782873,767.538165316683,776.5851783231896,2251500,Goldman Sachs
2025-10-30,778.7138671875,795.4479390639711,769.2923539216112,772.209497583184,1829500,Goldman Sachs
2025-10-31,777.9353637695312,780.2512981521454,771.6576429296814,773.6089418588799,1328100,Goldman Sachs
2025-11-03,774.14111328125,784.4692825774129,770.1201986086705,778.1324336561212,1569100,Goldman Sachs
2025-11-04,779.3742065429688,794.3244400171367,761.8024716293384,765.7445284036169,2046000,Goldman Sachs
2025-11-05,781.6015014648438,785.8096062937142,764.3451377986157,778.9898647138912,1832700,Goldman Sachs
2025-11-06,776.1713256835938,786.637482150233,765.7445681323768,782.4983102922872,1572500,Goldman Sachs
2025-11-07,774.9492797851562,775.6588211525012,751.7502365028895,771.6576358172671,2098400,Goldman Sachs
2025-11-10,785.6519165039062,794.6791999283029,777.373573329629,784.5481454341376,1698200,Goldman Sachs
2025-11-11,798.572021484375,800.2375429144618,784.0849504876173,786.9133714737683,1521500,Goldman Sachs
2025-11-12,826.81689453125,827.8320031218527,802.33675326636,802.33675326636,2954100,Goldman Sachs
2025-11-13,793.8316650390625,829.09339096319,793.3586374851283,820.9924331959973,2557400,Goldman Sachs
2025-11-14,779.4530639648438,789.0125644035685,766.7301012195379,784.0258646088754,2552000,Goldman Sachs
2025-11-17,764.3253784179688,785.1886968586348,759.3386790511362,778.5562056462006,1850600,Goldman Sachs
2025-11-18,765.0546264648438,776.289511891786,755.4359986882776,760.8760560719772,1673500,Goldman Sachs
2025-11-19,774.6043701171875,776.4571418015114,763.773577653083,765.0547342047489,1521100,Goldman Sachs
2025-11-20,762.4923095703125,804.1795460678946,761.0041735802654,783.7301274638397,2599000,Goldman Sachs
2025-11-21,762.817626953125,769.0657536393828,743.0777475715416,765.577054834328,2284700,Goldman Sachs
2025-11-24,779.2559814453125,782.4884368535778,764.1283018662043,767.3608174254849,2319500,Goldman Sachs
2025-11-25,790.69775390625,793.5951680373666,766.720176767673,785.4548111856097,2252900,Goldman Sachs
2025-11-26,804.1895141601562,807.7078073443738,793.338992354842,794.1668508133124,1862500,Goldman Sachs
2025-11-28,814.0741577148438,818.5385660756641,807.0868954673417,808.1216733847655,868300,Goldman Sachs
2025-12-01,799.1140747070312,812.7831526175127,797.8821818877664,806.7321408040563,2133200,Goldman Sachs
2025-12-02,807.3839721679688,811.8308583110671,800.5402746011598,803.3332097388572,2254200,Goldman Sachs
2025-12-03,828.5388793945312,829.8659814534967,805.1456378076209,805.1456378076209,2347900,Goldman Sachs
2025-12-04,829.7867431640625,835.887579788815,826.4886946586389,827.5186887656407,1670800,Goldman Sachs
2025-12-05,846.3561401367188,847.9804104882268,828.4893476177687,829.2222338753676,2277500,Goldman Sachs
2025-12-08,858.3696899414062,862.202532710398,848.0794204942646,852.8333279144113,2238100,Goldman Sachs
2025-12-09,868.164794921875,875.236204540594,856.0125683340502,857.6863466479022,2274800,Goldman Sachs
2025-12-10,880.7032470703125,888.5868524806153,860.9249889675638,862.9849773523011,2394300,Goldman Sachs
2025-12-11,902.2840576171875,910.2765316831278,879.4751187098009,881.4360911847975,2683000,Goldman Sachs
2025-12-12,879.435546875,906.2060256488637,878.4748275057357,904.977939402971,2715200,Goldman Sachs
2025-12-15,881.0499267578125,895.7870225450473,881.0499267578125,883.4367640630632,1976600,Goldman Sachs
2025-12-16,870.7100830078125,887.6359831895505,865.9264346378657,881.6836702093026,2161600,Goldman Sachs
2025-12-17,863.95556640625,887.3685742285825,860.1028962664201,877.8211650818964,2213300,Goldman Sachs
2025-12-18,867.887451171875,884.2191364323135,866.302835455157,872.0471429897783,2066300,Goldman Sachs
2025-12-19,884.9024658203125,891.1122924143385,873.4831866325773,874.6914454710769,4808300,Goldman Sachs
2025-12-22,890.3695678710938,896.787340295759,886.2495306174212,887.9133953034745,1442300,Goldman Sachs
2025-12-23,893.0535278320312,897.2230727806882,885.120414852416,891.7065380081661,1210200,Goldman Sachs
2025-12-24,902.0364379882812,903.1258536841647,890.0723904289903,892.5087354632198,771800,Goldman Sachs
2025-12-26,898.3323364257812,904.5520770411326,896.618963879796,902.254341935098,995300,Goldman Sachs
2025-12-29,883.614990234375,897.7776969502469,883.0009471220923,897.7480163863435,1578000,Goldman Sachs
2025-12-30,875.929443359375,886.4277183379118,872.7205574258533,886.150377356392,1833300,Goldman Sachs
2025-12-31,870.5615234375,877.4943228277873,868.3727178682782,875.6125388135954,1221500,Goldman Sachs
2026-01-02,905.5623168945312,905.6613327098464,872.2947559758666,875.5135558134159,2817600,Goldman Sachs
2026-01-05,939.3348999023438,952.4576988054562,903.8389402716671,905.6217084820269,3742000,Goldman Sachs
2026-01-06,946.29736328125,949.367639240271,934.1947055208689,940.2955423062087,1966000,Goldman Sachs
2026-01-07,931.9861450195312,949.0507161684332,925.0335182899208,947.6938731242234,2683300,Goldman Sachs
2026-01-08,925.8555297851562,936.116057957002,923.0526812200502,926.4992534327896,1960800,Goldman Sachs
2026-01-09,929.9656982421875,937.056995526318,923.7460181734681,929.757752946327,1334100,Goldman Sachs
2026-01-12,940.4342651367188,941.4345787630969,920.1904876394906,925.0335579270275,2179600,Goldman Sachs
2026-01-13,929.1437377929688,940.8205314482959,922.0623539668134,938.2256884137788,1969600,Goldman Sachs
2026-01-14,923.71630859375,929.1437414496185,909.0881423719485,923.3498654465398,2513000,Goldman Sachs
2026-01-15,966.4916381835938,971.8398218580155,915.7930645553358,916.0208976392803,3773700,Goldman Sachs
2026-01-16,952.7647094726562,975.2467994263548,947.8127099431726,963.6591084375203,3071600,Goldman Sachs
2026-01-20,934.3135986328125,953.3589703813221,930.0845714906263,937.2947121626017,2629100,Goldman Sachs
2026-01-21,943.8610229492188,959.618258836998,934.3928022772602,934.9375101350598,2251300,Goldman Sachs
2026-01-22,945.4852905273438,961.6287968384512,941.6821283063989,950.8433273989625,2468300,Goldman Sachs
2026-01-23,910.0587158203125,928.1929365850489,908.2462669762169,925.1128072316803,3872600,Goldman Sachs
2026-01-26,922.9140625,924.7760192007825,909.1673066619076,909.5931713770888,2655900,Goldman Sachs
2026-01-27,920.7946166992188,924.4393417271565,911.5542286469977,915.1295579749972,2012500,Goldman Sachs
2026-01-28,927.8165893554688,928.1731188352726,913.9014819286365,923.5578815932334,1674100,Goldman Sachs
2026-01-29,931.0947875976562,946.2083003675783,916.2487021555244,928.3018525104284,2335400,Goldman Sachs
2026-01-30,926.4299926757812,937.9087547192612,914.3075069329105,924.9840474330892,1893700,Goldman Sachs
2026-02-02,937.2451782226562,940.3253074824875,903.3239807815754,923.1814871937376,1802000,Goldman Sachs
2026-02-03,929.9756469726562,955.2407595753416,910.2369830618794,940.3847602040299,2321900,Goldman Sachs
2026-02-04,904.5322265625,935.0959533059877,885.2194282993655,928.1235596947575,3561900,Goldman Sachs
2026-02-05,881.8619384765625,902.0859477313048,868.303361579572,893.0138508974348,3214300,Goldman Sachs
2026-02-06,919.8339233398438,922.8249504343177,898.5204977723823,899.1543682273673,2473200,Goldman Sachs
2026-02-09,934.5611572265625,939.8895135725313,918.2096450582895,920.0815153939743,2322600,Goldman Sachs
2026-02-10,939.879638671875,952.5964006247325,921.0026180469961,936.6212445988094,3324900,Goldman Sachs
2026-02-11,935.5218505859375,958.8358420327925,922.3396305822372,941.5137577786719,2654300,Goldman Sachs
2026-02-12,895.8662719726562,959.0934320339674,895.3017367413962,946.9907130858718,3188700,Goldman Sachs
2026-02-13,896.4506225585938,897.2924383338793,860.6575539652756,885.8235900215421,2623000,Goldman Sachs
2026-02-17,907.2459106445312,912.7030238135872,896.9853820977502,899.0156898208336,2008500,Goldman Sachs
2026-02-18,924.76611328125,938.6020318265028,911.1481141555994,912.7327903233859,1864900,Goldman Sachs
2026-02-19,907.85009765625,920.7351496508852,897.7876007637025,916.1199126884006,1974200,Goldman Sachs
2026-02-20,913.3864135742188,913.5151703999004,891.9244642095072,903.7894359206774,2009100,Goldman Sachs
2026-02-23,883.7437744140625,923.0527507339972,875.2659532845172,909.6823514476142,2535900,Goldman Sachs
2026-02-24,893.608154296875,903.0169535277645,873.1861128021866,876.939706733635,1971500,Goldman Sachs
2026-02-25,912.53466796875,913.6538246956984,898.8077398133594,905.9385707595484,1763600,Goldman Sachs
2026-02-26,920.0814819335938,929.3813512480314,912.6930771199676,918.8533957630589,2220300,Goldman Sachs
2026-02-27,851.3180541992188,907.4539136005715,845.950103636087,903.2447140013328,5552300,Goldman Sachs
2026-03-02,857.9190063476562,869.7966520679189,832.3317618038074,836.3142104248782,2873200,Goldman Sachs
2026-03-03,858.795166015625,864.5299018603185,821.0216377054891,832.3317774173322,3782100,Goldman Sachs
2026-03-04,863.4446411132812,874.9439493459278,856.2264529921267,866.0233033314352,2081700,Goldman Sachs
2026-03-05,831.7941284179688,862.7178386116808,818.5923019083422,858.2276182019754,3093700,Goldman Sachs
2026-03-06,817.8157348632812,823.5305390186446,797.8139203195095,812.4195338956446,2473000,Goldman Sachs
2026-03-09,828.3792114257812,833.0087714913384,791.5116641162913,806.4458464581081,3258200,Goldman Sachs
2026-03-10,830.1513671875,842.3775135994551,822.7240786469663,831.0175448995619,1871900,Goldman Sachs
2026-03-11,820.1454467773438,829.1457584338937,806.9834229987335,826.3082882089209,2227000,Goldman Sachs
2026-03-12,784.0645141601562,803.6681201830515,780.6594767923647,801.786398600958,3533000,Goldman Sachs
2026-03-13,778.7777709960938,794.49846434799,777.075252410534,785.8963611272785,2567400,Goldman Sachs
2026-03-16,791.2826538085938,801.9257496642291,786.5335646121588,788.5247888263667,2082700,Goldman Sachs
2026-03-17,803.498779296875,816.8400059428774,799.9444367547594,802.7620360546564,1955600,Goldman Sachs
2026-03-18,801.9456787109375,812.6087070271379,797.4853555933689,797.4853555933689,1541300,Goldman Sachs
2026-03-19,805.9480590820312,812.5987411471679,787.1210595105324,789.450757980204,1765900,Goldman Sachs
2026-03-20,809.9603881835938,823.600226136298,801.3980871631452,803.4590116225854,3918400,Goldman Sachs
2026-03-23,827.6224975585938,845.8023843975209,825.3624386248922,829.3448870621654,2190300,Goldman Sachs
2026-03-24,832.052978515625,840.7944825887811,814.4107599261373,821.3103450133813,1656100,Goldman Sachs
2026-03-25,838.1461791992188,850.9995056264154,830.2410161078947,841.3022527755711,1628900,Goldman Sachs
2026-03-26,819.0303955078125,841.0931340639529,812.5290189853214,830.1314345449495,2052200,Goldman Sachs
2026-03-27,799.3670654296875,813.5146753977273,794.2795018526815,810.0997329651887,2106800,Goldman Sachs
2026-03-30,804.0563354492188,815.037966460176,798.3614632086708,807.5609096079204,1621400,Goldman Sachs
2026-03-31,842.2778930664062,844.7768892263738,806.445822361064,820.2848552245671,2689800,Goldman Sachs
2026-04-01,856.435546875,866.381702501079,846.4196911065476,856.1766779939967,1803600,Goldman Sachs
2026-04-02,859.2531127929688,863.4944303968281,827.3537204650028,834.7113090494499,1717700,Goldman Sachs
2026-04-06,862.2498779296875,869.3784948506818,855.9974653167983,859.2132730694112,1444500,Goldman Sachs
2026-04-07,860.3582763671875,864.1614613607902,846.2703399308134,854.2352372478092,1498400,Goldman Sachs
2026-04-08,901.7756958007812,914.0914131111363,889.6789839929008,899.0477282599688,2439000,Goldman Sachs
2026-04-09,899.7545776367188,905.4097080900849,891.3615745546059,898.0421539173074,1797800,Goldman Sachs
2026-04-10,903.8167114257812,904.9716555671396,891.0728878645393,899.4061568259743,1642700,Goldman Sachs
2026-04-13,886.88134765625,893.0043868405718,861.5430664116833,871.7082278292152,4236200,Goldman Sachs
2026-04-14,905.638671875,910.1786607831826,886.1943376960936,890.4953894144785,2822600,Goldman Sachs
2026-04-15,895.5431518554688,923.7189631938282,893.1636242626328,910.9851058311854,2403900,Goldman Sachs
2026-04-16,896.0509033203125,903.975997630366,891.9190887369546,894.0497132467892,1742100,Goldman Sachs
2026-04-17,921.8870849609375,925.1128586129627,908.217288782352,911.4829258115856,2805100,Goldman Sachs
2026-04-20,937.6077880859375,937.6675223849871,918.9400600411338,919.6270348638764,2374300,Goldman Sachs
2026-04-21,922.4844360351562,947.8327435418381,918.4920215449791,940.3556864865968,1765400,Goldman Sachs
2026-04-22,930.7380981445312,936.8511106221245,927.0642868444145,934.8798179913987,1382600,Goldman Sachs
2026-04-23,927.2135620117188,940.2461514958565,916.6501319251059,930.8973390362396,1655000,Goldman Sachs
2026-04-24,922.8428344726562,928.8264732380284,915.1865745814679,926.4071429970794,1263300,Goldman Sachs
2026-04-27,933.6950073242188,937.5977898511031,921.9368305232924,921.9766331321692,1223000,Goldman Sachs
2026-04-28,922.4844360351562,941.1521640622856,920.1845743729076,937.109981117505,1501600,Goldman Sachs
2026-04-29,901.6263427734375,925.9193036492366,895.2145980680115,923.4302732630828,1725900,Goldman Sachs
2026-04-30,919.7166748046875,923.9280948431746,901.0290149063287,906.4152500147118,1880300,Goldman Sachs
2026-05-01,919.6569213867188,931.6739673349706,908.1376815137018,912.3789989974781,1359800,Goldman Sachs
2026-05-04,899.3065795898438,920.9412115242092,895.0552963894747,918.2232098806113,1660100,Goldman Sachs
2026-05-05,914.8580322265625,917.7054682953158,904.234807192047,905.7381912105915,1507200,Goldman Sachs
2026-05-06,933.2369995117188,939.9175787356154,927.2434558509663,931.8232473114226,2318200,Goldman Sachs
2026-05-07,921.8074340820312,941.1422053898132,917.9344881603267,933.8145144098863,1715300,Goldman Sachs
2026-05-08,932.370849609375,935.6564183281972,923.3904693109786,931.892975221478,1665000,Goldman Sachs
2026-05-11,940.7140502929688,945.6125056611387,922.5640608454437,928.5576652353872,2411400,Goldman Sachs
2026-05-12,941.7495727539062,944.3381400802936,916.7596709102469,938.0259322060158,2236500,Goldman Sachs
2026-05-13,951.2277221679688,955.3396051173437,928.9857812616895,937.7073532243602,2355200,Goldman Sachs
2026-05-14,964.7083740234375,971.3789268372649,956.2854733295283,962.6574154181511,1898000,Goldman Sachs
2026-05-15,944.3082275390625,955.2898587311545,937.4783427684613,949.4655519556767,1862700,Goldman Sachs
2026-05-18,942.20751953125,957.4702711270156,934.431790906699,943.5814691885706,1508000,Goldman Sachs
2026-05-19,924.664794921875,935.5169913874638,919.7564344394463,929.1251177947441,1767300,Goldman Sachs
2026-05-20,977.8106079101562,978.417916742471,936.373234748948,940.8534894606655,3104400,Goldman Sachs
2026-05-21,983.8340454101562,995.1143481322039,966.0424610758233,977.9002358621685,2452300,Goldman Sachs
2026-05-22,992.3564453125,1000.9485827382347,986.5520704264984,990.2656841750414,1923500,Goldman Sachs
2026-05-26,990.1561889648438,1012.0795266126196,982.6990638791686,1002.113500296361,2080600,Goldman Sachs
2026-05-27,992.0975952148438,999.2461438209881,970.1443597867003,991.5400548498139,2195000,Goldman Sachs
2026-05-28,1003.9454345703125,1005.5383897283438,978.1391842526722,982.0917353818012,2273000,Goldman Sachs
2026-05-29,1021.06005859375,1022.7126872637696,999.5946022252514,1004.8414977203302,2158000,Goldman Sachs
2026-06-01,1048.5799560546875,1051.199951171875,1011.5999755859375,1015.3300170898438,2666700,Goldman Sachs
2026-06-02,1064.5799560546875,1073.969970703125,1047.8900146484375,1049.739990234375,2125600,Goldman Sachs
2026-06-03,1041.02001953125,1055.969970703125,1031.010009765625,1055.280029296875,2562200,Goldman Sachs
2026-06-04,1092.6099853515625,1095.9000244140625,1050.0,1052.8699951171875,2608800,Goldman Sachs
2026-06-05,1038.6800537109375,1098.3599853515625,1035.5999755859375,1092.8199462890625,2643800,Goldman Sachs
2026-06-08,1045.0,1063.1800537109375,1042.3299560546875,1052.780029296875,2326700,Goldman Sachs
2026-06-09,1032.010009765625,1064.3499755859375,1006.2999877929688,1061.7900390625,2868500,Goldman Sachs
2026-06-10,1001.2899780273438,1036.31005859375,1000.0399780273438,1028.3499755859375,2287200,Goldman Sachs
2026-06-11,1035.6400146484375,1036.9200439453125,1000.4500122070312,1013.5,2561900,Goldman Sachs
2026-06-12,1062.75,1073.739990234375,1048.06005859375,1053.0,2206000,Goldman Sachs
2026-06-15,1076.1700439453125,1094.1800537109375,1075.0,1089.52001953125,2364000,Goldman Sachs
2026-06-16,1090.6700439453125,1097.25,1085.530029296875,1086.0,1965500,Goldman Sachs
2026-06-17,1099.1400146484375,1121.949951171875,1094.2900390625,1098.4599609375,2180000,Goldman Sachs
2026-06-18,1096.56005859375,1125.0,1093.3299560546875,1120.0,4499200,Goldman Sachs
2026-06-22,1106.3699951171875,1115.97998046875,1091.6300048828125,1109.699951171875,1894400,Goldman Sachs
2026-06-23,1094.43994140625,1103.550048828125,1069.0,1077.3399658203125,2066900,Goldman Sachs
2026-06-24,1076.9100341796875,1090.0999755859375,1068.510009765625,1090.0,1933100,Goldman Sachs
2026-06-25,1065.0899658203125,1105.25,1062.0999755859375,1095.6199951171875,1950000,Goldman Sachs
2026-06-26,1019.6099853515625,1057.0,1013.3800048828125,1054.739990234375,4008500,Goldman Sachs
2026-06-29,1020.2100219726562,1035.9300537109375,1016.1699829101562,1029.18994140625,1887200,Goldman Sachs
2026-06-30,1011.3699951171875,1026.3199462890625,1006.1099853515625,1019.2899780273438,3162800,Goldman Sachs
2026-07-01,1019.6099853515625,1033.530029296875,1003.0,1010.0,1735000,Goldman Sachs
2026-07-02,1021.0,1039.280029296875,1009.72998046875,1038.989990234375,1543500,Goldman Sachs
2026-07-06,1055.2900390625,1055.2900390625,1029.0,1029.8800048828125,1754400,Goldman Sachs
2026-07-07,1042.97998046875,1053.8599853515625,1035.1300048828125,1052.0,1353500,Goldman Sachs
2026-07-08,1029.6400146484375,1040.1800537109375,1011.9199829101562,1030.0,1699000,Goldman Sachs
2026-07-09,1055.969970703125,1064.010009765625,1042.6099853515625,1055.0,1241800,Goldman Sachs
2026-07-10,1055.1800537109375,1067.1700439453125,1048.0,1063.2099609375,1110600,Goldman Sachs
2026-07-13,1045.9100341796875,1057.8199462890625,1036.8399658203125,1056.3399658203125,1799500,Goldman Sachs
2026-07-14,1140.0,1143.8399658203125,1082.0,1085.0,3792600,Goldman Sachs
2026-07-15,1152.0699462890625,1153.989990234375,1117.4000244140625,1148.4200439453125,2736800,Goldman Sachs
2026-07-16,1095.4599609375,1152.449951171875,1089.010009765625,1147.6500244140625,2529400,Goldman Sachs
2026-07-17,1065.219970703125,1085.9300537109375,1047.1500244140625,1071.6400146484375,2162700,Goldman Sachs
2026-07-20,1055.030029296875,1087.9000244140625,1053.6600341796875,1074.6500244140625,1718300,Goldman Sachs
2026-07-21,1085.56005859375,1088.47998046875,1063.0,1070.0699462890625,1718600,Goldman Sachs
2026-07-22,1098.199951171875,1106.6600341796875,1078.0,1078.52001953125,1538700,Goldman Sachs
2026-07-23,1074.719970703125,1084.72998046875,1062.47998046875,1072.52001953125,1852700,Goldman Sachs
2026-07-24,1061.22998046875,1077.3800048828125,1051.8199462890625,1075.0,1381400,Goldman Sachs
2026-07-27,1048.22998046875,1088.5,1029.0,1080.1800537109375,2538900,Goldman Sachs
2026-07-28,1033.3399658203125,1047.7099609375,1011.8699951171875,1041.9300537109375,2173100,Goldman Sachs
2026-07-29,980.75,1028.1199951171875,977.7000122070312,1025.0,3198400,Goldman Sachs
2026-07-30,1024.8599853515625,1029.7900390625,998.510009765625,1007.3599853515625,2330800,Goldman Sachs
2026-07-31,1018.3800048828125,1042.97998046875,1008.5999755859375,1034.719970703125,1553700,Goldman Sachs
2026-08-03,1027.06005859375,1027.9599609375,1005.1599731445312,1025.0,1706500,Goldman Sachs
2026-08-04,1052.97998046875,1066.1600341796875,1043.27001953125,1050.0,2653600,Goldman Sachs
2026-08-05,1060.3800048828125,1077.2099609375,1060.02001953125,1063.7099609375,1648000,Goldman Sachs
2026-08-06,1032.5799560546875,1068.0400390625,1030.780029296875,1062.0400390625,1726500,Goldman Sachs
2026-08-07,1039.6099853515625,1047.0,1032.030029296875,1038.3399658203125,1429400,Goldman Sachs
2026-08-10,1034.510009765625,1045.4300537109375,1030.0699462890625,1039.6099853515625,1819100,Goldman Sachs
2026-08-11,1034.4100341796875,1043.4300537109375,1027.18994140625,1036.3900146484375,1829300,Goldman Sachs
2026-08-12,1037.2099609375,1056.050048828125,1031.739990234375,1055.0,1737800,Goldman Sachs
2026-08-13,1042.6300048828125,1059.0699462890625,1038.469970703125,1040.6099853515625,1421700,Goldman Sachs
2026-08-14,1039.4200439453125,1043.739990234375,1029.5799560546875,1040.9100341796875,1592900,Goldman Sachs
2026-08-17,1051.31005859375,1054.6300048828125,1038.1400146484375,1040.7900390625,1450400,Goldman Sachs
2026-08-18,1040.469970703125,1043.5,1026.0799560546875,1040.0,1909200,Goldman Sachs
2026-08-19,1021.6500244140625,1044.8199462890625,1014.5,1044.8199462890625,2744200,Goldman Sachs
2026-08-20,1001.9500122070312,1026.4200439453125,1001.6799926757812,1016.989990234375,1756200,Goldman Sachs
2026-08-21,1039.280029296875,1043.6600341796875,1008.8499755859375,1015.989990234375,2744000,Goldman Sachs
2026-08-24,1035.8599853515625,1047.280029296875,1030.1800537109375,1039.0,943266,Goldman Sachs
