Date,Open,High,Low,Close,Volume,GBPUSD,Open_GBX,High_GBX,Low_GBX,Close_GBX
2015-01-02,76.10323970891521,76.38189557237641,75.30607893374007,75.78477478027344,54277932,1.5579720735549927,76.10323970891521,76.38189557237641,75.30607893374007,75.78477478027344
2015-01-05,75.70515027458107,76.03356934006165,74.10287160180852,74.2621078491211,102525515,1.5284910202026367,75.70515027458107,76.03356934006165,74.10287160180852,74.2621078491211
2015-01-06,74.2720689481366,74.69006038269325,72.52051544189453,72.52051544189453,133810250,1.5258322954177856,74.2720689481366,74.69006038269325,72.52051544189453,72.52051544189453
2015-01-07,72.9683312582071,73.58834422504397,72.52049265317181,72.65982055664062,108980419,1.5137982368469238,72.9683312582071,73.58834422504397,72.52049265317181,72.65982055664062
2015-01-08,73.15742423588785,74.06305563139401,72.8986691545426,73.74459075927734,79367070,1.5107566118240356,73.15742423588785,74.06305563139401,72.8986691545426,73.74459075927734
2015-01-09,73.485840877412,73.69484034550261,72.70958317125373,73.38632202148438,98091442,1.5087963342666626,73.485840877412,73.69484034550261,72.70958317125373,73.38632202148438
2015-01-12,73.05790393187321,73.94363457708121,72.47869467596217,73.21713256835938,94250771,1.5189489126205444,73.05790393187321,73.94363457708121,72.47869467596217,73.21713256835938
2015-01-13,72.78922194791456,73.93370809784864,72.66780541654056,73.6550521850586,91855732,1.5170363187789917,72.78922194791456,73.93370809784864,72.66780541654056,73.6550521850586
2015-01-14,72.968368444907,73.41620727817336,72.05278244327504,72.55038452148438,120471280,1.5170363187789917,72.968368444907,73.41620727817336,72.05278244327504,72.55038452148438
2015-01-15,72.72951111274237,73.82423400878906,71.58502497891008,73.82423400878906,122202372,1.5234380960464478,72.72951111274237,73.82423400878906,71.58502497891008,73.82423400878906
2015-01-16,73.27686455674136,74.31187758225721,72.91759586783454,74.0829849243164,111260890,1.5181187391281128,73.27686455674136,74.31187758225721,72.91759586783454,74.0829849243164
2015-01-19,72.89865243841679,74.54073964330284,72.58018763932614,74.29193878173828,76693861,1.5142109394073486,72.89865243841679,74.54073964330284,72.58018763932614,74.29193878173828
2015-01-20,74.64028415300987,75.5857247151604,74.37158247089208,75.13788604736328,102776867,1.5090012550354004,74.64028415300987,75.5857247151604,74.37158247089208,75.13788604736328
2015-01-21,75.19760023860297,75.50611859423366,74.311869422327,75.22745513916016,144256028,1.5147384405136108,75.19760023860297,75.50611859423366,74.311869422327,75.22745513916016
2015-01-22,75.47625397262094,75.7350090914915,74.79952266493302,75.28717041015625,134647722,1.5144860744476318,75.47625397262094,75.7350090914915,74.79952266493302,75.28717041015625
2015-01-23,75.35684631217717,75.93107487610764,74.75972544486369,75.16775512695312,135616839,1.5013211965560913,75.35684631217717,75.93107487610764,74.75972544486369,75.16775512695312
2015-01-26,74.52082933639069,75.66531478764648,74.08294499481072,75.63545989990234,80665003,1.4995876550674438,74.52082933639069,75.66531478764648,74.08294499481072,75.63545989990234
2015-01-27,75.79473500566401,75.87434554958836,74.56067666479372,74.76966857910156,111800401,1.5085458755493164,75.79473500566401,75.87434554958836,74.56067666479372,74.76966857910156
2015-01-28,75.31702921999421,75.5260211216541,73.97350551343614,74.40144348144531,183992062,1.5188103914260864,75.31702921999421,75.5260211216541,73.97350551343614,74.40144348144531
2015-01-29,73.96352001263372,74.60044961245492,73.48581901636796,74.50093078613281,99582304,1.5142338275909424,73.96352001263372,74.60044961245492,73.48581901636796,74.50093078613281
2015-01-30,74.8691755261809,75.02840416531821,73.37437311258104,73.39627075195312,111287711,1.5079090595245361,74.8691755261809,75.02840416531821,73.37437311258104,73.39627075195312
2015-02-02,73.36644414807394,74.122801355845,72.57027786696712,73.31668090820312,137679310,1.5087052583694458,73.36644414807394,74.122801355845,72.57027786696712,73.31668090820312
2015-02-03,73.51570522793683,74.80946557333696,73.40623220580576,74.61042785644531,114107640,1.5028102397918701,73.51570522793683,74.80946557333696,73.40623220580576,74.61042785644531
2015-02-04,74.66017556257731,75.05825854689824,73.65502532834867,74.19243621826172,108405593,1.5142109394073486,74.66017556257731,75.05825854689824,73.65502532834867,74.19243621826172
2015-02-05,73.64509425782242,75.27225488531478,73.38534444066394,75.16775512695312,129225243,1.5180034637451172,73.64509425782242,75.27225488531478,73.38534444066394,75.16775512695312
2015-02-06,74.9289084051525,75.66535722279303,74.829389525926,75.4464111328125,97644894,1.5325905084609985,74.9289084051525,75.66535722279303,74.829389525926,75.4464111328125
2015-02-09,74.89904985898954,75.20159270394682,74.10288367828056,74.56067657470703,76965688,1.523902416229248,74.89904985898954,75.20159270394682,74.10288367828056,74.56067657470703
2015-02-10,74.4113912668804,75.13789344499651,74.21235352666389,74.6502456665039,97003461,1.5216069221496582,74.4113912668804,75.13789344499651,74.21235352666389,74.6502456665039
2015-02-11,74.28200405164479,74.52384237911559,73.45598315291167,74.033203125,116919732,1.526205062866211,74.28200405164479,74.52384237911559,73.45598315291167,74.033203125
2015-02-12,74.03321949625062,75.13789646225909,73.81427341753854,74.07302856445312,171262869,1.5242739915847778,74.03321949625062,75.13789646225909,73.81427341753854,74.07302856445312
2015-02-13,73.88392490520884,75.77481356492319,73.83416927296501,74.98860168457031,149400768,1.5391956567764282,73.88392490520884,75.77481356492319,73.83416927296501,74.98860168457031
2015-02-16,74.8990437479418,78.47182191874094,74.85923468287406,75.36679077148438,68182943,1.5400489568710327,74.8990437479418,78.47182191874094,74.85923468287406,75.36679077148438
2015-02-17,74.89905292152994,76.77003365205395,74.89905292152994,76.66056060791016,131302008,1.5356265306472778,74.89905292152994,76.77003365205395,74.89905292152994,76.66056060791016
2015-02-18,76.97902132865748,77.51643235404724,76.48141937101548,76.9193115234375,115917224,1.5353436470031738,76.97902132865748,77.51643235404724,76.48141937101548,76.9193115234375
2015-02-19,76.92926021784508,77.45671704058763,76.43165829558943,76.8595962524414,97685401,1.543900728225708,76.92926021784508,77.45671704058763,76.43165829558943,76.8595962524414
2015-02-20,76.80982910609386,77.99412405036479,76.68244466053791,77.60599517822266,163816073,1.5419963598251343,76.80982910609386,77.99412405036479,76.68244466053791,77.60599517822266
2015-02-23,77.87469527557785,79.11869999244011,77.72541319099393,78.64099884033203,157129418,1.5389113426208496,77.87469527557785,79.11869999244011,77.72541319099393,78.64099884033203
2015-02-24,78.94952057516277,79.22817642889888,78.38225470354212,78.83009338378906,190128527,1.5452368259429932,78.94952057516277,79.22817642889888,78.38225470354212,78.83009338378906
2015-02-25,78.83009993186167,79.1386107108672,78.52158915285614,78.85995483398438,132596556,1.545905590057373,78.83009993186167,79.1386107108672,78.52158915285614,78.85995483398438
2015-02-26,78.86989214465876,79.62624907228283,78.12348937988281,78.12348937988281,212277882,1.552891492843628,78.86989214465876,79.62624907228283,78.12348937988281,78.12348937988281
2015-02-27,79.61630519432359,79.70586989312197,78.3225371977948,78.62110137939453,261336205,1.5418059825897217,79.61630519432359,79.70586989312197,78.3225371977948,78.62110137939453
2015-03-02,78.37231813517334,79.61234455550638,77.95930754751497,79.60636901855469,203143672,1.5406184196472168,78.37231813517334,79.61234455550638,77.95930754751497,79.60636901855469
2015-03-03,79.61630216396668,80.06414082651808,78.95946402656887,79.05899047851562,156582737,1.5359095335006714,79.61630216396668,80.06414082651808,78.95946402656887,79.05899047851562
2015-03-04,78.91967255548938,79.4869384765625,78.52158947567594,79.4869384765625,134809615,1.5366648435592651,78.91967255548938,79.4869384765625,78.52158947567594,79.4869384765625
2015-03-05,79.61632460386345,80.79066569548262,79.29388097965764,80.55181884765625,177584135,1.52650785446167,79.61632460386345,80.79066569548262,79.29388097965764,80.55181884765625
2015-03-06,80.73092562780388,81.42756516990019,80.41942335146554,81.03943634033203,179462230,1.5247621536254883,80.73092562780388,81.42756516990019,80.41942335146554,81.03943634033203
2015-03-09,80.99962433907189,81.10909734782435,79.80836696896516,79.9845199584961,129158789,1.5057746171951294,80.99962433907189,81.10909734782435,79.80836696896516,79.9845199584961
2015-03-10,80.08405094396855,80.15371490620697,78.23297126985909,78.37229919433594,145200911,1.5104827880859375,80.08405094396855,80.15371490620697,78.23297126985909,78.37229919433594
2015-03-11,78.68080299849635,79.06893183854243,77.48656158186255,77.78512573242188,143166702,1.508204698562622,78.68080299849635,79.06893183854243,77.48656158186255,77.78512573242188
2015-03-12,77.76521591036979,79.62624954841459,77.65076961173757,78.82012939453125,191558975,1.4932951927185059,77.76521591036979,79.62624954841459,77.65076961173757,78.82012939453125
2015-03-13,79.15851235059253,79.30779444139239,78.27278156272988,78.62110137939453,125446888,1.4894028902053833,79.15851235059253,79.30779444139239,78.27278156272988,78.62110137939453
2015-03-16,79.01918461470636,79.23813066936778,78.4419645783813,78.96942138671875,149987027,1.4755791425704956,79.01918461470636,79.23813066936778,78.4419645783813,78.96942138671875
2015-03-17,79.11868936678809,79.536673073246,78.62108754687118,79.0788803100586,138974548,1.4825797080993652,79.11868936678809,79.536673073246,78.62108754687118,79.0788803100586
2015-03-18,79.0191868834817,79.41726994040458,78.48177589555623,79.11870574951172,149980532,1.47520911693573,79.0191868834817,79.41726994040458,78.48177589555623,79.11870574951172
2015-03-19,79.27794200940198,79.49688047754692,78.86990478803527,79.11870574951172,158815738,1.496199607849121,79.27794200940198,79.49688047754692,78.86990478803527,79.11870574951172
2015-03-20,79.61630285186834,80.24327850341797,78.72061792622435,80.24327850341797,316386458,1.4761673212051392,79.61630285186834,80.24327850341797,78.72061792622435,80.24327850341797
2015-03-23,80.01438364712159,80.64135928113812,76.63367332320843,80.09400177001953,141320482,1.494321584701538,80.01438364712159,80.64135928113812,76.63367332320843,80.09400177001953
2015-03-24,80.40251363279012,80.61150551372647,79.86510268489567,80.2034683227539,128294906,1.4951928853988647,80.40251363279012,80.61150551372647,79.86510268489567,80.2034683227539
2015-03-25,80.34280707792854,80.62146293042048,79.88202267138415,80.11390686035156,138566887,1.4833933115005493,80.34280707792854,80.62146293042048,79.88202267138415,80.11390686035156
2015-03-26,79.6163121864286,80.09401340038059,78.62110828409824,79.34761047363281,150315725,1.4877409934997559,79.6163121864286,80.09401340038059,78.62110828409824,79.34761047363281
2015-03-27,79.36749988563147,79.72080056137851,78.4419600848205,78.67086029052734,123998202,1.4858399629592896,79.36749988563147,79.72080056137851,78.4419600848205,78.67086029052734
2015-03-30,79.4570625817522,79.4570625817522,78.68678041819034,79.00922393798828,101321744,1.4885826110839844,79.4570625817522,79.4570625817522,78.68678041819034,79.00922393798828
2015-03-31,79.00923315691598,79.26798828427032,77.92446460341208,77.90455627441406,161775894,1.4809110164642334,79.00923315691598,79.26798828427032,77.92446460341208,77.90455627441406
2015-04-01,78.04387509989964,80.03428257049826,77.83488322662302,79.00922393798828,215994003,1.482953429222107,78.04387509989964,80.03428257049826,77.83488322662302,79.00922393798828
2015-04-02,78.05126013610978,79.33519534886928,78.05126013610978,78.70816040039062,99901518,1.4836794137954712,78.05126013610978,79.33519534886928,78.05126013610978,78.70816040039062
2015-04-07,79.65369522961491,80.19115704399964,78.7081651966453,79.7233657836914,156773840,1.4890702962875366,79.65369522961491,80.19115704399964,78.7081651966453,79.7233657836914
2015-04-08,79.39490152552993,79.71837786403692,79.16598728574422,79.30532836914062,110793916,1.4823819398880005,79.39490152552993,79.71837786403692,79.16598728574422,79.30532836914062
2015-04-09,79.62382335883518,79.65368107763162,78.62055996486157,79.30532836914062,128618569,1.487851619720459,79.62382335883518,79.65368107763162,78.62055996486157,79.30532836914062
2015-04-10,79.22570116967145,79.37499735424538,78.40955729998926,78.92711639404297,116428510,1.4714971780776978,79.22570116967145,79.37499735424538,78.40955729998926,78.92711639404297
2015-04-13,78.79771241772411,79.22768020892221,78.37968923093686,79.0266342163086,70990947,1.4640644788742065,78.79771241772411,79.22768020892221,78.37968923093686,79.0266342163086
2015-04-14,78.63849268822389,79.55416497433576,70.56662575422497,79.52430725097656,141123486,1.4667917490005493,78.63849268822389,79.55416497433576,70.56662575422497,79.52430725097656
2015-04-15,79.50439076077795,80.19114871788474,79.31528932993065,79.96222686767578,143981080,1.4771921634674072,79.50439076077795,80.19114871788474,79.31528932993065,79.96222686767578
2015-04-16,80.22101277442674,80.22101277442674,79.26552765932905,79.52430725097656,117197029,1.4828435182571411,80.22101277442674,80.22101277442674,79.26552765932905,79.52430725097656
2015-04-17,79.62382192460318,79.89254898245018,78.03930501314028,78.37969970703125,152657700,1.4921809434890747,79.62382192460318,79.89254898245018,78.03930501314028,78.37969970703125
2015-04-20,78.74797325443883,79.18589917058635,77.9766158566448,78.220458984375,123389811,1.4968267679214478,78.74797325443883,79.18589917058635,77.9766158566448,78.220458984375
2015-04-21,78.6683400792437,79.12617616216723,77.96167954298005,78.64842987060547,117137665,1.490979552268982,78.6683400792437,79.12617616216723,77.96167954298005,78.64842987060547
2015-04-22,78.74796655533922,78.96692569802589,77.14553645148641,77.86215209960938,140516091,1.4935628175735474,78.74796655533922,78.96692569802589,77.14553645148641,77.86215209960938
2015-04-23,77.93182568812382,78.68028858741988,77.3495697561369,78.61857604980469,118765641,1.5037593841552734,77.93182568812382,78.68028858741988,77.3495697561369,78.61857604980469
2015-04-24,78.50909872908332,79.05651563318166,78.17070107456483,78.72806549072266,106686162,1.5052080154418945,78.50909872908332,79.05651563318166,78.17070107456483,78.72806549072266
2015-04-27,79.10628096981486,79.10628096981486,77.71286238165767,78.28018188476562,103818289,1.517657995223999,79.10628096981486,79.10628096981486,77.71286238165767,78.28018188476562
2015-04-28,77.93181684966355,78.12091825853956,76.74741009743109,77.63322448730469,131563887,1.5223711729049683,77.93181684966355,78.12091825853956,76.74741009743109,77.63322448730469
2015-04-29,77.95173123774576,78.62853411360368,77.05596160888672,77.05596160888672,115184472,1.533483624458313,77.95173123774576,78.62853411360368,77.05596160888672,77.05596160888672
2015-04-30,77.53372596779911,78.21052900100578,75.74218629356908,77.01616668701172,197184464,1.542686104774475,77.53372596779911,78.21052900100578,75.74218629356908,77.01616668701172
2015-05-01,79.62382400118874,82.97798032090587,78.93706608925221,82.48033142089844,465081912,1.5354615449905396,79.62382400118874,82.97798032090587,78.93706608925221,82.48033142089844
2015-05-05,83.08748293221905,83.60503456696037,82.02251434326172,82.02251434326172,294966462,1.5122873783111572,83.08748293221905,83.60503456696037,82.02251434326172,82.02251434326172
2015-05-06,82.94811421172322,83.22680397160734,81.6144188174014,82.29122161865234,219388501,1.517427682876587,82.94811421172322,83.22680397160734,81.6144188174014,82.29122161865234
2015-05-07,82.05234475259321,82.3011691773951,80.96746631182725,81.7437973022461,197116222,1.5242043733596802,82.05234475259321,82.3011691773951,80.96746631182725,81.7437973022461
2015-05-08,88.58151966473181,88.58151966473181,86.06341700607975,86.4416275024414,520404024,1.5407133102416992,88.58151966473181,88.58151966473181,86.06341700607975,86.4416275024414
2015-05-11,86.09325128944258,86.98902074063767,85.99670729077778,86.19277954101562,212055374,1.5434004068374634,86.09325128944258,86.98902074063767,85.99670729077778,86.19277954101562
2015-05-12,85.95392431265661,87.63598013607246,85.68518963647344,86.6108169555664,204686323,1.557705283164978,85.95392431265661,87.63598013607246,85.68518963647344,86.6108169555664
2015-05-13,86.7899788812529,88.37250658275839,86.47148383850325,88.32273864746094,250038275,1.567103385925293,86.7899788812529,88.37250658275839,86.47148383850325,88.32273864746094
2015-05-14,88.3326579661333,88.73475750994112,87.77529376551209,88.40232849121094,142648470,1.574009895324707,88.3326579661333,88.73475750994112,87.77529376551209,88.40232849121094
2015-05-15,88.58150482177734,88.78056134576673,88.12366874178602,88.58150482177734,167482269,1.5772124528884888,88.58150482177734,88.78056134576673,88.12366874178602,88.58150482177734
2015-05-18,87.83503115639081,88.52178907071267,87.1980411696504,87.72554779052734,156471363,1.574604868888855,87.83503115639081,88.52178907071267,87.1980411696504,87.72554779052734
2015-05-19,87.68571751185002,87.9843098308596,87.37717768412006,87.58618927001953,162949370,1.5663670301437378,87.68571751185002,87.9843098308596,87.37717768412006,87.58618927001953
2015-05-20,87.58620906766507,88.03409005389861,87.23287499675475,87.3174819946289,154246010,1.5516144037246704,87.58620906766507,88.03409005389861,87.23287499675475,87.3174819946289
2015-05-21,87.46676900046727,87.63597539961235,86.97011484545742,87.42695617675781,83029996,1.5542914867401123,87.46676900046727,87.63597539961235,86.97011484545742,87.42695617675781
2015-05-22,87.41701848995709,87.99429310833914,86.85964648890659,87.56631469726562,120092903,1.5663915872573853,87.41701848995709,87.99429310833914,86.85964648890659,87.56631469726562
2015-05-26,86.59091233832683,87.44885859298107,86.2326045073763,86.41175842285156,141183605,1.5472211837768555,86.59091233832683,87.44885859298107,86.2326045073763,86.41175842285156
2015-05-27,86.2923171625327,87.65587789705236,86.26245944317061,86.99898529052734,113292743,1.5398591756820679,86.2923171625327,87.65587789705236,86.26245944317061,86.99898529052734
2015-05-28,86.93927477503082,87.59617506965022,86.59092200978756,87.52650451660156,86598482,1.5350136756896973,86.93927477503082,87.59617506965022,86.59092200978756,87.52650451660156
2015-05-29,87.28762162696415,88.14357841701545,87.02884964375443,87.35729217529297,176304098,1.531909704208374,87.28762162696415,88.14357841701545,87.02884964375443,87.35729217529297
2015-06-01,87.60611304936468,88.7606621954244,87.58621043359673,88.24311065673828,163897936,1.5288883447647095,87.60611304936468,88.7606621954244,87.58621043359673,88.24311065673828
2015-06-02,87.77531820552593,88.83033147717727,87.44686809862775,88.233154296875,230294094,1.519987940788269,87.77531820552593,88.83033147717727,87.44686809862775,88.233154296875
2015-06-03,88.11370495923579,88.92984877684195,87.36723167751605,88.51182556152344,129035516,1.5339776277542114,88.11370495923579,88.92984877684195,87.36723167751605,88.51182556152344
2015-06-04,88.43222808683424,88.43222808683424,87.08857727050781,87.08857727050781,162118167,1.5326610803604126,88.43222808683424,88.43222808683424,87.08857727050781,87.08857727050781
2015-06-05,87.28762089974163,87.31748621465108,86.29232302132486,86.68048858642578,129819608,1.5364996194839478,87.28762089974163,87.31748621465108,86.29232302132486,86.68048858642578
2015-06-08,86.43165824167276,86.80987626961488,85.89420410615867,86.02359008789062,101934753,1.526787519454956,86.43165824167276,86.80987626961488,85.89420410615867,86.02359008789062
2015-06-09,85.6752435859324,86.83974028652752,85.56576021132737,86.0733642578125,139287778,1.5345896482467651,85.6752435859324,86.83974028652752,85.56576021132737,86.0733642578125
2015-06-10,85.9041432613311,86.72028708303155,85.60555850325665,86.32217407226562,124622319,1.539408802986145,85.9041432613311,86.72028708303155,85.60555850325665,86.32217407226562
2015-06-11,86.35202701314326,87.03877723419798,86.03353206603306,86.71033477783203,114074378,1.549690842628479,86.35202701314326,87.03877723419798,86.03353206603306,86.71033477783203
2015-06-12,86.70038133928918,87.9445034368068,86.08229929430905,86.54113006591797,128697831,1.5508925914764404,86.70038133928918,87.9445034368068,86.08229929430905,86.54113006591797
2015-06-15,86.13308248807121,86.58096351247931,85.57571808551526,85.97383117675781,106286305,1.5561537742614746,86.13308248807121,86.58096351247931,85.57571808551526,85.97383117675781
2015-06-16,85.60555978865273,85.85438422087708,85.26715461219769,85.29701232910156,156841015,1.5596001148223877,85.60555978865273,85.85438422087708,85.26715461219769,85.29701232910156
2015-06-17,85.51598374646917,86.590907175227,85.20744386347218,85.94396209716797,210422425,1.563966155052185,85.51598374646917,86.590907175227,85.20744386347218,85.94396209716797
2015-06-18,85.99373313780183,86.49138204763457,85.20744694904373,85.7249984741211,209722060,1.5848110914230347,85.99373313780183,86.49138204763457,85.20744694904373,85.7249984741211
2015-06-19,85.82452704201687,86.68047610819717,85.41645132572151,86.09325408935547,456391992,1.587881326675415,85.82452704201687,86.68047610819717,85.41645132572151,86.09325408935547
2015-06-22,86.74021803825295,86.98904252626083,86.18284602152117,86.67054748535156,182985461,1.5885119438171387,86.74021803825295,86.98904252626083,86.18284602152117,86.67054748535156
2015-06-23,86.75016316412895,87.10846339960197,86.13307577119231,86.59091186523438,126154255,1.5829297304153442,86.75016316412895,87.10846339960197,86.13307577119231,86.59091186523438
2015-06-24,86.25251515706225,87.0885617045362,85.89420732428198,86.72029876708984,124219844,1.5741090774536133,86.25251515706225,87.0885617045362,85.89420732428198,86.72029876708984
2015-06-25,86.59089279349088,87.6260032277617,86.46150683677637,87.10844421386719,149211761,1.570993185043335,86.59089279349088,87.6260032277617,86.46150683677637,87.10844421386719
2015-06-26,87.04874012472085,87.2079914092825,86.33212453123184,86.65061950683594,123152398,1.5745056867599487,87.04874012472085,87.2079914092825,86.33212453123184,86.65061950683594
2015-06-29,84.61026795642341,86.23260063392316,84.59035774808721,85.46622467041016,177170033,1.5693166255950928,84.61026795642341,86.23260063392316,84.59035774808721,85.46622467041016
2015-06-30,85.08801208754502,85.85439569357835,84.66003370318772,84.83918762207031,201752094,1.573192834854126,85.08801208754502,85.85439569357835,84.66003370318772,84.83918762207031
2015-07-01,85.59561943111736,86.75016864042685,85.41547075414452,86.45157623291016,193879301,1.5687012672424316,85.59561943111736,86.75016864042685,85.41547075414452,86.45157623291016
2015-07-02,86.3719305741252,86.44160110727356,85.63541242462563,85.80461120605469,119440609,1.5605005025863647,86.3719305741252,86.44160110727356,85.63541242462563,85.80461120605469
2015-07-03,85.80463833956627,85.90416661932024,84.73966979980469,84.73966979980469,95315517,1.5613046884536743,85.80463833956627,85.90416661932024,84.73966979980469,84.73966979980469
2015-07-06,84.10269396046623,84.36147360653082,83.62196325143552,83.75434112548828,124032492,1.555596947669983,84.10269396046623,84.36147360653082,83.62196325143552,83.75434112548828
2015-07-07,84.60031645638601,84.77947037144622,83.59108450670152,83.60501861572266,153219757,1.5602084398269653,84.60031645638601,84.77947037144622,83.59108450670152,83.60501861572266
2015-07-08,83.555264256426,84.45103397720827,81.8433580710124,81.94288635253906,267941976,1.5462881326675415,83.555264256426,84.45103397720827,81.8433580710124,81.94288635253906
2015-07-09,81.91302146372956,83.60502488227212,81.61442905174184,83.1670913696289,164171079,1.536995530128479,81.91302146372956,83.60502488227212,81.61442905174184,83.1670913696289
2015-07-10,83.10736506611327,84.50078348412924,82.90830854647648,83.93346405029297,162764824,1.5373972654342651,83.10736506611327,84.50078348412924,82.90830854647648,83.93346405029297
2015-07-13,84.89891815185547,85.27712863909645,84.40126917697594,84.89891815185547,148012113,1.5515903234481812,84.89891815185547,85.27712863909645,84.40126917697594,84.89891815185547
2015-07-14,84.78941736627614,85.43635482601448,84.46992764045532,85.24725341796875,118023307,1.548227310180664,84.78941736627614,85.43635482601448,84.46992764045532,85.24725341796875
2015-07-15,85.23730719787142,85.71505350663544,85.0581532812749,85.25721740722656,106123146,1.5636972188949585,85.23730719787142,85.71505350663544,85.0581532812749,85.25721740722656
2015-07-16,85.40651260366666,86.23261170472577,85.1089225331592,86.10322570800781,140625409,1.563403844833374,85.40651260366666,86.23261170472577,85.1089225331592,86.10322570800781
2015-07-17,86.30227859033195,87.06666511738406,85.98378357126688,86.9890365600586,148303785,1.5613046884536743,86.30227859033195,87.06666511738406,85.98378357126688,86.9890365600586
2015-07-20,86.77006295205626,87.45682086749915,86.77006295205626,87.17813110351562,91428614,1.5600380897521973,86.77006295205626,87.45682086749915,86.77006295205626,87.17813110351562
2015-07-21,87.51652852018333,87.70563751625433,86.84968087253785,87.23784637451172,123519916,1.5573898553848267,87.51652852018333,87.70563751625433,86.84968087253785,87.23784637451172
2015-07-22,86.5112997083527,87.21796037199057,85.98379298715265,86.76012420654297,142269026,1.555596947669983,86.5112997083527,87.21796037199057,85.98379298715265,86.76012420654297
2015-07-23,87.2577550365613,87.55634740963353,85.88424682617188,85.88424682617188,126720509,1.5614020824432373,87.2577550365613,87.55634740963353,85.88424682617188,85.88424682617188
2015-07-24,85.49607987051155,85.91012410687885,84.82325608803485,84.9586181640625,100363281,1.5519516468048096,85.49607987051155,85.91012410687885,84.82325608803485,84.9586181640625
2015-07-27,84.84913618829079,85.10791573862822,84.25195903587475,84.42115783691406,142511602,1.5522888898849487,84.84913618829079,85.10791573862822,84.25195903587475,84.42115783691406
2015-07-28,84.83919807955866,85.17760334294736,84.25197591354554,84.73966979980469,123839353,1.5564203262329102,84.83919807955866,85.17760334294736,84.25197591354554,84.73966979980469
2015-07-29,84.86904439363848,85.40650614427433,84.65804325396543,85.19749450683594,204278366,1.5611096620559692,84.86904439363848,85.40650614427433,84.65804325396543,85.19749450683594
2015-07-30,85.59561404699129,86.20274633550386,85.33683448298923,85.61551666259766,163613619,1.5602084398269653,85.59561404699129,86.20274633550386,85.33683448298923,85.61551666259766
2015-07-31,85.59560594542599,86.04348689261649,82.7988217159725,82.80876922607422,319963946,1.5604275465011597,85.59560594542599,86.04348689261649,82.7988217159725,82.80876922607422
2015-08-03,82.45046811289563,83.73440321735248,82.3907526733692,82.67938995361328,161848144,1.5626953840255737,82.45046811289563,83.73440321735248,82.3907526733692,82.67938995361328
2015-08-04,82.24144277338138,82.67937617296846,81.59450537028768,82.08219909667969,171131219,1.559040904045105,82.24144277338138,82.67937617296846,81.59450537028768,82.08219909667969
2015-08-05,82.32108385061304,82.85854559814774,81.67413873264424,82.51019287109375,190309582,1.5569047927856445,82.32108385061304,82.85854559814774,81.67413873264424,82.51019287109375
2015-08-06,82.35095316006844,83.24672286535264,82.31114032944237,82.9083251953125,128534193,1.5605981349945068,82.35095316006844,83.24672286535264,82.31114032944237,82.9083251953125
2015-08-07,83.14717070301772,83.18698352220828,81.4850253677857,81.7437973022461,122413479,1.551421880722046,83.14717070301772,83.18698352220828,81.4850253677857,81.7437973022461
2015-08-10,81.95280459155369,82.11205585992845,79.932351583539,80.9177017211914,208706301,1.5494027137756348,81.95280459155369,82.11205585992845,79.932351583539,80.9177017211914
2015-08-11,80.62908280957161,81.08691891988181,79.99209277839914,80.6987533569336,145115289,1.5585306882858276,80.62908280957161,81.08691891988181,79.99209277839914,80.6987533569336
2015-08-12,79.99209269655961,80.57533579152467,79.14210442609287,79.7830810546875,257973532,1.5584092140197754,79.99209269655961,80.57533579152467,79.14210442609287,79.7830810546875
2015-08-13,79.8204036787049,80.66050781832472,79.05394838514049,79.08380889892578,123284110,1.561597228050232,79.8204036787049,80.66050781832472,79.05394838514049,79.08380889892578
2015-08-14,79.2629847046262,80.55699607674168,78.95043653960406,79.73081970214844,117583771,1.561792254447937,79.2629847046262,80.55699607674168,78.95043653960406,79.73081970214844
2015-08-17,80.25838795878735,80.25838795878735,79.19331970195636,79.63129425048828,104675414,1.5651901960372925,80.25838795878735,80.25838795878735,79.19331970195636,79.63129425048828
2015-08-18,79.58148475603745,80.11899665431939,79.35851820757593,79.90996551513672,106553860,1.5585062503814697,79.58148475603745,80.11899665431939,79.35851820757593,79.90996551513672
2015-08-19,79.73080510661245,79.8502547418466,78.4965225861107,78.54629516601562,103736520,1.5664896965026855,79.73080510661245,79.8502547418466,78.4965225861107,78.54629516601562
2015-08-20,77.83958173864717,78.81407352326244,77.7480104953578,77.99884796142578,127096190,1.568307638168335,77.83958173864717,78.81407352326244,77.7480104953578,77.99884796142578
2015-08-21,77.04327120079857,77.8684451822509,75.48548172862576,75.50041198730469,158915757,1.5690950155258179,77.04327120079857,77.8684451822509,75.48548172862576,75.50041198730469
2015-08-24,72.77303648345288,74.77377451615106,71.83736651502306,73.12142181396484,360853715,1.5677913427352905,72.77303648345288,74.77377451615106,71.83736651502306,73.12142181396484
2015-08-25,75.1520221527051,77.54096212408759,74.65432664176004,76.32658386230469,262946020,1.5762925148010254,75.1520221527051,77.54096212408759,74.65432664176004,76.32658386230469
2015-08-26,76.03792366169729,76.94373318577374,74.71405170846151,75.72935485839844,153043319,1.5695877075195312,76.03792366169729,76.94373318577374,74.71405170846151,75.72935485839844
2015-08-27,77.6504565713467,77.78981070835758,76.80437571257183,77.32197570800781,175478368,1.5482032299041748,77.6504565713467,77.78981070835758,76.80437571257183,77.32197570800781
2015-08-28,77.35184975625432,77.74005171930317,76.47590822833962,77.02336883544922,131473530,1.541401982307434,77.35184975625432,77.74005171930317,76.47590822833962,77.02336883544922
2015-09-01,76.18723279805828,76.70881978018583,74.54483602688465,75.21174621582031,180146654,1.5363106727600098,76.18723279805828,76.70881978018583,74.54483602688465,75.21174621582031
2015-09-02,75.60989829741169,76.49579566638404,74.46519714599545,75.51036071777344,118535442,1.5305262804031372,75.60989829741169,76.49579566638404,74.46519714599545,75.51036071777344
2015-09-03,76.15735391706028,76.94371357774217,75.83882915779172,76.56546020507812,118362763,1.5308074951171875,76.15735391706028,76.94371357774217,75.83882915779172,76.56546020507812
2015-09-04,75.9383683491068,76.24494739226867,74.92008090396321,75.17191314697266,130486657,1.526205062866211,75.9383683491068,76.24494739226867,74.92008090396321,75.17191314697266
2015-09-07,75.73929038520937,76.11754378976107,74.83348860983386,75.32122802734375,59293677,1.5201033353805542,75.73929038520937,76.11754378976107,74.83348860983386,75.32122802734375
2015-09-08,75.72934091372177,76.77449679416681,75.45063267893643,75.53025817871094,123969098,1.5283042192459106,75.72934091372177,76.77449679416681,75.45063267893643,75.53025817871094
2015-09-09,76.64511108398438,76.95367988027245,76.10759900403572,76.64511108398438,151161680,1.5401912927627563,76.64511108398438,76.95367988027245,76.10759900403572,76.64511108398438
2015-09-10,75.40085113433763,76.45596292467806,75.10223086443085,75.96822357177734,232823490,1.5357915163040161,75.40085113433763,76.45596292467806,75.10223086443085,75.96822357177734
2015-09-11,76.18723205317177,76.21709256966335,75.26947682491904,75.43073272705078,105794400,1.54421067237854,76.18723205317177,76.21709256966335,75.26947682491904,75.43073272705078
2015-09-14,75.64970989556772,75.92841813800091,73.83809872552202,74.14666748046875,126163878,1.5448071956634521,75.64970989556772,75.92841813800091,73.83809872552202,74.14666748046875
2015-09-15,74.24622383730474,75.57009591802166,73.61913013318028,75.2316665649414,197060721,1.5427099466323853,74.24622383730474,75.57009591802166,73.61913013318028,75.2316665649414
2015-09-16,75.47053282013138,75.65965950897038,74.73394572847702,75.15200805664062,122397523,1.53449547290802,75.47053282013138,75.65965950897038,74.73394572847702,75.15200805664062
2015-09-17,74.92308061267985,74.92308061267985,73.69875388014837,73.95755767822266,190562453,1.5518070459365845,74.92308061267985,74.92308061267985,73.69875388014837,73.95755767822266
2015-09-18,73.58924063704497,73.66887372202515,71.26997829804245,72.37486267089844,488941076,1.5569047927856445,73.58924063704497,73.66887372202515,71.26997829804245,72.37486267089844
2015-09-21,72.27534223902423,74.08695358336551,72.12802175632294,73.88787841796875,129027864,1.552891492843628,72.27534223902423,74.08695358336551,72.12802175632294,73.88787841796875
2015-09-22,73.79827417643796,74.00730533560031,71.96675872802734,71.96675872802734,148376143,1.5508204698562622,73.79827417643796,74.00730533560031,71.96675872802734,71.96675872802734
2015-09-23,71.81746884317828,73.43995359004032,71.81746884317828,72.61377716064453,127696559,1.5353907346725464,71.81746884317828,73.43995359004032,71.81746884317828,72.61377716064453
2015-09-24,73.01191728740591,74.1566182831051,72.87355802008791,73.4996566772461,190165631,1.5252039432525635,73.01191728740591,74.1566182831051,72.87355802008791,73.4996566772461
2015-09-25,74.31589880880514,75.53026950036585,74.06705104841278,75.16197967529297,209363990,1.522695779800415,74.31589880880514,75.53026950036585,74.06705104841278,75.16197967529297
2015-09-28,74.52491588300815,75.07237629551007,73.58924605122334,73.74850463867188,155013499,1.5201727151870728,74.52491588300815,75.07237629551007,73.58924605122334,73.74850463867188
2015-09-29,73.03182950902044,73.44989184403846,72.7929302368134,73.0218734741211,145433068,1.5165071487426758,73.03182950902044,73.44989184403846,72.7929302368134,73.0218734741211
2015-09-30,74.0670477554318,75.15202029727433,73.8878770721459,74.81359100341797,177155664,1.5157945156097412,74.0670477554318,75.15202029727433,73.8878770721459,74.81359100341797
2015-10-01,75.5899966548585,76.00805906156066,74.51497252828365,74.8733139038086,141403257,1.5124017000198364,75.5899966548585,76.00805906156066,74.51497252828365,74.8733139038086
2015-10-02,75.66961810902649,77.36178731257644,75.07736686172593,76.19718170166016,213498025,1.5139129161834717,75.66961810902649,77.36178731257644,75.07736686172593,76.19718170166016
2015-10-05,77.39164751089882,77.62655983933847,76.65506032335323,76.91385650634766,152002576,1.5194103717803955,77.39164751089882,77.62655983933847,76.65506032335323,76.91385650634766
2015-10-06,77.20253251268943,77.20253251268943,76.01802224894347,76.55553436279297,147725946,1.5154958963394165,77.20253251268943,77.20253251268943,76.01802224894347,76.55553436279297
2015-10-07,76.79441885766998,77.3916519519579,76.00805903906908,76.32658386230469,142784021,1.5226030349731445,76.79441885766998,77.3916519519579,76.00805903906908,76.32658386230469
2015-10-08,76.10759169662109,76.50574959845397,75.31128348718566,75.92842102050781,116667299,1.5315576791763306,76.10759169662109,76.50574959845397,75.31128348718566,75.92842102050781
2015-10-09,76.38629864883754,77.26523206926704,75.99809678957459,76.85413360595703,112355384,1.535131573677063,76.38629864883754,77.26523206926704,75.99809678957459,76.85413360595703
2015-10-12,76.87405038235715,77.0432650299859,75.47054542510179,75.55017852783203,107223357,1.5323086977005005,76.87405038235715,77.0432650299859,75.47054542510179,75.55017852783203
2015-10-13,75.24159653530297,75.55017288678472,74.12676355724277,74.40547180175781,163122263,1.5337893962860107,75.24159653530297,75.55017288678472,74.12676355724277,74.40547180175781
2015-10-14,74.09692159832714,74.41544647099279,73.53949737548828,73.53949737548828,117123682,1.5258090496063232,74.09692159832714,74.41544647099279,73.53949737548828,73.53949737548828
2015-10-15,73.66888088852293,74.35569542916063,73.25778245169435,74.28601837158203,117505616,1.5480115413665771,73.66888088852293,74.35569542916063,73.25778245169435,74.28601837158203
2015-10-16,74.78370887231468,75.2027736284398,74.38256649711911,74.85338592529297,99311361,1.5471972227096558,74.78370887231468,75.2027736284398,74.38256649711911,74.85338592529297
2015-10-19,74.82353392100154,75.41081851505551,74.63441480955203,75.12215423583984,84608098,1.543805480003357,74.82353392100154,75.41081851505551,74.63441480955203,75.12215423583984
2015-10-20,75.27148312310943,75.58403133366888,74.71405890298907,75.2316665649414,141071103,1.5471972227096558,75.27148312310943,75.58403133366888,74.71405890298907,75.2316665649414
2015-10-21,75.5800290447221,76.0777244796026,75.14205463187376,75.9582748413086,121644119,1.5449025630950928,75.5800290447221,76.0777244796026,75.14205463187376,75.9582748413086
2015-10-22,75.91847905341015,76.62919282453215,75.53027711559665,76.3763656616211,120998612,1.5424481630325317,75.91847905341015,76.62919282453215,75.53027711559665,76.3763656616211
2015-10-23,76.9238148740738,77.64049760550924,76.4241296881819,77.47128295898438,141293852,1.5383669137954712,76.9238148740738,77.64049760550924,76.4241296881819,77.47128295898438
2015-10-26,77.20252040487023,77.64546907817149,76.88399560153259,77.1427993774414,81160928,1.531745433807373,77.20252040487023,77.64546907817149,76.88399560153259,77.1427993774414
2015-10-27,77.34185606829142,77.44140121588272,76.72471868090516,77.04324340820312,112439327,1.5357915163040161,77.34185606829142,77.44140121588272,76.72471868090516,77.04324340820312
2015-10-28,73.26077003151295,74.04712976788554,73.0616948856442,73.65892791748047,290695475,1.5312998294830322,73.26077003151295,74.04712976788554,73.0616948856442,73.65892791748047
2015-10-29,73.43993999890768,73.9575475239897,71.73085854816513,73.87791442871094,251076921,1.5271838903427124,73.43993999890768,73.9575475239897,71.73085854816513,73.87791442871094
2015-10-30,74.15662252214133,74.33579318905127,72.56399859084738,73.39017486572266,158094748,1.532379150390625,74.15662252214133,74.33579318905127,72.56399859084738,73.39017486572266
2015-11-02,73.1811528027438,74.81360124858406,72.93230501933722,74.65433502197266,104636464,1.5441631078720093,73.1811528027438,74.81360124858406,72.93230501933722,74.65433502197266
2015-11-03,74.654333725509,74.78373183670986,73.69875916513027,74.12677764892578,105038860,1.542400598526001,74.654333725509,74.78373183670986,73.69875916513027,74.12677764892578
2015-11-04,74.46518734548656,74.67421851348504,73.4697964916483,73.50961303710938,126411878,1.5419248342514038,74.46518734548656,74.67421851348504,73.4697964916483,73.50961303710938
2015-11-05,73.82816170157426,73.82816170157426,72.48438513281575,72.56401824951172,120113210,1.5390061140060425,73.82816170157426,73.82816170157426,72.48438513281575,72.56401824951172
2015-11-06,72.52418232908536,73.68878787147442,72.29523907826436,73.4001235961914,117274316,1.5210051536560059,72.52418232908536,73.68878787147442,72.29523907826436,73.4001235961914
2015-11-09,73.67883918950756,74.0073200452926,72.65358766469122,72.66354370117188,109216829,1.5055025815963745,73.67883918950756,74.0073200452926,72.65358766469122,72.66354370117188
2015-11-10,72.67352138229339,73.09158390822536,72.31517990457084,72.62374877929688,107057480,1.5121043920516968,72.67352138229339,73.09158390822536,72.31517990457084,72.62374877929688
2015-11-11,72.70336668246664,73.42999793096959,72.36492976027088,73.1114730834961,69811562,1.5138899087905884,72.70336668246664,73.42999793096959,72.36492976027088,73.1114730834961
2015-11-12,73.25082934391698,73.3503745319387,72.10613562398333,72.20567321777344,99712090,1.522510290145874,73.25082934391698,73.3503745319387,72.10613562398333,72.20567321777344
2015-11-13,72.23551712054547,72.673491545555,71.96676491970861,72.40473175048828,99304619,1.5234612226486206,72.23551712054547,72.673491545555,71.96676491970861,72.40473175048828
2015-11-16,71.9667630528205,72.85266032098703,71.90305506010144,72.34500885009766,80553107,1.5217920541763306,71.9667630528205,72.85266032098703,71.90305506010144,72.34500885009766
2015-11-17,73.26076499976531,73.63403656830444,72.89247524578028,73.4996566772461,110125654,1.5204963684082031,73.26076499976531,73.63403656830444,72.89247524578028,73.4996566772461
2015-11-18,73.42998466492438,73.74453007831943,73.20104900659832,73.65892791748047,84476077,1.5220005512237549,73.42998466492438,73.74453007831943,73.20104900659832,73.65892791748047
2015-11-19,73.74851901041843,74.05709539899614,72.72924410711977,72.99202728271484,212597855,1.5239256620407104,73.74851901041843,74.05709539899614,72.72924410711977,72.99202728271484
2015-11-20,73.26078449799746,73.34041760976177,71.44917297363281,71.44917297363281,208513417,1.5288182497024536,73.26078449799746,73.34041760976177,71.44917297363281,71.44917297363281
2015-11-23,71.37949589939693,71.76769782645853,70.85193982386355,71.44917297363281,106890690,1.518994927406311,71.37949589939693,71.76769782645853,70.85193982386355,71.44917297363281
2015-11-24,71.42927050046605,71.56862465285464,70.22484812954644,71.27000427246094,261759820,1.5129051208496094,71.42927050046605,71.56862465285464,70.22484812954644,71.27000427246094
2015-11-25,71.30981577321704,72.06631511413798,71.29985973611471,71.83737182617188,140668394,1.5085914134979248,71.30981577321704,72.06631511413798,71.29985973611471,71.83737182617188
2015-11-26,72.06631463701316,72.89249104371812,71.73783376289224,72.7929458618164,83225081,1.512355923652649,72.06631463701316,72.89249104371812,71.73783376289224,72.7929458618164
2015-11-27,72.58390790522633,73.4598568214924,72.414693262486,73.06169891357422,65455736,1.5099810361862183,72.58390790522633,73.4598568214924,72.414693262486,73.06169891357422
2015-11-30,71.76771164854112,75.21176465622293,71.66817403678108,72.62374877929688,148974404,1.5038950443267822,71.76771164854112,75.21176465622293,71.66817403678108,72.62374877929688
2015-12-01,74.80362842235238,75.17191819882893,74.05708523968265,74.36565399169922,219889534,1.5057973861694336,74.80362842235238,75.17191819882893,74.05708523968265,74.36565399169922
2015-12-02,74.65429464733135,74.85336972869987,74.09986287555017,74.10682678222656,116393843,1.5077953338623047,74.65429464733135,74.85336972869987,74.09986287555017,74.10682678222656
2015-12-03,73.9575550513508,74.29598434938578,72.66354370117188,72.66354370117188,170320753,1.4949023723602295,73.9575550513508,74.29598434938578,72.66354370117188,72.66354370117188
2015-12-04,72.82281023198647,73.0417898759202,72.40474023447665,72.67350006103516,83265946,1.513500452041626,72.82281023198647,73.0417898759202,72.40474023447665,72.67350006103516
2015-12-07,73.2309229718724,73.65894144892596,72.07627324410579,72.14595031738281,86541385,1.511258840560913,73.2309229718724,73.65894144892596,72.07627324410579,72.14595031738281
2015-12-08,72.15589257341672,72.19073490418333,70.98133087158203,70.98133087158203,191576570,1.5050268173217773,72.15589257341672,72.19073490418333,70.98133087158203,70.98133087158203
2015-12-09,71.46908081044896,71.63829546723976,70.34428405761719,70.34428405761719,127907874,1.5010056495666504,71.46908081044896,71.63829546723976,70.34428405761719,70.34428405761719
2015-12-10,70.27460417310148,72.10612759056016,69.92621883653429,71.70796966552734,150274468,1.5183953046798706,70.27460417310148,72.10612759056016,69.92621883653429,71.70796966552734
2015-12-11,71.40933884586055,71.76768016639039,69.5778232913566,69.68731689453125,124499131,1.516093373298645,71.40933884586055,71.76768016639039,69.5778232913566,69.68731689453125
2015-12-14,69.97598513061003,70.43386404523046,68.25395548728892,68.36344909667969,132788743,1.5198955535888672,69.97598513061003,70.43386404523046,68.25395548728892,68.36344909667969
2015-12-15,68.79145878621932,70.59311370382194,68.79145878621932,70.01578521728516,148969299,1.5160702466964722,68.79145878621932,70.59311370382194,68.79145878621932,70.01578521728516
2015-12-16,70.33433886999373,70.41396438648965,69.62760450507768,70.2049331665039,130989875,1.5043702125549316,70.33433886999373,70.41396438648965,69.62760450507768,70.2049331665039
2015-12-17,71.2003111077053,71.76768362686335,70.67275513655152,71.00123596191406,110414313,1.497790813446045,71.2003111077053,71.76768362686335,70.67275513655152,71.00123596191406
2015-12-18,70.65284154384915,71.42326848592734,70.46868908381057,70.71256256103516,334819913,1.4929606914520264,70.65284154384915,71.42326848592734,70.46868908381057,70.71256256103516
2015-12-21,70.42390307689892,71.568604080387,70.41394704195254,70.62297821044922,84476990,1.4908239841461182,70.42390307689892,71.568604080387,70.41394704195254,70.62297821044922
2015-12-22,71.10078052734228,71.56861551961477,70.61004892930228,70.98133087158203,55402909,1.4896912574768066,71.10078052734228,71.56861551961477,70.61004892930228,70.98133087158203
2015-12-23,71.46907508890536,73.44990100405167,71.39342136500277,73.310546875,105693991,1.4823379516601562,71.46907508890536,73.44990100405167,71.39342136500277,73.310546875
2015-12-24,73.16123962402344,73.32548005285445,72.36492377409687,73.16123962402344,18116240,1.4876967668533325,73.16123962402344,73.32548005285445,72.36492377409687,73.16123962402344
2015-12-29,73.26077003151295,73.87791513447411,72.66353699967668,73.65892791748047,73868345,1.4894028902053833,73.26077003151295,73.87791513447411,72.66353699967668,73.65892791748047
2015-12-30,73.22097140610137,73.6489899092941,72.8825420564397,73.26078796386719,43620349,1.4822280406951904,73.22097140610137,73.6489899092941,72.8825420564397,73.26078796386719
2015-12-31,72.13598228975124,73.69377153350867,72.13598228975124,72.73321533203125,21470851,1.481920599937439,72.13598228975124,73.69377153350867,72.13598228975124,72.73321533203125
2016-01-04,71.8771862314152,72.29524864643919,70.43387225820953,71.04106140136719,131789192,1.473708987236023,71.8771862314152,72.29524864643919,70.43387225820953,71.04106140136719
2016-01-05,71.96675856649763,72.06629612860449,70.84196209142537,71.24011993408203,133545553,1.4714103937149048,71.96675856649763,72.06629612860449,70.84196209142537,71.24011993408203
2016-01-06,71.17046318591481,71.20032370364306,70.18701781834308,70.67276763916016,128433516,1.467394471168518,71.17046318591481,71.20032370364306,70.18701781834308,70.67276763916016
2016-01-07,69.37873941978576,71.07090842650585,68.5625192240552,69.16970825195312,215183324,1.4629936218261719,69.37873941978576,71.07090842650585,68.5625192240552,69.16970825195312
2016-01-08,69.50815624811268,70.3542370901669,68.55258178710938,68.55258178710938,128699010,1.4626940488815308,69.50815624811268,70.3542370901669,68.55258178710938,68.55258178710938
2016-01-11,68.68196648224259,69.88638846142078,68.54261237517929,68.61228942871094,220833823,1.45249605178833,68.68196648224259,69.88638846142078,68.54261237517929,68.61228942871094
2016-01-12,68.45304241838951,69.7868704377432,68.33360034702417,68.98060607910156,132281416,1.454397439956665,68.45304241838951,69.7868704377432,68.33360034702417,68.98060607910156
2016-01-13,68.99054557527732,69.20754311498936,67.15902983903348,67.48751068115234,179968457,1.4436262845993042,68.99054557527732,69.20754311498936,67.15902983903348,67.48751068115234
2016-01-14,66.80068672325568,67.01967394556627,65.30760031029821,66.22335815429688,242747694,1.4407975673675537,66.80068672325568,67.01967394556627,65.30760031029821,66.22335815429688
2016-01-15,66.19350159738609,66.7409696858838,64.32216924855595,64.41175079345703,246968470,1.442710041999817,66.19350159738609,66.7409696858838,64.32216924855595,64.41175079345703
2016-01-18,64.29230049994253,65.34742011507807,62.04272232685201,63.66520690917969,170583545,1.4274091720581055,64.29230049994253,65.34742011507807,62.04272232685201,63.66520690917969
2016-01-19,64.38188576403117,66.19349695589705,63.70501962672798,65.47681427001953,210170994,1.4253135919570923,64.38188576403117,66.19349695589705,63.70501962672798,65.47681427001953
2016-01-20,64.16290142577648,64.16290142577648,60.718849558829234,63.75479507446289,189241743,1.4182385206222534,64.16290142577648,64.16290142577648,60.718849558829234,63.75479507446289
2016-01-21,63.30685835664516,64.73026761673435,62.49063814000707,64.40178680419922,171673945,1.4198495149612427,63.30685835664516,64.73026761673435,62.49063814000707,64.40178680419922
2016-01-22,65.70575338667217,67.00971299486102,65.5166266914156,66.55183410644531,142263043,1.4226775169372559,65.70575338667217,67.00971299486102,65.5166266914156,66.55183410644531
2016-01-25,66.37267668428005,66.42244927534722,62.84899139404297,62.84899139404297,190843090,1.4260046482086182,66.37267668428005,66.42244927534722,62.84899139404297,62.84899139404297
2016-01-26,62.01285925445434,64.91940298241376,61.57488857637404,64.4316635131836,163795325,1.4242985248565674,62.01285925445434,64.91940298241376,61.57488857637404,64.4316635131836
2016-01-27,64.43166942875517,64.63074461163202,62.759408275087054,64.62078857421875,171526712,1.434308648109436,64.43166942875517,64.63074461163202,62.759408275087054,64.62078857421875
2016-01-28,64.95922175375539,65.39718864968509,62.95848362597605,63.77470397949219,109003837,1.4249074459075928,64.95922175375539,65.39718864968509,62.95848362597605,63.77470397949219
2016-01-29,64.53119351867295,65.3971787366563,63.92400446543665,65.15828704833984,175574798,1.4362038373947144,64.53119351867295,65.3971787366563,63.92400446543665,65.15828704833984
2016-02-01,65.45691723151556,65.72566947214617,63.29691668982977,63.8941535949707,145104318,1.4246028661727905,65.45691723151556,65.72566947214617,63.29691668982977,63.8941535949707
2016-02-02,63.54575864385111,63.90409619765013,61.28622072302242,61.65451431274414,192112600,1.4427932500839233,63.54575864385111,63.90409619765013,61.28622072302242,61.65451431274414
2016-02-03,61.31607623309616,62.142252479966345,59.97031038576075,60.41027069091797,171536717,1.4409221410751343,61.31607623309616,62.142252479966345,59.97031038576075,60.41027069091797
2016-02-04,61.71424228790919,63.00824983452292,60.47000353210456,62.48069381713867,127439872,1.4585764408111572,61.71424228790919,63.00824983452292,60.47000353210456,62.48069381713867
2016-02-05,62.83904307603413,63.167520174308144,61.21655447156288,61.51517105102539,142689278,1.4581085443496704,62.83904307603413,63.167520174308144,61.21655447156288,61.51517105102539
2016-02-08,62.70963316442245,62.898756087956805,58.73304717218827,59.08641052246094,168444396,1.4512102603912354,62.70963316442245,62.898756087956805,58.73304717218827,59.08641052246094
2016-02-09,58.79774191260465,59.9424430005861,56.73728299193008,57.86207580566406,269347254,1.4436055421829224,58.79774191260465,59.9424430005861,56.73728299193008,57.86207580566406
2016-02-10,58.290095071339394,59.04858020667648,57.35442515344468,58.13083267211914,190492315,1.446591854095459,58.290095071339394,59.04858020667648,57.35442515344468,58.13083267211914
2016-02-11,57.51369239824791,57.514687242491554,55.58263517036955,55.74189758300781,167531274,1.452643871307373,57.51369239824791,57.514687242491554,55.58263517036955,55.74189758300781
2016-02-12,56.82687161282822,58.21046447753906,56.315240706146,58.21046447753906,153947298,1.4482258558273315,56.82687161282822,58.21046447753906,56.315240706146,58.21046447753906
2016-02-15,59.434791840793096,60.12161401636543,56.428710760263314,59.56419372558594,167523253,1.4518002271652222,59.434791840793096,60.12161401636543,56.428710760263314,59.56419372558594
2016-02-16,59.95239500730712,60.61930890211549,59.086405965024056,60.27091979980469,119149806,1.4459224939346313,59.95239500730712,60.61930890211549,59.086405965024056,60.27091979980469
2016-02-17,60.60935827545696,62.77931099119745,60.23310211226716,62.50060272216797,123795071,1.4303901195526123,60.60935827545696,62.77931099119745,60.23310211226716,62.50060272216797
2016-02-18,63.087880169055055,63.2471425709246,61.78391664323148,62.1522102355957,107730262,1.4281632900238037,63.087880169055055,63.2471425709246,61.78391664323148,62.1522102355957
2016-02-19,62.15222076644296,62.868903594845634,60.83830477911527,61.51517105102539,126240675,1.4333218336105347,62.15222076644296,62.868903594845634,60.83830477911527,61.51517105102539
2016-02-22,62.16217230307435,63.36758941566832,61.7441060844056,62.82908248901367,142297476,1.426594614982605,62.16217230307435,63.36758941566832,61.7441060844056,62.82908248901367
2016-02-23,62.271660020116926,63.6851133651404,62.092489342985054,62.63995361328125,123837862,1.4148073196411133,62.271660020116926,63.6851133651404,62.092489342985054,62.63995361328125
2016-02-24,62.709634508462464,63.301893382785984,61.61470590097039,61.91332244873047,131420354,1.4013453722000122,62.709634508462464,63.301893382785984,61.61470590097039,61.91332244873047
2016-02-25,68.18430118136811,70.42393151214299,65.99444345119241,70.31443786621094,366769885,1.3929517269134521,68.18430118136811,70.42393151214299,65.99444345119241,70.31443786621094
2016-02-26,71.4392050376937,72.27533738349558,71.36952797506272,71.79754638671875,174266595,1.3966480493545532,71.4392050376937,72.27533738349558,71.36952797506272,71.79754638671875
2016-02-29,70.87183335858661,72.16584464508722,70.17506272384342,72.0663070678711,164944060,1.3861935138702393,70.87183335858661,72.16584464508722,70.17506272384342,72.0663070678711
2016-03-01,72.06630522805574,72.9522025528543,71.34663800717574,72.73321533203125,146582931,1.3927963972091675,72.06630522805574,72.9522025528543,71.34663800717574,72.73321533203125
2016-03-02,73.45986037311029,73.56636186599795,72.23552607605843,72.93229675292969,115633144,1.3963944911956787,73.45986037311029,73.56636186599795,72.23552607605843,72.93229675292969
2016-03-03,73.14132140395215,73.24085896793493,71.85726632415505,72.24546813964844,109002364,1.408093810081482,73.14132140395215,73.24085896793493,71.85726632415505,72.24546813964844
2016-03-04,72.93230345041827,73.07166519282114,72.28530530286473,72.9024429321289,97930562,1.4174946546554565,72.93230345041827,73.07166519282114,72.28530530286473,72.9024429321289
2016-03-07,73.02190024812332,73.04180473099059,71.62835102621226,72.41471099853516,106192800,1.4215044975280762,73.02190024812332,73.04180473099059,71.62835102621226,72.41471099853516
2016-03-08,71.67810296121068,71.76768449963714,69.95607331167764,70.30445861816406,142440310,1.4261265993118286,71.67810296121068,71.76768449963714,69.95607331167764,70.30445861816406
2016-03-09,70.55331763844194,71.07092525737443,69.38871188719081,69.44843292236328,128604013,1.4208581447601318,70.55331763844194,71.07092525737443,69.38871188719081,69.44843292236328
2016-03-10,69.67737341677608,70.67276446558716,68.63220977783203,68.63220977783203,169304006,1.42069673538208,69.67737341677608,70.67276446558716,68.63220977783203,68.63220977783203
2016-03-11,69.91627987125676,70.68273539307863,68.64218027544302,69.82669830322266,109499300,1.4287755489349365,69.91627987125676,70.68273539307863,68.64218027544302,69.82669830322266
2016-03-14,70.17505809668573,70.66279750884571,69.51809646076303,69.98593139648438,108051495,1.4380005598068237,70.17505809668573,70.66279750884571,69.51809646076303,69.98593139648438
2016-03-15,69.55793969076859,69.90633271304436,68.72181466346538,68.89102935791016,99306004,1.4282041788101196,69.55793969076859,69.90633271304436,68.72181466346538,68.89102935791016
2016-03-16,68.90095691346023,69.30806837516676,67.85579346716824,68.47293853759766,123553456,1.4156285524368286,68.90095691346023,69.30806837516676,67.85579346716824,68.47293853759766
2016-03-17,69.08014366998314,69.11000418782449,67.37802580494446,68.98060607910156,115516162,1.4255167245864868,69.08014366998314,69.11000418782449,67.37802580494446,68.98060607910156
2016-03-18,69.73708605324829,70.69266043374864,69.32897972137162,69.57782745361328,184138606,1.4478065967559814,69.73708605324829,70.69266043374864,69.32897972137162,69.57782745361328
2016-03-21,69.23940234808354,70.07553481942026,69.10503001769752,69.46834564208984,79186291,1.4468011856079102,69.23940234808354,70.07553481942026,69.10503001769752,69.46834564208984
2016-03-22,69.24935255176484,69.30907358246097,68.18428447037637,69.04032135009766,108207822,1.4370087385177612,69.24935255176484,69.30907358246097,68.18428447037637,69.04032135009766
2016-03-23,69.07017503019979,69.35883930704917,68.13450513932456,68.58243560791016,80796592,1.4224953651428223,69.07017503019979,69.35883930704917,68.13450513932456,68.58243560791016
2016-03-24,68.20417833790262,68.56251965478965,67.62685741112202,67.7363510131836,94958628,1.411691665649414,68.20417833790262,68.56251965478965,67.62685741112202,67.7363510131836
2016-03-29,68.17432391085416,68.77852846425958,67.16898452109136,67.68658447265625,87938073,1.4263300895690918,68.17432391085416,68.77852846425958,67.16898452109136,67.68658447265625
2016-03-30,68.14446477115966,68.49285009118101,67.28842793097557,67.48751068115234,145228666,1.438641905784607,68.14446477115966,68.49285009118101,67.28842793097557,67.48751068115234
2016-03-31,67.31828769724333,67.9424043280293,66.92013738977285,67.70648956298828,126157038,1.4374011754989624,67.31828769724333,67.9424043280293,66.92013738977285,67.70648956298828
2016-04-01,67.26852052086417,68.18925256976976,67.03957726669805,67.63681030273438,112775310,1.4366991519927979,67.26852052086417,68.18925256976976,67.03957726669805,67.63681030273438
2016-04-04,67.43773913746523,68.3734090921831,67.3581060361636,68.00511169433594,96100743,1.422454833984375,67.43773913746523,68.3734090921831,67.3581060361636,68.00511169433594
2016-04-05,67.55718357358926,67.79607526481972,66.34280545230364,66.6314697265625,159802304,1.4264928102493286,67.55718357358926,67.79607526481972,66.34280545230364,66.6314697265625
2016-04-06,66.85045468274046,68.01506018165433,66.57173885911905,67.7662124633789,127692393,1.4156285524368286,66.85045468274046,68.01506018165433,66.57173885911905,67.7662124633789
2016-04-07,66.42204819644327,67.77617842171246,64.2982595762419,64.54020690917969,124142215,1.4138071537017822,66.42204819644327,67.77617842171246,64.2982595762419,64.54020690917969
2016-04-08,64.71943799496275,67.00951345490836,64.61887601139325,65.61555480957031,85284392,1.4057974815368652,64.71943799496275,67.00951345490836,64.61887601139325,65.61555480957031
2016-04-11,65.61555490019641,66.2328739094182,65.14758236322926,65.23719024658203,75068393,1.4130080938339233,65.61555490019641,66.2328739094182,65.14758236322926,65.23719024658203
2016-04-12,66.00385303000317,66.71078732741987,65.31682905800238,66.35234069824219,123077568,1.4234064817428589,66.00385303000317,66.71078732741987,65.31682905800238,66.35234069824219
2016-04-13,67.25841814465315,70.3749045184687,67.19867197378366,68.70215606689453,168643107,1.4268999099731445,67.25841814465315,70.3749045184687,67.19867197378366,68.70215606689453
2016-04-14,68.95109109208346,69.339407098459,68.24415662928534,68.50303649902344,158864625,1.4192047119140625,68.95109109208346,69.339407098459,68.24415662928534,68.50303649902344
2016-04-15,68.65237944132619,68.796757813686,67.59695728294547,67.9056167602539,109183421,1.4146071672439575,68.65237944132619,68.796757813686,67.59695728294547,67.9056167602539
2016-04-18,67.16880131689896,68.33374907286642,66.90992150564126,68.15452575683594,82945056,1.4174344539642334,67.16880131689896,68.33374907286642,66.90992150564126,68.15452575683594
2016-04-19,68.1445938601964,68.5528202210526,67.55713653564453,67.55713653564453,126877759,1.4289796352386475,68.1445938601964,68.5528202210526,67.55713653564453,67.55713653564453
2016-04-20,67.13895185438994,67.75627847998638,66.50171489733854,67.467529296875,142050767,1.4389524459838867,67.13895185438994,67.75627847998638,66.50171489733854,67.467529296875
2016-04-21,67.52725131047484,68.52293476099582,67.41772552320057,68.40345001220703,132566193,1.4338973760604858,67.52725131047484,68.52293476099582,67.41772552320057,68.40345001220703
2016-04-22,68.37360350333277,68.88040922244888,67.44761728199013,67.70649719238281,104940693,1.432295322418213,68.37360350333277,68.88040922244888,67.44761728199013,67.70649719238281
2016-04-25,67.93547735599448,68.34370357358436,66.82030928497689,67.29823303222656,106619451,1.4446691274642944,67.93547735599448,68.34370357358436,66.82030928497689,67.29823303222656
2016-04-26,67.70648585728237,70.4794683728866,67.44760599023014,69.6978530883789,165360590,1.4490653276443481,67.70648585728237,70.4794683728866,67.44760599023014,69.6978530883789
2016-04-27,69.56841450631501,69.67794030789027,68.25411248387474,68.95108795166016,125630137,1.457726001739502,69.56841450631501,69.67794030789027,68.25411248387474,68.95108795166016
2016-04-28,66.13330183346947,68.28398202145038,65.81468339041263,67.81600952148438,232367452,1.4542070627212524,66.13330183346947,68.28398202145038,65.81468339041263,67.81600952148438
2016-04-29,67.62683190530217,68.02510688589317,66.41209663290816,66.78050231933594,160030652,1.4611338376998901,67.62683190530217,68.02510688589317,66.41209663290816,66.78050231933594
2016-05-03,67.2086362680429,67.67660872860249,65.2770078466564,65.30687713623047,173798055,1.4665981531143188,67.2086362680429,67.67660872860249,65.2770078466564,65.30687713623047
2016-05-04,65.21726452237388,65.61553941279523,64.49041227762031,64.51033020019531,112057722,1.4550957679748535,65.21726452237388,65.61553941279523,64.49041227762031,64.51033020019531
2016-05-05,64.72939953701622,64.99823079387536,63.62419002105259,63.80341339111328,117537654,1.4507049322128296,64.72939953701622,64.99823079387536,63.62419002105259,63.80341339111328
2016-05-06,63.52461296192669,64.92852668691621,63.375262700767856,64.7293930053711,117597896,1.4492753744125366,63.52461296192669,64.92852668691621,63.375262700767856,64.7293930053711
2016-05-09,65.19238157004908,65.71014129113908,64.03240927551693,64.09215545654297,101074841,1.443084716796875,65.19238157004908,65.71014129113908,64.03240927551693,64.09215545654297
2016-05-10,64.23154337320607,65.39649122077365,64.14192790991358,65.13761138916016,102981024,1.4415452480316162,64.23154337320607,65.39649122077365,64.14192790991358,65.13761138916016
2016-05-11,64.82898038732542,65.42638921771388,64.23157155693697,65.40647888183594,91514029,1.4451494216918945,64.82898038732542,65.42638921771388,64.23157155693697,65.40647888183594
2016-05-12,64.9882608605005,65.61554634806544,64.03240558033667,64.62982177734375,98924084,1.4438347816467285,64.9882608605005,65.61554634806544,64.03240558033667,64.62982177734375
2016-05-13,64.44061711437902,66.13327549464871,64.24844946914794,66.11336517333984,113245087,1.4445230960845947,64.44061711437902,66.13327549464871,64.24844946914794,66.11336517333984
2016-05-16,65.5359030121302,66.56145604184134,65.29694104318393,66.38223266601562,70182237,1.4349260330200195,65.5359030121302,66.56145604184134,65.29694104318393,66.38223266601562
2016-05-17,66.85019079166005,67.37790184077284,66.61122887434645,66.98958587646484,147608944,1.4446901082992554,66.85019079166005,67.37790184077284,66.61122887434645,66.98958587646484
2016-05-18,67.07920881224756,69.44893311425078,66.71080313483588,69.20001220703125,249709373,1.4455254077911377,67.07920881224756,69.44893311425078,66.71080313483588,69.20001220703125
2016-05-19,69.55844645105549,70.65369672717783,68.72605654506098,68.78181457519531,252701879,1.4596196413040161,69.55844645105549,70.65369672717783,68.72605654506098,68.78181457519531
2016-05-20,69.59828894031425,70.04634354607022,68.85152619974534,70.03638458251953,156662345,1.4601097106933594,69.59828894031425,70.04634354607022,68.85152619974534,70.03638458251953
2016-05-23,70.18572419416232,70.8428789168149,69.58831564404481,69.9168930053711,113598792,1.4490653276443481,70.18572419416232,70.8428789168149,69.58831564404481,69.9168930053711
2016-05-24,69.67795109847295,72.10741424560547,69.43201557515974,72.10741424560547,210975875,1.4481840133666992,69.67795109847295,72.10741424560547,69.43201557515974,72.10741424560547
2016-05-25,72.65501901787223,73.42169189453125,72.38618024546736,73.42169189453125,222609500,1.4612619876861572,72.65501901787223,73.42169189453125,72.38618024546736,73.42169189453125
2016-05-26,73.68056255286403,73.68056255286403,71.68919599738122,72.49569702148438,143473865,1.4698317050933838,73.68056255286403,73.68056255286403,71.68919599738122,72.49569702148438
2016-05-27,72.57535589510753,72.79440743885272,71.81863445211351,72.13725280761719,133488798,1.466490626335144,72.57535589510753,72.79440743885272,71.81863445211351,72.13725280761719
2016-05-31,72.68490260127194,72.95373383009321,71.32081333827483,71.7091293334961,560494066,1.4635074138641357,72.68490260127194,72.95373383009321,71.32081333827483,71.7091293334961
2016-06-01,71.97796261830129,71.97796261830129,70.17477514378162,71.03205871582031,276181503,1.4482468366622925,71.97796261830129,71.97796261830129,70.17477514378162,71.03205871582031
2016-06-02,70.93248978710868,71.64938311621704,70.13594755201441,70.22555541992188,279461684,1.4419403076171875,70.93248978710868,71.64938311621704,70.13594755201441,70.22555541992188
2016-06-03,70.74332392328985,70.99224482717692,69.21992161047196,69.6978530883789,98812617,1.4405485391616821,70.74332392328985,70.99224482717692,69.21992161047196,69.6978530883789
2016-06-06,69.6480530488593,70.01347324406518,69.09744630952552,69.33939361572266,155224212,1.4383935928344727,69.6480530488593,70.01347324406518,69.09744630952552,69.33939361572266
2016-06-07,69.70780018491843,70.69352466949789,69.64805401256143,69.94676208496094,137756498,1.4459224939346313,69.70780018491843,70.69352466949789,69.64805401256143,69.94676208496094
2016-06-08,69.5086539547914,70.32511401816171,69.03073018896849,69.55844116210938,97527172,1.454355001449585,69.5086539547914,70.32511401816171,69.03073018896849,69.55844116210938
2016-06-09,69.37921522360243,69.37921522360243,68.6822399263111,68.81167602539062,95480126,1.4518423080444336,69.37921522360243,69.37921522360243,68.6822399263111,68.81167602539062
2016-06-10,68.51296380818152,68.72803479906675,66.66099230663194,66.76056671142578,122961296,1.4463825225830078,68.51296380818152,68.72803479906675,66.66099230663194,66.76056671142578
2016-06-13,65.88436402191792,66.35233640173405,63.9129152855592,63.95274353027344,244673005,1.4188824892044067,65.88436402191792,66.35233640173405,63.9129152855592,63.95274353027344
2016-06-14,63.73370469804672,63.78348431652532,61.91160202026367,61.91160202026367,213494426,1.4206764698028564,63.73370469804672,63.78348431652532,61.91160202026367,61.91160202026367
2016-06-15,62.66832310860627,63.26573553507582,62.36961879448721,62.728065490722656,211708628,1.4123696088790894,62.66832310860627,63.26573553507582,62.36961879448721,62.728065490722656
2016-06-16,61.73237921969797,62.24913997751204,60.92587418833544,61.09514236450195,186711784,1.41958749294281,61.73237921969797,62.24913997751204,60.92587418833544,61.09514236450195
2016-06-17,62.23022233497228,65.19736267834733,61.911603900475725,64.76921844482422,290521881,1.4295722246170044,62.23022233497228,65.19736267834733,61.911603900475725,64.76921844482422
2016-06-20,67.95540676116944,69.77750960077393,64.24847708588516,69.6978530883789,255177180,1.4585976600646973,67.95540676116944,69.77750960077393,64.24847708588516,69.6978530883789
2016-06-21,69.69785081708177,70.39482628666744,64.248474992171,70.02642822265625,205753514,1.467502236366272,69.69785081708177,70.39482628666744,64.248474992171,70.02642822265625
2016-06-22,70.2952706570473,71.1515592827765,68.95109912480953,70.24549102783203,203259814,1.4670286178588867,70.2952706570473,71.1515592827765,68.95109912480953,70.24549102783203
2016-06-23,70.86278889404925,71.93812883683722,69.70780004904356,71.83856201171875,216298506,1.4789398908615112,70.86278889404925,71.93812883683722,69.70780004904356,71.83856201171875
2016-06-24,50.77985863936575,60.47781762720357,50.76093965008081,56.75395965576172,592322158,1.4557948112487793,50.77985863936575,60.47781762720357,50.76093965008081,56.75395965576172
2016-06-27,55.33012974711005,56.023124586705336,50.77985662406685,50.9292106628418,766905666,1.3450984954833984,55.33012974711005,56.023124586705336,50.77985662406685,50.9292106628418
2016-06-28,53.26906492989531,54.89203002771268,51.785494908289685,54.71280670166016,420713250,1.323504090309143,53.26906492989531,54.89203002771268,51.785494908289685,54.71280670166016
2016-06-29,55.70850548352917,68.95109834010513,54.55351250802853,55.28036117553711,343470214,1.3350956439971924,55.70850548352917,68.95109834010513,54.55351250802853,55.28036117553711
2016-06-30,55.02146971378643,55.24052130389833,53.0500167974729,53.82665252685547,383279366,1.3465837240219116,55.02146971378643,55.24052130389833,53.0500167974729,53.82665252685547
2016-07-01,55.29029748274016,55.65870307210924,53.19936388108583,54.11539077758789,251280167,1.3328713178634644,55.29029748274016,55.65870307210924,53.19936388108583,54.11539077758789
2016-07-04,54.65307839069117,55.12105095116551,52.84392354569464,52.90067672729492,181211535,1.3289920091629028,54.65307839069117,55.12105095116551,52.84392354569464,52.90067672729492
2016-07-05,52.34308681277543,52.94049545650319,50.79977798461914,50.79977798461914,320209315,1.3279860019683838,52.34308681277543,52.94049545650319,50.79977798461914,50.79977798461914
2016-07-06,50.77986645270132,51.237880022855954,46.896698675260886,47.344757080078125,587332198,1.2957899570465088,50.77986645270132,51.237880022855954,46.896698675260886,47.344757080078125
2016-07-07,47.792810823178655,50.68029466303824,47.09583157236103,49.4854736328125,323227768,1.292590856552124,47.792810823178655,50.68029466303824,47.09583157236103,49.4854736328125
2016-07-08,49.251481763709954,52.68161092821465,48.982646777745735,52.37294769287109,252660863,1.2915725708007812,49.251481763709954,52.68161092821465,48.982646777745735,52.37294769287109
2016-07-11,53.00023305724323,54.87211912928634,52.38291034133636,54.61323928833008,234381468,1.2946157455444336,53.00023305724323,54.87211912928634,52.38291034133636,54.61323928833008
2016-07-12,55.01151855468751,57.47981827475131,54.715799646154046,56.0072021484375,324797193,1.2981113195419312,55.01151855468751,57.47981827475131,54.715799646154046,56.0072021484375
2016-07-13,55.987282926020015,56.54486705514408,55.06129696423727,55.08121109008789,187428800,1.3278273344039917,55.987282926020015,56.54486705514408,55.06129696423727,55.08121109008789
2016-07-14,55.93750240754184,56.4054748936902,55.02147156212711,55.95741653442383,228354985,1.3119744062423706,55.93750240754184,56.4054748936902,55.02147156212711,55.95741653442383
2016-07-15,55.56909819710393,57.10842253725279,55.379915898870806,55.748321533203125,154468586,1.3357912302017212,55.56909819710393,57.10842253725279,55.379915898870806,55.748321533203125
2016-07-18,55.5591368676176,56.17745849028272,54.47384173336366,55.35004425048828,175656923,1.3229613304138184,55.5591368676176,56.17745849028272,54.47384173336366,55.35004425048828
2016-07-19,55.19073486328125,55.509353268768166,54.34440543587494,55.19073486328125,102177048,1.3268934488296509,55.19073486328125,55.509353268768166,54.34440543587494,55.19073486328125
2016-07-20,55.54917882584248,56.61455977970522,54.64310706699948,56.52494812011719,173751310,1.310839295387268,55.54917882584248,56.61455977970522,54.64310706699948,56.52494812011719
2016-07-21,56.34573251304424,56.90331667104587,55.94745757186717,55.95741653442383,175998607,1.326453447341919,56.34573251304424,56.90331667104587,55.94745757186717,55.95741653442383
2016-07-22,55.718455058075406,55.9673759657311,54.06562038317085,54.25480270385742,180048175,1.3246086835861206,55.718455058075406,55.9673759657311,54.06562038317085,54.25480270385742
2016-07-25,53.88639032997088,54.75263771570108,53.18941111549403,53.56777191162109,193538131,1.3129734992980957,53.88639032997088,54.75263771570108,53.18941111549403,53.56777191162109
2016-07-26,53.229233381516416,54.45392350149571,52.72143652132235,53.89634323120117,161405121,1.3107877969741821,53.229233381516416,54.45392350149571,52.72143652132235,53.89634323120117
2016-07-27,54.17513763151474,56.02710949961042,53.82664993514449,55.50935363769531,170110918,1.3152875900268555,54.17513763151474,56.02710949961042,53.82664993514449,55.50935363769531
2016-07-28,53.866476185436895,54.82233523838721,52.26840461320077,52.27338409423828,454732161,1.323784351348877,53.866476185436895,54.82233523838721,52.26840461320077,52.27338409423828
2016-07-29,52.54222100786881,54.36232964286646,52.22360257804026,52.92058181762695,179133676,1.316187858581543,52.54222100786881,54.36232964286646,52.22360257804026,52.92058181762695
2016-08-01,53.42837549194867,53.80673627861165,52.57806170716698,53.020145416259766,124451070,1.3216325044631958,53.42837549194867,53.80673627861165,52.57806170716698,53.020145416259766
2016-08-02,52.77122682271164,52.78118198673947,51.19904396493976,52.50239181518555,197630512,1.3185480833053589,52.77122682271164,52.78118198673947,51.19904396493976,52.50239181518555
2016-08-03,52.601955609667804,53.32880403262623,52.39883382688113,52.76126480102539,156900272,1.333777904510498,52.601955609667804,53.32880403262623,52.39883382688113,52.76126480102539
2016-08-04,52.95044001471688,53.737030760282,51.72574996948242,51.72574996948242,239779098,1.332800269126892,52.95044001471688,53.737030760282,51.72574996948242,51.72574996948242
2016-08-05,51.62619017343826,52.92058181762695,50.461242251545976,52.92058181762695,234096939,1.3129217624664307,51.62619017343826,52.92058181762695,50.461242251545976,52.92058181762695
2016-08-08,53.42837929402005,54.39419355571891,52.98032093559114,54.31453704833984,153955095,1.3085750341415405,53.42837929402005,54.39419355571891,52.98032093559114,54.31453704833984
2016-08-09,54.43401972365041,54.89203705902642,54.01583444144835,54.80242538452149,210465324,1.3032373189926147,54.43401972365041,54.89203705902642,54.01583444144835,54.80242538452149
2016-08-10,54.4340129060211,55.38987191376691,54.1602022336057,55.2504768371582,153385920,1.3007115125656128,54.4340129060211,55.38987191376691,54.1602022336057,55.2504768371582
2016-08-11,54.960192676995504,55.46807121242531,54.273067139499375,54.99007034301758,163909389,1.3020155429840088,54.960192676995504,55.46807121242531,54.273067139499375,54.99007034301758
2016-08-12,54.6016929034702,56.31452834066155,53.77514715159868,55.16931915283203,110381149,1.2954877614974976,54.6016929034702,56.31452834066155,53.77514715159868,55.16931915283203
2016-08-15,55.41827661421368,55.637357957720425,53.97431361029478,54.27306365966797,103658205,1.290988802909851,55.41827661421368,55.637357957720425,53.97431361029478,54.27306365966797
2016-08-16,53.87473018776421,54.25314896028162,53.446520371213424,53.72535705566406,119051951,1.2883111238479614,53.87473018776421,54.25314896028162,53.446520371213424,53.72535705566406
2016-08-17,54.07389805132576,54.33281755786707,52.88885449099434,53.2573127746582,129225730,1.303373098373413,54.07389805132576,54.33281755786707,52.88885449099434,53.2573127746582
2016-08-18,53.52618784059735,53.83489838455303,53.11789521088205,53.64568710327149,95364907,1.3044612407684326,53.52618784059735,53.83489838455303,53.11789521088205,53.64568710327149
2016-08-19,53.48634766970309,55.00997924804688,53.23738868356728,55.00997924804688,216051135,1.3166556358337402,53.48634766970309,55.00997924804688,53.23738868356728,55.00997924804688
2016-08-22,54.78094298464237,55.766822409429786,54.27306823774863,55.308738708496094,174467116,1.3056023120880127,54.78094298464237,55.766822409429786,54.27306823774863,55.308738708496094
2016-08-23,55.74690023013218,57.599155844657886,55.32964621200976,57.350196838378906,242483214,1.3137152194976807,55.74690023013218,57.599155844657886,55.32964621200976,57.350196838378906
2016-08-24,57.041489336616266,59.17257793589041,56.98174160317208,59.0232048034668,230985457,1.3196094036102295,57.041489336616266,59.17257793589041,56.98174160317208,59.0232048034668
2016-08-25,58.78420866854344,58.873834076968535,57.98754048188347,58.12695693969727,128479249,1.3234516382217407,58.78420866854344,58.873834076968535,57.98754048188347,58.12695693969727
2016-08-26,57.81823508180349,58.37590076768314,57.65890148600752,57.76844024658203,104221781,1.3194352388381958,57.81823508180349,58.37590076768314,57.65890148600752,57.76844024658203
2016-08-30,57.53941286477322,58.933585026606536,57.26257053021982,58.61491775512695,135200600,1.3107877969741821,57.53941286477322,58.933585026606536,57.26257053021982,58.61491775512695
2016-08-31,58.614913380111055,59.89954285921102,58.60395760271852,59.10287094116211,182699155,1.3090718984603882,58.614913380111055,59.89954285921102,58.60395760271852,59.10287094116211
2016-09-01,59.60078932874913,61.791629518189374,59.262204901300976,60.38750076293945,247207454,1.3133701086044312,59.60078932874913,61.791629518189374,59.262204901300976,60.38750076293945
2016-09-02,60.70616564303496,61.74183606290201,59.71032957750428,60.69620895385742,285039392,1.327492356300354,60.70616564303496,61.74183606290201,59.71032957750428,60.69620895385742
2016-09-05,59.999126744512495,60.720111129078965,59.04312497282966,59.40162658691406,137203669,1.3294336795806885,59.999126744512495,60.720111129078965,59.04312497282966,59.40162658691406
2016-09-06,59.57091019494544,59.6505788996847,57.79832330143896,57.838157653808594,163462667,1.3313806056976318,59.57091019494544,59.6505788996847,57.79832330143896,57.838157653808594
2016-09-07,57.85807440725189,58.05126684882334,56.71286520089788,57.38007354736328,175578169,1.3421016931533813,57.85807440725189,58.05126684882334,56.71286520089788,57.38007354736328
2016-09-08,57.2406627726128,58.83400292882424,57.2406627726128,58.61491775512695,168368025,1.333866834640503,57.2406627726128,58.83400292882424,57.2406627726128,58.61491775512695
2016-09-09,58.48545113617552,59.431496149512654,58.003465330041536,59.06303787231445,161414372,1.331026315689087,58.48545113617552,59.431496149512654,58.003465330041536,59.06303787231445
2016-09-12,57.86803293517578,58.15682629870533,56.394196050739055,56.73278045654297,194354228,1.327316164970398,57.86803293517578,58.15682629870533,56.394196050739055,56.73278045654297
2016-09-13,56.73278390572936,57.02157348800344,56.00084376347602,56.15519714355469,133190485,1.333866834640503,56.73278390572936,57.02157348800344,56.00084376347602,56.15519714355469
2016-09-14,56.56348736398772,56.792529201589,55.93610958345452,56.583404541015625,105135458,1.3194352388381958,56.56348736398772,56.792529201589,55.93610958345452,56.583404541015625
2016-09-15,56.57345075565782,56.87220082878418,55.79669600695332,56.49378204345703,99538202,1.326435923576355,56.57345075565782,56.87220082878418,55.79669600695332,56.49378204345703
2016-09-16,56.03569401489191,56.76265386289244,55.6871491241653,56.27469253540039,237785600,1.3247665166854858,56.03569401489191,56.76265386289244,55.6871491241653,56.27469253540039
2016-09-19,56.822404879824674,56.981738491663954,56.05561068571906,56.76265335083008,107995135,1.3016257286071777,56.822404879824674,56.981738491663954,56.05561068571906,56.76265335083008
2016-09-20,56.76265999306406,56.99170184945917,56.1950336970385,56.20499038696289,107130067,1.3044612407684326,56.76265999306406,56.99170184945917,56.1950336970385,56.20499038696289
2016-09-21,57.121159351196695,57.78836771531984,56.58340694503541,56.86223983764648,147731511,1.2985326051712036,57.121159351196695,57.78836771531984,56.58340694503541,56.86223983764648
2016-09-22,56.76265615060678,57.260574187015614,55.83652829898131,56.91203308105469,147313222,1.3036110401153564,56.76265615060678,57.260574187015614,55.83652829898131,56.91203308105469
2016-09-23,56.76265570803215,56.9020721493295,55.72698528866167,55.74690246582031,161776313,1.3087291717529297,56.76265570803215,56.9020721493295,55.72698528866167,55.74690246582031
2016-09-26,54.87056805942774,56.093455438879815,53.516234142856014,54.02410888671875,204359020,1.297858476638794,54.87056805942774,56.093455438879815,53.516234142856014,54.02410888671875
2016-09-27,54.58177349903059,54.64152122885376,53.37979869626552,54.412479400634766,198895195,1.2969495058059692,54.58177349903059,54.64152122885376,53.37979869626552,54.412479400634766
2016-09-28,54.65147979506398,55.52781272470792,53.86377316805043,55.298770904541016,171131999,1.3012362718582153,54.65147979506398,55.52781272470792,53.86377316805043,55.298770904541016
2016-09-29,56.00581478871485,56.03568865121566,55.17926913727434,55.25893783569336,201010909,1.3039510250091553,56.00581478871485,56.03568865121566,55.17926913727434,55.25893783569336
2016-09-30,53.82493130820552,54.64151646768134,52.7793043404682,54.32284927368164,284154079,1.2963443994522095,53.82493130820552,54.64151646768134,52.7793043404682,54.32284927368164
2016-10-03,54.05397558996032,54.72118766961229,53.81497708293034,54.48218536376953,129772579,1.2931592464447021,54.05397558996032,54.72118766961229,53.81497708293034,54.48218536376953
2016-10-04,54.58178458634578,55.56766031682046,53.54511871662879,54.54195022583008,268219093,1.2848516702651978,54.58178458634578,55.56766031682046,53.54511871662879,54.54195022583008
2016-10-05,54.66143647301348,54.84068725377309,53.77713363428282,54.47222900390625,134537101,1.273236632347107,54.66143647301348,54.84068725377309,53.77713363428282,54.47222900390625
2016-10-06,54.64152141741307,55.1892304692888,54.502104982260654,54.761024475097656,154391630,1.2755101919174194,54.64152141741307,55.1892304692888,54.502104982260654,54.761024475097656
2016-10-07,54.412479622612175,55.07969173259196,51.58430516878558,52.28139114379883,473927863,1.2402331829071045,54.412479622612175,55.07969173259196,51.58430516878558,52.28139114379883
2016-10-10,52.2116867969712,52.60703308872952,50.62830725299168,52.161895751953125,261283857,1.2434717416763306,52.2116867969712,52.60703308872952,50.62830725299168,52.161895751953125
2016-10-11,52.42081274482521,53.466439910979474,51.95276855284213,53.416648864746094,261431367,1.2341108322143555,52.42081274482521,53.466439910979474,51.95276855284213,53.416648864746094
2016-10-12,53.26726865482965,53.575975379783856,52.32122370672937,52.809181213378906,187400002,1.2278977632522583,53.26726865482965,53.575975379783856,52.32122370672937,52.809181213378906
2016-10-13,52.66977328876704,52.87093185647767,51.46182279457041,52.31127166748047,193486534,1.2187690734863281,52.66977328876704,52.87093185647767,51.46182279457041,52.31127166748047
2016-10-14,52.41086081188181,53.14777748016991,52.00754456351604,52.211692810058594,141375428,1.222195029258728,52.41086081188181,53.14777748016991,52.00754456351604,52.211692810058594
2016-10-17,51.80339519122868,55.45811191218145,51.63410107618768,52.60006332397461,121994416,1.2183235883712769,51.80339519122868,55.45811191218145,51.63410107618768,52.60006332397461
2016-10-18,52.99840124922698,53.8747343282409,52.53035704195326,53.71540069580078,127436181,1.2218962907791138,52.99840124922698,53.8747343282409,52.53035704195326,53.71540069580078
2016-10-19,53.7751564411759,54.770992671568045,53.56204678889025,54.64153289794922,164528651,1.230466365814209,53.7751564411759,54.770992671568045,53.56204678889025,54.64153289794922
2016-10-20,54.651478853046434,55.637354331605714,54.27306012246991,55.32864761352539,151704372,1.2289540767669678,54.651478853046434,55.637354331605714,54.27306012246991,55.32864761352539
2016-10-21,54.99006909979841,55.497943824932925,54.80085781491813,54.910400390625,111891635,1.2256402969360352,54.99006909979841,55.497943824932925,54.80085781491813,54.910400390625
2016-10-24,55.14940440533412,55.64433279041801,54.51206990771509,54.74111175537109,122407934,1.2219113111495972,55.14940440533412,55.64433279041801,54.51206990771509,54.74111175537109
2016-10-25,54.81082294695104,55.30874102503277,53.75523525384495,55.11952972412109,210421610,1.2217471599578857,54.81082294695104,55.30874102503277,53.75523525384495,55.11952972412109
2016-10-26,53.27722526790431,55.77677192207975,53.02826627132532,55.64731597900391,330319861,1.217581868171692,53.27722526790431,55.77677192207975,53.02826627132532,55.64731597900391
2016-10-27,55.49794772861186,57.38007742887003,54.70825039750881,57.26057815551758,263796895,1.2235409021377563,55.49794772861186,57.38007742887003,54.70825039750881,57.26057815551758
2016-10-28,57.35019963801888,57.7087012323715,56.74273902523394,57.49957656860352,217273165,1.2171372175216675,57.35019963801888,57.7087012323715,56.74273902523394,57.49957656860352
2016-10-31,56.971777257569926,57.444801641916406,56.750701541643615,57.02156829833984,190218692,1.2215979099273682,56.971777257569926,57.444801641916406,56.750701541643615,57.02156829833984
2016-11-01,57.260576882053485,57.260576882053485,55.79669657049202,56.00582504272461,141662774,1.2236906290054321,57.260576882053485,57.260576882053485,55.79669657049202,56.00582504272461
2016-11-02,55.56765558852284,56.71485924182552,54.74111357162843,54.92036437988281,140200454,1.2238553762435913,55.56765558852284,56.71485924182552,54.74111357162843,54.92036437988281
2016-11-03,54.73115138151501,57.38007526704414,54.392566954094896,55.79669570922852,243908936,1.230466365814209,54.73115138151501,57.38007526704414,54.392566954094896,55.79669570922852
2016-11-04,56.165157113917175,56.548552337897526,55.06973513332018,55.22906875610352,176768811,1.2468827962875366,56.165157113917175,56.548552337897526,55.06973513332018,55.22906875610352
2016-11-07,56.14524316665928,56.14524316665928,55.22907193383124,55.83653259277344,180323628,1.248907208442688,56.14524316665928,56.14524316665928,55.22907193383124,55.83653259277344
2016-11-08,55.94607350797054,56.165158669922135,55.32865617743178,56.00582504272461,179514481,1.2399256229400635,55.94607350797054,56.165158669922135,55.32865617743178,56.00582504272461
2016-11-09,54.17348010631078,57.27052688598633,53.828920180531696,57.27052688598633,258542105,1.2388503551483154,54.17348010631078,57.27052688598633,53.828920180531696,57.27052688598633
2016-11-10,57.26057801202906,60.09870948962166,55.5477386367446,59.38171005249024,471857582,1.242081642150879,57.26057801202906,60.09870948962166,55.5477386367446,59.38171005249024
2016-11-11,59.44145434462546,59.80991642997221,58.56512132794092,59.25224685668945,202086997,1.2553352117538452,59.44145434462546,59.80991642997221,58.56512132794092,59.25224685668945
2016-11-14,59.75016472413321,60.37754251740429,58.99333097577198,60.31779098510742,211747685,1.2573871612548828,59.75016472413321,60.37754251740429,58.99333097577198,60.31779098510742
2016-11-15,60.79579558685089,61.83146608415953,60.1305777747073,61.14434051513672,300876848,1.2520345449447632,60.79579558685089,61.83146608415953,60.1305777747073,61.14434051513672
2016-11-16,61.14433812118887,61.49287923701508,59.511163724538704,60.1584587097168,176864797,1.2456402778625488,61.14433812118887,61.49287923701508,59.511163724538704,60.1584587097168
2016-11-17,59.47132799061666,60.72707498616334,59.09290924150868,59.73024368286133,168726760,1.2442454099655151,59.47132799061666,60.72707498616334,59.09290924150868,59.73024368286133
2016-11-18,59.7501706955129,59.7501706955129,58.86387710467296,59.192501068115234,124186149,1.2410026788711548,59.7501706955129,59.7501706955129,58.86387710467296,59.192501068115234
2016-11-21,59.18253977643781,59.3617905784929,58.04728722929779,58.86387252807617,171223785,1.2324377298355103,59.18253977643781,59.3617905784929,58.04728722929779,58.86387252807617
2016-11-22,59.31200176034299,59.889584745131394,59.20245917732793,59.5012092590332,166374138,1.2493752241134644,59.31200176034299,59.889584745131394,59.20245917732793,59.5012092590332
2016-11-23,59.66054262433863,59.84078872143338,58.79018129636344,59.39166641235352,114416835,1.2423903942108154,59.66054262433863,59.84078872143338,58.79018129636344,59.39166641235352
2016-11-24,59.361783636804944,59.51115675517452,58.97340821070612,59.43149185180664,76358717,1.2433171272277832,59.361783636804944,59.51115675517452,58.97340821070612,59.43149185180664
2016-11-25,59.42154170549746,59.42154170549746,58.3659578095944,58.52529144287109,86340168,1.2452834844589233,59.42154170549746,59.42154170549746,58.3659578095944,58.52529144287109
2016-11-28,58.306197437558936,58.427691071474,57.250613701606,57.61907196044922,155050754,1.248127818107605,58.306197437558936,58.427691071474,57.250613701606,57.61907196044922
2016-11-29,57.10124536011497,57.67882835544586,56.73278704591354,57.469703674316406,136544887,1.2411566972732544,57.10124536011497,57.67882835544586,56.73278704591354,57.469703674316406
2016-11-30,57.499576181442094,58.61491151284128,57.16099176670142,57.629032135009766,256722811,1.249219298362732,57.499576181442094,58.61491151284128,57.16099176670142,57.629032135009766
2016-12-01,57.2207370914462,58.30619851077509,56.69294521375491,57.350196838378906,205741088,1.2517211437225342,57.2207370914462,58.30619851077509,56.69294521375491,57.350196838378906
2016-12-02,57.06141235392713,57.45974834545039,56.84233097752154,57.31037139892578,103073770,1.2589701414108276,57.06141235392713,57.45974834545039,56.84233097752154,57.31037139892578
2016-12-05,56.842320006772425,58.575072498200655,56.69294308907804,58.0074462890625,146767858,1.266784906387329,56.842320006772425,58.575072498200655,56.69294308907804,58.0074462890625
2016-12-06,58.25640015199786,59.25223605203201,58.02735835084751,59.23231887817383,174633674,1.2728476524353027,58.25640015199786,59.25223605203201,58.02735835084751,59.23231887817383
2016-12-07,59.501200692342735,62.01070785522461,59.426512232966346,62.01070785522461,370832250,1.2671059370040894,59.501200692342735,62.01070785522461,59.426512232966346,62.01070785522461
2016-12-08,61.74183463661225,62.75758785584634,61.40823047408117,62.50862884521485,235906220,1.262785792350769,61.74183463661225,62.75758785584634,61.40823047408117,62.50862884521485
2016-12-09,62.399088975721874,62.514607086107546,61.08458564655112,61.4829216003418,164065362,1.2584948539733887,62.399088975721874,62.514607086107546,61.08458564655112,61.4829216003418
2016-12-12,61.48292176562837,61.8414195664279,60.82567009927608,61.124420166015625,194936330,1.2597631216049194,61.48292176562837,61.8414195664279,60.82567009927608,61.124420166015625
2016-12-13,60.76591895721274,62.45884107804231,60.58666815625354,62.289546966552734,199724112,1.2675877809524536,60.76591895721274,62.45884107804231,60.58666815625354,62.289546966552734
2016-12-14,62.18000143935408,63.93267121150528,62.06050217731976,62.4986686706543,263286881,1.2663036584854126,62.18000143935408,63.93267121150528,62.06050217731976,62.4986686706543
2016-12-15,62.81733001360896,64.10195922851562,61.940993363268085,64.10195922851562,284266833,1.253824234008789,62.81733001360896,64.10195922851562,61.940993363268085,64.10195922851562
2016-12-16,64.23142269908796,64.5650268510038,63.50844402296048,63.51441955566406,243881156,1.2423903942108154,64.23142269908796,64.5650268510038,63.50844402296048,63.51441955566406
2016-12-19,63.6239674854639,63.733510063696,62.140173831628886,62.289546966552734,134614659,1.248907208442688,63.6239674854639,63.733510063696,62.140173831628886,62.289546966552734
2016-12-20,62.1401710164201,64.36088115242377,61.98083740043187,63.67375564575195,220154253,1.2390038967132568,62.1401710164201,64.36088115242377,61.98083740043187,63.67375564575195
2016-12-21,63.663803239061856,64.27126387800675,63.30530162927055,64.01234436035156,127310426,1.2365524768829346,63.663803239061856,64.27126387800675,63.30530162927055,64.01234436035156
2016-12-22,63.56420734000676,63.99241708104364,63.374996087708496,63.733497619628906,92060297,1.2354830503463745,63.56420734000676,63.99241708104364,63.374996087708496,63.733497619628906
2016-12-23,63.673748699319184,63.803208435315405,63.384959163529736,63.53433227539063,29315559,1.2285012006759644,63.673748699319184,63.803208435315405,63.384959163529736,63.53433227539063
2016-12-28,63.22563358434108,63.47459260116603,62.837254327091145,63.28538131713867,90475680,1.227596402168274,63.22563358434108,63.47459260116603,62.837254327091145,63.28538131713867
2016-12-29,62.80737473528707,63.06629421651774,62.23974853257501,62.51858139038086,97643313,1.2224938869476318,62.80737473528707,63.06629421651774,62.23974853257501,62.51858139038086
2016-12-30,62.60821934369991,62.69784475152429,61.82549280806746,62.24971771240234,66003727,1.2288031578063965,62.60821934369991,62.69784475152429,61.82549280806746,62.24971771240234
2017-01-03,62.35924593802893,64.72933655557763,62.35924593802893,64.35092163085938,199032680,1.2281994819641113,62.35924593802893,64.72933655557763,62.35924593802893,64.35092163085938
2017-01-04,64.73931132608654,64.9285150313778,64.10197678719311,64.50030517578125,149207475,1.2245597839355469,64.73931132608654,64.9285150313778,64.10197678719311,64.50030517578125
2017-01-05,64.31110536664406,64.65964652658782,63.93268273788157,64.38081359863281,134256032,1.2326807975769043,64.31110536664406,64.65964652658782,63.93268273788157,64.38081359863281
2017-01-06,65.1973853012129,66.11355261416189,64.92850532173549,65.62559509277344,209162621,1.2425447702407837,65.1973853012129,66.11355261416189,64.92850532173549,65.62559509277344
2017-01-09,65.52601199779824,66.12351207972063,64.42063342731021,64.94842529296875,186782487,1.2260912656784058,65.52601199779824,66.12351207972063,64.42063342731021,64.94842529296875
2017-01-10,64.64967343113692,66.52185003543187,64.00237849023974,66.30276489257812,227609538,1.2173447608947754,64.64967343113692,66.52185003543187,64.00237849023974,66.30276489257812
2017-01-11,66.59155833013466,66.84051733863993,65.87156930300448,66.06375885009766,178089909,1.2174336910247803,66.59155833013466,66.84051733863993,65.87156930300448,66.06375885009766
2017-01-12,65.72519204629539,66.9699873502025,65.69730875304991,65.75506591796875,191814185,1.2214486598968506,65.72519204629539,66.9699873502025,65.69730875304991,65.75506591796875
2017-01-13,66.03388704304881,66.82059844616327,65.52601612015786,65.7650146484375,152550662,1.2165449857711792,66.03388704304881,66.82059844616327,65.52601612015786,65.7650146484375
2017-01-16,65.3766330293361,66.82059214853763,64.20154627940555,64.4206314086914,138991012,1.2039345502853394,65.3766330293361,66.82059214853763,64.20154627940555,64.4206314086914
2017-01-17,64.09200218101573,65.95421813775648,63.5642103445258,65.17745971679688,206820805,1.2040214538574219,64.09200218101573,65.95421813775648,63.5642103445258,65.17745971679688
2017-01-18,65.82475535570723,65.94425840590574,64.0850282946348,64.91854858398438,165490184,1.2388043403625488,65.82475535570723,65.94425840590574,64.0850282946348,64.91854858398438
2017-01-19,64.7393008134271,65.28700605761045,63.982463322279706,64.47042083740234,143368219,1.225970983505249,64.7393008134271,65.28700605761045,63.982463322279706,64.47042083740234
2017-01-20,64.92851296925288,65.2571407172652,64.3011389392876,64.79905700683594,169862612,1.2338367700576782,64.92851296925288,65.2571407172652,64.3011389392876,64.79905700683594
2017-01-23,64.33101539225925,64.92851557779684,63.623972619649926,64.13185119628906,148235562,1.2386969327926636,64.33101539225925,64.92851557779684,63.623972619649926,64.13185119628906
2017-01-24,64.55010322650827,64.96835261385792,63.7335178331758,63.93268203735352,135566267,1.2517211437225342,64.55010322650827,64.96835261385792,63.7335178331758,63.93268203735352
2017-01-25,64.55011691800347,65.47624509935964,64.00838317791766,65.26712036132812,156312987,1.2533055543899536,64.55011691800347,65.47624509935964,64.00838317791766,65.26712036132812
2017-01-26,65.62560542007509,66.71106320343564,65.42643362659582,65.89447784423828,181340001,1.2634079456329346,65.62560542007509,66.71106320343564,65.42643362659582,65.89447784423828
2017-01-27,65.77496916312684,66.22309231265852,64.8289204286564,65.59571838378906,124454836,1.2595410346984863,65.77496916312684,66.22309231265852,64.8289204286564,65.59571838378906
2017-01-30,65.2073510030789,65.46626291812125,64.56005602022006,64.63972473144531,153568514,1.2591921091079712,65.2073510030789,65.46626291812125,64.56005602022006,64.63972473144531
2017-01-31,64.72934567337661,65.66543402666281,64.58992922896714,64.65963745117188,152232343,1.25,64.72934567337661,65.66543402666281,64.58992922896714,64.65963745117188
2017-02-01,65.37664392109369,65.91439634685074,65.12768488681505,65.14759826660156,160896092,1.2589701414108276,65.37664392109369,65.91439634685074,65.12768488681505,65.14759826660156
2017-02-02,64.92849581260216,65.28699733431698,64.28120857392936,64.61978912353516,137384817,1.2661433219909668,64.92849581260216,65.28699733431698,64.28120857392936,64.61978912353516
2017-02-03,64.7293389676925,65.86459138177736,64.45448726357975,65.57579803466797,160854122,1.2520031929016113,64.7293389676925,65.86459138177736,64.45448726357975,65.57579803466797
2017-02-06,66.04384686982341,66.43222232349936,65.74509301424523,65.78492736816406,117547095,1.2484238147735596,66.04384686982341,66.43222232349936,65.74509301424523,65.78492736816406
2017-02-07,65.71521308955231,66.49196392529112,65.40650637217547,65.85462951660156,132980260,1.2468360662460327,65.71521308955231,66.49196392529112,65.40650637217547,65.85462951660156
2017-02-08,65.82476963936307,65.92435173732463,64.65964313819599,65.30693817138672,185830936,1.2496250867843628,65.82476963936307,65.92435173732463,64.65964313819599,65.30693817138672
2017-02-09,65.50607675646998,66.00399464923443,64.78907377526933,65.86457824707031,140079590,1.252803087234497,65.50607675646998,66.00399464923443,64.78907377526933,65.86457824707031
2017-02-10,66.27289849891005,66.33264623637858,65.12768541246,65.36668395996094,204865773,1.2498124837875366,66.27289849891005,66.33264623637858,65.12768541246,65.36668395996094
2017-02-13,65.39654725362163,65.82475703069755,65.03804569152899,65.57579803466797,101755755,1.2484550476074219,65.39654725362163,65.82475703069755,65.03804569152899,65.57579803466797
2017-02-14,65.69531094850885,66.40235369164206,65.4861862721703,66.21314239501953,126997306,1.2523010969161987,65.69531094850885,66.40235369164206,65.4861862721703,66.21314239501953
2017-02-15,66.47206835403647,67.6371949197328,66.23306978616664,67.18907165527344,162271697,1.2470382452011108,66.47206835403647,67.6371949197328,66.23306978616664,67.18907165527344
2017-02-16,67.21893735977797,67.52764412233793,66.80068801741417,66.96997833251953,161150695,1.2469760179519653,67.21893735977797,67.52764412233793,66.80068801741417,66.96997833251953
2017-02-17,67.18905694968176,67.31154587322393,66.0139701515394,66.58159637451172,160091153,1.2489228248596191,67.18905694968176,67.31154587322393,66.0139701515394,66.58159637451172
2017-02-20,66.60151302564343,67.44797975560847,66.60151302564343,67.0695571899414,137256943,1.2433944940567017,66.60151302564343,67.44797975560847,66.60151302564343,67.0695571899414
2017-02-21,66.62145272253511,67.34840899668531,66.26295103201807,66.49198913574219,232158414,1.2473337650299072,66.62145272253511,67.34840899668531,66.26295103201807,66.49198913574219
2017-02-22,68.76248737799371,69.72844203594059,67.95585495144039,69.40977478027344,511975058,1.248704433441162,68.76248737799371,69.72844203594059,67.95585495144039,69.40977478027344
2017-02-23,69.55913745260526,70.75414511449537,69.14088818987501,69.26039123535156,235507878,1.2453765869140625,69.55913745260526,70.75414511449537,69.14088818987501,69.26039123535156
2017-02-24,69.51930797191515,69.76727168024466,68.02555398817739,68.99151611328125,189023480,1.255618929862976,69.51930797191515,69.76727168024466,68.02555398817739,68.99151611328125
2017-02-27,69.2902648567407,69.90071123995435,68.66288336719849,68.9118423461914,165096352,1.2399563789367676,69.2902648567407,69.90071123995435,68.66288336719849,68.9118423461914
2017-02-28,69.16080695335698,69.32014435973906,68.15202460213689,68.3840560913086,210406757,1.2439358234405518,69.16080695335698,69.32014435973906,68.15202460213689,68.3840560913086
2017-03-01,68.7126821290844,69.12097852482762,68.13509544138081,68.5533447265625,267465647,1.2378076314926147,68.7126821290844,69.12097852482762,68.13509544138081,68.5533447265625
2017-03-02,68.24465476745877,69.21759173596854,68.08532492343015,68.62307739257812,239742633,1.227219820022583,68.24465476745877,69.21759173596854,68.08532492343015,68.62307739257812
2017-03-03,68.2645572245905,68.76247519822682,67.69792632746835,68.13509368896484,252258610,1.227475881576538,68.2645572245905,68.76247519822682,67.69792632746835,68.13509368896484
2017-03-06,68.03551418182961,68.11518288404868,66.92017514363955,67.22888946533203,181756306,1.23001229763031,68.03551418182961,68.11518288404868,66.92017514363955,67.22888946533203
2017-03-07,67.22889359326412,67.38822340985966,66.5815986438344,67.21893310546875,207044814,1.224289894104004,67.22889359326412,67.38822340985966,66.5815986438344,67.21893310546875
2017-03-08,67.42805079594702,68.63301137538943,67.11934408482446,68.02555084228516,190201717,1.2204499244689941,67.42805079594702,68.63301137538943,67.11934408482446,68.02555084228516
2017-03-09,68.01560550075713,68.50356303969174,67.75668599948267,68.26456451416016,242022026,1.217730164527893,68.01560550075713,68.50356303969174,67.75668599948267,68.26456451416016
2017-03-10,68.44380472749698,69.18072116592019,68.0454688481027,68.47367858886719,182739707,1.2157316207885742,68.44380472749698,69.18072116592019,68.0454688481027,68.47367858886719
2017-03-13,68.3243163783606,68.78240007901174,68.01560961431076,68.25460815429688,148278152,1.2171372175216675,68.3243163783606,68.78240007901174,68.01560961431076,68.25460815429688
2017-03-14,68.40398832051488,68.5244790864682,66.23804163159991,67.5674819946289,247649141,1.220598816871643,68.40398832051488,68.5244790864682,66.23804163159991,67.5674819946289
2017-03-15,67.76664916274696,68.81227250174466,67.6969409401471,67.9458999633789,210298371,1.2157464027404785,67.76664916274696,68.81227250174466,67.6969409401471,67.9458999633789
2017-03-16,68.6330201206727,69.4974096586326,67.92597742269092,69.29027557373047,306375330,1.2284257411956787,68.6330201206727,69.4974096586326,67.92597742269092,69.29027557373047
2017-03-17,69.39983357008713,69.81310654268097,68.74257797098524,69.05128479003906,539571870,1.2351168394088745,69.39983357008713,69.81310654268097,68.74257797098524,69.05128479003906
2017-03-20,68.86205954585698,69.42271113034565,68.46372363427788,69.01143646240234,111064688,1.2384514808654785,68.86205954585698,69.42271113034565,68.46372363427788,69.01143646240234
2017-03-21,69.31020090361199,69.76828466308409,67.91602864569003,68.45378112792969,202470795,1.2367054224014282,69.31020090361199,69.76828466308409,67.91602864569003,68.45378112792969
2017-03-22,67.94590407125112,69.4655434158021,67.00981565606507,67.34839630126953,197340686,1.2482056617736816,67.94590407125112,69.4655434158021,67.00981565606507,67.34839630126953
2017-03-23,67.45794351297766,68.31436327122586,67.05960750487638,68.14507293701172,163450943,1.2475050687789917,67.45794351297766,68.31436327122586,67.05960750487638,68.14507293701172
2017-03-24,68.00564586740188,68.32431310465688,67.71685249651043,67.76664733886719,121205907,1.251877784729004,68.00564586740188,68.32431310465688,67.71685249651043,67.76664733886719
2017-03-27,66.12352118330779,66.80069006208292,64.72934906846172,66.67122650146484,207841474,1.2514548301696777,66.12352118330779,66.80069006208292,64.72934906846172,66.67122650146484
2017-03-28,67.00981227753671,67.0795205008364,65.7251827930483,66.51189422607422,234262959,1.2557923793792725,67.00981227753671,67.0795205008364,65.7251827930483,66.51189422607422
2017-03-29,66.70110979777442,66.77081802554801,65.85962702117587,66.262939453125,180701538,1.2421433925628662,66.70110979777442,66.77081802554801,65.85962702117587,66.262939453125
2017-03-30,66.34259317838143,66.77080293726381,66.16334240495102,66.37246704101562,156183334,1.2440440654754639,66.34259317838143,66.77080293726381,66.16334240495102,66.37246704101562
2017-03-31,66.45215023180909,66.55173232818187,65.47921332044062,66.04385375976562,192894001,1.2478474378585815,66.45215023180909,66.55173232818187,65.47921332044062,66.04385375976562
2017-04-03,66.46210873887267,66.56468430892913,65.6554838131817,65.75506591796875,161836745,1.2540757656097412,66.46210873887267,66.56468430892913,65.6554838131817,65.75506591796875
2017-04-04,65.92435017150807,66.49197647379663,64.98826935575046,65.23722839355469,200125296,1.249219298362732,65.92435017150807,66.49197647379663,64.98826935575046,65.23722839355469
2017-04-05,65.57580967013712,65.82476871034085,65.2173080444336,65.2173080444336,179556183,1.2439976930618286,65.57580967013712,65.82476871034085,65.2173080444336,65.2173080444336
2017-04-06,63.416220591011154,65.54802887875142,62.539589394189214,63.34648895263672,231595960,1.248907208442688,63.416220591011154,65.54802887875142,62.539589394189214,63.34648895263672
2017-04-07,62.90817450584135,65.00013123236451,62.559512518028,62.77867126464844,219200835,1.246867299079895,62.90817450584135,65.00013123236451,62.559512518028,62.77867126464844
2017-04-10,62.73883158592199,63.216993076245416,62.43400358833968,62.80856323242188,192396695,1.2375165224075317,62.73883158592199,63.216993076245416,62.43400358833968,62.80856323242188
2017-04-11,62.80856573780269,63.16718781987282,62.43998362015944,62.71891021728516,209863508,1.2425447702407837,62.80856573780269,63.16718781987282,62.43998362015944,62.71891021728516
2017-04-12,62.91814282118874,63.32657266631955,62.25071025967072,62.30051803588867,172824062,1.2492347955703735,62.91814282118874,63.32657266631955,62.25071025967072,62.30051803588867
2017-04-13,62.31048053604232,62.798605882503445,62.0813617163042,62.46986770629883,138411450,1.2549885511398315,62.31048053604232,62.798605882503445,62.0813617163042,62.46986770629883
2017-04-18,62.6591389495322,62.6591389495322,61.5733127276057,61.96181869506836,225614785,1.2557765245437622,62.6591389495322,62.6591389495322,61.5733127276057,61.96181869506836
2017-04-19,61.81239002809339,66.12580710301413,61.81239002809339,63.41622543334961,249608075,1.2844555377960205,61.81239002809339,66.12580710301413,61.81239002809339,63.41622543334961
2017-04-20,63.366412094290894,64.49208212948105,63.35644826030062,63.8146858215332,193923045,1.2782330513000488,63.366412094290894,64.49208212948105,63.35644826030062,63.8146858215332
2017-04-21,63.9342297914913,64.35261962193182,63.21300324563328,64.12350463867188,222720686,1.2801966667175293,63.9342297914913,64.35261962193182,63.21300324563328,64.12350463867188
2017-04-24,65.458374142069,66.49439255608797,64.15339298987949,65.98634338378906,348651222,1.2826268672943115,65.458374142069,66.49439255608797,64.15339298987949,65.98634338378906
2017-04-25,65.98636120435957,66.89288041151194,63.21302470106696,66.69364166259766,224848928,1.2776614427566528,65.98636120435957,66.89288041151194,63.21302470106696,66.69364166259766
2017-04-26,66.8131611455619,67.24151480312972,66.10588093891336,67.15186309814453,217330666,1.283235788345337,66.8131611455619,67.24151480312972,66.10588093891336,67.15186309814453
2017-04-27,70.42927334776533,72.07295670712148,67.15187806540074,68.70590209960938,470342830,1.2848351001739502,70.42927334776533,72.07295670712148,67.15187806540074,68.70590209960938
2017-04-28,69.25377948850395,69.49286591402482,68.00856618958669,68.93500518798828,335905626,1.2893576622009277,69.25377948850395,69.49286591402482,68.00856618958669,68.93500518798828
2017-05-02,69.4131704388512,70.87754249440651,68.66604245950083,68.93500518798828,188536170,1.2897402048110962,69.4131704388512,70.87754249440651,68.66604245950083,68.93500518798828
2017-05-03,68.94498990530673,69.11433714121047,68.46683210979253,68.79556274414062,141685097,1.2941633462905884,68.94498990530673,69.11433714121047,68.46683210979253,68.79556274414062
2017-05-04,69.17409569377612,69.73892581711324,68.68098846225433,69.73194885253906,199141128,1.287166953086853,69.17409569377612,69.73892581711324,68.68098846225433,69.73194885253906
2017-05-05,69.89133981228807,70.66735611713125,69.31355898346685,69.73194885253906,181079665,1.2924906015396118,69.89133981228807,70.66735611713125,69.31355898346685,69.73194885253906
2017-05-08,70.01088273258125,70.03081040471756,68.98482802278383,69.1840591430664,117380741,1.296562910079956,70.01088273258125,70.03081040471756,68.98482802278383,69.1840591430664
2017-05-09,69.39326310532503,69.50283490357404,68.61325660922346,68.75570678710938,139357783,1.2943308353424072,69.39326310532503,69.50283490357404,68.61325660922346,68.75570678710938
2017-05-10,68.9250588276751,69.71203465735152,68.81547943365814,69.61241149902344,170734667,1.2948503494262695,68.9250588276751,69.71203465735152,68.81547943365814,69.61241149902344
2017-05-11,69.7319592100127,69.7319592100127,68.83540392870503,69.39326477050781,145129218,1.2930588722229004,69.7319592100127,69.7319592100127,68.83540392870503,69.39326477050781
2017-05-12,69.20396810267789,70.34956573498708,67.75951627057394,68.4369125366211,218904556,1.2891582250595093,69.20396810267789,70.34956573498708,67.75951627057394,68.4369125366211
2017-05-15,68.72582063052495,69.73195525583816,68.02850411803857,69.1242904663086,197415127,1.2886598110198975,68.72582063052495,69.73195525583816,68.02850411803857,69.1242904663086
2017-05-16,69.4430606209201,70.50896299716321,69.14421396226605,69.88137817382812,259016319,1.2903059720993042,69.4430606209201,70.50896299716321,69.14421396226605,69.88137817382812
2017-05-17,70.13041796104046,72.16260707675018,69.82159987961306,71.24612426757812,329178612,1.2916892766952515,70.13041796104046,72.16260707675018,69.82159987961306,71.24612426757812
2017-05-18,71.2262236465852,71.92354027857716,70.61855875291452,71.00706481933594,208806030,1.2970168590545654,71.2262236465852,71.92354027857716,70.61855875291452,71.00706481933594
2017-05-19,71.32583876563346,71.9235398178235,70.85763720136055,71.5051498413086,133588390,1.2958402633666992,71.32583876563346,71.9235398178235,70.85763720136055,71.5051498413086
2017-05-22,71.96338004339692,72.32200215724914,71.47525845516824,71.51510620117188,129788766,1.3012192249298096,71.96338004339692,72.32200215724914,71.47525845516824,71.51510620117188
2017-05-23,71.61471190254268,72.31202836111315,71.49516868099657,71.88368225097656,113739844,1.2995283603668213,71.61471190254268,72.31202836111315,71.49516868099657,71.88368225097656
2017-05-24,72.02315148735826,72.93962679431787,71.82391276833661,72.2921142578125,207528813,1.2956557273864746,72.02315148735826,72.93962679431787,71.82391276833661,72.2921142578125
2017-05-25,72.76030817936959,73.29824126450676,72.5311855763711,72.82007598876953,112329668,1.2980270385742188,72.76030817936959,73.29824126450676,72.5311855763711,72.82007598876953
2017-05-26,72.87984669142095,73.04919387390302,71.32581534577614,71.46527862548828,242691892,1.293326497077942,72.87984669142095,73.04919387390302,71.32581534577614,71.46527862548828
2017-05-30,71.22620601445573,71.42543711708174,70.75800456308724,70.84766387939453,144667757,1.281410574913025,71.22620601445573,71.42543711708174,70.75800456308724,70.84766387939453
2017-05-31,71.08675030636203,71.22621361311457,70.10054332284629,70.31969451904297,757140910,1.2809016704559326,71.08675030636203,71.22621361311457,70.10054332284629,70.31969451904297
2017-06-01,70.32966747126129,70.70821729595365,69.80169808438112,69.891357421875,216268677,1.2875481843948364,70.32966747126129,70.70821729595365,69.80169808438112,69.891357421875
2017-06-02,70.5487988204662,70.64940997987081,68.93499977570892,69.08442687988281,197022582,1.2888258695602417,70.5487988204662,70.64940997987081,68.93499977570892,69.08442687988281
2017-06-05,69.29363767645815,70.41931553256043,68.47677793318267,69.1242904663086,135644260,1.2870012521743774,69.29363767645815,70.41931553256043,68.47677793318267,69.1242904663086
2017-06-06,69.23387098023662,69.38728061546331,68.23770017476558,68.67601776123047,169367010,1.2907389402389526,69.23387098023662,69.38728061546331,68.23770017476558,68.67601776123047
2017-06-07,68.36719341143966,70.12045599730145,68.30742560061712,69.8116455078125,162476652,1.2906723022460938,68.36719341143966,70.12045599730145,68.30742560061712,69.8116455078125
2017-06-08,70.12045769397933,71.14750796240915,69.12826944931307,70.4491958618164,190671453,1.2962098121643066,70.12045769397933,71.14750796240915,69.12826944931307,70.4491958618164
2017-06-09,68.7357858259781,69.85548236258816,66.7434442078338,69.7419204711914,310816785,1.2722970247268677,68.7357858259781,69.85548236258816,66.7434442078338,69.7419204711914
2017-06-12,69.70205935731593,69.73194325982726,68.60627319755437,68.83538818359375,160524047,1.2739177942276,69.70205935731593,69.73194325982726,68.60627319755437,68.83538818359375
2017-06-13,69.15416261094141,69.53271231062612,68.23768746465606,68.32733917236328,161634765,1.2669775485992432,69.15416261094141,69.53271231062612,68.23768746465606,68.32733917236328
2017-06-14,68.0882732132189,68.33432904445712,67.37102901536208,67.63999938964844,247984792,1.2750548124313354,68.0882732132189,68.33432904445712,67.37102901536208,67.63999938964844
2017-06-15,67.83922416203976,68.00857135952317,66.74343789572787,67.72964477539062,282736367,1.2754452228546143,67.83922416203976,68.00857135952317,66.74343789572787,67.72964477539062
2017-06-16,67.80935581361722,68.27755737304688,67.6997764018281,68.27755737304688,632154143,1.275835633277893,67.80935581361722,68.27755737304688,67.6997764018281,68.27755737304688
2017-06-19,68.73576673641584,69.13423646941618,68.20978881690525,68.4369125366211,28441840,1.277955174446106,68.73576673641584,69.13423646941618,68.20978881690525,68.4369125366211
2017-06-20,68.44688990999133,68.54650546290262,66.75340270996094,66.75340270996094,104496986,1.273236632347107,68.44688990999133,68.54650546290262,66.75340270996094,66.75340270996094
2017-06-21,66.72352872189751,67.43080913293123,65.86682115919623,66.91279602050781,54041362,1.263248324394226,66.72352872189751,67.43080913293123,65.86682115919623,66.91279602050781
2017-06-22,67.16183627929378,67.16183627929378,65.79409262011133,66.74344635009766,65506872,1.2675718069076538,67.16183627929378,67.16183627929378,65.79409262011133,66.74344635009766
2017-06-23,66.59400691669235,66.89286115393699,66.2752326103816,66.4246597290039,47989727,1.267812728881836,66.59400691669235,66.89286115393699,66.2752326103816,66.4246597290039
2017-06-26,66.73347880529235,66.99248533762201,66.1357778539146,66.22643280029297,43722587,1.2743399143218994,66.73347880529235,66.99248533762201,66.1357778539146,66.22643280029297
2017-06-27,65.8966853817373,66.68366105189543,65.72733820719372,65.81798553466797,36869932,1.2724589109420776,65.8966853817373,66.68366105189543,65.72733820719372,65.81798553466797
2017-06-28,66.49439018969814,66.62388963677475,65.81699385079968,66.34496307373047,43732385,1.281295657157898,66.49439018969814,66.62388963677475,65.81699385079968,66.34496307373047
2017-06-29,66.93271578440658,67.46068507108276,66.75340474363168,66.89286804199219,66562397,1.2941465377807617,66.93271578440658,67.46068507108276,66.75340474363168,66.89286804199219
2017-06-30,67.0422881422922,67.33017532073158,65.82695872678795,65.89669036865234,167436035,1.3011176586151123,67.0422881422922,67.33017532073158,65.82695872678795,65.89669036865234
2017-07-03,65.92656726283847,66.97254937977242,65.89668336238519,66.45453643798828,118377851,1.301642656326294,65.92656726283847,66.97254937977242,65.89668336238519,66.45453643798828
2017-07-04,66.394775390625,66.394775390625,66.394775390625,66.394775390625,137581825,1.2948671579360962,66.394775390625,66.394775390625,66.394775390625,66.394775390625
2017-07-05,66.36489270043197,66.43462434325016,65.09975169478581,65.4384536743164,253063632,1.2934937477111816,66.36489270043197,66.43462434325016,65.09975169478581,65.4384536743164
2017-07-06,65.39860516807174,66.53423910931501,65.11967860007219,66.4246597290039,154390604,1.2931759357452393,65.39860516807174,66.53423910931501,65.11967860007219,66.4246597290039
2017-07-07,66.54420839268909,66.72351942968237,66.14573857712851,66.27523803710938,111179995,1.2973533868789673,66.54420839268909,66.72351942968237,66.14573857712851,66.27523803710938
2017-07-10,66.73348377865993,66.8231431081475,65.35877072802153,66.30513000488281,117499059,1.2891249656677246,66.73348377865993,66.8231431081475,65.35877072802153,66.30513000488281
2017-07-11,66.65377322990615,66.70357719586562,65.2093214138789,65.29898071289062,105569511,1.2891249656677246,66.65377322990615,66.70357719586562,65.2093214138789,65.29898071289062
2017-07-12,66.10589133923591,66.26527470656679,65.44841499852451,65.78711700439453,113112060,1.2859586477279663,66.10589133923591,66.26527470656679,65.44841499852451,65.78711700439453
2017-07-13,65.99631641181207,67.84919473342603,65.94650483105184,67.14191436767578,177575363,1.2893743515014648,65.99631641181207,67.84919473342603,65.94650483105184,67.14191436767578
2017-07-14,67.7396085689928,67.7396085689928,66.55416298697801,66.68367004394531,228877050,1.294716238975525,67.7396085689928,67.7396085689928,66.55416298697801,66.68367004394531
2017-07-17,67.00245476994304,67.06222259001898,65.92260591286929,66.8729476928711,114770867,1.311131477355957,67.00245476994304,67.06222259001898,65.92260591286929,66.8729476928711
2017-07-18,66.76335733685082,66.95263220294844,66.4137034864779,66.6438217163086,107035148,1.3053126335144043,66.76335733685082,66.95263220294844,66.4137034864779,66.6438217163086
2017-07-19,66.95264167685329,67.82628241475052,66.49440399951499,67.8193130493164,136715742,1.303865909576416,66.95264167685329,67.82628241475052,66.49440399951499,67.8193130493164
2017-07-20,68.0384426917733,68.75567900966293,67.6798207327399,68.42694854736328,138097799,1.3032711744308472,68.0384426917733,68.75567900966293,67.6798207327399,68.42694854736328
2017-07-21,68.47676688892415,68.47676688892415,67.37500697689272,67.84918212890625,112162050,1.2965459823608398,68.47676688892415,68.47676688892415,67.37500697689272,67.84918212890625
2017-07-24,67.83923801058916,68.04843299139316,67.26145705397946,67.63004302978516,180762669,1.3004746437072754,67.83923801058916,68.04843299139316,67.26145705397946,67.63004302978516
2017-07-25,67.73960058239923,68.83538671884351,67.6101011408795,68.73577117919922,139578142,1.3031013011932373,67.73960058239923,68.83538671884351,67.6101011408795,68.73577117919922
2017-07-26,68.55646134680029,69.0346265855663,67.85914495711927,68.81546783447266,136794469,1.3027619123458862,68.55646134680029,69.0346265855663,67.85914495711927,68.81546783447266
2017-07-27,68.98481467918113,69.18404576092682,66.59400369733986,67.24151611328125,283995738,1.311475396156311,68.98481467918113,69.18404576092682,66.59400369733986,67.24151611328125
2017-07-28,67.15186497942314,67.15186497942314,66.10588279088847,66.24534606933594,213330895,1.3076680898666382,67.15186497942314,67.15186497942314,66.10588279088847,66.24534606933594
2017-07-31,66.06603682943465,66.4894123933559,65.2790611083749,65.32887268066406,241629022,1.3144922256469727,66.06603682943465,66.4894123933559,65.2790611083749,65.32887268066406
2017-08-01,65.54801597082997,65.67751538797289,65.12961862279693,65.31889343261719,139583894,1.3195397853851318,65.54801597082997,65.67751538797289,65.12961862279693,65.31889343261719
2017-08-02,65.43847468298557,65.60284380815095,64.68038697970977,65.30896759033203,163188958,1.3207945823669434,65.43847468298557,65.60284380815095,64.68038697970977,65.30896759033203
2017-08-03,65.23921177018043,66.74343153430205,65.02005301777055,66.25531005859375,178880725,1.3228389024734497,65.23921177018043,66.74343153430205,65.02005301777055,66.25531005859375
2017-08-04,66.3847986593081,66.89284772052606,65.99629278901715,66.55414581298828,161938204,1.314405918121338,66.3847986593081,66.89284772052606,65.99629278901715,66.55414581298828
2017-08-07,66.95262629579913,66.95262629579913,65.99630341493993,66.24534606933594,84903112,1.3046995401382446,66.95262629579913,66.95262629579913,65.99630341493993,66.24534606933594
2017-08-08,66.33500128107445,67.12197702256037,66.15569785660888,67.00244140625,116258680,1.3037809133529663,66.33500128107445,67.12197702256037,66.15569785660888,67.00244140625
2017-08-09,66.56412638977305,66.70358968084774,65.96642548514163,66.6537857055664,169432544,1.2986170053482056,66.56412638977305,66.70358968084774,65.96642548514163,66.6537857055664
2017-08-10,65.36853592326882,66.33496724549538,64.33236252631025,64.5914077758789,143407432,1.3014055490493774,65.36853592326882,66.33496724549538,64.33236252631025,64.5914077758789
2017-08-11,64.18289286997427,64.76075993680256,63.61499112535024,64.40208435058594,129037319,1.2976733446121216,64.18289286997427,64.76075993680256,63.61499112535024,64.40208435058594
2017-08-14,64.51168872988109,65.25892836767893,64.42501093864361,64.62128448486328,81838354,1.3005930185317993,64.51168872988109,65.25892836767893,64.42501093864361,64.62128448486328
2017-08-15,64.76078490991986,65.51799006185065,64.56949017666193,65.3486099243164,79994858,1.2965123653411865,64.76078490991986,65.51799006185065,64.56949017666193,65.3486099243164
2017-08-16,65.3785000107309,65.60764927994767,65.09852834338561,65.10948944091797,92208792,1.2867032289505005,65.3785000107309,65.60764927994767,65.09852834338561,65.10948944091797
2017-08-17,65.20913333098756,65.47814395625565,64.14307135975346,64.16300201416016,109602244,1.2891582250595093,65.20913333098756,65.47814395625565,64.14307135975346,64.16300201416016
2017-08-18,63.61500125853896,64.06334961338365,63.40577506680405,63.674781799316406,183023393,1.2865046262741089,63.61500125853896,64.06334961338365,63.40577506680405,63.674781799316406
2017-08-21,63.37588584887184,64.35227473057216,63.33404061108468,64.33235168457031,111460206,1.2873657941818237,63.37588584887184,64.35227473057216,63.33404061108468,64.33235168457031
2017-08-22,64.51169506164455,65.03974324130546,64.11117415080052,64.80062866210938,153700027,1.289823293685913,64.51169506164455,65.03974324130546,64.11117415080052,64.80062866210938
2017-08-23,64.78068786921754,65.6176001673268,64.61131538553012,65.15929412841797,114591688,1.2823965549468994,64.78068786921754,65.6176001673268,64.61131538553012,65.15929412841797
2017-08-24,64.95006628100843,65.32866492914135,64.41205287493699,64.49176025390625,238366855,1.28037691116333,64.95006628100843,65.32866492914135,64.41205287493699,64.49176025390625
2017-08-25,64.6511890378748,65.03975313869122,64.49178182792485,64.6711196899414,70358529,1.280393362045288,64.6511890378748,65.03975313869122,64.49178182792485,64.6711196899414
2017-08-29,64.53162544814708,64.62129817636568,62.91559700785032,63.615013122558594,146204453,1.2927078008651733,64.53162544814708,64.62129817636568,62.91559700785032,63.615013122558594
2017-08-30,64.36224055731239,64.36224055731239,62.96739548618043,63.36592102050781,141010533,1.292657732963562,64.36224055731239,64.36224055731239,62.96739548618043,63.36592102050781
2017-08-31,63.565186678265206,65.0198161131608,63.02717320785139,63.58511352539063,135726116,1.2920564413070679,63.565186678265206,65.0198161131608,63.02717320785139,63.58511352539063
2017-09-01,63.48548528117924,63.89397235904519,63.28223371388067,63.45559310913086,95812758,1.2941633462905884,63.48548528117924,63.89397235904519,63.28223371388067,63.45559310913086
2017-09-04,62.76813097287413,63.41574019365088,62.76813097287413,63.16666030883789,62712884,1.2965123653411865,62.76813097287413,63.41574019365088,62.76813097287413,63.16666030883789
2017-09-05,63.37588862974996,63.41574232481715,62.644588907962905,62.86776351928711,105547455,1.2924071550369263,63.37588862974996,63.41574232481715,62.644588907962905,62.86776351928711
2017-09-06,62.41942942578139,63.06703493690436,62.269979953629495,62.81795501708984,104623681,1.3041210174560547,62.41942942578139,63.06703493690436,62.269979953629495,62.81795501708984
2017-09-07,62.827912508289295,63.10688076748668,61.97107708286019,62.84783935546875,145478705,1.3049719333648682,62.827912508289295,63.10688076748668,61.97107708286019,62.84783935546875
2017-09-08,62.78805397047263,63.74451975735994,62.47919356400275,63.53529357910156,99328329,1.3104785680770874,62.78805397047263,63.74451975735994,62.47919356400275,63.53529357910156
2017-09-11,63.79434619868915,63.95376099188393,62.83788024346762,63.39582061767578,103940299,1.3197661638259888,63.79434619868915,63.95376099188393,62.83788024346762,63.39582061767578
2017-09-12,63.45559129478926,64.78069433087984,63.41574140096016,64.60135650634766,136120817,1.3169677257537842,63.45559129478926,64.78069433087984,63.41574140096016,64.60135650634766
2017-09-13,64.59139528067173,64.96002863237909,63.98363977501332,64.7408447265625,139312075,1.3289213180541992,64.59139528067173,64.96002863237909,63.98363977501332,64.7408447265625
2017-09-14,64.65114980919648,66.40467366255152,63.9537294363739,66.15559387207031,282109541,1.3206027746200562,64.65114980919648,66.40467366255152,63.9537294363739,66.15559387207031
2017-09-15,66.68366485690663,66.68366485690663,65.029770827912,65.07958984375,274177581,1.3399077653884888,66.68366485690663,66.68366485690663,65.029770827912,65.07958984375
2017-09-18,65.40838748629051,65.74713252354543,65.00985810027852,65.05967712402344,129148893,1.3575152158737183,65.40838748629051,65.74713252354543,65.00985810027852,65.05967712402344
2017-09-19,65.35855838296861,65.96631389261297,65.1194438287639,65.75708770751953,161681506,1.3516618013381958,65.35855838296861,65.96631389261297,65.1194438287639,65.75708770751953
2017-09-20,65.83678819464737,65.83678819464737,64.82053814345431,65.46814727783203,151531185,1.3515340089797974,65.83678819464737,65.83678819464737,64.82053814345431,65.46814727783203
2017-09-21,65.55783050557842,67.2515707278273,65.35856203152174,67.20175170898438,168702589,1.3489633798599243,65.55783050557842,67.2515707278273,65.35856203152174,67.20175170898438
2017-09-22,67.2017479116946,67.24160160425397,65.55782680117974,66.66374206542969,113526781,1.3579760789871216,67.2017479116946,67.24160160425397,65.55782680117974,66.66374206542969
2017-09-25,66.5142794271382,66.53420246880931,65.52393474680147,65.62755584716797,106611008,1.3507307767868042,66.5142794271382,66.53420246880931,65.52393474680147,65.62755584716797
2017-09-26,65.67737850987763,65.71723220136435,64.54157490710625,64.75080108642578,143891567,1.3477815389633179,65.67737850987763,65.71723220136435,64.54157490710625,64.75080108642578
2017-09-27,65.15931897552417,67.18184703200731,65.05968851191106,66.95269012451172,217557626,1.3448090553283691,65.15931897552417,67.18184703200731,65.05968851191106,66.95269012451172
2017-09-28,67.74973089416685,67.74973089416685,66.31502827810483,66.97260284423828,150290142,1.3398897647857666,67.74973089416685,67.74973089416685,66.31502827810483,66.97260284423828
2017-09-29,66.9128262958001,67.81947315623303,66.62389270693474,67.48072814941406,133132730,1.343021035194397,66.9128262958001,67.81947315623303,66.62389270693474,67.48072814941406
2017-10-02,67.39104814316077,67.79954277328216,66.69362755675145,67.2515640258789,144501789,1.3394052982330322,67.39104814316077,67.79954277328216,66.69362755675145,67.2515640258789
2017-10-03,67.33128087089416,67.66006816554679,67.0224166238044,67.35120391845703,130893169,1.3275628089904785,67.33128087089416,67.66006816554679,67.0224166238044,67.35120391845703
2017-10-04,67.15194303756684,67.65010284110767,66.90286313579642,67.35120391845703,170084457,1.3241175413131714,67.15194303756684,67.65010284110767,66.90286313579642,67.35120391845703
2017-10-05,67.43090581224845,67.57038993775953,66.38476726960073,67.05230712890625,128618354,1.323276400566101,67.43090581224845,67.57038993775953,66.38476726960073,67.05230712890625
2017-10-06,67.25157814487716,67.25157814487716,66.01215318389052,66.35488891601562,151534010,1.3112690448760986,67.25157814487716,67.25157814487716,66.01215318389052,66.35488891601562
2017-10-09,66.24529987297447,67.20276171963224,65.91652012342313,66.30508422851562,194580385,1.3084039688110352,66.24529987297447,67.20276171963224,65.91652012342313,66.30508422851562
2017-10-10,67.35120239481031,67.69991272913715,66.38477118159365,66.85304260253906,248575803,1.314405918121338,67.35120239481031,67.69991272913715,66.38477118159365,66.85304260253906
2017-10-11,67.00249638951811,67.05231541249012,65.85672727300299,66.25525665283203,344455772,1.3211086988449097,67.00249638951811,67.05231541249012,65.85672727300299,66.25525665283203
2017-10-12,66.5840479854878,66.59400570963149,65.79695450311701,66.05599975585938,173345122,1.3239772319793701,66.5840479854878,66.59400570963149,65.79695450311701,66.05599975585938
2017-10-13,65.92648134210253,66.38478755185098,65.59769397381004,65.65747833251953,102670510,1.326435923576355,65.92648134210253,66.38478755185098,65.59769397381004,65.65747833251953
2017-10-16,65.74713935171769,65.74713935171769,64.94012277218462,65.3486099243164,122810223,1.3288860321044922,65.74713935171769,65.74713935171769,64.94012277218462,65.3486099243164
2017-10-17,65.35855986099212,66.65377829474413,65.15929899486787,66.08587646484375,357858465,1.3252933025360107,65.35855986099212,66.65377829474413,65.15929899486787,66.08587646484375
2017-10-18,66.24528517889057,66.70957349757765,65.58771822432828,66.58403778076172,130916766,1.319487452507019,66.24528517889057,66.70957349757765,65.58771822432828,66.58403778076172
2017-10-19,66.33496685881894,66.78330767929475,66.01614486171447,66.74345397949219,125914574,1.321300745010376,66.33496685881894,66.78330767929475,66.01614486171447,66.74345397949219
2017-10-20,67.00249788654384,67.30836723505783,66.65378752189564,66.75341796875,138803272,1.3150626420974731,67.00249788654384,67.30836723505783,66.65378752189564,66.75341796875
2017-10-23,66.75341796875,67.02541585383352,66.24529280808213,66.75341796875,107803109,1.3189828395843506,66.75341796875,67.02541585383352,66.24529280808213,66.75341796875
2017-10-24,66.75341005062907,67.39105395644033,66.64381429169448,67.15193939208984,136997585,1.3206549882888794,66.75341005062907,67.39105395644033,66.64381429169448,67.15193939208984
2017-10-25,65.90652879607713,67.97887493987379,65.29877336350874,67.68994140625,280165114,1.3131976127624512,65.90652879607713,67.97887493987379,65.29877336350874,67.68994140625
2017-10-26,67.94899860234473,68.75602270570762,67.06925271016519,68.67631530761719,265369616,1.327351450920105,67.94899860234473,68.75602270570762,67.06925271016519,68.67631530761719
2017-10-27,68.94532098563246,69.40363474201659,68.54280849115858,68.6563949584961,160741169,1.3130252361297607,68.94532098563246,69.40363474201659,68.54280849115858,68.6563949584961
2017-10-30,68.52685925374101,68.86561186242638,67.71984282921709,67.81947326660156,126623027,1.3134045600891113,68.52685925374101,68.86561186242638,67.71984282921709,67.81947326660156
2017-10-31,67.63015592342606,68.06555156128898,67.46078345528134,68.03865051269531,108824286,1.3212482929229736,67.63015592342606,68.06555156128898,67.46078345528134,68.03865051269531
2017-11-01,68.4869990103161,68.80582094025216,68.05858132934128,68.37740325927734,135551958,1.3292216062545776,68.4869990103161,68.80582094025216,68.05858132934128,68.37740325927734
2017-11-02,68.24787782907462,68.52983335675627,66.80321776226931,67.68994140625,185023391,1.3255391120910645,68.24787782907462,68.52983335675627,66.80321776226931,67.68994140625
2017-11-03,67.74973095034474,67.84936138736164,66.932749204702,67.14197540283203,104694992,1.30532968044281,67.74973095034474,67.84936138736164,66.932749204702,67.14197540283203
2017-11-06,67.27149258607362,67.67002192583098,67.02839493372892,67.55046844482422,127244876,1.30804443359375,67.27149258607362,67.67002192583098,67.02839493372892,67.55046844482422
2017-11-07,67.78958144965256,67.78958144965256,66.75340823063125,67.05230712890625,111706273,1.3175057172775269,67.78958144965256,67.78958144965256,66.75340823063125,67.05230712890625
2017-11-08,66.83311900973813,66.9197968061384,66.23532878415658,66.5740737915039,136851943,1.3172106742858887,66.83311900973813,66.9197968061384,66.23532878415658,66.5740737915039
2017-11-09,66.63383878150651,67.05229870679375,66.1157560377271,66.43457794189453,91080495,1.3113033771514893,66.63383878150651,67.05229870679375,66.1157560377271,66.43457794189453
2017-11-10,66.33498203414067,66.73351152202106,66.11579043574055,66.2353515625,93188086,1.3144404888153076,66.33498203414067,66.73351152202106,66.11579043574055,66.2353515625
2017-11-13,66.34491590507162,66.59399579527172,65.67738362365091,66.18550872802734,99826393,1.312026023864746,66.34491590507162,66.59399579527172,65.67738362365091,66.18550872802734
2017-11-14,66.15563654056855,66.63386579000199,66.00618704962677,66.40471649169922,156369509,1.3123359680175781,66.15563654056855,66.63386579000199,66.00618704962677,66.40471649169922
2017-11-15,66.06594892255963,66.18551000864245,65.51797771430574,66.00617218017578,124349495,1.3157894611358643,66.06594892255963,66.18551000864245,65.51797771430574,66.00617218017578
2017-11-16,66.15561659777646,66.26022588897914,65.50800739979692,65.81686401367188,90998842,1.3157894611358643,66.15561659777646,66.26022588897914,65.50800739979692,65.81686401367188
2017-11-17,65.66743155293193,66.07591865533446,65.35856729360589,65.74713134765625,93419375,1.3200448751449585,65.66743155293193,66.07591865533446,65.35856729360589,65.74713134765625
2017-11-20,65.8567173025211,66.22535825328224,65.71723318089572,65.87664794921875,60123171,1.3202714920043945,65.8567173025211,66.22535825328224,65.71723318089572,65.87664794921875
2017-11-21,65.68735273354805,65.93643263810401,65.4781265258789,65.4781265258789,97851330,1.3245033025741577,65.68735273354805,65.93643263810401,65.4781265258789,65.4781265258789
2017-11-22,65.47814045902518,65.96633504746984,65.40839837496165,65.65747833251953,127260474,1.3245558738708496,65.47814045902518,65.96633504746984,65.40839837496165,65.65747833251953
2017-11-23,65.49804957366459,65.69731805809862,65.22904662132295,65.4781265258789,63132580,1.3316820859909058,65.49804957366459,65.69731805809862,65.22904662132295,65.4781265258789
2017-11-24,65.50802616043224,65.87666721902582,65.23902316184329,65.84677124023438,81512455,1.330672025680542,65.50802616043224,65.87666721902582,65.23902316184329,65.84677124023438
2017-11-27,65.50801526228447,65.9165099566579,65.21908165923593,65.24897003173828,100896844,1.3324450254440308,65.50801526228447,65.9165099566579,65.21908165923593,65.24897003173828
2017-11-28,64.81059932541268,65.15930969907276,63.32608130470685,64.5914077758789,275912637,1.3322319984436035,64.81059932541268,65.15930969907276,63.32608130470685,64.5914077758789
2017-11-29,65.3087518072873,67.14197619421421,65.00985289139847,66.85304260253906,290268300,1.3365410566329956,65.3087518072873,67.14197619421421,65.00985289139847,66.85304260253906
2017-11-30,66.28513583199079,67.16190186626574,65.63752662975986,65.75708770751953,244466005,1.3417235612869263,66.28513583199079,67.16190186626574,65.63752662975986,65.75708770751953
2017-12-01,65.63753430408958,65.83680279032079,64.4519191166048,64.5116958618164,195578128,1.3529969453811646,65.63753430408958,65.83680279032079,64.4519191166048,64.5116958618164
2017-12-04,64.97995898264372,65.41834199490539,64.60135270793972,65.13936614990234,136726361,1.349400281906128,64.97995898264372,65.41834199490539,64.60135270793972,65.13936614990234
2017-12-05,65.358573386161,65.4681691656033,64.3622536467338,64.91023254394531,175591028,1.347527265548706,65.358573386161,65.4681691656033,64.3622536467338,64.91023254394531
2017-12-06,64.76076767651084,65.01981287558495,64.25264260175783,64.57146453857422,87029408,1.341525673866272,64.76076767651084,65.01981287558495,64.25264260175783,64.57146453857422
2017-12-07,64.79065819241991,64.86040025586854,64.0633491880721,64.27257537841797,123945668,1.3392258882522583,64.79065819241991,64.86040025586854,64.0633491880721,64.27257537841797
2017-12-08,65.14931672900798,67.23162796467835,65.00983263873105,66.55413055419922,338056730,1.348435878753662,65.14931672900798,67.23162796467835,65.00983263873105,66.55413055419922
2017-12-11,66.97260443342448,67.50065260288979,66.31502985168751,66.39473724365234,171407547,1.3392080068588257,66.97260443342448,67.50065260288979,66.31502985168751,66.39473724365234
2017-12-12,66.28513864451128,67.15193939208984,65.85672093267107,67.15193939208984,222198306,1.334935188293457,66.28513864451128,67.15193939208984,65.85672093267107,67.15193939208984
2017-12-13,67.02241102962917,67.49068242208268,66.34491344930987,67.19477844238281,162442751,1.331948161125183,67.02241102962917,67.49068242208268,66.34491344930987,67.19477844238281
2017-12-14,66.63384264419352,66.96262988979512,66.0659408569336,66.0659408569336,117402428,1.3409678936004639,66.63384264419352,66.96262988979512,66.0659408569336,66.0659408569336
2017-12-15,65.99620826966527,66.2851418662348,65.60764423321686,66.16558837890625,197475486,1.3432915210723877,65.99620826966527,66.2851418662348,65.60764423321686,66.16558837890625
2017-12-18,66.64378705081506,66.75338276495202,65.99617808581807,66.50430297851562,79383451,1.3317352533340454,66.64378705081506,66.75338276495202,65.99617808581807,66.50430297851562
2017-12-19,66.16558817442443,67.14197712406157,66.16558817442443,66.90286254882812,108599553,1.3380789756774902,66.16558817442443,67.14197712406157,66.16558817442443,66.90286254882812
2017-12-20,66.68364960839315,66.87295270371219,66.08585956160651,66.3249740600586,91752258,1.3386881351470947,66.68364960839315,66.87295270371219,66.08585956160651,66.3249740600586
2017-12-21,66.46448086706552,67.29142797509814,66.18551258997391,67.06227111816406,112134016,1.3372023105621338,66.46448086706552,67.29142797509814,66.18551258997391,67.06227111816406
2017-12-22,66.63383638149146,67.19178039467383,66.49435227852426,66.9626235961914,32595445,1.338043212890625,66.63383638149146,67.19178039467383,66.49435227852426,66.9626235961914
2017-12-27,67.25158739360157,67.6600821656615,66.89291165273035,67.53055572509766,90808192,1.337470531463623,67.25158739360157,67.6600821656615,66.89291165273035,67.53055572509766
2017-12-28,67.48073437539406,67.67999526822315,67.20175848359118,67.32131958007812,52007287,1.3403927087783813,67.48073437539406,67.67999526822315,67.20175848359118,67.32131958007812
2017-12-29,67.3312877035459,67.84937060722366,67.13201920111895,67.80951690673828,56245874,1.344085931777954,67.3312877035459,67.84937060722366,67.13201920111895,67.80951690673828
2018-01-02,67.94899599864334,68.47705178977128,67.181833225038,67.45083618164062,125462019,1.3511322736740112,67.94899599864334,68.47705178977128,67.181833225038,67.45083618164062
2018-01-03,67.56041701013056,67.64012438754138,66.97259220468212,67.22167205810547,109305648,1.359619379043579,67.56041701013056,67.64012438754138,66.97259220468212,67.22167205810547
2018-01-04,67.77962853170327,68.1881232606914,67.30139932851088,67.80951690673828,115241609,1.3511322736740112,67.77962853170327,68.1881232606914,67.30139932851088,67.80951690673828
2018-01-05,68.00877641855266,68.00877641855266,67.46079761096534,67.81947326660156,125031209,1.3552889823913574,68.00877641855266,68.00877641855266,67.46079761096534,67.81947326660156
2018-01-08,68.10841585972062,68.17815793524102,67.67999808114787,67.80951690673828,86290911,1.3575890064239502,68.10841585972062,68.17815793524102,67.67999808114787,67.80951690673828
2018-01-09,69.07484728725224,69.13462403740394,67.92907810100925,68.14826965332031,150469987,1.3571282625198364,69.07484728725224,69.13462403740394,67.92907810100925,68.14826965332031
2018-01-10,67.9091383384066,69.00508822892358,67.85931932466363,68.72611999511719,190385573,1.353234887123108,67.9091383384066,69.00508822892358,67.85931932466363,68.72611999511719
2018-01-11,68.91543859047478,69.71249746925267,68.45713239563838,69.57301330566406,197471936,1.351278305053711,68.91543859047478,69.71249746925267,68.45713239563838,69.57301330566406
2018-01-12,69.74237212052583,70.41986975374925,69.43351547641296,70.24053192138672,186339433,1.3541878461837769,69.74237212052583,70.41986975374925,69.43351547641296,70.24053192138672
2018-01-15,70.24052612349051,70.45971763398693,70.06118830593114,70.34015655517578,106507856,1.3733056783676147,70.24052612349051,70.45971763398693,70.06118830593114,70.34015655517578
2018-01-16,69.90178823431005,70.30031000152266,69.40362842397882,70.2305679321289,206626672,1.379824161529541,69.90178823431005,70.30031000152266,69.40362842397882,70.2305679321289
2018-01-17,70.43979458065827,70.68887448738099,69.67263181253112,70.17079162597656,179104014,1.3798813819885254,70.43979458065827,70.68887448738099,69.67263181253112,70.17079162597656
2018-01-18,70.08110526498243,70.66893768310547,69.82206768536186,70.66893768310547,152312343,1.382800817489624,70.08110526498243,70.66893768310547,69.82206768536186,70.66893768310547
2018-01-19,70.95789656009218,71.40623742443414,70.29036412604817,71.2169418334961,170729923,1.3894678354263306,70.95789656009218,71.40623742443414,70.29036412604817,71.2169418334961
2018-01-22,71.09735452073032,71.69514465332031,70.9080513982398,71.69514465332031,184549567,1.3891589641571045,71.09735452073032,71.69514465332031,70.9080513982398,71.69514465332031
2018-01-23,71.9442335920633,72.41250499546359,71.64534228868845,71.85456848144531,221113266,1.3984841108322144,71.9442335920633,72.41250499546359,71.64534228868845,71.85456848144531
2018-01-24,72.34276377877136,72.34276377877136,71.50585139662387,71.7350082397461,175500334,1.401738166809082,72.34276377877136,72.34276377877136,71.50585139662387,71.7350082397461
2018-01-25,71.73500205592106,71.90437454201543,70.7984593188815,70.98776245117188,178643920,1.4220906496047974,71.73500205592106,71.90437454201543,70.7984593188815,70.98776245117188
2018-01-26,71.39626341462528,71.93426928859445,70.88813830997105,70.99773406982422,166801152,1.4150274991989136,71.39626341462528,71.93426928859445,70.88813830997105,70.99773406982422
2018-01-29,70.9977332883496,71.49589306353892,70.9279912238757,71.28666687011719,151379791,1.4149274826049805,70.9977332883496,71.49589306353892,70.9279912238757,71.28666687011719
2018-01-30,70.98777660478295,71.17707977481679,69.87189583606565,70.26045989990234,218841312,1.4076577425003052,70.98777660478295,71.17707977481679,69.87189583606565,70.26045989990234
2018-01-31,70.26045828042392,70.44976144609437,69.0848007909274,69.25418090820312,244962199,1.4155884981155396,70.26045828042392,70.44976144609437,69.0848007909274,69.25418090820312
2018-02-01,69.7025166625796,70.3800142786794,69.06487274169922,69.06487274169922,183544852,1.420051097869873,69.7025166625796,70.3800142786794,69.06487274169922,69.06487274169922
2018-02-02,69.05491535433315,69.214330153533,68.32760623660278,68.49697875976562,168047640,1.4266760349273682,69.05491535433315,69.214330153533,68.32760623660278,68.49697875976562
2018-02-05,67.91910596779289,68.35748902847445,67.68995671430235,67.85932922363281,229642126,1.411133885383606,67.91910596779289,68.35748902847445,67.68995671430235,67.85932922363281
2018-02-06,66.20543617486256,67.14197905668104,65.78698375583045,65.92646789550781,339647012,1.3943694829940796,66.20543617486256,67.14197905668104,65.78698375583045,65.92646789550781
2018-02-07,66.51429324368002,67.45082842302439,65.94639142167317,67.1120834350586,273219771,1.395868182182312,66.51429324368002,67.45082842302439,65.94639142167317,67.1120834350586
2018-02-08,66.89289781135732,68.40730787085803,66.25525387093028,67.35120391845703,239365224,1.3879250288009644,66.89289781135732,68.40730787085803,66.25525387093028,67.35120391845703
2018-02-09,66.99253970604722,67.44088816668088,66.04603895801507,66.30508422851562,282515581,1.3934950828552246,66.99253970604722,67.44088816668088,66.04603895801507,66.30508422851562
2018-02-12,67.46079885428881,67.69991342868154,66.2253646850586,66.2253646850586,209040664,1.3827433586120605,67.46079885428881,67.69991342868154,66.2253646850586,66.2253646850586
2018-02-13,66.15564414466037,66.53424297742198,66.04604834546032,66.2353515625,183833286,1.3852334022521973,66.15564414466037,66.53424297742198,66.04604834546032,66.2353515625
2018-02-14,66.75342690301878,66.93276477188553,65.69733034264615,66.40471649169922,192710269,1.3886960744857788,66.75342690301878,66.93276477188553,65.69733034264615,66.40471649169922
2018-02-15,66.75340723882574,67.57038893381551,66.57406942278826,66.83311462402344,148097204,1.401581048965454,66.75340723882574,67.57038893381551,66.57406942278826,66.83311462402344
2018-02-16,67.01245673302245,67.74973109004588,67.01245673302245,67.48072814941406,108788553,1.4104173183441162,67.01245673302245,67.74973109004588,67.01245673302245,67.48072814941406
2018-02-19,68.01874265462014,68.27778790529408,67.5803671549982,67.69992065429688,133783936,1.4031543731689453,68.01874265462014,68.27778790529408,67.5803671549982,67.69992065429688
2018-02-20,67.93904870073654,68.00879078176646,67.36118140002189,67.60029602050781,168348235,1.3992668390274048,67.93904870073654,68.00879078176646,67.36118140002189,67.60029602050781
2018-02-21,69.54311682267937,70.13094178624644,68.3176402696183,69.46340942382812,407942401,1.4001091718673706,69.54311682267937,70.13094178624644,68.3176402696183,69.46340942382812
2018-02-22,69.73241633564837,69.73241633564837,68.59661244241093,68.92539978027344,229178380,1.3910139799118042,69.73241633564837,69.73241633564837,68.59661244241093,68.92539978027344
2018-02-23,68.84567962573095,68.90546396783436,68.05858626631795,68.3973388671875,146637944,1.3953033685684204,68.84567962573095,68.90546396783436,68.05858626631795,68.3973388671875
2018-02-26,68.83571245932947,68.91541984579057,68.14825715471804,68.2977066040039,113405882,1.3968042135238647,68.83571245932947,68.91541984579057,68.14825715471804,68.2977066040039
2018-02-27,68.8456743713805,68.93534707703427,68.30766094140095,68.77593231201172,158229616,1.3966480493545532,68.8456743713805,68.93534707703427,68.30766094140095,68.77593231201172
2018-02-28,68.74604430327108,69.154538939791,68.43718769606829,68.54678344726562,156739497,1.3906078338623047,68.74604430327108,69.154538939791,68.43718769606829,68.54678344726562
2018-03-01,68.44717948279893,68.61655965614669,67.87927739910354,68.0685806274414,163539220,1.375421166419983,68.44717948279893,68.61655965614669,67.87927739910354,68.0685806274414
2018-03-02,67.72981459108084,68.02870593164394,66.67371057074017,66.75341796875,160091353,1.377543330192566,67.72981459108084,68.02870593164394,66.67371057074017,66.75341796875
2018-03-05,66.65378752189564,67.05231691062895,66.27518118200685,66.75341796875,179249527,1.3795006275177002,66.65378752189564,67.05231691062895,66.27518118200685,66.75341796875
2018-03-06,67.25156038088286,67.40100981310316,66.31501770019531,66.31501770019531,148686910,1.3852334022521973,67.25156038088286,67.40100981310316,66.31501770019531,66.31501770019531
2018-03-07,66.45452354448159,67.18184029846192,66.1954858853139,67.00250244140625,167530628,1.390008568763733,66.45452354448159,67.18184029846192,66.1954858853139,67.00250244140625
2018-03-08,67.15193359943676,67.61023964212207,67.01244948215489,67.2515640258789,137180708,1.390627145767212,67.15193359943676,67.61023964212207,67.01244948215489,67.2515640258789
2018-03-09,67.34124210596589,67.54051059856359,66.87297825132174,67.04235076904297,122553657,1.3805670738220215,67.34124210596589,67.54051059856359,66.87297825132174,67.04235076904297
2018-03-12,67.34122912928255,67.53053226044264,67.02240720387911,67.2515640258789,98945124,1.38554048538208,67.34122912928255,67.53053226044264,67.02240720387911,67.2515640258789
2018-03-13,67.40103543197482,67.51063121717237,66.54419980296672,66.69364929199219,128533846,1.3907625675201416,67.40103543197482,67.51063121717237,66.54419980296672,66.69364929199219
2018-03-14,66.4744379291895,67.05230506066219,66.29510011601919,66.44454956054688,127914593,1.397233486175537,66.4744379291895,67.05230506066219,66.29510011601919,66.44454956054688
2018-03-15,66.80321037273842,67.25155100558385,66.32497377656551,66.55413055419922,150465094,1.3971552848815918,66.80321037273842,67.25155100558385,66.32497377656551,66.55413055419922
2018-03-16,66.354874985271,67.38108282012227,66.29509824966857,67.2515640258789,343019327,1.3938642740249634,66.354874985271,67.38108282012227,66.29509824966857,67.2515640258789
2018-03-19,67.2216948679927,67.4508441541621,66.81320012113594,66.88294219970703,129800953,1.3943500518798828,67.2216948679927,67.4508441541621,66.81320012113594,66.88294219970703
2018-03-20,66.82315008157074,67.87924634318254,66.82315008157074,67.62020874023438,174692409,1.4025245904922485,66.82315008157074,67.87924634318254,66.82315008157074,67.62020874023438
2018-03-21,67.54051283700544,68.05859573229836,66.79327306795933,66.91283416748047,171923947,1.4004818201065063,67.54051283700544,68.05859573229836,66.79327306795933,66.91283416748047
2018-03-22,66.29510072025641,66.8630025335861,65.44823066196682,65.81686401367188,187460991,1.414627194404602,66.29510072025641,66.8630025335861,65.44823066196682,65.81686401367188
2018-03-23,65.28883032367708,65.44824512821278,64.35228735032051,64.52166748046875,258338435,1.4114724397659302,65.28883032367708,65.44824512821278,64.35228735032051,64.52166748046875
2018-03-26,64.81057894651018,65.05965879242095,64.09322777407695,64.40208435058594,163744190,1.4147672653198242,64.81057894651018,65.05965879242095,64.09322777407695,64.40208435058594
2018-03-27,65.16926332516255,65.56778505133619,64.60135390260427,64.79065704345703,159950175,1.423892855644226,65.16926332516255,65.56778505133619,64.60135390260427,64.79065704345703
2018-03-28,64.36225539344167,64.83052689989135,63.87406083624196,64.6711196899414,172972658,1.417635440826416,64.36225539344167,64.83052689989135,63.87406083624196,64.6711196899414
2018-03-29,64.8105916153609,65.10948292809142,64.42202758789062,64.42202758789062,168602118,1.4080342054367065,64.8105916153609,65.10948292809142,64.42202758789062,64.42202758789062
2018-04-03,63.96372686554145,65.05968470510999,63.96372686554145,64.89030456542969,173947230,1.4046719074249268,63.96372686554145,65.05968470510999,63.96372686554145,64.89030456542969
2018-04-04,64.73087053274477,65.01980406152231,63.88400059050088,64.92017364501953,154622961,1.4068654775619507,64.73087053274477,65.01980406152231,63.88400059050088,64.92017364501953
2018-04-05,66.21539249679707,66.26521151190076,65.38844549448832,65.9364242553711,144514450,1.4088078737258911,66.21539249679707,66.26521151190076,65.38844549448832,65.9364242553711
2018-04-06,65.86670149200843,66.35489605753042,65.73718265663389,66.075927734375,132735222,1.400874137878418,65.86670149200843,66.35489605753042,65.73718265663389,66.075927734375
2018-04-09,66.54420065622705,66.73350385150775,66.04604075396571,66.40471649169922,119562427,1.4091651439666748,66.54420065622705,66.73350385150775,66.04604075396571,66.40471649169922
2018-04-10,66.81318664550781,66.9825667461464,66.46447632298411,66.81318664550781,135789930,1.4138271808624268,66.81318664550781,66.9825667461464,66.46447632298411,66.81318664550781
2018-04-11,66.4345870569603,67.08219627652426,66.40469868704909,66.76337432861328,107427024,1.4182183742523193,66.4345870569603,67.08219627652426,66.40469868704909,66.76337432861328
2018-04-12,66.93274639008372,67.89917755126953,66.75340857046868,67.89917755126953,154328790,1.4189025163650513,66.93274639008372,67.89917755126953,66.75340857046868,67.89917755126953
2018-04-13,67.25157189809107,68.35748724407601,67.23164885099624,67.92906951904297,159963953,1.4238117933273315,67.25157189809107,68.35748724407601,67.23164885099624,67.92906951904297
2018-04-16,67.59031538022623,68.16818255001262,67.16688412752373,67.430908203125,206881712,1.4246840476989746,67.59031538022623,68.16818255001262,67.16688412752373,67.430908203125
2018-04-17,67.73975987873769,68.07851245743115,67.37112653292105,67.41098022460938,186650543,1.4342057704925537,67.73975987873769,68.07851245743115,67.37112653292105,67.41098022460938
2018-04-18,67.43090863860729,67.59031581673801,67.13200972780399,67.37113189697266,209028504,1.4296538829803467,67.43090863860729,67.59031581673801,67.13200972780399,67.37113189697266
2018-04-19,65.33850627351806,65.90658025190542,65.02955602670254,65.86671447753906,192120158,1.4204343557357788,65.33850627351806,65.90658025190542,65.02955602670254,65.86671447753906
2018-04-20,65.65743481255781,65.90659023738272,65.24882386972742,65.47804260253906,184916736,1.4086490869522095,65.65743481255781,65.90659023738272,65.24882386972742,65.47804260253906
2018-04-23,65.32855298343515,66.27534052085659,65.32855298343515,66.21554565429688,171860623,1.4001679420471191,65.32855298343515,66.27534052085659,65.32855298343515,66.21554565429688
2018-04-24,66.37500348996024,66.56436404552153,65.77703199256999,65.8966293334961,313856998,1.3938252925872803,66.37500348996024,66.56436404552153,65.77703199256999,65.8966293334961
2018-04-25,65.40827199954164,65.91655113778543,64.41165041281538,64.78040313720703,258350779,1.3993842601776123,65.40827199954164,65.91655113778543,64.41165041281538,64.78040313720703
2018-04-26,64.78039334994244,65.0395170523553,64.20235109210537,64.68073272705078,221351964,1.3939224481582642,64.78039334994244,65.0395170523553,64.20235109210537,64.68073272705078
2018-04-27,64.5611452415343,64.83023732826891,64.12262930974123,64.57111358642578,206835402,1.391943335533142,64.5611452415343,64.83023732826891,64.12262930974123,64.57111358642578
2018-04-30,64.70069030961018,64.90001924681228,64.36184252179885,64.44157409667969,161362263,1.37710702419281,64.70069030961018,64.90001924681228,64.36184252179885,64.44157409667969
2018-05-01,65.77703834334223,65.77703834334223,63.99308442129284,64.12264251708984,189061461,1.3772207498550415,65.77703834334223,65.77703834334223,63.99308442129284,64.12264251708984
2018-05-02,64.11267852783203,64.48142370628558,63.85355474573622,64.11267852783203,180534574,1.3609329462051392,64.11267852783203,64.48142370628558,63.85355474573622,64.11267852783203
2018-05-03,64.16250488235976,64.95980531578884,63.95321522939923,64.46149444580078,169570856,1.3573862314224243,64.16250488235976,64.95980531578884,63.95321522939923,64.46149444580078
2018-05-04,64.30202345251095,65.32855010616709,64.30202345251095,65.15911865234375,255074918,1.3572388887405396,64.30202345251095,65.32855010616709,64.30202345251095,65.15911865234375
2018-05-08,65.29866332385252,65.98633486570982,65.17907356257065,65.6574478149414,188613022,1.3570362329483032,65.29866332385252,65.98633486570982,65.17907356257065,65.6574478149414
2018-05-09,65.69729268913356,66.44475887368304,65.69729268913356,66.31520080566406,170706007,1.3553440570831299,65.69729268913356,66.44475887368304,65.69729268913356,66.31520080566406
2018-05-10,66.63412475585938,67.11249889434488,66.22550622576733,66.63412475585938,252940013,1.3544628620147705,66.63412475585938,67.11249889434488,66.22550622576733,66.63412475585938
2018-05-11,66.7138671080849,66.93312512520929,66.51453818178042,66.8533935546875,117237731,1.352338194847107,66.7138671080849,66.93312512520929,66.51453818178042,66.8533935546875
2018-05-14,66.76368180554327,67.23209519482346,66.325173452625,66.44476318359375,140367832,1.355380892753601,66.76368180554327,67.23209519482346,66.325173452625,66.44476318359375
2018-05-15,66.48461912360375,66.84340347065765,66.13580312052873,66.55438232421875,205128937,1.3562448024749756,66.48461912360375,66.84340347065765,66.13580312052873,66.55438232421875
2018-05-16,66.42482674383332,66.85337430748201,65.38833943631978,65.46807098388672,253910646,1.3500195741653442,66.42482674383332,66.85337430748201,65.38833943631978,65.46807098388672
2018-05-17,65.42822127653515,66.00626373291016,65.25879739906615,66.00626373291016,133604802,1.354830026626587,65.42822127653515,66.00626373291016,65.25879739906615,66.00626373291016
2018-05-18,65.96638601804703,66.1756756412348,65.34847788985977,65.80692291259766,164882427,1.3515340089797974,65.96638601804703,66.1756756412348,65.34847788985977,65.80692291259766
2018-05-21,66.00625057194547,66.54441953382155,65.7969533490146,66.24543762207031,148342299,1.3477089405059814,66.00625057194547,66.54441953382155,65.7969533490146,66.24543762207031
2018-05-22,66.45473139301836,67.23209505720287,66.32517331686084,66.7935791015625,182892124,1.3431833982467651,66.45473139301836,67.23209505720287,66.32517331686084,66.7935791015625
2018-05-23,66.8135334871338,67.12248384481848,66.00627217647553,66.40491485595703,248668726,1.3441040515899658,66.8135334871338,67.12248384481848,66.00627217647553,66.40491485595703
2018-05-24,66.27534178531532,66.5444262935877,65.64747286359975,65.77703094482422,269840059,1.3371307849884033,66.27534178531532,66.5444262935877,65.64747286359975,65.77703094482422
2018-05-25,65.74714787522522,65.96640590952337,64.92991822241859,65.44815826416016,227984725,1.3383476734161377,65.74714787522522,65.96640590952337,64.92991822241859,65.44815826416016
2018-05-29,65.4182528193306,65.4182528193306,64.07281494140625,64.07281494140625,580293929,1.3315579891204834,65.4182528193306,65.4182528193306,64.07281494140625,64.07281494140625
2018-05-30,63.78380243812644,64.01302882373203,63.076201792263085,63.98312377929688,332573425,1.3253810405731201,63.78380243812644,64.01302882373203,63.076201792263085,63.98312377929688
2018-05-31,64.33192147874081,64.42161376485754,62.637660350444136,62.99644470214844,509096045,1.328356385231018,64.33192147874081,64.42161376485754,62.637660350444136,62.99644470214844
2018-06-01,63.53463270997907,63.85355134649612,63.02635732109565,63.13598251342773,225987089,1.3289390802383423,63.53463270997907,63.85355134649612,63.02635732109565,63.13598251342773
2018-06-04,63.48480447382194,63.80371931901779,63.18581871748008,63.37517547607422,225446030,1.3356484174728394,63.48480447382194,63.80371931901779,63.18581871748008,63.37517547607422
2018-06-05,62.86689947982208,63.01639045568343,62.2390267361361,62.27889251708984,287325427,1.3316465616226196,62.86689947982208,63.01639045568343,62.2390267361361,62.27889251708984
2018-06-06,62.73733706474227,63.54459821230737,62.239026212443775,63.46487045288086,213146222,1.3406083583831787,62.73733706474227,63.54459821230737,62.239026212443775,63.46487045288086
2018-06-07,64.03294288431876,64.16250096530291,63.3652081841682,63.42500305175781,168782156,1.3421558141708374,64.03294288431876,64.16250096530291,63.3652081841682,63.42500305175781
2018-06-08,63.18581848876393,63.39510813726464,62.518079960267656,62.68750762939453,208842564,1.3419216871261597,63.18581848876393,63.39510813726464,62.518079960267656,62.68750762939453
2018-06-11,63.235643275271975,63.25557616411797,62.67753379301367,62.78716278076172,174599747,1.341381549835205,63.235643275271975,63.25557616411797,62.67753379301367,62.78716278076172
2018-06-12,63.135988600073176,63.14595694694348,62.78717249582056,62.95659637451172,231696680,1.3374348878860474,63.135988600073176,63.14595694694348,62.78717249582056,62.95659637451172
2018-06-13,62.836997524996775,63.14595162114184,62.5978104456284,62.637672424316406,235529342,1.3372559547424316,62.836997524996775,63.14595162114184,62.5978104456284,62.637672424316406
2018-06-14,62.50811801846237,63.41504366820299,62.25896257840384,62.91673278808594,215309268,1.3382760286331177,62.50811801846237,63.41504366820299,62.25896257840384,62.91673278808594
2018-06-15,62.81706498513025,62.986492652287126,61.59122074155209,61.87027740478516,421644565,1.3256621360778809,62.81706498513025,62.986492652287126,61.59122074155209,61.87027740478516
2018-06-18,61.5314233572532,62.219090938427904,61.14273771383103,61.36199569702149,190136275,1.3275099992752075,61.5314233572532,62.219090938427904,61.14273771383103,61.36199569702149
2018-06-19,60.83379717424193,61.5115003200976,60.29562047574292,61.32213973999024,210980007,1.3258730173110962,60.83379717424193,61.5115003200976,60.29562047574292,61.32213973999024
2018-06-20,61.73075445607625,62.1593021448616,61.40187123085176,61.46166610717773,200827959,1.317332148551941,61.73075445607625,62.1593021448616,61.40187123085176,61.46166610717773
2018-06-21,61.61115120100691,62.04966336619982,60.98327848576823,61.15270614624024,178607363,1.3175230026245117,61.61115120100691,62.04966336619982,60.98327848576823,61.15270614624024
2018-06-22,61.54138822252115,62.1493280504988,61.391893451054194,61.91013717651367,138679138,1.3247840404510498,61.54138822252115,62.1493280504988,61.391893451054194,61.91013717651367
2018-06-25,61.53142239770218,61.68091336424721,60.97331290456168,61.033111572265625,174898228,1.3262423276901245,61.53142239770218,61.68091336424721,60.97331290456168,61.033111572265625
2018-06-26,61.48158983466371,61.48158983466371,60.91351578338802,61.212501525878906,133788794,1.3278449773788452,61.48158983466371,61.48158983466371,60.91351578338802,61.212501525878906
2018-06-27,61.49156182219758,61.63108825683594,60.67433230347846,61.63108825683594,500855092,1.3221042156219482,61.49156182219758,61.63108825683594,60.67433230347846,61.63108825683594
2018-06-28,61.28227130548228,62.33868789672852,60.95338431263835,62.33868789672852,264273689,1.3120431900024414,61.28227130548228,62.33868789672852,60.95338431263835,62.33868789672852
2018-06-29,62.72736898957113,63.17584951893856,62.298821350598935,62.83699798583984,301868604,1.3075141906738281,62.72736898957113,63.17584951893856,62.298821350598935,62.83699798583984
2018-07-02,62.28886315350872,62.44832249110928,61.83041803313341,62.09950637817383,182252374,1.3207770586013794,62.28886315350872,62.44832249110928,61.83041803313341,62.09950637817383
2018-07-03,61.79054967629823,62.3087934523812,61.33210457500533,61.800514221191406,213545107,1.314405918121338,61.79054967629823,62.3087934523812,61.33210457500533,61.800514221191406
2018-07-04,61.59122388054971,62.538015310958144,61.491563225479474,62.08953475952149,140568578,1.3194352388381958,61.59122388054971,62.538015310958144,61.491563225479474,62.08953475952149
2018-07-05,62.18919918106755,62.73734038726301,61.96994117786525,62.159297943115234,106156648,1.3229262828826904,62.18919918106755,62.73734038726301,61.96994117786525,62.159297943115234
2018-07-06,62.149330629895246,62.40845060247432,61.89020685550606,62.27889251708984,174613187,1.3225764036178589,62.149330629895246,62.40845060247432,61.89020685550606,62.27889251708984
2018-07-09,62.33868555278392,63.23564658880499,62.229056559291344,62.72736740112305,216918131,1.329787254333496,62.33868555278392,63.23564658880499,62.229056559291344,62.72736740112305
2018-07-10,62.70743579720147,63.20574664925225,62.26892361604841,62.288856506347656,178454489,1.325556755065918,62.70743579720147,63.20574664925225,62.26892361604841,62.288856506347656
2018-07-11,61.92010925000359,62.37855433411394,61.55135647200117,62.11943435668945,187843749,1.3257324695587158,61.92010925000359,62.37855433411394,61.55135647200117,62.11943435668945
2018-07-12,62.05962310059132,62.687495728707326,61.8802309211296,62.3486442565918,159367860,1.3210039138793945,62.05962310059132,62.687495728707326,61.8802309211296,62.3486442565918
2018-07-13,62.508119465715794,62.86690391599667,62.10946923166807,62.19916534423828,114956549,1.3180439472198486,62.508119465715794,62.86690391599667,62.10946923166807,62.19916534423828
2018-07-16,62.53801386475143,62.83699962485832,61.7905475635791,62.136375427246094,135601881,1.3227688074111938,62.53801386475143,62.83699962485832,61.7905475635791,62.136375427246094
2018-07-17,62.25896182184376,62.69747402236633,62.06960125654176,62.23902893066406,203635331,1.3236442804336548,62.25896182184376,62.69747402236633,62.06960125654176,62.23902893066406
2018-07-18,62.45828691915654,62.567915926390576,62.00981014674166,62.30879592895508,125406106,1.3106160163879395,62.45828691915654,62.567915926390576,62.00981014674166,62.30879592895508
2018-07-19,62.2988270642723,62.63767862844844,62.00980963155978,62.24899673461914,118629491,1.3078221082687378,62.2988270642723,62.63767862844844,62.00980963155978,62.24899673461914
2018-07-20,62.19916469236523,62.46825302725573,61.83041570091248,62.41842269897461,130668189,1.3023037910461426,62.19916469236523,62.46825302725573,61.83041570091248,62.41842269897461
2018-07-23,62.26891988464981,62.49814240664004,61.96993415169775,62.07956314086914,121017539,1.3147169351577759,62.26891988464981,62.49814240664004,61.96993415169775,62.07956314086914
2018-07-24,62.31875427265085,63.09612179121931,62.16926329732584,62.767234802246094,190289426,1.3102725744247437,62.31875427265085,63.09612179121931,62.16926329732584,62.767234802246094
2018-07-25,62.66758481602237,62.86690995218451,61.85035517938729,62.22906875610352,129152788,1.3152183294296265,62.66758481602237,62.86690995218451,61.85035517938729,62.22906875610352
2018-07-26,62.448304888821895,62.727357700513714,62.03969021378341,62.3486442565918,102417119,1.3199577331542969,62.448304888821895,62.727357700513714,62.03969021378341,62.3486442565918
2018-07-27,62.69747339458579,62.8071023940713,62.05963609046307,62.388519287109375,257665519,1.3108737468719482,62.69747339458579,62.8071023940713,62.05963609046307,62.388519287109375
2018-07-30,62.14933611357718,62.36859412635862,62.06960454463466,62.17923355102539,233622476,1.3111830949783325,62.14933611357718,62.36859412635862,62.06960454463466,62.17923355102539
2018-07-31,62.02973931054497,62.55794762076528,61.9400432010915,62.16926574707031,293848483,1.3135426044464111,62.02973931054497,62.55794762076528,61.9400432010915,62.16926574707031
2018-08-01,63.33530049093218,63.73395064266338,62.886820020686976,63.19577407836914,267136450,1.3121638298034668,63.33530049093218,63.73395064266338,62.886820020686976,63.19577407836914
2018-08-02,63.68412442928618,63.68412442928618,62.32871838820091,62.49814224243164,227474286,1.3126115798950195,63.68412442928618,63.68412442928618,62.32871838820091,62.49814224243164
2018-08-03,63.03632386188612,63.12601996886082,62.12939824772428,62.33868789672852,145839521,1.3018121719360352,63.03632386188612,63.12601996886082,62.12939824772428,62.33868789672852
2018-08-06,62.32871844254438,62.36858422068397,61.89020248662866,62.35861587524414,126290150,1.3003562688827515,62.32871844254438,62.36858422068397,61.89020248662866,62.35861587524414
2018-08-07,62.36858867497383,62.49814676046558,62.11943324652183,62.13936233520508,166596050,1.2944984436035156,62.36858867497383,62.49814676046558,62.11943324652183,62.13936233520508
2018-08-08,62.1991627298559,62.258961402992696,61.91014151241008,61.96994018554688,161457459,1.2946659326553345,62.1991627298559,62.258961402992696,61.91014151241008,61.96994018554688
2018-08-09,61.86030740759946,61.989869290577765,61.72078098061204,61.90017318725586,154894806,1.2881617546081543,61.86030740759946,61.989869290577765,61.72078098061204,61.90017318725586
2018-08-10,61.60118591292413,61.86030587063272,61.39189247583307,61.65101623535156,149858511,1.2828407287597656,61.60118591292413,61.86030587063272,61.39189247583307,61.65101623535156
2018-08-13,61.3819314012602,61.69088550066761,61.0929101923123,61.17264175415039,179648712,1.2758845090866089,61.3819314012602,61.69088550066761,61.0929101923123,61.17264175415039
2018-08-14,61.34206084393407,61.48158726447637,60.584630074500254,60.77398681640625,236060440,1.2762752771377563,61.34206084393407,61.48158726447637,60.584630074500254,60.77398681640625
2018-08-15,60.744094521543694,60.79392484712193,59.926865016268174,60.265716552734375,297418610,1.271779179573059,60.744094521543694,60.79392484712193,59.926865016268174,60.265716552734375
2018-08-16,59.57862466506563,60.15676560296742,59.21977672999682,59.90756607055664,207051961,1.2693899869918823,59.57862466506563,60.15676560296742,59.21977672999682,59.90756607055664
2018-08-17,59.75805000953201,60.18667351935344,59.53875319916295,59.967376708984375,177799776,1.2714558839797974,59.75805000953201,60.18667351935344,59.53875319916295,59.967376708984375
2018-08-20,59.99728043209308,60.43587406010725,59.79792384025018,60.17670440673828,158469270,1.2747135162353516,59.99728043209308,60.43587406010725,59.79792384025018,60.17670440673828
2018-08-21,60.04711780592953,60.79471636336027,60.0271813881001,60.59535598754883,175610608,1.2804261445999146,60.04711780592953,60.79471636336027,60.0271813881001,60.59535598754883
2018-08-22,60.34616504688737,61.12366644034618,60.34616504688737,60.80469131469727,175839001,1.290555715560913,60.34616504688737,61.12366644034618,60.34616504688737,60.80469131469727
2018-08-23,60.75484665356618,60.784749380607394,60.18667202488461,60.5654525756836,230949635,1.2904725074768066,60.75484665356618,60.784749380607394,60.18667202488461,60.5654525756836
2018-08-24,60.38602918103539,61.02397934034595,60.1667323878413,60.64519500732422,145231507,1.281065821647644,60.38602918103539,61.02397934034595,60.1667323878413,60.64519500732422
2018-08-28,61.06384849785039,61.44263283164384,60.43586844739625,60.59535598754883,128154783,1.2896735668182373,61.06384849785039,61.44263283164384,60.43586844739625,60.59535598754883
2018-08-29,60.57541576616857,60.72493318677673,59.68826614211911,60.26640701293945,198641536,1.2867693901062012,60.57541576616857,60.72493318677673,59.68826614211911,60.26640701293945
2018-08-30,60.28634708261101,60.2963171927453,59.70820617675781,59.70820617675781,164324033,1.3035939931869507,60.28634708261101,60.2963171927453,59.70820617675781,59.70820617675781
2018-08-31,59.59855539062272,59.688267365819904,59.01044439821506,59.11012268066406,234373294,1.301100730895996,59.59855539062272,59.688267365819904,59.01044439821506,59.11012268066406
2018-09-03,59.24968748885615,59.48892074549301,59.0702634969994,59.42911148071289,88667594,1.292306900024414,59.24968748885615,59.48892074549301,59.0702634969994,59.42911148071289
2018-09-04,59.70821265864543,60.19664163872806,59.40917016187923,60.156768798828125,126489581,1.2869019508361816,59.70821265864543,60.19664163872806,59.40917016187923,60.156768798828125
2018-09-05,59.947439176534594,60.94423731063722,59.91753644930611,60.41593551635742,161518537,1.2858428955078125,59.947439176534594,60.94423731063722,59.91753644930611,60.41593551635742
2018-09-06,60.306296568230586,60.4857205646984,59.61850711675978,59.71818542480469,125861914,1.2914891242980957,60.306296568230586,60.4857205646984,59.61850711675978,59.71818542480469
2018-09-07,59.70821137401704,59.70821137401704,58.42234083353458,58.55192565917969,256651456,1.2925406694412231,59.70821137401704,59.70821137401704,58.42234083353458,58.55192565917969
2018-09-10,58.51204823262831,59.419134336059486,58.32265416326914,59.17990112304688,157919339,1.2930254936218262,58.51204823262831,59.419134336059486,58.32265416326914,59.17990112304688
2018-09-11,59.07025077768796,59.34935681741303,58.67153383912512,59.04034805297852,136044338,1.302643060684204,59.07025077768796,59.34935681741303,58.67153383912512,59.04034805297852
2018-09-12,59.15000883040589,59.15000883040589,58.37250740532199,58.69148254394531,131846860,1.3015578985214233,59.15000883040589,59.15000883040589,58.37250740532199,58.69148254394531
2018-09-13,58.56189450778268,59.23971759096505,58.53199177844573,59.05032730102539,166210400,1.3045463562011719,58.56189450778268,59.23971759096505,58.53199177844573,59.05032730102539
2018-09-14,59.18988167335471,59.25965724727333,58.55193139610806,58.69148254394531,112187987,1.311131477355957,59.18988167335471,59.25965724727333,58.55193139610806,58.69148254394531
2018-09-17,58.33262371850038,59.14003152694281,58.292750882963816,59.10015869140625,146670785,1.307326316833496,58.33262371850038,59.14003152694281,58.292750882963816,59.10015869140625
2018-09-18,58.84099006979577,59.37926195130171,58.641633493667314,59.30948638916016,127509209,1.3146305084228516,58.84099006979577,59.37926195130171,58.641633493667314,59.30948638916016
2018-09-19,59.12010188141084,60.495680642649546,59.090195350091165,60.3361930847168,183710750,1.3168463706970215,59.12010188141084,60.495680642649546,59.090195350091165,60.3361930847168
2018-09-20,60.51561216388154,61.46257112603608,60.4458366005896,61.39279556274414,182512192,1.3141123056411743,60.51561216388154,61.46257112603608,60.4458366005896,61.39279556274414
2018-09-21,61.72174317247328,61.91113726545471,61.25325060071847,61.66193771362305,310071093,1.327087163925171,61.72174317247328,61.91113726545471,61.25325060071847,61.66193771362305
2018-09-24,61.38283974961822,61.861302466488816,61.36290332777149,61.46258163452149,110037633,1.30804443359375,61.38283974961822,61.861302466488816,61.36290332777149,61.46258163452149
2018-09-25,61.462574388899895,61.7018076203746,60.59536105446011,60.70500946044922,145138063,1.311733365058899,61.462574388899895,61.7018076203746,60.59536105446011,60.70500946044922
2018-09-26,60.53554304352783,60.96416649452251,60.37605551309837,60.54551315307617,168066649,1.3179919719696045,60.53554304352783,60.96416649452251,60.37605551309837,60.54551315307617
2018-09-27,60.33619493531391,60.88443699735121,59.95741435015797,60.80469131469727,143964308,1.3172800540924072,60.33619493531391,60.88443699735121,59.95741435015797,60.80469131469727
2018-09-28,60.50565246583112,60.53555519551352,58.84099746798111,59.08023071289063,259498425,1.3078734874725342,60.50565246583112,60.53555519551352,58.84099746798111,59.08023071289063
2018-10-01,58.8110804768176,59.05031366371391,58.24290593573169,58.35255432128906,165370525,1.3039000034332275,58.8110804768176,59.05031366371391,58.24290593573169,58.35255432128906
2018-10-02,57.90400160947693,57.9239380277158,56.93710623854817,57.28598785400391,205670378,1.3043591976165771,57.90400160947693,57.9239380277158,56.93710623854817,57.28598785400391
2018-10-03,57.51524797953714,58.402397631537575,57.32585391732394,58.20303726196289,200021465,1.2981956005096436,57.51524797953714,58.402397631537575,57.32585391732394,58.20303726196289
2018-10-04,58.222974670898864,59.01044605276659,58.222974670898864,58.741310119628906,219596568,1.294062852859497,58.222974670898864,59.01044605276659,58.222974670898864,58.741310119628906
2018-10-05,58.73134000961482,59.16993359064639,58.46220787895997,58.741310119628906,276962014,1.3024225234985352,58.73134000961482,59.16993359064639,58.46220787895997,58.741310119628906
2018-10-08,58.47218451965205,58.73135038857526,57.814297834326304,57.97378540039063,158270554,1.31271493434906,58.47218451965205,58.73135038857526,57.814297834326304,57.97378540039063
2018-10-09,58.22298177948364,58.232948088231694,56.98695035814304,57.11653518676758,175387553,1.309311866760254,58.22298177948364,58.232948088231694,56.98695035814304,57.11653518676758
2018-10-10,56.94707837417144,58.92073822021485,56.837429971199626,58.92073822021485,223081847,1.3157029151916504,56.94707837417144,58.92073822021485,56.837429971199626,58.92073822021485
2018-10-11,58.342587257496646,58.50207478959154,57.67473440512513,57.71460723876953,287951933,1.3206725120544434,58.342587257496646,58.50207478959154,57.67473440512513,57.71460723876953
2018-10-12,57.70464413407095,58.910768979609145,57.54515658261534,57.96381378173828,265655201,1.3234164714813232,57.70464413407095,58.910768979609145,57.54515658261534,57.96381378173828
2018-10-15,58.00368848081954,58.00368848081954,57.02682665746953,57.54516220092773,158381218,1.3103927373886108,58.00368848081954,58.00368848081954,57.02682665746953,57.54516220092773
2018-10-16,57.76445692007552,57.91397436980096,56.74772229151228,57.17634582519531,180151641,1.315477967262268,57.76445692007552,57.91397436980096,56.74772229151228,57.17634582519531
2018-10-17,57.39563661624266,57.525217631890754,56.89723756456629,57.13646697998047,107704589,1.318721890449524,57.39563661624266,57.525217631890754,56.89723756456629,57.13646697998047
2018-10-18,57.04676271192075,57.63487382451719,56.71782127062905,56.80753326416016,130190368,1.3104442358016968,57.04676271192075,57.63487382451719,56.71782127062905,56.80753326416016
2018-10-19,56.58823327896392,56.837432824598345,55.87053737074211,55.95028305053711,257236402,1.3024225234985352,56.58823327896392,56.837432824598345,55.87053737074211,55.95028305053711
2018-10-22,56.81749563604855,57.66477255875071,56.24932098388672,56.24932098388672,255473511,1.3065404891967773,56.81749563604855,57.66477255875071,56.24932098388672,56.24932098388672
2018-10-23,55.820695290989896,56.66797218066347,55.79079256387861,56.20944595336914,247560366,1.2965964078903198,55.820695290989896,56.66797218066347,55.79079256387861,56.20944595336914
2018-10-24,56.1994706305676,56.80751800085168,55.83065264376685,56.47857284545898,193205149,1.2981280088424683,56.1994706305676,56.80751800085168,55.83065264376685,56.47857284545898
2018-10-25,55.82069284206308,57.84419174079333,55.82069284206308,57.535186767578125,258840220,1.2888258695602417,55.82069284206308,57.84419174079333,55.82069284206308,57.535186767578125
2018-10-26,57.43550455350857,57.54515295118044,56.24931620206812,56.64803695678711,190597551,1.2824623584747314,57.43550455350857,57.54515295118044,56.24931620206812,56.64803695678711
2018-10-29,56.81749375591835,57.664770650583534,56.48854854582377,56.996917724609375,167402439,1.2831040620803833,56.81749375591835,57.664770650583534,56.48854854582377,56.996917724609375
2018-10-30,56.887272515539365,57.29595962217654,56.33903427041388,56.6380729675293,160228004,1.2802459001541138,56.887272515539365,57.29595962217654,56.33903427041388,56.6380729675293
2018-10-31,57.24611563045459,57.575057028710425,56.93710684816806,57.03678894042969,225151166,1.2708903551101685,57.24611563045459,57.575057028710425,56.93710684816806,57.03678894042969
2018-11-01,56.76765354641839,59.13006401996079,56.69787798239904,58.66156768798828,347598725,1.276943564414978,56.76765354641839,59.13006401996079,56.69787798239904,58.66156768798828
2018-11-02,59.60852738647304,59.68827306202876,59.0204163379404,59.29952239990234,202402278,1.3003731966018677,59.60852738647304,59.68827306202876,59.0204163379404,59.29952239990234
2018-11-05,59.369301049871446,59.51881849558339,58.382469177246094,58.382469177246094,121546449,1.3005592823028564,59.369301049871446,59.51881849558339,58.382469177246094,58.382469177246094
2018-11-06,58.681504638181394,58.70144105700794,57.48534612596995,57.52521896362305,133337077,1.3058068752288818,58.681504638181394,58.70144105700794,57.48534612596995,57.52521896362305
2018-11-07,57.78438955808434,58.45224248860511,57.77441944726523,58.06349182128906,140171380,1.3112518787384033,57.78438955808434,58.45224248860511,57.77441944726523,58.06349182128906
2018-11-08,58.71141623325392,59.7879563253894,58.53199225081744,59.459014892578125,151772901,1.3128528594970703,58.71141623325392,59.7879563253894,58.53199225081744,59.459014892578125
2018-11-09,59.55868482157111,59.887630010630986,58.83102268506995,59.7580451965332,147606743,1.3066771030426025,59.55868482157111,59.887630010630986,58.83102268506995,59.7580451965332
2018-11-12,59.96737617649154,60.00724901483789,57.73454666137695,57.73454666137695,172257366,1.2938451766967773,59.96737617649154,60.00724901483789,57.73454666137695,57.73454666137695
2018-11-13,57.98374559057455,58.671538736160976,57.91397002544015,58.591793060302734,219114593,1.2857933044433594,57.98374559057455,58.671538736160976,57.91397002544015,58.591793060302734
2018-11-14,58.591787891268,59.34935653515525,57.97377416782098,58.20303726196289,216024891,1.3014055490493774,58.591787891268,59.34935653515525,57.97377416782098,58.20303726196289
2018-11-15,58.282775867254216,58.80111124433607,54.32548688985913,55.27244567871094,420661315,1.2986170053482056,58.282775867254216,58.80111124433607,54.32548688985913,55.27244567871094
2018-11-16,55.34223896824972,55.75092609622782,53.906850865652245,54.32550430297852,328867915,1.276650071144104,55.34223896824972,55.75092609622782,53.906850865652245,54.32550430297852
2018-11-19,54.42517998971692,55.91041097509821,54.42517998971692,55.6512451171875,231396747,1.2833181619644165,54.42517998971692,55.91041097509821,54.42517998971692,55.6512451171875
2018-11-20,55.65123554623314,55.7110409941284,54.405238015312456,55.1827392578125,204217084,1.2859750986099243,55.65123554623314,55.7110409941284,54.405238015312456,55.1827392578125
2018-11-21,55.65124410039603,56.18951222660421,55.2325868883638,56.04996109008789,163905716,1.2789195775985718,55.65124410039603,56.18951222660421,55.2325868883638,56.04996109008789
2018-11-22,55.88050322501658,56.55832624170476,54.69431104457077,55.82069396972656,328898379,1.277726650238037,55.88050322501658,56.55832624170476,54.69431104457077,55.82069396972656
2018-11-23,56.0698906048876,57.2760153390813,55.98017862782047,57.016849517822266,208362237,1.287597894668579,56.0698906048876,57.2760153390813,55.98017862782047,57.016849517822266
2018-11-26,57.71461637870012,58.4422785967739,57.06669603806069,57.11653518676758,201403211,1.2812299728393555,57.71461637870012,58.4422785967739,57.06669603806069,57.11653518676758
2018-11-27,57.22618050246729,57.28598975917298,56.20944595336914,56.20944595336914,269492144,1.2812299728393555,57.22618050246729,57.28598975917298,56.20944595336914,56.20944595336914
2018-11-28,56.817493548902775,57.08662950095871,56.0499585306284,56.15960693359375,141686523,1.2743724584579468,56.817493548902775,57.08662950095871,56.0499585306284,56.15960693359375
2018-11-29,57.016854438383966,57.016854438383966,55.96024703979492,55.96024703979492,189508991,1.2824130058288574,57.016854438383966,57.016854438383966,55.96024703979492,55.96024703979492
2018-11-30,56.07985519858577,56.31908839761493,54.67437013580655,55.1827392578125,291340727,1.2784454822540283,56.07985519858577,56.31908839761493,54.67437013580655,55.1827392578125
2018-12-03,55.41200323222015,56.41876758019128,55.16280372205591,55.77085113525391,189110480,1.2753475904464722,55.41200323222015,56.41876758019128,55.16280372205591,55.77085113525391
2018-12-04,55.950277934886536,56.29915574588279,55.20267936633775,55.23258209228516,164174397,1.2725884914398193,55.950277934886536,56.29915574588279,55.20267936633775,55.23258209228516
2018-12-05,54.42518203755301,56.79756289839016,54.116177018703816,56.02006149291992,250730843,1.2720541954040527,54.42518203755301,56.79756289839016,54.116177018703816,56.02006149291992
2018-12-06,55.59143646699925,55.85060232775597,54.17598103560719,54.514892578125,298560745,1.2727665901184082,55.59143646699925,55.85060232775597,54.17598103560719,54.514892578125
2018-12-07,54.82389296319265,55.34222840750623,53.87693405151367,53.87693405151367,175550884,1.2778573036193848,54.82389296319265,55.34222840750623,53.87693405151367,53.87693405151367
2018-12-10,53.47821838765316,53.86696902954475,52.37177191304913,52.72064971923828,232310937,1.2721028327941895,53.47821838765316,53.86696902954475,52.37177191304913,52.72064971923828
2018-12-11,52.60103485228407,52.81036153535156,51.57433405225339,52.162445068359375,240335317,1.2561235427856445,52.60103485228407,52.81036153535156,51.57433405225339,52.162445068359375
2018-12-12,51.37496317390541,53.33865239370419,51.37496317390541,53.17916488647461,326764810,1.2492972612380981,51.37496317390541,53.33865239370419,51.37496317390541,53.17916488647461
2018-12-13,53.5480003589008,54.156047867459804,52.67081688085748,52.9399528503418,172636406,1.2628655433654785,53.5480003589008,54.156047867459804,52.67081688085748,52.9399528503418
2018-12-14,52.18237982219858,52.92997840877727,51.5942687819907,52.5312614440918,215821924,1.2655024528503418,52.18237982219858,52.92997840877727,51.5942687819907,52.5312614440918
2018-12-17,51.86339905724635,52.47144644955986,51.664042497948415,51.73381805419922,211308330,1.2585581541061401,51.86339905724635,52.47144644955986,51.664042497948415,51.73381805419922
2018-12-18,52.08269722007236,52.33189672830237,51.69394659563078,51.79362487792969,276934731,1.2615749835968018,52.08269722007236,52.33189672830237,51.69394659563078,51.79362487792969
2018-12-19,51.66404546050992,52.351834755485854,51.62417262537086,52.08269882202149,202887599,1.2655024528503418,51.66404546050992,52.351834755485854,51.62417262537086,52.08269882202149
2018-12-20,51.12577511768717,51.703916034507024,50.73702446969946,50.82673645019531,269522865,1.262785792350769,51.12577511768717,51.703916034507024,50.73702446969946,50.82673645019531
2018-12-21,50.83670073628621,51.6241721112677,50.28846256727381,51.34506607055664,319108058,1.2669775485992432,50.83670073628621,51.6241721112677,50.28846256727381,51.34506607055664
2018-12-24,50.33830382259785,50.9064784328325,50.128977135139394,50.776893615722656,47165810,1.2648941278457642,50.33830382259785,50.9064784328325,50.128977135139394,50.776893615722656
2018-12-27,51.30520383265685,51.43478485900452,49.50598280334392,49.86981201171875,149302511,1.2648781538009644,51.30520383265685,51.43478485900452,49.50598280334392,49.86981201171875
2018-12-28,49.55581609060648,51.11580369775135,49.35645571655864,51.04602813720703,121289991,1.2646220922470093,49.55581609060648,51.11580369775135,49.35645571655864,51.04602813720703
2018-12-31,51.56436432927045,51.68397903442383,50.73702389844206,51.68397903442383,69463330,1.269357681274414,51.56436432927045,51.68397903442383,50.73702389844206,51.68397903442383
2019-01-02,50.49779274035673,51.205518494828375,50.00935998717528,50.83670425415039,142576767,1.2754288911819458,50.49779274035673,51.205518494828375,50.00935998717528,50.83670425415039
2019-01-03,50.766928201131485,51.51452678590862,50.42801669059986,51.03606414794922,146329323,1.2521913051605225,50.766928201131485,51.51452678590862,50.42801669059986,51.03606414794922
2019-01-04,51.85344193244714,52.82033738668633,51.51453039815076,52.63094329833984,133867623,1.2628813982009888,51.85344193244714,52.82033738668633,51.51453039815076,52.63094329833984
2019-01-07,53.29878336875838,53.47820728970191,52.929965418773264,53.17916488647461,246624166,1.2734960317611694,53.29878336875838,53.47820728970191,52.929965418773264,53.17916488647461
2019-01-08,53.42837120234487,54.04638869924558,53.29879020031828,53.528053283691406,124666165,1.278608798980713,53.42837120234487,54.04638869924558,53.29879020031828,53.528053283691406
2019-01-09,53.926782984204365,54.32550379913638,53.35860829454052,53.63771438598633,227722026,1.2737879753112793,53.926782984204365,54.32550379913638,53.35860829454052,53.63771438598633
2019-01-10,53.32869864085912,54.69431098061205,53.04959638813144,54.60459899902344,153030891,1.279967188835144,53.32869864085912,54.69431098061205,53.04959638813144,54.60459899902344
2019-01-11,54.55475697399476,55.35219465574622,54.07629436494389,54.53482055664063,130562143,1.2753963470458984,54.55475697399476,55.35219465574622,54.07629436494389,54.53482055664063
2019-01-14,54.325500165596594,55.48178588858153,54.13610988253711,55.3621711730957,196170863,1.2849836349487305,54.325500165596594,55.48178588858153,54.13610988253711,55.3621711730957
2019-01-15,55.87053656577288,56.0399942316541,55.1329080507132,55.3621711730957,190851794,1.2874983549118042,55.87053656577288,56.0399942316541,55.1329080507132,55.3621711730957
2019-01-16,55.61137151637496,56.319097313380745,55.61137151637496,55.95028305053711,277861184,1.2872166633605957,55.61137151637496,56.319097313380745,55.61137151637496,55.95028305053711
2019-01-17,55.49175299668246,56.24932174480177,54.7541244709952,55.95028305053711,124980675,1.2885768413543701,55.49175299668246,56.24932174480177,54.7541244709952,55.95028305053711
2019-01-18,56.39883763351827,57.88406465496569,56.11973158324289,57.81428909301758,201327841,1.2983977794647217,56.39883763351827,57.88406465496569,56.11973158324289,57.81428909301758
2019-01-21,57.91396738080547,58.033585889130464,57.46541128327703,57.81428909301758,145100964,1.2853471040725708,57.91396738080547,58.033585889130464,57.46541128327703,57.81428909301758
2019-01-22,57.01685352567055,57.734545590173056,56.9670143799039,57.2461166381836,140766858,1.2891747951507568,57.01685352567055,57.734545590173056,56.9670143799039,57.2461166381836
2019-01-23,57.00688677812245,57.2760227441196,56.79756007206355,57.11653518676758,146442088,1.2957731485366821,57.00688677812245,57.2760227441196,56.79756007206355,57.11653518676758
2019-01-24,57.335828005528256,57.69467593516551,56.937107238712855,57.49531555175781,167223328,1.308215618133545,57.335828005528256,57.69467593516551,56.937107238712855,57.49531555175781
2019-01-25,58.382469177246094,58.581829574011984,57.83423093800237,58.382469177246094,161191407,1.3121638298034668,58.382469177246094,58.581829574011984,57.83423093800237,58.382469177246094
2019-01-28,58.38247011918186,58.43230926855661,56.76765810404322,56.81749725341797,163908543,1.3208470344543457,58.38247011918186,58.43230926855661,56.76765810404322,56.81749725341797
2019-01-29,57.106560826127605,57.32585381001476,56.64803463870209,56.65800094604492,151469487,1.3160146474838257,57.106560826127605,57.32585381001476,56.64803463870209,56.65800094604492
2019-01-30,56.79755082727932,58.14323043823242,56.3788974833046,58.14323043823242,176529115,1.30804443359375,56.79755082727932,58.14323043823242,56.3788974833046,58.14323043823242
2019-01-31,57.41556478891924,58.13326058458761,57.29595009046874,57.71460723876953,159990620,1.3117163181304932,57.41556478891924,58.13326058458761,57.29595009046874,57.71460723876953
2019-02-01,57.91397532514502,58.18311130207053,57.136473926793634,57.99372100830078,128811389,1.3109424114227295,57.91397532514502,58.18311130207053,57.136473926793634,57.99372100830078
2019-02-04,58.08343088657486,58.13327003549151,57.08663269830856,57.62490463256836,125292838,1.3077365159988403,58.08343088657486,58.13327003549151,57.08663269830856,57.62490463256836
2019-02-05,57.66476624386903,58.15319896630949,57.33582486139512,57.85416030883789,143074568,1.3031013011932373,57.66476624386903,58.15319896630949,57.33582486139512,57.85416030883789
2019-02-06,57.63486601409916,58.22297704699744,57.47537846971063,58.07345581054688,107778567,1.2957228422164917,57.63486601409916,58.22297704699744,57.47537846971063,58.07345581054688
2019-02-07,58.033583990422166,58.1033595500874,57.016849517822266,57.016849517822266,144946786,1.2934435606002808,58.033583990422166,58.1033595500874,57.016849517822266,57.016849517822266
2019-02-08,57.01685873096377,57.50528772754383,56.66797707378029,56.69788360595703,128208909,1.2949174642562866,57.01685873096377,57.50528772754383,56.66797707378029,56.69788360595703
2019-02-11,57.21621168410783,57.78438628919448,56.807524620756325,57.535186767578125,119433380,1.293677806854248,57.21621168410783,57.78438628919448,56.807524620756325,57.535186767578125
2019-02-12,57.485345511029216,57.973778260847055,57.43550636573752,57.77441787719727,142065300,1.2864052057266235,57.485345511029216,57.973778260847055,57.43550636573752,57.77441787719727
2019-02-13,57.81429096606383,58.1631687871072,57.54515501733764,57.67473983764648,108059771,1.2892080545425415,57.81429096606383,58.1631687871072,57.54515501733764,57.67473983764648
2019-02-14,57.84418944336477,58.0236133960009,57.20623930176198,57.21620941162109,99242295,1.2856775522232056,57.84418944336477,58.0236133960009,57.20623930176198,57.21620941162109
2019-02-15,57.04675903336548,58.51205356572548,57.04675903336548,58.25288391113281,150699070,1.2798361778259277,57.04675903336548,58.51205356572548,57.04675903336548,58.25288391113281
2019-02-18,58.09339742338872,58.472181801112015,57.894040826939616,58.13327026367188,81593214,1.290555715560913,58.09339742338872,58.472181801112015,57.894040826939616,58.13327026367188
2019-02-19,58.19307939473756,58.631669229427295,57.80432870904931,58.18310928344727,118794509,1.2924071550369263,58.19307939473756,58.631669229427295,57.80432870904931,58.18310928344727
2019-02-20,59.30949440878215,61.6220659874133,58.61173489053508,60.93427658081055,306810513,1.3061310052871704,59.30949440878215,61.6220659874133,58.61173489053508,60.93427658081055
2019-02-21,61.77158152069058,61.8014842478869,59.51881561065126,60.13683319091797,190984741,1.30451238155365,61.77158152069058,61.8014842478869,59.51881561065126,60.13683319091797
2019-02-22,59.83778694162223,60.40596153747853,59.60852384175766,59.807884216308594,131184842,1.3041380643844604,59.83778694162223,60.40596153747853,59.60852384175766,59.807884216308594
2019-02-25,60.18667563805172,60.53555348275356,59.738115693089824,60.3361930847168,85832634,1.306557536125183,60.18667563805172,60.53555348275356,59.738115693089824,60.3361930847168
2019-02-26,59.93747569264526,61.84136006639633,59.89760285280633,61.70180892944336,209868444,1.31271493434906,59.93747569264526,61.84136006639633,59.89760285280633,61.70180892944336
2019-02-27,61.70180724140109,63.00761038929382,61.33298918670607,62.67866897583008,240784994,1.3258028030395508,61.70180724140109,63.00761038929382,61.33298918670607,62.67866897583008
2019-02-28,62.43943186263678,63.42626364662206,62.05068121522781,63.336551666259766,245232956,1.3318239450454712,62.43943186263678,63.42626364662206,62.05068121522781,63.336551666259766
2019-03-01,63.795081134394486,63.795081134394486,62.60889271344577,62.64876174926758,171206611,1.3264886140823364,63.795081134394486,63.795081134394486,62.60889271344577,62.64876174926758
2019-03-04,62.299882625629465,63.326583474505256,62.279946206891296,62.86805725097656,136351739,1.3239772319793701,62.299882625629465,63.326583474505256,62.279946206891296,62.86805725097656
2019-03-05,63.29667726641648,63.29667726641648,62.29987919922882,62.71853256225586,145853502,1.3178529739379883,63.29667726641648,63.29667726641648,62.29987919922882,62.71853256225586
2019-03-06,62.45937284652621,62.70857238769531,61.911134616450816,62.70857238769531,309846908,1.3156682252883911,62.45937284652621,62.70857238769531,61.911134616450816,62.70857238769531
2019-03-07,62.22013617170851,62.80824720843089,61.07382062723813,61.95100402832031,122464541,1.3182177543640137,62.22013617170851,62.80824720843089,61.07382062723813,61.95100402832031
2019-03-08,61.23330430191141,61.84135171868574,61.12365590839698,61.67189407348633,83771793,1.3092432022094727,61.23330430191141,61.84135171868574,61.12365590839698,61.67189407348633
2019-03-11,62.10052466017883,62.27994863332968,61.512413593180646,61.59215927124024,124104547,1.2988362312316895,62.10052466017883,62.27994863332968,61.512413593180646,61.59215927124024
2019-03-12,62.29988366825548,63.695402583417646,62.040717825288105,62.14039611816406,180937320,1.3248542547225952,62.29988366825548,63.695402583417646,62.040717825288105,62.14039611816406
2019-03-13,62.02077400849809,62.509202908807794,61.58218044619896,62.3696517944336,129937091,1.3066771030426025,62.02077400849809,62.509202908807794,61.58218044619896,62.3696517944336
2019-03-14,62.598916523173486,63.91469344206982,62.569013798590426,63.5957145690918,235452116,1.3285682201385498,62.598916523173486,63.91469344206982,62.569013798590426,63.5957145690918
2019-03-15,63.79505590732144,64.75198083333567,63.61563200838357,64.63236236572266,266245288,1.3258554935455322,63.79505590732144,64.75198083333567,63.61563200838357,64.63236236572266
2019-03-18,64.79187988296694,65.9980047343462,64.64235863916682,65.16069793701172,230980421,1.329716444015503,64.79187988296694,65.9980047343462,64.64235863916682,65.16069793701172
2019-03-19,65.37999616188333,65.86843279934448,65.17066943367173,65.22051239013672,151164191,1.326435923576355,65.37999616188333,65.86843279934448,65.17066943367173,65.22051239013672
2019-03-20,65.33014952920674,65.4497680410866,64.17386006259981,64.84172058105469,170356284,1.3271400928497314,65.33014952920674,65.4497680410866,64.17386006259981,64.84172058105469
2019-03-21,64.28350838642993,64.28350838642993,62.34972140983318,63.017578125,234832882,1.320533037185669,64.28350838642993,64.28350838642993,62.34972140983318,63.017578125
2019-03-22,62.9777098806681,63.476108975132085,61.75164856458469,62.110496520996094,162465030,1.313232183456421,62.9777098806681,63.476108975132085,61.75164856458469,62.110496520996094
2019-03-25,62.0008442249478,62.33975574003608,61.41273317824998,61.83138656616211,122917718,1.3206549882888794,62.0008442249478,62.33975574003608,61.41273317824998,61.83138656616211
2019-03-26,61.50244351365787,62.25004208845319,60.974137935114086,61.26321029663086,265806949,1.3215277194976807,61.50244351365787,62.25004208845319,60.974137935114086,61.26321029663086
2019-03-27,61.54232012254537,62.59892373943263,61.293120582338645,62.2002067565918,176883290,1.321143627166748,61.54232012254537,62.59892373943263,61.293120582338645,62.2002067565918
2019-03-28,62.50920364171181,62.87802165114814,61.74166870117188,61.74166870117188,188014586,1.3152703046798706,62.50920364171181,62.87802165114814,61.74166870117188,61.74166870117188
2019-03-29,62.10051995121027,62.29988032875889,61.05388272218372,61.94103240966797,202373154,1.30565345287323,62.10051995121027,62.29988032875889,61.05388272218372,61.94103240966797
2019-04-01,62.6985969543457,62.83814806869361,62.28990991840567,62.6985969543457,159692671,1.3022867441177368,62.6985969543457,62.83814806869361,62.28990991840567,62.6985969543457
2019-04-02,62.99763822347023,63.66549109923088,62.42946363282875,63.196998596191406,152924737,1.3068991899490356,62.99763822347023,63.66549109923088,62.42946363282875,63.196998596191406
2019-04-03,63.91470294713776,65.33015455764875,63.72530885665858,64.6722640991211,231702090,1.312766671180725,63.91470294713776,65.33015455764875,63.72530885665858,64.6722640991211
2019-04-04,63.18793155114573,63.197904950390615,62.17086164119375,62.440086364746094,193406609,1.3176966905593872,63.18793155114573,63.197904950390615,62.17086164119375,62.440086364746094
2019-04-05,62.27057739507945,62.71928527328809,61.90164149688008,62.03126525878906,218007230,1.3077024221420288,62.27057739507945,62.71928527328809,61.90164149688008,62.03126525878906
2019-04-08,61.821868742368856,62.6793984980384,61.67229818359401,62.440086364746094,153082037,1.3038150072097778,61.821868742368856,62.6793984980384,61.67229818359401,62.440086364746094
2019-04-09,62.20078162051786,63.18793519337317,62.19080822069809,62.73922729492188,196743600,1.306335687637329,62.20078162051786,63.18793519337317,62.19080822069809,62.73922729492188
2019-04-10,62.908747078751766,63.068287258005896,62.51986812955343,62.61957931518555,87176298,1.305721640586853,62.908747078751766,63.068287258005896,62.51986812955343,62.61957931518555
2019-04-11,63.11813224289072,64.11526295031896,62.94862249505715,63.95571899414063,233880132,1.3099292516708374,63.11813224289072,64.11526295031896,62.94862249505715,63.95571899414063
2019-04-12,63.915852218308856,64.86312762605259,63.81614101946131,64.61384582519531,260549860,1.3056023120880127,63.915852218308856,64.86312762605259,63.81614101946131,64.61384582519531
2019-04-15,65.2519860887326,65.2719252792355,64.81324782292405,64.98275756835938,126818436,1.3083868026733398,65.2519860887326,65.2719252792355,64.81324782292405,64.98275756835938
2019-04-16,65.23205680837708,65.82036578710436,65.0525736157541,65.65084838867188,184243974,1.3102725744247437,65.23205680837708,65.82036578710436,65.0525736157541,65.65084838867188
2019-04-17,65.8103763662742,66.50836216353271,65.62091981810062,66.37873840332031,182495258,1.3046314716339111,65.8103763662742,66.50836216353271,65.62091981810062,66.37873840332031
2019-04-18,66.47846262834804,66.59812062029424,65.40156352326062,65.71067810058594,144065217,1.3039339780807495,66.47846262834804,66.59812062029424,65.40156352326062,65.71067810058594
2019-04-23,66.33885565701416,66.33885565701416,64.92293719479707,65.3816146850586,210044429,1.2981449365615845,66.33885565701416,66.33885565701416,64.92293719479707,65.3816146850586
2019-04-24,65.08248105374484,65.33176282332136,64.22495876527948,64.5739517211914,187763318,1.2938116788864136,65.08248105374484,65.33176282332136,64.22495876527948,64.5739517211914
2019-04-25,64.08534978117035,64.11526998184105,63.04834057844327,63.42724990844727,180110127,1.2904890775680542,64.08534978117035,64.11526998184105,63.04834057844327,63.42724990844727
2019-04-26,62.81899642944336,62.898768409433416,62.40020494570767,62.81899642944336,215912309,1.289607048034668,62.81899642944336,62.898768409433416,62.40020494570767,62.81899642944336
2019-04-29,62.88879839232207,63.62667403196469,62.83894280401566,63.417274475097656,120116774,1.2920230627059937,62.88879839232207,63.62667403196469,62.83894280401566,63.417274475097656
2019-04-30,63.018423120958055,63.56684217505418,62.39023208618164,62.39023208618164,169705538,1.2932428121566772,63.018423120958055,63.56684217505418,62.39023208618164,62.39023208618164
2019-05-01,63.06828155321521,63.62667403196469,62.82896940411184,63.417274475097656,156951339,1.3039849996566772,63.06828155321521,63.62667403196469,62.82896940411184,63.417274475097656
2019-05-02,61.622452243912726,63.18794144151202,61.432999469716535,62.61957931518555,161617098,1.3053126335144043,61.622452243912726,63.18794144151202,61.432999469716535,62.61957931518555
2019-05-03,62.928680471210406,63.02839164162264,62.19080487745295,62.46002960205078,94752838,1.3033220767974854,62.928680471210406,63.02839164162264,62.19080487745295,62.46002960205078
2019-05-07,61.92159118277455,62.41018513379596,61.34325944463978,61.63242721557617,243023316,1.3099292516708374,61.92159118277455,62.41018513379596,61.34325944463978,61.63242721557617
2019-05-08,61.35322346020533,61.76204538050397,61.01420012602565,61.642391204833984,108851675,1.3068820238113403,61.35322346020533,61.76204538050397,61.01420012602565,61.642391204833984
2019-05-09,61.253510669700525,61.31333965783042,60.505665434895846,60.71506118774414,203996415,1.3012022972106934,61.253510669700525,61.31333965783042,60.505665434895846,60.71506118774414
2019-05-10,61.10394585667484,61.62245239142647,60.64526831568844,60.87460708618164,164567482,1.3009653091430664,61.10394585667484,61.62245239142647,60.64526831568844,60.87460708618164
2019-05-13,60.87460346202465,60.894546458759095,59.48859752075121,59.61822509765625,148131182,1.3010668754577637,60.87460346202465,60.894546458759095,59.48859752075121,59.61822509765625
2019-05-14,59.747849490590994,60.635295737659646,59.747849490590994,60.465782165527344,125797544,1.2963106632232666,59.747849490590994,60.635295737659646,59.747849490590994,60.465782165527344
2019-05-15,60.96434210335651,61.01419769091777,60.1267552996198,60.80480194091797,107710092,1.2906556129455566,60.96434210335651,61.01419769091777,60.1267552996198,60.80480194091797
2019-05-16,60.63529281538746,61.41305063992657,60.53557783548658,61.33327865600586,111906585,1.2847524881362915,60.63529281538746,61.41305063992657,60.53557783548658,61.33327865600586
2019-05-17,60.71506030549172,61.22359718786237,60.14669823959806,60.16664123535156,136223068,1.2797706127166748,60.71506030549172,61.22359718786237,60.14669823959806,60.16664123535156
2019-05-20,59.92733045743911,60.41592435520474,59.019945050506585,59.32905578613281,156254630,1.2731555700302124,59.92733045743911,60.41592435520474,59.019945050506585,59.32905578613281
2019-05-21,60.62532089947779,60.72503588181944,59.957247634608194,60.34612655639648,283484190,1.2729123830795288,60.62532089947779,60.72503588181944,59.957247634608194,60.34612655639648
2019-05-22,60.36607033277544,60.4258955192157,58.98006439208984,58.98006439208984,201471774,1.2729123830795288,60.36607033277544,60.4258955192157,58.98006439208984,58.98006439208984
2019-05-23,58.48149671141547,58.48149671141547,57.35474220110709,57.68379211425781,200628753,1.2664159536361694,58.48149671141547,58.48149671141547,57.35474220110709,57.68379211425781
2019-05-24,57.982935571885406,58.65100882457394,57.933076179754856,58.35187149047852,138195707,1.2664639949798584,57.982935571885406,58.65100882457394,57.933076179754856,58.35187149047852
2019-05-28,58.641038068744784,58.75071883954532,57.384655965156746,57.46442794799805,209288770,1.2682307958602905,58.641038068744784,58.75071883954532,57.384655965156746,57.46442794799805
2019-05-29,57.3348025126174,57.424544094786654,57.07555116620491,57.324832916259766,101608167,1.2659670114517212,57.3348025126174,57.424544094786654,57.07555116620491,57.324832916259766
2019-05-30,57.63393973421011,57.893194883830674,57.37468838832718,57.47439956665039,110846710,1.2629451751708984,57.63393973421011,57.893194883830674,57.37468838832718,57.47439956665039
2019-05-31,56.82626856322384,57.31485865590485,56.457328839989096,57.095489501953125,220107865,1.2609704732894897,56.82626856322384,57.31485865590485,56.457328839989096,57.095489501953125
2019-06-03,56.38753343361745,57.095492720154496,56.33767784229219,56.8860969543457,173879898,1.2639508247375488,56.38753343361745,57.095492720154496,56.33767784229219,56.8860969543457
2019-06-04,56.66673768966875,58.052743817843215,56.51716709585988,57.72369003295898,306188567,1.2664159536361694,56.66673768966875,58.052743817843215,56.51716709585988,57.72369003295898
2019-06-05,57.773540863694016,57.95302403996314,56.76644420017317,57.64391708374024,174438974,1.2702767848968506,57.773540863694016,57.95302403996314,56.76644420017317,57.64391708374024
2019-06-06,57.693761830143615,57.97295613908032,56.726547540274034,57.06557083129883,149129859,1.2688584327697754,57.693761830143615,57.97295613908032,56.726547540274034,57.06557083129883
2019-06-07,57.25503575834298,57.883226890927176,57.13538157243008,57.44449234008789,108314123,1.269841194152832,57.25503575834298,57.883226890927176,57.13538157243008,57.44449234008789
2019-06-10,57.87324754630736,58.42166659342301,57.41457007444608,58.22224044799805,151504565,1.2722970247268677,57.87324754630736,58.42166659342301,57.41457007444608,58.22224044799805
2019-06-11,58.04276466314291,58.4117044103058,57.823399298701496,57.88322448730469,168740392,1.2691160440444946,58.04276466314291,58.4117044103058,57.823399298701496,57.88322448730469
2019-06-12,57.23509147314947,58.05273531101695,57.18523208002724,57.81342315673828,144580954,1.2724426984786987,57.23509147314947,58.05273531101695,57.18523208002724,57.81342315673828
2019-06-13,57.53423154132663,57.96299647709272,57.195208192203175,57.88322448730469,125037677,1.2693415880203247,57.53423154132663,57.96299647709272,57.195208192203175,57.88322448730469
2019-06-14,57.56414187168962,57.8632792141543,57.24506153256227,57.53422927856445,122736113,1.268005609512329,57.56414187168962,57.8632792141543,57.24506153256227,57.53422927856445
2019-06-17,57.74363171493941,57.982943898825965,57.49434993343756,57.77354431152344,87310580,1.2596044540405273,57.74363171493941,57.982943898825965,57.49434993343756,57.77354431152344
2019-06-18,57.46442940437814,58.27209983055971,57.075550487514775,57.90316390991211,122185152,1.2541544437408447,57.46442940437814,58.27209983055971,57.075550487514775,57.90316390991211
2019-06-19,57.87325899230664,59.02992630004883,57.85331599344614,59.02992630004883,179242463,1.2566603422164917,57.87325899230664,59.02992630004883,57.85331599344614,59.02992630004883
2019-06-20,59.02991462528736,59.229340770712334,58.11255587782745,58.22224044799805,144781402,1.2656625509262085,59.02991462528736,59.229340770712334,58.11255587782745,58.22224044799805
2019-06-21,58.112558108570354,58.680920172419725,57.703736206437696,57.93307495117188,330848339,1.2707933187484741,58.112558108570354,58.680920172419725,57.703736206437696,57.93307495117188
2019-06-24,57.93308092522222,58.06270850865219,56.83624267578125,56.83624267578125,199501916,1.2750873565673828,57.93308092522222,58.06270850865219,56.83624267578125,56.83624267578125
2019-06-25,56.22799100579597,56.73652790665232,56.06845083770602,56.53710174560547,208930102,1.2739664316177368,56.22799100579597,56.73652790665232,56.06845083770602,56.53710174560547
2019-06-26,56.33767618508823,56.985810264464845,56.11830702522457,56.74649810791016,164591829,1.2690677642822266,56.33767618508823,56.985810264464845,56.11830702522457,56.74649810791016
2019-06-27,57.14535560081502,57.46443596924448,55.99865791170178,56.69664764404297,176256674,1.269841194152832,57.14535560081502,57.46443596924448,55.99865791170178,56.69664764404297
2019-06-28,57.01572284429284,57.26500459726588,56.3476457683815,56.42741775512695,170597189,1.267748475074768,57.01572284429284,57.26500459726588,56.3476457683815,56.42741775512695
2019-07-01,57.60402025888007,57.60402025888007,57.01571524809402,57.06557083129883,127996955,1.2694543600082397,57.60402025888007,57.60402025888007,57.01571524809402,57.06557083129883
2019-07-02,57.314859399090665,57.69376872344662,56.95589307114689,57.47439956665039,106078456,1.2644623517990112,57.314859399090665,57.69376872344662,56.95589307114689,57.47439956665039
2019-07-03,57.72368490240736,58.21227883551641,57.47440313737452,58.092620849609375,115161927,1.25982666015625,57.72368490240736,58.21227883551641,57.47440313737452,58.092620849609375
2019-07-04,58.03279566039373,58.50144279211372,57.76357089770971,58.092620849609375,94645427,1.2582731246948242,58.03279566039373,58.50144279211372,57.76357089770971,58.092620849609375
2019-07-05,58.3219640355194,58.51141680959581,57.57411873253759,57.66386032104492,117305878,1.2583048343658447,58.3219640355194,58.51141680959581,57.57411873253759,57.66386032104492
2019-07-08,57.9430532370111,58.38178776779458,57.29491913577981,57.5442008972168,102724417,1.2525520324707031,57.9430532370111,58.38178776779458,57.29491913577981,57.5442008972168
2019-07-09,57.49433484493487,57.803445542221546,57.15531155891427,57.62396240234375,87187735,1.2516427040100098,57.49433484493487,57.803445542221546,57.15531155891427,57.62396240234375
2019-07-10,57.823394533889584,58.5512967639039,57.80345153808594,57.80345153808594,106680043,1.2458575963974,57.823394533889584,58.5512967639039,57.80345153808594,57.80345153808594
2019-07-11,57.99291134759783,58.08265293776278,57.56414639500287,57.59405899047852,147146062,1.2508130073547363,57.99291134759783,58.08265293776278,57.56414639500287,57.59405899047852
2019-07-12,57.87325237221053,58.341899478740544,57.48437344825975,57.514286041259766,125528165,1.2523481845855713,57.87325237221053,58.341899478740544,57.48437344825975,57.514286041259766
2019-07-15,57.434510378580406,57.90316125884991,57.15531605181768,57.68379211425781,88722455,1.2571974992752075,57.434510378580406,57.90316125884991,57.15531605181768,57.68379211425781
2019-07-16,56.81629615409622,58.12253389690287,56.73652797182843,57.81342315673828,187328132,1.251799464225769,56.81629615409622,58.12253389690287,56.73652797182843,57.81342315673828
2019-07-17,57.81342158099663,58.03279073279488,57.28494550119633,57.52425384521485,118861933,1.2412029504776,57.81342158099663,58.03279073279488,57.28494550119633,57.52425384521485
2019-07-18,56.90604398753387,57.604033726804055,56.90604398753387,57.22512435913086,97928427,1.2434717416763306,56.90604398753387,57.604033726804055,56.90604398753387,57.22512435913086
2019-07-19,57.27497275801981,57.50431150855761,56.4772719292497,56.6268424987793,205563566,1.2541857957839966,57.27497275801981,57.50431150855761,56.4772719292497,56.6268424987793
2019-07-22,56.93594282589331,57.085513378073074,56.36758081358963,56.557037353515625,102059589,1.2512825727462769,56.93594282589331,57.085513378073074,56.36758081358963,56.557037353515625
2019-07-23,56.82627307878104,57.0655814441648,56.39750813675244,56.83624267578125,172662622,1.2474894523620605,56.82627307878104,57.0655814441648,56.39750813675244,56.83624267578125
2019-07-24,56.34764649757738,57.24506234138887,56.34764649757738,56.80632781982422,153509630,1.243904948234558,56.34764649757738,57.24506234138887,56.34764649757738,56.80632781982422
2019-07-25,56.856181007137046,57.324831906178446,56.42741610029864,56.60689926147461,141117891,1.2485953569412231,56.856181007137046,57.324831906178446,56.42741610029864,56.60689926147461
2019-07-26,56.746498556787735,56.746498556787735,55.79922712702789,55.82914352416992,187793173,1.2453454732894897,56.746498556787735,56.746498556787735,55.79922712702789,55.82914352416992
2019-07-29,55.64966071443717,56.43040831572154,55.64966071443717,56.01859664916992,187141724,1.2376697063446045,55.64966071443717,56.43040831572154,55.64966071443717,56.01859664916992
2019-07-30,56.13825299168717,56.46730674888994,54.79213297560174,54.92176055908203,229492365,1.2217471599578857,56.13825299168717,56.46730674888994,54.79213297560174,54.92176055908203
2019-07-31,52.55856303925224,55.712477735553,51.990200955907056,53.17678451538086,458817307,1.2161602973937988,52.55856303925224,55.712477735553,51.990200955907056,53.17678451538086
2019-08-01,52.86767362323706,53.79500203098973,52.408996119372055,52.68819046020508,435612035,1.215376853942871,52.86767362323706,53.79500203098973,52.408996119372055,52.68819046020508
2019-08-02,52.219543589871,52.23948658771917,51.11273193359375,51.11273193359375,238558440,1.2124298810958862,52.219543589871,52.23948658771917,51.11273193359375,51.11273193359375
2019-08-05,50.30505618864813,50.73481766749684,49.69182143099651,50.035831451416016,192297247,1.215214490890503,50.30505618864813,50.73481766749684,49.69182143099651,50.035831451416016
2019-08-06,50.08568394949635,50.97312628577776,49.70677466079355,50.09565734863281,188055938,1.2158203125,50.08568394949635,50.97312628577776,49.70677466079355,50.09565734863281
2019-08-07,50.19536851757379,50.65404598068191,49.73170435489743,50.09565734863281,168489502,1.2169743776321411,50.19536851757379,50.65404598068191,49.73170435489743,50.09565734863281
2019-08-08,48.67065261379213,49.68296170127411,48.40635561710998,49.62312316894531,210952357,1.2143291234970093,48.67065261379213,49.68296170127411,48.40635561710998,49.62312316894531
2019-08-09,49.12943176252031,50.48084360236511,48.825243683402526,49.368797302246094,195395641,1.2143733501434326,49.12943176252031,50.48084360236511,48.825243683402526,49.368797302246094
2019-08-12,49.742799172162194,49.82258894691024,48.58587407041664,48.61080932617188,345722098,1.2021976709365845,49.742799172162194,49.82258894691024,48.58587407041664,48.61080932617188
2019-08-13,48.22184671802973,49.114474975504166,48.10316264516302,48.84020614624024,166263474,1.207875370979309,48.22184671802973,49.114474975504166,48.10316264516302,48.84020614624024
2019-08-14,48.565931618019526,49.099513426581055,48.2816871742921,48.55097198486328,325393292,1.2064181566238403,48.565931618019526,49.099513426581055,48.2816871742921,48.55097198486328
2019-08-15,48.7803638961886,48.87012550337826,48.028360759991976,48.45124053955078,229528782,1.2060399055480957,48.7803638961886,48.87012550337826,48.028360759991976,48.45124053955078
2019-08-16,48.451231019198666,49.538338108261385,48.38640087949759,49.51839447021485,185436621,1.209160566329956,48.451231019198666,49.538338108261385,48.38640087949759,49.51839447021485
2019-08-19,49.69792159357464,50.04699235587793,49.45855606757669,49.802642822265625,168080218,1.2161011695861816,49.69792159357464,50.04699235587793,49.45855606757669,49.802642822265625
2019-08-20,49.51340909716164,50.23648585641186,49.508421285111496,49.58821105957031,211205623,1.2131506204605103,49.51340909716164,50.23648585641186,49.508421285111496,49.58821105957031
2019-08-21,49.5682617180907,49.83255867784092,49.39372634887695,49.39372634887695,134553553,1.2162343263626099,49.5682617180907,49.83255867784092,49.39372634887695,49.39372634887695
2019-08-22,48.9997769670814,49.907364766671535,48.97982952258001,49.5732536315918,166396754,1.213224172592163,48.9997769670814,49.907364766671535,48.97982952258001,49.5732536315918
2019-08-23,49.7577533320835,50.21653307267664,49.59817760472131,49.85749053955078,207661242,1.2251899242401123,49.7577533320835,50.21653307267664,49.59817760472131,49.85749053955078
2019-08-27,49.45855758940595,51.16402417414055,49.21919205604277,49.62810516357422,250178843,1.222195029258728,49.45855758940595,51.16402417414055,49.21919205604277,49.62810516357422
2019-08-28,49.72285367702071,49.80762746257323,49.084550672365935,49.38375473022461,135079497,1.2283201217651367,49.72285367702071,49.80762746257323,49.084550672365935,49.38375473022461
2019-08-29,49.11447561041376,50.01508209721924,48.29166150281253,49.67299270629883,236282407,1.2218515872955322,49.11447561041376,50.01508209721924,48.29166150281253,49.67299270629883
2019-08-30,49.86247385555136,50.91467760109194,49.588205099134086,49.69791412353516,180755944,1.218650221824646,49.86247385555136,50.91467760109194,49.588205099134086,49.69791412353516
2019-09-02,49.70789157522472,50.63542677171496,49.69791975577879,50.18661880493164,86314017,1.21592378616333,49.70789157522472,50.63542677171496,49.69791975577879,50.18661880493164
2019-09-03,49.77771247334135,50.1666781624227,49.0945267088098,49.45856094360352,203790505,1.2066656351089478,49.77771247334135,50.1666781624227,49.0945267088098,49.45856094360352
2019-09-04,49.1194524019324,50.2863492419295,49.07457351020279,49.46353912353516,158644239,1.2090436220169067,49.1194524019324,50.2863492419295,49.07457351020279,49.46353912353516
2019-09-05,49.1194571562899,50.49580037133397,49.0097481153289,49.89738845825195,189957996,1.2248897552490234,49.1194571562899,50.49580037133397,49.0097481153289,49.89738845825195
2019-09-06,49.43860468663537,50.266406435017885,49.1294250327963,49.9073600769043,225712227,1.2323921918869019,49.43860468663537,50.266406435017885,49.1294250327963,49.9073600769043
2019-09-09,49.21918767483364,50.11979399370678,48.65069886385905,50.04698944091797,296353560,1.2283051013946533,49.21918767483364,50.11979399370678,48.65069886385905,50.04698944091797
2019-09-10,50.03701746324717,52.28105360837891,49.8774417117768,52.18132019042969,357985069,1.2345373630523682,50.03701746324717,52.28105360837891,49.8774417117768,52.18132019042969
2019-09-11,52.81961764327002,53.32826791325921,50.74912029798087,52.4605712890625,282265743,1.2354830503463745,52.81961764327002,53.32826791325921,50.74912029798087,52.4605712890625
2019-09-12,52.24115852407863,52.98318590183143,50.78502562324181,51.80232238769531,225150096,1.233471393585205,52.24115852407863,52.98318590183143,50.78502562324181,51.80232238769531
2019-09-13,52.29102550112503,54.79437063702267,52.271078058041546,54.116172790527344,284918073,1.2329391241073608,52.29102550112503,54.79437063702267,52.271078058041546,54.116172790527344
2019-09-16,53.98652668095564,54.535068116391976,53.7571367644854,53.9765510559082,245083921,1.2497344017028809,53.98652668095564,54.535068116391976,53.7571367644854,53.9765510559082
2019-09-17,53.87681750643885,54.00647399964756,53.01909637451172,53.01909637451172,160744086,1.2428536415100098,53.87681750643885,54.00647399964756,53.01909637451172,53.01909637451172
2019-09-18,52.54036864472744,53.30832816775609,52.500473754147365,52.84954833984375,103292108,1.2502655982971191,52.54036864472744,53.30832816775609,52.500473754147365,52.84954833984375
2019-09-19,53.35818531623846,54.46524360162681,53.05898129968133,53.91670227050781,147625369,1.247053861618042,53.35818531623846,54.46524360162681,53.05898129968133,53.91670227050781
2019-09-20,54.65474826243846,55.71194003290621,54.61485337194847,55.36286544799805,359872566,1.2525050640106201,54.65474826243846,55.71194003290621,54.61485337194847,55.36286544799805
2019-09-23,55.08360205929529,55.08360205929529,53.56763064811735,54.15606689453125,306814617,1.2471938133239746,55.08360205929529,55.08360205929529,53.56763064811735,54.15606689453125
2019-09-24,54.36550976850542,54.73453175627043,53.16869362796876,53.35818862915039,161251870,1.243456244468689,54.36550976850542,54.73453175627043,53.16869362796876,53.35818862915039
2019-09-25,52.58025989211569,53.4589252026419,52.07160958392864,53.22853469848633,106061396,1.2485953569412231,52.58025989211569,53.4589252026419,52.07160958392864,53.22853469848633
2019-09-26,52.94927759129224,53.83293070556995,52.94927759129224,53.44795227050781,166932777,1.2359564304351807,52.94927759129224,53.83293070556995,52.94927759129224,53.44795227050781
2019-09-27,53.29834851614076,54.79437255859375,53.06895861951495,54.79437255859375,146690192,1.2331976890563965,53.29834851614076,54.79437255859375,53.06895861951495,54.79437255859375
2019-09-30,54.59491045291795,55.09358517687575,53.9765510559082,53.9765510559082,163689803,1.2293167114257812,54.59491045291795,55.09358517687575,53.9765510559082,53.9765510559082
2019-10-01,54.36551217419771,54.73453417829206,53.1188254688176,53.23851013183594,181102214,1.2289994955062866,54.36551217419771,54.73453417829206,53.1188254688176,53.23851013183594
2019-10-02,52.92933504301822,53.45693223281874,51.45325831256781,51.46323013305664,152383943,1.2292261123657227,52.92933504301822,53.45693223281874,51.45325831256781,51.46323013305664
2019-10-03,51.20391676446616,51.7225388929757,50.91468453431135,51.48317337036133,163121213,1.230436086654663,51.20391676446616,51.7225388929757,50.91468453431135,51.48317337036133
2019-10-04,51.48317294327589,52.16835222812976,50.98449826283653,51.892086029052734,80988599,1.2342326641082764,51.48317294327589,52.16835222812976,50.98449826283653,51.892086029052734
2019-10-07,51.42333327966683,52.02174136112983,51.049327277606,51.56296157836914,151764633,1.2334411144256592,51.42333327966683,52.02174136112983,51.049327277606,51.56296157836914
2019-10-08,51.98184531854683,52.07160690922881,50.81993625613399,50.84486770629883,150573376,1.2288031578063965,51.98184531854683,52.07160690922881,50.81993625613399,50.84486770629883
2019-10-09,50.844869393429775,51.13410161795631,50.46587557524279,50.56561279296875,126165900,1.2219561338424683,50.844869393429775,51.13410161795631,50.46587557524279,50.56561279296875
2019-10-10,50.685300483834894,52.68997507769104,50.65538121677584,52.5303955078125,177329976,1.2212995290756226,50.685300483834894,52.68997507769104,50.65538121677584,52.5303955078125
2019-10-11,54.40541190925789,59.38218735457141,53.91671280777511,58.97327423095703,577268717,1.2433171272277832,54.40541190925789,59.38218735457141,53.91671280777511,58.97327423095703
2019-10-14,57.59691923429872,59.38217530634979,53.91869547124024,57.63681411743164,238084353,1.261899709701538,57.59691923429872,59.38217530634979,53.91869547124024,57.63681411743164
2019-10-15,59.043081902325774,61.91544907719184,58.33496478146691,60.65878677368164,414215450,1.2611771821975708,59.043081902325774,61.91544907719184,58.33496478146691,60.65878677368164
2019-10-16,61.14748931425721,61.6561358028842,58.84361097262719,60.86822891235352,339229273,1.2760635614395142,61.14748931425721,61.6561358028842,58.84361097262719,60.86822891235352
2019-10-17,59.94069883932277,63.999910689197314,59.63152295292746,60.79841995239258,422661563,1.2823801040649414,59.94069883932277,63.999910689197314,59.63152295292746,60.79841995239258
2019-10-18,58.89347139765467,60.98790706792497,58.789746986200825,60.03044891357422,275527472,1.286860466003418,58.89347139765467,60.98790706792497,58.789746986200825,60.03044891357422
2019-10-21,60.60891934499566,61.875553452826615,60.38152305819376,61.27714157104492,208820352,1.2900229692459106,60.60891934499566,61.875553452826615,60.38152305819376,61.27714157104492
2019-10-22,60.83831038400255,61.36989853138694,60.19003178430589,60.24987411499024,226387761,1.297168254852295,60.83831038400255,61.36989853138694,60.19003178430589,60.24987411499024
2019-10-23,59.1128952207706,60.36955370202397,58.773796296529895,60.120216369628906,180666862,1.2884771823883057,59.1128952207706,60.36955370202397,58.773796296529895,60.120216369628906
2019-10-24,59.75119898916866,60.41942502738814,59.362233354117926,59.69135665893555,148795844,1.2923235893249512,59.75119898916866,60.41942502738814,59.362233354117926,59.69135665893555
2019-10-25,59.5018625225297,60.2937566341272,58.70398379736289,59.84096145629883,125517754,1.2840267419815063,59.5018625225297,60.2937566341272,58.70398379736289,59.84096145629883
2019-10-28,59.74123002265255,60.29375863272209,58.34493935388751,58.77379989624024,165849265,1.283202886581421,59.74123002265255,60.29375863272209,58.34493935388751,58.77379989624024
2019-10-29,58.564351496783,58.64413746155831,57.61686891084289,58.105567932128906,173093174,1.2857435941696167,58.564351496783,58.64413746155831,57.61686891084289,58.105567932128906
2019-10-30,58.57432871169864,58.70797240264566,56.769124961756006,57.44732284545898,190908171,1.2866700887680054,58.57432871169864,58.70797240264566,56.769124961756006,57.44732284545898
2019-10-31,56.51978809411924,56.90875755199591,55.710940721781775,56.649444580078125,243006993,1.290172815322876,56.51978809411924,56.90875755199591,55.710940721781775,56.649444580078125
2019-11-01,56.83894480520998,57.30769644289685,53.597559208151296,57.15809631347656,95425617,1.2939623594284058,56.83894480520998,57.30769644289685,53.597559208151296,57.15809631347656
2019-11-04,57.666733377488605,58.359890802434975,57.63681411743164,57.63681411743164,135441291,1.2937614917755127,57.666733377488605,58.359890802434975,57.63681411743164,57.63681411743164
2019-11-05,58.364880392746514,58.40477527709531,57.08827453026976,57.93601989746094,178387949,1.2891582250595093,58.364880392746514,58.40477527709531,57.08827453026976,57.93601989746094
2019-11-06,58.33496691548763,58.60424790007631,56.83894284535248,57.25782775878906,123499131,1.288062334060669,58.33496691548763,58.60424790007631,56.83894284535248,57.25782775878906
2019-11-07,57.33761785505642,57.71660788230165,56.86886242633325,57.04838562011719,117904893,1.2856775522232056,57.33761785505642,57.71660788230165,56.86886242633325,57.04838562011719
2019-11-08,56.92869602845749,59.47193581091381,56.10588215056666,56.13081359863281,94560112,1.2779992818832397,56.92869602845749,59.47193581091381,56.10588215056666,56.13081359863281
2019-11-11,55.8116673867917,58.80371536569944,55.26312601824244,58.38483047485352,268318851,1.2796396017074585,55.8116673867917,58.80371536569944,55.26312601824244,58.38483047485352
2019-11-12,58.54440471399079,59.45199242547511,58.02578262105894,59.43204498291016,242523901,1.2858428955078125,58.54440471399079,59.45199242547511,58.02578262105894,59.43204498291016
2019-11-13,58.963289594097866,59.54175401472458,58.41474823961141,59.43204498291016,144150286,1.285214900970459,58.963289594097866,59.54175401472458,58.41474823961141,59.43204498291016
2019-11-14,59.45199482968498,59.8010655772238,58.53443145751953,58.53443145751953,198271969,1.2853800058364868,59.45199482968498,59.8010655772238,58.53443145751953,58.53443145751953
2019-11-15,59.04307995730991,59.48191228438901,57.88615490902348,59.01315689086914,137014297,1.2881784439086914,59.04307995730991,59.48191228438901,57.88615490902348,59.01315689086914
2019-11-18,59.1128943845345,60.368556046555504,58.81369035081025,59.58164978027344,152286421,1.2921231985092163,59.1128943845345,60.368556046555504,58.81369035081025,59.58164978027344
2019-11-19,59.9008025458706,60.49921062619632,59.14281491923317,59.32233810424805,208022904,1.2950851917266846,59.9008025458706,60.49921062619632,59.14281491923317,59.32233810424805
2019-11-20,58.7039860154356,59.00319007310505,58.31502036000671,58.95332336425781,301277076,1.2929502725601196,58.7039860154356,59.00319007310505,58.31502036000671,58.95332336425781
2019-11-21,58.74387751935002,58.973267410498,58.025784778653176,58.54440689086914,119287563,1.2927078008651733,58.74387751935002,58.973267410498,58.025784778653176,58.54440689086914
2019-11-22,58.58429575214518,59.970610580398194,58.39280335976461,59.63151168823242,125003884,1.2919896841049194,58.58429575214518,59.970610580398194,58.39280335976461,59.63151168823242
2019-11-25,60.12021624096148,61.00785653365446,59.936705851786,60.70865249633789,163456376,1.2853471040725708,60.12021624096148,61.00785653365446,59.936705851786,60.70865249633789
2019-11-26,61.0178291148144,61.34695239807502,60.23989789566608,61.05772399902344,222672714,1.289723515510559,61.0178291148144,61.34695239807502,60.23989789566608,61.05772399902344
2019-11-27,61.21730556684317,61.67608536522377,60.66876417272847,61.53645706176758,182874222,1.2860909700393677,61.21730556684317,61.67608536522377,60.66876417272847,61.53645706176758
2019-11-28,61.65614505379629,62.52383804321289,61.50654110873748,62.52383804321289,136719335,1.2929919958114624,61.65614505379629,62.52383804321289,61.50654110873748,62.52383804321289
2019-11-29,62.34430307668079,62.34430307668079,60.788440603423474,60.987911224365234,174083857,1.29128897190094,62.34430307668079,62.34430307668079,60.788440603423474,60.987911224365234
2019-12-02,60.7884453018428,61.1275442422775,59.562702825942125,59.78112030029297,262730384,1.29128897190094,60.7884453018428,61.1275442422775,59.562702825942125,59.78112030029297
2019-12-03,59.91077279237831,60.32966148127782,58.68403359670624,59.01315689086914,236341970,1.294062852859497,59.91077279237831,60.32966148127782,58.68403359670624,59.01315689086914
2019-12-04,58.89348276370939,60.54908265641808,58.88351094348095,60.409454345703125,148789571,1.2997816801071167,58.89348276370939,60.54908265641808,58.88351094348095,60.409454345703125
2019-12-05,60.41943497011544,61.11757658146016,59.97062693097496,60.34961700439453,106188347,1.311131477355957,60.41943497011544,61.11757658146016,59.97062693097496,60.34961700439453
2019-12-06,60.5490877435152,61.37688966171128,60.16012204396242,61.30707550048828,124861666,1.3158414363861084,60.5490877435152,61.37688966171128,60.16012204396242,61.30707550048828
2019-12-09,60.997890431396456,62.583676162845634,60.997890431396456,61.9653205871582,192451264,1.3139568567276,60.997890431396456,62.583676162845634,60.997890431396456,61.9653205871582
2019-12-10,61.93539504070639,62.0351322615619,60.51716714279051,61.317039489746094,227490773,1.314578652381897,61.93539504070639,62.0351322615619,60.51716714279051,61.317039489746094
2019-12-11,61.16743769981549,61.307066000625305,60.17906336396052,60.23990249633789,253463553,1.3131287097930908,61.16743769981549,61.307066000625305,60.17906336396052,60.23990249633789
2019-12-12,60.31968956434002,61.137515745044745,60.080327845618896,60.95799255371094,194555350,1.3200099468231201,60.31968956434002,61.137515745044745,60.080327845618896,60.95799255371094
2019-12-13,69.61499524823782,73.46476476685177,60.55906033869136,64.15949249267578,704768575,1.347527265548706,69.61499524823782,73.46476476685177,60.55906033869136,64.15949249267578
2019-12-16,64.81774243548752,67.6701626389116,64.50856652274662,67.0717544555664,377850950,1.335327386856079,64.81774243548752,67.6701626389116,64.50856652274662,67.0717544555664
2019-12-17,65.07704560130146,65.07704560130146,62.77316721496079,63.1322135925293,738728534,1.3272457122802734,65.07704560130146,65.07704560130146,62.77316721496079,63.1322135925293
2019-12-18,63.01252775922927,63.41146899271188,62.43406335113804,63.19205093383789,219003810,1.3122154474258423,63.01252775922927,63.41146899271188,62.43406335113804,63.19205093383789
2019-12-19,63.11226919349091,64.12956984873566,62.83301257728164,63.75057220458984,381375356,1.3087291717529297,63.11226919349091,64.12956984873566,62.83301257728164,63.75057220458984
2019-12-20,64.0298257215347,64.15948600790736,62.16478729248047,62.16478729248047,362116302,1.3017443418502808,64.0298257215347,64.15948600790736,62.16478729248047,62.16478729248047
2019-12-23,61.83565891872223,62.31438614412333,61.60626902767081,62.03512954711914,284390412,1.3005423545837402,61.83565891872223,62.31438614412333,61.60626902767081,62.03512954711914
2019-12-24,62.32436072185193,63.5810191918616,62.18472862110799,63.25189208984375,64065960,1.2944984436035156,62.32436072185193,63.5810191918616,62.18472862110799,63.25189208984375
2019-12-27,63.83036129493937,64.3390116170766,62.79311701079597,63.01253509521485,77395979,1.3002209663391113,63.83036129493937,64.3390116170766,62.79311701079597,63.01253509521485
2019-12-30,63.202023633068166,63.44138913740941,62.87290034475778,62.95268630981445,62060981,1.3091918230056763,63.202023633068166,63.44138913740941,62.87290034475778,62.95268630981445
2019-12-31,62.71332915122155,62.98361073789,62.13486469318438,62.33433532714844,51827760,1.3113033771514893,62.71332915122155,62.98361073789,62.13486469318438,62.33433532714844
2020-01-02,63.58101732127655,63.67077890967825,63.07237085672401,63.54112243652344,157613349,1.3250298500061035,63.58101732127655,63.67077890967825,63.07237085672401,63.54112243652344
2020-01-03,63.63088938130598,63.63088938130598,62.28446924652592,62.88287734985352,198856652,1.3152703046798706,63.63088938130598,63.63088938130598,62.28446924652592,62.88287734985352
2020-01-06,63.03247735043666,63.156149213124536,61.90746516422664,63.08234405517578,136196286,1.308010220527649,63.03247735043666,63.156149213124536,61.90746516422664,63.08234405517578
2020-01-07,62.942718505859375,63.52117915432203,62.72330042993258,62.942718505859375,107254282,1.317002534866333,62.942718505859375,63.52117915432203,62.72330042993258,62.942718505859375
2020-01-08,62.414119424585806,62.7033478227066,61.84562683790051,62.62356185913086,157679455,1.31137216091156,62.414119424585806,62.7033478227066,61.84562683790051,62.62356185913086
2020-01-09,63.28181934587603,63.33168605429292,61.58233361690863,61.6860580444336,173659260,1.3105130195617676,63.28181934587603,63.33168605429292,61.58233361690863,61.6860580444336
2020-01-10,61.336978888847575,61.59628801988852,59.93071659821352,60.17008209228516,224795444,1.3070186376571655,61.336978888847575,61.59628801988852,59.93071659821352,60.17008209228516
2020-01-13,59.59162601888425,61.58632479775903,58.48955540010625,58.58430480957031,250375742,1.3045634031295776,59.59162601888425,61.58632479775903,58.48955540010625,58.58430480957031
2020-01-14,58.59427261352539,58.849594557145856,58.12551721514976,58.59427261352539,235807714,1.2988194227218628,58.59427261352539,58.849594557145856,58.12551721514976,58.59427261352539
2020-01-15,58.713952817858,58.7538477033609,57.53708032762215,57.65676498413086,237998772,1.3022528886795044,58.713952817858,58.7538477033609,57.53708032762215,57.65676498413086
2020-01-16,57.80636333263237,58.02777499445076,57.088274438437104,57.746524810791016,152237722,1.3041210174560547,57.80636333263237,58.02777499445076,57.088274438437104,57.746524810791016
2020-01-17,58.15544615257776,58.57433108351636,57.736557417053056,58.29507446289063,185978030,1.3078734874725342,58.15544615257776,58.57433108351636,57.736557417053056,58.29507446289063
2020-01-20,58.55437529233388,58.55437529233388,57.6078933217997,57.746524810791016,72762048,1.3007283210754395,58.55437529233388,58.55437529233388,57.6078933217997,57.746524810791016
2020-01-21,57.36753072372776,58.48456084584364,57.07829852103262,58.34493255615234,266967743,1.3005592823028564,57.36753072372776,58.48456084584364,57.07829852103262,58.34493255615234
2020-01-22,58.22525210211132,58.40477527709531,57.68668257715935,57.93601989746094,163118813,1.3048017024993896,58.22525210211132,58.40477527709531,57.68668257715935,57.93601989746094
2020-01-23,57.80636550810075,58.69400579161805,57.24785232543945,57.24785232543945,167221590,1.3144749402999878,57.80636550810075,58.69400579161805,57.24785232543945,57.24785232543945
2020-01-24,57.94599171625534,59.1029167302713,57.69665439595376,57.93601989746094,146725561,1.311991572380066,57.94599171625534,59.1029167302713,57.69665439595376,57.93601989746094
2020-01-27,57.04838357242985,57.63681984102573,56.57962816053212,56.958621978759766,156667186,1.3061821460723877,57.04838357242985,57.63681984102573,56.57962816053212,56.958621978759766
2020-01-28,57.34758484127709,58.08562499846947,56.67038381327204,57.487213134765625,114274583,1.3060115575790405,57.34758484127709,58.08562499846947,56.67038381327204,57.487213134765625
2020-01-29,57.80636352781743,58.29107534021403,57.27776962531093,57.34758377075195,105528590,1.3024563789367676,57.80636352781743,58.29107534021403,57.27776962531093,57.34758377075195
2020-01-30,56.848908356524646,58.11055457359805,56.848908356524646,57.77644348144531,134419233,1.3022021055221558,56.848908356524646,58.11055457359805,56.848908356524646,57.77644348144531
2020-01-31,58.324988138317856,58.324988138317856,56.20063300827548,56.63946914672852,179297410,1.3089004755020142,58.324988138317856,58.324988138317856,56.20063300827548,56.63946914672852
2020-02-03,56.82896888778652,57.04838697530941,56.04106194130527,56.40010833740234,153681928,1.31816565990448,56.82896888778652,57.04838697530941,56.04106194130527,56.40010833740234
2020-02-04,57.16806059545058,57.437345358402645,56.6793615773634,57.34758377075195,113644729,1.2997479438781738,57.16806059545058,57.437345358402645,56.6793615773634,57.34758377075195
2020-02-05,57.50717046132189,58.173399178809085,56.988548278808594,56.988548278808594,194283019,1.3032711744308472,57.50717046132189,58.173399178809085,56.988548278808594,56.988548278808594
2020-02-06,57.49719086029482,58.115546384600485,56.69432433879941,56.79904556274414,142821635,1.2997140884399414,57.49719086029482,58.115546384600485,56.69432433879941,56.79904556274414
2020-02-07,56.66939728039082,56.92871027635933,56.05104166664385,56.76913070678711,124996718,1.2930254936218262,56.66939728039082,56.92871027635933,56.05104166664385,56.76913070678711
2020-02-10,56.50981091098838,57.00848555856314,56.330287733494615,56.72922897338867,203893458,1.2891582250595093,56.50981091098838,57.00848555856314,56.330287733494615,56.72922897338867
2020-02-11,57.34758357787943,57.34758357787943,56.20063038448762,56.57962417602539,164536871,1.2918227910995483,57.34758357787943,57.34758357787943,56.20063038448762,56.57962417602539
2020-02-12,56.60954855363874,57.487217064312816,56.05602315364021,57.28774642944336,125454586,1.2956557273864746,56.60954855363874,57.487217064312816,56.05602315364021,57.28774642944336
2020-02-13,57.28775005328434,57.9958710420937,56.05103888711791,57.87618637084961,171006145,1.295756459236145,57.28775005328434,57.9958710420937,56.05103888711791,57.87618637084961
2020-02-14,57.97592102052389,58.04573517335409,56.40010716044546,56.4599494934082,141080959,1.3046824932098389,57.97592102052389,58.04573517335409,56.40010716044546,56.4599494934082
2020-02-17,56.51978672070496,57.05835629121389,56.380158418258766,56.71925735473633,82623091,1.3052955865859985,56.51978672070496,57.05835629121389,56.380158418258766,56.71925735473633
2020-02-18,56.05102782444606,56.83893463399118,55.731876373291016,55.731876373291016,166751570,1.3008975982666016,56.05102782444606,56.83893463399118,55.731876373291016,55.731876373291016
2020-02-19,56.0510336288638,56.25050425763842,55.482544809836895,55.63214492797852,115708021,1.3002209663391113,56.0510336288638,56.25050425763842,55.482544809836895,55.63214492797852
2020-02-20,55.84159510310562,57.97592223036484,55.7618053241569,56.40010833740234,250479278,1.2928247451782227,55.84159510310562,57.97592223036484,55.7618053241569,56.40010833740234
2020-02-21,55.53240849283702,55.911402286418735,55.02375822692211,55.20328140258789,325612555,1.2883278131484985,55.53240849283702,55.911402286418735,55.02375822692211,55.20328140258789
2020-02-24,53.73719019583199,54.2358649279269,52.16137621621065,52.96923065185547,290401275,1.29537034034729,53.73719019583199,54.2358649279269,52.16137621621065,52.96923065185547
2020-02-25,53.3781347284708,53.705264414588505,51.84221590096895,51.87213516235352,328451066,1.292657732963562,53.3781347284708,53.705264414588505,51.84221590096895,51.87213516235352
2020-02-26,51.96190254929488,52.181320636160656,50.88476716881552,51.77240753173828,323387690,1.3003394603729248,51.96190254929488,52.181320636160656,50.88476716881552,51.77240753173828
2020-02-27,51.03436750241952,51.15405217096586,49.44858559233423,50.2165412902832,318291781,1.2906889915466309,51.03436750241952,51.15405217096586,49.44858559233423,50.2165412902832
2020-02-28,48.66566182282712,50.36614436470816,47.75408682092055,50.06694030761719,616992296,1.2888922691345215,48.66566182282712,50.36614436470816,47.75408682092055,50.06694030761719
2020-03-02,51.35351958022488,51.9309834219417,48.50409024191213,49.408687591552734,354681470,1.2807048559188843,51.35351958022488,51.9309834219417,48.50409024191213,49.408687591552734
2020-03-03,50.37611367882431,50.665345901612575,48.41632206617098,48.54597854614258,276224597,1.2767152786254883,50.37611367882431,50.665345901612575,48.41632206617098,48.54597854614258
2020-03-04,47.87775100011502,49.01572531848497,47.55361173844135,48.23679733276367,271341849,1.2820841073989868,47.87775100011502,49.01572531848497,47.55361173844135,48.23679733276367
2020-03-05,48.23679923282241,48.42828782774853,46.08252495665851,46.87541580200195,255914487,1.2874983549118042,48.23679923282241,48.42828782774853,46.08252495665851,46.87541580200195
2020-03-06,45.33949613142772,46.53631599602792,44.72712527275076,45.55891418457031,345739690,1.295068383216858,45.33949613142772,46.53631599602792,44.72712527275076,45.55891418457031
2020-03-09,40.641986850835394,43.89733513551114,39.26265324963048,41.12570190429688,496506848,1.3099292516708374,40.641986850835394,43.89733513551114,39.26265324963048,41.12570190429688
2020-03-10,42.17791072535233,44.88072692247156,41.47976532341884,42.42226028442383,494209542,1.3075313568115234,42.17791072535233,44.88072692247156,41.47976532341884,42.42226028442383
2020-03-11,42.52697245155112,44.09380730940152,41.51466354677193,42.00835037231445,372371693,1.2909722328186035,42.52697245155112,44.09380730940152,41.51466354677193,42.00835037231445
2020-03-12,39.75434590014744,41.055887112825765,36.51296049630663,36.89693832397461,543757343,1.2818212509155273,39.75434590014744,41.055887112825765,36.51296049630663,36.89693832397461
2020-03-13,38.44282476232998,40.02761341020547,36.98171177308721,37.7895622253418,408864062,1.257023572921753,38.44282476232998,40.02761341020547,36.98171177308721,37.7895622253418
2020-03-16,35.405902904385066,35.86668011259543,32.11465071926082,35.016937255859375,536586936,1.2399870157241821,35.405902904385066,35.86668011259543,32.11465071926082,35.016937255859375
2020-03-17,35.90457338140514,36.45710572400169,31.51623701524751,35.226375579833984,441849428,1.2266627550125122,35.90457338140514,36.45710572400169,31.51623701524751,35.226375579833984
2020-03-18,33.53586558473749,34.34371977590895,32.06477709207376,33.54583740234375,358206359,1.2121652364730835,33.53586558473749,34.34371977590895,32.06477709207376,33.54583740234375
2020-03-19,33.191788418150175,34.12730192661809,30.61862882021608,32.289188385009766,698106099,1.1625338792800903,33.191788418150175,34.12730192661809,30.61862882021608,32.289188385009766
2020-03-20,33.660547573079974,34.4534386452665,31.316775731977227,32.01491928100586,675068283,1.149438500404358,33.660547573079974,34.4534386452665,31.316775731977227,32.01491928100586
2020-03-23,29.870614261451635,31.90620277964404,29.737965471827327,30.488969802856445,380314599,1.162304162979126,29.870614261451635,31.90620277964404,29.737965471827327,30.488969802856445
2020-03-24,31.28685455479398,33.55582427978516,30.668497029706337,33.55582427978516,386440167,1.1595547199249268,31.28685455479398,33.55582427978516,30.668497029706337,33.55582427978516
2020-03-25,35.14658879114187,38.389967414629226,32.91252482591094,36.63263702392578,431074933,1.1792036294937134,35.14658879114187,38.389967414629226,32.91252482591094,36.63263702392578
2020-03-26,35.04685784091684,37.83943544252159,34.308821404247105,37.460445404052734,337909827,1.1851149797439575,35.04685784091684,37.83943544252159,34.308821404247105,37.460445404052734
2020-03-27,35.40590757352983,36.87899398552146,33.43115600203544,34.303836822509766,391858874,1.2200626134872437,35.40590757352983,36.87899398552146,33.43115600203544,34.303836822509766
2020-03-30,34.04452438116136,36.87899459386765,32.30415052433373,33.41120910644531,266071926,1.245319128036499,34.04452438116136,36.87899459386765,32.30415052433373,33.41120910644531
2020-03-31,31.925150118150896,36.87898706078954,31.6309338944086,31.915178298950195,434167505,1.2371643781661987,31.925150118150896,36.87898706078954,31.6309338944086,31.915178298950195
2020-04-01,29.92048036308037,30.91782970851638,28.13522412164931,28.195066452026367,633114108,1.2408487796783447,29.92048036308037,30.91782970851638,28.13522412164931,28.195066452026367
2020-04-02,27.87092616521702,29.7210086788252,27.75523442138572,28.82838249206543,480846533,1.238236665725708,27.87092616521702,29.7210086788252,27.75523442138572,28.82838249206543
2020-04-03,28.409495949058712,28.78250323978265,27.62657688614103,27.65151023864746,319660657,1.2394952774047852,28.409495949058712,28.78250323978265,27.62657688614103,27.65151023864746
2020-04-06,28.44939116960487,29.860641479492188,28.073391542648206,29.860641479492188,334338098,1.2220158576965332,28.44939116960487,29.860641479492188,28.073391542648206,29.860641479492188
2020-04-07,30.5587845189074,32.2393196007018,30.16981886785721,31.13724708557129,470424722,1.2240501642227173,30.5587845189074,32.2393196007018,30.16981886785721,31.13724708557129
2020-04-08,29.93544187428927,31.77555274963379,29.833712949928984,31.77555274963379,257197311,1.2338672876358032,29.93544187428927,31.77555274963379,29.833712949928984,31.77555274963379
2020-04-09,32.01490934060502,35.261282208295164,31.93512337914537,33.301490783691406,371893146,1.23931086063385,32.01490934060502,35.261282208295164,31.93512337914537,33.301490783691406
2020-04-14,32.92748964959632,33.311471297034295,31.620962475486504,31.70075035095215,286063632,1.2523951530456543,32.92748964959632,33.311471297034295,31.620962475486504,31.70075035095215
2020-04-15,31.351675773151143,31.606000918536235,29.60132852946439,29.666156768798828,333883339,1.26262629032135,31.351675773151143,31.606000918536235,29.60132852946439,29.666156768798828
2020-04-16,29.646209686168763,30.81809440663796,29.0577734199275,29.356977462768555,246071360,1.252097249031067,29.646209686168763,30.81809440663796,29.0577734199275,29.356977462768555
2020-04-17,30.169814971527572,31.217030928630447,29.81076863090134,30.369285583496094,313340055,1.2487823963165283,30.169814971527572,31.217030928630447,29.81076863090134,30.369285583496094
2020-04-20,30.56875309252117,30.85898207964185,29.52153717654986,30.040159225463867,184756278,1.248751163482666,30.56875309252117,30.85898207964185,29.52153717654986,30.040159225463867
2020-04-21,29.222335480111123,30.0910270616124,29.04780010306994,29.142547607421875,307829234,1.2442762851715088,29.222335480111123,30.0910270616124,29.04780010306994,29.142547607421875
2020-04-22,29.45172698288725,30.100003679764946,29.322070502135965,29.83570671081543,158235468,1.2298610210418701,29.45172698288725,30.100003679764946,29.322070502135965,29.83570671081543
2020-04-23,29.86562549845924,30.34435272216797,29.381910462797123,30.34435272216797,180356670,1.2323921918869019,29.86562549845924,30.34435272216797,29.381910462797123,30.34435272216797
2020-04-24,29.571407559679347,30.26955285881224,25.606943551495696,29.65618324279785,204121119,1.235223650932312,29.571407559679347,30.26955285881224,25.606943551495696,29.65618324279785
2020-04-27,30.598677616956035,30.81809378378541,29.920479771110667,30.45406150817871,173245463,1.2366595268249512,30.598677616956035,30.81809378378541,29.920479771110667,30.45406150817871
2020-04-28,30.498940779403377,35.665208430380794,30.38923175032618,33.15687561035156,464384721,1.2422668933868408,30.498940779403377,35.665208430380794,30.38923175032618,33.15687561035156
2020-04-29,33.11199937814422,34.66786193847656,32.67316322659541,34.66786193847656,419861412,1.2435646057128906,33.11199937814422,34.66786193847656,32.67316322659541,34.66786193847656
2020-04-30,34.667861853064856,34.83641642004856,31.513247643761417,32.154544830322266,612396060,1.2471472024917603,34.667861853064856,34.83641642004856,31.513247643761417,32.154544830322266
2020-05-01,31.89523131385272,31.99895573612344,30.314433529139404,31.60101318359375,348622494,1.2581465244293213,31.89523131385272,31.99895573612344,30.314433529139404,31.60101318359375
2020-05-04,31.28685178949582,31.36165185377625,30.269554936020512,30.518892288208008,315203318,1.2454230785369873,31.28685178949582,31.36165185377625,30.269554936020512,30.518892288208008
2020-05-05,30.917828202276503,31.625945289937768,30.242622682655632,30.49894142150879,342698821,1.244555115699768,30.917828202276503,31.625945289937768,30.242622682655632,30.49894142150879
2020-05-06,30.46902259503143,30.673479140477173,29.930454922612896,30.090030670166016,244033168,1.2444202899932861,30.46902259503143,30.673479140477173,29.930454922612896,30.090030670166016
2020-05-07,30.020211941606785,31.20207023620605,29.940424079994443,31.20207023620605,178698841,1.232559323310852,30.020211941606785,31.20207023620605,29.940424079994443,31.20207023620605
2020-05-11,32.274229325006374,32.30913640412916,30.10000718499441,30.33438491821289,245474742,1.2417423725128174,32.274229325006374,32.30913640412916,30.10000718499441,30.33438491821289
2020-05-12,30.284513373574487,30.66849310906888,29.8057861328125,29.8057861328125,229354893,1.2333498001098633,30.284513373574487,30.66849310906888,29.8057861328125,29.8057861328125
2020-05-13,29.32207111454177,29.686103406527675,28.8283842413896,28.93310546875,317689230,1.2254902124404907,29.32207111454177,29.686103406527675,28.8283842413896,28.93310546875
2020-05-14,28.42445339613709,28.703711868713985,27.048112279227663,28.53914833068848,351891252,1.224155068397522,28.42445339613709,28.703711868713985,27.048112279227663,28.53914833068848
2020-05-15,28.823400690239453,29.25625039627728,28.00557438983224,28.429447174072266,202822408,1.2233912944793701,28.823400690239453,29.25625039627728,28.00557438983224,28.429447174072266
2020-05-18,28.92313368808241,29.6063175201416,28.10530745368284,29.6063175201416,252925271,1.2085760831832886,28.92313368808241,29.6063175201416,28.10530745368284,29.6063175201416
2020-05-19,30.30445903541018,30.48597581861284,29.022865323280016,29.50657844543457,244544366,1.2200031280517578,30.30445903541018,30.48597581861284,29.022865323280016,29.50657844543457
2020-05-20,29.042814856114077,29.980321906035893,28.412490076795457,29.785839080810547,294630047,1.2255953550338745,29.042814856114077,29.980321906035893,28.412490076795457,29.785839080810547
2020-05-21,29.56143351860488,29.587365575146677,28.314746856689453,28.314746856689453,407927400,1.2236906290054321,29.56143351860488,29.587365575146677,28.314746856689453,28.314746856689453
2020-05-22,27.845998619534,28.783507699125813,27.526847078130807,28.045469284057617,277027472,1.2223445177078247,27.845998619534,28.783507699125813,27.526847078130807,28.045469284057617
2020-05-26,29.247271097755892,30.169818506031408,28.92313179090614,29.99528312683105,417226860,1.220137119293213,29.247271097755892,30.169818506031408,28.92313179090614,29.99528312683105
2020-05-27,30.28950138505314,31.96005892658365,30.03019031902719,31.73067092895508,591610487,1.23350191116333,30.28950138505314,31.96005892658365,30.03019031902719,31.73067092895508
2020-05-28,32.29915881691351,32.74298280249517,30.88292448757606,31.296823501586918,299899964,1.2264822721481323,32.29915881691351,32.74298280249517,30.88292448757606,31.296823501586918
2020-05-29,30.80313383660638,30.982657017758072,29.79082489013672,29.79082489013672,492167786,1.2321492433547974,30.80313383660638,30.982657017758072,29.79082489013672,29.79082489013672
2020-06-01,30.424139700650844,31.10732534397147,30.194749817136817,30.778200149536133,197136712,1.2347996234893799,30.424139700650844,31.10732534397147,30.194749817136817,30.778200149536133
2020-06-02,30.98764446178012,32.38393509441608,30.68844041323981,31.845365524291992,532592449,1.248704433441162,30.98764446178012,32.38393509441608,30.68844041323981,31.845365524291992
2020-06-03,32.50860402520234,33.884943420420306,32.354012285293635,33.67051315307617,396549439,1.2581465244293213,32.50860402520234,33.884943420420306,32.354012285293635,33.67051315307617
2020-06-04,33.62064969292227,34.00961537716826,32.80282343256242,33.79518508911133,337816563,1.2575136423110962,33.62064969292227,34.00961537716826,32.80282343256242,33.79518508911133
2020-06-05,34.41852259022704,35.86467983283512,34.1193185618288,35.45077896118164,457376990,1.2609069347381592,34.41852259022704,35.86467983283512,34.1193185618288,35.45077896118164
2020-06-08,35.10669839889766,38.01895671766527,34.90722776503741,36.78224563598633,513534214,1.2725722789764404,35.10669839889766,38.01895671766527,34.90722776503741,36.78224563598633
2020-06-09,36.85206388682275,37.20312828470224,34.68182893196215,35.13163375854492,425439479,1.2735283374786377,36.85206388682275,37.20312828470224,34.68182893196215,35.13163375854492
2020-06-10,35.839745240291734,36.87200152072592,34.573111286713136,34.92716979980469,305961335,1.2711325883865356,35.839745240291734,36.87200152072592,34.573111286713136,34.92716979980469
2020-06-11,33.411201354125346,33.45608024616113,31.91517741289585,31.96005630493164,315551500,1.2710679769515991,33.411201354125346,33.45608024616113,31.91517741289585,31.96005630493164
2020-06-12,31.157193929897748,32.84271488915028,30.57873137437166,31.845365524291992,338964066,1.257703423500061,31.157193929897748,32.84271488915028,30.57873137437166,31.845365524291992
2020-06-15,30.364301333527138,32.852686951985746,30.808121499807758,31.44642639160156,224145197,1.2508755922317505,30.364301333527138,32.852686951985746,30.808121499807758,31.44642639160156
2020-06-16,32.847703518102165,33.98966902581316,32.27422685813048,33.0621337890625,343539819,1.2637752294540405,32.847703518102165,33.98966902581316,32.27422685813048,33.0621337890625
2020-06-17,33.007281072552416,33.64558410809281,32.19443884061184,32.4886589050293,183578500,1.258510708808899,33.007281072552416,33.64558410809281,32.19443884061184,32.4886589050293
2020-06-18,32.149553305194104,33.04716533690895,31.810454411990165,32.34403610229492,140368209,1.2552721500396729,32.149553305194104,33.04716533690895,31.810454411990165,32.34403610229492
2020-06-19,32.852676686237324,32.852676686237324,31.99495968997971,32.1495475769043,320598770,1.2426837682724,32.852676686237324,32.852676686237324,31.99495968997971,32.1495475769043
2020-06-22,31.74064225809628,32.12462006487715,31.2270060746378,31.561119079589844,442958262,1.234811782836914,31.74064225809628,32.12462006487715,31.2270060746378,31.561119079589844
2020-06-23,31.78054025359176,32.86465900800135,31.675819017043224,32.658206939697266,171134869,1.250156283378601,31.78054025359176,32.86465900800135,31.675819017043224,32.658206939697266
2020-06-24,32.398893349428924,33.06711556928798,31.526212692260746,31.526212692260746,183221384,1.2524893283843994,32.398893349428924,33.06711556928798,31.526212692260746,31.526212692260746
2020-06-25,31.21703095107544,31.81544088511851,30.43411193731911,31.53618431091309,238814859,1.2412954568862915,31.21703095107544,31.81544088511851,30.43411193731911,31.53618431091309
2020-06-26,31.98499521396195,32.094704257588646,30.910850236222952,31.002605438232425,165673375,1.2425447702407837,31.98499521396195,32.094704257588646,30.910850236222952,31.002605438232425
2020-06-29,30.90785271834517,31.401541429138312,30.319416514580407,31.172149658203125,219927377,1.2342174053192139,30.90785271834517,31.401541429138312,30.319416514580407,31.172149658203125
2020-06-30,31.18212877154524,31.49629436910934,30.558785388763397,31.09236717224121,216798060,1.2310571670532227,31.18212877154524,31.49629436910934,30.558785388763397,31.09236717224121
2020-07-01,31.08738302111498,31.26690622988048,30.38923763198097,30.618629455566406,214762975,1.2389271259307861,31.08738302111498,31.26690622988048,30.38923763198097,30.618629455566406
2020-07-02,31.07740946120088,31.999956963838827,30.833059905327172,31.765581130981445,246512863,1.2464786767959595,31.07740946120088,31.999956963838827,30.833059905327172,31.765581130981445
2020-07-03,31.70075004293172,31.95507520133375,30.64356022771086,30.94276428222656,133792963,1.2466403245925903,31.70075004293172,31.95507520133375,30.64356022771086,30.94276428222656
2020-07-06,30.748281727655584,31.915180594223603,30.663507942302815,31.12228775024414,239588682,1.247551679611206,30.748281727655584,31.915180594223603,30.663507942302815,31.12228775024414
2020-07-07,30.818095493655896,31.30679646209,30.62660497557507,30.658519744873047,151273183,1.249547004699707,30.818095493655896,31.30679646209,30.62660497557507,30.658519744873047
2020-07-08,30.399207174185516,30.97268380083997,30.24960515488653,30.63857078552246,170320859,1.2542802095413208,30.399207174185516,30.97268380083997,30.24960515488653,30.63857078552246
2020-07-09,30.917829549553986,31.02753858572161,29.55146011632289,29.65618324279785,218302938,1.2613521814346313,30.917829549553986,31.02753858572161,29.55146011632289,29.65618324279785
2020-07-10,29.396875120354945,30.4291316384274,29.16748520573731,30.374277114868164,225317607,1.2605094909667969,29.396875120354945,30.4291316384274,29.16748520573731,30.374277114868164
2020-07-13,30.91783087145914,31.18711566140604,30.1997400005604,30.55878448486328,147069644,1.2627506256103516,30.91783087145914,31.18711566140604,30.1997400005604,30.55878448486328
2020-07-14,30.040167147928685,30.738310641932724,29.840696491188577,30.025205612182617,204167953,1.255177617073059,30.040167147928685,30.738310641932724,29.840696491188577,30.025205612182617
2020-07-15,30.219682938725278,30.404193928324418,29.58636780913659,30.304458618164062,193431901,1.25692880153656,30.219682938725278,30.404193928324418,29.58636780913659,30.304458618164062
2020-07-16,30.1548613485464,30.56876038273821,29.97035032991684,30.449079513549805,126076131,1.2591001987457275,30.1548613485464,30.56876038273821,29.97035032991684,30.449079513549805
2020-07-17,30.21968889883208,30.618630218155072,29.800802035377487,30.48398780822754,205731994,1.2559500932693481,30.21968889883208,30.618630218155072,29.800802035377487,30.48398780822754
2020-07-20,30.07008232922841,30.61862560958683,30.02520153267447,30.32939338684082,116012735,1.2571184635162354,30.07008232922841,30.61862560958683,30.02520153267447,30.32939338684082
2020-07-21,30.65851671292657,31.08737720872857,30.08504201691802,30.42413902282715,178419771,1.266175389289856,30.65851671292657,31.08737720872857,30.08504201691802,30.42413902282715
2020-07-22,30.41915483821129,30.708387059609628,29.96536096507723,30.23963165283203,284988418,1.2730745077133179,30.41915483821129,30.708387059609628,29.96536096507723,30.23963165283203
2020-07-23,30.34933798871857,30.44907329419964,29.92047750675492,30.085041046142575,148677270,1.2729934453964233,30.34933798871857,30.44907329419964,29.92047750675492,30.085041046142575
2020-07-24,29.92047907305489,30.154856767860856,29.576394248540176,29.616287231445312,151008724,1.2730745077133179,29.92047907305489,30.154856767860856,29.576394248540176,29.616287231445312
2020-07-27,29.606315793345104,29.74793960305119,28.64387349008949,28.823396682739254,352244425,1.2795906066894531,29.606315793345104,29.74793960305119,28.64387349008949,28.823396682739254
2020-07-28,28.798462763129425,29.15252132929465,28.484297182162354,29.142547607421875,165473357,1.2889753580093384,28.798462763129425,29.15252132929465,28.484297182162354,29.142547607421875
2020-07-29,29.371937045587536,29.461698632936336,28.21999794280647,28.28981208801269,222117317,1.292373776435852,29.371937045587536,29.461698632936336,28.21999794280647,28.28981208801269
2020-07-30,26.92843282904748,27.534821044544604,25.64185123633682,26.13554000854492,714742095,1.298246145248413,26.92843282904748,27.534821044544604,25.64185123633682,26.13554000854492
2020-07-31,26.429754638844607,26.908481813488525,25.36558357174788,26.21532440185547,344278032,1.311785101890564,26.429754638844607,26.908481813488525,25.36558357174788,26.21532440185547
2020-08-03,25.896177893049167,27.90085045943872,25.821375925485885,27.79612922668457,430663048,1.3101695775985718,25.896177893049167,27.90085045943872,25.821375925485885,27.79612922668457
2020-08-04,27.66646532235384,28.4394105367669,27.60163709465818,28.080366134643555,190376551,1.3078734874725342,27.66646532235384,28.4394105367669,27.60163709465818,28.080366134643555
2020-08-05,28.34965818584445,28.5341692091508,27.806102643579106,28.10032081604004,162668620,1.3086093664169312,28.34965818584445,28.5341692091508,27.806102643579106,28.10032081604004
2020-08-06,28.04546468103437,28.20504042554525,27.40715980069793,28.085357666015625,142120571,1.3126804828643799,28.04546468103437,28.20504042554525,27.40715980069793,28.085357666015625
2020-08-07,27.99559387884105,28.080369556511123,27.412145465358872,27.711349487304688,106901984,1.3138015270233154,27.99559387884105,28.080369556511123,27.412145465358872,27.711349487304688
2020-08-10,28.14021289588976,28.484297747005407,27.860954384793235,28.339683532714844,178864436,1.3052273988723755,28.14021289588976,28.484297747005407,27.860954384793235,28.339683532714844
2020-08-11,28.653845868198363,29.551459887053177,28.57405799768444,29.376924514770508,206300339,1.3077194690704346,28.653845868198363,29.551459887053177,28.57405799768444,29.376924514770508
2020-08-12,29.376927511023645,29.990297184838987,29.202392120939518,29.611305236816406,197218699,1.3050740957260132,29.376927511023645,29.990297184838987,29.202392120939518,29.611305236816406
2020-08-13,29.20737472561684,29.60631407372648,28.943077764174117,29.10265350341797,106759883,1.3048017024993896,29.20737472561684,29.60631407372648,28.943077764174117,29.10265350341797
2020-08-14,28.938088738918832,29.02286441687725,27.94273496444816,28.873262405395508,137246251,1.3070528507232666,28.938088738918832,29.02286441687725,27.94273496444816,28.873262405395508
2020-08-17,28.76355785945777,59.7811237681445,28.32971138784656,28.54912757873535,80176621,1.3107001781463623,28.76355785945777,59.7811237681445,28.32971138784656,28.54912757873535
2020-08-18,28.11528024699924,28.893211565083277,28.025518648406003,28.110292434692383,122824092,1.3107877969741821,28.11528024699924,28.893211565083277,28.025518648406003,28.110292434692383
2020-08-19,28.06540994307035,28.58403205871582,28.015543236766824,28.58403205871582,77516764,1.325398564338684,28.06540994307035,28.58403205871582,28.015543236766824,28.58403205871582
2020-08-20,28.00058437501978,28.40949746528628,27.92578241121541,28.0604248046875,96885196,1.311079978942871,28.00058437501978,28.40949746528628,27.92578241121541,28.0604248046875
2020-08-21,28.13522747221059,28.274857690759063,27.646526463023783,28.02552032470703,122047261,1.3220343589782715,28.13522747221059,28.274857690759063,27.646526463023783,28.02552032470703
2020-08-24,28.239948387331683,28.54414025432192,27.656498007533877,28.524192810058597,193878351,1.3094146251678467,28.239948387331683,28.54414025432192,27.656498007533877,28.524192810058597
2020-08-25,28.748595099121975,29.187427433159232,28.090344695773226,28.12525177001953,167338907,1.307138204574585,28.748595099121975,29.187427433159232,28.090344695773226,28.12525177001953
2020-08-26,28.10530465055623,28.48429656200555,27.955702630307627,28.39952278137207,91481211,1.3152183294296265,28.10530465055623,28.48429656200555,27.955702630307627,28.39952278137207
2020-08-27,28.244932623923194,28.51920330826969,28.005569013823,28.12525177001953,94257788,1.3219819068908691,28.244932623923194,28.51920330826969,28.005569013823,28.12525177001953
2020-08-28,28.16015971221934,28.668808112719663,27.995596155163533,28.27485466003418,184729851,1.3199577331542969,28.16015971221934,28.668808112719663,27.995596155163533,28.27485466003418
2020-09-01,27.73628415478257,27.915807337385196,26.78381562690124,26.86859130859375,259148859,1.3364516496658325,27.73628415478257,27.915807337385196,26.78381562690124,26.86859130859375
2020-09-02,26.92843407485646,27.20769259453232,26.5793614008349,26.94339370727539,174328488,1.339943766593933,26.92843407485646,27.20769259453232,26.5793614008349,26.94339370727539
2020-09-03,27.207689485559342,27.77119046826976,26.669119952502918,26.808748245239254,192771558,1.335131287574768,27.207689485559342,27.77119046826976,26.669119952502918,26.808748245239254
2020-09-04,26.728961109740123,27.55177506257116,26.64917323994928,26.86859130859375,198721877,1.3262248039245605,26.728961109740123,27.55177506257116,26.64917323994928,26.86859130859375
2020-09-07,26.93342097329795,27.09698774353105,26.29013202586729,26.89352798461914,353944866,1.3245735168457031,26.93342097329795,27.09698774353105,26.29013202586729,26.89352798461914
2020-09-08,26.948375153255824,27.18275091571929,26.113594000674567,26.38985824584961,163059131,1.3162224292755127,26.948375153255824,27.18275091571929,26.113594000674567,26.38985824584961
2020-09-09,26.245249461987285,26.529493883045856,25.88620307652679,26.40482521057129,169263018,1.2968486547470093,26.245249461987285,26.529493883045856,25.88620307652679,26.40482521057129
2020-09-10,26.33999614213129,26.723975869585203,25.926097151689355,26.3499698638916,177914370,1.2999167442321777,26.33999614213129,26.723975869585203,25.926097151689355,26.3499698638916
2020-09-11,26.280156797791506,26.429758825780723,25.80142954730881,25.8114013671875,184051169,1.2808295488357544,26.280156797791506,26.429758825780723,25.80142954730881,25.8114013671875
2020-09-14,25.975963040105004,26.40482355082724,25.741585341851493,26.295114517211918,160823985,1.2806557416915894,25.975963040105004,26.40482355082724,25.741585341851493,26.295114517211918
2020-09-15,26.10561791937265,26.424771302501828,25.886201751870917,26.08567237854004,145267013,1.2849671840667725,26.10561791937265,26.424771302501828,25.886201751870917,26.08567237854004
2020-09-16,26.09564905723641,26.659150122190265,25.836337974098814,26.51453399658203,211594957,1.2884771823883057,26.09564905723641,26.659150122190265,25.836337974098814,26.51453399658203
2020-09-17,26.110605673086678,26.389862267049395,25.95601584264812,26.18540573120117,119767296,1.2959998846054077,26.110605673086678,26.389862267049395,25.95601584264812,26.18540573120117
2020-09-18,26.13055398497495,26.245248933064936,25.173097610473636,25.173097610473636,414288810,1.2975554466247559,26.13055398497495,26.245248933064936,25.173097610473636,25.173097610473636
2020-09-21,24.933735939269,24.983602650230303,23.577340095438977,23.916439056396484,307397183,1.2932761907577515,24.933735939269,24.983602650230303,23.577340095438977,23.916439056396484
2020-09-22,24.195699099947767,24.67442640343049,23.522487046025308,24.22562026977539,252300413,1.2820513248443604,24.195699099947767,24.67442640343049,23.522487046025308,24.22562026977539
2020-09-23,24.175747773605437,25.212992000318064,24.14084069888846,24.519832611083984,223024340,1.2744048833847046,24.175747773605437,25.212992000318064,24.14084069888846,24.519832611083984
2020-09-24,23.97628101058496,25.0833375751042,23.82667707549666,24.514848709106445,194865701,1.2717468738555908,23.97628101058496,25.0833375751042,23.82667707549666,24.514848709106445
2020-09-25,24.75421148494609,25.16312458149828,24.55972865881676,24.654476165771484,196214677,1.2757054567337036,24.75421148494609,25.16312458149828,24.55972865881676,24.654476165771484
2020-09-28,25.13320470006017,26.6541620976648,24.483929290991654,26.52450561523437,313030166,1.2766826152801514,25.13320470006017,26.6541620976648,24.483929290991654,26.52450561523437
2020-09-29,26.369917277199995,26.489598133600797,26.035804256637523,26.06073760986328,170484572,1.2873492240905762,26.369917277199995,26.489598133600797,26.035804256637523,26.06073760986328
2020-09-30,25.6967028729104,26.69903993660505,25.529148929029613,26.285139083862305,221981207,1.2866535186767578,25.6967028729104,26.69903993660505,25.529148929029613,26.285139083862305
2020-10-01,26.6691230204492,26.898512928416697,25.86625644026993,26.459680557250977,147912748,1.2917560338974,26.6691230204492,26.898512928416697,25.86625644026993,26.459680557250977
2020-10-02,26.0507658581072,27.122915267944336,25.94105682087726,27.122915267944336,167305647,1.2886265516281128,26.0507658581072,27.122915267944336,25.94105682087726,27.122915267944336
2020-10-05,27.74126909121087,27.870923652822047,26.63421084810686,26.913469314575195,159558443,1.2931090593338013,27.74126909121087,27.870923652822047,26.63421084810686,26.913469314575195
2020-10-06,27.42211779135611,27.880897521972656,27.028164390744504,27.880897521972656,277883984,1.2992581129074097,27.42211779135611,27.880897521972656,27.028164390744504,27.880897521972656
2020-10-07,27.756229938534712,28.74360548153088,27.52684006438558,27.8260440826416,182387381,1.2883278131484985,27.756229938534712,28.74360548153088,27.52684006438558,27.8260440826416
2020-10-08,27.95570079974357,28.539149211196275,27.64153524618832,28.299785614013672,186415374,1.2917560338974,27.95570079974357,28.539149211196275,27.64153524618832,28.299785614013672
2020-10-09,28.424457236838773,28.70870165702372,28.105305740651666,28.15018653869629,171781390,1.29404616355896,28.424457236838773,28.70870165702372,28.105305740651666,28.15018653869629
2020-10-12,28.3696000051849,28.63888476771439,27.95570104259427,27.995594024658203,149113706,1.3031693696975708,28.3696000051849,28.63888476771439,27.95570104259427,27.995594024658203
2020-10-13,28.08037032961777,28.12924023244074,26.564398931491063,26.798776626586918,257931793,1.3065747022628784,28.08037032961777,28.12924023244074,26.564398931491063,26.798776626586918
2020-10-14,26.80875048632037,27.252572558163195,26.6990433481249,26.888538360595703,142900459,1.2935272455215454,26.80875048632037,27.252572558163195,26.6990433481249,26.888538360595703
2020-10-15,26.49957045611507,26.704026985439192,25.91612203180945,26.51951789855957,142107014,1.3012362718582153,26.49957045611507,26.704026985439192,25.91612203180945,26.51951789855957
2020-10-16,26.78880586632152,27.00822205255594,26.040793805889997,26.93840789794922,163889626,1.2902060747146606,26.78880586632152,27.00822205255594,26.040793805889997,26.93840789794922
2020-10-19,26.993260258871377,27.596656149425048,26.699042129233103,27.048114776611328,133608836,1.2927746772766113,26.993260258871377,27.596656149425048,26.699042129233103,27.048114776611328
2020-10-20,26.94838217840156,27.367269017009104,26.689071097140403,27.102970123291016,157730479,1.2948671579360962,26.94838217840156,27.367269017009104,26.689071097140403,27.102970123291016
2020-10-21,27.092998504638672,27.471990455584223,26.77384508527709,27.092998504638672,165557147,1.2954038381576538,27.092998504638672,27.471990455584223,26.77384508527709,27.092998504638672
2020-10-22,27.078035562966637,27.84599504995664,26.84365974983324,27.84100914001465,157125926,1.3131976127624512,27.078035562966637,27.84599504995664,26.84365974983324,27.84100914001465
2020-10-23,28.32471834993308,29.62326712048141,27.87591232832716,29.207372665405277,293985333,1.307805061340332,28.32471834993308,29.62326712048141,27.87591232832716,29.207372665405277
2020-10-26,28.79347638151589,29.765890469515107,28.13023815504165,28.972997665405277,242786482,1.3054660558700562,28.79347638151589,29.765890469515107,28.13023815504165,28.972997665405277
2020-10-27,29.61628737713092,29.735970131020714,28.070396711669147,28.249919891357425,180792193,1.301574945449829,29.61628737713092,29.735970131020714,28.070396711669147,28.249919891357425
2020-10-28,27.666471342951763,28.00557028151649,26.963340111988146,27.576709747314453,312479477,1.303186297416687,27.666471342951763,28.00557028151649,26.963340111988146,27.576709747314453
2020-10-29,27.417134941566875,28.99294692689205,27.282492543487106,28.205041885375977,246260835,1.2989881038665771,27.417134941566875,28.99294692689205,27.282492543487106,28.205041885375977
2020-10-30,27.880899963797564,28.40251436966465,27.601641471382475,27.950714111328125,178083538,1.2931926250457764,27.880899963797564,28.40251436966465,27.601641471382475,27.950714111328125
2020-11-02,27.74127358334098,27.841008901964948,27.02816862327511,27.75623321533203,164977085,1.2926744222640991,27.74127358334098,27.841008901964948,27.02816862327511,27.75623321533203
2020-11-03,28.000585399616345,29.317086314237272,27.801114757034316,29.167484283447266,191093059,1.2923903465270996,28.000585399616345,29.317086314237272,27.801114757034316,29.167484283447266
2020-11-04,28.095330056762755,29.04281265941356,27.80111193508006,28.44440269470215,160111489,1.3121638298034668,28.095330056762755,29.04281265941356,27.80111193508006,28.44440269470215
2020-11-05,28.53416885258259,28.668811258869635,27.14785180023437,27.636552810668945,280894568,1.2966804504394531,28.53416885258259,28.668811258869635,27.14785180023437,27.636552810668945
2020-11-06,27.79612770576972,28.215014516159236,27.292465209960938,27.292465209960938,189650158,1.3139395713806152,27.79612770576972,28.215014516159236,27.292465209960938,27.292465209960938
2020-11-09,27.641540976290653,31.735660133052946,27.29246827800999,30.69841766357422,555165909,1.318061351776123,27.641540976290653,31.735660133052946,27.29246827800999,30.69841766357422
2020-11-10,31.19709603041988,32.98733863033967,30.73831422732152,32.049827575683594,434823444,1.3169677257537842,31.19709603041988,32.98733863033967,30.73831422732152,32.049827575683594
2020-11-11,32.029880307679875,33.61067832449832,31.78552884743416,33.291526794433594,342572026,1.3261544704437256,32.029880307679875,33.61067832449832,31.78552884743416,33.291526794433594
2020-11-12,32.80281837722018,33.645579766263495,32.204410309769806,33.381282806396484,242164742,1.3224189281463623,32.80281837722018,33.645579766263495,32.204410309769806,33.381282806396484
2020-11-13,32.98234365232664,34.90722825776454,32.53353567095248,34.62797164916992,335666802,1.3121638298034668,32.98234365232664,34.90722825776454,32.53353567095248,34.62797164916992
2020-11-16,35.00695984511139,36.34839590698173,34.93216168927797,35.495662689208984,335834224,1.3220518827438354,35.00695984511139,36.34839590698173,34.93216168927797,35.495662689208984
2020-11-17,35.625320985432744,36.05418152216875,34.98502058488043,35.50065231323242,265795860,1.322209119796753,35.625320985432744,36.05418152216875,34.98502058488043,35.50065231323242
2020-11-18,35.4507842297729,35.904580053877446,34.76062087855356,35.57046890258789,253504305,1.3259083032608032,35.4507842297729,35.904580053877446,34.76062087855356,35.57046890258789
2020-11-19,34.90723079609327,35.66521470507622,34.73269540303005,35.56049346923828,330453203,1.325644612312317,34.90723079609327,35.66521470507622,34.73269540303005,35.56049346923828
2020-11-20,35.505632013504666,36.16887018225126,34.907223981372475,35.720062255859375,236741478,1.3249244689941406,35.505632013504666,36.16887018225126,34.907223981372475,35.720062255859375
2020-11-23,36.054182358169854,37.2809216645156,35.45577043498113,37.10139846801758,269962523,1.3305126428604126,36.054182358169854,37.2809216645156,35.45577043498113,37.10139846801758
2020-11-24,37.35073266611796,39.76331938453766,37.201128746799554,39.39529800415039,383355000,1.332906723022461,37.35073266611796,39.76331938453766,37.201128746799554,39.39529800415039
2020-11-25,40.572162531341576,40.71079399823492,37.40458303301772,38.02892303466797,367835127,1.3363267183303833,40.572162531341576,40.71079399823492,37.40458303301772,38.02892303466797
2020-11-26,38.03890311758771,38.0488787415292,35.6781766577961,37.22107696533203,294316183,1.3385447263717651,38.03890311758771,38.0488787415292,35.6781766577961,37.22107696533203
2020-11-27,36.10903320552698,37.32080895171282,35.73502721830843,37.19614028930664,361581226,1.3354523181915283,36.10903320552698,37.32080895171282,35.73502721830843,37.19614028930664
2020-11-30,37.59508597612003,37.87933040783204,35.52558517456055,35.52558517456055,343886051,1.333191156387329,37.59508597612003,37.87933040783204,35.52558517456055,35.52558517456055
2020-12-01,35.39093685101729,38.17852602938682,35.15655918107647,38.17354202270508,244156813,1.3336889743804932,35.39093685101729,38.17852602938682,35.15655918107647,38.17354202270508
2020-12-02,37.75466306292125,38.83678630564216,37.26097614928217,38.64230346679688,222719388,1.3422638177871704,37.75466306292125,38.83678630564216,37.26097614928217,38.64230346679688
2020-12-03,38.79689198893528,39.45514242051242,38.05885178161016,39.09609603881836,305393067,1.3370771408081055,38.79689198893528,39.45514242051242,38.05885178161016,39.09609603881836
2020-12-04,38.69715250242061,39.385325961883886,38.19847784696523,38.92155838012695,242276964,1.345496654510498,38.69715250242061,39.385325961883886,38.19847784696523,38.92155838012695
2020-12-07,38.42786647654679,38.492696614572935,36.721403322286825,37.23603439331055,291946176,1.3417415618896484,38.42786647654679,38.492696614572935,36.721403322286825,37.23603439331055
2020-12-08,36.89693821267309,37.939170263918,36.747338092621696,37.09640884399414,209227033,1.3357375860214233,36.89693821267309,37.939170263918,36.747338092621696,37.09640884399414
2020-12-09,37.14627256433342,37.86935306916751,37.09640586165862,37.15126037597656,159190277,1.3365589380264282,37.14627256433342,37.86935306916751,37.09640586165862,37.15126037597656
2020-12-10,36.82712149740944,36.90192345451816,34.47337658184703,35.57544708251953,400382461,1.3367018699645996,36.82712149740944,36.90192345451816,34.47337658184703,35.57544708251953
2020-12-11,35.66521351320235,36.07412662239364,33.15189632791052,33.97969436645508,356533901,1.3305658102035522,35.66521351320235,36.07412662239364,33.15189632791052,33.97969436645508
2020-12-14,34.89726313132219,36.29055984156157,34.5132814162706,35.63529968261719,280361772,1.3318239450454712,34.89726313132219,36.29055984156157,34.5132814162706,35.63529968261719
2020-12-15,35.53555590855456,36.91688298721526,35.12963326023276,36.552852630615234,380477148,1.3330844640731812,35.53555590855456,36.91688298721526,35.12963326023276,36.552852630615234
2020-12-16,36.92685820592428,37.622009246317845,36.18383026123047,36.18383026123047,242091960,1.3444474935531616,36.92685820592428,37.622009246317845,36.18383026123047,36.18383026123047
2020-12-17,36.41820529191404,36.90192026082334,35.85969217695506,36.12398910522461,177087736,1.3502929210662842,36.41820529191404,36.90192026082334,35.85969217695506,36.12398910522461
2020-12-18,35.80483665587202,35.93349250711318,34.80748748779297,34.80748748779297,332540166,1.3570178747177124,35.80483665587202,35.93349250711318,34.80748748779297,34.80748748779297
2020-12-21,33.27157921171405,35.93350369150716,31.91518331221125,33.490997314453125,343560165,1.3401951789855957,33.27157921171405,35.93350369150716,31.91518331221125,33.490997314453125
2020-12-22,33.82011962348442,35.0967256992299,33.64558423103269,34.6030387878418,178730216,1.3449536561965942,33.82011962348442,35.0967256992299,33.64558423103269,34.6030387878418
2020-12-23,34.63295244563587,37.60006885518992,34.63295244563587,37.02659225463867,403869991,1.339943766593933,34.63295244563587,37.60006885518992,34.63295244563587,37.02659225463867
2020-12-24,38.75699543159511,39.94383976032831,38.32314710497191,38.50267028808594,269729556,1.3505300283432007,38.75699543159511,39.94383976032831,38.32314710497191,38.50267028808594
2020-12-29,38.69715516984972,38.99436561979165,36.59075376699703,36.65757751464844,326575929,1.3466018438339233,38.69715516984972,38.99436561979165,36.59075376699703,36.65757751464844
2020-12-30,36.847073356595146,37.525271254396976,36.68250979214631,36.712432861328125,142842833,1.3499903678894043,36.847073356595146,37.525271254396976,36.68250979214631,36.712432861328125
2020-12-31,36.18382714543608,36.911891592549566,35.96540971359463,36.34340286254883,104467778,1.36306631565094,36.18382714543608,36.911891592549566,35.96540971359463,36.34340286254883
2021-01-04,36.90193473653456,37.14429071672742,34.513282017984146,34.742671966552734,396174544,1.3684196472167969,36.90193473653456,37.14429071672742,34.513282017984146,34.742671966552734
2021-01-05,34.54817989221481,35.500650320563935,33.97969108325775,35.116668701171875,218145818,1.3571596145629883,34.54817989221481,35.500650320563935,33.97969108325775,35.116668701171875
2021-01-06,36.37333088871875,37.460441798831,35.50862845067467,37.061500549316406,397870600,1.3629549741744995,36.37333088871875,37.460441798831,35.50862845067467,37.061500549316406
2021-01-07,37.400600972525496,37.84940894511298,36.24367586795881,36.79221725463867,200698783,1.3625277280807495,37.400600972525496,37.84940894511298,36.24367586795881,36.79221725463867
2021-01-08,37.0265981768389,37.32580224967389,36.14892959921488,36.72739410400391,191583629,1.3569625616073608,37.0265981768389,37.32580224967389,36.14892959921488,36.72739410400391
2021-01-11,35.97439197898543,36.727391829241256,35.96940416678102,36.06914138793945,153132933,1.3516253232955933,35.97439197898543,36.727391829241256,35.96940416678102,36.06914138793945
2021-01-12,36.37830971750292,36.98370292039384,36.22870962367005,36.6475944519043,158929668,1.3524113893508911,36.37830971750292,36.98370292039384,36.22870962367005,36.6475944519043
2021-01-13,36.95178840530027,36.95178840530027,36.05916038319632,36.148921966552734,112024586,1.3670539855957031,36.95178840530027,36.95178840530027,36.05916038319632,36.148921966552734
2021-01-14,36.60771290854776,36.88696953341929,36.125991426058185,36.358375549316406,119276836,1.364926815032959,36.60771290854776,36.88696953341929,36.125991426058185,36.358375549316406
2021-01-15,36.11900496845749,36.70245339451254,35.6093578946242,35.83974838256836,185923864,1.3683634996414185,36.11900496845749,36.70245339451254,35.6093578946242,35.83974838256836
2021-01-18,35.839743707539725,36.33841829134227,35.58641540582393,36.07910537719727,70657203,1.357533574104309,35.839743707539725,36.33841829134227,35.58641540582393,36.07910537719727
2021-01-19,36.5079751058632,36.57878606253992,35.5455327622379,35.904579162597656,163559665,1.3581236600875854,36.5079751058632,36.57878606253992,35.5455327622379,35.904579162597656
2021-01-20,35.93948090347662,35.98934760621382,34.93714381874107,35.69014358520508,177987106,1.3644241094589233,35.93948090347662,35.98934760621382,34.93714381874107,35.69014358520508
2021-01-21,35.90457542250353,36.10404604687903,35.046854400898894,35.22138977050781,156158062,1.3668484687805176,35.90457542250353,36.10404604687903,35.046854400898894,35.22138977050781
2021-01-22,34.90722726588022,35.11666971637491,34.35170446903136,34.67783737182617,185598595,1.3729474544525146,34.90722726588022,35.11666971637491,34.35170446903136,34.67783737182617
2021-01-25,34.98202650953244,35.1725183031542,30.73331837850317,33.74531173706055,160164594,1.3688204288482666,34.98202650953244,35.1725183031542,30.73331837850317,33.74531173706055
2021-01-26,33.70542266779139,34.637945768523444,33.56579435422428,34.31879425048828,115446667,1.3678992986679077,33.70542266779139,34.637945768523444,33.56579435422428,34.31879425048828
2021-01-27,33.54086290348866,34.2539679089078,32.792850819675,33.161869049072266,261696512,1.374154806137085,33.54086290348866,34.2539679089078,32.792850819675,33.161869049072266
2021-01-28,32.7529516723636,33.4560809613885,32.15952761218889,33.381282806396484,230268973,1.3669419288635254,32.7529516723636,33.4560809613885,32.15952761218889,33.381282806396484
2021-01-29,32.85268285248392,33.57576333988144,32.27921007867421,32.91252517700195,203699900,1.3725008964538574,32.85268285248392,33.57576333988144,32.27921007867421,32.91252517700195
2021-02-01,33.446109972460725,34.1292956401698,32.98733018905509,33.43613815307617,232310879,1.3697690963745117,33.446109972460725,34.1292956401698,32.98733018905509,33.43613815307617
2021-02-02,33.830090001458984,34.248978730068295,33.502960279185665,33.90489196777344,139364758,1.3678767681121826,33.830090001458984,34.248978730068295,33.502960279185665,33.90489196777344
2021-02-03,34.52822586388939,34.90721959910635,33.81512108275282,34.089393615722656,159443235,1.3659336566925049,34.52822586388939,34.90721959910635,33.81512108275282,34.089393615722656
2021-02-04,34.33375099800579,36.56282742899641,33.740330715216885,36.014286041259766,412023812,1.364908218383789,34.33375099800579,36.56282742899641,33.740330715216885,36.014286041259766
2021-02-05,36.88696450252099,37.42054622631908,36.26362118945848,36.90192413330078,380657321,1.3676148653030396,36.88696450252099,37.42054622631908,36.26362118945848,36.90192413330078
2021-02-08,37.9990084074076,38.21842648010953,37.415559955452906,37.60007095336914,286839716,1.3738716840744019,37.9990084074076,38.21842648010953,37.415559955452906,37.60007095336914
2021-02-09,37.62499970502613,37.82945813166474,37.11136543948989,37.44547653198242,129770297,1.374570369720459,37.62499970502613,37.82945813166474,37.11136543948989,37.44547653198242
2021-02-10,37.899275105794274,38.11569897009797,37.07446753237436,37.40060043334961,177399859,1.3817994594573975,37.899275105794274,38.11569897009797,37.07446753237436,37.40060043334961
2021-02-11,37.380649953969616,37.65990653039088,36.65258544788168,36.97173690795898,213707092,1.3832597732543945,37.380649953969616,37.65990653039088,36.65258544788168,36.97173690795898
2021-02-12,36.56781863061197,37.32081472880397,36.17386513987597,37.00166320800781,135270378,1.381024718284607,36.56781863061197,37.32081472880397,36.17386513987597,37.00166320800781
2021-02-15,37.72473167301219,39.08112710105708,37.20112185695875,38.98637771606445,290453462,1.3871549367904663,37.72473167301219,39.08112710105708,37.20112185695875,38.98637771606445
2021-02-16,39.395294578598175,39.395294578598175,38.353066459618525,39.37534713745117,247123172,1.3914785385131836,39.395294578598175,39.395294578598175,38.353066459618525,39.37534713745117
2021-02-17,39.37036450780808,39.54988769717395,38.45779273388175,38.82182312011719,172194425,1.388811707496643,39.37036450780808,39.54988769717395,38.45779273388175,38.82182312011719
2021-02-18,38.69715215302916,38.87168751994555,37.01163320245914,37.38563919067383,270616682,1.3866355419158936,38.69715215302916,38.87168751994555,37.01163320245914,37.38563919067383
2021-02-19,37.50032801647964,38.48571178578828,36.81215844513467,38.08876419067383,225045181,1.3967455625534058,37.50032801647964,38.48571178578828,36.81215844513467,38.08876419067383
2021-02-22,38.00399732850251,38.44282968212735,37.43151748072429,38.31816101074219,153693215,1.403114914894104,38.00399732850251,38.44282968212735,37.43151748072429,38.31816101074219
2021-02-23,38.82681086351082,39.485061288492425,38.51763119246421,39.11604309082031,311824333,1.4071228504180908,38.82681086351082,39.485061288492425,38.51763119246421,39.11604309082031
2021-02-24,40.741719435696886,40.89132336006806,38.26829350363819,39.230735778808594,486094094,1.412030577659607,40.741719435696886,40.89132336006806,38.26829350363819,39.230735778808594
2021-02-25,39.47508966152928,39.81917260506241,38.72208982626865,39.1060676574707,301035350,1.4148274660110474,39.47508966152928,39.81917260506241,38.72208982626865,39.1060676574707
2021-02-26,38.39795836424216,39.13599871850807,37.93419066298408,38.89663314819336,541710054,1.4008152484893799,38.39795836424216,39.13599871850807,37.93419066298408,38.89663314819336
2021-03-01,39.49004757965662,39.614716244772765,38.886651697044776,38.901611328125,162494230,1.3972529172897339,39.49004757965662,39.614716244772765,38.886651697044776,38.901611328125
2021-03-02,38.67222578756658,39.16591269163223,38.58246418641045,38.776947021484375,158880732,1.3929517269134521,38.67222578756658,39.16591269163223,38.58246418641045,38.776947021484375
2021-03-03,39.14596733697986,40.35774711500868,38.956472304235376,40.30788040161133,303428714,1.3954981565475464,39.14596733697986,40.35774711500868,38.956472304235376,40.30788040161133
2021-03-04,40.153282412894384,40.8614033297573,39.76930459427772,40.238059997558594,270262448,1.3926994800567627,40.153282412894384,40.8614033297573,39.76930459427772,40.238059997558594
2021-03-05,39.9189023754981,41.35209341836553,39.56484006923576,39.96876907348633,311713141,1.3894098997116089,39.9189023754981,41.35209341836553,39.56484006923576,39.96876907348633
2021-03-08,40.392648362327954,41.92357945054387,40.185199516513656,41.66925430297852,289188721,1.385367751121521,40.392648362327954,41.92357945054387,40.185199516513656,41.66925430297852
2021-03-09,41.838801074513306,41.838801074513306,40.78659732960192,41.02595901489258,275427000,1.3823610544204712,41.838801074513306,41.838801074513306,40.78659732960192,41.02595901489258
2021-03-10,40.71180422335523,41.185543690023145,40.39863731800953,40.67190933227539,156387940,1.3890432119369507,40.71180422335523,41.185543690023145,40.39863731800953,40.67190933227539
2021-03-11,40.71678991939688,40.86439644321612,39.968777871170055,40.39265060424805,149291863,1.3931456804275513,40.71678991939688,40.86439644321612,39.968777871170055,40.39265060424805
2021-03-12,40.19816156562926,41.2154582506,40.19816156562926,41.10076141357422,169006682,1.3989927768707275,40.19816156562926,41.2154582506,40.19816156562926,41.10076141357422
2021-03-15,41.5495676435285,41.684208111911865,40.65693965032051,40.99105072021485,195027863,1.3929517269134521,41.5495676435285,41.684208111911865,40.65693965032051,40.99105072021485
2021-03-16,41.2104709816079,41.97344255423362,40.96911188319459,41.36505889892578,325544367,1.3899120092391968,41.2104709816079,41.97344255423362,40.96911188319459,41.36505889892578
2021-03-17,41.36008472584829,41.88867874010097,41.01101012026229,41.3501091003418,263694247,1.3902212381362915,41.36008472584829,41.88867874010097,41.01101012026229,41.3501091003418
2021-03-18,41.75901743569989,41.81885976809407,40.85641746512368,41.494720458984375,252168435,1.3975849151611328,41.75901743569989,41.81885976809407,40.85641746512368,41.494720458984375
2021-03-19,40.79159489641462,41.330160719410046,40.276959921251816,40.916263580322266,528920741,1.3925055265426636,40.79159489641462,41.330160719410046,40.276959921251816,40.916263580322266
2021-03-22,40.671905016529415,41.81885828355983,40.31285864408213,40.89132308959961,220892629,1.3832597732543945,40.671905016529415,41.81885828355983,40.31285864408213,40.89132308959961
2021-03-23,40.74172010990746,41.48474812743815,40.54225328022616,41.23042297363281,256548257,1.3862512111663818,40.74172010990746,41.48474812743815,40.54225328022616,41.23042297363281
2021-03-24,40.89131992226634,42.187873207665,40.65494863311726,42.123046875,299872737,1.3730417490005493,40.89131992226634,42.187873207665,40.65494863311726,42.123046875
2021-03-25,41.88867075540597,42.21779785182814,41.16758763494436,41.654293060302734,260442706,1.3688879013061523,41.88867075540597,42.21779785182814,41.16758763494436,41.654293060302734
2021-03-26,42.18788045489279,42.37737928299588,41.62936720470138,42.14300155639648,194305088,1.374910593032837,42.18788045489279,42.37737928299588,41.62936720470138,42.14300155639648
2021-03-29,41.68920387291495,42.48708262652086,41.62936534426076,41.948516845703125,150612982,1.3791011571884155,41.68920387291495,42.48708262652086,41.62936534426076,41.948516845703125
2021-03-30,42.387347825879154,43.04061043961052,42.337481118765886,42.98575592041016,187260463,1.3775053024291992,42.387347825879154,43.04061043961052,42.337481118765886,42.98575592041016
2021-03-31,42.985761375021546,43.30491290654777,42.42226028442383,42.42226028442383,229740496,1.3746649026870728,42.985761375021546,43.30491290654777,42.42226028442383,42.42226028442383
2021-04-01,42.377371083963226,42.92591240766534,42.27264606522801,42.6566276550293,115971556,1.3786258697509766,42.377371083963226,42.92591240766534,42.27264606522801,42.6566276550293
2021-04-06,43.38469870929104,43.743745100446525,42.566872509252896,42.71647644042969,215733220,1.3914011716842651,43.38469870929104,43.743745100446525,42.566872509252896,42.71647644042969
2021-04-07,42.87106556885061,43.51435640342294,42.77132834376995,43.2350959777832,167501972,1.383125901222229,42.87106556885061,43.51435640342294,42.77132834376995,43.2350959777832
2021-04-08,43.40465181616065,43.60412248222322,43.09547209353435,43.299930572509766,129551520,1.3743815422058105,43.40465181616065,43.60412248222322,43.09547209353435,43.299930572509766
2021-04-09,43.51434867975107,43.51933268668087,43.060552946500266,43.14034271240234,158452410,1.373437762260437,43.51434867975107,43.51933268668087,43.060552946500266,43.14034271240234
2021-04-12,43.384694779527855,44.42193897011597,42.94586245485703,44.27233505249024,200067947,1.3712154626846313,43.384694779527855,44.42193897011597,42.94586245485703,44.27233505249024
2021-04-13,44.39700871351441,44.89568342228952,43.55923505058878,43.634037017822266,256620647,1.3753834962844849,44.39700871351441,44.89568342228952,43.55923505058878,43.634037017822266
2021-04-14,43.63403544909333,43.878384982324185,43.2450697989666,43.71382522583008,132548085,1.3759700059890747,43.63403544909333,43.878384982324185,43.2450697989666,43.71382522583008
2021-04-15,43.390342828195614,43.51003926023003,42.677145086977205,42.70208358764648,143216883,1.3779228925704956,43.390342828195614,43.51003926023003,42.677145086977205,42.70208358764648
2021-04-16,43.03124418328261,43.66464548990377,42.91154776666871,43.35043716430664,214002182,1.3785498142242432,43.03124418328261,43.66464548990377,42.91154776666871,43.35043716430664
2021-04-19,43.16092112424752,43.81227485494548,43.16092112424752,43.64469909667969,100797545,1.3818453550338745,43.16092112424752,43.81227485494548,43.16092112424752,43.64469909667969
2021-04-20,43.78434143530614,43.8042914720405,41.939002990722656,41.939002990722656,233591142,1.3993842601776123,43.78434143530614,43.8042914720405,41.939002990722656,41.939002990722656
2021-04-21,41.88913685015493,42.617296190625126,41.12107742950199,41.51009750366211,167730389,1.3938837051391602,41.88913685015493,42.617296190625126,41.12107742950199,41.51009750366211
2021-04-22,41.67467447175066,41.9090826628279,41.30560827999113,41.86918258666992,140802562,1.3931845426559448,41.67467447175066,41.9090826628279,41.30560827999113,41.86918258666992
2021-04-23,42.238249393778055,42.55744236877577,41.64973663267343,42.52751541137695,126375282,1.3840255737304688,42.238249393778055,42.55744236877577,41.64973663267343,42.52751541137695
2021-04-26,42.707063920996966,42.86666041591583,41.614826954709976,42.78187561035156,200403336,1.3866355419158936,42.707063920996966,42.86666041591583,41.614826954709976,42.78187561035156
2021-04-27,42.861678338853565,43.46515274047852,42.55245844662325,43.46515274047852,133293458,1.3895643949508667,42.861678338853565,43.46515274047852,42.55245844662325,43.46515274047852
2021-04-28,44.88655620494071,45.61172464459232,44.35789353837495,44.99129104614258,469783830,1.390356421470642,44.88655620494071,45.61172464459232,44.35789353837495,44.99129104614258
2021-04-29,45.58478577171947,45.74438224099794,44.88654979172114,45.34040451049805,194506124,1.395673394203186,45.58478577171947,45.74438224099794,44.88654979172114,45.34040451049805
2021-04-30,45.33542666584496,45.604746484265526,45.02620676949226,45.32046508789063,195838257,1.3952839374542236,45.33542666584496,45.604746484265526,45.02620676949226,45.32046508789063
2021-05-04,45.98877143015856,47.33537043909647,44.862619767418856,44.93144226074219,236622072,1.3903758525848389,45.98877143015856,47.33537043909647,44.862619767418856,44.93144226074219
2021-05-05,45.58479781012545,46.17331065946161,45.28555482683677,46.11346054077149,140325502,1.388811707496643,45.58479781012545,46.17331065946161,45.28555482683677,46.11346054077149
2021-05-06,46.19326253750878,46.37280909564411,45.64165514661645,46.08852767944336,314984716,1.3909753561019897,46.19326253750878,46.37280909564411,45.64165514661645,46.08852767944336
2021-05-07,46.57229532618677,46.73688028213138,45.928920884378336,46.43763732910156,137431750,1.389854073524475,46.57229532618677,46.73688028213138,45.928920884378336,46.43763732910156
2021-05-10,46.83164875812072,47.87900114719948,46.672052239833306,47.72937774658203,194072250,1.4041197299957275,46.83164875812072,47.87900114719948,46.672052239833306,47.72937774658203
2021-05-11,47.19073624113175,47.4251406266597,46.51245016812487,46.55733489990234,205425959,1.4131278991699219,47.19073624113175,47.4251406266597,46.51245016812487,46.55733489990234
2021-05-12,46.47754013737848,47.30045735533327,46.14837020613191,47.1707878112793,173579940,1.4138271808624268,46.47754013737848,47.30045735533327,46.14837020613191,47.1707878112793
2021-05-13,46.382777127139015,47.05607474377489,46.178292089709664,46.886505126953125,181473943,1.4063708782196045,46.382777127139015,47.05607474377489,46.178292089709664,46.886505126953125
2021-05-14,47.57476715204352,48.14831841704249,47.14086235746219,48.12836837768555,321795123,1.4050863981246948,47.57476715204352,48.14831841704249,47.14086235746219,48.12836837768555
2021-05-17,48.12836474235676,48.33284977650911,40.02883582419516,47.94881820678711,114563454,1.4101786613464355,48.12836474235676,48.33284977650911,40.02883582419516,47.94881820678711
2021-05-18,48.377731649068565,48.911382763509714,48.193196663671,48.47747802734375,121810917,1.4148674011230469,48.377731649068565,48.911382763509714,48.193196663671,48.47747802734375
2021-05-19,47.84906536005926,48.5871976354141,47.22065257043975,47.839088439941406,145964512,1.41880202293396,47.84906536005926,48.5871976354141,47.22065257043975,47.839088439941406
2021-05-20,47.98373411570118,48.36277725861015,47.45606831436846,48.098445892333984,137951837,1.4106162786483765,47.98373411570118,48.36277725861015,47.45606831436846,48.098445892333984
2021-05-21,48.04358501678529,48.43260128330484,47.54484543302566,48.34781646728516,257504751,1.4185603857040405,48.04358501678529,48.43260128330484,47.54484543302566,48.34781646728516
2021-05-24,48.66700264032503,48.69692579350913,48.15828620571229,48.5971794128418,76212516,1.4142870903015137,48.66700264032503,48.69692579350913,48.15828620571229,48.5971794128418
2021-05-25,48.876477272038215,49.19567028859199,48.68495994007359,48.9463005065918,189379841,1.415608525276184,48.876477272038215,49.19567028859199,48.68495994007359,48.9463005065918
2021-05-26,48.572246432871154,49.06101288585749,47.60169965552095,48.29295349121094,213999790,1.4143872261047363,48.572246432871154,49.06101288585749,47.60169965552095,48.29295349121094
2021-05-27,48.1981903985099,49.77919387817383,48.1183940481736,49.77919387817383,395645113,1.4116119146347046,48.1981903985099,49.77919387817383,48.1183940481736,49.77919387817383
2021-05-28,49.87395212428711,50.074445624911256,49.38020106367922,49.76422882080078,221615971,1.4203739166259766,49.87395212428711,50.074445624911256,49.38020106367922,49.76422882080078
2021-06-01,50.053507522445344,50.43255069115336,49.37522134900205,49.65451431274414,234369961,1.4226775169372559,50.053507522445344,50.43255069115336,49.37522134900205,49.65451431274414
2021-06-02,49.66946973194136,50.07345135305717,49.39017680283869,49.87395477294922,175429504,1.4157087802886963,49.66946973194136,50.07345135305717,49.39017680283869,49.87395477294922
2021-06-03,49.90387647032117,49.97569736790713,49.0360707480461,49.425086975097656,131813661,1.4171934127807617,49.90387647032117,49.97569736790713,49.0360707480461,49.425086975097656
2021-06-04,49.29541586594498,49.499900910249806,48.68695680417254,48.811641693115234,125488064,1.4109944105148315,49.29541586594498,49.499900910249806,48.68695680417254,48.811641693115234
2021-06-07,48.89642379407079,49.70438319946374,48.89642379407079,49.50488662719727,170434798,1.4164307117462158,48.89642379407079,49.70438319946374,48.89642379407079,49.50488662719727
2021-06-08,49.375223245594256,49.799151169009846,48.7128955574718,48.776737213134766,105375649,1.41765558719635,49.375223245594256,49.799151169009846,48.7128955574718,48.776737213134766
2021-06-09,48.577231237848935,48.811639426991526,47.734360210101485,48.1134033203125,148918120,1.414987564086914,48.577231237848935,48.811639426991526,47.734360210101485,48.1134033203125
2021-06-10,48.11341259958158,48.89144520289052,47.864042785179336,48.15331268310547,100447688,1.4112334251403809,48.11341259958158,48.89144520289052,47.864042785179336,48.15331268310547
2021-06-11,47.9238864354472,48.39669440819331,47.77925529962321,48.27300643920898,124037199,1.4170126914978027,47.9238864354472,48.39669440819331,47.77925529962321,48.27300643920898
2021-06-14,48.43758464110576,48.62211583240246,47.68448688355357,47.71939849853516,128931040,1.411930799484253,48.43758464110576,48.62211583240246,47.68448688355357,47.71939849853516
2021-06-15,48.06353599309253,48.07051831696054,47.46006154159654,47.79421615600586,164741804,1.4109944105148315,48.06353599309253,48.07051831696054,47.46006154159654,47.79421615600586
2021-06-16,47.87899183537208,48.312896568709085,47.400202373628005,47.57476043701172,238985854,1.4081531763076782,47.87899183537208,48.312896568709085,47.400202373628005,47.57476043701172
2021-06-17,47.8789976455482,48.71189179553781,47.74433963890567,47.8291244506836,225143933,1.3990709781646729,47.8789976455482,48.71189179553781,47.74433963890567,47.8291244506836
2021-06-18,47.38026406446748,47.87900368619872,46.05162098159985,46.31296157836914,374567463,1.3938642740249634,47.38026406446748,47.87900368619872,46.05162098159985,46.31296157836914
2021-06-21,46.03864334276354,46.9363759904452,45.455119024310726,46.87652587890625,162030532,1.381711721420288,46.03864334276354,46.9363759904452,45.455119024310726,46.87652587890625
2021-06-22,47.15083800148633,47.21068811793469,46.350857806807454,46.64710998535156,114201711,1.392540454864502,47.15083800148633,47.21068811793469,46.350857806807454,46.64710998535156
2021-06-23,46.71693054592346,47.264546333075295,46.68700739195164,46.88151550292969,124173209,1.3949919939041138,46.71693054592346,47.264546333075295,46.68700739195164,46.88151550292969
2021-06-24,47.0710384554651,47.43512000968018,46.77678394055064,47.07602691650391,165329025,1.3967455625534058,47.0710384554651,47.43512000968018,46.77678394055064,47.07602691650391
2021-06-25,47.46004898423863,47.58473384961747,46.84360697936503,47.100955963134766,99477481,1.3916915655136108,47.46004898423863,47.58473384961747,46.84360697936503,47.100955963134766
2021-06-28,47.00120759273021,47.10095777191197,46.38776016235352,46.38776016235352,102798517,1.389506459236145,47.00120759273021,47.10095777191197,46.38776016235352,46.38776016235352
2021-06-29,46.28303043236593,47.200709351563134,46.13340704963216,46.67204666137695,106743496,1.3879058361053467,46.28303043236593,47.200709351563134,46.13340704963216,46.67204666137695
2021-06-30,46.482526681931446,46.92840226500811,46.03466104150706,46.57229995727539,121885912,1.3842746019363403,46.482526681931446,46.92840226500811,46.03466104150706,46.57229995727539
2021-07-01,46.861560674235854,47.52488509005222,46.6321409720525,47.49994659423828,142068363,1.3829153776168823,46.861560674235854,47.52488509005222,46.6321409720525,47.49994659423828
2021-07-02,47.539860656359394,47.72439568648209,46.66706631713379,46.70696640014648,87010694,1.3759511709213257,47.539860656359394,47.72439568648209,46.66706631713379,46.70696640014648
2021-07-05,46.80171986776328,47.87401071448424,46.7817736332447,47.58972930908203,81200498,1.383125901222229,46.80171986776328,47.87401071448424,46.7817736332447,47.58972930908203
2021-07-06,47.62962841118265,47.81914807586922,46.21320987439888,46.32292938232422,100673719,1.3856172561645508,47.62962841118265,47.81914807586922,46.21320987439888,46.32292938232422
2021-07-07,46.332903624916966,47.16579773626934,46.15136322538925,46.67204666137695,123009564,1.3805670738220215,46.332903624916966,47.16579773626934,46.15136322538925,46.67204666137695
2021-07-08,46.26309011457851,46.26309011457851,44.82671751479889,45.50001907348633,171421651,1.3801099061965942,46.26309011457851,46.26309011457851,44.82671751479889,45.50001907348633
2021-07-09,45.639656464562776,46.6221739691937,45.47507150280536,46.592247009277344,165241110,1.3790820837020874,45.639656464562776,46.6221739691937,45.47507150280536,46.592247009277344
2021-07-12,46.47255430521749,47.20669902925866,45.77232426840941,47.05109024047852,102046957,1.3899506330490112,46.47255430521749,47.20669902925866,45.77232426840941,47.05109024047852
2021-07-13,47.48000447051027,48.1882175357899,46.59723712576685,46.63214874267578,172623882,1.3886960744857788,47.48000447051027,48.1882175357899,46.59723712576685,46.63214874267578
2021-07-14,46.63214591283667,47.65954812387872,46.4924994536753,46.816680908203125,95471802,1.3806052207946777,46.63214591283667,47.65954812387872,46.4924994536753,46.816680908203125
2021-07-15,46.78675080248009,46.926397252249785,46.09350320892312,46.44262313842773,114491702,1.385809302330017,46.78675080248009,46.926397252249785,46.09350320892312,46.44262313842773
2021-07-16,46.617188496582095,46.8416197823971,45.49502445734512,45.6047477722168,121824323,1.3829728364944458,46.617188496582095,46.8416197823971,45.49502445734512,45.6047477722168
2021-07-19,44.87158801352428,45.09601923943184,43.255673293782,43.39033126831055,218332880,1.3763866424560547,44.87158801352428,45.09601923943184,43.255673293782,43.39033126831055
2021-07-20,43.554929888980375,44.09356956658576,42.67415633966242,43.97386932373047,283626711,1.3669979572296143,43.554929888980375,44.09356956658576,42.67415633966242,43.97386932373047
2021-07-21,44.00379468862551,45.719456251340446,44.00379468862551,45.52494812011719,113299851,1.3633265495300293,44.00379468862551,45.719456251340446,44.00379468862551,45.52494812011719
2021-07-22,46.16333051184222,46.25310378106472,44.96137020150387,45.1159782409668,96907443,1.3714035749435425,46.16333051184222,46.25310378106472,44.96137020150387,45.1159782409668
2021-07-23,45.47008229764765,45.98877186843197,45.22769485423694,45.769325256347656,79890316,1.377389669418335,45.47008229764765,45.98877186843197,45.22769485423694,45.769325256347656
2021-07-26,45.44015828228178,46.542372172407966,44.88655710689035,46.43763732910156,113182682,1.3757808208465576,45.44015828228178,46.542372172407966,44.88655710689035,46.43763732910156
2021-07-27,46.20822091078486,46.49250230726342,45.50001165009524,46.40272903442383,116360165,1.3829153776168823,46.20822091078486,46.49250230726342,45.50001165009524,46.40272903442383
2021-07-28,46.24313183114048,47.18973700390282,46.20323175379482,46.662071228027344,148437402,1.3882719278335571,46.24313183114048,47.18973700390282,46.20323175379482,46.662071228027344
2021-07-29,47.3802602052852,47.77925339220423,45.624698554019766,46.08353805541992,229195738,1.3906852006912231,47.3802602052852,47.77925339220423,45.624698554019766,46.08353805541992
2021-07-30,45.88902851444209,46.28303322803176,45.260615596114704,45.51995849609375,177334015,1.3964334726333618,45.88902851444209,46.28303322803176,45.260615596114704,45.51995849609375
2021-08-02,46.29300060075291,46.62715515515352,45.51496819227855,46.11844253540039,131446292,1.3896223306655884,46.29300060075291,46.62715515515352,45.51496819227855,46.11844253540039
2021-08-03,46.357836991038624,47.20070799981115,46.1433788446383,46.73189163208008,128068426,1.3892748355865479,46.357836991038624,47.20070799981115,46.1433788446383,46.73189163208008
2021-08-04,47.006210112201536,47.18575668334961,46.43764723859309,47.18575668334961,119502780,1.391788363456726,47.006210112201536,47.18575668334961,46.43764723859309,47.18575668334961
2021-08-05,45.90051078883879,46.21975280312034,45.10740443452485,45.79576110839844,209014249,1.3890432119369507,45.90051078883879,46.21975280312034,45.10740443452485,45.79576110839844
2021-08-06,45.89053277019734,46.728533955617024,45.59124744803732,46.46915435791016,189035870,1.3927576541900635,45.89053277019734,46.728533955617024,45.59124744803732,46.46915435791016
2021-08-09,46.38934834108105,46.63376427214332,45.88754692670958,46.52901458740234,145241106,1.3868471384048462,46.38934834108105,46.63376427214332,45.88754692670958,46.52901458740234
2021-08-10,46.47414516125901,46.88815853829698,46.05514642229513,46.52901458740234,146480424,1.3849073648452759,46.47414516125901,46.88815853829698,46.05514642229513,46.52901458740234
2021-08-11,45.84564822892559,46.593863543944,45.84564822892559,46.37438583374024,93376765,1.3836042881011963,45.84564822892559,46.593863543944,45.84564822892559,46.37438583374024
2021-08-12,46.50407627546382,46.89314761967817,46.27462023622069,46.444217681884766,120589951,1.3866932392120361,46.50407627546382,46.89314761967817,46.27462023622069,46.444217681884766
2021-08-13,46.46915688733523,46.66369254760925,45.99528494630349,46.11998748779297,97244160,1.3811582326889038,46.46915688733523,46.66369254760925,45.99528494630349,46.11998748779297
2021-08-16,45.68602399745642,46.12996857279953,45.07248958789262,45.52141952514648,129649585,1.3863856792449951,45.68602399745642,46.12996857279953,45.07248958789262,45.52141952514648
2021-08-17,45.07748169898085,45.26203904784474,44.51382370543646,44.8829460144043,142452591,1.3842746019363403,45.07748169898085,45.26203904784474,44.51382370543646,44.8829460144043
2021-08-18,44.8929177390209,45.04256232039889,44.044941926198426,44.5587158203125,210746042,1.3740416765213013,44.8929177390209,45.04256232039889,44.044941926198426,44.5587158203125
2021-08-19,43.47630288471694,44.30931508250729,43.46632454864582,43.7257080078125,121780565,1.3743815422058105,43.47630288471694,44.30931508250729,43.46632454864582,43.7257080078125
2021-08-20,43.67083358069095,44.184607466597,43.41643931866047,43.880332946777344,94540376,1.3630849123001099,43.67083358069095,44.184607466597,43.41643931866047,43.880332946777344
2021-08-23,44.394104077746746,44.61358176514283,43.76859723541129,43.85040283203125,84657085,1.3625277280807495,44.394104077746746,44.61358176514283,43.76859723541129,43.85040283203125
2021-08-24,44.03995068036503,44.10978380021399,42.93758065346983,43.65586471557617,130225067,1.37247633934021,44.03995068036503,44.10978380021399,42.93758065346983,43.65586471557617
2021-08-25,43.74564686060856,44.53077656227908,43.60598063316557,44.40906524658203,104292224,1.3725517988204956,43.74564686060856,44.53077656227908,43.60598063316557,44.40906524658203
2021-08-26,44.049929294329374,44.59762270257482,43.98009616800445,44.1197624206543,60504059,1.3766520023345947,44.049929294329374,44.59762270257482,43.98009616800445,44.1197624206543
2021-08-27,44.00503358236696,44.169641850978,43.55610367052754,43.98508071899414,86397494,1.3702384233474731,44.00503358236696,44.169641850978,43.55610367052754,43.98508071899414
2021-08-31,43.43639598403684,43.795539960539344,43.15705966585707,43.67083740234375,180138382,1.376045823097229,43.43639598403684,43.795539960539344,43.15705966585707,43.67083740234375
2021-09-01,43.96013996052286,44.89291637069256,43.84242072715031,43.91524887084961,114135172,1.3753398656845093,43.96013996052286,44.89291637069256,43.84242072715031,43.91524887084961
2021-09-02,43.87534158853854,44.06488808092093,43.35159319947423,43.52118682861328,124161702,1.3771638870239258,43.87534158853854,44.06488808092093,43.35159319947423,43.52118682861328
2021-09-03,43.51120800460272,43.92023214666554,43.17500819085067,43.30669403076172,104016579,1.383680820465088,43.51120800460272,43.92023214666554,43.17500819085067,43.30669403076172
2021-09-06,43.21192909591273,43.77558709455364,43.21192909591273,43.67083740234375,55784411,1.3859245777130127,43.21192909591273,43.77558709455364,43.21192909591273,43.67083740234375
2021-09-07,43.59102406612977,43.67582088871186,42.97748963730652,43.1470832824707,86413291,1.3839489221572876,43.59102406612977,43.67582088871186,42.97748963730652,43.1470832824707
2021-09-08,42.73306563600588,42.89268473551208,42.144469493023095,42.3040885925293,132109308,1.3779798746109009,42.73306563600588,42.89268473551208,42.144469493023095,42.3040885925293
2021-09-09,41.78532700828967,42.71012302836585,41.2516002691386,42.40385437011719,189086621,1.3767657279968262,41.78532700828967,42.71012302836585,41.2516002691386,42.40385437011719
2021-09-10,42.633304401218254,43.38151963098869,42.26917131492409,42.46370697021485,151608361,1.3839681148529053,42.633304401218254,43.38151963098869,42.26917131492409,42.46370697021485
2021-09-13,42.85777166640201,43.72071499081618,42.75701407579898,43.5241813659668,18630685,1.3840830326080322,42.85777166640201,43.72071499081618,42.75701407579898,43.5241813659668
2021-09-14,43.471311660744426,44.02997667446003,43.34660910509434,43.451358795166016,192641762,1.3838149309158325,43.471311660744426,44.02997667446003,43.34660910509434,43.451358795166016
2021-09-15,43.3416196153225,44.37415661621,43.32665591765485,44.03496551513672,221126861,1.381024718284607,43.3416196153225,44.37415661621,43.32665591765485,44.03496551513672
2021-09-16,43.97012150817753,44.86299225568829,43.97012150817753,44.66346740722656,185598411,1.3848881721496582,43.97012150817753,44.86299225568829,43.97012150817753,44.66346740722656
2021-09-17,44.892917899276746,45.34683700695582,44.24945228604607,44.93780899047852,385392982,1.3797005414962769,44.892917899276746,45.34683700695582,44.24945228604607,44.93780899047852
2021-09-20,44.21453487940168,44.55073474327508,43.04233169555664,43.04233169555664,204629300,1.3729662895202637,44.21453487940168,44.55073474327508,43.04233169555664,43.04233169555664
2021-09-21,43.44636692846539,44.12474909351016,42.15445035888232,42.37392425537109,181988223,1.366269588470459,43.44636692846539,44.12474909351016,42.15445035888232,42.37392425537109
2021-09-22,42.797911583342746,43.9202343996302,42.797911583342746,43.87533950805664,129583974,1.3657469749450684,42.797911583342746,43.9202343996302,42.797911583342746,43.87533950805664
2021-09-23,44.294341014547584,45.022603346823246,43.985077364285615,44.9527702331543,205133028,1.3617113828659058,44.294341014547584,45.022603346823246,43.985077364285615,44.9527702331543
2021-09-24,44.84303448412231,45.70098857470728,44.39410457560464,45.32189178466797,324395421,1.3722503185272217,44.84303448412231,45.70098857470728,44.39410457560464,45.32189178466797
2021-09-27,45.676053268432696,45.86061442622096,45.2371016297175,45.73092269897461,195196130,1.3669044971466064,45.676053268432696,45.86061442622096,45.2371016297175,45.73092269897461
2021-09-28,45.73092237331426,46.06013514860124,44.76322930223362,45.39173126220703,166065990,1.3701633214950562,45.73092237331426,46.06013514860124,44.76322930223362,45.39173126220703
2021-09-29,45.89054238528203,46.47913862462241,45.54337088216196,46.32450866699219,205461578,1.354224443435669,45.89054238528203,46.47913862462241,45.54337088216196,46.32450866699219
2021-09-30,46.66868211448921,46.81832670000871,46.23471966659845,46.45918273925781,191716362,1.3426424264907837,46.66868211448921,46.81832670000871,46.23471966659845,46.45918273925781
2021-10-01,45.62616812334655,45.79576175914952,44.52878343556035,45.1323471069336,215095589,1.346982717514038,45.62616812334655,45.79576175914952,44.52878343556035,45.1323471069336
2021-10-04,45.01263193474294,45.3518230271297,44.36418095015817,44.69339370727539,152963709,1.3570915460586548,45.01263193474294,45.3518230271297,44.36418095015817,44.69339370727539
2021-10-05,44.892918283560086,46.53400430860017,44.73828833838173,46.4093017578125,281471241,1.3607479333877563,44.892918283560086,46.53400430860017,44.73828833838173,46.4093017578125
2021-10-06,46.36440999835328,46.61381511680729,45.5413761519511,45.94042205810547,191400085,1.3627691268920898,46.36440999835328,46.61381511680729,45.5413761519511,45.94042205810547
2021-10-07,46.44421268185421,46.60882094226056,45.491483482792574,46.38934326171875,154291815,1.3592127561569214,46.44421268185421,46.60882094226056,45.491483482792574,46.38934326171875
2021-10-08,46.58388111170671,46.91808300967427,46.38934545136025,46.74848937988281,208191732,1.3620266914367676,46.58388111170671,46.91808300967427,46.38934545136025,46.74848937988281
2021-10-11,46.78839690761826,47.91071982464473,46.65870519385501,47.81594467163086,244678652,1.361655831336975,46.78839690761826,47.91071982464473,46.65870519385501,47.81594467163086
2021-10-12,47.08269370267496,48.40953063964844,46.83827777425028,48.40953063964844,174980639,1.3590649366378784,47.08269370267496,48.40953063964844,46.83827777425028,48.40953063964844
2021-10-13,48.61902529436827,48.833513808291535,47.082689139086256,47.64634323120117,378238931,1.3578838109970093,48.61902529436827,48.833513808291535,47.082689139086256,47.64634323120117
2021-10-14,48.14017638454461,48.53922228535222,47.88578210155647,48.32473373413086,202565119,1.366923213005066,48.14017638454461,48.53922228535222,47.88578210155647,48.32473373413086
2021-10-15,47.885778577627086,49.11285119700441,47.840887486908045,48.99812698364258,221566294,1.3668859004974365,47.885778577627086,49.11285119700441,47.840887486908045,48.99812698364258
2021-10-18,49.20263263319782,49.40116038098848,48.83850335675667,49.15774154663086,140189076,1.376159429550171,49.20263263319782,49.40116038098848,48.83850335675667,49.15774154663086
2021-10-19,49.2924299751104,49.39219050533614,41.790323172401536,49.28245544433594,121304250,1.373645305633545,49.2924299751104,49.39219050533614,41.790323172401536,49.28245544433594
2021-10-20,49.34230516567666,49.37722172822676,48.37461594402277,48.93328094482422,114000700,1.3793197870254517,49.34230516567666,49.37722172822676,48.37461594402277,48.93328094482422
2021-10-21,48.883399261597134,49.127815192331575,47.67129033176335,48.20501708984375,146037620,1.3822999000549316,48.883399261597134,49.127815192331575,47.67129033176335,48.20501708984375
2021-10-22,48.274845053416136,48.75869150125351,48.020450814792696,48.60904693603516,108911852,1.379120111465454,48.274845053416136,48.75869150125351,48.020450814792696,48.60904693603516
2021-10-25,48.54919669619811,48.82154587252949,48.23494384096524,48.658935546875,175889841,1.3762730360031128,48.54919669619811,48.82154587252949,48.23494384096524,48.658935546875
2021-10-26,48.53423055558173,49.0529897780103,48.2977912189746,48.88339614868164,140396860,1.37644362449646,48.53423055558173,49.0529897780103,48.2977912189746,48.88339614868164
2021-10-27,48.93826575003909,49.20263452944047,48.48434667173141,48.84349060058594,158926004,1.3766140937805176,48.93826575003909,49.20263452944047,48.48434667173141,48.84349060058594
2021-10-28,49.88102345907933,50.220214570825874,49.03104963198316,49.4620246887207,197110071,1.3732868432998657,49.88102345907933,50.220214570825874,49.03104963198316,49.4620246887207
2021-10-29,49.70644146559879,50.35988166599263,49.51190577531939,50.10050201416016,261931165,1.380071759223938,49.70644146559879,50.35988166599263,49.51190577531939,50.10050201416016
2021-11-01,50.748938465766,51.28166804790256,49.51189154995256,50.98836898803711,160606916,1.36832594871521,50.748938465766,51.28166804790256,49.51189154995256,50.98836898803711
2021-11-02,51.42732470918354,51.45725590542583,41.34537515706924,50.90856170654297,200088158,1.365541934967041,51.42732470918354,51.45725590542583,41.34537515706924,50.90856170654297
2021-11-03,50.72899117785688,50.87863574641766,50.18030076916647,50.379825592041016,174756403,1.3617392778396606,50.72899117785688,50.87863574641766,50.18030076916647,50.379825592041016
2021-11-04,50.56937368769154,50.60927941465848,47.91071837264719,48.13518142700195,307214200,1.3694878816604614,50.56937368769154,50.60927941465848,47.91071837264719,48.13518142700195
2021-11-05,47.98553446311524,49.217596131097984,47.98553446311524,48.98814392089844,252705505,1.3508602380752563,47.98553446311524,49.217596131097984,47.98553446311524,48.98814392089844
2021-11-08,48.77865334009592,49.44207186603243,48.399556495900754,49.04302215576172,144957324,1.349127173423767,48.77865334009592,49.44207186603243,48.399556495900754,49.04302215576172
2021-11-09,48.71879263465628,48.928292010957975,47.970577314476,48.26487731933594,149628755,1.3564507961273193,48.71879263465628,48.928292010957975,47.970577314476,48.26487731933594
2021-11-10,48.13019422827583,49.39717256914936,48.10325805175242,49.1627311706543,185145255,1.3560001850128174,48.13019422827583,49.39717256914936,48.10325805175242,49.1627311706543
2021-11-11,49.70644114657669,50.12045455887108,49.19266720859165,49.76131057739258,135785483,1.3412736654281616,49.70644114657669,50.12045455887108,49.19266720859165,49.76131057739258
2021-11-12,49.81118907586524,50.10049991798853,49.11285400390625,49.11285400390625,129816197,1.3366482257843018,49.81118907586524,50.10049991798853,49.11285400390625,49.11285400390625
2021-11-15,48.88339616733232,49.73636109276142,48.82154343287108,49.51189804077149,102041060,1.341705560684204,48.88339616733232,49.73636109276142,48.82154343287108,49.51189804077149
2021-11-16,49.70144870792783,49.89598438415696,49.41712704223758,49.85109329223633,122565303,1.3408420085906982,49.70144870792783,49.89598438415696,49.41712704223758,49.85109329223633
2021-11-17,50.010709944457766,50.87065821164921,49.86605453491211,49.86605453491211,185774937,1.3424620628356934,50.010709944457766,50.87065821164921,49.86605453491211,49.86605453491211
2021-11-18,49.70144526167782,50.12044778531646,49.41213444840585,49.771278381347656,92350825,1.34916353225708,49.70144526167782,50.12044778531646,49.41213444840585,49.771278381347656
2021-11-19,50.18030302890668,50.27008901296253,48.22995721638734,48.93826675415039,257598027,1.3499648571014404,50.18030302890668,50.27008901296253,48.22995721638734,48.93826675415039
2021-11-22,49.08291865707093,49.69645299962343,48.82353525249022,49.61165618896485,101510147,1.3434540033340454,49.08291865707093,49.69645299962343,48.82353525249022,49.61165618896485
2021-11-23,49.17769566263688,50.18030522758726,48.993138324716426,49.71641159057617,129421977,1.3397642374038696,49.17769566263688,50.18030522758726,48.993138324716426,49.71641159057617
2021-11-24,49.84610478848996,50.030665937512616,49.292425147041925,49.39717483520508,104335977,1.337595820426941,49.84610478848996,50.030665937512616,49.292425147041925,49.39717483520508
2021-11-25,49.39717881046984,49.57675080623495,48.983165386588055,49.566776275634766,121090724,1.333066701889038,49.39717881046984,49.57675080623495,48.983165386588055,49.566776275634766
2021-11-26,47.38697176394256,47.85585459708945,45.29695568623973,45.89054107666016,499035260,1.331416130065918,47.38697176394256,47.85585459708945,45.29695568623973,45.89054107666016
2021-11-29,46.71357118006976,47.30715266911504,46.13993874802449,46.68862915039063,288599389,1.334098219871521,46.71357118006976,47.30715266911504,46.13993874802449,46.68862915039063
2021-11-30,45.89053367371084,47.07271509598052,45.39671269214326,46.68862915039063,347879561,1.3315047025680542,45.89053367371084,47.07271509598052,45.39671269214326,46.68862915039063
2021-12-01,46.30455147936617,47.908722971471455,46.30455147936617,47.57651519775391,160559657,1.3295927047729492,46.30455147936617,47.908722971471455,46.30455147936617,47.57651519775391
2021-12-02,46.99789272868963,47.352047476908645,46.324499790368414,46.81333160400391,161779350,1.3280000686645508,46.99789272868963,47.352047476908645,46.324499790368414,46.81333160400391
2021-12-03,47.30715802528762,47.65133828460717,46.21975543155775,46.3693962097168,159110425,1.3299994468688965,47.30715802528762,47.65133828460717,46.21975543155775,46.3693962097168
2021-12-06,46.36938901866903,46.86320997956497,46.04516167450974,46.16487884521485,187595223,1.3237318992614746,46.36938901866903,46.86320997956497,46.04516167450974,46.16487884521485
2021-12-07,46.63874634597235,47.741116257475575,46.454185231050936,47.37199783325195,187536547,1.326435923576355,46.63874634597235,47.741116257475575,46.454185231050936,47.37199783325195
2021-12-08,47.691244245653074,47.75608820260782,46.57590459118834,47.25229263305664,117947392,1.3246086835861206,47.691244245653074,47.75608820260782,46.57590459118834,47.25229263305664
2021-12-09,47.14255013747344,47.14255013747344,46.4591788359246,46.58388137817383,93239410,1.3210039138793945,47.14255013747344,47.14255013747344,46.4591788359246,46.58388137817383
2021-12-10,46.29956136381423,46.75846582209614,46.154905953038906,46.22473907470703,82200068,1.3224014043807983,46.29956136381423,46.75846582209614,46.154905953038906,46.22473907470703
2021-12-13,46.21975668916807,46.22374497888037,44.19458461352402,44.24446487426758,315907539,1.3257148265838623,46.21975668916807,46.22374497888037,44.19458461352402,44.24446487426758
2021-12-14,44.64351072618788,45.434622934187495,44.50883365321838,45.082462310791016,143831905,1.3213530778884888,44.64351072618788,45.434622934187495,44.50883365321838,45.082462310791016
2021-12-15,45.06749130524325,45.41666065498385,44.24944305419922,44.24944305419922,114000489,1.323050618171692,45.06749130524325,45.41666065498385,44.24944305419922,44.24944305419922
2021-12-16,44.892912299032815,47.317129867630136,44.24944676607236,46.29955673217773,323349438,1.3263126611709595,44.892912299032815,47.317129867630136,44.24944676607236,46.29955673217773
2021-12-17,46.24469130529018,47.21238427174785,45.61120405151674,46.05015563964844,359113278,1.3323739767074585,46.24469130529018,47.21238427174785,45.61120405151674,46.05015563964844
2021-12-20,44.962754339185,45.80574485527211,44.71833838927847,45.35182571411133,209209569,1.3229438066482544,44.962754339185,45.80574485527211,44.71833838927847,45.35182571411133
2021-12-21,45.8356657583228,46.339465090556416,45.80074919899688,46.24468994140625,135939459,1.3210004568099976,45.8356657583228,46.339465090556416,45.80074919899688,46.24468994140625
2021-12-22,46.36440863301896,47.03281630971497,46.18783167149594,46.8482551574707,104721929,1.3269639015197754,46.36440863301896,47.03281630971497,46.18783167149594,46.8482551574707
2021-12-23,47.08269300004576,47.60145604848488,46.9420296849564,47.52164459228516,97487752,1.3352025747299194,47.08269300004576,47.60145604848488,46.9420296849564,47.52164459228516
2021-12-24,47.65133384002949,47.99052490008711,47.32710647583008,47.32710647583008,52779157,1.3406623601913452,47.65133384002949,47.99052490008711,47.32710647583008,47.32710647583008
2021-12-29,48.35465544728019,48.61902420852372,47.6114256100409,47.885772705078125,95297983,1.3433277606964111,48.35465544728019,48.61902420852372,47.6114256100409,47.885772705078125
2021-12-30,47.58649575471369,48.44943530426787,47.58649575471369,48.22996139526367,69823271,1.349879264831543,47.58649575471369,48.44943530426787,47.58649575471369,48.22996139526367
2021-12-31,48.0354258470725,48.21998319340911,47.686256408691406,47.686256408691406,50362743,1.349837303161621,48.0354258470725,48.21998319340911,47.686256408691406,47.686256408691406
2022-01-04,49.10287260792787,49.88101522768148,48.48434527905862,49.79122924804688,238638895,1.3483266830444336,49.10287260792787,49.88101522768148,48.48434527905862,49.79122924804688
2022-01-05,50.08054134918644,51.1180674061922,49.88101652197463,50.55939865112305,268522660,1.353143334388733,50.08054134918644,51.1180674061922,49.88101652197463,50.55939865112305
2022-01-06,49.81617417155436,51.876258850097656,49.55080450641757,51.876258850097656,320456504,1.3555645942687988,49.81617417155436,51.876258850097656,49.55080450641757,51.876258850097656
2022-01-07,52.634444836707445,53.053447337515344,51.98599393144627,52.71425628662109,226744765,1.353363037109375,52.634444836707445,53.053447337515344,51.98599393144627,52.71425628662109
2022-01-10,52.82400004600367,53.06342680679941,52.265331261447365,52.68433380126953,254924966,1.3592311143875122,52.82400004600367,53.06342680679941,52.265331261447365,52.68433380126953
2022-01-11,52.7541665534754,52.92376019071408,52.25535636542792,52.76414108276367,184117239,1.3580313920974731,52.7541665534754,52.92376019071408,52.25535636542792,52.76414108276367
2022-01-12,53.18314325165442,53.28290376632576,52.50476109615421,53.05345153808594,139325708,1.3633265495300293,53.18314325165442,53.28290376632576,52.50476109615421,53.05345153808594
2022-01-13,53.12328393405331,53.988221360785886,52.81402025380383,53.84157180786133,142086003,1.3709993362426758,53.12328393405331,53.988221360785886,52.81402025380383,53.84157180786133
2022-01-14,53.65202079377476,54.909024556282496,53.292876861629686,54.83919143676758,212668176,1.3713659048080444,53.65202079377476,54.909024556282496,53.292876861629686,54.83919143676758
2022-01-17,55.15843274066897,55.86773938257059,54.78931045321615,54.99881362915039,229444944,1.367353081703186,55.15843274066897,55.86773938257059,54.78931045321615,54.99881362915039
2022-01-18,54.78930626073463,55.71709346469824,54.24061584472656,54.24061584472656,220513159,1.364800214767456,54.78930626073463,55.71709346469824,54.24061584472656,54.24061584472656
2022-01-19,54.07102732176736,54.74940950926561,53.40261966395884,53.75178909301758,236887004,1.3600261211395264,54.07102732176736,54.74940950926561,53.40261966395884,53.75178909301758
2022-01-20,53.372694522021234,53.58219390492709,51.79645237112187,52.85393142700195,221857195,1.3608589172363281,53.372694522021234,53.58219390492709,51.79645237112187,52.85393142700195
2022-01-21,52.005950747542016,52.49478259575745,51.22780427420489,51.62685394287109,187327605,1.359767198562622,52.005950747542016,52.49478259575745,51.22780427420489,51.62685394287109
2022-01-24,50.94846767535973,51.62684977394028,49.10785703083844,49.15275192260742,282598008,1.3555830717086792,50.94846767535973,51.62684977394028,49.10785703083844,49.15275192260742
2022-01-25,50.2700971960126,51.19788458040998,49.7463487084465,50.78886032104492,277583398,1.3489269018173218,50.2700971960126,51.19788458040998,49.7463487084465,50.78886032104492
2022-01-26,51.287657834752906,52.79406276522763,51.287657834752906,51.90618133544922,149908245,1.3510775566101074,51.287657834752906,52.79406276522763,51.287657834752906,51.90618133544922
2022-01-27,51.31758989651775,53.15321150928754,50.92851856541007,52.12566375732422,249529611,1.3468012809753418,51.31758989651775,53.15321150928754,50.92851856541007,52.12566375732422
2022-01-28,51.82637841629661,52.335163124964254,50.63920775337269,51.078163146972656,358298322,1.3388315439224243,51.82637841629661,52.335163124964254,50.63920775337269,51.078163146972656
2022-01-31,51.34752659188722,51.716645098655015,50.68909723669219,50.928524017333984,156167834,1.3403388261795044,51.34752659188722,51.716645098655015,50.68909723669219,50.928524017333984
2022-02-01,51.67673508998242,52.26533126831055,51.16795036900986,52.26533126831055,179517363,1.3445378541946411,51.67673508998242,52.26533126831055,51.16795036900986,52.26533126831055
2022-02-02,52.91378675858491,53.4824300803002,52.5247154127397,52.73421478271485,212887878,1.352539300918579,52.91378675858491,53.4824300803002,52.5247154127397,52.73421478271485
2022-02-03,53.06342551929882,54.37030955946688,52.06081979866122,53.17316436767578,261163021,1.3565024137496948,53.06342551929882,54.37030955946688,52.06081979866122,53.17316436767578
2022-02-04,53.67197969408416,53.84157715028139,51.18790689338251,51.25774002075195,310615405,1.359841227531433,53.67197969408416,53.84157715028139,51.18790689338251,51.25774002075195
2022-02-07,51.96604123272054,52.64442333664672,51.4772056145075,52.46485137939453,170499842,1.3533447980880737,51.96604123272054,52.64442333664672,51.4772056145075,52.46485137939453
2022-02-08,52.85392597852375,53.13325846026973,52.195496696108464,52.37506866455078,165211945,1.353780746459961,52.85392597852375,53.13325846026973,52.195496696108464,52.37506866455078
2022-02-09,52.574589890781546,52.963661193847656,51.87625492869448,52.963661193847656,170858759,1.3547565937042236,52.574589890781546,52.963661193847656,51.87625492869448,52.963661193847656
2022-02-10,52.85393138883179,53.27293395996094,52.38504855594489,53.27293395996094,184243619,1.3533265590667725,52.85393138883179,53.27293395996094,52.38504855594489,53.27293395996094
2022-02-11,52.89383455975746,53.83159637451172,52.44490461443154,53.83159637451172,177202605,1.3551788330078125,52.89383455975746,53.83159637451172,52.44490461443154,53.83159637451172
2022-02-14,52.39501838966166,52.823995421285325,51.08813443220125,51.586944580078125,224580586,1.3569625616073608,52.39501838966166,52.823995421285325,51.08813443220125,51.586944580078125
2022-02-15,51.15797468633305,52.65440533875499,51.101111113109965,52.504764556884766,151011097,1.3532898426055908,51.15797468633305,52.65440533875499,51.101111113109965,52.504764556884766
2022-02-16,52.52471489839968,52.714261401908736,51.45726138874704,51.806427001953125,213579368,1.3541145324707031,52.52471489839968,52.714261401908736,51.45726138874704,51.806427001953125
2022-02-17,51.77649871094472,51.94609234710041,50.79882739966946,51.16794967651367,189461870,1.3584926128387451,51.77649871094472,51.94609234710041,50.79882739966946,51.16794967651367
2022-02-18,50.88861085417861,52.04585027327779,50.53944526438901,51.09811401367188,182220365,1.3618782758712769,50.88861085417861,52.04585027327779,50.53944526438901,51.09811401367188
2022-02-21,51.18789942755392,51.80342793107457,50.419731332908455,50.798824310302734,118166880,1.359342098236084,51.18789942755392,51.80342793107457,50.419731332908455,50.798824310302734
2022-02-22,49.24253646731263,51.57397299727128,48.49931044183015,51.187896728515625,175512574,1.3596007823944092,49.24253646731263,51.57397299727128,48.49931044183015,51.187896728515625
2022-02-23,51.23778153376151,52.43492670901773,51.08813695974713,52.075782775878906,185341500,1.3589357137680054,51.23778153376151,52.43492670901773,51.08813695974713,52.075782775878906
2022-02-24,47.88578183717204,49.41513493839049,45.89054092728988,46.43424224853516,706276732,1.3545730113983154,47.88578183717204,49.41513493839049,45.89054092728988,46.43424224853516
2022-02-25,47.24231459616086,49.95983164966841,46.43424068484752,49.56178283691406,518677124,1.337327480316162,47.24231459616086,49.95983164966841,46.43424068484752,49.56178283691406
2022-02-28,47.46179372785733,48.90335497541887,46.9230777708504,48.31974792480469,396856621,1.337327480316162,47.46179372785733,48.90335497541887,46.9230777708504,48.31974792480469
2022-03-01,48.40953735740519,49.342310109976616,45.67106628417969,45.67106628417969,438016914,1.3422818183898926,48.40953735740519,49.342310109976616,45.67106628417969,45.67106628417969
2022-03-02,45.25704919363617,46.46915808025495,45.09244092129568,45.96535873413086,402627643,1.3335111141204834,45.25704919363617,46.46915808025495,45.09244092129568,45.96535873413086
2022-03-03,46.02521778572999,46.80336432454234,44.89192317702555,45.047550201416016,282139905,1.33969247341156,46.02521778572999,46.80336432454234,44.89192317702555,45.047550201416016
2022-03-04,44.593628762616085,44.9607530683306,42.52655706844686,42.9276008605957,490561743,1.3350956439971924,44.593628762616085,44.9607530683306,42.52655706844686,42.9276008605957
2022-03-07,40.72785608977058,44.99667337347266,38.00435268735852,41.1518440246582,652244747,1.3212482929229736,40.72785608977058,44.99667337347266,38.00435268735852,41.1518440246582
2022-03-08,40.30387140361251,43.49226580216445,40.03451340070123,41.86015701293945,384654494,1.3112295866012573,40.30387140361251,43.49226580216445,40.03451340070123,41.86015701293945
2022-03-09,44.69338919583257,45.57628530269167,43.16204216984467,45.272010803222656,331892436,1.3099292516708374,44.69338919583257,45.57628530269167,43.16204216984467,45.272010803222656
2022-03-10,45.76084333421741,45.85062931587279,44.03994979237891,44.48389053344727,259040367,1.3185653686523438,45.76084333421741,45.85062931587279,44.03994979237891,44.48389053344727
2022-03-11,44.89291411070484,46.55494991845396,44.44199006386516,45.35680770874024,212963198,1.3103240728378296,44.89291411070484,46.55494991845396,44.44199006386516,45.35680770874024
2022-03-14,46.48910908551122,47.92568489611161,46.03020461517823,47.62141036987305,297152997,1.3050298690795898,46.48910908551122,47.92568489611161,46.03020461517823,47.62141036987305
2022-03-15,46.88815463870644,47.89275826190356,46.73352470822809,47.2822151184082,160710514,1.3011853694915771,46.88815463870644,47.89275826190356,46.73352470822809,47.2822151184082
2022-03-16,48.48434875368881,48.91632084255921,47.86582518611253,48.48933792114258,277001718,1.304648518562317,48.48434875368881,48.91632084255921,47.86582518611253,48.48933792114258
2022-03-17,48.783632465546056,49.09987562341121,47.17247406360063,47.885772705078125,294112234,1.3141123056411743,48.783632465546056,49.09987562341121,47.17247406360063,47.885772705078125
2022-03-18,48.00548670488273,49.0230598449707,47.80596188818755,49.0230598449707,393533448,1.3160406351089478,48.00548670488273,49.0230598449707,47.80596188818755,49.0230598449707
2022-03-21,48.88339687370544,49.41413238870855,48.28981155101217,48.514278411865234,202484121,1.3160839080810547,48.88339687370544,49.41413238870855,48.28981155101217,48.514278411865234
2022-03-22,48.88340185336271,50.32795811629443,48.64896043965657,50.120452880859375,242793033,1.3168290853500366,48.88340185336271,50.32795811629443,48.64896043965657,50.120452880859375
2022-03-23,50.37982720830798,50.56937370302906,49.392181396484375,49.392181396484375,247762719,1.3266470432281494,50.37982720830798,50.56937370302906,49.392181396484375,49.392181396484375
2022-03-24,49.332325251712085,49.851088271280375,48.88339534962227,49.37721633911133,190132342,1.3206027746200562,49.332325251712085,49.851088271280375,48.88339534962227,49.37721633911133
2022-03-25,49.28743134187535,49.382206491323615,48.43646055834744,48.63399124145508,236818957,1.3195745944976807,49.28743134187535,49.382206491323615,48.43646055834744,48.63399124145508
2022-03-28,48.78363854292391,49.42710034486473,48.52425511064441,48.66392135620117,151203320,1.317627191543579,48.78363854292391,49.42710034486473,48.52425511064441,48.66392135620117
2022-03-29,49.16273169235792,50.110471825735296,47.84587307957118,49.88101959228516,339933264,1.3103584051132202,49.16273169235792,50.110471825735296,47.84587307957118,49.88101959228516
2022-03-30,48.61903139196886,48.958222484303306,47.79599379087295,48.0054931640625,222324698,1.3093804121017456,48.61903139196886,48.958222484303306,47.79599379087295,48.0054931640625
2022-03-31,48.06535042888224,48.82354024661728,46.75846635518526,46.94302749633789,243453766,1.3138878345489502,48.06535042888224,48.82354024661728,46.75846635518526,46.94302749633789
2022-04-01,46.8881541855738,48.14615496930741,46.7335242565898,47.277225494384766,224342983,1.314699649810791,46.8881541855738,48.14615496930741,46.7335242565898,47.277225494384766
2022-04-04,47.35704500961244,47.59647179167428,46.05514998958842,46.77842330932617,297778711,1.3103755712509155,47.35704500961244,47.59647179167428,46.05514998958842,46.77842330932617
2022-04-05,46.13994334838892,46.95799176925131,45.39671721840463,46.1948127746582,315833767,1.3114582300186157,46.13994334838892,46.95799176925131,45.39671721840463,46.1948127746582
2022-04-06,45.89053959328077,46.49509656671729,42.02476044275983,45.07748031616211,314994133,1.3077365159988403,45.89053959328077,46.49509656671729,42.02476044275983,45.07748031616211
2022-04-07,43.94813655525513,45.19552914272214,43.853333500450816,44.24251937866211,287353573,1.307206630706787,43.94813655525513,45.19552914272214,43.853333500450816,44.24251937866211
2022-04-08,44.7265071746975,45.10571557753494,44.450084557986784,44.49199676513672,218503989,1.3069332838058472,44.7265071746975,45.10571557753494,44.450084557986784,44.49199676513672
2022-04-11,44.86620950128413,45.39510647420639,44.59777345514389,44.9859619140625,222249258,1.303220272064209,44.86620950128413,45.39510647420639,44.59777345514389,44.9859619140625
2022-04-12,44.69157541111807,45.05581567223144,44.02796173095703,44.02796173095703,182370333,1.3024225234985352,44.69157541111807,45.05581567223144,44.02796173095703,44.02796173095703
2022-04-13,43.9082242938316,44.47703507673517,43.77849438343975,44.04793167114258,173041476,1.3002548217773438,43.9082242938316,44.47703507673517,43.77849438343975,44.04793167114258
2022-04-14,44.11279214813197,45.18654406605648,43.87828173868233,44.886173248291016,271041803,1.312026023864746,44.11279214813197,45.18654406605648,43.87828173868233,44.886173248291016
2022-04-19,45.250414539816525,45.4879170520854,44.51694709224611,45.27536010742188,238670995,1.3009822368621826,45.250414539816525,45.4879170520854,44.51694709224611,45.27536010742188
2022-04-20,45.50488343038629,46.67743559463542,45.29033173721948,46.23336410522461,394130211,1.301371693611145,45.50488343038629,46.67743559463542,45.29033173721948,46.23336410522461
2022-04-21,46.353114025869736,47.05364943924459,46.04076716428669,46.82712173461914,384394005,1.3068820238113403,46.353114025869736,47.05364943924459,46.04076716428669,46.82712173461914
2022-04-22,46.2433366050893,46.95684529347815,45.66454463666648,46.013816833496094,280705858,1.302626132965088,46.2433366050893,46.95684529347815,45.66454463666648,46.013816833496094
2022-04-25,44.9360669247697,46.18845008080504,44.9360669247697,45.3052978515625,208369479,1.2830876111984253,44.9360669247697,46.18845008080504,44.9360669247697,45.3052978515625
2022-04-26,46.37307021849666,46.931899687502245,45.78928756713867,45.78928756713867,228502090,1.2739989757537842,46.37307021849666,46.931899687502245,45.78928756713867,45.78928756713867
2022-04-27,46.38304814553428,47.1314837404516,45.145636760378856,45.67453002929688,157498181,1.2583998441696167,46.38304814553428,47.1314837404516,45.145636760378856,45.67453002929688
2022-04-28,47.23127849788698,47.33605902671977,45.69947662475047,46.21340560913086,180513125,1.2541857957839966,47.23127849788698,47.33605902671977,45.69947662475047,46.21340560913086
2022-04-29,47.00674113869744,47.00674113869744,45.27535964291479,45.784297943115234,236270368,1.2463854551315308,47.00674113869744,47.00674113869744,45.27535964291479,45.784297943115234
2022-05-03,45.99884978838879,46.51277491992584,45.35519476323636,46.08367156982422,263640585,1.2498282194137573,45.99884978838879,46.51277491992584,45.35519476323636,46.08367156982422
2022-05-04,46.30820531639838,46.38804027632992,45.55478286743164,45.55478286743164,153014211,1.2500405311584473,46.30820531639838,46.38804027632992,45.55478286743164,45.55478286743164
2022-05-05,46.50778271069389,46.62354186446949,43.80842725069441,43.93316650390625,278830409,1.261813759803772,46.50778271069389,46.62354186446949,43.80842725069441,43.93316650390625
2022-05-06,43.828385379059625,44.16767632482058,42.9142995061231,43.27953338623047,249267152,1.2364147901535034,43.828385379059625,44.16767632482058,42.9142995061231,43.27953338623047
2022-05-09,42.91030826752842,43.4871017606119,42.25667572021485,42.25667572021485,217928445,1.2326656579971313,42.91030826752842,43.4871017606119,42.25667572021485,42.25667572021485
2022-05-10,42.76061564677356,43.38631046838032,42.34648420791627,42.50115966796875,285482325,1.2338824272155762,42.76061564677356,43.38631046838032,42.34648420791627,42.50115966796875
2022-05-11,42.53608681132286,43.27454489075485,42.11197409713275,43.02506637573242,283221789,1.2309207916259766,42.53608681132286,43.27454489075485,42.11197409713275,43.02506637573242
2022-05-12,41.91238769685517,43.20967512612416,41.91238769685517,42.870384216308594,225911923,1.2234212160110474,41.91238769685517,43.20967512612416,41.91238769685517,42.870384216308594
2022-05-13,43.299488872703584,44.008006915805645,43.23761792915828,43.783477783203125,198089223,1.220613718032837,43.299488872703584,44.008006915805645,43.23761792915828,43.783477783203125
2022-05-16,43.77848778722954,43.77848778722954,42.94023984292397,43.573917388916016,183524453,1.2258507013320923,43.77848778722954,43.77848778722954,42.94023984292397,43.573917388916016
2022-05-17,43.673706584334695,44.25748537386225,43.53898986626676,43.70863342285156,164574627,1.2324832677841187,43.673706584334695,44.25748537386225,43.53898986626676,43.70863342285156
2022-05-18,44.24251727260358,44.36226969615274,43.64377038181736,43.70863342285156,274192408,1.2484394311904907,44.24251727260358,44.36226969615274,43.64377038181736,43.70863342285156
2022-05-19,43.389299998161725,43.713622807528665,43.01508225044751,43.33940505981445,367472497,1.2345831394195557,43.389299998161725,43.713622807528665,43.01508225044751,43.33940505981445
2022-05-20,43.84833937094437,44.16168734843679,43.20967502612021,43.50904846191406,143042487,1.2462146282196045,43.84833937094437,44.16168734843679,43.20967502612021,43.50904846191406
2022-05-23,44.08783997565837,44.41216278076172,43.5769069820628,44.41216278076172,153652513,1.2504063844680786,44.08783997565837,44.41216278076172,43.5769069820628,44.41216278076172
2022-05-24,44.21258426927099,44.47703089528237,43.62381480114105,43.91819763183594,209869467,1.256754994392395,44.21258426927099,44.47703089528237,43.62381480114105,43.91819763183594
2022-05-25,44.62671609464894,44.66662976223906,43.64876081400329,44.19761276245117,136685508,1.2542959451675415,44.62671609464894,44.66662976223906,43.64876081400329,44.19761276245117
2022-05-26,44.05291638503611,45.285340851207295,43.987052169307546,45.24043273925781,141324775,1.258610486984253,44.05291638503611,45.285340851207295,43.987052169307546,45.24043273925781
2022-05-27,44.96601367055869,45.449001477198365,44.61175459859376,45.1406478881836,115937021,1.261734127998352,44.96601367055869,45.449001477198365,44.61175459859376,45.1406478881836
2022-05-30,45.5398153366066,45.55478724808881,44.73649786380393,45.04584884643555,222809031,1.262833595275879,45.5398153366066,45.55478724808881,44.73649786380393,45.04584884643555
2022-05-31,44.91112562828905,45.22646456874583,44.49299708813389,44.796363830566406,210154728,1.2647020816802979,44.91112562828905,45.22646456874583,44.49299708813389,44.796363830566406
2022-06-01,45.40508627429233,45.91402073119254,44.79635813494324,45.03086853027344,167384483,1.2608909606933594,45.40508627429233,45.91402073119254,44.79635813494324,45.03086853027344
2022-06-06,45.050834873183184,45.739394268008574,44.97499318441276,45.49989700317383,116237977,1.249230146408081,45.050834873183184,45.739394268008574,44.97499318441276,45.49989700317383
2022-06-07,45.305301257575024,45.71444588264684,45.16160062348059,45.494903564453125,151939551,1.2523481845855713,45.305301257575024,45.71444588264684,45.16160062348059,45.494903564453125
2022-06-08,45.49490980992682,46.00384439127602,45.27437009553726,45.83919143676758,233965670,1.2587324380874634,45.49490980992682,46.00384439127602,45.27437009553726,45.83919143676758
2022-06-09,45.53481930693621,46.103630012640224,44.696571350097656,44.696571350097656,179885942,1.254028558731079,45.53481930693621,46.103630012640224,44.696571350097656,44.696571350097656
2022-06-10,44.42713008746489,44.80633845927404,43.28451814307524,43.60884094238281,189741358,1.2492972612380981,44.42713008746489,44.80633845927404,43.28451814307524,43.60884094238281
2022-06-13,42.90531556645085,43.28951462585532,42.44128535873208,42.73567199707031,267597316,1.2274909019470215,42.90531556645085,43.28951462585532,42.44128535873208,42.73567199707031
2022-06-14,42.73068139340132,43.993042118930425,42.70074518860306,43.27953338623047,207140046,1.2144765853881836,42.73068139340132,43.993042118930425,42.70074518860306,43.27953338623047
2022-06-15,43.8483480373279,44.70655484783262,43.8483480373279,43.973087310791016,200365636,1.201258897781372,43.8483480373279,44.70655484783262,43.8483480373279,43.973087310791016
2022-06-16,43.78348150806609,44.05192140821747,42.06706802338218,42.151893615722656,356451945,1.2174336910247803,43.78348150806609,44.05192140821747,42.06706802338218,42.151893615722656
2022-06-17,42.51113924424224,43.20768514548365,41.87547073225006,42.17184829711914,462801860,1.2354830503463745,42.51113924424224,43.20768514548365,41.87547073225006,42.17184829711914
2022-06-20,42.58098923017943,43.99603438053694,42.41134567471571,43.65374755859375,178986967,1.2228227853775024,42.58098923017943,43.99603438053694,42.41134567471571,43.65374755859375
2022-06-21,43.623815010245565,44.03295963875532,43.27454659812998,43.35437774658203,135749198,1.225174903869629,43.623815010245565,44.03295963875532,43.27454659812998,43.35437774658203
2022-06-22,42.71571329007669,44.332333063730864,42.65085024410181,43.74855422973633,364845777,1.2266627550125122,42.71571329007669,44.332333063730864,42.65085024410181,43.74855422973633
2022-06-23,43.40926480029912,43.60385775176123,42.22174835205078,42.22174835205078,171396421,1.225084900856018,43.40926480029912,43.60385775176123,42.22174835205078,42.22174835205078
2022-06-24,42.31155807300015,43.48410634341174,42.10698386150047,43.304481506347656,154135548,1.2260762453079224,42.31155807300015,43.48410634341174,42.10698386150047,43.304481506347656
2022-06-27,43.28452858014964,43.80843505972376,42.88536137602263,43.21966552734375,174288024,1.228244662284851,43.28452858014964,43.80843505972376,42.88536137602263,43.21966552734375
2022-06-28,43.3893028039295,43.89824110550559,43.33441722617639,43.34439849853516,144944851,1.2267379760742188,43.3893028039295,43.89824110550559,43.33441722617639,43.34439849853516
2022-06-29,42.82049057693363,43.55395799295595,42.68577385878703,42.92028045654297,140907259,1.2189769744873047,42.82049057693363,43.55395799295595,42.68577385878703,42.92028045654297
2022-06-30,42.286611400291385,42.61093425497501,41.06915493945942,42.22174835205078,202685856,1.2131799459457397,42.286611400291385,42.61093425497501,41.06915493945942,42.22174835205078
2022-07-01,41.90739797348553,43.42422773235043,41.76769062053243,42.321533203125,164077179,1.2160863876342773,41.90739797348553,43.42422773235043,41.76769062053243,42.321533203125
2022-07-04,42.51612781465279,43.02506611397667,42.47122350945716,42.57600402832031,121946765,1.2102727890014648,42.51612781465279,43.02506611397667,42.47122350945716,42.57600402832031
2022-07-05,42.995132730389045,43.18473886618919,41.24878286670071,41.268741607666016,240981322,1.211445689201355,42.995132730389045,43.18473886618919,41.24878286670071,41.268741607666016
2022-07-06,42.17184569168767,42.26165810763448,41.00927872721064,41.20885848999024,236946426,1.19491446018219,42.17184569168767,42.26165810763448,41.00927872721064,41.20885848999024
2022-07-07,42.05209639490272,42.406355416888736,41.83255409129564,42.20677185058594,298265424,1.1923214197158813,42.05209639490272,42.406355416888736,41.83255409129564,42.20677185058594
2022-07-08,42.21176651283476,42.33151514134232,41.31364608891758,42.11197662353516,186397848,1.2028049230575562,42.21176651283476,42.33151514134232,41.31364608891758,42.11197662353516
2022-07-11,41.91737544099942,42.38639239666849,41.85749923513678,41.92735290527344,244353890,1.2016630172729492,41.91737544099942,42.38639239666849,41.85749923513678,41.92735290527344
2022-07-12,41.60802628287672,42.336503087341775,41.28869408932327,42.33151245117188,286282528,1.1900936365127563,41.60802628287672,42.336503087341775,41.28869408932327,42.33151245117188
2022-07-13,42.11696788157251,42.45625503289436,41.428404692326765,41.82757186889648,122084806,1.1877753734588623,42.11696788157251,42.45625503289436,41.428404692326765,41.82757186889648
2022-07-14,41.69284206762752,42.05708232084352,40.87954359894617,40.93442916870117,160376313,1.186380386352539,41.69284206762752,42.05708232084352,40.87954359894617,40.93442916870117
2022-07-15,40.85958946074677,42.11696326437996,40.80769978912103,41.812599182128906,198862299,1.1839643716812134,40.85958946074677,42.11696326437996,40.80769978912103,41.812599182128906
2022-07-18,42.01217971198905,42.765605880778544,41.96228477115808,42.69076156616211,133752465,1.1888344287872314,42.01217971198905,42.765605880778544,41.96228477115808,42.69076156616211
2022-07-19,42.74066550233226,44.25749168278002,42.68078928202231,43.97807693481445,162523267,1.194828748703003,42.74066550233226,44.25749168278002,42.68078928202231,43.97807693481445
2022-07-20,44.28743166232247,44.357285349260266,42.98016273711156,43.359371185302734,280399425,1.2003505229949951,44.28743166232247,44.357285349260266,42.98016273711156,43.359371185302734
2022-07-21,43.30447943503693,43.48410426350932,42.55105328265218,43.23961639404297,171479713,1.1971746683120728,43.30447943503693,43.48410426350932,42.55105328265218,43.23961639404297
2022-07-22,43.429219901617245,43.553959157835095,42.88036793560668,43.13982391357422,105003022,1.1996161937713623,43.429219901617245,43.553959157835095,42.88036793560668,43.13982391357422
2022-07-25,42.95022220001081,43.95811372902421,42.720702422250135,43.7186164855957,347369205,1.1986957788467407,42.95022220001081,43.95811372902421,42.720702422250135,43.7186164855957
2022-07-26,44.13275137868224,44.167678221360006,43.209681559277904,43.43920135498047,121457791,1.2055164575576782,44.13275137868224,44.167678221360006,43.209681559277904,43.43920135498047
2022-07-27,45.40010189179938,45.91901769178872,44.68958904724956,45.225467681884766,430832156,1.2036880254745483,45.40010189179938,45.91901769178872,44.68958904724956,45.225467681884766
2022-07-28,46.16350404948464,46.30321521950744,44.06688862084695,44.332332611083984,146966969,1.2163082361221313,46.16350404948464,46.30321521950744,44.06688862084695,44.332332611083984
2022-07-29,44.9660116455324,45.33823090212433,44.68160627342551,45.1506233215332,171585264,1.2173447608947754,44.9660116455324,45.33823090212433,44.68160627342551,45.1506233215332
2022-08-01,45.23046253275619,45.80027069651566,44.8213178570881,44.96102523803711,92978858,1.2167373895645142,45.23046253275619,45.80027069651566,44.8213178570881,44.96102523803711
2022-08-02,44.961016297867,45.57173918842955,44.70455242619496,45.3052978515625,466951554,1.2254151105880737,44.961016297867,45.57173918842955,44.70455242619496,45.3052978515625
2022-08-03,44.98596243006203,45.95892700292423,44.84126445134977,45.7343978881836,279571303,1.2142995595932007,44.98596243006203,45.95892700292423,44.84126445134977,45.7343978881836
2022-08-04,45.18345949845728,45.882122096233765,44.66445310603488,45.0137825012207,278450384,1.2138278484344482,45.18345949845728,45.882122096233765,44.66445310603488,45.0137825012207
2022-08-05,44.96886570693589,45.160499988153255,44.25523246702068,44.82414245605469,156912354,1.215849757194519,44.96886570693589,45.160499988153255,44.25523246702068,44.82414245605469
2022-08-08,45.23335994354845,45.54775637690231,44.60955477684307,45.15351486206055,166802613,1.2059526443481445,45.23335994354845,45.54775637690231,44.60955477684307,45.15351486206055
2022-08-09,45.01877546781414,45.47290750367669,44.894014421575626,44.90898513793945,101392930,1.208473801612854,45.01877546781414,45.47290750367669,44.894014421575626,44.90898513793945
2022-08-10,45.14352905495776,45.50284141794004,44.92195335161232,45.38307189941406,100816356,1.207423210144043,45.14352905495776,45.50284141794004,44.92195335161232,45.38307189941406
2022-08-11,45.73241142976948,45.80726882329061,45.21540007105791,45.517822265625,91697725,1.2212995290756226,45.73241142976948,45.80726882329061,45.21540007105791,45.517822265625
2022-08-12,45.59767137724332,46.06178265032443,45.3281870437699,45.56772613525391,90989004,1.2196162939071655,45.59767137724332,46.06178265032443,45.3281870437699,45.56772613525391
2022-08-15,45.71244268655947,45.81225379949143,45.24633640175139,45.777320861816406,85931463,1.2127974033355713,45.71244268655947,45.81225379949143,45.24633640175139,45.777320861816406
2022-08-16,45.91206626378636,46.07176025501637,45.60764899809711,45.64258193969727,87539860,1.205690860748291,45.91206626378636,46.07176025501637,45.60764899809711,45.64258193969727
2022-08-17,46.25640628589726,46.25640628589726,45.53778144796527,45.69747543334961,79019125,1.209818959236145,46.25640628589726,46.25640628589726,45.53778144796527,45.69747543334961
2022-08-18,45.70246282000089,45.82223234638768,45.40103821291854,45.62760543823242,158308286,1.2045146226882935,45.70246282000089,45.82223234638768,45.40103821291854,45.62760543823242
2022-08-19,45.10360938841479,45.527799966372434,44.60955674070753,44.734317779541016,171102566,1.193274736404419,45.10360938841479,45.527799966372434,44.60955674070753,44.734317779541016
2022-08-22,44.539687623721655,44.864067062574186,44.15242890000404,44.42989730834961,127196550,1.1818095445632935,44.539687623721655,44.864067062574186,44.15242890000404,44.42989730834961
2022-08-23,44.36502421236946,44.85907683826896,44.03066555683166,44.28517532348633,123505002,1.1766505241394043,44.36502421236946,44.85907683826896,44.03066555683166,44.28517532348633
2022-08-24,43.94083636671181,44.32509866453376,43.56655327604955,44.03565216064453,121580935,1.18327796459198,43.94083636671181,44.32509866453376,43.56655327604955,44.03565216064453
2022-08-25,44.13547176282992,44.60457073769976,43.87596663788427,44.23527908325195,109529064,1.1791757345199585,44.13547176282992,44.60457073769976,43.87596663788427,44.23527908325195
2022-08-26,44.64947607038135,44.83212487009676,43.58650970458984,43.58650970458984,256994629,1.1824007034301758,44.64947607038135,44.83212487009676,43.58650970458984,43.58650970458984
2022-08-30,43.217222269699306,44.74429994505564,43.217222269699306,43.66636276245117,254222677,1.172250509262085,43.217222269699306,44.74429994505564,43.217222269699306,43.66636276245117
2022-08-31,44.14045375132205,44.2901685199853,43.62145118340683,43.79611587524414,315293103,1.1659767627716064,44.14045375132205,44.2901685199853,43.62145118340683,43.79611587524414
2022-09-01,43.4717350734311,43.72125714190107,42.55848338905389,42.61837005615234,161709467,1.1598505973815918,43.4717350734311,43.72125714190107,42.55848338905389,42.61837005615234
2022-09-02,42.91779451770891,43.87097061885405,42.69322618563619,43.63142776489258,162211138,1.154894471168518,42.91779451770891,43.87097061885405,42.69322618563619,43.63142776489258
2022-09-05,42.91779902594846,43.57154567646253,42.64332320689032,43.36693954467773,149622550,1.1474601030349731,42.91779902594846,43.57154567646253,42.64332320689032,43.36693954467773
2022-09-06,44.040644722640806,45.54276862854581,43.92087519683382,45.143531799316406,255655427,1.156644344329834,44.040644722640806,45.54276862854581,43.92087519683382,45.143531799316406
2022-09-07,44.69938229709045,44.95489340788715,44.41492729703484,44.58959197998047,361075744,1.151185154914856,44.69938229709045,44.95489340788715,44.41492729703484,44.58959197998047
2022-09-08,44.83911457369502,45.25332211772472,44.50974742587466,45.143531799316406,114521842,1.1519808769226074,44.83911457369502,45.25332211772472,44.50974742587466,45.143531799316406
2022-09-09,45.14353503493732,46.09171971676396,45.043727724178666,45.8921012878418,136190480,1.1521600484848022,45.14353503493732,46.09171971676396,45.043727724178666,45.8921012878418
2022-09-12,46.53387783875517,47.04489634170022,46.21149341874977,46.87023162841797,294550070,1.1619395017623901,46.53387783875517,47.04489634170022,46.21149341874977,46.87023162841797
2022-09-13,46.99000093186194,47.03990458744162,46.27137610781904,46.37617492675781,166685872,1.1689754724502563,46.99000093186194,47.03990458744162,46.27137610781904,46.37617492675781
2022-09-14,46.256406200458414,46.490957573928256,45.7134436052306,46.12166213989258,276837791,1.1506155729293823,46.256406200458414,46.490957573928256,45.7134436052306,46.12166213989258
2022-09-15,46.36619126933385,47.80343697209762,46.29632158934111,47.52896118164063,298191736,1.1544944047927856,46.36619126933385,47.80343697209762,46.29632158934111,47.52896118164063
2022-09-16,47.029923504981625,48.21765111658407,47.00297469223184,47.71361541748047,539075195,1.1452654600143433,47.029923504981625,48.21765111658407,47.00297469223184,47.71361541748047
2022-09-20,47.94816244767779,48.90632629394531,47.94816244767779,48.90632629394531,465744186,1.1443217992782593,47.94816244767779,48.90632629394531,47.94816244767779,48.90632629394531
2022-09-21,48.15276814478221,49.75469938202617,47.3213604223306,48.37234878540039,373021503,1.138057827949524,48.15276814478221,49.75469938202617,47.3213604223306,48.37234878540039
2022-09-22,47.7086226656921,49.33051624454475,47.51200066064237,47.86831665039063,233704494,1.1255937814712524,47.7086226656921,49.33051624454475,47.51200066064237,47.86831665039063
2022-09-23,47.6088175030057,48.2426019625665,45.991915358989615,46.13663482666016,214101887,1.126417875289917,47.6088175030057,48.2426019625665,45.991915358989615,46.13663482666016
2022-09-26,45.63758789933746,45.68350139463795,43.68133566346549,44.61355209350586,521330757,1.0797386169433594,45.63758789933746,45.68350139463795,43.68133566346549,44.61355209350586
2022-09-27,44.65447371817167,45.14353486946322,43.05253859231173,43.20724487304688,414152355,1.077284336090088,44.65447371817167,45.14353486946322,43.05253859231173,43.20724487304688
2022-09-28,42.52854401639348,42.93376610855434,41.04638224880212,41.77498626708984,644489235,1.072754144668579,42.52854401639348,42.93376610855434,41.04638224880212,41.77498626708984
2022-09-29,41.8997461531465,42.15824989447294,40.36268926558534,40.63716506958008,432440428,1.0835996866226196,41.8997461531465,42.15824989447294,40.36268926558534,40.63716506958008
2022-09-30,40.841772210384384,42.29798651057138,40.83179300244651,41.31087493896485,370821211,1.1169440746307373,40.841772210384384,42.29798651057138,40.83179300244651,41.31087493896485
2022-10-03,40.92162276021203,42.18420392643378,40.35271269960148,41.70013046264648,453429229,1.114057183265686,40.92162276021203,42.18420392643378,40.35271269960148,41.70013046264648
2022-10-04,42.1542606538836,43.32701366421563,41.97959595998816,43.03756713867188,280583748,1.1334141492843628,42.1542606538836,43.32701366421563,41.97959595998816,43.03756713867188
2022-10-05,43.18229116847129,43.62943660019085,42.25906022084948,42.773075103759766,173548316,1.1451343297958374,43.18229116847129,43.62943660019085,42.25906022084948,42.773075103759766
2022-10-06,43.06252214451501,43.46674670627034,42.07940451453264,42.44869613647461,152321129,1.13553786277771,43.06252214451501,43.46674670627034,42.07940451453264,42.44869613647461
2022-10-07,42.71818109732767,43.172313129222175,42.23410763296712,42.598411560058594,244851276,1.1162084341049194,42.71818109732767,43.172313129222175,42.23410763296712,42.598411560058594
2022-10-10,41.91970907394356,42.59840943020931,41.85483470437578,42.10934448242188,388395654,1.1072726249694824,41.91970907394356,42.59840943020931,41.85483470437578,42.10934448242188
2022-10-11,41.929694883699845,41.93468639211552,41.23602370272988,41.41567993164063,145955871,1.1076405048370361,41.929694883699845,41.93468639211552,41.23602370272988,41.41567993164063
2022-10-12,40.92162265842338,40.997477586809765,38.67592385399771,39.01527404785156,331850142,1.0967799425125122,40.92162265842338,40.997477586809765,38.67592385399771,39.01527404785156
2022-10-13,38.83062639064998,41.90174393640938,38.4313933314711,41.69015121459961,295253645,1.11055588722229,38.83062639064998,41.90174393640938,38.4313933314711,41.69015121459961
2022-10-14,43.017605843240815,43.52363660012878,42.30896403706429,42.36885070800781,237548984,1.1303905248641968,43.017605843240815,43.52363660012878,42.30896403706429,42.36885070800781
2022-10-17,41.82987927215385,43.16232619974255,41.48953156782001,42.58842468261719,298575085,1.124416708946228,41.82987927215385,43.16232619974255,41.48953156782001,42.58842468261719
2022-10-18,42.97768780442749,43.5316271701146,42.47764225770596,42.523555755615234,266762423,1.1353960037231445,42.97768780442749,43.5316271701146,42.47764225770596,42.523555755615234
2022-10-19,40.72699845914693,41.63525877298586,40.37267752540041,40.532371520996094,264598142,1.134429931640625,40.72699845914693,41.63525877298586,40.37267752540041,40.532371520996094
2022-10-20,40.222955751059104,42.63333979083579,39.92852154458848,41.96461868286133,330100240,1.1211013793945312,40.222955751059104,42.63333979083579,39.92852154458848,41.96461868286133
2022-10-21,41.760021205259626,42.03449705397617,40.84976578104118,41.30588912963867,186908554,1.1221455335617065,41.760021205259626,42.03449705397617,40.84976578104118,41.30588912963867
2022-10-24,41.89475684637068,42.92279043291434,41.780976358682224,42.45867919921875,158492206,1.1344685554504395,41.89475684637068,42.92279043291434,41.780976358682224,42.45867919921875
2022-10-25,42.79803315622228,42.95273564526803,41.83986536505367,42.89284896850586,114760954,1.1307740211486816,42.79803315622228,42.95273564526803,41.83986536505367,42.89284896850586
2022-10-26,43.38190630276273,43.59649543061051,42.05444709156376,42.46865463256836,444133025,1.146223783493042,43.38190630276273,43.59649543061051,42.05444709156376,42.46865463256836
2022-10-27,41.1811208391251,43.09745232037192,40.78687931826015,42.69821548461914,276735104,1.1638191938400269,41.1811208391251,43.09745232037192,40.78687931826015,42.69821548461914
2022-10-28,42.29399592815503,42.52754977108554,41.036406220062815,41.19110870361328,180666966,1.1566041707992554,42.29399592815503,42.52754977108554,41.036406220062815,41.19110870361328
2022-10-31,41.525463007036265,42.358865818589685,41.525463007036265,41.93967056274414,167719157,1.159595012664795,41.525463007036265,42.358865818589685,41.525463007036265,41.93967056274414
2022-11-01,42.24908202865728,42.49860411819841,41.82489143051343,42.12432098388672,390847972,1.146815299987793,42.24908202865728,42.49860411819841,41.82489143051343,42.12432098388672
2022-11-02,42.45369016607098,42.49660723647602,41.4705724776904,41.69514465332031,134009654,1.1489498615264893,42.45369016607098,42.49660723647602,41.4705724776904,41.69514465332031
2022-11-03,41.52047239920544,42.14926910400391,40.88169648651071,42.14926910400391,163806074,1.1384334564208984,41.52047239920544,42.14926910400391,40.88169648651071,42.14926910400391
2022-11-04,42.37384349941439,43.050545006772914,41.90973225590597,42.66827774047852,172539079,1.1171187162399292,42.37384349941439,43.050545006772914,41.90973225590597,42.66827774047852
2022-11-07,42.4137551678223,43.157333586156525,41.93467330932617,41.93467330932617,208317356,1.1331573724746704,42.4137551678223,43.157333586156525,41.93467330932617,41.93467330932617
2022-11-08,41.889766711961066,43.00263302216267,41.69014829265983,42.76808166503906,267421913,1.1517950296401978,41.889766711961066,43.00263302216267,41.69014829265983,42.76808166503906
2022-11-09,42.72317402393087,43.07150589885669,42.15925545179968,42.4836311340332,103256571,1.1552680730819702,42.72317402393087,43.07150589885669,42.15925545179968,42.4836311340332
2022-11-10,42.32892237631075,43.33698982988778,42.24209070918602,43.21722030639648,145619544,1.1368157863616943,42.32892237631075,43.33698982988778,42.24209070918602,43.21722030639648
2022-11-11,43.20724393914464,43.91089421923605,42.91779741489495,43.43181228637695,179249179,1.1695632934570312,43.20724393914464,43.91089421923605,42.91779741489495,43.43181228637695
2022-11-14,43.66636021363005,43.88094933611893,42.85790737386638,43.52163696289063,98066350,1.1799131631851196,43.66636021363005,43.88094933611893,42.85790737386638,43.52163696289063
2022-11-15,43.52163744880209,43.74121808098307,43.19725800782688,43.63142776489258,81569717,1.175249695777893,43.52163744880209,43.74121808098307,43.19725800782688,43.63142776489258
2022-11-16,43.45676240834941,43.61146486548892,42.91280234364513,43.04754638671875,202488766,1.1880435943603516,43.45676240834941,43.61146486548892,42.91280234364513,43.04754638671875
2022-11-17,43.10743107604108,44.67942086515718,42.75810170397288,44.335079193115234,217856455,1.191525936126709,43.10743107604108,44.67942086515718,42.75810170397288,44.335079193115234
2022-11-18,44.569636957058286,45.58269608918035,44.44986741332204,45.38806915283203,183817838,1.1860145330429077,44.569636957058286,45.58269608918035,44.44986741332204,45.38806915283203
2022-11-21,45.49286813823286,45.77233165367178,45.21140573525163,45.4279899597168,92791927,1.1886366605758667,45.49286813823286,45.77233165367178,45.21140573525163,45.4279899597168
2022-11-22,45.43298742095381,45.88711569305052,45.2982433459213,45.48289108276367,83314627,1.1827600002288818,45.43298742095381,45.88711569305052,45.2982433459213,45.48289108276367
2022-11-23,45.467918100110886,45.61763288548822,45.22338750423938,45.39805221557617,69709484,1.1894567012786865,45.467918100110886,45.61763288548822,45.22338750423938,45.39805221557617
2022-11-24,45.368107022775234,46.09171954153666,45.34914233928554,45.852176666259766,81675544,1.2073503732681274,45.368107022775234,46.09171954153666,45.34914233928554,45.852176666259766
2022-11-25,47.26447031010116,47.26447031010116,45.71244272132192,46.22146987915039,110335789,1.2113430500030518,47.26447031010116,47.26447031010116,45.71244272132192,46.22146987915039
2022-11-28,45.991909769909874,46.25141104745158,45.63758507999414,45.72741317749024,84750573,1.2054728269577026,45.991909769909874,46.25141104745158,45.63758507999414,45.72741317749024
2022-11-29,45.447951872853054,46.51590607944788,45.36311527873216,46.23644256591797,159989227,1.1960291862487793,45.447951872853054,46.51590607944788,45.36311527873216,46.23644256591797
2022-11-30,46.70054867764302,47.1047731879414,46.56680217589333,46.81532669067383,322356192,1.1946860551834106,46.70054867764302,47.1047731879414,46.56680217589333,46.81532669067383
2022-12-01,47.08481913766708,47.20259359839869,46.03682708740234,46.03682708740234,145222762,1.207749843597412,47.08481913766708,47.20259359839869,46.03682708740234,46.03682708740234
2022-12-02,46.14161867966028,46.58077613270399,45.74238566982177,46.56081771850586,81679736,1.2259259223937988,46.14161867966028,46.58077613270399,45.74238566982177,46.56081771850586
2022-12-05,46.39614058508992,46.8552603422585,46.18254896369606,46.28635025024414,123022931,1.2297248840332031,46.39614058508992,46.8552603422585,46.18254896369606,46.28635025024414
2022-12-06,45.58768405207955,46.66062977633179,45.477893725774,46.33625030517578,153067676,1.2192445993423462,45.58768405207955,46.66062977633179,45.477893725774,46.33625030517578
2022-12-07,46.006882319121104,46.51091417928395,45.98192858816442,46.14661407470703,100195784,1.2133007049560547,46.006882319121104,46.51091417928395,45.98192858816442,46.14661407470703
2022-12-08,46.30630851653748,46.51091464428968,45.812255859375,45.812255859375,97466662,1.2212398052215576,46.30630851653748,46.51091464428968,45.812255859375,45.812255859375
2022-12-09,46.11167632294741,46.35121536254883,45.72741022778873,46.35121536254883,90398849,1.2236007452011108,46.11167632294741,46.35121536254883,45.72741022778873,46.35121536254883
2022-12-12,46.25141087604945,46.32626825825289,45.55773982861314,45.68749237060547,88878353,1.2239153385162354,46.25141087604945,46.32626825825289,45.55773982861314,45.68749237060547
2022-12-13,46.05179314673896,46.69056904392159,45.757358928389486,46.28135299682617,104218283,1.2270842790603638,46.05179314673896,46.69056904392159,45.757358928389486,46.28135299682617
2022-12-14,46.27137476309968,46.27137476309968,45.87213791525499,46.06676483154297,164442396,1.235666275024414,46.27137476309968,46.27137476309968,45.87213791525499,46.06676483154297
2022-12-15,45.91205933492454,45.941003223967286,45.08863577015424,45.37808227539063,92514730,1.2419428825378418,45.91205933492454,45.941003223967286,45.08863577015424,45.37808227539063
2022-12-16,45.138540073871454,45.55773912327783,44.5346971329472,45.0936279296875,310458569,1.2189176082611084,45.138540073871454,45.55773912327783,44.5346971329472,45.0936279296875
2022-12-19,45.11858086469066,45.278274831318086,44.82414285307491,44.913970947265625,58932758,1.2160272598266602,45.11858086469066,45.278274831318086,44.82414285307491,44.913970947265625
2022-12-20,44.58959375723828,45.70246387991373,44.51473637373375,45.43297958374024,256626712,1.2153326272964478,44.58959375723828,45.70246387991373,44.51473637373375,45.43297958374024
2022-12-21,45.54277490166273,46.17655936240272,45.321199154327175,46.15659713745117,68006226,1.2189176082611084,45.54277490166273,46.17655936240272,45.321199154327175,46.15659713745117
2022-12-22,46.89518165836392,46.90017316617925,45.87713108611591,46.01187133789063,56008053,1.2077397108078003,46.89518165836392,46.90017316617925,45.87713108611591,46.01187133789063
2022-12-23,46.12665287138066,46.2544065343399,45.76234895134342,45.9420051574707,21260125,1.203992486000061,46.12665287138066,46.2544065343399,45.76234895134342,45.9420051574707
2022-12-28,46.43106336069966,46.50292430972694,45.97194370406068,46.1515998840332,163534062,1.2027326822280884,46.43106336069966,46.50292430972694,45.97194370406068,46.1515998840332
2022-12-29,45.90208725057733,46.13663482666016,45.353135583943846,46.13663482666016,57363872,1.2028483152389526,45.90208725057733,46.13663482666016,45.353135583943846,46.13663482666016
2022-12-30,45.857169720522776,46.08173808015195,45.32319259643555,45.32319259643555,70883064,1.2056326866149902,45.857169720522776,46.08173808015195,45.32319259643555,45.32319259643555
2023-01-03,45.96196829001758,47.0399055480957,45.6775132592589,47.0399055480957,207335617,1.206287145614624,45.96196829001758,47.0399055480957,45.6775132592589,47.0399055480957
2023-01-04,47.26446954139566,47.39422208249327,46.88519493294358,47.35429763793945,151327410,1.1969740390777588,47.26446954139566,47.39422208249327,46.88519493294358,47.35429763793945
2023-01-05,47.28443924027556,48.37734728646795,46.76543280122455,48.22264099121094,227269311,1.2057054042816162,47.28443924027556,48.37734728646795,46.76543280122455,48.22264099121094
2023-01-06,48.31246393978922,48.37135306963605,47.7385662013738,47.913230895996094,307068898,1.1912277936935425,48.31246393978922,48.37135306963605,47.7385662013738,47.913230895996094
2023-01-09,48.13281070230072,48.591934251680144,47.76351906700872,48.15776443481445,213765647,1.2116365432739258,48.13281070230072,48.591934251680144,47.76351906700872,48.15776443481445
2023-01-10,47.65372592731544,48.217648266688606,47.65372592731544,47.943172454833984,101136392,1.2184869050979614,47.65372592731544,48.217648266688606,47.65372592731544,47.943172454833984
2023-01-11,47.95814715799542,48.028013041839294,47.247510223067714,47.98310089111328,207144770,1.2154507637023926,47.95814715799542,48.028013041839294,47.247510223067714,47.98310089111328
2023-01-12,48.05794792470451,48.74662740590194,47.69863556672174,48.65679931640625,163754936,1.2159533500671387,48.05794792470451,48.74662740590194,47.69863556672174,48.65679931640625
2023-01-13,48.8963478535451,49.88445314569942,48.66179649212729,49.5201530456543,176454914,1.2217769622802734,48.8963478535451,49.88445314569942,48.66179649212729,49.5201530456543
2023-01-16,49.65988729033127,49.8095982595038,49.28061264843198,49.6548957824707,185729358,1.2226732969284058,49.65988729033127,49.8095982595038,49.28061264843198,49.6548957824707
2023-01-17,49.80461332241409,49.81159991084456,49.22572021542712,49.40537643432617,366897570,1.2207776308059692,49.80461332241409,49.81159991084456,49.22572021542712,49.40537643432617
2023-01-18,49.36046222831315,49.97428444449245,49.066024178940296,49.37044143676758,118916752,1.228471040725708,49.36046222831315,49.97428444449245,49.066024178940296,49.37044143676758
2023-01-19,48.75162488576575,49.1927774530846,48.32244660641689,48.711700439453125,142937793,1.2347661256790161,48.75162488576575,49.1927774530846,48.32244660641689,48.711700439453125
2023-01-20,49.00613669828288,49.40537356316945,48.77857572114675,49.18080520629883,233192896,1.2393262386322021,49.00613669828288,49.40537356316945,48.77857572114675,49.18080520629883
2023-01-23,49.43531159100984,49.71477890014648,49.203756662061146,49.71477890014648,91787188,1.240633249282837,49.43531159100984,49.71477890014648,49.203756662061146,49.71477890014648
2023-01-24,49.90441569652391,50.16391698288773,49.57804115292026,50.0341682434082,147224990,1.2379761934280396,49.90441569652391,50.16391698288773,49.57804115292026,50.0341682434082
2023-01-25,50.03416798898732,51.40154790604569,49.85451178880099,50.85260009765625,174361498,1.232923984527588,50.03416798898732,51.40154790604569,49.85451178880099,50.85260009765625
2023-01-26,51.102125017433366,52.56931232402789,50.90250658307757,52.39963912963867,183069130,1.2412492036819458,51.102125017433366,52.56931232402789,50.90250658307757,52.39963912963867
2023-01-27,52.66912000459705,52.75894810381941,52.31579665530976,52.48946380615234,107285597,1.2415266036987305,52.66912000459705,52.75894810381941,52.31579665530976,52.48946380615234
2023-01-30,52.429582601611216,52.96855125311526,51.88262982160717,52.87872314453125,236093951,1.2400301694869995,52.429582601611216,52.96855125311526,51.88262982160717,52.87872314453125
2023-01-31,52.689086016927824,52.89169707291541,52.060289277147575,52.479488372802734,262819310,1.2353609800338745,52.689086016927824,52.89169707291541,52.060289277147575,52.479488372802734
2023-02-01,52.64916326868437,52.978534269294094,52.26988860939577,52.87872314453125,360728092,1.2308903932571411,52.64916326868437,52.978534269294094,52.26988860939577,52.87872314453125
2023-02-02,52.94858739763916,53.66721224418154,52.68908609605717,53.38774871826172,233055500,1.2390038967132568,52.94858739763916,53.66721224418154,52.68908609605717,53.38774871826172
2023-02-03,53.31787452275413,53.39772341335637,52.29982781940811,53.2280502319336,113217034,1.222299575805664,53.31787452275413,53.39772341335637,52.29982781940811,53.2280502319336
2023-02-06,53.43764951366849,53.6372679389518,52.379674524850266,52.72900772094727,189494435,1.2045146226882935,53.43764951366849,53.6372679389518,52.379674524850266,52.72900772094727
2023-02-07,53.028439914978414,53.59735002152614,52.85876290022624,53.34782791137695,187980494,1.2026747465133667,53.028439914978414,53.59735002152614,52.85876290022624,53.34782791137695
2023-02-08,53.62728466047398,53.86682753111952,53.12824050341682,53.54743957519531,187038913,1.2054582834243774,53.62728466047398,53.86682753111952,53.12824050341682,53.54743957519531
2023-02-09,53.50751650693704,54.22614132997702,53.37975903683411,53.86682891845703,248265487,1.2071462869644165,53.50751650693704,54.22614132997702,53.37975903683411,53.86682891845703
2023-02-10,53.38774785780499,53.99657855697416,52.90866209622823,53.18812942504883,225038197,1.2116806507110596,53.38774785780499,53.99657855697416,52.90866209622823,53.18812942504883
2023-02-13,53.32786023209948,53.5973445403904,52.93860638925866,52.96854782104492,72370911,1.2052258253097534,53.32786023209948,53.5973445403904,52.93860638925866,52.96854782104492
2023-02-14,53.01844701099737,53.936690184953626,52.89767994654688,53.68716812133789,139594661,1.215214490890503,53.01844701099737,53.936690184953626,52.89767994654688,53.68716812133789
2023-02-15,52.8986789335132,53.14221195645669,50.82165593987353,52.27986526489258,217595392,1.2174336910247803,52.8986789335132,53.14221195645669,50.82165593987353,52.27986526489258
2023-02-16,52.549348192988255,52.95856422558687,52.34972978033916,52.83879089355469,88714159,1.2039779424667358,52.549348192988255,52.95856422558687,52.34972978033916,52.83879089355469
2023-02-17,51.1420541232622,51.70098122147367,50.19386932927521,50.81268310546875,382886231,1.197533130645752,51.1420541232622,51.70098122147367,50.19386932927521,50.81268310546875
2023-02-20,50.99233439171263,51.84070797353641,50.92246851120503,51.44147491455078,112028222,1.2029786109924316,50.99233439171263,51.84070797353641,50.92246851120503,51.44147491455078
2023-02-21,51.461438522837575,51.461438522837575,50.6380148433864,50.87256622314453,232515990,1.2039200067520142,51.461438522837575,51.461438522837575,50.6380148433864,50.87256622314453
2023-02-22,50.004220333468176,51.44146986548173,49.34049453379173,51.16200256347656,256234450,1.2109322547912598,50.004220333468176,51.44146986548173,49.34049453379173,51.16200256347656
2023-02-23,51.20192645292152,52.2099977173594,50.97935319964689,51.90058898925781,221996856,1.204993486404419,51.20192645292152,52.2099977173594,50.97935319964689,51.90058898925781
2023-02-24,51.90058748257966,52.0602814456145,51.40154337217024,51.56123733520508,340229657,1.2017786502838135,51.90058748257966,52.0602814456145,51.40154337217024,51.56123733520508
2023-02-27,51.7408979164962,52.20001762331188,51.60116616289183,51.69099426269531,124339369,1.1952428817749023,51.7408979164962,52.20001762331188,51.60116616289183,51.69099426269531
2023-02-28,51.30174395230655,52.83879715481086,51.22189505482321,52.5194091796875,301689386,1.2061562538146973,51.30174395230655,52.83879715481086,51.22189505482321,52.5194091796875
2023-03-01,52.5194063211365,52.78889062436765,51.86066818237305,51.86066818237305,363460753,1.2033549547195435,52.5194063211365,52.78889062436765,51.86066818237305,51.86066818237305
2023-03-02,51.70097149592154,51.7708373700554,50.92246386562742,51.24185180664063,307246676,1.2029930353164673,51.70097149592154,51.7708373700554,50.92246386562742,51.24185180664063
2023-03-03,51.21191233287832,51.69099426269531,51.14204645607614,51.69099426269531,106907605,1.1951572895050049,51.21191233287832,51.69099426269531,51.14204645607614,51.69099426269531
2023-03-06,51.64109052115558,51.89061259714079,51.07217668509698,51.6710319519043,112701267,1.2028483152389526,51.64109052115558,51.89061259714079,51.07217668509698,51.6710319519043
2023-03-07,52.0303463656456,52.08623906915711,51.11210311060599,51.251834869384766,207997923,1.2026457786560059,52.0303463656456,52.08623906915711,51.11210311060599,51.251834869384766
2023-03-08,50.78273699956162,51.78082536303427,50.66296365461334,51.50135803222656,243927689,1.1827740669250488,50.78273699956162,51.78082536303427,50.66296365461334,51.50135803222656
2023-03-09,51.47141599927279,51.591185535418994,51.19794152704805,51.36162567138672,148173542,1.1850166320800781,51.47141599927279,51.591185535418994,51.19794152704805,51.36162567138672
2023-03-10,49.604990331704265,50.14196005148607,48.81649964407447,49.67984771728516,255384226,1.192250370979309,49.604990331704265,50.14196005148607,48.81649964407447,49.67984771728516
2023-03-13,49.90441244774733,49.96429911335025,47.089803890286746,47.13471603393555,389541898,1.2079336643218994,49.90441244774733,49.96429911335025,47.089803890286746,47.13471603393555
2023-03-14,47.34432183654994,48.67577131822974,46.44604080648784,48.14279174804688,225025720,1.2171372175216675,47.34432183654994,48.67577131822974,46.44604080648784,48.14279174804688
2023-03-15,48.182718160712746,48.48713542179431,45.485883687785055,45.92703628540039,259713819,1.215214490890503,48.182718160712746,48.48713542179431,45.485883687785055,45.92703628540039
2023-03-16,46.76043398663357,47.823400432288615,46.65563517503744,47.37425994873047,323320146,1.20692777633667,46.76043398663357,47.823400432288615,46.65563517503744,47.37425994873047
2023-03-17,47.72359367798089,48.60989663114904,45.712446236909,46.16158676147461,587411174,1.2110495567321777,47.72359367798089,48.60989663114904,45.712446236909,46.16158676147461
2023-03-20,44.72434584631322,46.64067388694081,43.57454749897452,46.016868591308594,275273771,1.2187690734863281,44.72434584631322,46.64067388694081,43.57454749897452,46.016868591308594
2023-03-21,46.55582897135467,48.60190921436844,46.55582897135467,48.06793212890625,185822724,1.2276264429092407,46.55582897135467,48.60190921436844,46.55582897135467,48.06793212890625
2023-03-22,47.72857832313568,48.9462471685613,47.60880880294109,47.67368316650391,220510728,1.2225087881088257,47.72857832313568,48.9462471685613,47.60880880294109,47.67368316650391
2023-03-23,47.518982402533815,48.02800573703444,46.76043319702149,46.76043319702149,238689623,1.227973222732544,47.518982402533815,48.02800573703444,46.76043319702149,46.76043319702149
2023-03-24,46.36120092623512,46.515903389793245,44.81416486844007,45.62760543823242,256017626,1.228154182434082,46.36120092623512,46.515903389793245,44.81416486844007,45.62760543823242
2023-03-27,46.27137357243534,46.710531047840206,45.757358714060246,46.23144912719727,154546828,1.2246003150939941,46.27137357243534,46.710531047840206,45.757358714060246,46.23144912719727
2023-03-28,46.865241538518745,47.09978910873804,45.99690190977283,46.311302185058594,238545475,1.229755163192749,46.865241538518745,47.09978910873804,45.99690190977283,46.311302185058594
2023-03-29,46.24642142230541,47.089807271601664,46.24642142230541,47.034912109375,94511578,1.2330456972122192,46.24642142230541,47.089807271601664,46.24642142230541,47.034912109375
2023-03-30,47.35929624511748,48.00306373228946,47.14969859089548,47.67868423461914,250162359,1.2313603162765503,47.35929624511748,48.00306373228946,47.14969859089548,47.67868423461914
2023-03-31,47.60880840351784,48.04297433835737,47.32235452852146,47.58385467529297,151161530,1.2387275695800781,47.60880840351784,48.04297433835737,47.32235452852146,47.58385467529297
2023-04-03,48.02800991354816,48.741643229818365,46.6985555120182,48.14279174804688,134199094,1.228697419166565,48.02800991354816,48.741643229818365,46.6985555120182,48.14279174804688
2023-04-04,48.29249447535136,48.73664721422857,47.94316513848638,48.013031005859375,186226167,1.2423131465911865,48.29249447535136,48.73664721422857,47.94316513848638,48.013031005859375
2023-04-05,48.21265275779005,48.8713908441671,47.93318926884357,48.3374137878418,122312644,1.249843716621399,48.21265275779005,48.8713908441671,47.93318926884357,48.3374137878418
2023-04-06,48.27752969099312,49.20874853603595,48.21365286260791,48.92628860473633,143126790,1.2463078498840332,48.27752969099312,49.20874853603595,48.21365286260791,48.92628860473633
2023-04-11,48.81650382546912,49.80760564390466,48.81650382546912,49.33551025390625,189565733,1.239218831062317,48.81650382546912,49.80760564390466,48.81650382546912,49.33551025390625
2023-04-12,49.48022784685574,50.20384033573243,49.38041673319382,49.784645080566406,251841134,1.2431007623672485,49.48022784685574,50.20384033573243,49.38041673319382,49.784645080566406
2023-04-13,48.2031702436396,48.72234321849687,47.948578770380536,48.42781448364258,163910295,1.2492660284042358,48.2031702436396,48.72234321849687,47.948578770380536,48.42781448364258
2023-04-14,48.26806689368131,49.111719604162815,48.14326581374822,48.85712814331055,154711084,1.2525300979614258,48.26806689368131,49.111719604162815,48.14326581374822,48.85712814331055
2023-04-17,49.12669379752195,49.25149486440891,48.16422726890251,48.372894287109375,152695130,1.2400178909301758,49.12669379752195,49.25149486440891,48.16422726890251,48.372894287109375
2023-04-18,48.71734815972167,49.16663281312727,48.61750881835453,48.7473030090332,100322887,1.2375471591949463,48.71734815972167,49.16663281312727,48.61750881835453,48.7473030090332
2023-04-19,48.70736340785207,49.30141774372474,48.64246821994537,49.17661666870117,100329243,1.2425447702407837,48.70736340785207,49.30141774372474,48.64246821994537,49.17661666870117
2023-04-20,49.49111287228824,49.75569053589367,48.75728195858928,48.9270133972168,132038364,1.2428845167160034,49.49111287228824,49.75569053589367,48.75728195858928,48.9270133972168
2023-04-21,49.47114621061055,49.51607657886137,48.55760141198542,48.78224563598633,111401952,1.2440905570983887,49.47114621061055,49.51607657886137,48.55760141198542,48.78224563598633
2023-04-24,48.62749677938008,49.28644635843462,48.522660515974856,48.83216857910156,145956656,1.2449734210968018,48.62749677938008,49.28644635843462,48.522660515974856,48.83216857910156
2023-04-25,48.522661804400016,48.64646503293805,47.76886597022199,48.15325164794922,181788757,1.25,48.522661804400016,48.64646503293805,47.76886597022199,48.15325164794922
2023-04-26,48.23311989328234,48.607523110956045,47.59713259158089,48.52265548706055,134294890,1.2414803504943848,48.23311989328234,48.607523110956045,47.59713259158089,48.52265548706055
2023-04-27,48.56259571016352,49.18859683146065,48.43779462998377,48.7423095703125,111447928,1.2471472024917603,48.56259571016352,49.18859683146065,48.43779462998377,48.7423095703125
2023-04-28,48.48272253233103,48.53863316965448,47.16981279812531,48.123294830322266,227729312,1.249750018119812,48.48272253233103,48.53863316965448,47.16981279812531,48.123294830322266
2023-05-02,47.92361260789441,48.67741216428818,47.604122161865234,47.604122161865234,227428509,1.2485953569412231,47.92361260789441,48.67741216428818,47.604122161865234,47.604122161865234
2023-05-03,47.52424685134151,47.97852458306479,45.22790788067139,45.90682601928711,359768316,1.2476606369018555,47.52424685134151,47.97852458306479,45.22790788067139,45.90682601928711
2023-05-04,45.83194562426733,46.28622336600306,44.97830672718448,45.28282165527344,199743764,1.256897211074829,45.83194562426733,46.28622336600306,44.97830672718448,45.28282165527344
2023-05-05,45.51744758617639,46.29121576374455,45.437573071159015,45.737098693847656,177734509,1.2583364248275757,45.51744758617639,46.29121576374455,45.437573071159015,45.737098693847656
2023-05-09,45.70714572927913,46.34612664123449,45.54041167136969,46.05659103393555,438134925,1.2612725496292114,45.70714572927913,46.34612664123449,45.54041167136969,46.05659103393555
2023-05-10,46.45594714624889,46.76545515808404,45.82695252181556,46.09651947021485,144013742,1.2624667882919312,46.45594714624889,46.76545515808404,45.82695252181556,46.09651947021485
2023-05-11,46.07655437340978,46.46093997491076,45.26284899823533,45.8019905090332,183347019,1.2626996040344238,46.07655437340978,46.46093997491076,45.26284899823533,45.8019905090332
2023-05-12,45.96673107473557,46.22132251564727,45.48749542236328,45.48749542236328,236333824,1.2508130073547363,45.96673107473557,46.22132251564727,45.48749542236328,45.48749542236328
2023-05-15,45.84192698289658,46.19636154174805,45.53741208709265,46.19636154174805,288425062,1.2450973987579346,45.84192698289658,46.19636154174805,45.53741208709265,46.19636154174805
2023-05-16,46.046603341387886,46.301198599563726,45.62727355957031,45.62727355957031,236238207,1.2525207996368408,46.046603341387886,46.301198599563726,45.62727355957031,45.62727355957031
2023-05-17,45.42759190128903,46.2213249206543,45.06317108166979,46.2213249206543,267678810,1.2484394311904907,45.42759190128903,46.2213249206543,45.06317108166979,46.2213249206543
2023-05-18,46.77544466532537,46.9102319686043,46.31118448143748,46.43598556518555,152617500,1.2482805252075195,46.77544466532537,46.9102319686043,46.31118448143748,46.43598556518555
2023-05-19,46.585750691428046,46.84633695156109,46.37109266442778,46.64565658569336,143678822,1.2412338256835938,46.585750691428046,46.84633695156109,46.37109266442778,46.64565658569336
2023-05-22,46.70056469720411,46.95016685206115,46.54580877132663,46.86529922485352,383664314,1.2461059093475342,46.70056469720411,46.95016685206115,46.54580877132663,46.86529922485352
2023-05-23,47.08495095115571,47.51426696777344,46.810387053797854,47.51426696777344,162101962,1.243440866470337,47.08495095115571,47.51426696777344,46.810387053797854,47.51426696777344
2023-05-24,47.13986310099311,47.38447214624596,46.52584012447901,46.69057846069336,382800439,1.2417269945144653,47.13986310099311,47.38447214624596,46.52584012447901,46.69057846069336
2023-05-25,46.3660908242057,47.10491481319098,45.75706481933594,45.75706481933594,268083564,1.2371032238006592,46.3660908242057,47.10491481319098,45.75706481933594,45.75706481933594
2023-05-26,45.92679402890284,46.02164406141864,45.232900380330186,45.43258285522461,261876412,1.2318304777145386,45.92679402890284,46.02164406141864,45.232900380330186,45.43258285522461
2023-05-30,45.143043518066406,45.94676271934848,44.86349033801227,45.143043518066406,324448861,1.234933853149414,45.143043518066406,45.94676271934848,44.86349033801227,45.143043518066406
2023-05-31,45.00327098169444,45.31377689672411,44.099708557128906,44.099708557128906,409055760,1.241187572479248,45.00327098169444,45.31377689672411,44.099708557128906,44.099708557128906
2023-06-01,44.4191971158894,45.42758805404068,43.965917267294856,44.59391784667969,411702007,1.244694471359253,44.4191971158894,45.42758805404068,43.965917267294856,44.59391784667969
2023-06-02,44.70873799965166,45.42958916475446,44.60889865838951,45.3726806640625,120367137,1.2525991201400757,44.70873799965166,45.42958916475446,44.60889865838951,45.3726806640625
2023-06-05,45.69217006468007,45.7970025131573,44.45913480474886,44.658817291259766,121146438,1.2430236339569092,45.69217006468007,45.7970025131573,44.45913480474886,44.658817291259766
2023-06-06,44.49408136412732,45.372682067186055,44.079744657312204,45.10311126708984,302399488,1.2433171272277832,44.49408136412732,45.372682067186055,44.079744657312204,45.10311126708984
2023-06-07,45.32775073546955,45.71712946954059,45.04120491563536,45.43757247924805,149262992,1.2428536415100098,45.32775073546955,45.71712946954059,45.04120491563536,45.43757247924805
2023-06-08,45.65722708034848,45.89185372233942,45.19296690602914,45.25786590576172,94021170,1.2445859909057617,45.65722708034848,45.89185372233942,45.19296690602914,45.25786590576172
2023-06-09,45.42759693536496,45.70216085787568,45.11808885986444,45.192970275878906,97731521,1.2559500932693481,45.42759693536496,45.70216085787568,45.11808885986444,45.192970275878906
2023-06-12,45.33274314452044,45.492488374801184,44.90342712402344,44.90342712402344,122260019,1.25809907913208,45.33274314452044,45.492488374801184,44.90342712402344,44.90342712402344
2023-06-13,44.98329971855991,45.32775190386763,44.68377790067894,45.22291564941406,276655969,1.2515331506729126,44.98329971855991,45.32775190386763,44.68377790067894,45.22291564941406
2023-06-14,45.28282470347311,45.30279333387863,44.93837249407478,45.21293640136719,173033551,1.2606843709945679,45.28282470347311,45.30279333387863,44.93837249407478,45.21293640136719
2023-06-15,45.16301419124635,45.16301419124635,44.70873644446406,44.88346099853516,173716601,1.26708984375,45.16301419124635,45.16301419124635,44.70873644446406,44.88346099853516
2023-06-16,45.03821901315071,45.11010304108317,44.68877366786983,44.97332000732422,413600501,1.278576135635376,45.03821901315071,45.11010304108317,44.68877366786983,44.97332000732422
2023-06-19,44.793602016475866,45.06816208711606,44.7686402788602,44.96832275390625,457173034,1.2830382585525513,44.793602016475866,45.06816208711606,44.7686402788602,44.96832275390625
2023-06-20,44.92838600464437,45.09312433406509,44.68876627015729,44.74367904663086,143254729,1.2794759273529053,44.92838600464437,45.09312433406509,44.68876627015729,44.74367904663086
2023-06-21,43.75525904015054,44.41420858463972,43.35290048350508,43.675384521484375,216406659,1.276535987854004,43.75525904015054,44.41420858463972,43.35290048350508,43.675384521484375
2023-06-22,43.21112691550749,43.49068393877478,42.84171676635742,42.84171676635742,241900678,1.2772045135498047,43.21112691550749,43.49068393877478,42.84171676635742,42.84171676635742
2023-06-23,42.58712102299783,42.69195347735364,42.10588959319874,42.25265502929688,190268748,1.2747135162353516,42.58712102299783,42.69195347735364,42.10588959319874,42.25265502929688
2023-06-26,41.96311492531861,42.12286015919892,41.17437497538717,41.89322662353516,307235863,1.2729610204696655,41.96311492531861,42.12286015919892,41.17437497538717,41.89322662353516
2023-06-27,41.983080786628896,42.62705478941173,41.97309837644399,42.43236541748047,175392127,1.2711971998214722,41.983080786628896,42.62705478941173,41.97309837644399,42.43236541748047
2023-06-28,42.48727658544896,42.7318856162909,42.20772340734388,42.58212661743164,139013995,1.2744698524475098,42.48727658544896,42.7318856162909,42.20772340734388,42.58212661743164
2023-06-29,42.58212685297771,42.93156832754202,42.43236404466362,42.701934814453125,153320601,1.2642544507980347,42.58212685297771,42.93156832754202,42.43236404466362,42.701934814453125
2023-06-30,43.14123355836595,44.03480968892185,42.86168037647188,43.5206298828125,198448419,1.2614636421203613,43.14123355836595,44.03480968892185,42.86168037647188,43.5206298828125
2023-07-03,43.845116879577446,44.29939083588547,43.80517961941525,44.15462112426758,90072762,1.2693254947662354,43.845116879577446,44.29939083588547,43.80517961941525,44.15462112426758
2023-07-04,44.25446072996455,44.36428628230036,43.8101692199707,43.8101692199707,167430547,1.269293189048767,44.25446072996455,44.36428628230036,43.8101692199707,43.8101692199707
2023-07-05,43.63045971252091,44.1945592408935,43.45074584693504,43.76025390625,191321250,1.2717629671096802,43.63045971252091,44.1945592408935,43.45074584693504,43.76025390625
2023-07-06,43.28100639358826,43.9399558427483,42.96051812235212,43.23108673095703,218259259,1.2704542875289917,43.28100639358826,43.9399558427483,42.96051812235212,43.23108673095703
2023-07-07,43.14123545145222,43.206134449115794,42.61707321240002,43.02642059326172,92266441,1.2742749452590942,43.14123545145222,43.206134449115794,42.61707321240002,43.02642059326172
2023-07-10,42.91658795110722,43.27601560347962,42.831724146693176,42.97649002075195,84664497,1.2838947772979736,42.91658795110722,43.27601560347962,42.831724146693176,42.97649002075195
2023-07-11,42.91159709195364,43.30097579956055,42.65201255642442,43.30097579956055,237726887,1.2864713668823242,42.91159709195364,43.30097579956055,42.65201255642442,43.30097579956055
2023-07-12,43.48069287401478,44.81556694243239,43.41579768745503,44.45414352416992,376682366,1.2934770584106445,43.48069287401478,44.81556694243239,43.41579768745503,44.45414352416992
2023-07-13,44.309375469689314,44.778624929610025,44.00486053694604,44.65382385253906,128402399,1.29962956905365,44.309375469689314,44.778624929610025,44.00486053694604,44.65382385253906
2023-07-14,44.593920748500814,44.76864149066055,44.28940582275391,44.28940582275391,135149204,1.3128528594970703,44.593920748500814,44.76864149066055,44.28940582275391,44.28940582275391
2023-07-17,44.13964017089969,44.98329659700685,44.06675829826983,44.76863861083984,83672031,1.3090204000473022,44.13964017089969,44.98329659700685,44.06675829826983,44.76863861083984
2023-07-18,44.92339302321653,45.75706708267638,44.67379087803578,45.617286682128906,113536894,1.307172417640686,44.92339302321653,45.75706708267638,44.67379087803578,45.617286682128906
2023-07-19,46.685584580151016,47.05000539588298,46.10650957114904,46.62068939208984,178293923,1.303508996963501,46.685584580151016,47.05000539588298,46.10650957114904,46.62068939208984
2023-07-20,46.69058083372873,46.95016922070726,46.02663815424254,46.26126480102539,145067305,1.2939791679382324,46.69058083372873,46.95016922070726,46.02663815424254,46.26126480102539
2023-07-21,46.341134552180144,46.510862180432405,45.71413180879345,45.78202438354492,113659310,1.2872332334518433,46.341134552180144,46.510862180432405,45.71413180879345,45.78202438354492
2023-07-24,45.412611508586686,45.981704052364165,45.239886501875134,45.971717834472656,78816082,1.2853471040725708,45.412611508586686,45.981704052364165,45.239886501875134,45.971717834472656
2023-07-25,45.90682593009282,46.35611055163125,45.70714345289503,46.02164459228516,95683621,1.281262755393982,45.90682593009282,46.35611055163125,45.70714345289503,46.02164459228516
2023-07-26,44.18956514695959,45.38765628797338,43.635451850475285,45.25786590576172,313097530,1.2893908023834229,44.18956514695959,45.38765628797338,43.635451850475285,45.25786590576172
2023-07-27,45.11309693405802,45.65423424809289,44.82855061665779,44.978309631347656,186380226,1.292724609375,45.11309693405802,45.65423424809289,44.82855061665779,44.978309631347656
2023-07-28,44.79360376233576,45.39863837180192,44.73869098434218,45.05318832397461,245836995,1.2793776988983154,44.79360376233576,45.39863837180192,44.73869098434218,45.05318832397461
2023-07-31,44.99327760622466,45.22291110380587,44.78361273564522,44.86348724365234,113386275,1.2853965759277344,44.99327760622466,45.22291110380587,44.78361273564522,44.86348724365234
2023-08-01,44.52902043342718,44.85350397847052,44.1646034403777,44.26943588256836,111305751,1.283400535583496,44.52902043342718,44.85350397847052,44.1646034403777,44.26943588256836
2023-08-02,43.610484221895824,44.009849151181534,43.0663496009597,43.1911506652832,144873986,1.2795741558074951,43.610484221895824,44.009849151181534,43.0663496009597,43.1911506652832
2023-08-03,42.14181161315282,43.12545401622904,41.90214087054775,42.86581039428711,409948546,1.2720379829406738,42.14181161315282,43.12545401622904,41.90214087054775,42.86581039428711
2023-08-04,43.08050537109375,43.21532132698784,42.666076779917766,43.08050537109375,119146267,1.2716336250305176,43.08050537109375,43.21532132698784,42.666076779917766,43.08050537109375
2023-08-07,43.1953555043452,43.43003206560314,42.85582418773655,43.110469818115234,107514647,1.2747948169708252,43.1953555043452,43.43003206560314,42.85582418773655,43.110469818115234
2023-08-08,42.83085209438519,43.09548603760399,42.25664428412436,42.62613677978516,165406529,1.2782002687454224,42.83085209438519,43.09548603760399,42.25664428412436,42.62613677978516
2023-08-09,43.13543696050471,43.370113522262265,42.636126423807646,42.72100830078125,306523528,1.2741613388061523,43.13543696050471,43.370113522262265,42.636126423807646,42.72100830078125
2023-08-10,42.96067340698988,43.21532281399041,42.81587291318317,42.94070053100586,162978357,1.2720056772232056,42.96067340698988,43.21532281399041,42.81587291318317,42.94070053100586
2023-08-11,42.86581053627755,43.14542703848255,42.66109518891179,42.89077758789063,135777375,1.2670094966888428,42.86581053627755,43.14542703848255,42.66109518891179,42.89077758789063
2023-08-14,42.75096833838086,43.02059647785587,42.6261407076667,42.78092575073242,574256117,1.2695027589797974,42.75096833838086,43.02059647785587,42.6261407076667,42.78092575073242
2023-08-15,42.69604409696792,42.9057536033876,42.17676069337848,42.41642761230469,98089646,1.2685203552246094,42.69604409696792,42.9057536033876,42.17676069337848,42.41642761230469
2023-08-16,42.20671745300454,42.36150249447661,41.96006022101313,42.031959533691406,168642832,1.2701315879821777,42.20671745300454,42.36150249447661,41.96006022101313,42.031959533691406
2023-08-17,41.93708358914648,42.6111519341209,41.900135865376605,42.35650634765625,121142791,1.2728151082992554,41.93708358914648,42.6111519341209,41.900135865376605,42.35650634765625
2023-08-18,42.19173886177449,42.561227579247095,41.897147484050414,42.186744689941406,139696325,1.275022268295288,42.19173886177449,42.561227579247095,41.897147484050414,42.186744689941406
2023-08-21,42.01198665585034,42.65310346340659,42.01198665585034,42.031959533691406,114254017,1.2741937637329102,42.01198665585034,42.65310346340659,42.01198665585034,42.031959533691406
2023-08-22,42.28161501138498,42.34153364521829,41.66746139526367,41.66746139526367,283173044,1.2760798931121826,42.28161501138498,42.34153364521829,41.66746139526367,41.66746139526367
2023-08-23,41.84720743836632,42.19173286659246,41.70540497772623,41.812255859375,137362304,1.2731555700302124,41.84720743836632,42.19173286659246,41.70540497772623,41.812255859375
2023-08-24,42.2766185500894,42.57620408415827,41.97703301602054,42.071903228759766,88778714,1.2720541954040527,42.2766185500894,42.57620408415827,41.97703301602054,42.071903228759766
2023-08-25,42.05193379722243,42.44638957634838,41.67745089659569,41.73736572265625,89999773,1.2592872381210327,42.05193379722243,42.44638957634838,41.67745089659569,41.73736572265625
2023-08-29,42.1118420301856,42.90075346492426,42.1118420301856,42.845829010009766,192034758,1.2611136436462402,42.1118420301856,42.90075346492426,42.1118420301856,42.845829010009766
2023-08-30,43.03557356389478,43.51491119065933,42.74597255727552,42.76594543457031,110852442,1.2636793851852417,43.03557356389478,43.51491119065933,42.74597255727552,42.76594543457031
2023-08-31,42.90076183966282,43.16040546075076,42.29659652709961,42.29659652709961,321802013,1.271179437637329,42.90076183966282,43.16040546075076,42.29659652709961,42.29659652709961
2023-09-01,42.34152973047751,42.52128180592127,42.01198298901841,42.056922912597656,313465005,1.2672826051712036,42.34152973047751,42.52128180592127,42.01198298901841,42.056922912597656
2023-09-04,42.26163587008192,42.516285264337135,41.74035640412997,41.917110443115234,64586808,1.2591445446014404,42.26163587008192,42.516285264337135,41.74035640412997,41.917110443115234
2023-09-05,41.627518123500295,42.20172215601463,41.40782028254306,41.70241165161133,66880505,1.2623074054718018,41.627518123500295,42.20172215601463,41.40782028254306,41.70241165161133
2023-09-06,41.40282688931247,41.64249761208455,41.17314451010089,41.43777847290039,102192028,1.2570552825927734,41.40282688931247,41.64249761208455,41.17314451010089,41.43777847290039
2023-09-07,41.14318674358575,41.60954181470592,40.973419189453125,40.973419189453125,75967110,1.2498750686645508,41.14318674358575,41.60954181470592,40.973419189453125,40.973419189453125
2023-09-08,41.00338443759274,41.35789447701408,40.6488743981714,41.282997131347656,147483289,1.2475050687789917,41.00338443759274,41.35789447701408,40.6488743981714,41.282997131347656
2023-09-11,41.5426321842026,41.91711506017595,41.220079550795866,41.52266311645508,156914685,1.2489992380142212,41.5426321842026,41.91711506017595,41.220079550795866,41.52266311645508
2023-09-12,41.892149355123394,42.43140557905081,41.60754253851225,42.421417236328125,165061570,1.2508755922317505,41.892149355123394,42.43140557905081,41.60754253851225,42.421417236328125
2023-09-13,42.68106227306812,42.83085313409625,42.41642451398867,42.54125213623047,111797115,1.2491724491119385,42.68106227306812,42.83085313409625,42.41642451398867,42.54125213623047
2023-09-14,42.57121240378499,43.29521107281889,42.32654752686911,43.17038345336914,174804740,1.248953938484192,42.57121240378499,43.29521107281889,42.32654752686911,43.17038345336914
2023-09-15,43.46497921265274,43.6347429489045,43.01060484309063,43.14042663574219,410881995,1.2401869297027588,43.46497921265274,43.6347429489045,43.01060484309063,43.14042663574219
2023-09-18,43.10547984678308,43.160404310956295,42.03695559558312,42.09687042236328,95176139,1.2397565841674805,43.10547984678308,43.160404310956295,42.03695559558312,42.09687042236328
2023-09-19,41.90713117735369,42.8408432006836,41.57259405055177,42.8408432006836,192122023,1.2383747100830078,41.90713117735369,42.8408432006836,41.57259405055177,42.8408432006836
2023-09-20,42.94070405988732,44.63836056367722,42.900758304636526,44.49855422973633,301530724,1.2393569946289062,42.94070405988732,44.63836056367722,42.900758304636526,44.49855422973633
2023-09-21,44.1090895814073,45.53212761331639,44.06914763491315,44.36373901367188,228768917,1.2328935861587524,44.1090895814073,45.53212761331639,44.06914763491315,44.36373901367188
2023-09-22,44.27885251240378,45.991487572256325,44.18198615958339,45.27747344970703,341794656,1.2294225692749023,44.27885251240378,45.991487572256325,44.18198615958339,45.27747344970703
2023-09-25,44.9379448917325,45.41228834181496,44.3737253994891,44.688289642333984,157412846,1.2241849899291992,44.9379448917325,45.41228834181496,44.3737253994891,44.688289642333984
2023-09-26,44.71325768615612,44.8630485534668,44.37372638704029,44.8630485534668,115017094,1.2213143110275269,44.71325768615612,44.8630485534668,44.37372638704029,44.8630485534668
2023-09-27,44.77816541735472,45.237530159242645,44.21893629064108,44.50853729248047,146505711,1.2146830558776855,44.77816541735472,45.237530159242645,44.21893629064108,44.50853729248047
2023-09-28,44.63835498455305,44.63835498455305,43.72461594693844,44.19895935058594,194582788,1.2135332822799683,44.63835498455305,44.63835498455305,43.72461594693844,44.19895935058594
2023-09-29,44.39370450902327,44.79315067847722,44.15403375980103,44.30881881713867,93860934,1.2204796075820923,44.39370450902327,44.79315067847722,44.15403375980103,44.30881881713867
2023-10-02,44.36373699473743,44.62837094922317,43.210330963134766,43.210330963134766,102276009,1.2193039655685425,44.36373699473743,44.62837094922317,43.210330963134766,43.210330963134766
2023-10-03,42.97565640546733,43.44001534254094,42.616152220708805,42.755958557128906,77914964,1.209116816520691,42.97565640546733,43.44001534254094,42.616152220708805,42.755958557128906
2023-10-04,42.39146657596416,42.93072288574384,42.14181130026288,42.40145111083984,254168072,1.2078461647033691,42.39146657596416,42.93072288574384,42.14181130026288,42.40145111083984
2023-10-05,42.46635304746432,42.536256202007685,41.98202132710234,42.1118392944336,121200278,1.2137395143508911,42.46635304746432,42.536256202007685,41.98202132710234,42.1118392944336
2023-10-06,42.12182952301806,42.84582814583528,41.80726531348218,42.56621551513672,80179745,1.2187690734863281,42.12182952301806,42.84582814583528,41.80726531348218,42.56621551513672
2023-10-09,42.25165826171341,42.59617993570558,41.940088217881154,42.05193328857422,199447444,1.222090482711792,42.25165826171341,42.59617993570558,41.940088217881154,42.05193328857422
2023-10-10,42.46635994568448,43.56983570386565,41.81226059415396,43.3101921081543,101122156,1.2250398397445679,42.46635994568448,43.56983570386565,41.81226059415396,43.3101921081543
2023-10-11,43.12544836134335,43.52988863892955,42.95767695880045,43.21532440185547,100458208,1.229135513305664,43.12544836134335,43.52988863892955,42.95767695880045,43.21532440185547
2023-10-12,43.35013814665755,43.59479922890405,42.93570951080552,43.36012268066406,159233092,1.2316333055496216,43.35013814665755,43.59479922890405,42.93570951080552,43.36012268066406
2023-10-13,43.430027035109134,43.78952737919765,42.730991604303206,43.17038345336914,166940735,1.2183235883712769,43.430027035109134,43.78952737919765,42.730991604303206,43.17038345336914
2023-10-16,43.35013637451194,43.751582433138665,43.18037263728319,43.44999694824219,111510390,1.215376853942871,43.35013637451194,43.751582433138665,43.18037263728319,43.44999694824219
2023-10-17,43.73960113525391,43.96928351913385,43.3551337079724,43.73960113525391,141280133,1.2211503982543945,43.73960113525391,43.96928351913385,43.3551337079724,43.73960113525391
2023-10-18,43.93932058325254,43.93932058325254,42.7909049987793,42.7909049987793,91714127,1.2178784608840942,43.93932058325254,43.93932058325254,42.7909049987793,42.7909049987793
2023-10-19,42.6211464390813,43.15540854494808,41.82225036621094,41.82225036621094,153457095,1.214343786239624,42.6211464390813,43.15540854494808,41.82225036621094,41.82225036621094
2023-10-20,41.48770698681994,41.98202711711223,41.29797037109677,41.52765274047852,285516284,1.2137248516082764,41.48770698681994,41.98202711711223,41.29797037109677,41.52765274047852
2023-10-23,41.5576122185511,41.807267454297815,41.11322239424028,41.357887268066406,122817827,1.2163970470428467,41.5576122185511,41.807267454297815,41.11322239424028,41.357887268066406
2023-10-24,39.94483896148853,40.87754906175868,39.36563696801733,40.51904678344727,154084778,1.2250248193740845,39.94483896148853,40.87754906175868,39.36563696801733,40.51904678344727
2023-10-25,40.823622460230425,41.59256099155708,39.48347038050996,41.4028205871582,294434604,1.216189980506897,40.823622460230425,41.59256099155708,39.48347038050996,41.4028205871582
2023-10-26,41.34790056998717,41.45275531603906,40.54900454570846,41.113224029541016,195470449,1.210345983505249,41.34790056998717,41.45275531603906,40.54900454570846,41.113224029541016
2023-10-27,40.69880108218707,40.87355900028301,39.55038537566476,39.70018005371094,210222754,1.213710069656372,40.69880108218707,40.87355900028301,39.55038537566476,39.70018005371094
2023-10-30,39.72514411441958,40.48908860747581,39.69019253007835,39.979793548583984,128456500,1.2113723754882812,39.72514411441958,40.48908860747581,39.69019253007835,39.979793548583984
2023-10-31,40.11460440425032,40.32431771288721,39.81501886118788,39.88492202758789,130698761,1.2165746688842773,40.11460440425032,40.32431771288721,39.81501886118788,39.88492202758789
2023-11-01,39.9448372641328,40.4641206056989,39.73512778276086,40.089637756347656,100469078,1.215214490890503,39.9448372641328,40.4641206056989,39.73512778276086,40.089637756347656
2023-11-02,40.28436584061273,41.80227001232411,39.7401154883601,41.71738815307617,312062950,1.2182197570800781,40.28436584061273,41.80227001232411,39.7401154883601,41.71738815307617
2023-11-03,41.94208240662756,42.76095132981154,41.42779319615144,42.37648391723633,139741423,1.2191851139068604,41.94208240662756,42.76095132981154,41.42779319615144,42.37648391723633
2023-11-06,42.37148876282863,42.52627379671958,41.94707560544468,42.071903228759766,77853902,1.237378716468811,42.37148876282863,42.52627379671958,41.94707560544468,42.071903228759766
2023-11-07,42.04194231172429,42.53126827479796,41.85220569431524,41.99201202392578,83864994,1.2345526218414307,42.04194231172429,42.53126827479796,41.85220569431524,41.99201202392578
2023-11-08,41.62252828699824,42.13681755058942,41.44277618193607,41.93210220336914,106611374,1.2291808128356934,41.62252828699824,42.13681755058942,41.44277618193607,41.93210220336914
2023-11-09,41.852202459120335,42.48133470317232,41.642492980915165,42.2216911315918,90991161,1.2285012006759644,41.852202459120335,42.48133470317232,41.642492980915165,42.2216911315918
2023-11-10,42.10685723641062,42.14180882057471,41.43578301102319,41.69242858886719,345691791,1.2217023372650146,42.10685723641062,42.14180882057471,41.43578301102319,41.69242858886719
2023-11-13,41.9570572203741,42.15678216567153,41.70240781988396,41.96205139160156,70595867,1.2228227853775024,41.9570572203741,42.15678216567153,41.70240781988396,41.96205139160156
2023-11-14,41.91212094480925,42.2866037872484,41.39783178403599,42.19672775268555,139219947,1.228063702583313,41.91212094480925,42.2866037872484,41.39783178403599,42.19672775268555
2023-11-15,42.45637382246799,43.21532796253394,42.42142223769108,43.03557586669922,157686991,1.2494533061981201,42.45637382246799,43.21532796253394,42.42142223769108,43.03557586669922
2023-11-16,43.00062553521844,43.28523239367906,42.51129952464267,42.71601867675781,262838706,1.2422360181808472,43.00062553521844,43.28523239367906,42.51129952464267,42.71601867675781
2023-11-17,42.71102030358414,43.45499187630604,42.35651030840207,43.315185546875,131097373,1.2414957284927368,42.71102030358414,43.45499187630604,42.35651030840207,43.315185546875
2023-11-20,43.27025139923229,43.44500931897132,42.63113073507148,42.99063491821289,68951425,1.2454540729522705,43.27025139923229,43.44500931897132,42.63113073507148,42.99063491821289
2023-11-21,42.74097680652686,43.215324053520575,42.32155782714212,42.4913215637207,97882442,1.2509069442749023,42.74097680652686,43.215324053520575,42.32155782714212,42.4913215637207
2023-11-22,42.56622129699529,42.86580684335655,42.18175387756176,42.24166870117188,71422387,1.2544218301773071,42.56622129699529,42.86580684335655,42.18175387756176,42.24166870117188
2023-11-23,42.08188670931792,42.57620301863246,41.95705908912681,42.28660583496094,109460887,1.2490007877349854,42.08188670931792,42.57620301863246,41.95705908912681,42.28660583496094
2023-11-24,42.29659415284159,42.56122812181456,41.95706284316529,42.41642761230469,123445468,1.2533526420593262,42.29659415284159,42.56122812181456,41.95706284316529,42.41642761230469
2023-11-27,42.31656460877127,42.77093898944229,41.93708756451639,41.99201202392578,113174343,1.2600330114364624,42.31656460877127,42.77093898944229,41.93708756451639,41.99201202392578
2023-11-28,42.33153798053318,42.5162842124907,42.081882763559584,42.39145660400391,121684970,1.2634397745132446,42.33153798053318,42.5162842124907,42.081882763559584,42.39145660400391
2023-11-29,42.24166392280493,43.53987034980889,42.101857604280326,43.390079498291016,111953267,1.2712295055389404,42.24166392280493,43.53987034980889,42.101857604280326,43.390079498291016
2023-11-30,43.38009965884287,43.74959221243852,43.01061091468445,43.41006088256836,290285051,1.2696397304534912,43.38009965884287,43.74959221243852,43.01061091468445,43.41006088256836
2023-12-01,43.59978890147391,44.45061510774327,43.54486444651373,44.42864608764648,160245655,1.2631685733795166,43.59978890147391,44.45061510774327,43.54486444651373,44.42864608764648
2023-12-04,44.34376181195795,45.12268873891716,44.07912787123226,45.06776428222656,187178392,1.2713103294372559,44.34376181195795,45.12268873891716,44.07912787123226,45.06776428222656
2023-12-05,44.54349287808012,45.10771241766573,44.53350834341859,44.94793319702149,103673064,1.2634079456329346,44.54349287808012,45.10771241766573,44.53350834341859,44.94793319702149
2023-12-06,45.06277394323184,45.9665247556497,44.67331235134872,45.74183654785156,171340246,1.2594457864761353,45.06277394323184,45.9665247556497,44.67331235134872,45.74183654785156
2023-12-07,45.3174213499838,45.65195846557617,45.11769639116678,45.65195846557617,121355246,1.2558711767196655,45.3174213499838,45.65195846557617,45.11769639116678,45.65195846557617
2023-12-08,45.93656578609605,46.63560124472834,45.307433492383296,46.27110290527344,218162800,1.258954405784607,45.93656578609605,46.63560124472834,45.307433492383296,46.27110290527344
2023-12-11,46.22117442235804,46.35798654023038,45.34238684549063,46.05141067504883,102125509,1.2554770708084106,46.22117442235804,46.35798654023038,45.34238684549063,46.05141067504883
2023-12-12,46.16624335271122,46.47082302934591,45.50215954565942,45.836700439453125,153936602,1.2554612159729004,46.16624335271122,46.47082302934591,45.50215954565942,45.836700439453125
2023-12-13,45.906603728402345,46.405914175535074,45.8416909322358,46.12130737304688,162422114,1.2570710182189941,45.906603728402345,46.405914175535074,45.8416909322358,46.12130737304688
2023-12-14,46.58566948014172,48.00370942005888,46.46483414929912,47.47444152832031,267269452,1.2622915506362915,46.58566948014172,48.00370942005888,46.46483414929912,47.47444152832031
2023-12-15,47.649204114745736,48.07861147606191,46.885259612001406,46.95016860961914,256590061,1.2771391868591309,47.649204114745736,48.07861147606191,46.885259612001406,46.95016860961914
2023-12-18,46.80037613089402,47.23477383982576,46.5157692904282,46.93518829345703,102858584,1.2672343254089355,46.80037613089402,47.23477383982576,46.5157692904282,46.93518829345703
2023-12-19,46.73545793822712,46.91521000721325,46.515763927916886,46.66056060791016,71350424,1.2651821374893188,46.73545793822712,46.91521000721325,46.515763927916886,46.66056060791016
2023-12-20,47.36958635258892,47.784011153573815,46.78039983700068,47.39954376220703,152355344,1.2732689380645752,47.36958635258892,47.784011153573815,46.78039983700068,47.39954376220703
2023-12-21,46.85529937129315,47.16986745038031,46.625616979406864,47.12492752075195,78173737,1.2641266584396362,46.85529937129315,47.16986745038031,46.625616979406864,47.12492752075195
2023-12-22,47.23976333816546,47.998713567845584,47.08996867508186,47.97874069213867,84428889,1.268499493598938,47.23976333816546,47.998713567845584,47.08996867508186,47.97874069213867
2023-12-27,47.85891001961357,48.30829022545867,47.67915793727553,48.06362915039063,69861559,1.272718071937561,47.85891001961357,48.30829022545867,47.67915793727553,48.06362915039063
2023-12-28,48.1035717077304,48.16349033908562,47.74407134790946,47.90385055541992,61253154,1.2800819873809814,48.1035717077304,48.16349033908562,47.74407134790946,47.90385055541992
2023-12-29,47.70911980377878,47.86889901141807,47.53435808121102,47.64420700073242,63185526,1.2733986377716064,47.70911980377878,47.86889901141807,47.53435808121102,47.64420700073242
2024-01-02,47.774029325011135,48.15849673814538,47.64420752692145,48.00371170043945,104802741,1.2728800773620605,47.774029325011135,48.15849673814538,47.64420752692145,48.00371170043945
2024-01-03,48.068623334338014,48.16349355462507,47.234775658517535,47.38956451416016,101964262,1.2623074054718018,48.068623334338014,48.16349355462507,47.234775658517535,47.38956451416016
2024-01-04,47.25973800851552,47.6242325280576,47.020067300367806,47.49940490722656,103495456,1.2674272060394287,47.25973800851552,47.6242325280576,47.020067300367806,47.49940490722656
2024-01-05,47.22977579947287,47.414522045828924,46.68552921258301,47.19482421875,103322339,1.2684078216552734,47.22977579947287,47.414522045828924,46.68552921258301,47.19482421875
2024-01-08,47.21979225558479,47.49940490722656,46.869274559188135,47.49940490722656,85029299,1.271779179573059,47.21979225558479,47.49940490722656,46.869274559188135,47.49940490722656
2024-01-09,47.60925249587227,47.72409557998749,47.3745759657421,47.53435516357422,54516475,1.274518609046936,47.60925249587227,47.72409557998749,47.3745759657421,47.53435516357422
2024-01-10,47.37957123480238,47.46944727375504,46.83532463907106,46.93019104003906,62875455,1.2712942361831665,47.37957123480238,47.46944727375504,46.83532463907106,46.93019104003906
2024-01-11,47.050030511096985,47.17186011042428,45.16263360432413,45.177616119384766,225123886,1.274518609046936,47.050030511096985,47.17186011042428,45.16263360432413,45.177616119384766
2024-01-12,45.33739536973,45.95653932917782,44.910982248104,44.91797256469727,103407389,1.2777756452560425,45.33739536973,45.95653932917782,44.910982248104,44.91797256469727
2024-01-15,44.13904737570271,44.72323972544429,43.75457617123449,43.76456451416016,158625054,1.273658275604248,44.13904737570271,44.72323972544429,43.75457617123449,43.76456451416016
2024-01-16,43.400067459193096,43.72462004393765,42.955681421882026,43.055545806884766,115578446,1.2716174125671387,43.400067459193096,43.72462004393765,42.955681421882026,43.055545806884766
2024-01-17,42.5112974341232,42.64111923616733,41.91711669537981,42.21171188354492,150656184,1.26385498046875,42.5112974341232,42.64111923616733,41.91711669537981,42.21171188354492
2024-01-18,42.12683054521467,42.790910651123234,42.0719060824756,42.4413948059082,162393003,1.2676842212677002,42.12683054521467,42.790910651123234,42.0719060824756,42.4413948059082
2024-01-19,42.7309944674132,43.0605374239339,42.321560000562094,42.60616683959961,215285260,1.2709871530532837,42.7309944674132,43.0605374239339,42.321560000562094,42.60616683959961
2024-01-22,42.90075792762745,43.81449707141584,42.90075792762745,43.36012268066406,92429369,1.2699863910675049,42.90075792762745,43.81449707141584,42.90075792762745,43.36012268066406
2024-01-23,43.619765751377045,43.789529493495856,43.0006217956543,43.0006217956543,163007851,1.2706964015960693,43.619765751377045,43.789529493495856,43.0006217956543,43.0006217956543
2024-01-24,43.19036172434637,43.45499570112434,41.92511052219392,42.09687042236328,232089944,1.269196629524231,43.19036172434637,43.45499570112434,41.92511052219392,42.09687042236328
2024-01-25,41.93209417141871,41.94207870448201,41.19810718458044,41.467735290527344,180477468,1.271876335144043,41.93209417141871,41.94207870448201,41.19810718458044,41.467735290527344
2024-01-26,41.46773856870896,42.60616589974633,41.34790130585685,42.04194259643555,227073805,1.270825743675232,41.46773856870896,42.60616589974633,41.34790130585685,42.04194259643555
2024-01-29,42.066906108550334,42.39145866830775,41.81725087941948,42.2216911315918,89192868,1.2697607278823853,42.066906108550334,42.39145866830775,41.81725087941948,42.2216911315918
2024-01-30,42.36649431656337,42.99562660063462,42.341531077724255,42.95568084716797,144582087,1.2713264226913452,42.36649431656337,42.99562660063462,42.341531077724255,42.95568084716797
2024-01-31,42.43140132342583,42.7559500500676,42.30657371796786,42.47633743286133,142008721,1.269551157951355,42.43140132342583,42.7559500500676,42.30657371796786,42.47633743286133
2024-02-01,42.0669139934048,43.348145814193614,41.94208635544218,42.27163314819336,168984386,1.2678449153900146,42.0669139934048,43.348145814193614,41.94208635544218,42.27163314819336
2024-02-02,42.78091887647003,42.9756496443388,42.2266839804016,42.25664138793945,89965838,1.27472984790802,42.78091887647003,42.9756496443388,42.2266839804016,42.25664138793945
2024-02-05,41.69242709730037,42.55623594564814,40.98340709565903,41.83223342895508,364068881,1.2621959447860718,41.69242709730037,42.55623594564814,40.98340709565903,41.83223342895508
2024-02-06,42.04693857721177,42.311572544215366,41.562606761629965,41.82225036621094,666773634,1.2534469366073608,42.04693857721177,42.311572544215366,41.562606761629965,41.82225036621094
2024-02-07,41.77231836710398,42.126828365893005,41.432787073844,41.52266311645508,131726564,1.2606525421142578,41.77231836710398,42.126828365893005,41.432787073844,41.52266311645508
2024-02-08,41.52266503398917,41.95706275213938,41.37187228041774,41.4577522277832,69825516,1.2627378702163696,41.52266503398917,41.95706275213938,41.37187228041774,41.4577522277832
2024-02-09,41.34790494394582,41.647494317999325,41.1731470153727,41.34291458129883,233075851,1.2620525360107422,41.34790494394582,41.647494317999325,41.1731470153727,41.34291458129883
2024-02-12,41.5875756813012,41.86219419493406,41.12821089492696,41.34291458129883,163174147,1.2637271881103516,41.5875756813012,41.86219419493406,41.12821089492696,41.34291458129883
2024-02-13,41.17314045899328,41.8122572442523,40.9434581023806,41.128204345703125,141459585,1.2627538442611694,41.17314045899328,41.8122572442523,40.9434581023806,41.128204345703125
2024-02-14,41.03333483951106,41.70740321643648,41.03333483951106,41.382850646972656,207374101,1.2590652704238892,41.03333483951106,41.70740321643648,41.03333483951106,41.382850646972656
2024-02-15,41.6275178645952,41.672453981182336,40.993391394662375,41.52266311645508,139218909,1.2568340301513672,41.6275178645952,41.672453981182336,40.993391394662375,41.52266311645508
2024-02-16,41.612533962292886,43.2552659139274,41.2180820317228,43.14042663574219,249754009,1.259921908378601,41.612533962292886,43.2552659139274,41.2180820317228,43.14042663574219
2024-02-19,43.24528260791395,43.38009476644428,42.57620455858247,42.82086944580078,74502420,1.2611136436462402,43.24528260791395,43.38009476644428,42.57620455858247,42.82086944580078
2024-02-20,42.755950480308506,43.695654593132446,42.711014370420834,43.58980178833008,138030229,1.2587641477584839,42.755950480308506,43.695654593132446,42.711014370420834,43.58980178833008
2024-02-21,43.72462105453667,43.87241577643256,43.020595218820006,43.23030471801758,202506236,1.2627378702163696,43.72462105453667,43.87241577643256,43.020595218820006,43.23030471801758
2024-02-22,42.94070862471017,46.14129117747719,42.3065858828,45.89163589477539,565618186,1.2638070583343506,42.94070862471017,46.14129117747719,42.3065858828,45.89163589477539
2024-02-23,45.92657871413078,46.13628819729969,45.32240969302953,45.43225860595703,208409892,1.266367793083191,45.92657871413078,46.13628819729969,45.32240969302953,45.43225860595703
2024-02-26,45.42227345245498,46.13129339602227,45.42227345245498,45.851680755615234,269141007,1.2672665119171143,45.42227345245498,46.13129339602227,45.42227345245498,45.851680755615234
2024-02-27,45.497173782116974,46.46084319209639,45.43226097957576,46.24613952636719,205541890,1.268455982208252,45.497173782116974,46.46084319209639,45.43226097957576,46.24613952636719
2024-02-28,46.15126854431654,46.68652868635496,46.15126854431654,46.510772705078125,229599208,1.268166422843933,46.15126854431654,46.68652868635496,46.15126854431654,46.510772705078125
2024-02-29,46.51077343795689,47.43949126474607,46.47881607293177,46.50577926635742,467442708,1.2663036584854126,46.51077343795689,47.43949126474607,46.47881607293177,46.50577926635742
2024-03-01,46.955164013590014,47.68415695067734,46.955164013590014,47.30467987060547,207501949,1.2625465393066406,46.955164013590014,47.68415695067734,46.955164013590014,47.30467987060547
2024-03-04,46.97512946179435,47.564315962875945,46.83532314110322,47.32963943481445,344381130,1.26603102684021,46.97512946179435,47.564315962875945,46.83532314110322,47.32963943481445
2024-03-05,47.08997405328213,47.88687398065121,46.89025289227565,47.73408508300781,148437130,1.269196629524231,47.08997405328213,47.88687398065121,46.89025289227565,47.73408508300781
2024-03-06,47.908838814204366,48.52299237796163,47.83194533586471,48.333255767822266,311140311,1.27048659324646,47.908838814204366,48.52299237796163,47.83194533586471,48.333255767822266
2024-03-07,48.48804502104405,48.982361370415774,48.20343817632252,48.5379753112793,225634715,1.2735446691513062,48.48804502104405,48.982361370415774,48.20343817632252,48.5379753112793
2024-03-08,48.64282595355412,49.00732427940351,48.27333726570873,48.488040924072266,149173020,1.2815583944320679,48.64282595355412,49.00732427940351,48.27333726570873,48.488040924072266
2024-03-11,48.35821892898143,49.06224852998519,48.19344555732906,48.98235702514648,154132465,1.2855123281478882,48.35821892898143,49.06224852998519,48.19344555732906,48.98235702514648
2024-03-12,49.291933758767726,49.951023474269306,49.03728433408123,49.48167037963867,212228896,1.2819806337356567,49.291933758767726,49.951023474269306,49.03728433408123,49.48167037963867
2024-03-13,49.60649939149821,49.94103652557525,48.88250066139872,49.18708038330078,246059054,1.2795906066894531,49.60649939149821,49.94103652557525,48.88250066139872,49.18708038330078
2024-03-14,49.13215254182671,49.55157152117464,48.887491470540425,49.2619743347168,145097694,1.2802129983901978,49.13215254182671,49.55157152117464,48.887491470540425,49.2619743347168
2024-03-15,49.07223300541488,49.85515222850107,49.07223300541488,49.50164031982422,350528629,1.2745835781097412,49.07223300541488,49.85515222850107,49.07223300541488,49.50164031982422
2024-03-18,49.32688214134868,49.63146183498276,49.06125012747689,49.3218879699707,119224181,1.2731393575668335,49.32688214134868,49.63146183498276,49.06125012747689,49.3218879699707
2024-03-19,49.13215148897812,49.5315975832112,48.72770741391749,49.4766731262207,126334621,1.272718071937561,49.13215148897812,49.5315975832112,48.72770741391749,49.4766731262207
2024-03-20,49.47168634567402,50.16073347947804,49.41176771295489,49.97099685668945,134881078,1.2719409465789795,49.47168634567402,50.16073347947804,49.41176771295489,49.97099685668945
2024-03-21,51.039517872144245,51.81844100187926,50.57016480195179,51.41899490356445,184094142,1.2798361778259277,51.039517872144245,51.81844100187926,50.57016480195179,51.41899490356445
2024-03-22,51.698609216285526,52.59736582348106,51.3590779266063,52.1080436706543,162388748,1.2661913633346558,51.698609216285526,52.59736582348106,51.3590779266063,52.1080436706543
2024-03-25,51.92828900022853,52.17794423580655,51.59874226073598,51.65866088867188,237240308,1.25979483127594,51.92828900022853,52.17794423580655,51.59874226073598,51.65866088867188
2024-03-26,51.45893829589208,52.03814029749854,51.41899635154147,51.5388298034668,260161808,1.2637910842895508,51.45893829589208,52.03814029749854,51.41899635154147,51.5388298034668
2024-03-27,51.38903774950577,52.18793381876911,51.27320039083253,51.59874725341797,211685995,1.2628495693206787,51.38903774950577,52.18793381876911,51.27320039083253,51.59874725341797
2024-03-28,52.15797076283305,52.467544622803615,51.498881100828406,51.68861770629883,248468932,1.261670470237732,52.15797076283305,52.467544622803615,51.498881100828406,51.68861770629883
2024-04-02,51.24922701053362,52.32773946845742,51.24922701053362,51.88834381103516,174801073,1.2545477151870728,51.24922701053362,52.32773946845742,51.24922701053362,51.88834381103516
2024-04-03,51.48889709375829,52.40762653102726,51.48889709375829,52.30776596069336,145222987,1.2576876878738403,51.48889709375829,52.40762653102726,51.48889709375829,52.30776596069336
2024-04-04,52.7471622405163,54.04536881124636,52.42760381724235,53.885589599609375,177550360,1.2651821374893188,52.7471622405163,54.04536881124636,52.42760381724235,53.885589599609375
2024-04-05,53.32636291354363,53.66389425153734,52.80707953651084,53.2464714050293,121464585,1.26401948928833,53.32636291354363,53.66389425153734,52.80707953651084,53.2464714050293
2024-04-08,53.22649701093168,54.20514510571978,53.16658219069031,53.64591979980469,162777728,1.2625305652618408,53.22649701093168,54.20514510571978,53.16658219069031,53.64591979980469
2024-04-09,53.54605582820284,53.765753662606144,52.62732635603762,52.787105560302734,131247089,1.2658709287643433,53.54605582820284,53.765753662606144,52.62732635603762,52.787105560302734
2024-04-10,53.0467414855957,53.62594343988381,52.38565569500084,53.0467414855957,148196613,1.2677645683288574,53.0467414855957,53.62594343988381,52.38565569500084,53.0467414855957
2024-04-11,51.20704466701984,51.566673382159365,50.26801709696618,50.607666015625,276328543,1.2537612915039062,51.20704466701984,51.566673382159365,50.26801709696618,50.607666015625
2024-04-12,50.98727321969208,51.666571039589336,50.92733383178711,50.92733383178711,180436946,1.2554770708084106,50.98727321969208,51.666571039589336,50.92733383178711,50.92733383178711
2024-04-15,50.90736067122289,51.69355031148695,50.8674010740778,51.107154846191406,160595956,1.2461835145950317,50.90736067122289,51.69355031148695,50.8674010740778,51.107154846191406
2024-04-16,49.96832787528497,50.32795659117311,49.368945411885896,49.648658752441406,190548937,1.2447409629821777,49.96832787528497,50.32795659117311,49.368945411885896,49.648658752441406
2024-04-17,49.61868707250362,50.78947723368295,49.56873948665647,50.36791229248047,154369436,1.2431007623672485,49.61868707250362,50.78947723368295,49.56873948665647,50.36791229248047
2024-04-18,50.66760189154678,51.2470007062828,50.567702916070736,50.94731140136719,102401053,1.2453765869140625,50.66760189154678,51.2470007062828,50.567702916070736,50.94731140136719
2024-04-19,50.64762336361908,51.02723185841306,50.14813990601091,50.86739349365234,139824478,1.2437657117843628,50.64762336361908,51.02723185841306,50.14813990601091,50.86739349365234
2024-04-22,51.36687917615059,51.85437782612216,51.04321638145764,51.0871696472168,167919394,1.2375777959823608,51.36687917615059,51.85437782612216,51.04321638145764,51.0871696472168
2024-04-23,51.32692019223496,51.63260381857462,50.82743674414987,51.28696060180664,199643448,1.2350252866744995,51.32692019223496,51.63260381857462,50.82743674414987,51.28696060180664
2024-04-24,50.20807882472666,53.165023986805394,49.55875257305989,51.72650909423828,309563793,1.2453300952911377,50.20807882472666,53.165023986805394,49.55875257305989,51.72650909423828
2024-04-25,51.36688012898052,52.1860365560294,50.8673966404727,51.14710998535156,133826433,1.2459505796432495,51.36688012898052,52.1860365560294,50.8673966404727,51.14710998535156
2024-04-26,51.06719035223864,52.54566100802474,51.02723456968182,52.2459716796875,196220536,1.2509069442749023,51.06719035223864,52.54566100802474,51.02723456968182,52.2459716796875
2024-04-29,52.62557734067756,52.87032316762507,51.66657001770433,51.8264045715332,174654445,1.2510477304458618,52.62557734067756,52.87032316762507,51.66657001770433,51.8264045715332
2024-04-30,51.826406159625165,52.56563956470204,51.426817857430414,51.84638595581055,128009937,1.2559815645217896,51.826406159625165,52.56563956470204,51.426817857430414,51.84638595581055
2024-05-01,52.04617341230374,52.086133002460365,51.926298452590096,52.14607238769531,32667879,1.2490164041519165,52.04617341230374,52.086133002460365,51.926298452590096,52.14607238769531
2024-05-02,51.94628238123568,52.6855196149323,51.64659305272602,52.00622177124024,106053192,1.2539342641830444,51.94628238123568,52.6855196149323,51.64659305272602,52.00622177124024
2024-05-03,52.32589279599088,52.86533208258876,51.68655452242545,52.1260986328125,86284744,1.2540600299835205,52.32589279599088,52.86533208258876,51.68655452242545,52.1260986328125
2024-05-07,52.92527155788618,54.1470077802804,52.86533216561153,53.66450881958008,376963776,1.2559815645217896,52.92527155788618,54.1470077802804,52.86533216561153,53.66450881958008
2024-05-08,53.78438217039668,54.323825252320425,53.50467263640212,53.88427734375,369327358,1.25014066696167,53.78438217039668,54.323825252320425,53.50467263640212,53.88427734375
2024-05-09,54.10405129803521,54.38376083202978,53.54462841928949,53.88427734375,236469110,1.2493284940719604,54.10405129803521,54.38376083202978,53.54462841928949,53.88427734375
2024-05-10,54.22392431766626,54.58355302601218,53.54462649318095,54.24390411376953,87842052,1.2525677680969238,54.22392431766626,54.58355302601218,53.54462649318095,54.24390411376953
2024-05-13,54.12402914790638,54.48365785625229,54.0441099634933,54.24390411376953,274070760,1.2522854804992676,54.12402914790638,54.48365785625229,54.0441099634933,54.24390411376953
2024-05-14,54.12402912869579,54.583553006638496,53.82433980876604,54.48365783691406,141611290,1.2561867237091064,54.12402912869579,54.583553006638496,53.82433980876604,54.48365783691406
2024-05-15,54.703428613839286,54.98314195170886,54.14400955961314,54.44369888305664,267073545,1.2585265636444092,54.703428613839286,54.98314195170886,54.14400955961314,54.44369888305664
2024-05-16,54.46368177878735,55.162959447120784,54.104053045886914,54.963165283203125,128477030,1.2690032720565796,54.46368177878735,55.162959447120784,54.104053045886914,54.963165283203125
2024-05-17,54.94318320406398,55.50260607765044,54.863264017513096,55.462646484375,207520212,1.2672007083892822,54.94318320406398,55.50260607765044,54.863264017513096,55.462646484375
2024-05-20,55.94215072764671,56.38169482577727,55.60250180294144,56.14194488525391,188240464,1.2706480026245117,55.94215072764671,56.38169482577727,55.60250180294144,56.14194488525391
2024-05-21,55.9221731501376,56.48159605148769,55.602504009582326,56.12196731567383,221100062,1.2710840702056885,55.9221731501376,56.48159605148769,55.602504009582326,56.12196731567383
2024-05-22,55.88221036899158,57.3317116413141,55.54256145017065,56.32175827026367,280264588,1.2711325883865356,55.88221036899158,57.3317116413141,55.54256145017065,56.32175827026367
2024-05-23,56.361712185890006,56.68138510839024,55.50559908433511,55.72237396240234,345190110,1.2721028327941895,56.361712185890006,56.68138510839024,55.50559908433511,55.72237396240234
2024-05-24,55.16295723813997,56.06202522363148,54.16399026931168,54.74338912963867,210793024,1.2694060802459717,55.16295723813997,56.06202522363148,54.16399026931168,54.74338912963867
2024-05-28,54.9032245484326,55.98211072075544,54.76336978033666,55.522586822509766,327523091,1.2772371768951416,54.9032245484326,55.98211072075544,54.76336978033666,55.522586822509766
2024-05-29,55.42268601634645,55.862230103169146,54.623513217234056,54.68345260620117,167372186,1.275835633277893,55.42268601634645,55.862230103169146,54.623513217234056,54.68345260620117
2024-05-30,54.16399546291715,55.653452673486605,53.62455233344289,55.48263168334961,166530625,1.2697993516921997,54.16399546291715,55.653452673486605,53.62455233344289,55.48263168334961
2024-05-31,55.60250125008248,55.90219057813516,55.10301776640917,55.462646484375,352448889,1.27304208278656,55.60250125008248,55.90219057813516,55.10301776640917,55.462646484375
2024-06-03,56.14194627698328,56.48159521010826,55.3427734375,55.3427734375,137984236,1.2743724584579468,56.14194627698328,56.48159521010826,55.3427734375,55.3427734375
2024-06-04,55.44266857547794,56.14194623858125,54.86326588552595,55.58252334594727,262438113,1.2810165882110596,55.44266857547794,56.14194623858125,54.86326588552595,55.58252334594727
2024-06-05,55.862230103169146,55.90218969581389,54.56357382826694,54.68345260620117,147742816,1.2773023843765259,55.862230103169146,55.90218969581389,54.56357382826694,54.68345260620117
2024-06-06,54.6035361419053,55.68242233253727,54.30384680364865,55.58252334594727,135516703,1.2794759273529053,54.6035361419053,55.68242233253727,54.30384680364865,55.58252334594727
2024-06-07,55.602501332552045,56.04204542696413,54.4436998011415,54.74338912963867,116265881,1.2793285846710205,55.602501332552045,56.04204542696413,54.4436998011415,54.74338912963867
2024-06-10,54.06408723021211,55.08303391926873,53.544623988099545,54.16398620605469,157631432,1.2729448080062866,54.06408723021211,55.08303391926873,53.544623988099545,54.16398620605469
2024-06-11,54.4836611887124,54.60353616190764,53.24494042983934,53.32485961914063,166452852,1.2726370096206665,54.4836611887124,54.60353616190764,53.24494042983934,53.32485961914063
2024-06-12,53.76440847221812,55.06306492690436,52.98521536155778,54.92321014404297,254086293,1.274047613143921,53.76440847221812,55.06306492690436,52.98521536155778,54.92321014404297
2024-06-13,54.52362132335245,54.74339147459415,53.66450908363865,54.00415802001953,94191527,1.27962327003479,54.52362132335245,54.74339147459415,53.66450908363865,54.00415802001953
2024-06-14,53.90425711272287,54.52361938161455,53.23694790439111,54.12403106689453,162745999,1.2755101919174194,53.90425711272287,54.52361938161455,53.23694790439111,54.12403106689453
2024-06-17,54.46367804081789,54.6634721910232,53.86429559020194,54.48365783691406,99062882,1.2683112621307373,54.46367804081789,54.6634721910232,53.86429559020194,54.48365783691406
2024-06-18,55.003124878138,55.08304025725104,54.34380680473944,54.963165283203125,102463660,1.2715997695922852,55.003124878138,55.08304025725104,54.34380680473944,54.963165283203125
2024-06-19,54.8832466956332,55.36275040784371,54.72341212489636,55.16296005249024,184600116,1.2707449197769165,54.8832466956332,55.36275040784371,54.72341212489636,55.16296005249024
2024-06-20,55.12300000365728,56.05903236787904,54.76337126976862,56.022071838378906,179094450,1.2721998691558838,55.12300000365728,56.05903236787904,54.76337126976862,56.022071838378906
2024-06-21,56.16192733666748,56.36171769296147,54.9102194904628,55.50260925292969,246172446,1.2660471200942993,56.16192733666748,56.36171769296147,54.9102194904628,55.50260925292969
2024-06-24,55.66244189398035,56.36171573827124,55.322792965000495,55.62248229980469,104466620,1.2639029026031494,55.66244189398035,56.36171573827124,55.322792965000495,55.62248229980469
2024-06-25,55.7024018462504,56.04205080065008,55.28283750827504,55.48263168334961,98819622,1.268343448638916,55.7024018462504,56.04205080065008,55.28283750827504,55.48263168334961
2024-06-26,55.52258520781593,55.8822101107084,55.32279105459354,55.74235534667969,317766913,1.268399715423584,55.52258520781593,55.8822101107084,55.32279105459354,55.74235534667969
2024-06-27,55.90219305324487,56.22186219208884,55.40270954745657,56.022071838378906,120670478,1.262179970741272,55.90219305324487,56.22186219208884,55.40270954745657,56.022071838378906
2024-06-28,56.32175779707071,56.54152793510381,54.20394511597724,54.68345260620117,201729056,1.2645741701126099,56.32175779707071,56.54152793510381,54.20394511597724,54.68345260620117
2024-07-01,55.10302185189895,56.02207351159227,54.34380857715824,55.56254577636719,129712755,1.2648621797561646,55.10302185189895,56.02207351159227,54.34380857715824,55.56254577636719
2024-07-02,55.34277510646116,55.90219420559141,54.8233117924425,54.88324737548828,194390185,1.2645741701126099,55.34277510646116,55.90219420559141,54.8233117924425,54.88324737548828
2024-07-03,55.46264833909963,55.982111636782015,55.16295900102506,55.8222770690918,323106648,1.2690355777740479,55.46264833909963,55.982111636782015,55.16295900102506,55.8222770690918
2024-07-04,56.0820034916114,57.2208251953125,55.48262485095496,57.2208251953125,154028902,1.2747784852981567,56.0820034916114,57.2208251953125,55.48262485095496,57.2208251953125
2024-07-05,58.039980863158526,58.50150541335042,56.8611995046456,58.21979522705078,302017954,1.2755752801895142,58.039980863158526,58.50150541335042,56.8611995046456,58.21979522705078
2024-07-08,58.05995836741245,59.29867906855492,56.86119725905831,58.95903015136719,156999918,1.2806508541107178,58.05995836741245,59.29867906855492,56.86119725905831,58.95903015136719
2024-07-09,58.87910882097371,59.27869711278794,57.54049299737933,57.78024673461914,176111990,1.2815583944320679,58.87910882097371,59.27869711278794,57.54049299737933,57.78024673461914
2024-07-10,58.0599616395612,58.659344132896585,57.42062336194218,58.039981842041016,85646094,1.2787723541259766,58.0599616395612,58.659344132896585,57.42062336194218,58.039981842041016
2024-07-11,58.13988317091406,59.337642166042194,57.68035924171511,59.07891082763672,101253674,1.285264492034912,58.13988317091406,59.337642166042194,57.68035924171511,59.07891082763672
2024-07-12,59.49847577434944,59.63833054435212,58.55944435731996,59.03894805908203,69605254,1.292373776435852,59.49847577434944,59.63833054435212,58.55944435731996,59.03894805908203
2024-07-15,58.439568479882695,59.39857586856072,58.15286620581554,58.7392578125,82739750,1.2966804504394531,58.439568479882695,59.39857586856072,58.15286620581554,58.7392578125
2024-07-16,58.439571380615234,59.09888946940216,58.13988203312242,58.439571380615234,76128129,1.2970000505447388,58.439571380615234,59.09888946940216,58.13988203312242,58.439571380615234
2024-07-17,58.57941785855406,59.13484320587236,58.43956310358273,58.71927261352539,73138654,1.29776930809021,58.57941785855406,59.13484320587236,58.43956310358273,58.71927261352539
2024-07-18,59.0389445560477,59.75820197139252,58.3596467328346,59.13884353637695,123711870,1.3007453680038452,59.0389445560477,59.75820197139252,58.3596467328346,59.13884353637695
2024-07-19,58.77922147427901,59.51845876926778,58.35965333097271,59.07891082763672,99192792,1.2951691150665283,58.77922147427901,59.51845876926778,58.35965333097271,59.07891082763672
2024-07-22,59.298679711602375,59.438534477121614,58.89909140089894,58.919071197509766,266395315,1.2933096885681152,59.298679711602375,59.438534477121614,58.89909140089894,58.919071197509766
2024-07-23,58.93905187981832,59.45851516723633,58.38562331872716,59.45851516723633,175542241,1.2932428121566772,58.93905187981832,59.45851516723633,58.38562331872716,59.45851516723633
2024-07-24,59.01897073426512,59.93102578410456,58.87911215667721,59.59836959838867,115546240,1.2901561260223389,59.01897073426512,59.93102578410456,58.87911215667721,59.59836959838867
2024-07-25,56.94111897703708,60.73719281335488,56.64142963930927,60.57735824584961,233616653,1.289989709854126,56.94111897703708,60.73719281335488,56.64142963930927,60.57735824584961
2024-07-26,59.758207176058896,64.60319572668864,59.47849762828847,60.59733963012695,140446548,1.2856775522232056,59.758207176058896,64.60319572668864,59.47849762828847,60.59733963012695
2024-07-29,60.8370901472768,61.65624275983563,58.87911198507504,61.03688049316406,173073957,1.2868356704711914,60.8370901472768,61.65624275983563,58.87911198507504,61.03688049316406
2024-07-30,60.75717437191416,60.8370935633619,59.63833236694336,59.63833236694336,177951229,1.286041259765625,60.75717437191416,60.8370935633619,59.63833236694336,59.63833236694336
2024-07-31,59.93801981491228,60.31762834075192,59.118867182302345,59.51845550537109,164947185,1.2836971282958984,59.93801981491228,60.31762834075192,59.118867182302345,59.51845550537109
2024-08-01,58.33007155826997,58.84962728551805,48.99805944304147,56.11196899414063,307162236,1.2853139638900757,58.33007155826997,58.84962728551805,48.99805944304147,56.11196899414063
2024-08-02,55.49250091801862,56.33178266937321,54.99292853772267,55.29267120361328,323675617,1.27289617061615,55.49250091801862,56.33178266937321,54.99292853772267,55.29267120361328
2024-08-05,53.294382157882005,64.61469041443348,52.63494676246575,54.51333999633789,347972476,1.278788685798645,53.294382157882005,64.61469041443348,52.63494676246575,54.51333999633789
2024-08-06,55.432549496939295,56.05201816606911,54.93297712893,55.112823486328125,170607703,1.2788705825805664,55.432549496939295,56.05201816606911,54.93297712893,55.112823486328125
2024-08-07,56.13195357581022,57.15108170025811,55.55244777876865,56.95125198364258,183281204,1.2684721946716309,56.13195357581022,57.15108170025811,55.55244777876865,56.95125198364258
2024-08-08,56.55159609037146,57.05116850746462,55.75128238932189,57.03118896484375,128445480,1.2680377960205078,56.55159609037146,57.05116850746462,55.75128238932189,57.03118896484375
2024-08-09,57.37089108159012,57.43084114013412,56.53161313058313,56.91128540039063,302571827,1.2747459411621094,57.37089108159012,57.43084114013412,56.53161313058313,56.91128540039063
2024-08-12,57.151082319642526,57.35091203842375,56.47166356264729,56.75142288208008,90262928,1.2750385999679565,57.151082319642526,57.35091203842375,56.47166356264729,56.75142288208008
2024-08-13,56.911283678156416,57.23100969117928,56.43169465862211,56.85133743286133,66305320,1.2771228551864624,56.911283678156416,57.23100969117928,56.43169465862211,56.85133743286133
2024-08-14,57.37088997113495,57.59070303677348,47.38943600856471,57.27097702026367,81031467,1.2866700887680054,57.37088997113495,57.59070303677348,47.38943600856471,57.27097702026367
2024-08-15,57.47080324045735,58.42998123168945,48.99805669503807,58.42998123168945,126352321,1.2828736305236816,57.47080324045735,58.42998123168945,48.99805669503807,58.42998123168945
2024-08-16,58.25013929992175,58.909574695338414,58.01034668964377,58.84962844848633,69518709,1.2859420776367188,58.25013929992175,58.909574695338414,58.01034668964377,58.84962844848633
2024-08-19,58.82964411667144,59.16935348510742,58.45096663928226,59.16935348510742,96623948,1.294716238975525,58.82964411667144,59.16935348510742,58.45096663928226,59.16935348510742
2024-08-20,59.4291281757463,59.4291281757463,58.13024078700677,58.33007049560547,58791998,1.2990386486053467,59.4291281757463,59.4291281757463,58.13024078700677,58.33007049560547
2024-08-21,59.34919882523386,59.34919882523386,58.07029097176055,58.25013732910156,98362099,1.3035430908203125,59.34919882523386,59.34919882523386,58.07029097176055,58.25013732910156
2024-08-22,58.56986333961122,58.62981339586979,58.00035114517623,58.25013732910156,140728100,1.309346079826355,58.56986333961122,58.62981339586979,58.00035114517623,58.25013732910156
2024-08-23,58.449969379669874,59.58899381416207,58.290106368011934,59.34920120239258,126472239,1.3097747564315796,58.449969379669874,59.58899381416207,58.290106368011934,59.34920120239258
2024-08-27,59.349197992757055,59.349197992757055,58.5239042392036,59.14936828613281,108241900,1.3191741704940796,59.349197992757055,59.349197992757055,58.5239042392036,59.14936828613281
2024-08-28,59.36917873971033,59.429128796346376,57.14308742566455,58.13024139404297,125480332,1.3257501125335693,59.36917873971033,59.429128796346376,57.14308742566455,58.13024139404297
2024-08-29,57.97037790250712,58.74970957507838,57.85048160167339,58.29010391235352,113812197,1.3193656206130981,57.97037790250712,58.74970957507838,57.85048160167339,58.29010391235352
2024-08-30,58.25014052497055,58.66978331893468,58.23015717178798,58.44997024536133,133560923,1.3166210651397705,58.25014052497055,58.66978331893468,58.23015717178798,58.44997024536133
2024-09-02,58.50991956812438,58.829645592149525,57.93041376743202,58.07029342651367,81091257,1.3128528594970703,58.50991956812438,58.829645592149525,57.93041376743202,58.07029342651367
2024-09-03,57.990364581450685,58.54988322506404,56.91128637773652,57.211029052734375,195841719,1.314198613166809,57.990364581450685,58.54988322506404,56.91128637773652,57.211029052734375
2024-09-04,56.37174789107764,57.61068912240718,56.3118016422848,57.01120376586914,106283233,1.3114066123962402,56.37174789107764,57.61068912240718,56.3118016422848,57.01120376586914
2024-09-05,56.77140574157231,58.37003585505504,56.65150943591981,57.530757904052734,120454423,1.3144749402999878,56.77140574157231,58.37003585505504,56.65150943591981,57.530757904052734
2024-09-06,57.47080759649518,57.61068725438948,56.27083451493788,56.37174606323242,187178475,1.317748785018921,57.47080759649518,57.61068725438948,56.27083451493788,56.37174606323242
2024-09-09,56.351767734123165,57.510775539167135,56.351767734123165,57.211029052734375,177753259,1.3133355379104614,56.351767734123165,57.510775539167135,56.351767734123165,57.211029052734375
2024-09-10,57.35090916655129,58.02033430779653,56.19190142937987,56.43169403076172,181486740,1.307138204574585,57.35090916655129,58.02033430779653,56.19190142937987,56.43169403076172
2024-09-11,57.310943357425096,57.550735962551336,56.69546906444755,57.390872955322266,233586461,1.3080273866653442,57.310943357425096,57.550735962551336,56.69546906444755,57.390872955322266
2024-09-12,58.44996827015277,58.44996827015277,57.45082351339802,57.85048294067383,205053215,1.3039510250091553,58.44996827015277,58.44996827015277,57.45082351339802,57.85048294067383
2024-09-13,57.91043066264081,58.41999663597578,57.550737931212566,57.99036407470703,70242228,1.313232183456421,57.91043066264081,58.41999663597578,57.550737931212566,57.99036407470703
2024-09-16,57.75056728063756,58.230156315663365,57.63067097473981,58.110260009765625,51960051,1.3137997388839722,57.75056728063756,58.230156315663365,57.63067097473981,58.110260009765625
2024-09-17,58.41000329327423,58.94954239262911,58.30509354808326,58.529903411865234,88268139,1.3210737705230713,58.41000329327423,58.94954239262911,58.30509354808326,58.529903411865234
2024-09-18,58.29010724540175,58.4100035530912,57.610688482770094,57.83050155639648,75864264,1.3167423009872437,58.29010724540175,58.4100035530912,57.610688482770094,57.83050155639648
2024-09-19,58.66978331893468,58.749712920230046,58.21017381860541,58.44997024536133,133526447,1.3201146125793457,58.66978331893468,58.749712920230046,58.21017381860541,58.44997024536133
2024-09-20,58.21016902149293,58.37003202234423,57.69061712730215,58.15022277832031,243847294,1.328179955482483,58.21016902149293,58.37003202234423,57.69061712730215,58.15022277832031
2024-09-23,58.37003424139668,58.46995100287389,57.710598861386,58.05030822753906,70463054,1.331398367881775,58.37003424139668,58.46995100287389,57.710598861386,58.05030822753906
2024-09-24,58.390019683365416,59.32921821768977,58.37203733366027,59.22930145263672,374555807,1.3349887132644653,58.390019683365416,59.32921821768977,58.37203733366027,59.22930145263672
2024-09-25,58.90957307313807,59.60897515481982,57.95039503556953,58.13024139404297,166563532,1.3427324295043945,58.90957307313807,59.60897515481982,57.95039503556953,58.13024139404297
2024-09-26,58.8496282010147,59.16435742996912,58.62082395828551,58.92955780029297,77995421,1.3315792083740234,58.8496282010147,59.16435742996912,58.62082395828551,58.92955780029297
2024-09-27,59.08942142630165,59.62896051993527,58.669782449987615,59.34920120239258,101433954,1.341381549835205,59.08942142630165,59.62896051993527,58.669782449987615,59.34920120239258
2024-09-30,58.82964349187783,59.36917875601158,58.60983042892,58.74971008300781,138802196,1.338329792022705,58.82964349187783,59.36917875601158,58.60983042892,58.74971008300781
2024-10-01,58.74970807865404,59.329213838886616,57.63066707269494,58.15022277832031,188839955,1.3376137018203735,58.74970807865404,59.329213838886616,57.63066707269494,58.15022277832031
2024-10-02,57.950392792749405,58.27011879289808,57.41085373821054,57.61068344116211,148415314,1.327404260635376,57.950392792749405,58.27011879289808,57.41085373821054,57.61068344116211
2024-10-03,57.590702667217286,58.05030833657152,56.85133768807086,57.390872955322266,150665222,1.326611876487732,57.590702667217286,58.05030833657152,56.85133768807086,57.390872955322266
2024-10-04,57.49078938478277,58.84962684409533,57.49078938478277,58.74971008300781,138628645,1.3130252361297607,57.49078938478277,58.84962684409533,57.49078938478277,58.74971008300781
2024-10-07,59.14936840657402,59.34919811360516,58.4899330413755,59.10940170288086,113145255,1.3125253915786743,59.14936840657402,59.34919811360516,58.4899330413755,59.10940170288086
2024-10-08,58.60983016553424,58.76969317112116,57.93041143893119,58.21017074584961,105422259,1.3084723949432373,58.60983016553424,58.76969317112116,57.93041143893119,58.21017074584961
2024-10-09,58.31009020691732,59.24928493180664,58.19019390003323,59.18933868408203,77641000,1.309483289718628,58.31009020691732,59.24928493180664,58.19019390003323,59.18933868408203
2024-10-10,59.18933426351219,59.74885286147341,59.00948791090048,59.38916015625,99900763,1.306830883026123,59.18933426351219,59.74885286147341,59.00948791090048,59.38916015625
2024-10-11,59.249284675656384,59.88873672485352,59.10940501632387,59.88873672485352,88510516,1.3062163591384888,59.249284675656384,59.88873672485352,59.10940501632387,59.88873672485352
2024-10-14,59.76883943481592,59.92870244448418,59.249283700535344,59.588993072509766,92973497,1.3049037456512451,59.76883943481592,59.92870244448418,59.249283700535344,59.588993072509766
2024-10-15,59.82878814843267,60.06858075182976,59.48907878409121,60.02861785888672,141352890,1.3067454099655151,59.82878814843267,60.06858075182976,59.48907878409121,60.02861785888672
2024-10-16,59.94868858251773,61.14766311645508,59.888738521818624,61.14766311645508,164722219,1.3065917491912842,59.94868858251773,61.14766311645508,59.888738521818624,61.14766311645508
2024-10-17,61.14765919432182,61.966957580816654,60.987796187479766,61.80709457397461,172317713,1.29902184009552,61.14765919432182,61.966957580816654,60.987796187479766,61.80709457397461
2024-10-18,61.56730097007232,62.216746608963525,61.247574941784784,62.12682342529297,180387256,1.301574945449829,61.56730097007232,62.216746608963525,61.247574941784784,62.12682342529297
2024-10-21,61.94697249757554,62.486511559879375,61.50735019390275,61.74714279174805,244248601,1.3052616119384766,61.94697249757554,62.486511559879375,61.50735019390275,61.74714279174805
2024-10-22,61.4074366177421,62.36661468170238,61.28754031260577,61.94697570800781,159162198,1.298296570777893,61.4074366177421,62.36661468170238,61.28754031260577,61.94697570800781
2024-10-23,62.94611582156552,63.41471645229836,60.76798008028548,61.56729507446289,213089101,1.2982797622680664,62.94611582156552,63.41471645229836,60.76798008028548,61.56729507446289
2024-10-24,61.84706214397648,62.56644377911472,61.647232429769,62.14680480957031,263067192,1.291372299194336,61.84706214397648,62.56644377911472,61.647232429769,62.14680480957031
2024-10-25,62.326647660506985,62.46652730914271,57.530753846842224,57.61068344116211,312290651,1.2973365783691406,62.326647660506985,62.46652730914271,57.530753846842224,57.61068344116211
2024-10-28,56.55159143444101,57.45082323574836,55.43255037948556,56.07200241088867,302863589,1.295823574066162,56.55159143444101,57.45082323574836,55.43255037948556,56.07200241088867
2024-10-29,56.23186843939753,56.3317852068183,54.22858584840666,54.49335861206055,239820524,1.2974711656570435,56.23186843939753,56.3317852068183,54.22858584840666,54.49335861206055
2024-10-30,53.71402199328611,55.0428863875353,53.12352782142464,53.61410903930664,305260035,1.3014055490493774,53.71402199328611,55.0428863875353,53.12352782142464,53.61410903930664
2024-10-31,53.034605950361744,54.3264993995815,53.034605950361744,53.35433197021485,224377667,1.2959579229354858,53.034605950361744,54.3264993995815,53.034605950361744,53.35433197021485
2024-11-01,53.154501053751694,54.91299412320497,53.154501053751694,54.37345504760742,143210419,1.2897733449935913,53.154501053751694,54.91299412320497,53.154501053751694,54.37345504760742
2024-11-04,54.2735446705889,55.612398841219616,54.15364836302888,54.77311706542969,197160827,1.2953401803970337,54.2735446705889,55.612398841219616,54.15364836302888,54.77311706542969
2024-11-05,54.353474178493336,55.0728557836079,54.08070504823881,54.813079833984375,135871229,1.2954542636871338,54.353474178493336,55.0728557836079,54.08070504823881,54.813079833984375
2024-11-06,55.11282471106582,56.091986116751166,54.39343926548688,54.713165283203125,159048486,1.3043591976165771,55.11282471106582,56.091986116751166,54.39343926548688,54.713165283203125
2024-11-07,55.07286061736122,55.35262375470444,54.2735455351698,54.49335861206055,155565870,1.2883278131484985,55.07286061736122,55.35262375470444,54.2735455351698,54.49335861206055
2024-11-08,54.41342007661125,54.63323313281271,52.64493347978446,53.03460311889648,187872236,1.2982292175292969,54.41342007661125,54.63323313281271,52.64493347978446,53.03460311889648
2024-11-11,53.6141101159325,54.81308464493711,53.47423045297837,54.49335861206055,143481639,1.2917059659957886,53.6141101159325,54.81308464493711,53.47423045297837,54.49335861206055
2024-11-12,54.01376785796873,54.63323655068611,53.81393814086914,53.81393814086914,115216990,1.2874983549118042,54.01376785796873,54.63323655068611,53.81393814086914,53.81393814086914
2024-11-13,53.89386737099378,55.07285850121205,53.85390447699598,54.55330276489258,123684486,1.2739177942276,53.89386737099378,55.07285850121205,53.85390447699598,54.55330276489258
2024-11-14,54.71316822683741,54.9929313659668,54.19361627867208,54.9929313659668,105138172,1.27068030834198,54.71316822683741,54.9929313659668,54.19361627867208,54.9929313659668
2024-11-15,54.75313057535004,56.43169403076172,54.75313057535004,56.43169403076172,163161083,1.266784906387329,54.75313057535004,56.43169403076172,54.75313057535004,56.43169403076172
2024-11-18,56.95125435639568,57.03518215481261,55.71231311090936,56.1919059753418,102346631,1.261765956878662,56.95125435639568,57.03518215481261,55.71231311090936,56.1919059753418
2024-11-19,56.15193443178989,56.41171038383463,54.83306369678039,55.27268600463867,140555210,1.2679253816604614,56.15193443178989,56.41171038383463,54.83306369678039,55.27268600463867
2024-11-20,55.45253396539928,55.69233038390257,55.19275800583591,55.37260055541992,128349164,1.2694543600082397,55.45253396539928,55.69233038390257,55.19275800583591,55.37260055541992
2024-11-21,55.41256849738805,55.47251855621084,54.59327008398426,54.97294616699219,75605300,1.2655344009399414,55.41256849738805,55.47251855621084,54.59327008398426,54.97294616699219
2024-11-22,55.35262024914432,55.37259978992819,53.81393643122601,54.37345504760742,156356317,1.2584789991378784,55.35262024914432,55.37259978992819,53.81393643122601,54.37345504760742
2024-11-25,54.45338392471493,55.05286919564262,53.77396525156521,54.61324691772461,352150566,1.2593823671340942,54.45338392471493,55.05286919564262,53.77396525156521,54.61324691772461
2024-11-26,54.43340432358195,54.51333773130987,53.194466995276414,53.37430953979492,119880964,1.2533055543899536,54.43340432358195,54.51333773130987,53.194466995276414,53.37430953979492
2024-11-27,53.27439732368923,53.43426032990732,52.85475836165475,53.13451766967773,100322878,1.2573871612548828,53.27439732368923,53.43426032990732,52.85475836165475,53.13451766967773
2024-11-28,53.45424726730937,53.71402324054902,52.81479519954872,53.21445083618164,65853223,1.2677645683288574,53.45424726730937,53.71402324054902,52.81479519954872,53.21445083618164
2024-11-29,53.11453468490861,53.514194108935975,52.88473185009504,53.01462173461914,112998910,1.2696800231933594,53.11453468490861,53.514194108935975,52.88473185009504,53.01462173461914
2024-12-02,52.954672411967664,53.35433184153756,52.49506673596663,52.77482604980469,111970703,1.270163893699646,52.954672411967664,53.35433184153756,52.49506673596663,52.77482604980469
2024-12-03,53.074568345770814,53.47422777255084,52.81479238636813,52.89472198486328,114764926,1.265854835510254,53.074568345770814,53.47422777255084,52.81479238636813,52.89472198486328
2024-12-04,52.9746571202232,53.514196220519054,52.69489779922604,52.95467376708984,123358921,1.2674272060394287,52.9746571202232,53.514196220519054,52.69489779922604,52.95467376708984
2024-12-05,52.77482726700054,53.65407574547238,52.75484391391767,53.61410903930664,212730770,1.2701154947280884,52.77482726700054,53.65407574547238,52.75484391391767,53.61410903930664
2024-12-06,53.654071772859695,53.79395142264804,52.95466971248337,53.03460311889648,104208608,1.2759333848953247,53.654071772859695,53.79395142264804,52.95466971248337,53.03460311889648
2024-12-09,53.374312004728296,53.53417882756711,53.15450274619459,53.1944694519043,77299528,1.2749296426773071,53.374312004728296,53.53417882756711,53.15450274619459,53.1944694519043
2024-12-10,52.97465539479319,53.28439164111945,52.73485897643823,52.89472198486328,111467937,1.2749085426330566,52.97465539479319,53.28439164111945,52.73485897643823,52.89472198486328
2024-12-11,52.61496257298404,55.496494914229146,52.4950662697518,54.17362976074219,490155283,1.2780042886734009,52.61496257298404,55.496494914229146,52.4950662697518,54.17362976074219
2024-12-12,54.53331821909259,55.65235918846765,54.43140427302252,54.95295715332031,100438646,1.2766337394714355,54.53331821909259,55.65235918846765,54.43140427302252,54.95295715332031
2024-12-13,55.052878458150325,55.57243422570432,54.93098495411816,55.3326416015625,118032599,1.2677323818206787,55.052878458150325,55.57243422570432,54.93098495411816,55.3326416015625
2024-12-16,55.35262495548016,56.07200663934066,55.1128285199033,55.3326416015625,89541373,1.2627378702163696,55.35262495548016,56.07200663934066,55.1128285199033,55.3326416015625
2024-12-17,54.952961448903885,55.55244677649984,53.75398698227721,54.17362976074219,222377220,1.2690355777740479,54.952961448903885,55.55244677649984,53.75398698227721,54.17362976074219
2024-12-18,54.29352802375472,55.37260241466469,53.99378534913722,54.77311706542969,141994525,1.2710840702056885,54.29352802375472,55.37260241466469,53.99378534913722,54.77311706542969
2024-12-19,53.79395344271813,54.27354246490252,53.67405714003072,54.25355911254883,152444095,1.2567708492279053,53.79395344271813,54.27354246490252,53.67405714003072,54.25355911254883
2024-12-20,53.81393899543142,54.273544684054606,53.31436660046669,54.15364837646485,349339807,1.2497968673706055,53.81393899543142,54.273544684054606,53.31436660046669,54.15364837646485
2024-12-23,54.03374898914391,54.453387947507615,53.67405627544091,53.913848876953125,193151547,1.256991982460022,54.03374898914391,54.453387947507615,53.67405627544091,53.913848876953125
2024-12-24,54.53332248187367,54.53332248187367,54.13366305585319,54.17362976074219,70289585,1.2534469366073608,54.53332248187367,54.53332248187367,54.13366305585319,54.17362976074219
2024-12-27,54.09369402407883,54.413420026568026,53.97079812697727,54.313507080078125,63634119,1.2529758214950562,54.09369402407883,54.413420026568026,53.97079812697727,54.313507080078125
2024-12-30,54.03374949419569,54.63323481501426,53.93283413720706,54.37345504760742,43336037,1.257880687713623,54.03374949419569,54.63323481501426,53.93283413720706,54.37345504760742
2024-12-31,54.67320042346113,55.0129097814977,54.35347441724256,54.73314666748047,32226362,1.254909873008728,54.67320042346113,55.0129097814977,54.35347441724256,54.73314666748047
2025-01-02,54.5333256672017,55.232723986437726,54.053732803389885,54.9929313659668,42442125,1.2519248723983765,54.5333256672017,55.232723986437726,54.053732803389885,54.9929313659668
2025-01-03,54.793096083811925,55.11282208630112,54.11367737566373,54.313507080078125,131283503,1.2380222082138062,54.793096083811925,55.11282208630112,54.11367737566373,54.313507080078125
2025-01-06,54.35347710315632,55.712310791015625,54.1936140921473,55.712310791015625,185826184,1.2426837682724,54.35347710315632,55.712310791015625,54.1936140921473,55.712310791015625
2025-01-07,55.51248427060264,55.8721731828105,54.85304888106937,55.29267120361328,169652241,1.2510946989059448,55.51248427060264,55.8721731828105,54.85304888106937,55.29267120361328
2025-01-08,55.47251831335653,55.69233138330956,52.83477671965946,53.81393814086914,171903554,1.247785210609436,55.47251831335653,55.69233138330956,52.83477671965946,53.81393814086914
2025-01-09,53.33434898541748,53.99378438234229,52.81479324671386,53.85390472412109,101445847,1.2359870672225952,53.33434898541748,53.99378438234229,52.81479324671386,53.85390472412109
2025-01-10,53.73399810151535,54.09369078564055,52.390151137935945,52.83477020263672,195490326,1.2299367189407349,53.73399810151535,54.09369078564055,52.390151137935945,52.83477020263672
2025-01-13,53.41427697770072,53.59412333612541,52.674912003230055,53.13451766967773,155457937,1.2204945087432861,53.41427697770072,53.59412333612541,52.674912003230055,53.13451766967773
2025-01-14,53.614105344769065,54.01376475601624,53.15449968983905,53.57413864135742,175172666,1.2233314514160156,53.614105344769065,54.01376475601624,53.15449968983905,53.57413864135742
2025-01-15,54.65321941650421,57.1111146240519,54.65321941650421,57.07114791870117,209760980,1.221344232559204,54.65321941650421,57.1111146240519,54.65321941650421,57.07114791870117
2025-01-16,57.81051821416499,57.930414521877154,56.6714937623122,57.211029052734375,103256947,1.2243348360061646,57.81051821416499,57.930414521877154,56.6714937623122,57.211029052734375
2025-01-17,57.99036065229002,58.86960526451883,57.45182018286629,58.489933013916016,180340227,1.2236906290054321,57.99036065229002,58.86960526451883,57.45182018286629,58.489933013916016
2025-01-20,58.39001969195768,58.949542142032506,58.250140032297686,58.60983276367188,108078956,1.2171002626419067,58.39001969195768,58.949542142032506,58.250140032297686,58.60983276367188
2025-01-21,60.94783020019531,61.78711194885212,60.48822452654474,60.94783020019531,271182833,1.233136773109436,60.94783020019531,61.78711194885212,60.48822452654474,60.94783020019531
2025-01-22,61.44740234266924,62.00692477676778,60.668070654567686,61.64723205566406,211020378,1.2335399389266968,61.44740234266924,62.00692477676778,60.668070654567686,61.64723205566406
2025-01-23,60.98779788501839,62.486515045166016,60.98779788501839,62.486515045166016,213818158,1.231420874595642,60.98779788501839,62.486515045166016,60.98779788501839,62.486515045166016
2025-01-24,62.36661331469911,62.36661331469911,61.2675556169307,61.767127990722656,100919100,1.2353914976119995,62.36661331469911,62.36661331469911,61.2675556169307,61.767127990722656
2025-01-27,60.96781073834857,61.80709244826286,60.30837538137553,61.2475700378418,162717101,1.2459352016448975,60.96781073834857,61.80709244826286,60.30837538137553,61.2475700378418
2025-01-28,61.26755634872731,61.747145375923765,61.12767669222436,61.52733612060547,169466479,1.2460592985153198,61.26755634872731,61.747145375923765,61.12767669222436,61.52733612060547
2025-01-29,61.827077819923005,62.58642614825805,61.58728140435499,62.466529846191406,138268536,1.2441680431365967,61.827077819923005,62.58642614825805,61.58728140435499,62.466529846191406
2025-01-30,62.16678963680885,62.50649901558947,61.88702650570813,62.28668594360352,89430194,1.245530128479004,62.16678963680885,62.50649901558947,61.88702650570813,62.28668594360352
2025-01-31,62.246719237527,62.54646191023111,62.00692662393767,62.28668594360352,122019963,1.2423903942108154,62.246719237527,62.54646191023111,62.00692662393767,62.28668594360352
2025-02-03,61.06772564708392,61.64723142772255,60.24842726244186,61.22758865356445,113008056,1.2291958332061768,61.06772564708392,61.64723142772255,60.24842726244186,61.22758865356445
2025-02-04,61.46738606291787,61.66721577710842,60.82393583156951,61.52733612060547,76487003,1.2431780099868774,61.46738606291787,61.66721577710842,60.82393583156951,61.52733612060547
2025-02-05,61.14766259841934,61.92699432373047,61.00778293607477,61.92699432373047,75820898,1.2478163242340088,61.14766259841934,61.92699432373047,61.00778293607477,61.92699432373047
2025-02-06,62.54646262627557,63.305814804683045,62.32665336320808,63.285831451416016,167947965,1.2504063844680786,62.54646262627557,63.305814804683045,62.32665336320808,63.285831451416016
2025-02-07,63.30581146072837,63.52562452361977,62.36661296396311,62.50649642944336,124271192,1.2437502145767212,63.30581146072837,63.52562452361977,62.36661296396311,62.50649642944336
2025-02-10,62.48651614562194,63.34578127573543,62.47552396736372,62.74629211425781,107969780,1.2391574382781982,62.48651614562194,63.34578127573543,62.47552396736372,62.74629211425781
2025-02-11,62.7862588206433,63.12596820205014,62.326653131514895,62.74629211425781,94599581,1.2360633611679077,62.7862588206433,63.12596820205014,62.326653131514895,62.74629211425781
2025-02-12,62.90615365200932,63.84535217285156,62.80624069982538,63.84535217285156,204042858,1.245159387588501,62.90615365200932,63.84535217285156,62.80624069982538,63.84535217285156
2025-02-13,63.86533832840226,64.16508483886719,63.086006548637954,64.16508483886719,111306322,1.2450664043426514,63.86533832840226,64.16508483886719,63.086006548637954,64.16508483886719
2025-02-14,64.24501271669372,64.36490521224223,63.42571048657508,64.10513305664062,170368157,1.2563445568084717,64.24501271669372,64.36490521224223,63.42571048657508,64.10513305664062
2025-02-17,64.32493461761159,64.76456073569975,61.24757084816772,62.86618423461914,141336733,1.2584155797958374,64.32493461761159,64.76456073569975,61.24757084816772,62.86618423461914
2025-02-18,63.08599816881603,63.625537242262745,62.68634256034175,63.20589447021485,114328877,1.262148141860962,63.08599816881603,63.625537242262745,62.68634256034175,63.20589447021485
2025-02-19,63.12596424291343,63.30581059893362,62.36661211495385,62.7862548828125,101806411,1.2625784873962402,63.12596424291343,63.30581059893362,62.36661211495385,62.7862548828125
2025-02-20,64.04517951724937,67.54218628240352,63.76142581192252,65.84364318847656,666438787,1.2584155797958374,64.04517951724937,67.54218628240352,63.76142581192252,65.84364318847656
2025-02-21,65.84364110696445,67.24244529337975,65.32408156375928,67.14252471923828,283408993,1.2670401334762573,65.84364110696445,67.24244529337975,65.32408156375928,67.14252471923828
2025-02-24,67.08258191303167,67.58215431787872,66.52306325892135,67.2624282836914,177521351,1.2649900913238525,67.08258191303167,67.58215431787872,66.52306325892135,67.2624282836914
2025-02-25,67.34235959443727,69.17079636855284,66.82280004081822,68.56131744384766,227974016,1.261781930923462,67.34235959443727,69.17079636855284,66.82280004081822,68.56131744384766
2025-02-26,70.04004729887161,71.93842389854606,69.54047491068727,71.6986312866211,301841650,1.2674431800842285,70.04004729887161,71.93842389854606,69.54047491068727,71.6986312866211
2025-02-27,70.7194699373578,71.81852772717653,70.7194699373578,71.6586685180664,155728220,1.2682307958602905,70.7194699373578,71.81852772717653,70.7194699373578,71.6586685180664
2025-02-28,71.71861650932581,72.91959210168568,71.07117564355394,72.91759490966797,338012901,1.259890079498291,71.71861650932581,72.91959210168568,71.07117564355394,72.91759490966797
2025-03-03,72.93756109105621,73.25728708133512,71.67863666932783,72.27812194824219,244900531,1.260398268699646,72.93756109105621,73.25728708133512,71.67863666932783,72.27812194824219
2025-03-04,72.01835643973901,72.89760108808393,70.93927826481371,71.35891723632812,134878965,1.270147681236267,72.01835643973901,72.89760108808393,70.93927826481371,71.35891723632812
2025-03-05,72.97752750017688,74.07658511092589,72.3980217629727,73.01749420166016,295216104,1.2794268131256104,72.97752750017688,74.07658511092589,72.3980217629727,73.01749420166016
2025-03-06,74.25643833263096,74.39631798934144,72.26614520081498,72.67778778076172,257764007,1.2891913652420044,74.25643833263096,74.39631798934144,72.26614520081498,72.67778778076172
2025-03-07,71.89845594657946,72.84764804139984,70.85934448242188,70.85934448242188,188578570,1.2885303497314453,71.89845594657946,72.84764804139984,70.85934448242188,70.85934448242188
2025-03-10,71.11912385754377,71.55874998839273,69.00093423593545,69.12083435058594,349889268,1.2932428121566772,71.11912385754377,71.55874998839273,69.00093423593545,69.12083435058594
2025-03-11,68.32151772074907,68.56131795784935,67.00264690817664,67.16251373291016,196281942,1.2875481843948364,68.32151772074907,68.56131795784935,67.00264690817664,67.16251373291016
2025-03-12,67.40230523206445,68.34150375466172,67.22245886864943,68.14167022705078,206727078,1.294481635093689,67.40230523206445,68.34150375466172,67.22245886864943,68.14167022705078
2025-03-13,68.18164037642211,69.38061873403906,67.96182729638217,68.2615737915039,112868480,1.2964283227920532,68.18164037642211,69.38061873403906,67.96182729638217,68.2615737915039
2025-03-14,68.12168658542906,69.7602832988621,67.74201434012551,69.50050354003906,102579078,1.2958402633666992,68.12168658542906,69.7602832988621,67.74201434012551,69.50050354003906
2025-03-17,69.68035101630599,70.13995667525434,69.48052512036995,69.76028442382812,81117818,1.2930588722229004,69.68035101630599,70.13995667525434,69.48052512036995,69.76028442382812
2025-03-18,69.86019824854517,70.75943003728139,69.68035189079794,70.0999984741211,355043864,1.2985326051712036,69.86019824854517,70.75943003728139,69.68035189079794,70.0999984741211
2025-03-19,69.88018603337478,70.93927702570797,69.84021932875682,70.51963806152344,123062339,1.3000519275665283,69.88018603337478,70.93927702570797,69.84021932875682,70.51963806152344
2025-03-20,71.35890544585479,71.55873893941713,69.84020900912266,71.47880554199219,153445921,1.3010668754577637,71.35890544585479,71.55873893941713,69.84020900912266,71.47880554199219
2025-03-21,70.93927702570797,71.21903633516432,69.94013227886701,70.51963806152344,267646157,1.2967981100082397,70.93927702570797,71.21903633516432,69.94013227886701,70.51963806152344
2025-03-24,71.15909412514473,72.3380852981931,70.99922729760671,72.2981185913086,100425696,1.2924572229385376,71.15909412514473,72.3380852981931,70.99922729760671,72.2981185913086
2025-03-25,72.51792664033674,73.55703807868649,72.4379932321092,73.3172378540039,154240079,1.2924238443374634,72.51792664033674,73.55703807868649,72.4379932321092,73.3172378540039
2025-03-26,73.59700293160554,73.99665471695195,72.9175842244998,73.29725646972656,170809473,1.2943308353424072,73.59700293160554,73.99665471695195,72.9175842244998,73.29725646972656
2025-03-27,72.59786381794932,73.93671417236328,72.13825050821194,73.93671417236328,145705643,1.2877637147903442,72.59786381794932,73.93671417236328,72.13825050821194,73.93671417236328
2025-03-28,73.37719357279785,74.2164715117524,73.09743425981299,73.33722686767578,122117702,1.295202612876892,73.37719357279785,74.2164715117524,73.09743425981299,73.33722686767578
2025-03-31,72.67778790271679,72.85763426491341,71.2190374639528,72.01835632324219,138963541,1.2938284873962402,72.67778790271679,72.85763426491341,71.2190374639528,72.01835632324219
2025-04-01,72.597864332569,73.33722934513018,71.88247324559528,72.53791046142578,115463759,1.292089819908142,72.597864332569,73.33722934513018,71.88247324559528,72.53791046142578
2025-04-02,72.27813301879479,72.83765930463497,71.71861435582467,72.39803314208984,84774862,1.292306900024414,72.27813301879479,72.83765930463497,71.71861435582467,72.39803314208984
2025-04-03,70.67949998026332,71.35891873920657,69.40059587469243,69.64038848876953,167018827,1.3046314716339111,70.67949998026332,71.35891873920657,69.40059587469243,69.64038848876953
2025-04-04,68.56131111027476,68.84806057362495,63.66550062339252,64.94440460205078,325638829,1.308866262435913,68.56131111027476,68.84806057362495,63.66550062339252,64.94440460205078
2025-04-07,61.16764718188953,67.22246235987127,60.72802102118298,63.96524810791016,334145339,1.2910722494125366,61.16764718188953,67.22246235987127,60.72802102118298,63.96524810791016
2025-04-08,65.08429160794637,67.42229440189084,64.86447853247033,66.2632827758789,193350831,1.2734960317611694,65.08429160794637,67.42229440189084,64.86447853247033,66.2632827758789
2025-04-09,64.70461765498469,65.73673133963128,63.48365880857977,64.34492492675781,180728014,1.2790995836257935,64.70461765498469,65.73673133963128,63.48365880857977,64.34492492675781
2025-04-10,69.20345608079157,69.20345608079157,65.96516814340042,66.30498504638672,191915978,1.2825446128845215,69.20345608079157,69.20345608079157,65.96516814340042,66.30498504638672
2025-04-11,66.82470765145976,67.44438312117597,65.74527591403174,66.72476196289062,398027737,1.2992074489593506,66.82470765145976,67.44438312117597,65.74527591403174,66.72476196289062
2025-04-14,67.924132960523,68.96358501197962,67.50435644706016,68.70372009277344,86826609,1.3085237741470337,67.924132960523,68.96358501197962,67.50435644706016,68.70372009277344
2025-04-15,68.72371008965159,70.92254586294848,68.72371008965159,70.76263427734375,115490880,1.3174536228179932,68.72371008965159,70.92254586294848,68.72371008965159,70.76263427734375
2025-04-16,70.32286116090661,71.0624684176123,69.98303666434408,70.74263763427734,106517222,1.323101282119751,70.32286116090661,71.0624684176123,69.98303666434408,70.74263763427734
2025-04-17,70.92255196804129,71.06247747700326,66.90467676359226,70.28289031982422,84202176,1.3233989477157593,70.92255196804129,71.06247747700326,66.90467676359226,70.28289031982422
2025-04-22,70.28289335055705,71.36232528798365,70.02302841183538,71.24238586425781,197232243,1.3379716873168945,70.28289335055705,71.36232528798365,70.02302841183538,71.24238586425781
2025-04-23,71.96200200538748,73.50119018554688,71.96200200538748,73.50119018554688,152942297,1.327316164970398,71.96200200538748,73.50119018554688,71.96200200538748,73.50119018554688
2025-04-24,73.30128444321883,73.34126424460239,72.26184010871627,72.62165069580078,120151468,1.326453447341919,73.30128444321883,73.34126424460239,72.26184010871627,72.62165069580078
2025-04-25,72.72160036157186,73.20134275366253,72.40176955838879,72.96147155761719,86609543,1.3326226472854614,72.72160036157186,73.20134275366253,72.40176955838879,72.96147155761719
2025-04-28,73.04143179418409,73.5611539943223,72.86152648925781,72.86152648925781,77187035,1.3290096521377563,73.04143179418409,73.5611539943223,72.86152648925781,72.86152648925781
2025-04-29,73.40124523282651,74.00092706390245,73.10140050460444,73.1413803100586,109899014,1.3436164855957031,73.40124523282651,74.00092706390245,73.10140050460444,73.1413803100586
2025-04-30,73.44121675374461,73.4811889293215,70.30286719524457,73.24131774902344,467866561,1.3410794734954834,73.44121675374461,73.4811889293215,70.30286719524457,73.24131774902344
2025-05-01,71.96200060829827,72.8215473367046,71.06247407562094,71.3023452758789,77820492,1.3323917388916016,71.96200060829827,72.8215473367046,71.06247407562094,71.3023452758789
2025-05-02,71.4022941726776,72.08193555241432,69.66320710885961,70.5427474975586,191448540,1.3286387920379639,71.4022941726776,72.08193555241432,69.66320710885961,70.5427474975586
2025-05-06,70.94254508327204,71.64217262215934,70.5427546501786,71.58220672607422,88777942,1.3292568922042847,70.94254508327204,71.64217262215934,70.5427546501786,71.58220672607422
2025-05-07,71.72213894438778,72.56169206960362,70.76264639041153,72.2018814086914,137274246,1.335594892501831,71.72213894438778,72.56169206960362,70.76264639041153,72.2018814086914
2025-05-08,72.64163385250461,73.0814040246102,72.12191170622566,72.60165405273438,168990983,1.3294159173965454,72.64163385250461,73.0814040246102,72.12191170622566,72.60165405273438
2025-05-09,72.82154897597334,72.98146057128906,72.4617383548028,72.98146057128906,74741640,1.323539137840271,72.82154897597334,72.98146057128906,72.4617383548028,72.98146057128906
2025-05-12,73.90097607995403,74.23779619448241,72.5216995791754,73.00144958496094,96104258,1.3289036750793457,73.90097607995403,74.23779619448241,72.5216995791754,73.00144958496094
2025-05-13,71.66215218100335,73.76104985710516,71.66215218100335,73.36125946044922,81960193,1.3177834749221802,71.66215218100335,73.76104985710516,71.66215218100335,73.36125946044922
2025-05-14,73.48119529251929,74.90045166015625,73.40124330907462,74.90045166015625,121072846,1.3304418325424194,73.48119529251929,74.90045166015625,73.40124330907462,74.90045166015625
2025-05-15,74.64058622375177,75.00039683553194,74.27077875459771,74.74053192138672,132893628,1.3263479471206665,74.64058622375177,75.00039683553194,74.27077875459771,74.74053192138672
2025-05-16,74.76053491049912,75.04038594874088,74.48067624688846,74.9604263305664,104857710,1.3306896686553955,74.76053491049912,75.04038594874088,74.48067624688846,74.9604263305664
2025-05-19,74.56062156229636,75.79996490478516,74.50065567285306,75.79996490478516,98566048,1.3305498361587524,74.56062156229636,75.79996490478516,74.50065567285306,75.79996490478516
2025-05-20,76.29969966764605,77.97881317138672,75.95988279950876,77.97881317138672,243945017,1.3360053300857544,76.29969966764605,77.97881317138672,75.95988279950876,77.97881317138672
2025-05-21,78.03879610403136,78.6584640266882,77.91885668737123,77.93885040283203,181142677,1.3397821187973022,78.03879610403136,78.6584640266882,77.91885668737123,77.93885040283203
2025-05-22,77.81890785096421,78.55851516048348,77.27919193579028,78.43858337402344,173830624,1.3419036865234375,77.81890785096421,78.55851516048348,77.27919193579028,78.43858337402344
2025-05-23,78.3386326873562,78.9383221413059,75.7999722418384,77.7789306640625,265113370,1.3419216871261597,78.3386326873562,78.9383221413059,75.7999722418384,77.7789306640625
2025-05-27,78.37860985542551,79.1482077369277,78.13873865713751,78.43858337402344,103375583,1.3565207719802856,78.37860985542551,79.1482077369277,78.13873865713751,78.43858337402344
2025-05-28,78.45857205062724,78.69844325682543,76.5795669555664,76.5795669555664,116810465,1.3513330221176147,78.45857205062724,78.69844325682543,76.5795669555664,76.5795669555664
2025-05-29,77.23920325205872,77.57902773381944,76.29969703083631,77.17923736572266,198915839,1.3431472778320312,77.23920325205872,77.57902773381944,76.29969703083631,77.17923736572266
2025-05-30,77.17924969699651,77.81891133800615,77.01933047405997,77.15925598144531,241372205,1.3498992919921875,77.17924969699651,77.81891133800615,77.01933047405997,77.15925598144531
2025-06-02,76.85941512865614,77.91885324016127,76.85941512865614,77.75894165039062,102317832,1.346728801727295,76.85941512865614,77.91885324016127,76.85941512865614,77.75894165039062
2025-06-03,77.87887671627036,78.07877574361233,76.39966204078083,76.99934387207031,118194151,1.3556748628616333,77.87887671627036,78.07877574361233,76.39966204078083,76.99934387207031
2025-06-04,77.09928327895723,77.35914818060327,76.27971639718209,76.53958129882812,107346909,1.353143334388733,77.09928327895723,77.35914818060327,76.27971639718209,76.53958129882812
2025-06-05,76.17977008363223,76.6395263671875,75.69003085500972,76.6395263671875,121681757,1.3552155494689941,76.17977008363223,76.6395263671875,75.69003085500972,76.6395263671875
2025-06-06,76.61955247451628,77.23922043885231,76.31970772538234,76.87940979003906,80805117,1.3579576015472412,76.61955247451628,77.23922043885231,76.31970772538234,76.87940979003906
2025-06-09,76.99934272568038,77.13926823005241,76.31770344713438,76.93937683105469,78074284,1.3538211584091187,76.99934272568038,77.13926823005241,76.31770344713438,76.93937683105469
2025-06-10,76.77945818338729,76.91938368880143,75.46015511421963,75.64006042480469,103482213,1.3556748628616333,76.77945818338729,76.91938368880143,75.46015511421963,75.64006042480469
2025-06-11,76.01985168457031,76.83941856838342,75.68003480303766,76.01985168457031,137687116,1.3508219718933105,76.01985168457031,76.83941856838342,75.68003480303766,76.01985168457031
2025-06-12,75.44017544856108,77.0793094733113,75.42018173158894,76.77946472167969,132619247,1.3567416667938232,75.44017544856108,77.0793094733113,75.42018173158894,76.77946472167969
2025-06-13,75.77998382584465,76.49960504820132,75.30023380248424,76.45962524414062,85908285,1.3627691268920898,75.77998382584465,76.49960504820132,75.30023380248424,76.45962524414062
2025-06-16,76.6795153356247,77.61902172867053,76.49961001834716,77.1192855834961,103355633,1.3557006120681763,76.6795153356247,77.61902172867053,76.49961001834716,77.1192855834961
2025-06-17,77.1392699722879,77.27919547982023,75.65605196707705,75.70002746582031,109818169,1.3565576076507568,77.1392699722879,77.27919547982023,75.65605196707705,75.70002746582031
2025-06-18,76.01985440016747,76.95936072445384,75.87992889978881,76.5595703125,71508436,1.3430029153823853,76.01985440016747,76.95936072445384,75.87992889978881,76.5595703125
2025-06-19,76.51959454431052,76.6195478715963,75.44017028808594,75.44017028808594,41980242,1.3416515588760376,76.51959454431052,76.6195478715963,75.44017028808594,75.44017028808594
2025-06-20,75.66004421453911,76.51959093616209,75.44016673083587,75.5201187133789,202054195,1.3476725816726685,75.66004421453911,76.51959093616209,75.44016673083587,75.5201187133789
2025-06-23,75.08035581249455,75.85994292300734,74.7005514891601,74.8404769897461,81415546,1.3435983657836914,75.08035581249455,75.85994292300734,74.7005514891601,74.8404769897461
2025-06-24,76.17977476061131,76.87940227302494,75.74000453831245,76.61954498291016,100002889,1.3545364141464233,76.17977476061131,76.87940227302494,75.74000453831245,76.61954498291016
2025-06-25,76.39966545008782,76.57957077003971,75.440172952134,75.9798812866211,63065900,1.361488938331604,76.39966545008782,76.57957077003971,75.440172952134,75.9798812866211
2025-06-26,75.91990787059214,76.43963768804048,75.58009098064866,75.72001647949219,86863304,1.369187831878662,75.91990787059214,76.43963768804048,75.58009098064866,75.72001647949219
2025-06-27,75.9998712173333,76.95936366749423,75.83995199628905,76.5795669555664,98600772,1.37247633934021,75.9998712173333,76.95936366749423,75.83995199628905,76.5795669555664
2025-06-30,76.85942204717101,77.09929326610296,75.91991563708204,76.6595230102539,86783208,1.3719680309295654,76.85942204717101,77.09929326610296,75.91991563708204,76.6595230102539
2025-07-01,76.7994445615529,77.25920851006008,75.93990543594046,76.3197021484375,103026972,1.3730605840682983,76.7994445615529,77.25920851006008,75.93990543594046,76.3197021484375
2025-07-02,76.93937716592208,77.55904508073287,72.81255081610102,73.50119018554688,270311976,1.374721646308899,76.93937716592208,77.55904508073287,72.81255081610102,73.50119018554688
2025-07-03,73.50118918825814,75.93990388546922,73.50118918825814,75.83995056152344,113286062,1.3650014400482178,73.50118918825814,75.93990388546922,73.50118918825814,75.83995056152344
2025-07-04,75.5600921253387,76.01984839388179,74.98039645507544,75.32022094726562,65462622,1.366829752922058,75.5600921253387,76.01984839388179,74.98039645507544,75.32022094726562
2025-07-07,75.46015511421963,75.79997202012021,75.12033820831907,75.64006042480469,152870985,1.3651504516601562,75.46015511421963,75.79997202012021,75.12033820831907,75.64006042480469
2025-07-08,75.40018630387847,76.01985419664851,75.28024689300305,75.62007141113281,82252537,1.3623607158660889,75.40018630387847,76.01985419664851,75.28024689300305,75.62007141113281
2025-07-09,76.01985482477049,76.31969954175261,75.26026142572017,75.5201187133789,184166593,1.3585295677185059,76.01985482477049,76.31969954175261,75.26026142572017,75.5201187133789
2025-07-10,76.07982227242884,76.93936892546236,75.99986267089844,75.99986267089844,178289236,1.3593051433563232,76.07982227242884,76.93936892546236,75.99986267089844,75.99986267089844
2025-07-11,75.83995182529112,76.1597826412903,75.0203848827077,75.64006042480469,60673496,1.3579576015472412,75.83995182529112,76.1597826412903,75.0203848827077,75.64006042480469
2025-07-14,74.78051160043105,76.49960504820132,74.78051160043105,76.45962524414062,64842231,1.3493820428848267,74.78051160043105,76.49960504820132,74.78051160043105,76.45962524414062
2025-07-15,76.71949026515978,77.07930087684139,75.7999700212135,76.19976043701172,81239796,1.3428045511245728,76.71949026515978,77.07930087684139,75.7999700212135,76.19976043701172
2025-07-16,75.99986956163852,77.31917260503917,75.99986956163852,76.35968017578125,75069499,1.3393335342407227,75.99986956163852,77.31917260503917,75.99986956163852,76.35968017578125
2025-07-17,77.71896693354371,78.91833062411303,77.55904770793799,78.15872955322266,105260269,1.3411099910736084,77.71896693354371,78.91833062411303,77.55904770793799,78.15872955322266
2025-07-18,78.3186436526397,78.47855524241034,77.1792459335653,77.75894165039062,150515034,1.3432555198669434,78.3186436526397,78.47855524241034,77.1792459335653,77.75894165039062
2025-07-21,77.44310324339446,78.77839660644531,77.11927675949455,78.77839660644531,170174629,1.341597557067871,77.44310324339446,78.77839660644531,77.11927675949455,78.77839660644531
2025-07-22,78.15872380666285,78.47855460899058,77.2991770956506,77.85888671875,75529349,1.348945140838623,78.15872380666285,78.47855460899058,77.2991770956506,77.85888671875
2025-07-23,78.15872391009334,78.25867723156438,77.21922521628176,77.5990219116211,134766315,1.352155327796936,78.15872391009334,78.25867723156438,77.21922521628176,77.5990219116211
2025-07-24,77.9588376377072,79.25815464848299,75.97987917328027,77.99881744384766,140580670,1.3579576015472412,77.9588376377072,79.25815464848299,75.97987917328027,77.99881744384766
2025-07-25,78.23868238121226,79.95777578055298,77.03931879465105,78.99828338623047,280158764,1.3510043621063232,78.23868238121226,79.95777578055298,77.03931879465105,78.99828338623047
2025-07-28,79.65793616686268,79.77787558333829,77.9588363729834,78.1987075805664,112590183,1.344085931777954,79.65793616686268,79.77787558333829,77.9588363729834,78.1987075805664
2025-07-29,78.15872618281838,79.51800904037766,77.95883478479945,79.17819213867188,102168223,1.336023211479187,78.15872618281838,79.51800904037766,77.95883478479945,79.17819213867188
2025-07-30,79.75788035668167,79.75788035668167,78.43857742805443,78.65845489501953,135023233,1.3353630304336548,79.75788035668167,79.75788035668167,78.43857742805443,78.65845489501953
2025-07-31,77.91094328601724,79.4303732134401,77.59106289989927,77.77099609375,198367912,1.3257676362991333,77.91094328601724,79.4303732134401,77.59106289989927,77.77099609375
2025-08-01,77.15122707325786,77.47110747000748,74.37226469651723,75.71176147460938,164670629,1.3209865093231201,77.15122707325786,77.47110747000748,74.37226469651723,75.71176147460938
2025-08-04,80.68991016283022,82.53322452002591,79.65029694214013,82.52922058105469,466266950,1.3289920091629028,80.68991016283022,82.53322452002591,79.65029694214013,82.52922058105469
2025-08-05,83.88871459960794,83.88871459960794,80.54996334047449,80.72989654541016,258192353,1.3297518491744995,83.88871459960794,83.88871459960794,80.54996334047449,80.72989654541016
2025-08-06,81.10975040077547,81.3096727901625,79.99016519117734,80.92981719970703,163354662,1.3299463987350464,81.10975040077547,81.3096727901625,79.99016519117734,80.92981719970703
2025-08-07,81.00979339812825,81.38964900824027,80.09013815687769,80.45000457763672,86656239,1.3357912302017212,81.00979339812825,81.38964900824027,80.09013815687769,80.45000457763672
2025-08-08,80.33004257839087,80.9897925660324,80.27506277720822,80.90982818603516,194250259,1.345152735710144,80.33004257839087,80.9897925660324,80.27506277720822,80.90982818603516
2025-08-11,81.22971080436581,82.40927124023438,81.12974960672621,82.40927124023438,169210484,1.3444474935531616,81.22971080436581,82.40927124023438,81.12974960672621,82.40927124023438
2025-08-12,82.70915723374056,83.30893206353683,82.54922083818524,83.00904846191406,72394771,1.3435261249542236,82.70915723374056,83.30893206353683,82.54922083818524,83.00904846191406
2025-08-13,83.1689813767839,83.86872500438703,82.90908379156457,83.40889739990234,52548412,1.3504207134246826,83.1689813767839,83.86872500438703,82.90908379156457,83.40889739990234
2025-08-14,83.1290017892696,83.94869578994822,83.1290017892696,83.54884338378906,57366305,1.3585295677185059,83.1290017892696,83.94869578994822,83.1290017892696,83.54884338378906
2025-08-15,83.9486950868487,84.12862828678581,82.74913787841797,82.74913787841797,85740480,1.3530701398849487,83.9486950868487,84.12862828678581,82.74913787841797,82.74913787841797
2025-08-18,82.78912976838629,83.38890460197578,82.36928814752872,82.9490737915039,238602929,1.3556381464004517,82.78912976838629,83.38890460197578,82.36928814752872,82.9490737915039
2025-08-19,83.28893660671032,83.70777911524866,82.82910901758267,82.8490982055664,79553556,1.3508219718933105,83.28893660671032,83.70777911524866,82.82910901758267,82.8490982055664
2025-08-20,82.64917840645069,83.70878081340827,82.52922039514307,83.42888641357422,184896809,1.348679542541504,82.64917840645069,83.70878081340827,82.52922039514307,83.42888641357422
2025-08-21,83.78875073292764,84.08864194044818,83.26894794998226,83.66879272460938,86999236,1.3466380834579468,83.78875073292764,84.08864194044818,83.26894794998226,83.66879272460938
2025-08-22,83.90871289952538,84.58845972724812,83.60882167714307,84.06864929199219,129810324,1.3419395685195923,83.90871289952538,84.58845972724812,83.60882167714307,84.06864929199219
2025-08-26,84.02866490991265,84.24858412703311,82.94907326689966,83.00904846191406,270173252,1.3453518152236938,84.02866490991265,84.24858412703311,82.94907326689966,83.00904846191406
2025-08-27,83.32892488122923,83.92869968224669,82.16935365625181,82.58920288085938,145282073,1.3478723764419556,83.32892488122923,83.92869968224669,82.16935365625181,82.58920288085938
2025-08-28,82.96906127673601,83.08901929161,81.7415221933831,82.26932525634766,129086340,1.3503841161727905,82.96906127673601,83.08901929161,81.7415221933831,82.26932525634766
2025-08-29,81.2497025602456,81.56958297872882,77.9109511689864,79.4903564453125,237182612,1.35111403465271,81.2497025602456,81.56958297872882,77.9109511689864,79.4903564453125
2025-09-01,79.77025378573317,80.31004576355387,79.63030658754998,80.0301513671875,83956870,1.3503841161727905,79.77025378573317,80.31004576355387,79.63030658754998,80.0301513671875
2025-09-02,80.29005480540773,80.39001599811374,77.99090924041916,78.47073364257812,140465038,1.3547931909561157,80.29005480540773,80.39001599811374,77.99090924041916,78.47073364257812
2025-09-03,78.53071385312084,79.03052747515252,77.35115340006406,78.7706298828125,171791383,1.3383476734161377,78.53071385312084,79.03052747515252,77.35115340006406,78.7706298828125
2025-09-04,78.81060886831737,80.60994097211258,78.65067247384152,80.45000457763672,71708142,1.3441582918167114,78.81060886831737,80.60994097211258,78.65067247384152,80.45000457763672
2025-09-05,80.76988716957815,80.86984837213797,79.15048823252587,79.3304214477539,88938849,1.3444474935531616,80.76988716957815,80.86984837213797,79.15048823252587,79.3304214477539
2025-09-08,79.75025645463978,80.15010885823956,79.49035124831738,80.09013366699219,84965111,1.3492909669876099,79.75025645463978,80.15010885823956,79.49035124831738,80.09013366699219
2025-09-09,80.70989267655919,81.62955543616326,80.31004029758566,81.5495834350586,156255088,1.3553073406219482,80.70989267655919,81.62955543616326,80.31004029758566,81.5495834350586
2025-09-10,81.72952392234633,81.94944313174705,81.22270913730277,81.5895767211914,583767076,1.352109670639038,81.72952392234633,81.94944313174705,81.22270913730277,81.5895767211914
2025-09-11,82.1893542915993,82.3492906869145,81.32967424044675,82.14936828613281,143717980,1.3534730672836304,82.1893542915993,82.3492906869145,81.32967424044675,82.14936828613281
2025-09-12,82.2693226499347,82.84910063708085,82.18935064255233,82.56920623779297,166467992,1.3576626777648926,82.2693226499347,82.84910063708085,82.18935064255233,82.56920623779297
2025-09-15,83.46887137442287,84.42851257324219,82.94506464610662,84.42851257324219,96521867,1.3553440570831299,83.46887137442287,84.42851257324219,82.94506464610662,84.42851257324219
2025-09-16,84.42851045881142,84.68841566027955,82.89708394203562,82.9090805053711,519724867,1.3602666854858398,84.42851045881142,84.68841566027955,82.89708394203562,82.9090805053711
2025-09-17,83.0690153319615,83.38889571756529,82.42925456075392,83.0890121459961,61959943,1.365392804145813,83.0690153319615,83.38889571756529,82.42925456075392,83.0890121459961
2025-09-18,83.22896108911087,83.8887110616837,83.0290310773084,83.76876068115234,74695669,1.3629734516143799,83.22896108911087,83.8887110616837,83.0290310773084,83.76876068115234
2025-09-19,84.34853772172058,84.34853772172058,81.3296670289174,82.109375,252775174,1.3556013107299805,84.34853772172058,84.34853772172058,81.3296670289174,82.109375
2025-09-22,82.12937320084833,82.5492147882811,81.66953798426938,81.9494400024414,124710281,1.3464748859405518,82.12937320084833,82.5492147882811,81.66953798426938,81.9494400024414
2025-09-23,82.1693583501097,82.96906321484906,81.4896115030465,82.04940795898438,80462567,1.3514974117279053,82.1693583501097,82.96906321484906,81.4896115030465,82.04940795898438
2025-09-24,81.5295950857866,82.96906074891456,81.00979227774071,82.32929992675781,82081022,1.3524478673934937,81.5295950857866,82.96906074891456,81.00979227774071,82.32929992675781
2025-09-25,82.02940961516632,82.32930084049653,81.14974038157536,81.34966278076172,89039714,1.3452396392822266,82.02940961516632,82.32930084049653,81.14974038157536,81.34966278076172
2025-09-26,81.66953680313091,83.14898837158592,81.47961282673438,82.96905517578125,115990917,1.333653450012207,81.66953680313091,83.14898837158592,81.47961282673438,82.96905517578125
2025-09-29,83.38889849933203,83.58882851359759,82.56920450721881,82.76913452148438,69134985,1.3408241271972656,83.38889849933203,83.58882851359759,82.56920450721881,82.76913452148438
2025-09-30,82.92907726335284,83.98867972725931,82.52922483072088,83.78875732421875,99152808,1.3437248468399048,82.92907726335284,83.98867972725931,82.52922483072088,83.78875732421875
2025-10-01,83.44888357601458,84.02866156670487,82.72915075827441,83.38890075683594,171949071,1.3443390130996704,83.44888357601458,84.02866156670487,82.72915075827441,83.38890075683594
2025-10-02,83.90870822250396,84.90833540599226,83.56883101431185,83.72877502441406,91325825,1.3480178117752075,83.90870822250396,84.90833540599226,83.56883101431185,83.72877502441406
2025-10-03,84.12862985423887,84.85835344840453,83.78875263622511,84.32855224609375,63734323,1.3446643352508545,84.12862985423887,84.85835344840453,83.78875263622511,84.32855224609375
2025-10-06,84.46849961807796,84.68841882549735,83.22896400763732,84.30855560302734,139393600,1.3433817625045776,84.46849961807796,84.68841882549735,83.22896400763732,84.30855560302734
2025-10-07,84.0486594361638,85.60108192962268,83.0290353893927,83.26895141601562,132788497,1.3484903573989868,84.0486594361638,85.60108192962268,83.0290353893927,83.26895141601562
2025-10-08,84.26858227413025,86.6077064352484,84.22559903348423,86.3478012084961,168075543,1.3421016931533813,84.26858227413025,86.6077064352484,84.22559903348423,86.3478012084961
2025-10-09,84.46849155997087,84.78837193300582,82.7891176949,83.46886444091797,333028579,1.3401411771774292,84.46849155997087,84.78837193300582,82.7891176949,83.46886444091797
2025-10-10,83.58882763936084,84.28856361559633,82.86909484863281,82.86909484863281,72798782,1.3304948806762695,83.58882763936084,84.28856361559633,82.86909484863281,82.86909484863281
2025-10-13,82.98904610363654,84.4085225121037,82.98904610363654,83.6488037109375,108901859,1.3336178064346313,82.98904610363654,84.4085225121037,82.98904610363654,83.6488037109375
2025-10-14,83.46886621560373,84.16860216319843,82.9890418325746,84.14861297607422,87298233,1.3332622051239014,83.46886621560373,84.16860216319843,82.9890418325746,84.14861297607422
2025-10-15,84.16860392408145,85.28818909020555,83.78874834837595,84.82836151123047,105188882,1.3321610689163208,84.16860392408145,85.28818909020555,83.78874834837595,84.82836151123047
2025-10-16,84.26857601523672,85.0482840110314,83.76876241520934,84.4485092163086,65744751,1.3404465913772583,84.26857601523672,85.0482840110314,83.76876241520934,84.4485092163086
2025-10-17,82.1693552140387,84.00867328211957,81.789499612388,82.40927124023438,125348100,1.3445558547973633,82.1693552140387,84.00867328211957,81.789499612388,82.40927124023438
2025-10-20,83.4488795734437,83.85772366960342,82.74913597795887,82.96905517578125,65265746,1.342588186264038,83.4488795734437,83.85772366960342,82.74913597795887,82.96905517578125
2025-10-21,83.46886581639286,83.74876019409207,82.88908024741602,83.30892181396484,90882361,1.3405184745788574,83.46886581639286,83.74876019409207,82.88908024741602,83.30892181396484
2025-10-22,83.56883239926822,84.70840679720662,83.54884321094924,84.4485092163086,225710283,1.336523175239563,83.56883239926822,84.70840679720662,83.54884321094924,84.4485092163086
2025-10-23,83.82873675439438,86.50773792836463,83.49086532673206,85.42813873291016,262060724,1.3351848125457764,83.82873675439438,86.50773792836463,83.49086532673206,85.42813873291016
2025-10-24,85.46812888434012,85.82799530029297,83.9426967423229,85.82799530029297,189509936,1.332746982574463,85.46812888434012,85.82799530029297,83.9426967423229,85.82799530029297
2025-10-27,85.56808814856802,87.8072509765625,85.38915402276326,87.8072509765625,194368221,1.3322391510009766,85.56808814856802,87.8072509765625,85.38915402276326,87.8072509765625
2025-10-28,87.74727561214823,87.8272476196289,86.1278844066916,87.8272476196289,100561949,1.3341000080108643,87.74727561214823,87.8272476196289,86.1278844066916,87.8272476196289
2025-10-29,87.96719618809342,88.90684822423513,87.72728778846914,88.54698181152344,150424830,1.3279330730438232,87.96719618809342,88.90684822423513,87.72728778846914,88.54698181152344
2025-10-30,89.02679651653938,89.10676852338308,87.8472361085209,88.7868881225586,139509667,1.3195397853851318,89.02679651653938,89.10676852338308,87.8472361085209,88.7868881225586
2025-10-31,88.62695708461068,89.22673191903795,88.24709384245114,89.04679870605469,85541900,1.3159106969833374,88.62695708461068,89.22673191903795,88.24709384245114,89.04679870605469
2025-11-03,89.26671513238071,89.5066235333365,88.72691551031726,89.3666763305664,110062034,1.3134735822677612,89.26671513238071,89.5066235333365,88.72691551031726,89.3666763305664
2025-11-04,88.96682063053468,89.00680663364456,87.36741863889131,88.86685943603516,325730720,1.3135254383087158,88.96682063053468,89.00680663364456,87.36741863889131,88.86685943603516
2025-11-05,88.48699810477274,89.526611328125,88.38703690814376,89.526611328125,195068630,1.3021697998046875,88.48699810477274,89.526611328125,88.38703690814376,89.526611328125
2025-11-06,91.20597925634372,91.984688136985,90.52623248759905,91.10601806640624,196133174,1.3052598237991333,91.20597925634372,91.984688136985,90.52623248759905,91.10601806640624
2025-11-07,91.44589996492148,92.04567476192824,90.3463039394337,90.56622314453124,125847700,1.3140950202941895,91.44589996492148,92.04567476192824,90.3463039394337,90.56622314453124
2025-11-10,91.7058002770376,92.92534672230438,91.26396369750384,92.88536071777344,106639986,1.3142677545547485,91.7058002770376,92.92534672230438,91.26396369750384,92.88536071777344
2025-11-11,93.20524158549448,95.08454567493116,93.20524158549448,94.58473205566406,153595500,1.3172974586486816,93.20524158549448,95.08454567493116,93.20524158549448,94.58473205566406
2025-11-12,94.48475856007516,95.82526203738148,94.48475856007516,95.12452697753906,188622617,1.3152875900268555,94.48475856007516,95.82526203738148,94.48475856007516,95.12452697753906
2025-11-13,95.44440876833696,95.70430635019191,94.0849151611328,94.0849151611328,80264328,1.3127838373184204,95.44440876833696,95.70430635019191,94.0849151611328,94.0849151611328
2025-11-14,90.24634257044204,91.74578337334452,90.08640618393862,91.46588897705078,150556292,1.3152183294296265,90.24634257044204,91.74578337334452,90.08640618393862,91.46588897705078
2025-11-17,91.42590873477216,91.94571918340114,90.54623948719724,90.80613708496094,226193713,1.3160146474838257,91.42590873477216,91.94571918340114,90.54623948719724,90.80613708496094
2025-11-18,88.2870798482864,89.10677390153218,87.86723822684239,89.04679870605469,111242007,1.3156163692474365,88.2870798482864,89.10677390153218,87.86723822684239,89.04679870605469
2025-11-19,88.8468661369184,89.0867821650712,87.40740810075444,87.58734130859375,119681922,1.3147515058517456,88.8468661369184,89.0867821650712,87.40740810075444,87.58734130859375
2025-11-20,88.44701538205868,88.66692695321824,87.38740539550781,87.38740539550781,84605418,1.3061821460723877,88.44701538205868,88.66692695321824,87.38740539550781,87.38740539550781
2025-11-21,86.0679003991416,87.28744680345272,85.78800600337517,87.0875244140625,90232708,1.308489441871643,86.0679003991416,87.28744680345272,85.78800600337517,87.0875244140625
2025-11-24,87.92721301023182,88.12714303847109,86.98756094388413,87.34742736816406,322917616,1.3096375465393066,87.92721301023182,88.12714303847109,86.98756094388413,87.34742736816406
2025-11-25,89.1067676606478,90.66618364625003,88.68692606860878,90.6461944580078,105398180,1.3106160163879395,89.1067676606478,90.66618364625003,88.68692606860878,90.6461944580078
2025-11-26,90.80612682597398,95.26447063521069,89.78151509642477,93.76502990722656,237528005,1.315870761871338,90.80612682597398,95.26447063521069,89.78151509642477,93.76502990722656
2025-11-27,93.60509208188734,96.5639877319336,93.3851728736828,96.5639877319336,255834317,1.3244997262954712,93.60509208188734,96.5639877319336,93.3851728736828,96.5639877319336
2025-11-28,96.56398408184585,96.90386128891932,95.88423729424898,96.10415649414062,110022728,1.3241175413131714,96.56398408184585,96.90386128891932,95.88423729424898,96.10415649414062
2025-12-01,95.46439361572266,95.8042631887938,94.40479126844204,95.46439361572266,303224784,1.3239772319793701,95.46439361572266,95.8042631887938,94.40479126844204,95.46439361572266
2025-12-02,95.62433684649416,97.70355552268045,95.20448764724269,97.32369995117188,99174451,1.3209341764450073,95.62433684649416,97.70355552268045,95.20448764724269,97.32369995117188
2025-12-03,96.78390485256298,97.0438100590669,95.50438326139025,95.92422485351562,81719120,1.3219469785690308,96.78390485256298,97.0438100590669,95.50438326139025,95.92422485351562
2025-12-04,96.62396743339474,97.2857155663186,95.8842378248385,96.9238510131836,115038191,1.3348817825317383,96.62396743339474,97.2857155663186,95.8842378248385,96.9238510131836
2025-12-05,97.16376220209357,97.42366741330656,95.72430419921876,95.72430419921876,88627417,1.3321788311004639,97.16376220209357,97.42366741330656,95.72430419921876,95.72430419921876
2025-12-08,95.72430471866588,95.9642131160218,94.98457508478022,95.66432189941406,180313050,1.3324593305587769,95.72430471866588,95.9642131160218,94.98457508478022,95.66432189941406
2025-12-09,95.50438220178246,96.16413217829532,94.28483581542967,94.28483581542967,198866911,1.3326793909072876,95.50438220178246,96.16413217829532,94.28483581542967,94.28483581542967
2025-12-10,93.80501450532432,95.50438535237902,93.6990588401635,94.8046417236328,281700134,1.3303532600402832,93.80501450532432,95.50438535237902,93.6990588401635,94.8046417236328
2025-12-11,93.6850625777809,95.064545370778,93.04530177871987,94.9845733642578,85150003,1.3388315439224243,93.6850625777809,95.064545370778,93.04530177871987,94.9845733642578
2025-12-12,95.2844682830311,95.96421511180172,93.68506622314452,93.68506622314452,111083279,1.339046597480774,95.2844682830311,95.96421511180172,93.68506622314452,93.68506622314452
2025-12-15,94.16488588852172,95.62434841571606,94.16488588852172,95.1045379638672,101837649,1.3367732763290405,94.16488588852172,95.62434841571606,94.16488588852172,95.1045379638672
2025-12-16,94.96458417590291,95.064545370778,93.9849461624062,94.9845733642578,131272370,1.3380612134933472,94.96458417590291,95.064545370778,93.9849461624062,94.9845733642578
2025-12-17,95.54436943835258,96.92385222636858,95.33944403234086,95.90423583984376,161980289,1.342499852180481,95.54436943835258,96.92385222636858,95.33944403234086,95.90423583984376
2025-12-18,96.1041547666116,96.3040771484375,95.04155518099256,96.3040771484375,70326403,1.3374598026275635,96.1041547666116,96.3040771484375,95.04155518099256,96.3040771484375
2025-12-19,96.84387504817336,97.38367462158205,96.12414991017832,97.38367462158205,331404971,1.3385393619537354,96.84387504817336,97.38367462158205,96.12414991017832,97.38367462158205
2025-12-22,97.1237799877738,97.30370555779317,96.21311651967856,97.04380798339844,54035416,1.3377031087875366,97.1237799877738,97.30370555779317,96.21311651967856,97.04380798339844
2025-12-23,97.34369537825384,97.93747571287892,96.3040821602462,97.483642578125,131618177,1.3469899892807007,97.34369537825384,97.93747571287892,96.3040821602462,97.483642578125
2025-12-24,97.54362994096286,97.99345915771052,96.9438551097824,96.9638442993164,24322694,1.3513604402542114,97.54362994096286,97.99345915771052,96.9438551097824,96.9638442993164
2025-12-29,96.96383442723808,97.84350358163854,96.5140052562884,97.22373962402344,47048532,1.349727988243103,96.96383442723808,97.84350358163854,96.5140052562884,97.22373962402344
2025-12-30,97.16376267715148,98.58323912490836,97.0638014805194,98.30333709716795,38062581,1.3510993719100952,97.16376267715148,98.58323912490836,97.0638014805194,98.30333709716795
2025-12-31,98.50326798912135,98.68320119527236,97.96346837066837,98.20337677001952,27897581,1.346719741821289,98.50326798912135,98.68320119527236,97.96346837066837,98.20337677001952
2026-01-02,98.20337571218325,100.1876363490532,98.16338970829705,99.2030029296875,132175167,1.347363829612732,98.20337571218325,100.1876363490532,98.16338970829705,99.2030029296875
2026-01-05,99.86275430338732,100.28459403417504,97.86349999351592,99.9227294921875,132608434,1.3437970876693726,99.86275430338732,100.28459403417504,97.86349999351592,99.9227294921875
2026-01-06,100.46253377889605,101.71206778112112,99.80277616497706,100.26261138916016,120174189,1.3533997535705566,100.46253377889605,101.71206778112112,99.80277616497706,100.26261138916016
2026-01-07,100.26260822575628,100.51251501831644,98.52325145842153,98.86312866210938,94973475,1.3500559329986572,100.26260822575628,100.51251501831644,98.52325145842153,98.86312866210938
2026-01-08,98.80314733629308,100.4635312027422,98.26835075795292,100.01270294189452,152869111,1.3459312915802002,98.80314733629308,100.4635312027422,98.26835075795292,100.01270294189452
2026-01-09,100.26261138916016,100.46253377889605,99.4219214957686,100.26261138916016,54519625,1.3438005447387695,100.26261138916016,100.46253377889605,99.4219214957686,100.26261138916016
2026-01-12,100.01270613226104,101.16227133080967,99.28297490801717,100.96234893798828,70742254,1.3394231796264648,100.01270613226104,101.16227133080967,99.28297490801717,100.96234893798828
2026-01-13,101.16227210336598,101.56212451861278,100.6624584909451,101.31221771240234,287130200,1.3465656042099,101.16227210336598,101.56212451861278,100.6624584909451,101.31221771240234
2026-01-14,101.46216254659218,102.81165776451265,100.81240333009704,100.96234893798828,106333877,1.3426783084869385,101.46216254659218,102.81165776451265,100.81240333009704,100.96234893798828
2026-01-15,101.41217535956632,102.61173256331531,101.26223738232916,102.16189575195312,450477104,1.344266653060913,101.41217535956632,102.61173256331531,101.26223738232916,102.16189575195312
2026-01-16,102.21188867046853,102.29785515165398,101.0623157811384,102.06194305419922,182061276,1.3381328582763672,102.21188867046853,102.29785515165398,101.0623157811384,102.06194305419922
2026-01-19,100.9623453220477,102.2618637084961,100.0696805065106,102.2618637084961,210707596,1.3404287099838257,100.9623453220477,102.2618637084961,100.0696805065106,102.2618637084961
2026-01-20,101.91198723188586,102.36182403564452,101.1622668521715,102.36182403564452,218968670,1.3418315649032593,101.91198723188586,102.36182403564452,101.1622668521715,102.36182403564452
2026-01-21,102.11191826318564,102.11191826318564,100.21262509027927,101.36219787597656,96371059,1.344085931777954,102.11191826318564,102.11191826318564,100.21262509027927,101.36219787597656
2026-01-22,102.91161877070572,103.51140120116212,100.41255073230538,101.8620147705078,206313045,1.3419395685195923,102.91161877070572,103.51140120116212,100.41255073230538,101.8620147705078
2026-01-23,102.11191992283852,102.31184231205692,101.31221511286428,101.6121063232422,92585999,1.3501288890838623,102.11191992283852,102.31184231205692,101.31221511286428,101.6121063232422
2026-01-26,101.96197406065116,103.561376050018,101.66208285102914,102.96160125732422,85482133,1.3662508726119995,101.96197406065116,103.561376050018,101.66208285102914,102.96160125732422
2026-01-27,103.9112436228914,105.21076202392578,103.21150763867304,105.21076202392578,111204857,1.3677457571029663,103.9112436228914,105.21076202392578,103.21150763867304,105.21076202392578
2026-01-28,105.21076472524253,105.46067152981551,103.8112850943235,104.46104431152344,181089543,1.3824374675750732,105.21076472524253,105.46067152981551,103.8112850943235,104.46104431152344
2026-01-29,104.91086909012952,107.06006904424004,103.2115059412329,105.41068267822266,213085093,1.382533073425293,104.91086909012952,107.06006904424004,103.2115059412329,105.41068267822266
2026-01-30,106.36033332240048,108.9093780517578,105.66058972148954,108.9093780517578,158372522,1.380643367767334,106.36033332240048,108.9093780517578,105.66058972148954,108.9093780517578
2026-02-02,107.90975210091564,111.408447265625,106.66021811351943,111.408447265625,270945497,1.3679141998291016,107.90975210091564,111.408447265625,106.66021811351943,111.408447265625
2026-02-03,111.9082623380755,113.5586478266164,111.30848754151673,112.55802154541016,158690388,1.367315649986267,111.9082623380755,113.5586478266164,111.30848754151673,112.55802154541016
2026-02-04,113.40770411177762,114.55727693049236,112.00823211669922,112.00823211669922,165261509,1.3697504997253418,113.40770411177762,114.55727693049236,112.00823211669922,112.00823211669922
2026-02-05,110.55876498767746,111.60837658114237,105.5606290693688,105.76055908203124,349818456,1.3644611835479736,110.55876498767746,111.60837658114237,105.5606290693688,105.76055908203124
2026-02-06,105.96048466774003,107.35996429243538,105.66059345296593,106.710205078125,121026827,1.3520822525024414,105.96048466774003,107.35996429243538,105.66059345296593,106.710205078125
2026-02-09,106.96010961102192,107.12904532531536,100.7124396571071,105.21076202392578,293309438,1.3608959913253784,106.96010961102192,107.12904532531536,100.7124396571071,105.21076202392578
2026-02-10,105.9105002244532,106.8101662419536,101.81203017422952,102.76168060302734,329522328,1.368344783782959,105.9105002244532,106.8101662419536,101.81203017422952,102.76168060302734
2026-02-11,104.11117747742964,104.56100668008312,101.66208618923152,103.01158905029295,218042089,1.3634566068649292,104.11117747742964,104.56100668008312,101.66208618923152,103.01158905029295
2026-02-12,104.96085316001096,105.9104959236958,102.31183962637688,102.36182403564452,297147110,1.362399697303772,104.96085316001096,105.9104959236958,102.31183962637688,102.36182403564452
2026-02-13,103.71132917196982,103.96123598925168,98.14340558799212,100.36257934570312,485862767,1.3620266914367676,103.71132917196982,103.96123598925168,98.14340558799212,100.36257934570312
2026-02-16,101.31221346620924,102.31184064915466,101.06230667047286,101.36219787597656,132302732,1.3647778034210205,101.31221346620924,102.31184064915466,101.06230667047286,101.36219787597656
2026-02-17,101.26223644876056,102.7116928100586,100.56249284638724,102.7116928100586,105445006,1.3627691268920898,101.26223644876056,102.7116928100586,100.56249284638724,102.7116928100586
2026-02-18,103.11154823482,105.2607482615886,102.31184341621528,104.56100463867188,371033596,1.3564472198486328,103.11154823482,105.2607482615886,102.31184341621528,104.56100463867188
2026-02-19,105.46067032159544,105.81053831867928,101.71206829594632,101.96197509765624,406997141,1.349582314491272,105.46067032159544,105.81053831867928,101.71206829594632,101.96197509765624
2026-02-20,103.61136193167587,104.81091153409614,102.46178911386872,104.11117553710938,156634925,1.3461124897003174,103.61136193167587,104.81091153409614,102.46178911386872,104.11117553710938
2026-02-23,104.76093396608718,105.86052236450816,102.76167955930346,103.76130676269533,136108917,1.3533265590667725,104.76093396608718,105.86052236450816,102.76167955930346,103.76130676269533
2026-02-24,103.76130957181182,103.81128635740424,100.9623502759186,102.56175231933594,240678629,1.34969162940979,103.76130957181182,103.81128635740424,100.9623502759186,102.56175231933594
2026-02-25,103.56137828975048,104.51602411359151,102.51177428647404,104.46104431152344,394306624,1.3497462272644043,103.56137828975048,104.51602411359151,102.51177428647404,104.46104431152344
2026-02-26,104.8109088396332,105.13178831189876,103.66133605137912,104.86089324951172,158508762,1.3558034896850586,104.8109088396332,105.13178831189876,103.66133605137912,104.86089324951172
2026-02-27,104.46104302204162,105.06081782030309,101.66208379475434,102.41180419921876,206585507,1.3491452932357788,104.46104302204162,105.06081782030309,101.66208379475434,102.41180419921876
2026-03-02,99.562871054789,100.16264587032283,98.46128446563895,99.88275146484376,397858960,1.3406623601913452,99.562871054789,100.16264587032283,98.46128446563895,99.88275146484376
2026-03-03,98.24335877005583,98.62322198230882,95.4244104062874,96.90386199951172,290600128,1.3410578966140747,98.24335877005583,98.62322198230882,95.4244104062874,96.90386199951172
2026-03-04,96.46402718697668,98.82314804747652,96.08417158713536,98.2433624267578,223619573,1.3353630304336548,96.46402718697668,98.82314804747652,96.08417158713536,98.2433624267578
2026-03-05,98.4632783232213,99.54287751997995,96.3640627472241,96.86387634277344,208235062,1.3369520902633667,98.4632783232213,99.54287751997995,96.3640627472241,96.86387634277344
2026-03-06,97.56361763181047,98.16339245377772,94.45577536643248,95.38442993164062,242372375,1.3357375860214233,97.56361763181047,98.16339245377772,94.45577536643248,95.38442993164062
2026-03-09,93.5651033764555,95.12452697753906,92.32556779737898,95.12452697753906,220609636,1.3301055431365967,93.5651033764555,95.12452697753906,92.32556779737898,95.12452697753906
2026-03-10,97.84351119249546,99.28297685398466,97.64358879575552,98.98308563232422,305639713,1.3424980640411377,97.84351119249546,99.28297685398466,97.64358879575552,98.98308563232422
2026-03-11,98.28334756144883,99.12303838860444,97.68357275722369,98.34332275390624,172123493,1.3419036865234375,98.28334756144883,99.12303838860444,97.68357275722369,98.34332275390624
2026-03-12,98.10340870345738,98.38330308752774,94.54473846047722,95.46439361572266,166278234,1.338186502456665,98.10340870345738,98.38330308752774,94.54473846047722,95.46439361572266
2026-03-13,94.34481222056289,95.92422502409102,93.96495663080496,94.14488983154295,128896609,1.335250735282898,94.34481222056289,95.92422502409102,93.96495663080496,94.14488983154295
2026-03-16,94.2048664022216,96.08417044334536,93.86100049819676,94.8646240234375,169978969,1.3247665166854858,94.2048664022216,96.08417044334536,93.86100049819676,94.8646240234375
2026-03-17,94.92460313429363,97.0638048479468,94.6247195339936,96.16413879394533,127819237,1.3314337730407715,94.92460313429363,97.0638048479468,94.6247195339936,96.16413879394533
2026-03-18,96.66394945146004,98.30333748770012,96.10416064685624,96.50401306152344,142687818,1.335951805114746,96.66394945146004,98.30333748770012,96.10416064685624,96.50401306152344
2026-03-19,95.20448901404062,95.36443302110882,91.5858435594478,92.7454071044922,204305277,1.32650625705719,95.20448901404062,95.36443302110882,91.5858435594478,92.7454071044922
2026-03-20,94.30483305777211,94.70468549136515,90.74616241455078,90.74616241455078,320796400,1.342570185661316,94.30483305777211,94.70468549136515,90.74616241455078,90.74616241455078
2026-03-23,88.88684646823926,94.08491234818166,87.58333177936716,92.64544677734376,484030756,1.3331555128097534,88.88684646823926,94.08491234818166,87.58333177936716,92.64544677734376
2026-03-24,92.74541108878174,93.72504910778407,88.88684945782504,93.16525268554688,269225011,1.342426061630249,92.74541108878174,93.72504910778407,88.88684945782504,93.16525268554688
2026-03-25,94.20486999460218,96.02419128627896,94.20486999460218,95.32445526123048,146150315,1.3416335582733154,94.20486999460218,96.02419128627896,94.20486999460218,95.32445526123048
2026-03-26,94.34480530351948,94.80463286579246,92.28557586669922,92.28557586669922,136235560,1.336362361907959,94.34480530351948,94.80463286579246,92.28557586669922,92.28557586669922
2026-03-27,92.64545098259676,93.04530339559584,90.2263549424506,90.40628814697266,184502356,1.3335645198822021,92.64545098259676,93.04530339559584,90.2263549424506,90.40628814697266
2026-03-30,89.7465308454423,91.8257572993011,89.47463669473797,91.2459716796875,192654015,1.3238370418548584,89.7465308454423,91.8257572993011,89.47463669473797,91.2459716796875
2026-03-31,91.16599810543892,93.22523533514976,90.02642370111221,92.30557250976562,177706237,1.3172800540924072,91.16599810543892,93.22523533514976,90.02642370111221,92.30557250976562
2026-04-01,95.96421103233912,97.66357421875,94.4647702349588,97.66357421875,271379348,1.324327826499939,95.96421103233912,97.66357421875,94.4647702349588,97.66357421875
2026-04-02,95.74428979604278,98.32332974316184,95.42440940445398,97.90348815917967,538057257,1.3302648067474365,95.74428979604278,98.32332974316184,95.42440940445398,97.90348815917967
2026-04-07,98.36331578263396,98.69818997188092,95.6943130493164,95.6943130493164,177714148,1.3234164714813232,98.36331578263396,98.69818997188092,95.6943130493164,95.6943130493164
2026-04-08,103.5014006797758,105.21276042411212,101.722065493022,102.10192108154295,400162167,1.3401771783828735,103.5014006797758,105.21276042411212,101.722065493022,102.10192108154295
2026-04-09,100.526431390823,101.06635942435616,99.5665618739968,100.6064224243164,130290302,1.3394052982330322,100.526431390823,101.06635942435616,99.5665618739968,100.6064224243164
2026-04-10,100.90637700076093,101.86624651419488,100.64841621694887,100.88638305664062,147792950,1.3430029153823853,100.90637700076093,101.86624651419488,100.64841621694887,100.88638305664062
2026-04-13,100.04649818482754,100.64642333984376,99.05663388443514,100.64642333984376,371164805,1.339441180229187,100.04649818482754,100.64642333984376,99.05663388443514,100.64642333984376
2026-04-14,101.20634069037398,102.98609924316406,100.46644269583128,102.98609924316406,134499764,1.3515340089797974,101.20634069037398,102.98609924316406,100.46644269583128,102.98609924316406
2026-04-15,102.64614843425356,103.66600741625042,102.59615213102148,103.26605987548828,184197318,1.357533574104309,102.64614843425356,103.66600741625042,102.59615213102148,103.26605987548828
2026-04-16,103.64601785706574,105.02582892128956,102.84612274169922,102.84612274169922,87423412,1.3573696613311768,103.64601785706574,105.02582892128956,102.84612274169922,102.84612274169922
2026-04-17,103.12608349204568,105.34578518482704,101.76626637625824,105.10581970214844,122946430,1.3526124954223633,103.12608349204568,105.34578518482704,101.76626637625824,105.10581970214844
2026-04-20,103.52602811340137,103.7849958463382,102.22620049804728,102.76612854003906,164941696,1.348435878753662,103.52602811340137,103.7849958463382,102.22620049804728,102.76612854003906
2026-04-21,102.96610451381764,103.32604890780824,100.6064224243164,100.6064224243164,249510693,1.3531250953674316,102.96610451381764,103.32604890780824,100.6064224243164,100.6064224243164
2026-04-22,101.24634030135218,103.00609735259032,100.1444839771932,100.24647521972656,149549392,1.3509680032730103,101.24634030135218,103.00609735259032,100.1444839771932,100.24647521972656
2026-04-23,99.25660020178952,99.67654932053628,98.10676149646282,98.8666534423828,105076459,1.3500378131866455,99.25660020178952,99.67654932053628,98.10676149646282,98.8666534423828
2026-04-24,97.9867777445786,98.64669235835125,96.94691714698742,97.75680541992188,126546373,1.3466380834579468,97.9867777445786,98.64669235835125,96.94691714698742,97.75680541992188
2026-04-27,97.93677550136972,98.69167847241847,97.3068632859862,97.4868392944336,368096376,1.3515102863311768,97.93677550136972,98.69167847241847,97.3068632859862,97.4868392944336
2026-04-28,98.13676015297646,98.66169085113384,96.69695198165694,98.55670166015624,116713493,1.3538211584091187,98.13676015297646,98.66169085113384,96.69695198165694,98.55670166015624
2026-04-29,98.04676156057164,99.43657333009332,96.29699777306516,97.03690338134766,230506680,1.3524478673934937,98.04676156057164,99.43657333009332,96.29699777306516,97.03690338134766
2026-04-30,97.51683959412692,99.67655181884766,96.36699323161533,99.67655181884766,326409592,1.3488596677780151,97.51683959412692,99.67655181884766,96.36699323161533,99.67655181884766
2026-05-01,98.71667733102625,99.266598518071,97.68680994686254,98.22673797607422,392552213,1.3602666854858398,98.71667733102625,99.266598518071,97.68680994686254,98.22673797607422
2026-05-05,97.17688358001584,97.43984856807214,93.4743804875641,94.88719177246094,254011089,1.353143334388733,97.17688358001584,97.43984856807214,93.4743804875641,94.88719177246094
2026-05-06,96.13702803778092,100.24647408710122,96.13702803778092,99.4465789794922,208957934,1.3568705320358276,96.13702803778092,100.24647408710122,96.13702803778092,99.4465789794922
2026-05-07,99.80652828379576,100.26646528815664,97.95677947998048,97.95677947998048,163570389,1.3591758012771606,99.80652828379576,100.26646528815664,97.95677947998048,97.95677947998048
2026-05-08,97.21688399727886,100.08649186262176,96.75693935266308,98.9366455078125,154902984,1.3555645942687988,97.21688399727886,100.08649186262176,96.75693935266308,98.9366455078125
2026-05-11,98.96664949344982,100.08649350676392,98.06676939106156,98.32672882080078,143750152,1.3594714403152466,98.96664949344982,100.08649350676392,98.06676939106156,98.32672882080078
2026-05-12,96.8469273804088,98.28673546415538,93.90732175221449,94.04730224609376,430174656,1.360470175743103,96.8469273804088,98.28673546415538,93.90732175221449,94.04730224609376
2026-05-13,95.70708716415317,96.26700917071966,93.20742445145947,95.04717254638672,130769782,1.3537001609802246,95.70708716415317,96.26700917071966,93.20742445145947,95.04717254638672
2026-05-14,95.44711432123184,96.5869598388672,95.38712486083992,96.5869598388672,125794431,1.352630853652954,95.44711432123184,96.5869598388672,95.38712486083992,96.5869598388672
2026-05-15,94.70721682726588,95.00717175913654,93.2874103159962,94.04730224609376,312591198,1.3391362428665161,94.70721682726588,95.00717175913654,93.2874103159962,94.04730224609376
2026-05-18,93.46738539185142,95.70708089988908,93.32739727100714,95.22714233398438,113148046,1.330849051475525,93.46738539185142,95.70708089988908,93.32739727100714,95.22714233398438
2026-05-19,95.64709715235551,96.86692614133727,95.60710163377765,96.2870101928711,253517435,1.3432012796401978,95.64709715235551,96.86692614133727,95.60710163377765,96.2870101928711
2026-05-20,95.6670907767956,100.13648888705312,95.4071237210934,99.84652709960938,142214573,1.3396027088165283,95.6670907767956,100.13648888705312,95.4071237210934,99.84652709960938
2026-05-21,99.14661924055736,99.8365209184314,97.62682013527262,98.50669860839844,115922191,1.3433998823165894,99.14661924055736,99.8365209184314,97.62682013527262,98.50669860839844
2026-05-22,99.30659449304302,100.1864729733963,98.56669650664676,99.58655548095705,87415656,1.3432555198669434,99.30659449304302,100.1864729733963,98.56669650664676,99.58655548095705
2026-05-26,101.18634266260293,101.83625648782206,84.62857944139719,101.4863052368164,125740938,1.3496370315551758,101.18634266260293,101.83625648782206,84.62857944139719,101.4863052368164
2026-05-27,101.43630773548092,102.36118597142836,101.21133962165628,101.98623657226562,114692992,1.345532774925232,101.43630773548092,102.36118597142836,101.21133962165628,101.98623657226562
2026-05-28,101.43630748062002,101.73627005054256,100.23647245765989,101.1363525390625,118880616,1.3416515588760376,101.43630748062002,101.73627005054256,100.23647245765989,101.1363525390625
2026-05-29,101.1363545456142,102.23620460987628,100.98637325767729,101.8862533569336,261739739,1.3444474935531616,101.1363545456142,102.23620460987628,100.98637325767729,101.8862533569336
2026-06-01,101.63628064627584,101.63628064627584,99.2466038625633,100.08648681640624,189165876,1.345152735710144,101.63628064627584,101.63628064627584,99.2466038625633,100.08648681640624
2026-06-02,101.03636316090734,101.48629936784252,99.10662337025614,100.08648681640624,271000478,1.3460001945495605,101.03636316090734,101.48629936784252,99.10662337025614,100.08648681640624
2026-06-03,99.94651225617864,100.78640288823594,98.88665771484376,98.88665771484376,158041376,1.3454241752624512,99.94651225617864,100.78640288823594,98.88665771484376,98.88665771484376
2026-06-04,99.4265804519015,100.98636744864544,98.84665690703244,100.48643493652344,66317235,1.3427144289016724,99.4265804519015,100.98636744864544,98.84665690703244,100.48643493652344
2026-06-05,100.38645222621388,101.03636603231864,99.14662170410156,99.14662170410156,149365664,1.3427000045776367,100.38645222621388,101.03636603231864,99.14662170410156,99.14662170410156
2026-06-08,98.42671940146928,100.661418431146,97.98677633196324,99.046630859375,200022948,1.3335645198822021,98.42671940146928,100.661418431146,97.98677633196324,99.046630859375
2026-06-09,99.2466041001421,100.78639714757152,97.92678257782612,98.166748046875,142096164,1.3333333730697632,99.2466041001421,100.78639714757152,97.92678257782612,98.166748046875
2026-06-10,98.52670018605188,98.6866746228267,96.38698964918092,97.20687866210938,146610619,1.3372201919555664,98.52670018605188,98.6866746228267,96.38698964918092,97.20687866210938
2026-06-11,97.40685338822344,98.74667655014372,96.82692981622267,98.14675903320312,193790160,1.3362016677856445,97.40685338822344,98.74667655014372,96.82692981622267,98.14675903320312
2026-06-12,100.78640297519377,102.53616686276057,99.8265257867672,102.33618927001952,137096021,1.341381549835205,100.78640297519377,102.53616686276057,99.8265257867672,102.33618927001952
2026-06-15,104.73586157640013,105.03582413584073,102.08621772922396,102.63614654541016,122036349,1.344971776008606,104.73586157640013,105.03582413584073,102.08621772922396,102.63614654541016
2026-06-16,102.83612228887452,104.6858711672551,102.63615232356618,104.03596496582033,104141542,1.341599464416504,102.83612228887452,104.6858711672551,102.63615232356618,104.03596496582033
2026-06-17,104.73586706984672,105.83571713154204,103.88598327800788,105.78572845458984,105409865,1.3426424264907837,104.73586706984672,105.83571713154204,103.88598327800788,105.78572845458984
2026-06-18,105.83571272304285,106.08567898248714,104.5358927509514,106.0356903076172,143177282,1.3301233053207397,105.83571272304285,106.08567898248714,104.5358927509514,106.0356903076172
2026-06-19,104.98583045016986,105.18580040920514,103.98596539826347,105.0858154296875,272953521,1.3202017545700073,104.98583045016986,105.18580040920514,103.98596539826347,105.0858154296875
2026-06-22,105.03583057378678,109.18526458740234,104.22093808577236,109.18526458740234,223116460,1.3207945823669434,105.03583057378678,109.18526458740234,104.22093808577236,109.18526458740234
2026-06-23,107.53548838576808,109.92516522737496,104.06695478311798,109.03528594970705,129195238,1.3247138261795044,107.53548838576808,109.92516522737496,104.06695478311798,109.03528594970705
2026-06-24,108.43536085271754,109.03528598115808,107.53548841678652,107.73545837402344,177262180,1.3200099468231201,108.43536085271754,109.03528598115808,107.53548841678652,107.73545837402344
2026-06-25,107.38550478908483,110.335103549909,107.38550478908483,110.03514862060548,197719671,1.3166556358337402,107.38550478908483,110.335103549909,107.38550478908483,110.03514862060548
2026-06-26,109.28525719892124,110.13514099827506,108.13541082174122,109.18526458740234,193811050,1.318791389465332,109.28525719892124,110.13514099827506,108.13541082174122,109.18526458740234
2026-06-29,108.73532779117674,109.88517416245764,108.28439223927022,108.78532409667967,106141480,1.319713830947876,108.73532779117674,109.88517416245764,108.28439223927022,108.78532409667967
2026-06-30,109.98515667281208,112.10487334762676,109.18526157293653,111.0850067138672,157247918,1.325398564338684,109.98515667281208,112.10487334762676,109.18526157293653,111.0850067138672
2026-07-01,110.98501849524396,112.18485348168446,110.23511972162744,112.1348648071289,176089442,1.325065016746521,110.98501849524396,112.18485348168446,110.23511972162744,112.1348648071289
2026-07-02,111.4349563877588,114.98448035439252,111.28498273346672,114.63452911376952,247137631,1.3279330730438232,111.4349563877588,114.98448035439252,111.28498273346672,114.63452911376952
2026-07-03,114.98448092996249,115.43441715182072,113.28471339364816,115.03447723388672,134138615,1.3338704109191895,114.98448092996249,115.43441715182072,113.28471339364816,115.03447723388672
2026-07-06,115.18445322283064,115.98434833163626,114.1845881510062,115.33443450927734,135372893,1.335309624671936,115.18445322283064,115.98434833163626,114.1845881510062,115.33443450927734
2026-07-07,115.7343779684527,115.7343779684527,113.83463287353516,113.83463287353516,84064881,1.3397893905639648,115.7343779684527,115.7343779684527,113.83463287353516,113.83463287353516
2026-07-08,113.6846573915758,113.98461996915653,110.48509216308594,110.48509216308594,117518740,1.3348907232284546,113.6846573915758,113.98461996915653,110.48509216308594,110.48509216308594
2026-07-09,111.83490254544584,112.50281165594362,111.5849362869051,111.68492126464844,92279275,1.339620590209961,111.83490254544584,112.50281165594362,111.5849362869051,111.68492126464844
2026-07-10,111.88489854925672,113.03474486114168,111.5849359884642,112.1348648071289,104607880,1.3415615558624268,111.88489854925672,113.03474486114168,111.5849359884642,112.1348648071289
2026-07-13,111.88489945635814,112.63479823605442,110.38510189696558,110.78504943847656,90678286,1.3386881351470947,111.88489945635814,112.63479823605442,110.38510189696558,110.78504943847656
2026-07-14,110.13513821076064,112.48481958304455,109.0852768433062,111.93489074707033,131358848,1.3347926139831543,110.13513821076064,112.48481958304455,109.0852768433062,111.93489074707033
2026-07-15,111.68492241794657,112.83476874478058,110.93502363458067,112.4848175048828,93655434,1.3397103548049927,111.68492241794657,112.83476874478058,110.93502363458067,112.4848175048828
2026-07-16,112.48482248298896,113.20972314665072,111.03502115566542,112.63480377197266,149375768,1.3541291952133179,112.48482248298896,113.20972314665072,111.03502115566542,112.63480377197266
2026-07-17,111.38496985307982,111.48495483398438,108.93529586491046,111.48495483398438,131512154,1.3478904962539673,111.38496985307982,111.48495483398438,108.93529586491046,111.48495483398438
2026-07-20,110.68506180504184,112.4348257029522,110.2351255683538,110.93502807617188,223925928,1.3446282148361206,110.68506180504184,112.4348257029522,110.2351255683538,110.93502807617188
2026-07-21,111.1350032172765,113.2347183227539,110.28412012404466,113.2347183227539,125532585,1.3431652784347534,111.1350032172765,113.2347183227539,110.28412012404466,113.2347183227539
2026-07-22,113.33470555041278,115.53441330844106,113.13473558530347,114.83450317382812,122777033,1.3379179239273071,113.33470555041278,115.53441330844106,113.13473558530347,114.83450317382812
2026-07-23,114.78451105817356,114.78451105817356,112.3348371029601,112.43482208251952,178840138,1.337524175643921,114.78451105817356,114.78451105817356,112.3348371029601,112.43482208251952
2026-07-24,112.43481884968142,114.13459396677806,112.08486761710309,113.48468017578124,80805596,1.3312742710113525,112.43481884968142,114.13459396677806,112.08486761710309,113.48468017578124
2026-07-27,115.03447577303376,115.4344156858888,113.93461812758778,114.68451690673828,170584786,1.335131287574768,115.03447577303376,115.4344156858888,113.93461812758778,114.68451690673828
2026-07-28,115.13445929203196,115.13445929203196,112.08486791079116,113.03474426269533,118337711,1.3289920091629028,115.13445929203196,115.13445929203196,112.08486791079116,113.03474426269533
2026-07-29,113.48467988779892,113.78464244545616,111.33496856689452,111.33496856689452,82994855,1.3287270069122314,113.48467988779892,113.78464244545616,111.33496856689452,111.33496856689452
2026-07-30,109.4852203489836,116.18431297195907,107.58547527387624,115.63439178466795,180358508,1.3367303609848022,109.4852203489836,116.18431297195907,107.58547527387624,115.63439178466795
2026-07-31,116.98420954747913,117.68411202334032,113.834633149374,114.68451690673828,171072558,1.3460942506790161,116.98420954747913,117.68411202334032,113.834633149374,114.68451690673828
2026-08-03,116.18431910540396,116.73424795009092,115.03448036747422,116.58426666259766,111049507,1.34916353225708,116.18431910540396,116.73424795009092,115.03448036747422,116.58426666259766
2026-08-04,117.08419888186243,117.88409399406272,115.58440126776078,117.03421020507812,186249486,1.3427000045776367,117.08419888186243,117.88409399406272,115.58440126776078,117.03421020507812
2026-08-05,117.33416426517692,117.43414924635594,115.8843629671686,117.08419799804688,275724367,1.3450984954833984,117.33416426517692,117.43414924635594,115.8843629671686,117.08419799804688
2026-08-06,115.9499969482422,117.0999984741211,114.6999969482422,114.6999969482422,103069655,1.3469645977020264,115.9499969482422,117.0999984741211,114.6999969482422,114.6999969482422
2026-08-07,114.4000015258789,116.25,113.9000015258789,115.1500015258789,212351175,1.345532774925232,114.4000015258789,116.25,113.9000015258789,115.1500015258789
2026-08-10,114.9000015258789,115.0500030517578,114.3499984741211,114.6500015258789,125890758,1.34907066822052,114.9000015258789,115.0500030517578,114.3499984741211,114.6500015258789
2026-08-11,114.1999969482422,114.5,112.96900177001952,113.8000030517578,167448882,1.3511322736740112,114.1999969482422,114.5,112.96900177001952,113.8000030517578
2026-08-12,114.0999984741211,115.1999969482422,113.9000015258789,115.1999969482422,76063752,1.3509862422943115,114.0999984741211,115.1999969482422,113.9000015258789,115.1999969482422
2026-08-13,115.9000015258789,116.5500030517578,114.9499969482422,115.3000030517578,178883815,1.3497827053070068,115.9000015258789,116.5500030517578,114.9499969482422,115.3000030517578
2026-08-14,115.5,115.8000030517578,114.1999969482422,115.1999969482422,89453469,1.3490725755691528,115.5,115.8000030517578,114.1999969482422,115.1999969482422
2026-08-17,115.5500030517578,116.0500030517578,114.5500030517578,114.6999969482422,76457161,1.3546648025512695,115.5500030517578,116.0500030517578,114.5500030517578,114.6999969482422
2026-08-18,114.5,114.6500015258789,112.6999969482422,112.75,205098198,1.3550318479537964,114.5,114.6500015258789,112.6999969482422,112.75
2026-08-19,112.4499969482422,112.9000015258789,110.3499984741211,110.3499984741211,115206024,1.3536745309829712,112.4499969482422,112.9000015258789,110.3499984741211,110.3499984741211
2026-08-20,110.25,110.8479995727539,109.3000030517578,109.75,86253702,1.3599891662597656,110.25,110.8479995727539,109.3000030517578,109.75
2026-08-21,109.8499984741211,111.63899993896484,109.5,111.25,92666524,1.364349603652954,109.8499984741211,111.63899993896484,109.5,111.25
2026-08-24,111.1500015258789,111.9499969482422,110.8499984741211,111.5999984741211,73937357,1.3627691268920898,111.1500015258789,111.9499969482422,110.8499984741211,111.5999984741211
