Date,Close,High,Low,Open,Volume,Bank
,LLOY.L,LLOY.L,LLOY.L,LLOY.L,LLOY.L,
2015-01-02,75.78477478027344,76.38189557237641,75.30607893374007,76.10323970891521,54277932,Lloyds
2015-01-05,74.2621078491211,76.03356934006165,74.10287160180852,75.70515027458107,102525515,Lloyds
2015-01-06,72.52051544189453,74.69006038269325,72.52051544189453,74.2720689481366,133810250,Lloyds
2015-01-07,72.65982055664062,73.58834422504397,72.52049265317181,72.9683312582071,108980419,Lloyds
2015-01-08,73.74459075927734,74.06305563139401,72.8986691545426,73.15742423588785,79367070,Lloyds
2015-01-09,73.38632202148438,73.69484034550261,72.70958317125373,73.485840877412,98091442,Lloyds
2015-01-12,73.21713256835938,73.94363457708121,72.47869467596217,73.05790393187321,94250771,Lloyds
2015-01-13,73.6550521850586,73.93370809784864,72.66780541654056,72.78922194791456,91855732,Lloyds
2015-01-14,72.55038452148438,73.41620727817336,72.05278244327504,72.968368444907,120471280,Lloyds
2015-01-15,73.82423400878906,73.82423400878906,71.58502497891008,72.72951111274237,122202372,Lloyds
2015-01-16,74.0829849243164,74.31187758225721,72.91759586783454,73.27686455674136,111260890,Lloyds
2015-01-19,74.29193878173828,74.54073964330284,72.58018763932614,72.89865243841679,76693861,Lloyds
2015-01-20,75.13788604736328,75.5857247151604,74.37158247089208,74.64028415300987,102776867,Lloyds
2015-01-21,75.22745513916016,75.50611859423366,74.311869422327,75.19760023860297,144256028,Lloyds
2015-01-22,75.28717041015625,75.7350090914915,74.79952266493302,75.47625397262094,134647722,Lloyds
2015-01-23,75.16775512695312,75.93107487610764,74.75972544486369,75.35684631217717,135616839,Lloyds
2015-01-26,75.63545989990234,75.66531478764648,74.08294499481072,74.52082933639069,80665003,Lloyds
2015-01-27,74.76966857910156,75.87434554958836,74.56067666479372,75.79473500566401,111800401,Lloyds
2015-01-28,74.40144348144531,75.5260211216541,73.97350551343614,75.31702921999421,183992062,Lloyds
2015-01-29,74.50093078613281,74.60044961245492,73.48581901636796,73.96352001263372,99582304,Lloyds
2015-01-30,73.39627075195312,75.02840416531821,73.37437311258104,74.8691755261809,111287711,Lloyds
2015-02-02,73.31668090820312,74.122801355845,72.57027786696712,73.36644414807394,137679310,Lloyds
2015-02-03,74.61042785644531,74.80946557333696,73.40623220580576,73.51570522793683,114107640,Lloyds
2015-02-04,74.19243621826172,75.05825854689824,73.65502532834867,74.66017556257731,108405593,Lloyds
2015-02-05,75.16775512695312,75.27225488531478,73.38534444066394,73.64509425782242,129225243,Lloyds
2015-02-06,75.4464111328125,75.66535722279303,74.829389525926,74.9289084051525,97644894,Lloyds
2015-02-09,74.56067657470703,75.20159270394682,74.10288367828056,74.89904985898954,76965688,Lloyds
2015-02-10,74.6502456665039,75.13789344499651,74.21235352666389,74.4113912668804,97003461,Lloyds
2015-02-11,74.033203125,74.52384237911559,73.45598315291167,74.28200405164479,116919732,Lloyds
2015-02-12,74.07302856445312,75.13789646225909,73.81427341753854,74.03321949625062,171262869,Lloyds
2015-02-13,74.98860168457031,75.77481356492319,73.83416927296501,73.88392490520884,149400768,Lloyds
2015-02-16,75.36679077148438,78.47182191874094,74.85923468287406,74.8990437479418,68182943,Lloyds
2015-02-17,76.66056060791016,76.77003365205395,74.89905292152994,74.89905292152994,131302008,Lloyds
2015-02-18,76.9193115234375,77.51643235404724,76.48141937101548,76.97902132865748,115917224,Lloyds
2015-02-19,76.8595962524414,77.45671704058763,76.43165829558943,76.92926021784508,97685401,Lloyds
2015-02-20,77.60599517822266,77.99412405036479,76.68244466053791,76.80982910609386,163816073,Lloyds
2015-02-23,78.64099884033203,79.11869999244011,77.72541319099393,77.87469527557785,157129418,Lloyds
2015-02-24,78.83009338378906,79.22817642889888,78.38225470354212,78.94952057516277,190128527,Lloyds
2015-02-25,78.85995483398438,79.1386107108672,78.52158915285614,78.83009993186167,132596556,Lloyds
2015-02-26,78.12348937988281,79.62624907228283,78.12348937988281,78.86989214465876,212277882,Lloyds
2015-02-27,78.62110137939453,79.70586989312197,78.3225371977948,79.61630519432359,261336205,Lloyds
2015-03-02,79.60636901855469,79.61234455550638,77.95930754751497,78.37231813517334,203143672,Lloyds
2015-03-03,79.05899047851562,80.06414082651808,78.95946402656887,79.61630216396668,156582737,Lloyds
2015-03-04,79.4869384765625,79.4869384765625,78.52158947567594,78.91967255548938,134809615,Lloyds
2015-03-05,80.55181884765625,80.79066569548262,79.29388097965764,79.61632460386345,177584135,Lloyds
2015-03-06,81.03943634033203,81.42756516990019,80.41942335146554,80.73092562780388,179462230,Lloyds
2015-03-09,79.9845199584961,81.10909734782435,79.80836696896516,80.99962433907189,129158789,Lloyds
2015-03-10,78.37229919433594,80.15371490620697,78.23297126985909,80.08405094396855,145200911,Lloyds
2015-03-11,77.78512573242188,79.06893183854243,77.48656158186255,78.68080299849635,143166702,Lloyds
2015-03-12,78.82012939453125,79.62624954841459,77.65076961173757,77.76521591036979,191558975,Lloyds
2015-03-13,78.62110137939453,79.30779444139239,78.27278156272988,79.15851235059253,125446888,Lloyds
2015-03-16,78.96942138671875,79.23813066936778,78.4419645783813,79.01918461470636,149987027,Lloyds
2015-03-17,79.0788803100586,79.536673073246,78.62108754687118,79.11868936678809,138974548,Lloyds
2015-03-18,79.11870574951172,79.41726994040458,78.48177589555623,79.0191868834817,149980532,Lloyds
2015-03-19,79.11870574951172,79.49688047754692,78.86990478803527,79.27794200940198,158815738,Lloyds
2015-03-20,80.24327850341797,80.24327850341797,78.72061792622435,79.61630285186834,316386458,Lloyds
2015-03-23,80.09400177001953,80.64135928113812,76.63367332320843,80.01438364712159,141320482,Lloyds
2015-03-24,80.2034683227539,80.61150551372647,79.86510268489567,80.40251363279012,128294906,Lloyds
2015-03-25,80.11390686035156,80.62146293042048,79.88202267138415,80.34280707792854,138566887,Lloyds
2015-03-26,79.34761047363281,80.09401340038059,78.62110828409824,79.6163121864286,150315725,Lloyds
2015-03-27,78.67086029052734,79.72080056137851,78.4419600848205,79.36749988563147,123998202,Lloyds
2015-03-30,79.00922393798828,79.4570625817522,78.68678041819034,79.4570625817522,101321744,Lloyds
2015-03-31,77.90455627441406,79.26798828427032,77.92446460341208,79.00923315691598,161775894,Lloyds
2015-04-01,79.00922393798828,80.03428257049826,77.83488322662302,78.04387509989964,215994003,Lloyds
2015-04-02,78.70816040039062,79.33519534886928,78.05126013610978,78.05126013610978,99901518,Lloyds
2015-04-07,79.7233657836914,80.19115704399964,78.7081651966453,79.65369522961491,156773840,Lloyds
2015-04-08,79.30532836914062,79.71837786403692,79.16598728574422,79.39490152552993,110793916,Lloyds
2015-04-09,79.30532836914062,79.65368107763162,78.62055996486157,79.62382335883518,128618569,Lloyds
2015-04-10,78.92711639404297,79.37499735424538,78.40955729998926,79.22570116967145,116428510,Lloyds
2015-04-13,79.0266342163086,79.22768020892221,78.37968923093686,78.79771241772411,70990947,Lloyds
2015-04-14,79.52430725097656,79.55416497433576,70.56662575422497,78.63849268822389,141123486,Lloyds
2015-04-15,79.96222686767578,80.19114871788474,79.31528932993065,79.50439076077795,143981080,Lloyds
2015-04-16,79.52430725097656,80.22101277442674,79.26552765932905,80.22101277442674,117197029,Lloyds
2015-04-17,78.37969970703125,79.89254898245018,78.03930501314028,79.62382192460318,152657700,Lloyds
2015-04-20,78.220458984375,79.18589917058635,77.9766158566448,78.74797325443883,123389811,Lloyds
2015-04-21,78.64842987060547,79.12617616216723,77.96167954298005,78.6683400792437,117137665,Lloyds
2015-04-22,77.86215209960938,78.96692569802589,77.14553645148641,78.74796655533922,140516091,Lloyds
2015-04-23,78.61857604980469,78.68028858741988,77.3495697561369,77.93182568812382,118765641,Lloyds
2015-04-24,78.72806549072266,79.05651563318166,78.17070107456483,78.50909872908332,106686162,Lloyds
2015-04-27,78.28018188476562,79.10628096981486,77.71286238165767,79.10628096981486,103818289,Lloyds
2015-04-28,77.63322448730469,78.12091825853956,76.74741009743109,77.93181684966355,131563887,Lloyds
2015-04-29,77.05596160888672,78.62853411360368,77.05596160888672,77.95173123774576,115184472,Lloyds
2015-04-30,77.01616668701172,78.21052900100578,75.74218629356908,77.53372596779911,197184464,Lloyds
2015-05-01,82.48033142089844,82.97798032090587,78.93706608925221,79.62382400118874,465081912,Lloyds
2015-05-05,82.02251434326172,83.60503456696037,82.02251434326172,83.08748293221905,294966462,Lloyds
2015-05-06,82.29122161865234,83.22680397160734,81.6144188174014,82.94811421172322,219388501,Lloyds
2015-05-07,81.7437973022461,82.3011691773951,80.96746631182725,82.05234475259321,197116222,Lloyds
2015-05-08,86.4416275024414,88.58151966473181,86.06341700607975,88.58151966473181,520404024,Lloyds
2015-05-11,86.19277954101562,86.98902074063767,85.99670729077778,86.09325128944258,212055374,Lloyds
2015-05-12,86.6108169555664,87.63598013607246,85.68518963647344,85.95392431265661,204686323,Lloyds
2015-05-13,88.32273864746094,88.37250658275839,86.47148383850325,86.7899788812529,250038275,Lloyds
2015-05-14,88.40232849121094,88.73475750994112,87.77529376551209,88.3326579661333,142648470,Lloyds
2015-05-15,88.58150482177734,88.78056134576673,88.12366874178602,88.58150482177734,167482269,Lloyds
2015-05-18,87.72554779052734,88.52178907071267,87.1980411696504,87.83503115639081,156471363,Lloyds
2015-05-19,87.58618927001953,87.9843098308596,87.37717768412006,87.68571751185002,162949370,Lloyds
2015-05-20,87.3174819946289,88.03409005389861,87.23287499675475,87.58620906766507,154246010,Lloyds
2015-05-21,87.42695617675781,87.63597539961235,86.97011484545742,87.46676900046727,83029996,Lloyds
2015-05-22,87.56631469726562,87.99429310833914,86.85964648890659,87.41701848995709,120092903,Lloyds
2015-05-26,86.41175842285156,87.44885859298107,86.2326045073763,86.59091233832683,141183605,Lloyds
2015-05-27,86.99898529052734,87.65587789705236,86.26245944317061,86.2923171625327,113292743,Lloyds
2015-05-28,87.52650451660156,87.59617506965022,86.59092200978756,86.93927477503082,86598482,Lloyds
2015-05-29,87.35729217529297,88.14357841701545,87.02884964375443,87.28762162696415,176304098,Lloyds
2015-06-01,88.24311065673828,88.7606621954244,87.58621043359673,87.60611304936468,163897936,Lloyds
2015-06-02,88.233154296875,88.83033147717727,87.44686809862775,87.77531820552593,230294094,Lloyds
2015-06-03,88.51182556152344,88.92984877684195,87.36723167751605,88.11370495923579,129035516,Lloyds
2015-06-04,87.08857727050781,88.43222808683424,87.08857727050781,88.43222808683424,162118167,Lloyds
2015-06-05,86.68048858642578,87.31748621465108,86.29232302132486,87.28762089974163,129819608,Lloyds
2015-06-08,86.02359008789062,86.80987626961488,85.89420410615867,86.43165824167276,101934753,Lloyds
2015-06-09,86.0733642578125,86.83974028652752,85.56576021132737,85.6752435859324,139287778,Lloyds
2015-06-10,86.32217407226562,86.72028708303155,85.60555850325665,85.9041432613311,124622319,Lloyds
2015-06-11,86.71033477783203,87.03877723419798,86.03353206603306,86.35202701314326,114074378,Lloyds
2015-06-12,86.54113006591797,87.9445034368068,86.08229929430905,86.70038133928918,128697831,Lloyds
2015-06-15,85.97383117675781,86.58096351247931,85.57571808551526,86.13308248807121,106286305,Lloyds
2015-06-16,85.29701232910156,85.85438422087708,85.26715461219769,85.60555978865273,156841015,Lloyds
2015-06-17,85.94396209716797,86.590907175227,85.20744386347218,85.51598374646917,210422425,Lloyds
2015-06-18,85.7249984741211,86.49138204763457,85.20744694904373,85.99373313780183,209722060,Lloyds
2015-06-19,86.09325408935547,86.68047610819717,85.41645132572151,85.82452704201687,456391992,Lloyds
2015-06-22,86.67054748535156,86.98904252626083,86.18284602152117,86.74021803825295,182985461,Lloyds
2015-06-23,86.59091186523438,87.10846339960197,86.13307577119231,86.75016316412895,126154255,Lloyds
2015-06-24,86.72029876708984,87.0885617045362,85.89420732428198,86.25251515706225,124219844,Lloyds
2015-06-25,87.10844421386719,87.6260032277617,86.46150683677637,86.59089279349088,149211761,Lloyds
2015-06-26,86.65061950683594,87.2079914092825,86.33212453123184,87.04874012472085,123152398,Lloyds
2015-06-29,85.46622467041016,86.23260063392316,84.59035774808721,84.61026795642341,177170033,Lloyds
2015-06-30,84.83918762207031,85.85439569357835,84.66003370318772,85.08801208754502,201752094,Lloyds
2015-07-01,86.45157623291016,86.75016864042685,85.41547075414452,85.59561943111736,193879301,Lloyds
2015-07-02,85.80461120605469,86.44160110727356,85.63541242462563,86.3719305741252,119440609,Lloyds
2015-07-03,84.73966979980469,85.90416661932024,84.73966979980469,85.80463833956627,95315517,Lloyds
2015-07-06,83.75434112548828,84.36147360653082,83.62196325143552,84.10269396046623,124032492,Lloyds
2015-07-07,83.60501861572266,84.77947037144622,83.59108450670152,84.60031645638601,153219757,Lloyds
2015-07-08,81.94288635253906,84.45103397720827,81.8433580710124,83.555264256426,267941976,Lloyds
2015-07-09,83.1670913696289,83.60502488227212,81.61442905174184,81.91302146372956,164171079,Lloyds
2015-07-10,83.93346405029297,84.50078348412924,82.90830854647648,83.10736506611327,162764824,Lloyds
2015-07-13,84.89891815185547,85.27712863909645,84.40126917697594,84.89891815185547,148012113,Lloyds
2015-07-14,85.24725341796875,85.43635482601448,84.46992764045532,84.78941736627614,118023307,Lloyds
2015-07-15,85.25721740722656,85.71505350663544,85.0581532812749,85.23730719787142,106123146,Lloyds
2015-07-16,86.10322570800781,86.23261170472577,85.1089225331592,85.40651260366666,140625409,Lloyds
2015-07-17,86.9890365600586,87.06666511738406,85.98378357126688,86.30227859033195,148303785,Lloyds
2015-07-20,87.17813110351562,87.45682086749915,86.77006295205626,86.77006295205626,91428614,Lloyds
2015-07-21,87.23784637451172,87.70563751625433,86.84968087253785,87.51652852018333,123519916,Lloyds
2015-07-22,86.76012420654297,87.21796037199057,85.98379298715265,86.5112997083527,142269026,Lloyds
2015-07-23,85.88424682617188,87.55634740963353,85.88424682617188,87.2577550365613,126720509,Lloyds
2015-07-24,84.9586181640625,85.91012410687885,84.82325608803485,85.49607987051155,100363281,Lloyds
2015-07-27,84.42115783691406,85.10791573862822,84.25195903587475,84.84913618829079,142511602,Lloyds
2015-07-28,84.73966979980469,85.17760334294736,84.25197591354554,84.83919807955866,123839353,Lloyds
2015-07-29,85.19749450683594,85.40650614427433,84.65804325396543,84.86904439363848,204278366,Lloyds
2015-07-30,85.61551666259766,86.20274633550386,85.33683448298923,85.59561404699129,163613619,Lloyds
2015-07-31,82.80876922607422,86.04348689261649,82.7988217159725,85.59560594542599,319963946,Lloyds
2015-08-03,82.67938995361328,83.73440321735248,82.3907526733692,82.45046811289563,161848144,Lloyds
2015-08-04,82.08219909667969,82.67937617296846,81.59450537028768,82.24144277338138,171131219,Lloyds
2015-08-05,82.51019287109375,82.85854559814774,81.67413873264424,82.32108385061304,190309582,Lloyds
2015-08-06,82.9083251953125,83.24672286535264,82.31114032944237,82.35095316006844,128534193,Lloyds
2015-08-07,81.7437973022461,83.18698352220828,81.4850253677857,83.14717070301772,122413479,Lloyds
2015-08-10,80.9177017211914,82.11205585992845,79.932351583539,81.95280459155369,208706301,Lloyds
2015-08-11,80.6987533569336,81.08691891988181,79.99209277839914,80.62908280957161,145115289,Lloyds
2015-08-12,79.7830810546875,80.57533579152467,79.14210442609287,79.99209269655961,257973532,Lloyds
2015-08-13,79.08380889892578,80.66050781832472,79.05394838514049,79.8204036787049,123284110,Lloyds
2015-08-14,79.73081970214844,80.55699607674168,78.95043653960406,79.2629847046262,117583771,Lloyds
2015-08-17,79.63129425048828,80.25838795878735,79.19331970195636,80.25838795878735,104675414,Lloyds
2015-08-18,79.90996551513672,80.11899665431939,79.35851820757593,79.58148475603745,106553860,Lloyds
2015-08-19,78.54629516601562,79.8502547418466,78.4965225861107,79.73080510661245,103736520,Lloyds
2015-08-20,77.99884796142578,78.81407352326244,77.7480104953578,77.83958173864717,127096190,Lloyds
2015-08-21,75.50041198730469,77.8684451822509,75.48548172862576,77.04327120079857,158915757,Lloyds
2015-08-24,73.12142181396484,74.77377451615106,71.83736651502306,72.77303648345288,360853715,Lloyds
2015-08-25,76.32658386230469,77.54096212408759,74.65432664176004,75.1520221527051,262946020,Lloyds
2015-08-26,75.72935485839844,76.94373318577374,74.71405170846151,76.03792366169729,153043319,Lloyds
2015-08-27,77.32197570800781,77.78981070835758,76.80437571257183,77.6504565713467,175478368,Lloyds
2015-08-28,77.02336883544922,77.74005171930317,76.47590822833962,77.35184975625432,131473530,Lloyds
2015-09-01,75.21174621582031,76.70881978018583,74.54483602688465,76.18723279805828,180146654,Lloyds
2015-09-02,75.51036071777344,76.49579566638404,74.46519714599545,75.60989829741169,118535442,Lloyds
2015-09-03,76.56546020507812,76.94371357774217,75.83882915779172,76.15735391706028,118362763,Lloyds
2015-09-04,75.17191314697266,76.24494739226867,74.92008090396321,75.9383683491068,130486657,Lloyds
2015-09-07,75.32122802734375,76.11754378976107,74.83348860983386,75.73929038520937,59293677,Lloyds
2015-09-08,75.53025817871094,76.77449679416681,75.45063267893643,75.72934091372177,123969098,Lloyds
2015-09-09,76.64511108398438,76.95367988027245,76.10759900403572,76.64511108398438,151161680,Lloyds
2015-09-10,75.96822357177734,76.45596292467806,75.10223086443085,75.40085113433763,232823490,Lloyds
2015-09-11,75.43073272705078,76.21709256966335,75.26947682491904,76.18723205317177,105794400,Lloyds
2015-09-14,74.14666748046875,75.92841813800091,73.83809872552202,75.64970989556772,126163878,Lloyds
2015-09-15,75.2316665649414,75.57009591802166,73.61913013318028,74.24622383730474,197060721,Lloyds
2015-09-16,75.15200805664062,75.65965950897038,74.73394572847702,75.47053282013138,122397523,Lloyds
2015-09-17,73.95755767822266,74.92308061267985,73.69875388014837,74.92308061267985,190562453,Lloyds
2015-09-18,72.37486267089844,73.66887372202515,71.26997829804245,73.58924063704497,488941076,Lloyds
2015-09-21,73.88787841796875,74.08695358336551,72.12802175632294,72.27534223902423,129027864,Lloyds
2015-09-22,71.96675872802734,74.00730533560031,71.96675872802734,73.79827417643796,148376143,Lloyds
2015-09-23,72.61377716064453,73.43995359004032,71.81746884317828,71.81746884317828,127696559,Lloyds
2015-09-24,73.4996566772461,74.1566182831051,72.87355802008791,73.01191728740591,190165631,Lloyds
2015-09-25,75.16197967529297,75.53026950036585,74.06705104841278,74.31589880880514,209363990,Lloyds
2015-09-28,73.74850463867188,75.07237629551007,73.58924605122334,74.52491588300815,155013499,Lloyds
2015-09-29,73.0218734741211,73.44989184403846,72.7929302368134,73.03182950902044,145433068,Lloyds
2015-09-30,74.81359100341797,75.15202029727433,73.8878770721459,74.0670477554318,177155664,Lloyds
2015-10-01,74.8733139038086,76.00805906156066,74.51497252828365,75.5899966548585,141403257,Lloyds
2015-10-02,76.19718170166016,77.36178731257644,75.07736686172593,75.66961810902649,213498025,Lloyds
2015-10-05,76.91385650634766,77.62655983933847,76.65506032335323,77.39164751089882,152002576,Lloyds
2015-10-06,76.55553436279297,77.20253251268943,76.01802224894347,77.20253251268943,147725946,Lloyds
2015-10-07,76.32658386230469,77.3916519519579,76.00805903906908,76.79441885766998,142784021,Lloyds
2015-10-08,75.92842102050781,76.50574959845397,75.31128348718566,76.10759169662109,116667299,Lloyds
2015-10-09,76.85413360595703,77.26523206926704,75.99809678957459,76.38629864883754,112355384,Lloyds
2015-10-12,75.55017852783203,77.0432650299859,75.47054542510179,76.87405038235715,107223357,Lloyds
2015-10-13,74.40547180175781,75.55017288678472,74.12676355724277,75.24159653530297,163122263,Lloyds
2015-10-14,73.53949737548828,74.41544647099279,73.53949737548828,74.09692159832714,117123682,Lloyds
2015-10-15,74.28601837158203,74.35569542916063,73.25778245169435,73.66888088852293,117505616,Lloyds
2015-10-16,74.85338592529297,75.2027736284398,74.38256649711911,74.78370887231468,99311361,Lloyds
2015-10-19,75.12215423583984,75.41081851505551,74.63441480955203,74.82353392100154,84608098,Lloyds
2015-10-20,75.2316665649414,75.58403133366888,74.71405890298907,75.27148312310943,141071103,Lloyds
2015-10-21,75.9582748413086,76.0777244796026,75.14205463187376,75.5800290447221,121644119,Lloyds
2015-10-22,76.3763656616211,76.62919282453215,75.53027711559665,75.91847905341015,120998612,Lloyds
2015-10-23,77.47128295898438,77.64049760550924,76.4241296881819,76.9238148740738,141293852,Lloyds
2015-10-26,77.1427993774414,77.64546907817149,76.88399560153259,77.20252040487023,81160928,Lloyds
2015-10-27,77.04324340820312,77.44140121588272,76.72471868090516,77.34185606829142,112439327,Lloyds
2015-10-28,73.65892791748047,74.04712976788554,73.0616948856442,73.26077003151295,290695475,Lloyds
2015-10-29,73.87791442871094,73.9575475239897,71.73085854816513,73.43993999890768,251076921,Lloyds
2015-10-30,73.39017486572266,74.33579318905127,72.56399859084738,74.15662252214133,158094748,Lloyds
2015-11-02,74.65433502197266,74.81360124858406,72.93230501933722,73.1811528027438,104636464,Lloyds
2015-11-03,74.12677764892578,74.78373183670986,73.69875916513027,74.654333725509,105038860,Lloyds
2015-11-04,73.50961303710938,74.67421851348504,73.4697964916483,74.46518734548656,126411878,Lloyds
2015-11-05,72.56401824951172,73.82816170157426,72.48438513281575,73.82816170157426,120113210,Lloyds
2015-11-06,73.4001235961914,73.68878787147442,72.29523907826436,72.52418232908536,117274316,Lloyds
2015-11-09,72.66354370117188,74.0073200452926,72.65358766469122,73.67883918950756,109216829,Lloyds
2015-11-10,72.62374877929688,73.09158390822536,72.31517990457084,72.67352138229339,107057480,Lloyds
2015-11-11,73.1114730834961,73.42999793096959,72.36492976027088,72.70336668246664,69811562,Lloyds
2015-11-12,72.20567321777344,73.3503745319387,72.10613562398333,73.25082934391698,99712090,Lloyds
2015-11-13,72.40473175048828,72.673491545555,71.96676491970861,72.23551712054547,99304619,Lloyds
2015-11-16,72.34500885009766,72.85266032098703,71.90305506010144,71.9667630528205,80553107,Lloyds
2015-11-17,73.4996566772461,73.63403656830444,72.89247524578028,73.26076499976531,110125654,Lloyds
2015-11-18,73.65892791748047,73.74453007831943,73.20104900659832,73.42998466492438,84476077,Lloyds
2015-11-19,72.99202728271484,74.05709539899614,72.72924410711977,73.74851901041843,212597855,Lloyds
2015-11-20,71.44917297363281,73.34041760976177,71.44917297363281,73.26078449799746,208513417,Lloyds
2015-11-23,71.44917297363281,71.76769782645853,70.85193982386355,71.37949589939693,106890690,Lloyds
2015-11-24,71.27000427246094,71.56862465285464,70.22484812954644,71.42927050046605,261759820,Lloyds
2015-11-25,71.83737182617188,72.06631511413798,71.29985973611471,71.30981577321704,140668394,Lloyds
2015-11-26,72.7929458618164,72.89249104371812,71.73783376289224,72.06631463701316,83225081,Lloyds
2015-11-27,73.06169891357422,73.4598568214924,72.414693262486,72.58390790522633,65455736,Lloyds
2015-11-30,72.62374877929688,75.21176465622293,71.66817403678108,71.76771164854112,148974404,Lloyds
2015-12-01,74.36565399169922,75.17191819882893,74.05708523968265,74.80362842235238,219889534,Lloyds
2015-12-02,74.10682678222656,74.85336972869987,74.09986287555017,74.65429464733135,116393843,Lloyds
2015-12-03,72.66354370117188,74.29598434938578,72.66354370117188,73.9575550513508,170320753,Lloyds
2015-12-04,72.67350006103516,73.0417898759202,72.40474023447665,72.82281023198647,83265946,Lloyds
2015-12-07,72.14595031738281,73.65894144892596,72.07627324410579,73.2309229718724,86541385,Lloyds
2015-12-08,70.98133087158203,72.19073490418333,70.98133087158203,72.15589257341672,191576570,Lloyds
2015-12-09,70.34428405761719,71.63829546723976,70.34428405761719,71.46908081044896,127907874,Lloyds
2015-12-10,71.70796966552734,72.10612759056016,69.92621883653429,70.27460417310148,150274468,Lloyds
2015-12-11,69.68731689453125,71.76768016639039,69.5778232913566,71.40933884586055,124499131,Lloyds
2015-12-14,68.36344909667969,70.43386404523046,68.25395548728892,69.97598513061003,132788743,Lloyds
2015-12-15,70.01578521728516,70.59311370382194,68.79145878621932,68.79145878621932,148969299,Lloyds
2015-12-16,70.2049331665039,70.41396438648965,69.62760450507768,70.33433886999373,130989875,Lloyds
2015-12-17,71.00123596191406,71.76768362686335,70.67275513655152,71.2003111077053,110414313,Lloyds
2015-12-18,70.71256256103516,71.42326848592734,70.46868908381057,70.65284154384915,334819913,Lloyds
2015-12-21,70.62297821044922,71.568604080387,70.41394704195254,70.42390307689892,84476990,Lloyds
2015-12-22,70.98133087158203,71.56861551961477,70.61004892930228,71.10078052734228,55402909,Lloyds
2015-12-23,73.310546875,73.44990100405167,71.39342136500277,71.46907508890536,105693991,Lloyds
2015-12-24,73.16123962402344,73.32548005285445,72.36492377409687,73.16123962402344,18116240,Lloyds
2015-12-29,73.65892791748047,73.87791513447411,72.66353699967668,73.26077003151295,73868345,Lloyds
2015-12-30,73.26078796386719,73.6489899092941,72.8825420564397,73.22097140610137,43620349,Lloyds
2015-12-31,72.73321533203125,73.69377153350867,72.13598228975124,72.13598228975124,21470851,Lloyds
2016-01-04,71.04106140136719,72.29524864643919,70.43387225820953,71.8771862314152,131789192,Lloyds
2016-01-05,71.24011993408203,72.06629612860449,70.84196209142537,71.96675856649763,133545553,Lloyds
2016-01-06,70.67276763916016,71.20032370364306,70.18701781834308,71.17046318591481,128433516,Lloyds
2016-01-07,69.16970825195312,71.07090842650585,68.5625192240552,69.37873941978576,215183324,Lloyds
2016-01-08,68.55258178710938,70.3542370901669,68.55258178710938,69.50815624811268,128699010,Lloyds
2016-01-11,68.61228942871094,69.88638846142078,68.54261237517929,68.68196648224259,220833823,Lloyds
2016-01-12,68.98060607910156,69.7868704377432,68.33360034702417,68.45304241838951,132281416,Lloyds
2016-01-13,67.48751068115234,69.20754311498936,67.15902983903348,68.99054557527732,179968457,Lloyds
2016-01-14,66.22335815429688,67.01967394556627,65.30760031029821,66.80068672325568,242747694,Lloyds
2016-01-15,64.41175079345703,66.7409696858838,64.32216924855595,66.19350159738609,246968470,Lloyds
2016-01-18,63.66520690917969,65.34742011507807,62.04272232685201,64.29230049994253,170583545,Lloyds
2016-01-19,65.47681427001953,66.19349695589705,63.70501962672798,64.38188576403117,210170994,Lloyds
2016-01-20,63.75479507446289,64.16290142577648,60.718849558829234,64.16290142577648,189241743,Lloyds
2016-01-21,64.40178680419922,64.73026761673435,62.49063814000707,63.30685835664516,171673945,Lloyds
2016-01-22,66.55183410644531,67.00971299486102,65.5166266914156,65.70575338667217,142263043,Lloyds
2016-01-25,62.84899139404297,66.42244927534722,62.84899139404297,66.37267668428005,190843090,Lloyds
2016-01-26,64.4316635131836,64.91940298241376,61.57488857637404,62.01285925445434,163795325,Lloyds
2016-01-27,64.62078857421875,64.63074461163202,62.759408275087054,64.43166942875517,171526712,Lloyds
2016-01-28,63.77470397949219,65.39718864968509,62.95848362597605,64.95922175375539,109003837,Lloyds
2016-01-29,65.15828704833984,65.3971787366563,63.92400446543665,64.53119351867295,175574798,Lloyds
2016-02-01,63.8941535949707,65.72566947214617,63.29691668982977,65.45691723151556,145104318,Lloyds
2016-02-02,61.65451431274414,63.904096197650134,61.28622072302242,63.54575864385111,192112600,Lloyds
2016-02-03,60.41027069091797,62.142252479966345,59.97031038576075,61.316076233096155,171536717,Lloyds
2016-02-04,62.48069381713867,63.00824983452292,60.47000353210456,61.71424228790919,127439872,Lloyds
2016-02-05,61.51517105102539,63.167520174308144,61.21655447156288,62.83904307603413,142689278,Lloyds
2016-02-08,59.08641052246094,62.898756087956805,58.73304717218827,62.70963316442245,168444396,Lloyds
2016-02-09,57.86207580566406,59.9424430005861,56.73728299193008,58.79774191260465,269347254,Lloyds
2016-02-10,58.13083267211914,59.048580206676476,57.35442515344468,58.290095071339394,190492315,Lloyds
2016-02-11,55.74189758300781,57.514687242491554,55.58263517036955,57.513692398247905,167531274,Lloyds
2016-02-12,58.21046447753906,58.21046447753906,56.315240706146,56.82687161282822,153947298,Lloyds
2016-02-15,59.56419372558594,60.12161401636543,56.428710760263314,59.434791840793096,167523253,Lloyds
2016-02-16,60.27091979980469,60.61930890211549,59.086405965024056,59.95239500730712,119149806,Lloyds
2016-02-17,62.50060272216797,62.77931099119745,60.23310211226716,60.60935827545696,123795071,Lloyds
2016-02-18,62.1522102355957,63.247142570924595,61.78391664323148,63.087880169055055,107730262,Lloyds
2016-02-19,61.51517105102539,62.868903594845634,60.83830477911527,62.15222076644296,126240675,Lloyds
2016-02-22,62.82908248901367,63.36758941566832,61.744106084405594,62.16217230307435,142297476,Lloyds
2016-02-23,62.63995361328125,63.685113365140396,62.092489342985054,62.271660020116926,123837862,Lloyds
2016-02-24,61.91332244873047,63.301893382785984,61.61470590097039,62.709634508462464,131420354,Lloyds
2016-02-25,70.31443786621094,70.42393151214299,65.99444345119241,68.18430118136811,366769885,Lloyds
2016-02-26,71.79754638671875,72.27533738349558,71.36952797506272,71.4392050376937,174266595,Lloyds
2016-02-29,72.0663070678711,72.16584464508722,70.17506272384342,70.87183335858661,164944060,Lloyds
2016-03-01,72.73321533203125,72.9522025528543,71.34663800717574,72.06630522805574,146582931,Lloyds
2016-03-02,72.93229675292969,73.56636186599795,72.23552607605843,73.45986037311029,115633144,Lloyds
2016-03-03,72.24546813964844,73.24085896793493,71.85726632415505,73.14132140395215,109002364,Lloyds
2016-03-04,72.9024429321289,73.07166519282114,72.28530530286473,72.93230345041827,97930562,Lloyds
2016-03-07,72.41471099853516,73.04180473099059,71.62835102621226,73.02190024812332,106192800,Lloyds
2016-03-08,70.30445861816406,71.76768449963714,69.95607331167764,71.67810296121068,142440310,Lloyds
2016-03-09,69.44843292236328,71.07092525737443,69.38871188719081,70.55331763844194,128604013,Lloyds
2016-03-10,68.63220977783203,70.67276446558716,68.63220977783203,69.67737341677608,169304006,Lloyds
2016-03-11,69.82669830322266,70.68273539307863,68.64218027544302,69.91627987125676,109499300,Lloyds
2016-03-14,69.98593139648438,70.66279750884571,69.51809646076303,70.17505809668573,108051495,Lloyds
2016-03-15,68.89102935791016,69.90633271304436,68.72181466346538,69.55793969076859,99306004,Lloyds
2016-03-16,68.47293853759766,69.30806837516676,67.85579346716824,68.90095691346023,123553456,Lloyds
2016-03-17,68.98060607910156,69.11000418782449,67.37802580494446,69.08014366998314,115516162,Lloyds
2016-03-18,69.57782745361328,70.69266043374864,69.32897972137162,69.73708605324829,184138606,Lloyds
2016-03-21,69.46834564208984,70.07553481942026,69.10503001769752,69.23940234808354,79186291,Lloyds
2016-03-22,69.04032135009766,69.30907358246097,68.18428447037637,69.24935255176484,108207822,Lloyds
2016-03-23,68.58243560791016,69.35883930704917,68.13450513932456,69.07017503019979,80796592,Lloyds
2016-03-24,67.7363510131836,68.56251965478965,67.62685741112202,68.20417833790262,94958628,Lloyds
2016-03-29,67.68658447265625,68.77852846425958,67.16898452109136,68.17432391085416,87938073,Lloyds
2016-03-30,67.48751068115234,68.49285009118101,67.28842793097557,68.14446477115966,145228666,Lloyds
2016-03-31,67.70648956298828,67.9424043280293,66.92013738977285,67.31828769724333,126157038,Lloyds
2016-04-01,67.63681030273438,68.18925256976976,67.03957726669805,67.26852052086417,112775310,Lloyds
2016-04-04,68.00511169433594,68.3734090921831,67.3581060361636,67.43773913746523,96100743,Lloyds
2016-04-05,66.6314697265625,67.79607526481972,66.34280545230364,67.55718357358926,159802304,Lloyds
2016-04-06,67.7662124633789,68.01506018165433,66.57173885911905,66.85045468274046,127692393,Lloyds
2016-04-07,64.54020690917969,67.77617842171246,64.2982595762419,66.42204819644327,124142215,Lloyds
2016-04-08,65.61555480957031,67.00951345490836,64.61887601139325,64.71943799496275,85284392,Lloyds
2016-04-11,65.23719024658203,66.2328739094182,65.14758236322926,65.61555490019641,75068393,Lloyds
2016-04-12,66.35234069824219,66.71078732741987,65.31682905800238,66.00385303000317,123077568,Lloyds
2016-04-13,68.70215606689453,70.3749045184687,67.19867197378366,67.25841814465315,168643107,Lloyds
2016-04-14,68.50303649902344,69.339407098459,68.24415662928534,68.95109109208346,158864625,Lloyds
2016-04-15,67.9056167602539,68.796757813686,67.59695728294547,68.65237944132619,109183421,Lloyds
2016-04-18,68.15452575683594,68.33374907286642,66.90992150564126,67.16880131689896,82945056,Lloyds
2016-04-19,67.55713653564453,68.5528202210526,67.55713653564453,68.1445938601964,126877759,Lloyds
2016-04-20,67.467529296875,67.75627847998638,66.50171489733854,67.13895185438994,142050767,Lloyds
2016-04-21,68.40345001220703,68.52293476099582,67.41772552320057,67.52725131047484,132566193,Lloyds
2016-04-22,67.70649719238281,68.88040922244888,67.44761728199013,68.37360350333277,104940693,Lloyds
2016-04-25,67.29823303222656,68.34370357358436,66.82030928497689,67.93547735599448,106619451,Lloyds
2016-04-26,69.6978530883789,70.4794683728866,67.44760599023014,67.70648585728237,165360590,Lloyds
2016-04-27,68.95108795166016,69.67794030789027,68.25411248387474,69.56841450631501,125630137,Lloyds
2016-04-28,67.81600952148438,68.28398202145038,65.81468339041263,66.13330183346947,232367452,Lloyds
2016-04-29,66.78050231933594,68.02510688589317,66.41209663290816,67.62683190530217,160030652,Lloyds
2016-05-03,65.30687713623047,67.67660872860249,65.2770078466564,67.2086362680429,173798055,Lloyds
2016-05-04,64.51033020019531,65.61553941279523,64.49041227762031,65.21726452237388,112057722,Lloyds
2016-05-05,63.80341339111328,64.99823079387536,63.62419002105259,64.72939953701622,117537654,Lloyds
2016-05-06,64.7293930053711,64.92852668691621,63.375262700767856,63.52461296192669,117597896,Lloyds
2016-05-09,64.09215545654297,65.71014129113908,64.03240927551693,65.19238157004908,101074841,Lloyds
2016-05-10,65.13761138916016,65.39649122077365,64.14192790991358,64.23154337320607,102981024,Lloyds
2016-05-11,65.40647888183594,65.42638921771388,64.23157155693697,64.82898038732542,91514029,Lloyds
2016-05-12,64.62982177734375,65.61554634806544,64.03240558033667,64.9882608605005,98924084,Lloyds
2016-05-13,66.11336517333984,66.13327549464871,64.24844946914794,64.44061711437902,113245087,Lloyds
2016-05-16,66.38223266601562,66.56145604184134,65.29694104318393,65.5359030121302,70182237,Lloyds
2016-05-17,66.98958587646484,67.37790184077284,66.61122887434645,66.85019079166005,147608944,Lloyds
2016-05-18,69.20001220703125,69.44893311425078,66.71080313483588,67.07920881224756,249709373,Lloyds
2016-05-19,68.78181457519531,70.65369672717783,68.72605654506098,69.55844645105549,252701879,Lloyds
2016-05-20,70.03638458251953,70.04634354607022,68.85152619974534,69.59828894031425,156662345,Lloyds
2016-05-23,69.9168930053711,70.8428789168149,69.58831564404481,70.18572419416232,113598792,Lloyds
2016-05-24,72.10741424560547,72.10741424560547,69.43201557515974,69.67795109847295,210975875,Lloyds
2016-05-25,73.42169189453125,73.42169189453125,72.38618024546736,72.65501901787223,222609500,Lloyds
2016-05-26,72.49569702148438,73.68056255286403,71.68919599738122,73.68056255286403,143473865,Lloyds
2016-05-27,72.13725280761719,72.79440743885272,71.81863445211351,72.57535589510753,133488798,Lloyds
2016-05-31,71.7091293334961,72.95373383009321,71.32081333827483,72.68490260127194,560494066,Lloyds
2016-06-01,71.03205871582031,71.97796261830129,70.17477514378162,71.97796261830129,276181503,Lloyds
2016-06-02,70.22555541992188,71.64938311621704,70.13594755201441,70.93248978710868,279461684,Lloyds
2016-06-03,69.6978530883789,70.99224482717692,69.21992161047196,70.74332392328985,98812617,Lloyds
2016-06-06,69.33939361572266,70.01347324406518,69.09744630952552,69.6480530488593,155224212,Lloyds
2016-06-07,69.94676208496094,70.69352466949789,69.64805401256143,69.70780018491843,137756498,Lloyds
2016-06-08,69.55844116210938,70.32511401816171,69.03073018896849,69.5086539547914,97527172,Lloyds
2016-06-09,68.81167602539062,69.37921522360243,68.6822399263111,69.37921522360243,95480126,Lloyds
2016-06-10,66.76056671142578,68.72803479906675,66.66099230663194,68.51296380818152,122961296,Lloyds
2016-06-13,63.95274353027344,66.35233640173405,63.9129152855592,65.88436402191792,244673005,Lloyds
2016-06-14,61.91160202026367,63.78348431652532,61.91160202026367,63.73370469804672,213494426,Lloyds
2016-06-15,62.728065490722656,63.26573553507582,62.36961879448721,62.66832310860627,211708628,Lloyds
2016-06-16,61.09514236450195,62.24913997751204,60.925874188335435,61.73237921969797,186711784,Lloyds
2016-06-17,64.76921844482422,65.19736267834733,61.911603900475725,62.230222334972275,290521881,Lloyds
2016-06-20,69.6978530883789,69.77750960077393,64.24847708588516,67.95540676116944,255177180,Lloyds
2016-06-21,70.02642822265625,70.39482628666744,64.248474992171,69.69785081708177,205753514,Lloyds
2016-06-22,70.24549102783203,71.1515592827765,68.95109912480953,70.2952706570473,203259814,Lloyds
2016-06-23,71.83856201171875,71.93812883683722,69.70780004904356,70.86278889404925,216298506,Lloyds
2016-06-24,56.75395965576172,60.47781762720357,50.76093965008081,50.77985863936575,592322158,Lloyds
2016-06-27,50.9292106628418,56.023124586705336,50.77985662406685,55.33012974711005,766905666,Lloyds
2016-06-28,54.712806701660156,54.89203002771268,51.785494908289685,53.26906492989531,420713250,Lloyds
2016-06-29,55.28036117553711,68.95109834010513,54.55351250802853,55.70850548352917,343470214,Lloyds
2016-06-30,53.82665252685547,55.24052130389833,53.0500167974729,55.02146971378643,383279366,Lloyds
2016-07-01,54.11539077758789,55.65870307210924,53.19936388108583,55.29029748274016,251280167,Lloyds
2016-07-04,52.90067672729492,55.12105095116551,52.84392354569464,54.65307839069117,181211535,Lloyds
2016-07-05,50.79977798461914,52.940495456503186,50.79977798461914,52.34308681277543,320209315,Lloyds
2016-07-06,47.344757080078125,51.237880022855954,46.896698675260886,50.77986645270132,587332198,Lloyds
2016-07-07,49.4854736328125,50.68029466303824,47.09583157236103,47.792810823178655,323227768,Lloyds
2016-07-08,52.372947692871094,52.68161092821465,48.982646777745735,49.251481763709954,252660863,Lloyds
2016-07-11,54.61323928833008,54.87211912928634,52.38291034133636,53.00023305724323,234381468,Lloyds
2016-07-12,56.0072021484375,57.47981827475131,54.715799646154046,55.011518554687505,324797193,Lloyds
2016-07-13,55.08121109008789,56.544867055144074,55.061296964237265,55.987282926020015,187428800,Lloyds
2016-07-14,55.95741653442383,56.4054748936902,55.02147156212711,55.93750240754184,228354985,Lloyds
2016-07-15,55.748321533203125,57.108422537252785,55.379915898870806,55.56909819710393,154468586,Lloyds
2016-07-18,55.35004425048828,56.177458490282724,54.47384173336366,55.559136867617596,175656923,Lloyds
2016-07-19,55.19073486328125,55.509353268768166,54.34440543587494,55.19073486328125,102177048,Lloyds
2016-07-20,56.52494812011719,56.61455977970522,54.64310706699948,55.54917882584248,173751310,Lloyds
2016-07-21,55.95741653442383,56.90331667104587,55.94745757186717,56.34573251304424,175998607,Lloyds
2016-07-22,54.25480270385742,55.9673759657311,54.06562038317085,55.718455058075406,180048175,Lloyds
2016-07-25,53.567771911621094,54.75263771570108,53.18941111549403,53.88639032997088,193538131,Lloyds
2016-07-26,53.89634323120117,54.45392350149571,52.72143652132235,53.229233381516416,161405121,Lloyds
2016-07-27,55.50935363769531,56.02710949961042,53.82664993514449,54.17513763151474,170110918,Lloyds
2016-07-28,52.27338409423828,54.82233523838721,52.26840461320077,53.866476185436895,454732161,Lloyds
2016-07-29,52.92058181762695,54.36232964286646,52.22360257804026,52.54222100786881,179133676,Lloyds
2016-08-01,53.020145416259766,53.80673627861165,52.57806170716698,53.42837549194867,124451070,Lloyds
2016-08-02,52.50239181518555,52.78118198673947,51.199043964939754,52.77122682271164,197630512,Lloyds
2016-08-03,52.76126480102539,53.32880403262623,52.39883382688113,52.601955609667804,156900272,Lloyds
2016-08-04,51.72574996948242,53.737030760282,51.72574996948242,52.950440014716875,239779098,Lloyds
2016-08-05,52.92058181762695,52.92058181762695,50.461242251545976,51.62619017343826,234096939,Lloyds
2016-08-08,54.314537048339844,54.39419355571891,52.98032093559114,53.428379294020054,153955095,Lloyds
2016-08-09,54.802425384521484,54.89203705902642,54.01583444144835,54.43401972365041,210465324,Lloyds
2016-08-10,55.2504768371582,55.38987191376691,54.1602022336057,54.4340129060211,153385920,Lloyds
2016-08-11,54.99007034301758,55.46807121242531,54.273067139499375,54.960192676995504,163909389,Lloyds
2016-08-12,55.16931915283203,56.31452834066155,53.77514715159868,54.6016929034702,110381149,Lloyds
2016-08-15,54.27306365966797,55.637357957720425,53.97431361029478,55.418276614213674,103658205,Lloyds
2016-08-16,53.72535705566406,54.25314896028162,53.446520371213424,53.874730187764214,119051951,Lloyds
2016-08-17,53.2573127746582,54.33281755786707,52.88885449099434,54.073898051325756,129225730,Lloyds
2016-08-18,53.645687103271484,53.83489838455303,53.117895210882054,53.526187840597345,95364907,Lloyds
2016-08-19,55.009979248046875,55.009979248046875,53.23738868356728,53.48634766970309,216051135,Lloyds
2016-08-22,55.308738708496094,55.766822409429786,54.27306823774863,54.78094298464237,174467116,Lloyds
2016-08-23,57.350196838378906,57.599155844657886,55.32964621200976,55.746900230132184,242483214,Lloyds
2016-08-24,59.0232048034668,59.17257793589041,56.98174160317208,57.041489336616266,230985457,Lloyds
2016-08-25,58.126956939697266,58.873834076968535,57.98754048188347,58.78420866854344,128479249,Lloyds
2016-08-26,57.76844024658203,58.37590076768314,57.658901486007515,57.81823508180349,104221781,Lloyds
2016-08-30,58.61491775512695,58.933585026606536,57.26257053021982,57.53941286477322,135200600,Lloyds
2016-08-31,59.10287094116211,59.89954285921102,58.60395760271852,58.614913380111055,182699155,Lloyds
2016-09-01,60.38750076293945,61.791629518189374,59.262204901300976,59.60078932874913,247207454,Lloyds
2016-09-02,60.69620895385742,61.74183606290201,59.71032957750428,60.70616564303496,285039392,Lloyds
2016-09-05,59.40162658691406,60.720111129078965,59.04312497282966,59.999126744512495,137203669,Lloyds
2016-09-06,57.838157653808594,59.6505788996847,57.79832330143896,59.570910194945434,163462667,Lloyds
2016-09-07,57.38007354736328,58.05126684882334,56.71286520089788,57.858074407251884,175578169,Lloyds
2016-09-08,58.61491775512695,58.83400292882424,57.2406627726128,57.2406627726128,168368025,Lloyds
2016-09-09,59.06303787231445,59.431496149512654,58.003465330041536,58.48545113617552,161414372,Lloyds
2016-09-12,56.73278045654297,58.15682629870533,56.394196050739055,57.86803293517578,194354228,Lloyds
2016-09-13,56.15519714355469,57.02157348800344,56.00084376347602,56.732783905729356,133190485,Lloyds
2016-09-14,56.583404541015625,56.792529201589,55.93610958345452,56.56348736398772,105135458,Lloyds
2016-09-15,56.49378204345703,56.87220082878418,55.79669600695332,56.57345075565782,99538202,Lloyds
2016-09-16,56.27469253540039,56.76265386289244,55.6871491241653,56.03569401489191,237785600,Lloyds
2016-09-19,56.76265335083008,56.981738491663954,56.05561068571906,56.822404879824674,107995135,Lloyds
2016-09-20,56.20499038696289,56.99170184945917,56.1950336970385,56.76265999306406,107130067,Lloyds
2016-09-21,56.862239837646484,57.78836771531984,56.58340694503541,57.121159351196695,147731511,Lloyds
2016-09-22,56.91203308105469,57.260574187015614,55.83652829898131,56.76265615060678,147313222,Lloyds
2016-09-23,55.74690246582031,56.9020721493295,55.72698528866167,56.76265570803215,161776313,Lloyds
2016-09-26,54.02410888671875,56.093455438879815,53.516234142856014,54.87056805942774,204359020,Lloyds
2016-09-27,54.412479400634766,54.64152122885376,53.37979869626552,54.58177349903059,198895195,Lloyds
2016-09-28,55.298770904541016,55.52781272470792,53.86377316805043,54.65147979506398,171131999,Lloyds
2016-09-29,55.25893783569336,56.03568865121566,55.17926913727434,56.005814788714844,201010909,Lloyds
2016-09-30,54.32284927368164,54.64151646768134,52.7793043404682,53.82493130820552,284154079,Lloyds
2016-10-03,54.48218536376953,54.721187669612284,53.81497708293034,54.05397558996032,129772579,Lloyds
2016-10-04,54.54195022583008,55.56766031682046,53.54511871662879,54.58178458634578,268219093,Lloyds
2016-10-05,54.47222900390625,54.84068725377309,53.77713363428282,54.66143647301348,134537101,Lloyds
2016-10-06,54.761024475097656,55.189230469288795,54.502104982260654,54.64152141741307,154391630,Lloyds
2016-10-07,52.28139114379883,55.07969173259196,51.58430516878558,54.412479622612175,473927863,Lloyds
2016-10-10,52.161895751953125,52.607033088729516,50.62830725299168,52.2116867969712,261283857,Lloyds
2016-10-11,53.416648864746094,53.466439910979474,51.95276855284213,52.42081274482521,261431367,Lloyds
2016-10-12,52.809181213378906,53.575975379783856,52.32122370672937,53.26726865482965,187400002,Lloyds
2016-10-13,52.31127166748047,52.87093185647767,51.46182279457041,52.66977328876704,193486534,Lloyds
2016-10-14,52.211692810058594,53.14777748016991,52.00754456351604,52.410860811881804,141375428,Lloyds
2016-10-17,52.60006332397461,55.45811191218145,51.63410107618768,51.80339519122868,121994416,Lloyds
2016-10-18,53.71540069580078,53.8747343282409,52.53035704195326,52.99840124922698,127436181,Lloyds
2016-10-19,54.64153289794922,54.770992671568045,53.56204678889025,53.7751564411759,164528651,Lloyds
2016-10-20,55.32864761352539,55.637354331605714,54.27306012246991,54.651478853046434,151704372,Lloyds
2016-10-21,54.910400390625,55.497943824932925,54.80085781491813,54.99006909979841,111891635,Lloyds
2016-10-24,54.741111755371094,55.64433279041801,54.51206990771509,55.14940440533412,122407934,Lloyds
2016-10-25,55.119529724121094,55.30874102503277,53.75523525384495,54.81082294695104,210421610,Lloyds
2016-10-26,55.647315979003906,55.77677192207975,53.02826627132532,53.27722526790431,330319861,Lloyds
2016-10-27,57.26057815551758,57.38007742887003,54.70825039750881,55.49794772861186,263796895,Lloyds
2016-10-28,57.499576568603516,57.7087012323715,56.74273902523394,57.35019963801888,217273165,Lloyds
2016-10-31,57.021568298339844,57.444801641916406,56.750701541643615,56.971777257569926,190218692,Lloyds
2016-11-01,56.00582504272461,57.260576882053485,55.796696570492024,57.260576882053485,141662774,Lloyds
2016-11-02,54.92036437988281,56.714859241825515,54.74111357162843,55.56765558852284,140200454,Lloyds
2016-11-03,55.796695709228516,57.38007526704414,54.392566954094896,54.73115138151501,243908936,Lloyds
2016-11-04,55.229068756103516,56.548552337897526,55.06973513332018,56.165157113917175,176768811,Lloyds
2016-11-07,55.83653259277344,56.145243166659284,55.22907193383124,56.145243166659284,180323628,Lloyds
2016-11-08,56.00582504272461,56.165158669922135,55.32865617743178,55.94607350797054,179514481,Lloyds
2016-11-09,57.27052688598633,57.27052688598633,53.828920180531696,54.17348010631078,258542105,Lloyds
2016-11-10,59.381710052490234,60.09870948962166,55.5477386367446,57.26057801202906,471857582,Lloyds
2016-11-11,59.25224685668945,59.80991642997221,58.56512132794092,59.44145434462546,202086997,Lloyds
2016-11-14,60.31779098510742,60.377542517404294,58.99333097577198,59.75016472413321,211747685,Lloyds
2016-11-15,61.14434051513672,61.83146608415953,60.1305777747073,60.79579558685089,300876848,Lloyds
2016-11-16,60.1584587097168,61.492879237015075,59.511163724538704,61.14433812118887,176864797,Lloyds
2016-11-17,59.73024368286133,60.72707498616334,59.09290924150868,59.47132799061666,168726760,Lloyds
2016-11-18,59.192501068115234,59.7501706955129,58.86387710467296,59.7501706955129,124186149,Lloyds
2016-11-21,58.86387252807617,59.3617905784929,58.04728722929779,59.182539776437814,171223785,Lloyds
2016-11-22,59.5012092590332,59.889584745131394,59.20245917732793,59.31200176034299,166374138,Lloyds
2016-11-23,59.391666412353516,59.84078872143338,58.790181296363436,59.660542624338625,114416835,Lloyds
2016-11-24,59.43149185180664,59.51115675517452,58.97340821070612,59.361783636804944,76358717,Lloyds
2016-11-25,58.525291442871094,59.42154170549746,58.3659578095944,59.42154170549746,86340168,Lloyds
2016-11-28,57.61907196044922,58.427691071473994,57.250613701606,58.306197437558936,155050754,Lloyds
2016-11-29,57.469703674316406,57.67882835544586,56.73278704591354,57.10124536011497,136544887,Lloyds
2016-11-30,57.629032135009766,58.614911512841275,57.16099176670142,57.499576181442094,256722811,Lloyds
2016-12-01,57.350196838378906,58.30619851077509,56.69294521375491,57.2207370914462,205741088,Lloyds
2016-12-02,57.31037139892578,57.45974834545039,56.84233097752154,57.06141235392713,103073770,Lloyds
2016-12-05,58.0074462890625,58.575072498200655,56.692943089078035,56.842320006772425,146767858,Lloyds
2016-12-06,59.23231887817383,59.25223605203201,58.02735835084751,58.25640015199786,174633674,Lloyds
2016-12-07,62.01070785522461,62.01070785522461,59.426512232966346,59.501200692342735,370832250,Lloyds
2016-12-08,62.508628845214844,62.75758785584634,61.40823047408117,61.74183463661225,235906220,Lloyds
2016-12-09,61.4829216003418,62.514607086107546,61.08458564655112,62.399088975721874,164065362,Lloyds
2016-12-12,61.124420166015625,61.8414195664279,60.825670099276074,61.48292176562837,194936330,Lloyds
2016-12-13,62.289546966552734,62.458841078042305,60.58666815625354,60.76591895721274,199724112,Lloyds
2016-12-14,62.4986686706543,63.93267121150528,62.060502177319755,62.18000143935408,263286881,Lloyds
2016-12-15,64.10195922851562,64.10195922851562,61.940993363268085,62.81733001360896,284266833,Lloyds
2016-12-16,63.51441955566406,64.5650268510038,63.508444022960475,64.23142269908796,243881156,Lloyds
2016-12-19,62.289546966552734,63.733510063695995,62.140173831628886,63.6239674854639,134614659,Lloyds
2016-12-20,63.67375564575195,64.36088115242377,61.98083740043187,62.1401710164201,220154253,Lloyds
2016-12-21,64.01234436035156,64.27126387800675,63.30530162927055,63.663803239061856,127310426,Lloyds
2016-12-22,63.733497619628906,63.99241708104364,63.374996087708496,63.56420734000676,92060297,Lloyds
2016-12-23,63.534332275390625,63.803208435315405,63.384959163529736,63.673748699319184,29315559,Lloyds
2016-12-28,63.28538131713867,63.47459260116603,62.837254327091145,63.22563358434108,90475680,Lloyds
2016-12-29,62.51858139038086,63.06629421651774,62.23974853257501,62.80737473528707,97643313,Lloyds
2016-12-30,62.249717712402344,62.69784475152429,61.82549280806746,62.60821934369991,66003727,Lloyds
2017-01-03,64.35092163085938,64.72933655557763,62.359245938028934,62.359245938028934,199032680,Lloyds
2017-01-04,64.50030517578125,64.9285150313778,64.10197678719311,64.73931132608654,149207475,Lloyds
2017-01-05,64.38081359863281,64.65964652658782,63.93268273788157,64.31110536664406,134256032,Lloyds
2017-01-06,65.62559509277344,66.11355261416189,64.92850532173549,65.1973853012129,209162621,Lloyds
2017-01-09,64.94842529296875,66.12351207972063,64.42063342731021,65.52601199779824,186782487,Lloyds
2017-01-10,66.30276489257812,66.52185003543187,64.00237849023974,64.64967343113692,227609538,Lloyds
2017-01-11,66.06375885009766,66.84051733863993,65.87156930300448,66.59155833013466,178089909,Lloyds
2017-01-12,65.75506591796875,66.9699873502025,65.69730875304991,65.72519204629539,191814185,Lloyds
2017-01-13,65.7650146484375,66.82059844616327,65.52601612015786,66.03388704304881,152550662,Lloyds
2017-01-16,64.4206314086914,66.82059214853763,64.20154627940555,65.3766330293361,138991012,Lloyds
2017-01-17,65.17745971679688,65.95421813775648,63.5642103445258,64.09200218101573,206820805,Lloyds
2017-01-18,64.91854858398438,65.94425840590574,64.0850282946348,65.82475535570723,165490184,Lloyds
2017-01-19,64.47042083740234,65.28700605761045,63.982463322279706,64.7393008134271,143368219,Lloyds
2017-01-20,64.79905700683594,65.2571407172652,64.3011389392876,64.92851296925288,169862612,Lloyds
2017-01-23,64.13185119628906,64.92851557779684,63.623972619649926,64.33101539225925,148235562,Lloyds
2017-01-24,63.932682037353516,64.96835261385792,63.733517833175796,64.55010322650827,135566267,Lloyds
2017-01-25,65.26712036132812,65.47624509935964,64.00838317791766,64.55011691800347,156312987,Lloyds
2017-01-26,65.89447784423828,66.71106320343564,65.42643362659582,65.62560542007509,181340001,Lloyds
2017-01-27,65.59571838378906,66.22309231265852,64.8289204286564,65.77496916312684,124454836,Lloyds
2017-01-30,64.63972473144531,65.46626291812125,64.56005602022006,65.2073510030789,153568514,Lloyds
2017-01-31,64.65963745117188,65.66543402666281,64.58992922896714,64.72934567337661,152232343,Lloyds
2017-02-01,65.14759826660156,65.91439634685074,65.12768488681505,65.37664392109369,160896092,Lloyds
2017-02-02,64.61978912353516,65.28699733431698,64.28120857392936,64.92849581260216,137384817,Lloyds
2017-02-03,65.57579803466797,65.86459138177736,64.45448726357975,64.7293389676925,160854122,Lloyds
2017-02-06,65.78492736816406,66.43222232349936,65.74509301424523,66.04384686982341,117547095,Lloyds
2017-02-07,65.85462951660156,66.49196392529112,65.40650637217547,65.71521308955231,132980260,Lloyds
2017-02-08,65.30693817138672,65.92435173732463,64.65964313819599,65.82476963936307,185830936,Lloyds
2017-02-09,65.86457824707031,66.00399464923443,64.78907377526933,65.50607675646998,140079590,Lloyds
2017-02-10,65.36668395996094,66.33264623637858,65.12768541246,66.27289849891005,204865773,Lloyds
2017-02-13,65.57579803466797,65.82475703069755,65.03804569152899,65.39654725362163,101755755,Lloyds
2017-02-14,66.21314239501953,66.40235369164206,65.4861862721703,65.69531094850885,126997306,Lloyds
2017-02-15,67.18907165527344,67.6371949197328,66.23306978616664,66.47206835403647,162271697,Lloyds
2017-02-16,66.96997833251953,67.52764412233793,66.80068801741417,67.21893735977797,161150695,Lloyds
2017-02-17,66.58159637451172,67.31154587322393,66.0139701515394,67.18905694968176,160091153,Lloyds
2017-02-20,67.0695571899414,67.44797975560847,66.60151302564343,66.60151302564343,137256943,Lloyds
2017-02-21,66.49198913574219,67.34840899668531,66.26295103201807,66.62145272253511,232158414,Lloyds
2017-02-22,69.40977478027344,69.72844203594059,67.95585495144039,68.76248737799371,511975058,Lloyds
2017-02-23,69.26039123535156,70.75414511449537,69.14088818987501,69.55913745260526,235507878,Lloyds
2017-02-24,68.99151611328125,69.76727168024466,68.02555398817739,69.51930797191515,189023480,Lloyds
2017-02-27,68.9118423461914,69.90071123995435,68.66288336719849,69.2902648567407,165096352,Lloyds
2017-02-28,68.3840560913086,69.32014435973906,68.15202460213689,69.16080695335698,210406757,Lloyds
2017-03-01,68.5533447265625,69.12097852482762,68.13509544138081,68.7126821290844,267465647,Lloyds
2017-03-02,68.62307739257812,69.21759173596854,68.08532492343015,68.24465476745877,239742633,Lloyds
2017-03-03,68.13509368896484,68.76247519822682,67.69792632746835,68.2645572245905,252258610,Lloyds
2017-03-06,67.22888946533203,68.11518288404868,66.92017514363955,68.03551418182961,181756306,Lloyds
2017-03-07,67.21893310546875,67.38822340985966,66.5815986438344,67.22889359326412,207044814,Lloyds
2017-03-08,68.02555084228516,68.63301137538943,67.11934408482446,67.42805079594702,190201717,Lloyds
2017-03-09,68.26456451416016,68.50356303969174,67.75668599948267,68.01560550075713,242022026,Lloyds
2017-03-10,68.47367858886719,69.18072116592019,68.0454688481027,68.44380472749698,182739707,Lloyds
2017-03-13,68.25460815429688,68.78240007901174,68.01560961431076,68.3243163783606,148278152,Lloyds
2017-03-14,67.5674819946289,68.5244790864682,66.23804163159991,68.40398832051488,247649141,Lloyds
2017-03-15,67.9458999633789,68.81227250174466,67.6969409401471,67.76664916274696,210298371,Lloyds
2017-03-16,69.29027557373047,69.4974096586326,67.92597742269092,68.6330201206727,306375330,Lloyds
2017-03-17,69.05128479003906,69.81310654268097,68.74257797098524,69.39983357008713,539571870,Lloyds
2017-03-20,69.01143646240234,69.42271113034565,68.46372363427788,68.86205954585698,111064688,Lloyds
2017-03-21,68.45378112792969,69.76828466308409,67.91602864569003,69.31020090361199,202470795,Lloyds
2017-03-22,67.34839630126953,69.4655434158021,67.00981565606507,67.94590407125112,197340686,Lloyds
2017-03-23,68.14507293701172,68.31436327122586,67.05960750487638,67.45794351297766,163450943,Lloyds
2017-03-24,67.76664733886719,68.32431310465688,67.71685249651043,68.00564586740188,121205907,Lloyds
2017-03-27,66.67122650146484,66.80069006208292,64.72934906846172,66.12352118330779,207841474,Lloyds
2017-03-28,66.51189422607422,67.0795205008364,65.7251827930483,67.00981227753671,234262959,Lloyds
2017-03-29,66.262939453125,66.77081802554801,65.85962702117587,66.70110979777442,180701538,Lloyds
2017-03-30,66.37246704101562,66.77080293726381,66.16334240495102,66.34259317838143,156183334,Lloyds
2017-03-31,66.04385375976562,66.55173232818187,65.47921332044062,66.45215023180909,192894001,Lloyds
2017-04-03,65.75506591796875,66.56468430892913,65.6554838131817,66.46210873887267,161836745,Lloyds
2017-04-04,65.23722839355469,66.49197647379663,64.98826935575046,65.92435017150807,200125296,Lloyds
2017-04-05,65.2173080444336,65.82476871034085,65.2173080444336,65.57580967013712,179556183,Lloyds
2017-04-06,63.34648895263672,65.54802887875142,62.539589394189214,63.416220591011154,231595960,Lloyds
2017-04-07,62.77867126464844,65.00013123236451,62.559512518028,62.90817450584135,219200835,Lloyds
2017-04-10,62.808563232421875,63.216993076245416,62.43400358833968,62.738831585921986,192396695,Lloyds
2017-04-11,62.718910217285156,63.16718781987282,62.43998362015944,62.80856573780269,209863508,Lloyds
2017-04-12,62.30051803588867,63.32657266631955,62.25071025967072,62.91814282118874,172824062,Lloyds
2017-04-13,62.46986770629883,62.798605882503445,62.0813617163042,62.31048053604232,138411450,Lloyds
2017-04-18,61.96181869506836,62.6591389495322,61.5733127276057,62.6591389495322,225614785,Lloyds
2017-04-19,63.41622543334961,66.12580710301413,61.81239002809339,61.81239002809339,249608075,Lloyds
2017-04-20,63.8146858215332,64.49208212948105,63.35644826030062,63.366412094290894,193923045,Lloyds
2017-04-21,64.12350463867188,64.35261962193182,63.21300324563328,63.9342297914913,222720686,Lloyds
2017-04-24,65.98634338378906,66.49439255608797,64.15339298987949,65.458374142069,348651222,Lloyds
2017-04-25,66.69364166259766,66.89288041151194,63.213024701066956,65.98636120435957,224848928,Lloyds
2017-04-26,67.15186309814453,67.24151480312972,66.10588093891336,66.8131611455619,217330666,Lloyds
2017-04-27,68.70590209960938,72.07295670712148,67.15187806540074,70.42927334776533,470342830,Lloyds
2017-04-28,68.93500518798828,69.49286591402482,68.00856618958669,69.25377948850395,335905626,Lloyds
2017-05-02,68.93500518798828,70.87754249440651,68.66604245950083,69.4131704388512,188536170,Lloyds
2017-05-03,68.79556274414062,69.11433714121047,68.46683210979253,68.94498990530673,141685097,Lloyds
2017-05-04,69.73194885253906,69.73892581711324,68.68098846225433,69.17409569377612,199141128,Lloyds
2017-05-05,69.73194885253906,70.66735611713125,69.31355898346685,69.89133981228807,181079665,Lloyds
2017-05-08,69.1840591430664,70.03081040471756,68.98482802278383,70.01088273258125,117380741,Lloyds
2017-05-09,68.75570678710938,69.50283490357404,68.61325660922346,69.39326310532503,139357783,Lloyds
2017-05-10,69.61241149902344,69.71203465735152,68.81547943365814,68.9250588276751,170734667,Lloyds
2017-05-11,69.39326477050781,69.7319592100127,68.83540392870503,69.7319592100127,145129218,Lloyds
2017-05-12,68.4369125366211,70.34956573498708,67.75951627057394,69.20396810267789,218904556,Lloyds
2017-05-15,69.1242904663086,69.73195525583816,68.02850411803857,68.72582063052495,197415127,Lloyds
2017-05-16,69.88137817382812,70.50896299716321,69.14421396226605,69.4430606209201,259016319,Lloyds
2017-05-17,71.24612426757812,72.16260707675018,69.82159987961306,70.13041796104046,329178612,Lloyds
2017-05-18,71.00706481933594,71.92354027857716,70.61855875291452,71.2262236465852,208806030,Lloyds
2017-05-19,71.5051498413086,71.9235398178235,70.85763720136055,71.32583876563346,133588390,Lloyds
2017-05-22,71.51510620117188,72.32200215724914,71.47525845516824,71.96338004339692,129788766,Lloyds
2017-05-23,71.88368225097656,72.31202836111315,71.49516868099657,71.61471190254268,113739844,Lloyds
2017-05-24,72.2921142578125,72.93962679431787,71.82391276833661,72.02315148735826,207528813,Lloyds
2017-05-25,72.82007598876953,73.29824126450676,72.5311855763711,72.76030817936959,112329668,Lloyds
2017-05-26,71.46527862548828,73.04919387390302,71.32581534577614,72.87984669142095,242691892,Lloyds
2017-05-30,70.84766387939453,71.42543711708174,70.75800456308724,71.22620601445573,144667757,Lloyds
2017-05-31,70.31969451904297,71.22621361311457,70.10054332284629,71.08675030636203,757140910,Lloyds
2017-06-01,69.891357421875,70.70821729595365,69.80169808438112,70.32966747126129,216268677,Lloyds
2017-06-02,69.08442687988281,70.64940997987081,68.93499977570892,70.5487988204662,197022582,Lloyds
2017-06-05,69.1242904663086,70.41931553256043,68.47677793318267,69.29363767645815,135644260,Lloyds
2017-06-06,68.67601776123047,69.38728061546331,68.23770017476558,69.23387098023662,169367010,Lloyds
2017-06-07,69.8116455078125,70.12045599730145,68.30742560061712,68.36719341143966,162476652,Lloyds
2017-06-08,70.4491958618164,71.14750796240915,69.12826944931307,70.12045769397933,190671453,Lloyds
2017-06-09,69.7419204711914,69.85548236258816,66.7434442078338,68.7357858259781,310816785,Lloyds
2017-06-12,68.83538818359375,69.73194325982726,68.60627319755437,69.70205935731593,160524047,Lloyds
2017-06-13,68.32733917236328,69.53271231062612,68.23768746465606,69.15416261094141,161634765,Lloyds
2017-06-14,67.63999938964844,68.33432904445712,67.37102901536208,68.0882732132189,247984792,Lloyds
2017-06-15,67.72964477539062,68.00857135952317,66.74343789572787,67.83922416203976,282736367,Lloyds
2017-06-16,68.27755737304688,68.27755737304688,67.6997764018281,67.80935581361722,632154143,Lloyds
2017-06-19,68.4369125366211,69.13423646941618,68.20978881690525,68.73576673641584,28441840,Lloyds
2017-06-20,66.75340270996094,68.54650546290262,66.75340270996094,68.44688990999133,104496986,Lloyds
2017-06-21,66.91279602050781,67.43080913293123,65.86682115919623,66.72352872189751,54041362,Lloyds
2017-06-22,66.74344635009766,67.16183627929378,65.79409262011133,67.16183627929378,65506872,Lloyds
2017-06-23,66.4246597290039,66.89286115393699,66.2752326103816,66.59400691669235,47989727,Lloyds
2017-06-26,66.22643280029297,66.99248533762201,66.1357778539146,66.73347880529235,43722587,Lloyds
2017-06-27,65.81798553466797,66.68366105189543,65.72733820719372,65.8966853817373,36869932,Lloyds
2017-06-28,66.34496307373047,66.62388963677475,65.81699385079968,66.49439018969814,43732385,Lloyds
2017-06-29,66.89286804199219,67.46068507108276,66.75340474363168,66.93271578440658,66562397,Lloyds
2017-06-30,65.89669036865234,67.33017532073158,65.82695872678795,67.0422881422922,167436035,Lloyds
2017-07-03,66.45453643798828,66.97254937977242,65.89668336238519,65.92656726283847,118377851,Lloyds
2017-07-04,66.394775390625,66.394775390625,66.394775390625,66.394775390625,137581825,Lloyds
2017-07-05,65.4384536743164,66.43462434325016,65.09975169478581,66.36489270043197,253063632,Lloyds
2017-07-06,66.4246597290039,66.53423910931501,65.11967860007219,65.39860516807174,154390604,Lloyds
2017-07-07,66.27523803710938,66.72351942968237,66.14573857712851,66.54420839268909,111179995,Lloyds
2017-07-10,66.30513000488281,66.8231431081475,65.35877072802153,66.73348377865993,117499059,Lloyds
2017-07-11,65.29898071289062,66.70357719586562,65.2093214138789,66.65377322990615,105569511,Lloyds
2017-07-12,65.78711700439453,66.26527470656679,65.44841499852451,66.10589133923591,113112060,Lloyds
2017-07-13,67.14191436767578,67.84919473342603,65.94650483105184,65.99631641181207,177575363,Lloyds
2017-07-14,66.68367004394531,67.7396085689928,66.55416298697801,67.7396085689928,228877050,Lloyds
2017-07-17,66.8729476928711,67.06222259001898,65.92260591286929,67.00245476994304,114770867,Lloyds
2017-07-18,66.6438217163086,66.95263220294844,66.4137034864779,66.76335733685082,107035148,Lloyds
2017-07-19,67.8193130493164,67.82628241475052,66.49440399951499,66.95264167685329,136715742,Lloyds
2017-07-20,68.42694854736328,68.75567900966293,67.6798207327399,68.0384426917733,138097799,Lloyds
2017-07-21,67.84918212890625,68.47676688892415,67.37500697689272,68.47676688892415,112162050,Lloyds
2017-07-24,67.63004302978516,68.04843299139316,67.26145705397946,67.83923801058916,180762669,Lloyds
2017-07-25,68.73577117919922,68.83538671884351,67.6101011408795,67.73960058239923,139578142,Lloyds
2017-07-26,68.81546783447266,69.0346265855663,67.85914495711927,68.55646134680029,136794469,Lloyds
2017-07-27,67.24151611328125,69.18404576092682,66.59400369733986,68.98481467918113,283995738,Lloyds
2017-07-28,66.24534606933594,67.15186497942314,66.10588279088847,67.15186497942314,213330895,Lloyds
2017-07-31,65.32887268066406,66.4894123933559,65.2790611083749,66.06603682943465,241629022,Lloyds
2017-08-01,65.31889343261719,65.67751538797289,65.12961862279693,65.54801597082997,139583894,Lloyds
2017-08-02,65.30896759033203,65.60284380815095,64.68038697970977,65.43847468298557,163188958,Lloyds
2017-08-03,66.25531005859375,66.74343153430205,65.02005301777055,65.23921177018043,178880725,Lloyds
2017-08-04,66.55414581298828,66.89284772052606,65.99629278901715,66.3847986593081,161938204,Lloyds
2017-08-07,66.24534606933594,66.95262629579913,65.99630341493993,66.95262629579913,84903112,Lloyds
2017-08-08,67.00244140625,67.12197702256037,66.15569785660888,66.33500128107445,116258680,Lloyds
2017-08-09,66.6537857055664,66.70358968084774,65.96642548514163,66.56412638977305,169432544,Lloyds
2017-08-10,64.5914077758789,66.33496724549538,64.33236252631025,65.36853592326882,143407432,Lloyds
2017-08-11,64.40208435058594,64.76075993680256,63.61499112535024,64.18289286997427,129037319,Lloyds
2017-08-14,64.62128448486328,65.25892836767893,64.42501093864361,64.51168872988109,81838354,Lloyds
2017-08-15,65.3486099243164,65.51799006185065,64.56949017666193,64.76078490991986,79994858,Lloyds
2017-08-16,65.10948944091797,65.60764927994767,65.09852834338561,65.3785000107309,92208792,Lloyds
2017-08-17,64.16300201416016,65.47814395625565,64.14307135975346,65.20913333098756,109602244,Lloyds
2017-08-18,63.674781799316406,64.06334961338365,63.405775066804054,63.61500125853896,183023393,Lloyds
2017-08-21,64.33235168457031,64.35227473057216,63.33404061108468,63.37588584887184,111460206,Lloyds
2017-08-22,64.80062866210938,65.03974324130546,64.11117415080052,64.51169506164455,153700027,Lloyds
2017-08-23,65.15929412841797,65.6176001673268,64.61131538553012,64.78068786921754,114591688,Lloyds
2017-08-24,64.49176025390625,65.32866492914135,64.41205287493699,64.95006628100843,238366855,Lloyds
2017-08-25,64.6711196899414,65.03975313869122,64.49178182792485,64.6511890378748,70358529,Lloyds
2017-08-29,63.615013122558594,64.62129817636568,62.91559700785032,64.53162544814708,146204453,Lloyds
2017-08-30,63.36592102050781,64.36224055731239,62.96739548618043,64.36224055731239,141010533,Lloyds
2017-08-31,63.585113525390625,65.0198161131608,63.02717320785139,63.565186678265206,135726116,Lloyds
2017-09-01,63.45559310913086,63.89397235904519,63.28223371388067,63.48548528117924,95812758,Lloyds
2017-09-04,63.16666030883789,63.41574019365088,62.76813097287413,62.76813097287413,62712884,Lloyds
2017-09-05,62.86776351928711,63.41574232481715,62.644588907962905,63.37588862974996,105547455,Lloyds
2017-09-06,62.817955017089844,63.06703493690436,62.269979953629495,62.41942942578139,104623681,Lloyds
2017-09-07,62.84783935546875,63.10688076748668,61.97107708286019,62.827912508289295,145478705,Lloyds
2017-09-08,63.53529357910156,63.74451975735994,62.47919356400275,62.78805397047263,99328329,Lloyds
2017-09-11,63.39582061767578,63.95376099188393,62.83788024346762,63.79434619868915,103940299,Lloyds
2017-09-12,64.60135650634766,64.78069433087984,63.41574140096016,63.45559129478926,136120817,Lloyds
2017-09-13,64.7408447265625,64.96002863237909,63.983639775013316,64.59139528067173,139312075,Lloyds
2017-09-14,66.15559387207031,66.40467366255152,63.9537294363739,64.65114980919648,282109541,Lloyds
2017-09-15,65.07958984375,66.68366485690663,65.029770827912,66.68366485690663,274177581,Lloyds
2017-09-18,65.05967712402344,65.74713252354543,65.00985810027852,65.40838748629051,129148893,Lloyds
2017-09-19,65.75708770751953,65.96631389261297,65.1194438287639,65.35855838296861,161681506,Lloyds
2017-09-20,65.46814727783203,65.83678819464737,64.82053814345431,65.83678819464737,151531185,Lloyds
2017-09-21,67.20175170898438,67.2515707278273,65.35856203152174,65.55783050557842,168702589,Lloyds
2017-09-22,66.66374206542969,67.24160160425397,65.55782680117974,67.2017479116946,113526781,Lloyds
2017-09-25,65.62755584716797,66.53420246880931,65.52393474680147,66.5142794271382,106611008,Lloyds
2017-09-26,64.75080108642578,65.71723220136435,64.54157490710625,65.67737850987763,143891567,Lloyds
2017-09-27,66.95269012451172,67.18184703200731,65.05968851191106,65.15931897552417,217557626,Lloyds
2017-09-28,66.97260284423828,67.74973089416685,66.31502827810483,67.74973089416685,150290142,Lloyds
2017-09-29,67.48072814941406,67.81947315623303,66.62389270693474,66.9128262958001,133132730,Lloyds
2017-10-02,67.2515640258789,67.79954277328216,66.69362755675145,67.39104814316077,144501789,Lloyds
2017-10-03,67.35120391845703,67.66006816554679,67.0224166238044,67.33128087089416,130893169,Lloyds
2017-10-04,67.35120391845703,67.65010284110767,66.90286313579642,67.15194303756684,170084457,Lloyds
2017-10-05,67.05230712890625,67.57038993775953,66.38476726960073,67.43090581224845,128618354,Lloyds
2017-10-06,66.35488891601562,67.25157814487716,66.01215318389052,67.25157814487716,151534010,Lloyds
2017-10-09,66.30508422851562,67.20276171963224,65.91652012342313,66.24529987297447,194580385,Lloyds
2017-10-10,66.85304260253906,67.69991272913715,66.38477118159365,67.35120239481031,248575803,Lloyds
2017-10-11,66.25525665283203,67.05231541249012,65.85672727300299,67.00249638951811,344455772,Lloyds
2017-10-12,66.05599975585938,66.59400570963149,65.79695450311701,66.5840479854878,173345122,Lloyds
2017-10-13,65.65747833251953,66.38478755185098,65.59769397381004,65.92648134210253,102670510,Lloyds
2017-10-16,65.3486099243164,65.74713935171769,64.94012277218462,65.74713935171769,122810223,Lloyds
2017-10-17,66.08587646484375,66.65377829474413,65.15929899486787,65.35855986099212,357858465,Lloyds
2017-10-18,66.58403778076172,66.70957349757765,65.58771822432828,66.24528517889057,130916766,Lloyds
2017-10-19,66.74345397949219,66.78330767929475,66.01614486171447,66.33496685881894,125914574,Lloyds
2017-10-20,66.75341796875,67.30836723505783,66.65378752189564,67.00249788654384,138803272,Lloyds
2017-10-23,66.75341796875,67.02541585383352,66.24529280808213,66.75341796875,107803109,Lloyds
2017-10-24,67.15193939208984,67.39105395644033,66.64381429169448,66.75341005062907,136997585,Lloyds
2017-10-25,67.68994140625,67.97887493987379,65.29877336350874,65.90652879607713,280165114,Lloyds
2017-10-26,68.67631530761719,68.75602270570762,67.06925271016519,67.94899860234473,265369616,Lloyds
2017-10-27,68.6563949584961,69.40363474201659,68.54280849115858,68.94532098563246,160741169,Lloyds
2017-10-30,67.81947326660156,68.86561186242638,67.71984282921709,68.52685925374101,126623027,Lloyds
2017-10-31,68.03865051269531,68.06555156128898,67.46078345528134,67.63015592342606,108824286,Lloyds
2017-11-01,68.37740325927734,68.80582094025216,68.05858132934128,68.4869990103161,135551958,Lloyds
2017-11-02,67.68994140625,68.52983335675627,66.80321776226931,68.24787782907462,185023391,Lloyds
2017-11-03,67.14197540283203,67.84936138736164,66.932749204702,67.74973095034474,104694992,Lloyds
2017-11-06,67.55046844482422,67.67002192583098,67.02839493372892,67.27149258607362,127244876,Lloyds
2017-11-07,67.05230712890625,67.78958144965256,66.75340823063125,67.78958144965256,111706273,Lloyds
2017-11-08,66.5740737915039,66.9197968061384,66.23532878415658,66.83311900973813,136851943,Lloyds
2017-11-09,66.43457794189453,67.05229870679375,66.1157560377271,66.63383878150651,91080495,Lloyds
2017-11-10,66.2353515625,66.73351152202106,66.11579043574055,66.33498203414067,93188086,Lloyds
2017-11-13,66.18550872802734,66.59399579527172,65.67738362365091,66.34491590507162,99826393,Lloyds
2017-11-14,66.40471649169922,66.63386579000199,66.00618704962677,66.15563654056855,156369509,Lloyds
2017-11-15,66.00617218017578,66.18551000864245,65.51797771430574,66.06594892255963,124349495,Lloyds
2017-11-16,65.81686401367188,66.26022588897914,65.50800739979692,66.15561659777646,90998842,Lloyds
2017-11-17,65.74713134765625,66.07591865533446,65.35856729360589,65.66743155293193,93419375,Lloyds
2017-11-20,65.87664794921875,66.22535825328224,65.71723318089572,65.8567173025211,60123171,Lloyds
2017-11-21,65.4781265258789,65.93643263810401,65.4781265258789,65.68735273354805,97851330,Lloyds
2017-11-22,65.65747833251953,65.96633504746984,65.40839837496165,65.47814045902518,127260474,Lloyds
2017-11-23,65.4781265258789,65.69731805809862,65.22904662132295,65.49804957366459,63132580,Lloyds
2017-11-24,65.84677124023438,65.87666721902582,65.23902316184329,65.50802616043224,81512455,Lloyds
2017-11-27,65.24897003173828,65.9165099566579,65.21908165923593,65.50801526228447,100896844,Lloyds
2017-11-28,64.5914077758789,65.15930969907276,63.326081304706854,64.81059932541268,275912637,Lloyds
2017-11-29,66.85304260253906,67.14197619421421,65.00985289139847,65.3087518072873,290268300,Lloyds
2017-11-30,65.75708770751953,67.16190186626574,65.63752662975986,66.28513583199079,244466005,Lloyds
2017-12-01,64.5116958618164,65.83680279032079,64.4519191166048,65.63753430408958,195578128,Lloyds
2017-12-04,65.13936614990234,65.41834199490539,64.60135270793972,64.97995898264372,136726361,Lloyds
2017-12-05,64.91023254394531,65.4681691656033,64.3622536467338,65.358573386161,175591028,Lloyds
2017-12-06,64.57146453857422,65.01981287558495,64.25264260175783,64.76076767651084,87029408,Lloyds
2017-12-07,64.27257537841797,64.86040025586854,64.0633491880721,64.79065819241991,123945668,Lloyds
2017-12-08,66.55413055419922,67.23162796467835,65.00983263873105,65.14931672900798,338056730,Lloyds
2017-12-11,66.39473724365234,67.50065260288979,66.31502985168751,66.97260443342448,171407547,Lloyds
2017-12-12,67.15193939208984,67.15193939208984,65.85672093267107,66.28513864451128,222198306,Lloyds
2017-12-13,67.19477844238281,67.49068242208268,66.34491344930987,67.02241102962917,162442751,Lloyds
2017-12-14,66.0659408569336,66.96262988979512,66.0659408569336,66.63384264419352,117402428,Lloyds
2017-12-15,66.16558837890625,66.2851418662348,65.60764423321686,65.99620826966527,197475486,Lloyds
2017-12-18,66.50430297851562,66.75338276495202,65.99617808581807,66.64378705081506,79383451,Lloyds
2017-12-19,66.90286254882812,67.14197712406157,66.16558817442443,66.16558817442443,108599553,Lloyds
2017-12-20,66.3249740600586,66.87295270371219,66.08585956160651,66.68364960839315,91752258,Lloyds
2017-12-21,67.06227111816406,67.29142797509814,66.18551258997391,66.46448086706552,112134016,Lloyds
2017-12-22,66.9626235961914,67.19178039467383,66.49435227852426,66.63383638149146,32595445,Lloyds
2017-12-27,67.53055572509766,67.6600821656615,66.89291165273035,67.25158739360157,90808192,Lloyds
2017-12-28,67.32131958007812,67.67999526822315,67.20175848359118,67.48073437539406,52007287,Lloyds
2017-12-29,67.80951690673828,67.84937060722366,67.13201920111895,67.3312877035459,56245874,Lloyds
2018-01-02,67.45083618164062,68.47705178977128,67.181833225038,67.94899599864334,125462019,Lloyds
2018-01-03,67.22167205810547,67.64012438754138,66.97259220468212,67.56041701013056,109305648,Lloyds
2018-01-04,67.80951690673828,68.1881232606914,67.30139932851088,67.77962853170327,115241609,Lloyds
2018-01-05,67.81947326660156,68.00877641855266,67.46079761096534,68.00877641855266,125031209,Lloyds
2018-01-08,67.80951690673828,68.17815793524102,67.67999808114787,68.10841585972062,86290911,Lloyds
2018-01-09,68.14826965332031,69.13462403740394,67.92907810100925,69.07484728725224,150469987,Lloyds
2018-01-10,68.72611999511719,69.00508822892358,67.85931932466363,67.9091383384066,190385573,Lloyds
2018-01-11,69.57301330566406,69.71249746925267,68.45713239563838,68.91543859047478,197471936,Lloyds
2018-01-12,70.24053192138672,70.41986975374925,69.43351547641296,69.74237212052583,186339433,Lloyds
2018-01-15,70.34015655517578,70.45971763398693,70.06118830593114,70.24052612349051,106507856,Lloyds
2018-01-16,70.2305679321289,70.30031000152266,69.40362842397882,69.90178823431005,206626672,Lloyds
2018-01-17,70.17079162597656,70.68887448738099,69.67263181253112,70.43979458065827,179104014,Lloyds
2018-01-18,70.66893768310547,70.66893768310547,69.82206768536186,70.08110526498243,152312343,Lloyds
2018-01-19,71.2169418334961,71.40623742443414,70.29036412604817,70.95789656009218,170729923,Lloyds
2018-01-22,71.69514465332031,71.69514465332031,70.9080513982398,71.09735452073032,184549567,Lloyds
2018-01-23,71.85456848144531,72.41250499546359,71.64534228868845,71.9442335920633,221113266,Lloyds
2018-01-24,71.7350082397461,72.34276377877136,71.50585139662387,72.34276377877136,175500334,Lloyds
2018-01-25,70.98776245117188,71.90437454201543,70.7984593188815,71.73500205592106,178643920,Lloyds
2018-01-26,70.99773406982422,71.93426928859445,70.88813830997105,71.39626341462528,166801152,Lloyds
2018-01-29,71.28666687011719,71.49589306353892,70.9279912238757,70.9977332883496,151379791,Lloyds
2018-01-30,70.26045989990234,71.17707977481679,69.87189583606565,70.98777660478295,218841312,Lloyds
2018-01-31,69.25418090820312,70.44976144609437,69.0848007909274,70.26045828042392,244962199,Lloyds
2018-02-01,69.06487274169922,70.3800142786794,69.06487274169922,69.7025166625796,183544852,Lloyds
2018-02-02,68.49697875976562,69.214330153533,68.32760623660278,69.05491535433315,168047640,Lloyds
2018-02-05,67.85932922363281,68.35748902847445,67.68995671430235,67.91910596779289,229642126,Lloyds
2018-02-06,65.92646789550781,67.14197905668104,65.78698375583045,66.20543617486256,339647012,Lloyds
2018-02-07,67.1120834350586,67.45082842302439,65.94639142167317,66.51429324368002,273219771,Lloyds
2018-02-08,67.35120391845703,68.40730787085803,66.25525387093028,66.89289781135732,239365224,Lloyds
2018-02-09,66.30508422851562,67.44088816668088,66.04603895801507,66.99253970604722,282515581,Lloyds
2018-02-12,66.2253646850586,67.69991342868154,66.2253646850586,67.46079885428881,209040664,Lloyds
2018-02-13,66.2353515625,66.53424297742198,66.04604834546032,66.15564414466037,183833286,Lloyds
2018-02-14,66.40471649169922,66.93276477188553,65.69733034264615,66.75342690301878,192710269,Lloyds
2018-02-15,66.83311462402344,67.57038893381551,66.57406942278826,66.75340723882574,148097204,Lloyds
2018-02-16,67.48072814941406,67.74973109004588,67.01245673302245,67.01245673302245,108788553,Lloyds
2018-02-19,67.69992065429688,68.27778790529408,67.5803671549982,68.01874265462014,133783936,Lloyds
2018-02-20,67.60029602050781,68.00879078176646,67.36118140002189,67.93904870073654,168348235,Lloyds
2018-02-21,69.46340942382812,70.13094178624644,68.3176402696183,69.54311682267937,407942401,Lloyds
2018-02-22,68.92539978027344,69.73241633564837,68.59661244241093,69.73241633564837,229178380,Lloyds
2018-02-23,68.3973388671875,68.90546396783436,68.05858626631795,68.84567962573095,146637944,Lloyds
2018-02-26,68.2977066040039,68.91541984579057,68.14825715471804,68.83571245932947,113405882,Lloyds
2018-02-27,68.77593231201172,68.93534707703427,68.30766094140095,68.8456743713805,158229616,Lloyds
2018-02-28,68.54678344726562,69.154538939791,68.43718769606829,68.74604430327108,156739497,Lloyds
2018-03-01,68.0685806274414,68.61655965614669,67.87927739910354,68.44717948279893,163539220,Lloyds
2018-03-02,66.75341796875,68.02870593164394,66.67371057074017,67.72981459108084,160091353,Lloyds
2018-03-05,66.75341796875,67.05231691062895,66.27518118200685,66.65378752189564,179249527,Lloyds
2018-03-06,66.31501770019531,67.40100981310316,66.31501770019531,67.25156038088286,148686910,Lloyds
2018-03-07,67.00250244140625,67.18184029846192,66.1954858853139,66.45452354448159,167530628,Lloyds
2018-03-08,67.2515640258789,67.61023964212207,67.01244948215489,67.15193359943676,137180708,Lloyds
2018-03-09,67.04235076904297,67.54051059856359,66.87297825132174,67.34124210596589,122553657,Lloyds
2018-03-12,67.2515640258789,67.53053226044264,67.02240720387911,67.34122912928255,98945124,Lloyds
2018-03-13,66.69364929199219,67.51063121717237,66.54419980296672,67.40103543197482,128533846,Lloyds
2018-03-14,66.44454956054688,67.05230506066219,66.29510011601919,66.4744379291895,127914593,Lloyds
2018-03-15,66.55413055419922,67.25155100558385,66.32497377656551,66.80321037273842,150465094,Lloyds
2018-03-16,67.2515640258789,67.38108282012227,66.29509824966857,66.354874985271,343019327,Lloyds
2018-03-19,66.88294219970703,67.4508441541621,66.81320012113594,67.2216948679927,129800953,Lloyds
2018-03-20,67.62020874023438,67.87924634318254,66.82315008157074,66.82315008157074,174692409,Lloyds
2018-03-21,66.91283416748047,68.05859573229836,66.79327306795933,67.54051283700544,171923947,Lloyds
2018-03-22,65.81686401367188,66.8630025335861,65.44823066196682,66.29510072025641,187460991,Lloyds
2018-03-23,64.52166748046875,65.44824512821278,64.35228735032051,65.28883032367708,258338435,Lloyds
2018-03-26,64.40208435058594,65.05965879242095,64.09322777407695,64.81057894651018,163744190,Lloyds
2018-03-27,64.79065704345703,65.56778505133619,64.60135390260427,65.16926332516255,159950175,Lloyds
2018-03-28,64.6711196899414,64.83052689989135,63.87406083624196,64.36225539344167,172972658,Lloyds
2018-03-29,64.42202758789062,65.10948292809142,64.42202758789062,64.8105916153609,168602118,Lloyds
2018-04-03,64.89030456542969,65.05968470510999,63.96372686554145,63.96372686554145,173947230,Lloyds
2018-04-04,64.92017364501953,65.01980406152231,63.884000590500875,64.73087053274477,154622961,Lloyds
2018-04-05,65.9364242553711,66.26521151190076,65.38844549448832,66.21539249679707,144514450,Lloyds
2018-04-06,66.075927734375,66.35489605753042,65.73718265663389,65.86670149200843,132735222,Lloyds
2018-04-09,66.40471649169922,66.73350385150775,66.04604075396571,66.54420065622705,119562427,Lloyds
2018-04-10,66.81318664550781,66.9825667461464,66.46447632298411,66.81318664550781,135789930,Lloyds
2018-04-11,66.76337432861328,67.08219627652426,66.40469868704909,66.4345870569603,107427024,Lloyds
2018-04-12,67.89917755126953,67.89917755126953,66.75340857046868,66.93274639008372,154328790,Lloyds
2018-04-13,67.92906951904297,68.35748724407601,67.23164885099624,67.25157189809107,159963953,Lloyds
2018-04-16,67.430908203125,68.16818255001262,67.16688412752373,67.59031538022623,206881712,Lloyds
2018-04-17,67.41098022460938,68.07851245743115,67.37112653292105,67.73975987873769,186650543,Lloyds
2018-04-18,67.37113189697266,67.59031581673801,67.13200972780399,67.43090863860729,209028504,Lloyds
2018-04-19,65.86671447753906,65.90658025190542,65.02955602670254,65.33850627351806,192120158,Lloyds
2018-04-20,65.47804260253906,65.90659023738272,65.24882386972742,65.65743481255781,184916736,Lloyds
2018-04-23,66.21554565429688,66.27534052085659,65.32855298343515,65.32855298343515,171860623,Lloyds
2018-04-24,65.8966293334961,66.56436404552153,65.77703199256999,66.37500348996024,313856998,Lloyds
2018-04-25,64.78040313720703,65.91655113778543,64.41165041281538,65.40827199954164,258350779,Lloyds
2018-04-26,64.68073272705078,65.0395170523553,64.20235109210537,64.78039334994244,221351964,Lloyds
2018-04-27,64.57111358642578,64.83023732826891,64.12262930974123,64.5611452415343,206835402,Lloyds
2018-04-30,64.44157409667969,64.90001924681228,64.36184252179885,64.70069030961018,161362263,Lloyds
2018-05-01,64.12264251708984,65.77703834334223,63.993084421292835,65.77703834334223,189061461,Lloyds
2018-05-02,64.11267852783203,64.48142370628558,63.85355474573622,64.11267852783203,180534574,Lloyds
2018-05-03,64.46149444580078,64.95980531578884,63.95321522939923,64.16250488235976,169570856,Lloyds
2018-05-04,65.15911865234375,65.32855010616709,64.30202345251095,64.30202345251095,255074918,Lloyds
2018-05-08,65.6574478149414,65.98633486570982,65.17907356257065,65.29866332385252,188613022,Lloyds
2018-05-09,66.31520080566406,66.44475887368304,65.69729268913356,65.69729268913356,170706007,Lloyds
2018-05-10,66.63412475585938,67.11249889434488,66.22550622576733,66.63412475585938,252940013,Lloyds
2018-05-11,66.8533935546875,66.93312512520929,66.51453818178042,66.7138671080849,117237731,Lloyds
2018-05-14,66.44476318359375,67.23209519482346,66.325173452625,66.76368180554327,140367832,Lloyds
2018-05-15,66.55438232421875,66.84340347065765,66.13580312052873,66.48461912360375,205128937,Lloyds
2018-05-16,65.46807098388672,66.85337430748201,65.38833943631978,66.42482674383332,253910646,Lloyds
2018-05-17,66.00626373291016,66.00626373291016,65.25879739906615,65.42822127653515,133604802,Lloyds
2018-05-18,65.80692291259766,66.1756756412348,65.34847788985977,65.96638601804703,164882427,Lloyds
2018-05-21,66.24543762207031,66.54441953382155,65.7969533490146,66.00625057194547,148342299,Lloyds
2018-05-22,66.7935791015625,67.23209505720287,66.32517331686084,66.45473139301836,182892124,Lloyds
2018-05-23,66.40491485595703,67.12248384481848,66.00627217647553,66.8135334871338,248668726,Lloyds
2018-05-24,65.77703094482422,66.5444262935877,65.64747286359975,66.27534178531532,269840059,Lloyds
2018-05-25,65.44815826416016,65.96640590952337,64.92991822241859,65.74714787522522,227984725,Lloyds
2018-05-29,64.07281494140625,65.4182528193306,64.07281494140625,65.4182528193306,580293929,Lloyds
2018-05-30,63.983123779296875,64.01302882373203,63.076201792263085,63.783802438126436,332573425,Lloyds
2018-05-31,62.99644470214844,64.42161376485754,62.637660350444136,64.33192147874081,509096045,Lloyds
2018-06-01,63.135982513427734,63.85355134649612,63.02635732109565,63.53463270997907,225987089,Lloyds
2018-06-04,63.37517547607422,63.80371931901779,63.18581871748008,63.48480447382194,225446030,Lloyds
2018-06-05,62.278892517089844,63.01639045568343,62.239026736136104,62.86689947982208,287325427,Lloyds
2018-06-06,63.46487045288086,63.54459821230737,62.239026212443775,62.73733706474227,213146222,Lloyds
2018-06-07,63.42500305175781,64.16250096530291,63.3652081841682,64.03294288431876,168782156,Lloyds
2018-06-08,62.68750762939453,63.39510813726464,62.518079960267656,63.18581848876393,208842564,Lloyds
2018-06-11,62.78716278076172,63.25557616411797,62.67753379301367,63.235643275271975,174599747,Lloyds
2018-06-12,62.95659637451172,63.14595694694348,62.787172495820556,63.135988600073176,231696680,Lloyds
2018-06-13,62.637672424316406,63.14595162114184,62.597810445628404,62.836997524996775,235529342,Lloyds
2018-06-14,62.91673278808594,63.41504366820299,62.25896257840384,62.50811801846237,215309268,Lloyds
2018-06-15,61.870277404785156,62.986492652287126,61.59122074155209,62.81706498513025,421644565,Lloyds
2018-06-18,61.361995697021484,62.219090938427904,61.142737713831025,61.531423357253196,190136275,Lloyds
2018-06-19,61.322139739990234,61.5115003200976,60.295620475742915,60.83379717424193,210980007,Lloyds
2018-06-20,61.461666107177734,62.1593021448616,61.40187123085176,61.73075445607625,200827959,Lloyds
2018-06-21,61.152706146240234,62.04966336619982,60.98327848576823,61.61115120100691,178607363,Lloyds
2018-06-22,61.91013717651367,62.1493280504988,61.391893451054194,61.54138822252115,138679138,Lloyds
2018-06-25,61.033111572265625,61.68091336424721,60.97331290456168,61.53142239770218,174898228,Lloyds
2018-06-26,61.212501525878906,61.48158983466371,60.91351578338802,61.48158983466371,133788794,Lloyds
2018-06-27,61.63108825683594,61.63108825683594,60.67433230347846,61.49156182219758,500855092,Lloyds
2018-06-28,62.338687896728516,62.338687896728516,60.95338431263835,61.28227130548228,264273689,Lloyds
2018-06-29,62.836997985839844,63.175849518938556,62.298821350598935,62.72736898957113,301868604,Lloyds
2018-07-02,62.09950637817383,62.44832249110928,61.83041803313341,62.28886315350872,182252374,Lloyds
2018-07-03,61.800514221191406,62.308793452381195,61.33210457500533,61.79054967629823,213545107,Lloyds
2018-07-04,62.089534759521484,62.538015310958144,61.491563225479474,61.59122388054971,140568578,Lloyds
2018-07-05,62.159297943115234,62.73734038726301,61.96994117786525,62.18919918106755,106156648,Lloyds
2018-07-06,62.278892517089844,62.40845060247432,61.89020685550606,62.149330629895246,174613187,Lloyds
2018-07-09,62.72736740112305,63.23564658880499,62.229056559291344,62.33868555278392,216918131,Lloyds
2018-07-10,62.288856506347656,63.20574664925225,62.26892361604841,62.70743579720147,178454489,Lloyds
2018-07-11,62.11943435668945,62.37855433411394,61.55135647200117,61.92010925000359,187843749,Lloyds
2018-07-12,62.3486442565918,62.687495728707326,61.880230921129595,62.05962310059132,159367860,Lloyds
2018-07-13,62.19916534423828,62.86690391599667,62.109469231668065,62.508119465715794,114956549,Lloyds
2018-07-16,62.136375427246094,62.83699962485832,61.7905475635791,62.53801386475143,135601881,Lloyds
2018-07-17,62.23902893066406,62.69747402236633,62.06960125654176,62.25896182184376,203635331,Lloyds
2018-07-18,62.30879592895508,62.567915926390576,62.00981014674166,62.45828691915654,125406106,Lloyds
2018-07-19,62.24899673461914,62.63767862844844,62.00980963155978,62.2988270642723,118629491,Lloyds
2018-07-20,62.41842269897461,62.468253027255734,61.830415700912475,62.19916469236523,130668189,Lloyds
2018-07-23,62.07956314086914,62.498142406640035,61.96993415169775,62.268919884649804,121017539,Lloyds
2018-07-24,62.767234802246094,63.09612179121931,62.16926329732584,62.31875427265085,190289426,Lloyds
2018-07-25,62.229068756103516,62.86690995218451,61.85035517938729,62.66758481602237,129152788,Lloyds
2018-07-26,62.3486442565918,62.727357700513714,62.03969021378341,62.448304888821895,102417119,Lloyds
2018-07-27,62.388519287109375,62.8071023940713,62.05963609046307,62.69747339458579,257665519,Lloyds
2018-07-30,62.17923355102539,62.36859412635862,62.069604544634664,62.14933611357718,233622476,Lloyds
2018-07-31,62.16926574707031,62.557947620765276,61.9400432010915,62.02973931054497,293848483,Lloyds
2018-08-01,63.19577407836914,63.73395064266338,62.886820020686976,63.33530049093218,267136450,Lloyds
2018-08-02,62.49814224243164,63.68412442928618,62.32871838820091,63.68412442928618,227474286,Lloyds
2018-08-03,62.338687896728516,63.12601996886082,62.129398247724275,63.03632386188612,145839521,Lloyds
2018-08-06,62.35861587524414,62.368584220683964,61.89020248662866,62.32871844254438,126290150,Lloyds
2018-08-07,62.13936233520508,62.49814676046558,62.11943324652183,62.36858867497383,166596050,Lloyds
2018-08-08,61.969940185546875,62.258961402992696,61.91014151241008,62.1991627298559,161457459,Lloyds
2018-08-09,61.90017318725586,61.989869290577765,61.72078098061204,61.86030740759946,154894806,Lloyds
2018-08-10,61.65101623535156,61.86030587063272,61.39189247583307,61.60118591292413,149858511,Lloyds
2018-08-13,61.17264175415039,61.69088550066761,61.0929101923123,61.381931401260196,179648712,Lloyds
2018-08-14,60.77398681640625,61.48158726447637,60.584630074500254,61.34206084393407,236060440,Lloyds
2018-08-15,60.265716552734375,60.79392484712193,59.926865016268174,60.744094521543694,297418610,Lloyds
2018-08-16,59.90756607055664,60.15676560296742,59.21977672999682,59.57862466506563,207051961,Lloyds
2018-08-17,59.967376708984375,60.18667351935344,59.53875319916295,59.75805000953201,177799776,Lloyds
2018-08-20,60.17670440673828,60.43587406010725,59.79792384025018,59.99728043209308,158469270,Lloyds
2018-08-21,60.59535598754883,60.79471636336027,60.0271813881001,60.04711780592953,175610608,Lloyds
2018-08-22,60.804691314697266,61.12366644034618,60.34616504688737,60.34616504688737,175839001,Lloyds
2018-08-23,60.565452575683594,60.784749380607394,60.18667202488461,60.75484665356618,230949635,Lloyds
2018-08-24,60.64519500732422,61.02397934034595,60.1667323878413,60.38602918103539,145231507,Lloyds
2018-08-28,60.59535598754883,61.44263283164384,60.43586844739625,61.06384849785039,128154783,Lloyds
2018-08-29,60.26640701293945,60.72493318677673,59.68826614211911,60.57541576616857,198641536,Lloyds
2018-08-30,59.70820617675781,60.2963171927453,59.70820617675781,60.28634708261101,164324033,Lloyds
2018-08-31,59.11012268066406,59.688267365819904,59.010444398215064,59.598555390622714,234373294,Lloyds
2018-09-03,59.42911148071289,59.48892074549301,59.070263496999395,59.249687488856146,88667594,Lloyds
2018-09-04,60.156768798828125,60.19664163872806,59.40917016187923,59.70821265864543,126489581,Lloyds
2018-09-05,60.41593551635742,60.94423731063722,59.91753644930611,59.947439176534594,161518537,Lloyds
2018-09-06,59.71818542480469,60.4857205646984,59.61850711675978,60.306296568230586,125861914,Lloyds
2018-09-07,58.55192565917969,59.70821137401704,58.422340833534584,59.70821137401704,256651456,Lloyds
2018-09-10,59.179901123046875,59.419134336059486,58.32265416326914,58.51204823262831,157919339,Lloyds
2018-09-11,59.040348052978516,59.349356817413025,58.67153383912512,59.07025077768796,136044338,Lloyds
2018-09-12,58.69148254394531,59.15000883040589,58.37250740532199,59.15000883040589,131846860,Lloyds
2018-09-13,59.05032730102539,59.23971759096505,58.53199177844573,58.56189450778268,166210400,Lloyds
2018-09-14,58.69148254394531,59.25965724727333,58.55193139610806,59.189881673354705,112187987,Lloyds
2018-09-17,59.10015869140625,59.14003152694281,58.292750882963816,58.33262371850038,146670785,Lloyds
2018-09-18,59.309486389160156,59.37926195130171,58.641633493667314,58.84099006979577,127509209,Lloyds
2018-09-19,60.3361930847168,60.495680642649546,59.090195350091165,59.12010188141084,183710750,Lloyds
2018-09-20,61.39279556274414,61.46257112603608,60.445836600589594,60.51561216388154,182512192,Lloyds
2018-09-21,61.66193771362305,61.911137265454705,61.25325060071847,61.721743172473275,310071093,Lloyds
2018-09-24,61.462581634521484,61.861302466488816,61.362903327771484,61.38283974961822,110037633,Lloyds
2018-09-25,60.70500946044922,61.7018076203746,60.59536105446011,61.462574388899895,145138063,Lloyds
2018-09-26,60.54551315307617,60.96416649452251,60.37605551309837,60.53554304352783,168066649,Lloyds
2018-09-27,60.804691314697266,60.88443699735121,59.95741435015797,60.33619493531391,143964308,Lloyds
2018-09-28,59.080230712890625,60.535555195513524,58.84099746798111,60.50565246583112,259498425,Lloyds
2018-10-01,58.35255432128906,59.05031366371391,58.24290593573169,58.8110804768176,165370525,Lloyds
2018-10-02,57.285987854003906,57.9239380277158,56.93710623854817,57.90400160947693,205670378,Lloyds
2018-10-03,58.20303726196289,58.402397631537575,57.32585391732394,57.51524797953714,200021465,Lloyds
2018-10-04,58.741310119628906,59.01044605276659,58.222974670898864,58.222974670898864,219596568,Lloyds
2018-10-05,58.741310119628906,59.16993359064639,58.46220787895997,58.73134000961482,276962014,Lloyds
2018-10-08,57.973785400390625,58.73135038857526,57.814297834326304,58.47218451965205,158270554,Lloyds
2018-10-09,57.11653518676758,58.232948088231694,56.986950358143034,58.22298177948364,175387553,Lloyds
2018-10-10,58.920738220214844,58.920738220214844,56.837429971199626,56.94707837417144,223081847,Lloyds
2018-10-11,57.71460723876953,58.50207478959154,57.67473440512513,58.342587257496646,287951933,Lloyds
2018-10-12,57.96381378173828,58.910768979609145,57.54515658261534,57.704644134070946,265655201,Lloyds
2018-10-15,57.545162200927734,58.00368848081954,57.02682665746953,58.00368848081954,158381218,Lloyds
2018-10-16,57.17634582519531,57.91397436980096,56.747722291512275,57.764456920075524,180151641,Lloyds
2018-10-17,57.13646697998047,57.525217631890754,56.89723756456629,57.39563661624266,107704589,Lloyds
2018-10-18,56.807533264160156,57.63487382451719,56.71782127062905,57.04676271192075,130190368,Lloyds
2018-10-19,55.95028305053711,56.837432824598345,55.87053737074211,56.58823327896392,257236402,Lloyds
2018-10-22,56.24932098388672,57.664772558750705,56.24932098388672,56.81749563604855,255473511,Lloyds
2018-10-23,56.20944595336914,56.66797218066347,55.790792563878604,55.820695290989896,247560366,Lloyds
2018-10-24,56.478572845458984,56.80751800085168,55.830652643766854,56.1994706305676,193205149,Lloyds
2018-10-25,57.535186767578125,57.84419174079333,55.82069284206308,55.82069284206308,258840220,Lloyds
2018-10-26,56.64803695678711,57.54515295118044,56.24931620206812,57.43550455350857,190597551,Lloyds
2018-10-29,56.996917724609375,57.664770650583534,56.48854854582377,56.81749375591835,167402439,Lloyds
2018-10-30,56.6380729675293,57.29595962217654,56.33903427041388,56.887272515539365,160228004,Lloyds
2018-10-31,57.03678894042969,57.575057028710425,56.93710684816806,57.24611563045459,225151166,Lloyds
2018-11-01,58.66156768798828,59.13006401996079,56.69787798239904,56.76765354641839,347598725,Lloyds
2018-11-02,59.299522399902344,59.68827306202876,59.0204163379404,59.608527386473035,202402278,Lloyds
2018-11-05,58.382469177246094,59.51881849558339,58.382469177246094,59.369301049871446,121546449,Lloyds
2018-11-06,57.52521896362305,58.70144105700794,57.48534612596995,58.681504638181394,133337077,Lloyds
2018-11-07,58.06349182128906,58.45224248860511,57.77441944726523,57.78438955808434,140171380,Lloyds
2018-11-08,59.459014892578125,59.787956325389395,58.53199225081744,58.71141623325392,151772901,Lloyds
2018-11-09,59.7580451965332,59.887630010630986,58.83102268506995,59.55868482157111,147606743,Lloyds
2018-11-12,57.73454666137695,60.00724901483789,57.73454666137695,59.96737617649154,172257366,Lloyds
2018-11-13,58.591793060302734,58.671538736160976,57.91397002544015,57.98374559057455,219114593,Lloyds
2018-11-14,58.20303726196289,59.34935653515525,57.97377416782098,58.591787891268,216024891,Lloyds
2018-11-15,55.27244567871094,58.80111124433607,54.32548688985913,58.282775867254216,420661315,Lloyds
2018-11-16,54.325504302978516,55.75092609622782,53.906850865652245,55.34223896824972,328867915,Lloyds
2018-11-19,55.6512451171875,55.91041097509821,54.42517998971692,54.42517998971692,231396747,Lloyds
2018-11-20,55.1827392578125,55.7110409941284,54.405238015312456,55.65123554623314,204217084,Lloyds
2018-11-21,56.04996109008789,56.18951222660421,55.2325868883638,55.65124410039603,163905716,Lloyds
2018-11-22,55.82069396972656,56.55832624170476,54.69431104457077,55.88050322501658,328898379,Lloyds
2018-11-23,57.016849517822266,57.276015339081304,55.98017862782047,56.069890604887604,208362237,Lloyds
2018-11-26,57.11653518676758,58.4422785967739,57.06669603806069,57.71461637870012,201403211,Lloyds
2018-11-27,56.20944595336914,57.28598975917298,56.20944595336914,57.22618050246729,269492144,Lloyds
2018-11-28,56.15960693359375,57.08662950095871,56.049958530628395,56.817493548902775,141686523,Lloyds
2018-11-29,55.96024703979492,57.016854438383966,55.96024703979492,57.016854438383966,189508991,Lloyds
2018-11-30,55.1827392578125,56.319088397614934,54.67437013580655,56.07985519858577,291340727,Lloyds
2018-12-03,55.770851135253906,56.41876758019128,55.16280372205591,55.41200323222015,189110480,Lloyds
2018-12-04,55.232582092285156,56.299155745882786,55.20267936633775,55.950277934886536,164174397,Lloyds
2018-12-05,56.02006149291992,56.797562898390154,54.116177018703816,54.42518203755301,250730843,Lloyds
2018-12-06,54.514892578125,55.85060232775597,54.17598103560719,55.59143646699925,298560745,Lloyds
2018-12-07,53.87693405151367,55.34222840750623,53.87693405151367,54.82389296319265,175550884,Lloyds
2018-12-10,52.72064971923828,53.86696902954475,52.37177191304913,53.47821838765316,232310937,Lloyds
2018-12-11,52.162445068359375,52.81036153535156,51.57433405225339,52.601034852284066,240335317,Lloyds
2018-12-12,53.17916488647461,53.33865239370419,51.37496317390541,51.37496317390541,326764810,Lloyds
2018-12-13,52.9399528503418,54.156047867459804,52.67081688085748,53.5480003589008,172636406,Lloyds
2018-12-14,52.5312614440918,52.92997840877727,51.5942687819907,52.182379822198584,215821924,Lloyds
2018-12-17,51.73381805419922,52.47144644955986,51.664042497948415,51.86339905724635,211308330,Lloyds
2018-12-18,51.79362487792969,52.33189672830237,51.69394659563078,52.082697220072355,276934731,Lloyds
2018-12-19,52.082698822021484,52.351834755485854,51.62417262537086,51.66404546050992,202887599,Lloyds
2018-12-20,50.82673645019531,51.703916034507024,50.73702446969946,51.12577511768717,269522865,Lloyds
2018-12-21,51.34506607055664,51.6241721112677,50.288462567273804,50.83670073628621,319108058,Lloyds
2018-12-24,50.776893615722656,50.9064784328325,50.128977135139394,50.33830382259785,47165810,Lloyds
2018-12-27,49.86981201171875,51.434784859004516,49.50598280334392,51.30520383265685,149302511,Lloyds
2018-12-28,51.04602813720703,51.115803697751346,49.35645571655864,49.555816090606484,121289991,Lloyds
2018-12-31,51.68397903442383,51.68397903442383,50.73702389844206,51.56436432927045,69463330,Lloyds
2019-01-02,50.83670425415039,51.205518494828375,50.00935998717528,50.49779274035673,142576767,Lloyds
2019-01-03,51.03606414794922,51.51452678590862,50.42801669059986,50.766928201131485,146329323,Lloyds
2019-01-04,52.630943298339844,52.82033738668633,51.51453039815076,51.85344193244714,133867623,Lloyds
2019-01-07,53.17916488647461,53.47820728970191,52.929965418773264,53.29878336875838,246624166,Lloyds
2019-01-08,53.528053283691406,54.04638869924558,53.29879020031828,53.42837120234487,124666165,Lloyds
2019-01-09,53.63771438598633,54.32550379913638,53.35860829454052,53.926782984204365,227722026,Lloyds
2019-01-10,54.60459899902344,54.69431098061205,53.049596388131434,53.32869864085912,153030891,Lloyds
2019-01-11,54.534820556640625,55.35219465574622,54.076294364943884,54.55475697399476,130562143,Lloyds
2019-01-14,55.3621711730957,55.48178588858153,54.13610988253711,54.325500165596594,196170863,Lloyds
2019-01-15,55.3621711730957,56.0399942316541,55.1329080507132,55.87053656577288,190851794,Lloyds
2019-01-16,55.95028305053711,56.319097313380745,55.61137151637496,55.61137151637496,277861184,Lloyds
2019-01-17,55.95028305053711,56.24932174480177,54.754124470995194,55.49175299668246,124980675,Lloyds
2019-01-18,57.81428909301758,57.88406465496569,56.11973158324289,56.39883763351827,201327841,Lloyds
2019-01-21,57.81428909301758,58.033585889130464,57.46541128327703,57.91396738080547,145100964,Lloyds
2019-01-22,57.246116638183594,57.734545590173056,56.9670143799039,57.01685352567055,140766858,Lloyds
2019-01-23,57.11653518676758,57.276022744119594,56.79756007206355,57.00688677812245,146442088,Lloyds
2019-01-24,57.49531555175781,57.69467593516551,56.937107238712855,57.335828005528256,167223328,Lloyds
2019-01-25,58.382469177246094,58.581829574011984,57.834230938002364,58.382469177246094,161191407,Lloyds
2019-01-28,56.81749725341797,58.43230926855661,56.76765810404322,58.38247011918186,163908543,Lloyds
2019-01-29,56.65800094604492,57.325853810014756,56.64803463870209,57.106560826127605,151469487,Lloyds
2019-01-30,58.14323043823242,58.14323043823242,56.3788974833046,56.79755082727932,176529115,Lloyds
2019-01-31,57.71460723876953,58.13326058458761,57.29595009046874,57.41556478891924,159990620,Lloyds
2019-02-01,57.99372100830078,58.18311130207053,57.136473926793634,57.91397532514502,128811389,Lloyds
2019-02-04,57.62490463256836,58.133270035491506,57.08663269830856,58.08343088657486,125292838,Lloyds
2019-02-05,57.85416030883789,58.15319896630949,57.33582486139512,57.66476624386903,143074568,Lloyds
2019-02-06,58.073455810546875,58.222977046997435,57.47537846971063,57.63486601409916,107778567,Lloyds
2019-02-07,57.016849517822266,58.1033595500874,57.016849517822266,58.033583990422166,144946786,Lloyds
2019-02-08,56.69788360595703,57.50528772754383,56.66797707378029,57.01685873096377,128208909,Lloyds
2019-02-11,57.535186767578125,57.78438628919448,56.807524620756325,57.21621168410783,119433380,Lloyds
2019-02-12,57.774417877197266,57.973778260847055,57.435506365737524,57.485345511029216,142065300,Lloyds
2019-02-13,57.674739837646484,58.163168787107196,57.545155017337635,57.81429096606383,108059771,Lloyds
2019-02-14,57.216209411621094,58.023613396000904,57.20623930176198,57.84418944336477,99242295,Lloyds
2019-02-15,58.25288391113281,58.51205356572548,57.046759033365475,57.046759033365475,150699070,Lloyds
2019-02-18,58.133270263671875,58.472181801112015,57.894040826939616,58.093397423388716,81593214,Lloyds
2019-02-19,58.183109283447266,58.631669229427295,57.80432870904931,58.19307939473756,118794509,Lloyds
2019-02-20,60.93427658081055,61.6220659874133,58.61173489053508,59.30949440878215,306810513,Lloyds
2019-02-21,60.13683319091797,61.8014842478869,59.51881561065126,61.77158152069058,190984741,Lloyds
2019-02-22,59.807884216308594,60.40596153747853,59.60852384175766,59.83778694162223,131184842,Lloyds
2019-02-25,60.3361930847168,60.53555348275356,59.738115693089824,60.18667563805172,85832634,Lloyds
2019-02-26,61.70180892944336,61.84136006639633,59.89760285280633,59.93747569264526,209868444,Lloyds
2019-02-27,62.67866897583008,63.00761038929382,61.33298918670607,61.70180724140109,240784994,Lloyds
2019-02-28,63.336551666259766,63.42626364662206,62.05068121522781,62.43943186263678,245232956,Lloyds
2019-03-01,62.64876174926758,63.795081134394486,62.60889271344577,63.795081134394486,171206611,Lloyds
2019-03-04,62.86805725097656,63.326583474505256,62.279946206891296,62.299882625629465,136351739,Lloyds
2019-03-05,62.71853256225586,63.29667726641648,62.29987919922882,63.29667726641648,145853502,Lloyds
2019-03-06,62.70857238769531,62.70857238769531,61.911134616450816,62.45937284652621,309846908,Lloyds
2019-03-07,61.95100402832031,62.80824720843089,61.07382062723813,62.22013617170851,122464541,Lloyds
2019-03-08,61.67189407348633,61.84135171868574,61.123655908396984,61.23330430191141,83771793,Lloyds
2019-03-11,61.592159271240234,62.27994863332968,61.512413593180646,62.10052466017883,124104547,Lloyds
2019-03-12,62.14039611816406,63.695402583417646,62.040717825288105,62.299883668255475,180937320,Lloyds
2019-03-13,62.369651794433594,62.509202908807794,61.582180446198954,62.02077400849809,129937091,Lloyds
2019-03-14,63.5957145690918,63.91469344206982,62.569013798590426,62.598916523173486,235452116,Lloyds
2019-03-15,64.63236236572266,64.75198083333567,63.61563200838357,63.79505590732144,266245288,Lloyds
2019-03-18,65.16069793701172,65.9980047343462,64.64235863916682,64.79187988296694,230980421,Lloyds
2019-03-19,65.22051239013672,65.86843279934448,65.17066943367173,65.37999616188333,151164191,Lloyds
2019-03-20,64.84172058105469,65.4497680410866,64.17386006259981,65.33014952920674,170356284,Lloyds
2019-03-21,63.017578125,64.28350838642993,62.34972140983318,64.28350838642993,234832882,Lloyds
2019-03-22,62.110496520996094,63.476108975132085,61.75164856458469,62.9777098806681,162465030,Lloyds
2019-03-25,61.83138656616211,62.33975574003608,61.41273317824998,62.0008442249478,122917718,Lloyds
2019-03-26,61.26321029663086,62.250042088453185,60.974137935114086,61.50244351365787,265806949,Lloyds
2019-03-27,62.2002067565918,62.59892373943263,61.293120582338645,61.54232012254537,176883290,Lloyds
2019-03-28,61.741668701171875,62.87802165114814,61.741668701171875,62.509203641711814,188014586,Lloyds
2019-03-29,61.94103240966797,62.29988032875889,61.053882722183715,62.10051995121027,202373154,Lloyds
2019-04-01,62.6985969543457,62.83814806869361,62.28990991840567,62.6985969543457,159692671,Lloyds
2019-04-02,63.196998596191406,63.665491099230884,62.42946363282875,62.99763822347023,152924737,Lloyds
2019-04-03,64.6722640991211,65.33015455764875,63.72530885665858,63.91470294713776,231702090,Lloyds
2019-04-04,62.440086364746094,63.197904950390615,62.17086164119375,63.187931551145724,193406609,Lloyds
2019-04-05,62.03126525878906,62.71928527328809,61.901641496880075,62.27057739507945,218007230,Lloyds
2019-04-08,62.440086364746094,62.679398498038395,61.67229818359401,61.821868742368856,153082037,Lloyds
2019-04-09,62.739227294921875,63.18793519337317,62.19080822069809,62.20078162051786,196743600,Lloyds
2019-04-10,62.61957931518555,63.068287258005896,62.51986812955343,62.908747078751766,87176298,Lloyds
2019-04-11,63.955718994140625,64.11526295031896,62.94862249505715,63.118132242890724,233880132,Lloyds
2019-04-12,64.61384582519531,64.86312762605259,63.81614101946131,63.915852218308856,260549860,Lloyds
2019-04-15,64.98275756835938,65.2719252792355,64.81324782292405,65.2519860887326,126818436,Lloyds
2019-04-16,65.65084838867188,65.82036578710436,65.0525736157541,65.23205680837708,184243974,Lloyds
2019-04-17,66.37873840332031,66.50836216353271,65.62091981810062,65.8103763662742,182495258,Lloyds
2019-04-18,65.71067810058594,66.59812062029424,65.40156352326062,66.47846262834804,144065217,Lloyds
2019-04-23,65.3816146850586,66.33885565701416,64.92293719479707,66.33885565701416,210044429,Lloyds
2019-04-24,64.5739517211914,65.33176282332136,64.22495876527948,65.08248105374484,187763318,Lloyds
2019-04-25,63.427249908447266,64.11526998184105,63.04834057844327,64.08534978117035,180110127,Lloyds
2019-04-26,62.81899642944336,62.898768409433416,62.40020494570767,62.81899642944336,215912309,Lloyds
2019-04-29,63.417274475097656,63.62667403196469,62.83894280401566,62.88879839232207,120116774,Lloyds
2019-04-30,62.39023208618164,63.566842175054184,62.39023208618164,63.018423120958055,169705538,Lloyds
2019-05-01,63.417274475097656,63.62667403196469,62.82896940411184,63.06828155321521,156951339,Lloyds
2019-05-02,62.61957931518555,63.187941441512024,61.432999469716535,61.622452243912726,161617098,Lloyds
2019-05-03,62.46002960205078,63.02839164162264,62.19080487745295,62.928680471210406,94752838,Lloyds
2019-05-07,61.63242721557617,62.410185133795956,61.343259444639784,61.92159118277455,243023316,Lloyds
2019-05-08,61.642391204833984,61.76204538050397,61.01420012602565,61.35322346020533,108851675,Lloyds
2019-05-09,60.71506118774414,61.31333965783042,60.505665434895846,61.253510669700525,203996415,Lloyds
2019-05-10,60.87460708618164,61.62245239142647,60.64526831568844,61.10394585667484,164567482,Lloyds
2019-05-13,59.61822509765625,60.894546458759095,59.48859752075121,60.87460346202465,148131182,Lloyds
2019-05-14,60.465782165527344,60.635295737659646,59.747849490590994,59.747849490590994,125797544,Lloyds
2019-05-15,60.80480194091797,61.01419769091777,60.1267552996198,60.96434210335651,107710092,Lloyds
2019-05-16,61.33327865600586,61.41305063992657,60.53557783548658,60.63529281538746,111906585,Lloyds
2019-05-17,60.16664123535156,61.22359718786237,60.14669823959806,60.71506030549172,136223068,Lloyds
2019-05-20,59.32905578613281,60.415924355204744,59.019945050506585,59.92733045743911,156254630,Lloyds
2019-05-21,60.346126556396484,60.72503588181944,59.957247634608194,60.62532089947779,283484190,Lloyds
2019-05-22,58.980064392089844,60.4258955192157,58.980064392089844,60.36607033277544,201471774,Lloyds
2019-05-23,57.68379211425781,58.48149671141547,57.35474220110709,58.48149671141547,200628753,Lloyds
2019-05-24,58.351871490478516,58.65100882457394,57.933076179754856,57.982935571885406,138195707,Lloyds
2019-05-28,57.46442794799805,58.75071883954532,57.384655965156746,58.641038068744784,209288770,Lloyds
2019-05-29,57.324832916259766,57.424544094786654,57.07555116620491,57.3348025126174,101608167,Lloyds
2019-05-30,57.47439956665039,57.893194883830674,57.37468838832718,57.63393973421011,110846710,Lloyds
2019-05-31,57.095489501953125,57.31485865590485,56.457328839989096,56.826268563223834,220107865,Lloyds
2019-06-03,56.8860969543457,57.095492720154496,56.33767784229219,56.38753343361745,173879898,Lloyds
2019-06-04,57.723690032958984,58.052743817843215,56.51716709585988,56.66673768966875,306188567,Lloyds
2019-06-05,57.643917083740234,57.95302403996314,56.76644420017317,57.773540863694016,174438974,Lloyds
2019-06-06,57.06557083129883,57.972956139080324,56.726547540274034,57.693761830143615,149129859,Lloyds
2019-06-07,57.44449234008789,57.883226890927176,57.135381572430084,57.255035758342984,108314123,Lloyds
2019-06-10,58.22224044799805,58.42166659342301,57.414570074446075,57.87324754630736,151504565,Lloyds
2019-06-11,57.88322448730469,58.4117044103058,57.823399298701496,58.04276466314291,168740392,Lloyds
2019-06-12,57.81342315673828,58.052735311016946,57.18523208002724,57.23509147314947,144580954,Lloyds
2019-06-13,57.88322448730469,57.962996477092716,57.195208192203175,57.53423154132663,125037677,Lloyds
2019-06-14,57.53422927856445,57.8632792141543,57.24506153256227,57.56414187168962,122736113,Lloyds
2019-06-17,57.77354431152344,57.982943898825965,57.49434993343756,57.74363171493941,87310580,Lloyds
2019-06-18,57.90316390991211,58.27209983055971,57.075550487514775,57.46442940437814,122185152,Lloyds
2019-06-19,59.02992630004883,59.02992630004883,57.85331599344614,57.87325899230664,179242463,Lloyds
2019-06-20,58.22224044799805,59.229340770712334,58.11255587782745,59.02991462528736,144781402,Lloyds
2019-06-21,57.933074951171875,58.680920172419725,57.703736206437696,58.112558108570354,330848339,Lloyds
2019-06-24,56.83624267578125,58.06270850865219,56.83624267578125,57.93308092522222,199501916,Lloyds
2019-06-25,56.53710174560547,56.73652790665232,56.06845083770602,56.227991005795964,208930102,Lloyds
2019-06-26,56.746498107910156,56.985810264464845,56.11830702522457,56.33767618508823,164591829,Lloyds
2019-06-27,56.69664764404297,57.464435969244484,55.99865791170178,57.14535560081502,176256674,Lloyds
2019-06-28,56.42741775512695,57.26500459726588,56.3476457683815,57.01572284429284,170597189,Lloyds
2019-07-01,57.06557083129883,57.60402025888007,57.01571524809402,57.60402025888007,127996955,Lloyds
2019-07-02,57.47439956665039,57.69376872344662,56.95589307114689,57.314859399090665,106078456,Lloyds
2019-07-03,58.092620849609375,58.21227883551641,57.47440313737452,57.72368490240736,115161927,Lloyds
2019-07-04,58.092620849609375,58.50144279211372,57.76357089770971,58.032795660393724,94645427,Lloyds
2019-07-05,57.66386032104492,58.51141680959581,57.57411873253759,58.3219640355194,117305878,Lloyds
2019-07-08,57.5442008972168,58.381787767794584,57.294919135779814,57.9430532370111,102724417,Lloyds
2019-07-09,57.62396240234375,57.803445542221546,57.15531155891427,57.49433484493487,87187735,Lloyds
2019-07-10,57.80345153808594,58.5512967639039,57.80345153808594,57.823394533889584,106680043,Lloyds
2019-07-11,57.594058990478516,58.08265293776278,57.564146395002865,57.99291134759783,147146062,Lloyds
2019-07-12,57.514286041259766,58.341899478740544,57.48437344825975,57.87325237221053,125528165,Lloyds
2019-07-15,57.68379211425781,57.903161258849906,57.15531605181768,57.434510378580406,88722455,Lloyds
2019-07-16,57.81342315673828,58.12253389690287,56.73652797182843,56.81629615409622,187328132,Lloyds
2019-07-17,57.524253845214844,58.03279073279488,57.28494550119633,57.813421580996625,118861933,Lloyds
2019-07-18,57.22512435913086,57.604033726804055,56.90604398753387,56.90604398753387,97928427,Lloyds
2019-07-19,56.6268424987793,57.50431150855761,56.4772719292497,57.27497275801981,205563566,Lloyds
2019-07-22,56.557037353515625,57.085513378073074,56.36758081358963,56.93594282589331,102059589,Lloyds
2019-07-23,56.83624267578125,57.0655814441648,56.397508136752435,56.82627307878104,172662622,Lloyds
2019-07-24,56.80632781982422,57.24506234138887,56.34764649757738,56.34764649757738,153509630,Lloyds
2019-07-25,56.60689926147461,57.324831906178446,56.42741610029864,56.856181007137046,141117891,Lloyds
2019-07-26,55.82914352416992,56.746498556787735,55.79922712702789,56.746498556787735,187793173,Lloyds
2019-07-29,56.01859664916992,56.43040831572154,55.64966071443717,55.64966071443717,187141724,Lloyds
2019-07-30,54.92176055908203,56.46730674888994,54.79213297560174,56.13825299168717,229492365,Lloyds
2019-07-31,53.17678451538086,55.712477735553,51.990200955907056,52.558563039252235,458817307,Lloyds
2019-08-01,52.68819046020508,53.79500203098973,52.408996119372055,52.86767362323706,435612035,Lloyds
2019-08-02,51.11273193359375,52.23948658771917,51.11273193359375,52.219543589870995,238558440,Lloyds
2019-08-05,50.035831451416016,50.73481766749684,49.69182143099651,50.30505618864813,192297247,Lloyds
2019-08-06,50.09565734863281,50.97312628577776,49.70677466079355,50.08568394949635,188055938,Lloyds
2019-08-07,50.09565734863281,50.65404598068191,49.73170435489743,50.19536851757379,168489502,Lloyds
2019-08-08,49.62312316894531,49.68296170127411,48.40635561710998,48.67065261379213,210952357,Lloyds
2019-08-09,49.368797302246094,50.48084360236511,48.825243683402526,49.12943176252031,195395641,Lloyds
2019-08-12,48.610809326171875,49.82258894691024,48.585874070416644,49.742799172162194,345722098,Lloyds
2019-08-13,48.840206146240234,49.114474975504166,48.10316264516302,48.22184671802973,166263474,Lloyds
2019-08-14,48.55097198486328,49.099513426581055,48.2816871742921,48.565931618019526,325393292,Lloyds
2019-08-15,48.45124053955078,48.87012550337826,48.028360759991976,48.7803638961886,229528782,Lloyds
2019-08-16,49.518394470214844,49.538338108261385,48.386400879497586,48.451231019198666,185436621,Lloyds
2019-08-19,49.802642822265625,50.04699235587793,49.45855606757669,49.69792159357464,168080218,Lloyds
2019-08-20,49.58821105957031,50.23648585641186,49.508421285111496,49.513409097161635,211205623,Lloyds
2019-08-21,49.39372634887695,49.832558677840915,49.39372634887695,49.5682617180907,134553553,Lloyds
2019-08-22,49.5732536315918,49.907364766671535,48.97982952258001,48.9997769670814,166396754,Lloyds
2019-08-23,49.85749053955078,50.21653307267664,49.59817760472131,49.7577533320835,207661242,Lloyds
2019-08-27,49.62810516357422,51.16402417414055,49.21919205604277,49.45855758940595,250178843,Lloyds
2019-08-28,49.38375473022461,49.80762746257323,49.084550672365935,49.72285367702071,135079497,Lloyds
2019-08-29,49.67299270629883,50.015082097219235,48.291661502812524,49.114475610413756,236282407,Lloyds
2019-08-30,49.697914123535156,50.91467760109194,49.588205099134086,49.862473855551364,180755944,Lloyds
2019-09-02,50.18661880493164,50.635426771714954,49.69791975577879,49.70789157522472,86314017,Lloyds
2019-09-03,49.458560943603516,50.1666781624227,49.094526708809795,49.77771247334135,203790505,Lloyds
2019-09-04,49.463539123535156,50.2863492419295,49.07457351020279,49.1194524019324,158644239,Lloyds
2019-09-05,49.89738845825195,50.49580037133397,49.0097481153289,49.1194571562899,189957996,Lloyds
2019-09-06,49.9073600769043,50.266406435017885,49.1294250327963,49.43860468663537,225712227,Lloyds
2019-09-09,50.04698944091797,50.11979399370678,48.65069886385905,49.21918767483364,296353560,Lloyds
2019-09-10,52.18132019042969,52.28105360837891,49.877441711776804,50.037017463247174,357985069,Lloyds
2019-09-11,52.4605712890625,53.32826791325921,50.74912029798087,52.81961764327002,282265743,Lloyds
2019-09-12,51.80232238769531,52.98318590183143,50.78502562324181,52.24115852407863,225150096,Lloyds
2019-09-13,54.116172790527344,54.79437063702267,52.271078058041546,52.29102550112503,284918073,Lloyds
2019-09-16,53.9765510559082,54.535068116391976,53.757136764485395,53.98652668095564,245083921,Lloyds
2019-09-17,53.01909637451172,54.00647399964756,53.01909637451172,53.87681750643885,160744086,Lloyds
2019-09-18,52.84954833984375,53.30832816775609,52.500473754147365,52.54036864472744,103292108,Lloyds
2019-09-19,53.91670227050781,54.46524360162681,53.05898129968133,53.35818531623846,147625369,Lloyds
2019-09-20,55.36286544799805,55.71194003290621,54.61485337194847,54.65474826243846,359872566,Lloyds
2019-09-23,54.15606689453125,55.08360205929529,53.56763064811735,55.08360205929529,306814617,Lloyds
2019-09-24,53.35818862915039,54.73453175627043,53.16869362796876,54.36550976850542,161251870,Lloyds
2019-09-25,53.22853469848633,53.4589252026419,52.07160958392864,52.58025989211569,106061396,Lloyds
2019-09-26,53.44795227050781,53.83293070556995,52.949277591292244,52.949277591292244,166932777,Lloyds
2019-09-27,54.79437255859375,54.79437255859375,53.068958619514945,53.29834851614076,146690192,Lloyds
2019-09-30,53.9765510559082,55.09358517687575,53.9765510559082,54.59491045291795,163689803,Lloyds
2019-10-01,53.23851013183594,54.73453417829206,53.118825468817604,54.36551217419771,181102214,Lloyds
2019-10-02,51.46323013305664,53.456932232818744,51.45325831256781,52.92933504301822,152383943,Lloyds
2019-10-03,51.48317337036133,51.7225388929757,50.91468453431135,51.20391676446616,163121213,Lloyds
2019-10-04,51.892086029052734,52.16835222812976,50.984498262836524,51.48317294327589,80988599,Lloyds
2019-10-07,51.56296157836914,52.02174136112983,51.049327277606004,51.42333327966683,151764633,Lloyds
2019-10-08,50.84486770629883,52.07160690922881,50.819936256133985,51.98184531854683,150573376,Lloyds
2019-10-09,50.56561279296875,51.13410161795631,50.46587557524279,50.844869393429775,126165900,Lloyds
2019-10-10,52.5303955078125,52.68997507769104,50.65538121677584,50.685300483834894,177329976,Lloyds
2019-10-11,58.97327423095703,59.382187354571414,53.91671280777511,54.40541190925789,577268717,Lloyds
2019-10-14,57.63681411743164,59.38217530634979,53.918695471240234,57.59691923429872,238084353,Lloyds
2019-10-15,60.65878677368164,61.91544907719184,58.33496478146691,59.043081902325774,414215450,Lloyds
2019-10-16,60.868228912353516,61.6561358028842,58.84361097262719,61.14748931425721,339229273,Lloyds
2019-10-17,60.79841995239258,63.999910689197314,59.63152295292746,59.94069883932277,422661563,Lloyds
2019-10-18,60.03044891357422,60.98790706792497,58.789746986200825,58.89347139765467,275527472,Lloyds
2019-10-21,61.27714157104492,61.875553452826615,60.381523058193764,60.60891934499566,208820352,Lloyds
2019-10-22,60.249874114990234,61.36989853138694,60.19003178430589,60.83831038400255,226387761,Lloyds
2019-10-23,60.120216369628906,60.369553702023964,58.773796296529895,59.1128952207706,180666862,Lloyds
2019-10-24,59.69135665893555,60.41942502738814,59.362233354117926,59.751198989168664,148795844,Lloyds
2019-10-25,59.84096145629883,60.2937566341272,58.70398379736289,59.5018625225297,125517754,Lloyds
2019-10-28,58.773799896240234,60.29375863272209,58.34493935388751,59.74123002265255,165849265,Lloyds
2019-10-29,58.105567932128906,58.64413746155831,57.61686891084289,58.564351496783,173093174,Lloyds
2019-10-30,57.447322845458984,58.70797240264566,56.769124961756006,58.574328711698634,190908171,Lloyds
2019-10-31,56.649444580078125,56.908757551995905,55.710940721781775,56.519788094119235,243006993,Lloyds
2019-11-01,57.15809631347656,57.30769644289685,53.597559208151296,56.83894480520998,95425617,Lloyds
2019-11-04,57.63681411743164,58.359890802434975,57.63681411743164,57.666733377488605,135441291,Lloyds
2019-11-05,57.93601989746094,58.40477527709531,57.08827453026976,58.364880392746514,178387949,Lloyds
2019-11-06,57.25782775878906,58.60424790007631,56.83894284535248,58.33496691548763,123499131,Lloyds
2019-11-07,57.04838562011719,57.71660788230165,56.868862426333244,57.33761785505642,117904893,Lloyds
2019-11-08,56.13081359863281,59.47193581091381,56.10588215056666,56.92869602845749,94560112,Lloyds
2019-11-11,58.384830474853516,58.80371536569944,55.26312601824244,55.811667386791704,268318851,Lloyds
2019-11-12,59.432044982910156,59.45199242547511,58.02578262105894,58.54440471399079,242523901,Lloyds
2019-11-13,59.432044982910156,59.54175401472458,58.41474823961141,58.963289594097866,144150286,Lloyds
2019-11-14,58.53443145751953,59.8010655772238,58.53443145751953,59.45199482968498,198271969,Lloyds
2019-11-15,59.01315689086914,59.481912284389004,57.886154909023475,59.04307995730991,137014297,Lloyds
2019-11-18,59.58164978027344,60.368556046555504,58.81369035081025,59.1128943845345,152286421,Lloyds
2019-11-19,59.32233810424805,60.499210626196316,59.142814919233174,59.9008025458706,208022904,Lloyds
2019-11-20,58.95332336425781,59.00319007310505,58.315020360006706,58.703986015435596,301277076,Lloyds
2019-11-21,58.54440689086914,58.973267410498,58.025784778653176,58.74387751935002,119287563,Lloyds
2019-11-22,59.63151168823242,59.970610580398194,58.39280335976461,58.58429575214518,125003884,Lloyds
2019-11-25,60.70865249633789,61.00785653365446,59.936705851785995,60.120216240961476,163456376,Lloyds
2019-11-26,61.05772399902344,61.34695239807502,60.239897895666076,61.017829114814404,222672714,Lloyds
2019-11-27,61.53645706176758,61.67608536522377,60.668764172728466,61.21730556684317,182874222,Lloyds
2019-11-28,62.52383804321289,62.52383804321289,61.50654110873748,61.656145053796294,136719335,Lloyds
2019-11-29,60.987911224365234,62.34430307668079,60.788440603423474,62.34430307668079,174083857,Lloyds
2019-12-02,59.78112030029297,61.1275442422775,59.562702825942125,60.7884453018428,262730384,Lloyds
2019-12-03,59.01315689086914,60.32966148127782,58.68403359670624,59.91077279237831,236341970,Lloyds
2019-12-04,60.409454345703125,60.54908265641808,58.88351094348095,58.89348276370939,148789571,Lloyds
2019-12-05,60.34961700439453,61.117576581460156,59.97062693097496,60.41943497011544,106188347,Lloyds
2019-12-06,61.30707550048828,61.376889661711274,60.16012204396242,60.549087743515194,124861666,Lloyds
2019-12-09,61.9653205871582,62.583676162845634,60.997890431396456,60.997890431396456,192451264,Lloyds
2019-12-10,61.317039489746094,62.0351322615619,60.51716714279051,61.93539504070639,227490773,Lloyds
2019-12-11,60.23990249633789,61.307066000625305,60.179063363960516,61.167437699815494,253463553,Lloyds
2019-12-12,60.95799255371094,61.137515745044745,60.080327845618896,60.319689564340024,194555350,Lloyds
2019-12-13,64.15949249267578,73.46476476685177,60.55906033869136,69.61499524823782,704768575,Lloyds
2019-12-16,67.0717544555664,67.6701626389116,64.50856652274662,64.81774243548752,377850950,Lloyds
2019-12-17,63.1322135925293,65.07704560130146,62.77316721496079,65.07704560130146,738728534,Lloyds
2019-12-18,63.19205093383789,63.41146899271188,62.434063351138036,63.01252775922927,219003810,Lloyds
2019-12-19,63.750572204589844,64.12956984873566,62.833012577281636,63.11226919349091,381375356,Lloyds
2019-12-20,62.16478729248047,64.15948600790736,62.16478729248047,64.0298257215347,362116302,Lloyds
2019-12-23,62.03512954711914,62.31438614412333,61.60626902767081,61.83565891872223,284390412,Lloyds
2019-12-24,63.25189208984375,63.5810191918616,62.18472862110799,62.32436072185193,64065960,Lloyds
2019-12-27,63.012535095214844,64.3390116170766,62.79311701079597,63.83036129493937,77395979,Lloyds
2019-12-30,62.95268630981445,63.44138913740941,62.87290034475778,63.202023633068166,62060981,Lloyds
2019-12-31,62.33433532714844,62.983610737890004,62.13486469318438,62.71332915122155,51827760,Lloyds
2020-01-02,63.54112243652344,63.67077890967825,63.07237085672401,63.58101732127655,157613349,Lloyds
2020-01-03,62.882877349853516,63.63088938130598,62.284469246525916,63.63088938130598,198856652,Lloyds
2020-01-06,63.08234405517578,63.156149213124536,61.907465164226636,63.03247735043666,136196286,Lloyds
2020-01-07,62.942718505859375,63.52117915432203,62.72330042993258,62.942718505859375,107254282,Lloyds
2020-01-08,62.62356185913086,62.7033478227066,61.84562683790051,62.414119424585806,157679455,Lloyds
2020-01-09,61.686058044433594,63.33168605429292,61.58233361690863,63.28181934587603,173659260,Lloyds
2020-01-10,60.170082092285156,61.59628801988852,59.930716598213515,61.336978888847575,224795444,Lloyds
2020-01-13,58.58430480957031,61.58632479775903,58.48955540010625,59.59162601888425,250375742,Lloyds
2020-01-14,58.59427261352539,58.849594557145856,58.125517215149756,58.59427261352539,235807714,Lloyds
2020-01-15,57.65676498413086,58.7538477033609,57.53708032762215,58.713952817857994,237998772,Lloyds
2020-01-16,57.746524810791016,58.02777499445076,57.088274438437104,57.80636333263237,152237722,Lloyds
2020-01-17,58.295074462890625,58.574331083516356,57.736557417053056,58.15544615257776,185978030,Lloyds
2020-01-20,57.746524810791016,58.55437529233388,57.6078933217997,58.55437529233388,72762048,Lloyds
2020-01-21,58.344932556152344,58.48456084584364,57.07829852103262,57.367530723727754,266967743,Lloyds
2020-01-22,57.93601989746094,58.40477527709531,57.686682577159345,58.22525210211132,163118813,Lloyds
2020-01-23,57.24785232543945,58.69400579161805,57.24785232543945,57.80636550810075,167221590,Lloyds
2020-01-24,57.93601989746094,59.1029167302713,57.69665439595376,57.94599171625534,146725561,Lloyds
2020-01-27,56.958621978759766,57.63681984102573,56.57962816053212,57.04838357242985,156667186,Lloyds
2020-01-28,57.487213134765625,58.08562499846947,56.67038381327204,57.34758484127709,114274583,Lloyds
2020-01-29,57.34758377075195,58.29107534021403,57.27776962531093,57.80636352781743,105528590,Lloyds
2020-01-30,57.77644348144531,58.110554573598044,56.848908356524646,56.848908356524646,134419233,Lloyds
2020-01-31,56.639469146728516,58.324988138317856,56.20063300827548,58.324988138317856,179297410,Lloyds
2020-02-03,56.400108337402344,57.04838697530941,56.041061941305266,56.828968887786516,153681928,Lloyds
2020-02-04,57.34758377075195,57.437345358402645,56.6793615773634,57.168060595450584,113644729,Lloyds
2020-02-05,56.988548278808594,58.173399178809085,56.988548278808594,57.507170461321884,194283019,Lloyds
2020-02-06,56.79904556274414,58.115546384600485,56.69432433879941,57.49719086029482,142821635,Lloyds
2020-02-07,56.76913070678711,56.92871027635933,56.05104166664385,56.66939728039082,124996718,Lloyds
2020-02-10,56.72922897338867,57.00848555856314,56.330287733494615,56.50981091098838,203893458,Lloyds
2020-02-11,56.57962417602539,57.34758357787943,56.20063038448762,57.34758357787943,164536871,Lloyds
2020-02-12,57.28774642944336,57.487217064312816,56.056023153640204,56.60954855363874,125454586,Lloyds
2020-02-13,57.87618637084961,57.995871042093704,56.05103888711791,57.28775005328434,171006145,Lloyds
2020-02-14,56.4599494934082,58.04573517335409,56.40010716044546,57.975921020523884,141080959,Lloyds
2020-02-17,56.71925735473633,57.05835629121389,56.380158418258766,56.51978672070496,82623091,Lloyds
2020-02-18,55.731876373291016,56.83893463399118,55.731876373291016,56.05102782444606,166751570,Lloyds
2020-02-19,55.632144927978516,56.25050425763842,55.482544809836895,56.0510336288638,115708021,Lloyds
2020-02-20,56.400108337402344,57.97592223036484,55.7618053241569,55.84159510310562,250479278,Lloyds
2020-02-21,55.20328140258789,55.911402286418735,55.02375822692211,55.53240849283702,325612555,Lloyds
2020-02-24,52.96923065185547,54.2358649279269,52.16137621621065,53.737190195831985,290401275,Lloyds
2020-02-25,51.872135162353516,53.705264414588505,51.842215900968945,53.3781347284708,328451066,Lloyds
2020-02-26,51.77240753173828,52.181320636160656,50.88476716881552,51.96190254929488,323387690,Lloyds
2020-02-27,50.2165412902832,51.15405217096586,49.448585592334226,51.03436750241952,318291781,Lloyds
2020-02-28,50.06694030761719,50.366144364708155,47.75408682092055,48.66566182282712,616992296,Lloyds
2020-03-02,49.408687591552734,51.930983421941704,48.50409024191213,51.35351958022488,354681470,Lloyds
2020-03-03,48.54597854614258,50.665345901612575,48.41632206617098,50.37611367882431,276224597,Lloyds
2020-03-04,48.23679733276367,49.01572531848497,47.55361173844135,47.87775100011502,271341849,Lloyds
2020-03-05,46.87541580200195,48.42828782774853,46.08252495665851,48.23679923282241,255914487,Lloyds
2020-03-06,45.55891418457031,46.53631599602792,44.72712527275076,45.33949613142772,345739690,Lloyds
2020-03-09,41.125701904296875,43.89733513551114,39.26265324963048,40.641986850835394,496506848,Lloyds
2020-03-10,42.42226028442383,44.88072692247156,41.47976532341884,42.17791072535233,494209542,Lloyds
2020-03-11,42.00835037231445,44.09380730940152,41.51466354677193,42.52697245155112,372371693,Lloyds
2020-03-12,36.89693832397461,41.055887112825765,36.512960496306626,39.754345900147435,543757343,Lloyds
2020-03-13,37.7895622253418,40.02761341020547,36.98171177308721,38.44282476232998,408864062,Lloyds
2020-03-16,35.016937255859375,35.86668011259543,32.11465071926082,35.405902904385066,536586936,Lloyds
2020-03-17,35.226375579833984,36.45710572400169,31.51623701524751,35.90457338140514,441849428,Lloyds
2020-03-18,33.54583740234375,34.34371977590895,32.06477709207376,33.53586558473749,358206359,Lloyds
2020-03-19,32.289188385009766,34.12730192661809,30.61862882021608,33.191788418150175,698106099,Lloyds
2020-03-20,32.01491928100586,34.4534386452665,31.316775731977227,33.660547573079974,675068283,Lloyds
2020-03-23,30.488969802856445,31.906202779644037,29.737965471827327,29.870614261451635,380314599,Lloyds
2020-03-24,33.555824279785156,33.555824279785156,30.668497029706337,31.28685455479398,386440167,Lloyds
2020-03-25,36.63263702392578,38.389967414629226,32.91252482591094,35.14658879114187,431074933,Lloyds
2020-03-26,37.460445404052734,37.83943544252159,34.308821404247105,35.04685784091684,337909827,Lloyds
2020-03-27,34.303836822509766,36.87899398552146,33.431156002035436,35.40590757352983,391858874,Lloyds
2020-03-30,33.41120910644531,36.87899459386765,32.30415052433373,34.04452438116136,266071926,Lloyds
2020-03-31,31.915178298950195,36.87898706078954,31.6309338944086,31.925150118150896,434167505,Lloyds
2020-04-01,28.195066452026367,30.91782970851638,28.13522412164931,29.92048036308037,633114108,Lloyds
2020-04-02,28.82838249206543,29.721008678825196,27.75523442138572,27.87092616521702,480846533,Lloyds
2020-04-03,27.65151023864746,28.78250323978265,27.62657688614103,28.409495949058712,319660657,Lloyds
2020-04-06,29.860641479492188,29.860641479492188,28.073391542648206,28.44939116960487,334338098,Lloyds
2020-04-07,31.13724708557129,32.2393196007018,30.16981886785721,30.5587845189074,470424722,Lloyds
2020-04-08,31.77555274963379,31.77555274963379,29.833712949928984,29.93544187428927,257197311,Lloyds
2020-04-09,33.301490783691406,35.261282208295164,31.93512337914537,32.01490934060502,371893146,Lloyds
2020-04-14,31.70075035095215,33.311471297034295,31.620962475486504,32.92748964959632,286063632,Lloyds
2020-04-15,29.666156768798828,31.606000918536235,29.60132852946439,31.351675773151143,333883339,Lloyds
2020-04-16,29.356977462768555,30.818094406637957,29.0577734199275,29.646209686168763,246071360,Lloyds
2020-04-17,30.369285583496094,31.217030928630447,29.81076863090134,30.169814971527575,313340055,Lloyds
2020-04-20,30.040159225463867,30.858982079641855,29.52153717654986,30.56875309252117,184756278,Lloyds
2020-04-21,29.142547607421875,30.0910270616124,29.04780010306994,29.222335480111123,307829234,Lloyds
2020-04-22,29.83570671081543,30.100003679764946,29.322070502135965,29.451726982887255,158235468,Lloyds
2020-04-23,30.34435272216797,30.34435272216797,29.381910462797123,29.865625498459238,180356670,Lloyds
2020-04-24,29.65618324279785,30.26955285881224,25.606943551495696,29.571407559679347,204121119,Lloyds
2020-04-27,30.45406150817871,30.818093783785415,29.920479771110667,30.598677616956035,173245463,Lloyds
2020-04-28,33.15687561035156,35.665208430380794,30.38923175032618,30.498940779403377,464384721,Lloyds
2020-04-29,34.66786193847656,34.66786193847656,32.67316322659541,33.11199937814422,419861412,Lloyds
2020-04-30,32.154544830322266,34.83641642004856,31.513247643761417,34.667861853064856,612396060,Lloyds
2020-05-01,31.60101318359375,31.998955736123442,30.314433529139404,31.895231313852722,348622494,Lloyds
2020-05-04,30.518892288208008,31.36165185377625,30.269554936020512,31.28685178949582,315203318,Lloyds
2020-05-05,30.49894142150879,31.625945289937768,30.242622682655632,30.917828202276503,342698821,Lloyds
2020-05-06,30.090030670166016,30.673479140477173,29.930454922612896,30.46902259503143,244033168,Lloyds
2020-05-07,31.202070236206055,31.202070236206055,29.940424079994443,30.020211941606785,178698841,Lloyds
2020-05-11,30.33438491821289,32.309136404129156,30.10000718499441,32.274229325006374,245474742,Lloyds
2020-05-12,29.8057861328125,30.668493109068876,29.8057861328125,30.284513373574487,229354893,Lloyds
2020-05-13,28.93310546875,29.686103406527675,28.828384241389596,29.32207111454177,317689230,Lloyds
2020-05-14,28.539148330688477,28.703711868713985,27.048112279227663,28.424453396137086,351891252,Lloyds
2020-05-15,28.429447174072266,29.256250396277277,28.005574389832237,28.823400690239453,202822408,Lloyds
2020-05-18,29.6063175201416,29.6063175201416,28.105307453682837,28.92313368808241,252925271,Lloyds
2020-05-19,29.50657844543457,30.485975818612836,29.022865323280016,30.30445903541018,244544366,Lloyds
2020-05-20,29.785839080810547,29.980321906035893,28.412490076795457,29.042814856114074,294630047,Lloyds
2020-05-21,28.314746856689453,29.587365575146674,28.314746856689453,29.56143351860488,407927400,Lloyds
2020-05-22,28.045469284057617,28.783507699125813,27.526847078130807,27.845998619534,277027472,Lloyds
2020-05-26,29.995283126831055,30.169818506031408,28.92313179090614,29.247271097755895,417226860,Lloyds
2020-05-27,31.730670928955078,31.96005892658365,30.03019031902719,30.28950138505314,591610487,Lloyds
2020-05-28,31.296823501586914,32.74298280249517,30.88292448757606,32.29915881691351,299899964,Lloyds
2020-05-29,29.79082489013672,30.982657017758072,29.79082489013672,30.80313383660638,492167786,Lloyds
2020-06-01,30.778200149536133,31.10732534397147,30.194749817136817,30.424139700650844,197136712,Lloyds
2020-06-02,31.845365524291992,32.38393509441608,30.688440413239814,30.98764446178012,532592449,Lloyds
2020-06-03,33.67051315307617,33.884943420420306,32.354012285293635,32.50860402520234,396549439,Lloyds
2020-06-04,33.79518508911133,34.00961537716826,32.80282343256242,33.62064969292227,337816563,Lloyds
2020-06-05,35.45077896118164,35.86467983283512,34.1193185618288,34.41852259022704,457376990,Lloyds
2020-06-08,36.78224563598633,38.01895671766527,34.90722776503741,35.10669839889766,513534214,Lloyds
2020-06-09,35.13163375854492,37.20312828470224,34.68182893196215,36.85206388682275,425439479,Lloyds
2020-06-10,34.92716979980469,36.872001520725924,34.573111286713136,35.839745240291734,305961335,Lloyds
2020-06-11,31.96005630493164,33.45608024616113,31.915177412895854,33.411201354125346,315551500,Lloyds
2020-06-12,31.845365524291992,32.84271488915028,30.57873137437166,31.157193929897748,338964066,Lloyds
2020-06-15,31.446426391601562,32.852686951985746,30.808121499807754,30.364301333527138,224145197,Lloyds
2020-06-16,33.0621337890625,33.98966902581316,32.27422685813048,32.847703518102165,343539819,Lloyds
2020-06-17,32.4886589050293,33.64558410809281,32.19443884061184,33.007281072552416,183578500,Lloyds
2020-06-18,32.34403610229492,33.04716533690895,31.810454411990165,32.149553305194104,140368209,Lloyds
2020-06-19,32.1495475769043,32.852676686237324,31.99495968997971,32.852676686237324,320598770,Lloyds
2020-06-22,31.561119079589844,32.12462006487715,31.227006074637796,31.74064225809628,442958262,Lloyds
2020-06-23,32.658206939697266,32.86465900800135,31.675819017043224,31.78054025359176,171134869,Lloyds
2020-06-24,31.526212692260742,33.06711556928798,31.526212692260742,32.398893349428924,183221384,Lloyds
2020-06-25,31.536184310913086,31.81544088511851,30.43411193731911,31.21703095107544,238814859,Lloyds
2020-06-26,31.002605438232422,32.094704257588646,30.910850236222952,31.98499521396195,165673375,Lloyds
2020-06-29,31.172149658203125,31.401541429138312,30.319416514580407,30.907852718345172,219927377,Lloyds
2020-06-30,31.09236717224121,31.49629436910934,30.558785388763393,31.182128771545237,216798060,Lloyds
2020-07-01,30.618629455566406,31.26690622988048,30.38923763198097,31.08738302111498,214762975,Lloyds
2020-07-02,31.765581130981445,31.999956963838827,30.833059905327175,31.077409461200876,246512863,Lloyds
2020-07-03,30.942764282226562,31.95507520133375,30.64356022771086,31.70075004293172,133792963,Lloyds
2020-07-06,31.12228775024414,31.915180594223603,30.663507942302818,30.748281727655584,239588682,Lloyds
2020-07-07,30.658519744873047,31.30679646209,30.62660497557507,30.818095493655896,151273183,Lloyds
2020-07-08,30.63857078552246,30.972683800839974,30.24960515488653,30.399207174185513,170320859,Lloyds
2020-07-09,29.65618324279785,31.027538585721615,29.551460116322886,30.917829549553986,218302938,Lloyds
2020-07-10,30.374277114868164,30.4291316384274,29.16748520573731,29.396875120354945,225317607,Lloyds
2020-07-13,30.55878448486328,31.187115661406036,30.1997400005604,30.91783087145914,147069644,Lloyds
2020-07-14,30.025205612182617,30.738310641932724,29.840696491188577,30.040167147928685,204167953,Lloyds
2020-07-15,30.304458618164062,30.404193928324418,29.58636780913659,30.219682938725274,193431901,Lloyds
2020-07-16,30.449079513549805,30.56876038273821,29.97035032991684,30.154861348546397,126076131,Lloyds
2020-07-17,30.48398780822754,30.618630218155072,29.800802035377487,30.21968889883208,205731994,Lloyds
2020-07-20,30.32939338684082,30.61862560958683,30.02520153267447,30.070082329228406,116012735,Lloyds
2020-07-21,30.42413902282715,31.087377208728572,30.08504201691802,30.65851671292657,178419771,Lloyds
2020-07-22,30.23963165283203,30.708387059609628,29.96536096507723,30.41915483821129,284988418,Lloyds
2020-07-23,30.085041046142578,30.449073294199636,29.920477506754917,30.349337988718574,148677270,Lloyds
2020-07-24,29.616287231445312,30.154856767860856,29.576394248540176,29.92047907305489,151008724,Lloyds
2020-07-27,28.823396682739258,29.74793960305119,28.64387349008949,29.606315793345104,352244425,Lloyds
2020-07-28,29.142547607421875,29.15252132929465,28.484297182162354,28.798462763129425,165473357,Lloyds
2020-07-29,28.289812088012695,29.461698632936336,28.21999794280647,29.371937045587536,222117317,Lloyds
2020-07-30,26.135540008544922,27.534821044544604,25.64185123633682,26.92843282904748,714742095,Lloyds
2020-07-31,26.21532440185547,26.908481813488525,25.365583571747877,26.429754638844607,344278032,Lloyds
2020-08-03,27.79612922668457,27.900850459438722,25.821375925485885,25.896177893049167,430663048,Lloyds
2020-08-04,28.080366134643555,28.4394105367669,27.60163709465818,27.666465322353837,190376551,Lloyds
2020-08-05,28.10032081604004,28.534169209150797,27.806102643579106,28.34965818584445,162668620,Lloyds
2020-08-06,28.085357666015625,28.20504042554525,27.40715980069793,28.04546468103437,142120571,Lloyds
2020-08-07,27.711349487304688,28.080369556511123,27.412145465358872,27.995593878841046,106901984,Lloyds
2020-08-10,28.339683532714844,28.484297747005407,27.860954384793235,28.14021289588976,178864436,Lloyds
2020-08-11,29.376924514770508,29.551459887053177,28.57405799768444,28.653845868198363,206300339,Lloyds
2020-08-12,29.611305236816406,29.990297184838987,29.202392120939514,29.376927511023645,197218699,Lloyds
2020-08-13,29.10265350341797,29.606314073726477,28.943077764174113,29.207374725616837,106759883,Lloyds
2020-08-14,28.873262405395508,29.02286441687725,27.94273496444816,28.938088738918832,137246251,Lloyds
2020-08-17,28.54912757873535,59.781123768144504,28.32971138784656,28.76355785945777,80176621,Lloyds
2020-08-18,28.110292434692383,28.893211565083273,28.025518648406003,28.11528024699924,122824092,Lloyds
2020-08-19,28.58403205871582,28.58403205871582,28.015543236766824,28.06540994307035,77516764,Lloyds
2020-08-20,28.0604248046875,28.409497465286282,27.925782411215412,28.00058437501978,96885196,Lloyds
2020-08-21,28.02552032470703,28.274857690759063,27.646526463023786,28.13522747221059,122047261,Lloyds
2020-08-24,28.524192810058594,28.544140254321917,27.656498007533873,28.239948387331683,193878351,Lloyds
2020-08-25,28.12525177001953,29.187427433159232,28.090344695773226,28.748595099121978,167338907,Lloyds
2020-08-26,28.39952278137207,28.48429656200555,27.955702630307627,28.10530465055623,91481211,Lloyds
2020-08-27,28.12525177001953,28.519203308269695,28.005569013823,28.244932623923194,94257788,Lloyds
2020-08-28,28.27485466003418,28.668808112719663,27.995596155163533,28.16015971221934,184729851,Lloyds
2020-09-01,26.86859130859375,27.915807337385193,26.78381562690124,27.736284154782574,259148859,Lloyds
2020-09-02,26.94339370727539,27.20769259453232,26.5793614008349,26.92843407485646,174328488,Lloyds
2020-09-03,26.808748245239258,27.771190468269758,26.669119952502914,27.207689485559346,192771558,Lloyds
2020-09-04,26.86859130859375,27.55177506257116,26.649173239949278,26.728961109740123,198721877,Lloyds
2020-09-07,26.89352798461914,27.09698774353105,26.290132025867294,26.93342097329795,353944866,Lloyds
2020-09-08,26.38985824584961,27.18275091571929,26.113594000674567,26.948375153255824,163059131,Lloyds
2020-09-09,26.40482521057129,26.529493883045856,25.88620307652679,26.245249461987285,169263018,Lloyds
2020-09-10,26.3499698638916,26.723975869585203,25.926097151689355,26.33999614213129,177914370,Lloyds
2020-09-11,25.8114013671875,26.429758825780723,25.801429547308814,26.280156797791506,184051169,Lloyds
2020-09-14,26.295114517211914,26.40482355082724,25.741585341851493,25.975963040105004,160823985,Lloyds
2020-09-15,26.08567237854004,26.424771302501828,25.886201751870914,26.10561791937265,145267013,Lloyds
2020-09-16,26.51453399658203,26.659150122190262,25.836337974098818,26.09564905723641,211594957,Lloyds
2020-09-17,26.185405731201172,26.389862267049395,25.956015842648117,26.110605673086674,119767296,Lloyds
2020-09-18,25.173097610473633,26.245248933064936,25.173097610473633,26.13055398497495,414288810,Lloyds
2020-09-21,23.916439056396484,24.983602650230303,23.577340095438977,24.933735939269,307397183,Lloyds
2020-09-22,24.22562026977539,24.67442640343049,23.522487046025308,24.195699099947767,252300413,Lloyds
2020-09-23,24.519832611083984,25.212992000318064,24.14084069888846,24.175747773605433,223024340,Lloyds
2020-09-24,24.514848709106445,25.0833375751042,23.82667707549666,23.97628101058496,194865701,Lloyds
2020-09-25,24.654476165771484,25.16312458149828,24.559728658816756,24.75421148494609,196214677,Lloyds
2020-09-28,26.524505615234375,26.6541620976648,24.483929290991654,25.13320470006017,313030166,Lloyds
2020-09-29,26.06073760986328,26.489598133600794,26.035804256637523,26.369917277199995,170484572,Lloyds
2020-09-30,26.285139083862305,26.699039936605054,25.529148929029613,25.6967028729104,221981207,Lloyds
2020-10-01,26.459680557250977,26.898512928416697,25.866256440269932,26.669123020449202,147912748,Lloyds
2020-10-02,27.122915267944336,27.122915267944336,25.94105682087726,26.050765858107198,167305647,Lloyds
2020-10-05,26.913469314575195,27.870923652822047,26.63421084810686,27.74126909121087,159558443,Lloyds
2020-10-06,27.880897521972656,27.880897521972656,27.028164390744504,27.42211779135611,277883984,Lloyds
2020-10-07,27.8260440826416,28.743605481530878,27.52684006438558,27.756229938534712,182387381,Lloyds
2020-10-08,28.299785614013672,28.539149211196275,27.64153524618832,27.955700799743575,186415374,Lloyds
2020-10-09,28.15018653869629,28.70870165702372,28.105305740651666,28.424457236838773,171781390,Lloyds
2020-10-12,27.995594024658203,28.63888476771439,27.95570104259427,28.3696000051849,149113706,Lloyds
2020-10-13,26.798776626586914,28.12924023244074,26.564398931491063,28.08037032961777,257931793,Lloyds
2020-10-14,26.888538360595703,27.252572558163195,26.6990433481249,26.80875048632037,142900459,Lloyds
2020-10-15,26.51951789855957,26.704026985439192,25.91612203180945,26.49957045611507,142107014,Lloyds
2020-10-16,26.93840789794922,27.00822205255594,26.040793805889994,26.78880586632152,163889626,Lloyds
2020-10-19,27.048114776611328,27.596656149425048,26.699042129233103,26.993260258871377,133608836,Lloyds
2020-10-20,27.102970123291016,27.367269017009104,26.689071097140403,26.94838217840156,157730479,Lloyds
2020-10-21,27.092998504638672,27.471990455584226,26.77384508527709,27.092998504638672,165557147,Lloyds
2020-10-22,27.84100914001465,27.845995049956638,26.84365974983324,27.078035562966633,157125926,Lloyds
2020-10-23,29.207372665405273,29.62326712048141,27.87591232832716,28.324718349933082,293985333,Lloyds
2020-10-26,28.972997665405273,29.765890469515107,28.13023815504165,28.79347638151589,242786482,Lloyds
2020-10-27,28.249919891357422,29.735970131020714,28.070396711669147,29.616287377130917,180792193,Lloyds
2020-10-28,27.576709747314453,28.005570281516494,26.963340111988146,27.666471342951763,312479477,Lloyds
2020-10-29,28.205041885375977,28.99294692689205,27.282492543487106,27.417134941566875,246260835,Lloyds
2020-10-30,27.950714111328125,28.40251436966465,27.601641471382475,27.880899963797564,178083538,Lloyds
2020-11-02,27.75623321533203,27.841008901964948,27.02816862327511,27.74127358334098,164977085,Lloyds
2020-11-03,29.167484283447266,29.317086314237272,27.801114757034313,28.000585399616345,191093059,Lloyds
2020-11-04,28.44440269470215,29.04281265941356,27.80111193508006,28.095330056762755,160111489,Lloyds
2020-11-05,27.636552810668945,28.668811258869635,27.147851800234374,28.53416885258259,280894568,Lloyds
2020-11-06,27.292465209960938,28.215014516159233,27.292465209960938,27.79612770576972,189650158,Lloyds
2020-11-09,30.69841766357422,31.735660133052942,27.29246827800999,27.641540976290653,555165909,Lloyds
2020-11-10,32.049827575683594,32.98733863033967,30.738314227321517,31.19709603041988,434823444,Lloyds
2020-11-11,33.291526794433594,33.610678324498316,31.785528847434158,32.029880307679875,342572026,Lloyds
2020-11-12,33.381282806396484,33.645579766263495,32.204410309769806,32.80281837722018,242164742,Lloyds
2020-11-13,34.62797164916992,34.90722825776454,32.53353567095248,32.98234365232664,335666802,Lloyds
2020-11-16,35.495662689208984,36.34839590698173,34.93216168927797,35.00695984511139,335834224,Lloyds
2020-11-17,35.50065231323242,36.05418152216875,34.98502058488043,35.625320985432744,265795860,Lloyds
2020-11-18,35.57046890258789,35.904580053877446,34.76062087855356,35.4507842297729,253504305,Lloyds
2020-11-19,35.56049346923828,35.66521470507622,34.73269540303005,34.90723079609327,330453203,Lloyds
2020-11-20,35.720062255859375,36.16887018225126,34.907223981372475,35.505632013504666,236741478,Lloyds
2020-11-23,37.10139846801758,37.280921664515596,35.45577043498113,36.054182358169854,269962523,Lloyds
2020-11-24,39.39529800415039,39.76331938453766,37.201128746799554,37.350732666117956,383355000,Lloyds
2020-11-25,38.02892303466797,40.71079399823492,37.40458303301772,40.572162531341576,367835127,Lloyds
2020-11-26,37.22107696533203,38.048878741529194,35.6781766577961,38.03890311758771,294316183,Lloyds
2020-11-27,37.19614028930664,37.32080895171282,35.73502721830843,36.10903320552698,361581226,Lloyds
2020-11-30,35.52558517456055,37.879330407832036,35.52558517456055,37.59508597612003,343886051,Lloyds
2020-12-01,38.17354202270508,38.17852602938682,35.15655918107647,35.39093685101729,244156813,Lloyds
2020-12-02,38.642303466796875,38.83678630564216,37.26097614928217,37.75466306292125,222719388,Lloyds
2020-12-03,39.09609603881836,39.45514242051242,38.05885178161016,38.79689198893528,305393067,Lloyds
2020-12-04,38.92155838012695,39.385325961883886,38.19847784696523,38.697152502420614,242276964,Lloyds
2020-12-07,37.23603439331055,38.492696614572935,36.721403322286825,38.42786647654679,291946176,Lloyds
2020-12-08,37.09640884399414,37.939170263917994,36.747338092621696,36.89693821267309,209227033,Lloyds
2020-12-09,37.15126037597656,37.86935306916751,37.09640586165862,37.14627256433342,159190277,Lloyds
2020-12-10,35.57544708251953,36.901923454518155,34.47337658184703,36.82712149740944,400382461,Lloyds
2020-12-11,33.97969436645508,36.07412662239364,33.15189632791052,35.66521351320235,356533901,Lloyds
2020-12-14,35.63529968261719,36.29055984156157,34.5132814162706,34.89726313132219,280361772,Lloyds
2020-12-15,36.552852630615234,36.91688298721526,35.12963326023276,35.53555590855456,380477148,Lloyds
2020-12-16,36.18383026123047,37.622009246317845,36.18383026123047,36.926858205924276,242091960,Lloyds
2020-12-17,36.12398910522461,36.90192026082334,35.85969217695506,36.418205291914035,177087736,Lloyds
2020-12-18,34.80748748779297,35.93349250711318,34.80748748779297,35.80483665587202,332540166,Lloyds
2020-12-21,33.490997314453125,35.93350369150716,31.915183312211255,33.27157921171405,343560165,Lloyds
2020-12-22,34.6030387878418,35.0967256992299,33.64558423103269,33.82011962348442,178730216,Lloyds
2020-12-23,37.02659225463867,37.600068855189924,34.63295244563587,34.63295244563587,403869991,Lloyds
2020-12-24,38.50267028808594,39.94383976032831,38.32314710497191,38.75699543159511,269729556,Lloyds
2020-12-29,36.65757751464844,38.994365619791644,36.59075376699703,38.697155169849715,326575929,Lloyds
2020-12-30,36.712432861328125,37.525271254396976,36.68250979214631,36.847073356595146,142842833,Lloyds
2020-12-31,36.34340286254883,36.911891592549566,35.96540971359463,36.18382714543608,104467778,Lloyds
2021-01-04,34.742671966552734,37.14429071672742,34.513282017984146,36.901934736534564,396174544,Lloyds
2021-01-05,35.116668701171875,35.500650320563935,33.97969108325775,34.54817989221481,218145818,Lloyds
2021-01-06,37.061500549316406,37.460441798831,35.50862845067467,36.37333088871875,397870600,Lloyds
2021-01-07,36.79221725463867,37.84940894511298,36.24367586795881,37.400600972525496,200698783,Lloyds
2021-01-08,36.727394104003906,37.32580224967389,36.14892959921488,37.0265981768389,191583629,Lloyds
2021-01-11,36.06914138793945,36.727391829241256,35.96940416678102,35.97439197898543,153132933,Lloyds
2021-01-12,36.6475944519043,36.98370292039384,36.22870962367005,36.37830971750292,158929668,Lloyds
2021-01-13,36.148921966552734,36.95178840530027,36.05916038319632,36.95178840530027,112024586,Lloyds
2021-01-14,36.358375549316406,36.88696953341929,36.125991426058185,36.607712908547754,119276836,Lloyds
2021-01-15,35.83974838256836,36.70245339451254,35.609357894624196,36.11900496845749,185923864,Lloyds
2021-01-18,36.079105377197266,36.33841829134227,35.58641540582393,35.839743707539725,70657203,Lloyds
2021-01-19,35.904579162597656,36.57878606253992,35.5455327622379,36.507975105863196,163559665,Lloyds
2021-01-20,35.69014358520508,35.98934760621382,34.93714381874107,35.93948090347662,177987106,Lloyds
2021-01-21,35.22138977050781,36.10404604687903,35.046854400898894,35.90457542250353,156158062,Lloyds
2021-01-22,34.67783737182617,35.11666971637491,34.35170446903136,34.90722726588022,185598595,Lloyds
2021-01-25,33.74531173706055,35.1725183031542,30.733318378503174,34.98202650953244,160164594,Lloyds
2021-01-26,34.31879425048828,34.637945768523444,33.56579435422428,33.70542266779139,115446667,Lloyds
2021-01-27,33.161869049072266,34.253967908907796,32.792850819674996,33.54086290348866,261696512,Lloyds
2021-01-28,33.381282806396484,33.4560809613885,32.15952761218889,32.7529516723636,230268973,Lloyds
2021-01-29,32.91252517700195,33.57576333988144,32.27921007867421,32.852682852483916,203699900,Lloyds
2021-02-01,33.43613815307617,34.1292956401698,32.98733018905509,33.446109972460725,232310879,Lloyds
2021-02-02,33.90489196777344,34.248978730068295,33.502960279185665,33.830090001458984,139364758,Lloyds
2021-02-03,34.089393615722656,34.90721959910635,33.81512108275282,34.52822586388939,159443235,Lloyds
2021-02-04,36.014286041259766,36.56282742899641,33.740330715216885,34.33375099800579,412023812,Lloyds
2021-02-05,36.90192413330078,37.420546226319075,36.263621189458476,36.88696450252099,380657321,Lloyds
2021-02-08,37.60007095336914,38.21842648010953,37.415559955452906,37.9990084074076,286839716,Lloyds
2021-02-09,37.44547653198242,37.82945813166474,37.111365439489894,37.624999705026134,129770297,Lloyds
2021-02-10,37.40060043334961,38.115698970097974,37.074467532374356,37.899275105794274,177399859,Lloyds
2021-02-11,36.971736907958984,37.65990653039088,36.652585447881684,37.380649953969616,213707092,Lloyds
2021-02-12,37.00166320800781,37.320814728803974,36.173865139875964,36.56781863061197,135270378,Lloyds
2021-02-15,38.98637771606445,39.08112710105708,37.20112185695875,37.72473167301219,290453462,Lloyds
2021-02-16,39.37534713745117,39.395294578598175,38.353066459618525,39.395294578598175,247123172,Lloyds
2021-02-17,38.82182312011719,39.54988769717395,38.457792733881746,39.37036450780808,172194425,Lloyds
2021-02-18,37.38563919067383,38.87168751994555,37.01163320245914,38.69715215302916,270616682,Lloyds
2021-02-19,38.08876419067383,38.485711785788276,36.81215844513467,37.50032801647964,225045181,Lloyds
2021-02-22,38.31816101074219,38.44282968212735,37.43151748072429,38.00399732850251,153693215,Lloyds
2021-02-23,39.11604309082031,39.485061288492425,38.51763119246421,38.82681086351082,311824333,Lloyds
2021-02-24,39.230735778808594,40.89132336006806,38.26829350363819,40.741719435696886,486094094,Lloyds
2021-02-25,39.1060676574707,39.81917260506241,38.72208982626865,39.475089661529275,301035350,Lloyds
2021-02-26,38.89663314819336,39.13599871850807,37.93419066298408,38.397958364242164,541710054,Lloyds
2021-03-01,38.901611328125,39.614716244772765,38.886651697044776,39.49004757965662,162494230,Lloyds
2021-03-02,38.776947021484375,39.16591269163223,38.58246418641045,38.67222578756658,158880732,Lloyds
2021-03-03,40.30788040161133,40.35774711500868,38.956472304235376,39.14596733697986,303428714,Lloyds
2021-03-04,40.238059997558594,40.8614033297573,39.76930459427772,40.153282412894384,270262448,Lloyds
2021-03-05,39.96876907348633,41.35209341836553,39.564840069235764,39.9189023754981,311713141,Lloyds
2021-03-08,41.669254302978516,41.92357945054387,40.185199516513656,40.392648362327954,289188721,Lloyds
2021-03-09,41.02595901489258,41.838801074513306,40.78659732960192,41.838801074513306,275427000,Lloyds
2021-03-10,40.67190933227539,41.185543690023145,40.39863731800953,40.71180422335523,156387940,Lloyds
2021-03-11,40.39265060424805,40.86439644321612,39.968777871170055,40.716789919396874,149291863,Lloyds
2021-03-12,41.10076141357422,41.2154582506,40.19816156562926,40.19816156562926,169006682,Lloyds
2021-03-15,40.991050720214844,41.684208111911865,40.65693965032051,41.5495676435285,195027863,Lloyds
2021-03-16,41.36505889892578,41.97344255423362,40.96911188319459,41.2104709816079,325544367,Lloyds
2021-03-17,41.3501091003418,41.88867874010097,41.011010120262284,41.36008472584829,263694247,Lloyds
2021-03-18,41.494720458984375,41.818859768094065,40.85641746512368,41.75901743569989,252168435,Lloyds
2021-03-19,40.916263580322266,41.330160719410046,40.276959921251816,40.79159489641462,528920741,Lloyds
2021-03-22,40.89132308959961,41.81885828355983,40.31285864408213,40.671905016529415,220892629,Lloyds
2021-03-23,41.23042297363281,41.484748127438145,40.54225328022616,40.74172010990746,256548257,Lloyds
2021-03-24,42.123046875,42.187873207665,40.65494863311726,40.89131992226634,299872737,Lloyds
2021-03-25,41.654293060302734,42.21779785182814,41.16758763494436,41.88867075540597,260442706,Lloyds
2021-03-26,42.143001556396484,42.37737928299588,41.62936720470138,42.18788045489279,194305088,Lloyds
2021-03-29,41.948516845703125,42.48708262652086,41.62936534426076,41.68920387291495,150612982,Lloyds
2021-03-30,42.985755920410156,43.04061043961052,42.337481118765886,42.387347825879154,187260463,Lloyds
2021-03-31,42.42226028442383,43.30491290654777,42.42226028442383,42.985761375021546,229740496,Lloyds
2021-04-01,42.6566276550293,42.92591240766534,42.27264606522801,42.377371083963226,115971556,Lloyds
2021-04-06,42.71647644042969,43.743745100446525,42.566872509252896,43.384698709291044,215733220,Lloyds
2021-04-07,43.2350959777832,43.51435640342294,42.77132834376995,42.87106556885061,167501972,Lloyds
2021-04-08,43.299930572509766,43.60412248222322,43.09547209353435,43.40465181616065,129551520,Lloyds
2021-04-09,43.140342712402344,43.51933268668087,43.060552946500266,43.51434867975107,158452410,Lloyds
2021-04-12,44.272335052490234,44.421938970115974,42.94586245485703,43.384694779527855,200067947,Lloyds
2021-04-13,43.634037017822266,44.89568342228952,43.55923505058878,44.39700871351441,256620647,Lloyds
2021-04-14,43.71382522583008,43.878384982324185,43.2450697989666,43.63403544909333,132548085,Lloyds
2021-04-15,42.702083587646484,43.51003926023003,42.677145086977205,43.390342828195614,143216883,Lloyds
2021-04-16,43.35043716430664,43.66464548990377,42.91154776666871,43.03124418328261,214002182,Lloyds
2021-04-19,43.64469909667969,43.81227485494548,43.16092112424752,43.16092112424752,100797545,Lloyds
2021-04-20,41.939002990722656,43.8042914720405,41.939002990722656,43.78434143530614,233591142,Lloyds
2021-04-21,41.51009750366211,42.617296190625126,41.12107742950199,41.88913685015493,167730389,Lloyds
2021-04-22,41.86918258666992,41.9090826628279,41.30560827999113,41.67467447175066,140802562,Lloyds
2021-04-23,42.52751541137695,42.55744236877577,41.64973663267343,42.238249393778055,126375282,Lloyds
2021-04-26,42.78187561035156,42.86666041591583,41.614826954709976,42.707063920996966,200403336,Lloyds
2021-04-27,43.465152740478516,43.465152740478516,42.55245844662325,42.861678338853565,133293458,Lloyds
2021-04-28,44.99129104614258,45.61172464459232,44.35789353837495,44.88655620494071,469783830,Lloyds
2021-04-29,45.34040451049805,45.74438224099794,44.886549791721144,45.58478577171947,194506124,Lloyds
2021-04-30,45.320465087890625,45.604746484265526,45.02620676949226,45.335426665844956,195838257,Lloyds
2021-05-04,44.93144226074219,47.33537043909647,44.862619767418856,45.98877143015856,236622072,Lloyds
2021-05-05,46.113460540771484,46.17331065946161,45.28555482683677,45.58479781012545,140325502,Lloyds
2021-05-06,46.08852767944336,46.37280909564411,45.64165514661645,46.19326253750878,314984716,Lloyds
2021-05-07,46.43763732910156,46.73688028213138,45.928920884378336,46.57229532618677,137431750,Lloyds
2021-05-10,47.72937774658203,47.87900114719948,46.672052239833306,46.83164875812072,194072250,Lloyds
2021-05-11,46.557334899902344,47.4251406266597,46.51245016812487,47.190736241131745,205425959,Lloyds
2021-05-12,47.1707878112793,47.300457355333265,46.14837020613191,46.477540137378476,173579940,Lloyds
2021-05-13,46.886505126953125,47.05607474377489,46.178292089709664,46.382777127139015,181473943,Lloyds
2021-05-14,48.12836837768555,48.14831841704249,47.14086235746219,47.57476715204352,321795123,Lloyds
2021-05-17,47.94881820678711,48.33284977650911,40.028835824195156,48.12836474235676,114563454,Lloyds
2021-05-18,48.47747802734375,48.911382763509714,48.193196663670996,48.377731649068565,121810917,Lloyds
2021-05-19,47.839088439941406,48.5871976354141,47.22065257043975,47.84906536005926,145964512,Lloyds
2021-05-20,48.098445892333984,48.36277725861015,47.45606831436846,47.98373411570118,137951837,Lloyds
2021-05-21,48.347816467285156,48.43260128330484,47.54484543302566,48.04358501678529,257504751,Lloyds
2021-05-24,48.5971794128418,48.69692579350913,48.15828620571229,48.66700264032503,76212516,Lloyds
2021-05-25,48.9463005065918,49.19567028859199,48.68495994007359,48.876477272038215,189379841,Lloyds
2021-05-26,48.29295349121094,49.06101288585749,47.601699655520946,48.572246432871154,213999790,Lloyds
2021-05-27,49.77919387817383,49.77919387817383,48.1183940481736,48.1981903985099,395645113,Lloyds
2021-05-28,49.76422882080078,50.074445624911256,49.38020106367922,49.87395212428711,221615971,Lloyds
2021-06-01,49.65451431274414,50.43255069115336,49.37522134900205,50.053507522445344,234369961,Lloyds
2021-06-02,49.87395477294922,50.07345135305717,49.39017680283869,49.669469731941355,175429504,Lloyds
2021-06-03,49.425086975097656,49.97569736790713,49.0360707480461,49.90387647032117,131813661,Lloyds
2021-06-04,48.811641693115234,49.499900910249806,48.68695680417254,49.29541586594498,125488064,Lloyds
2021-06-07,49.504886627197266,49.70438319946374,48.89642379407079,48.89642379407079,170434798,Lloyds
2021-06-08,48.776737213134766,49.799151169009846,48.712895557471796,49.375223245594256,105375649,Lloyds
2021-06-09,48.1134033203125,48.811639426991526,47.734360210101485,48.577231237848935,148918120,Lloyds
2021-06-10,48.15331268310547,48.89144520289052,47.864042785179336,48.11341259958158,100447688,Lloyds
2021-06-11,48.273006439208984,48.39669440819331,47.77925529962321,47.923886435447194,124037199,Lloyds
2021-06-14,47.719398498535156,48.62211583240246,47.68448688355357,48.43758464110576,128931040,Lloyds
2021-06-15,47.79421615600586,48.07051831696054,47.46006154159654,48.06353599309253,164741804,Lloyds
2021-06-16,47.57476043701172,48.312896568709085,47.400202373628005,47.87899183537208,238985854,Lloyds
2021-06-17,47.829124450683594,48.71189179553781,47.74433963890567,47.878997645548196,225143933,Lloyds
2021-06-18,46.31296157836914,47.879003686198715,46.05162098159985,47.38026406446748,374567463,Lloyds
2021-06-21,46.87652587890625,46.9363759904452,45.455119024310726,46.03864334276354,162030532,Lloyds
2021-06-22,46.64710998535156,47.210688117934694,46.350857806807454,47.15083800148633,114201711,Lloyds
2021-06-23,46.88151550292969,47.264546333075295,46.68700739195164,46.71693054592346,124173209,Lloyds
2021-06-24,47.076026916503906,47.43512000968018,46.77678394055064,47.0710384554651,165329025,Lloyds
2021-06-25,47.100955963134766,47.58473384961747,46.84360697936503,47.46004898423863,99477481,Lloyds
2021-06-28,46.387760162353516,47.10095777191197,46.387760162353516,47.00120759273021,102798517,Lloyds
2021-06-29,46.67204666137695,47.200709351563134,46.133407049632154,46.28303043236593,106743496,Lloyds
2021-06-30,46.57229995727539,46.92840226500811,46.03466104150706,46.482526681931446,121885912,Lloyds
2021-07-01,47.49994659423828,47.52488509005222,46.6321409720525,46.861560674235854,142068363,Lloyds
2021-07-02,46.706966400146484,47.72439568648209,46.66706631713379,47.539860656359394,87010694,Lloyds
2021-07-05,47.58972930908203,47.87401071448424,46.7817736332447,46.80171986776328,81200498,Lloyds
2021-07-06,46.32292938232422,47.81914807586922,46.21320987439888,47.62962841118265,100673719,Lloyds
2021-07-07,46.67204666137695,47.16579773626934,46.151363225389254,46.332903624916966,123009564,Lloyds
2021-07-08,45.50001907348633,46.26309011457851,44.82671751479889,46.26309011457851,171421651,Lloyds
2021-07-09,46.592247009277344,46.6221739691937,45.475071502805356,45.639656464562776,165241110,Lloyds
2021-07-12,47.051090240478516,47.20669902925866,45.77232426840941,46.47255430521749,102046957,Lloyds
2021-07-13,46.63214874267578,48.1882175357899,46.59723712576685,47.48000447051027,172623882,Lloyds
2021-07-14,46.816680908203125,47.659548123878714,46.4924994536753,46.63214591283667,95471802,Lloyds
2021-07-15,46.442623138427734,46.926397252249785,46.09350320892312,46.78675080248009,114491702,Lloyds
2021-07-16,45.6047477722168,46.8416197823971,45.49502445734512,46.617188496582095,121824323,Lloyds
2021-07-19,43.39033126831055,45.09601923943184,43.255673293782,44.87158801352428,218332880,Lloyds
2021-07-20,43.97386932373047,44.093569566585764,42.67415633966242,43.554929888980375,283626711,Lloyds
2021-07-21,45.52494812011719,45.719456251340446,44.00379468862551,44.00379468862551,113299851,Lloyds
2021-07-22,45.1159782409668,46.25310378106472,44.96137020150387,46.16333051184222,96907443,Lloyds
2021-07-23,45.769325256347656,45.98877186843197,45.22769485423694,45.47008229764765,79890316,Lloyds
2021-07-26,46.43763732910156,46.542372172407966,44.88655710689035,45.44015828228178,113182682,Lloyds
2021-07-27,46.40272903442383,46.49250230726342,45.50001165009524,46.20822091078486,116360165,Lloyds
2021-07-28,46.662071228027344,47.18973700390282,46.203231753794824,46.243131831140474,148437402,Lloyds
2021-07-29,46.08353805541992,47.77925339220423,45.624698554019766,47.380260205285204,229195738,Lloyds
2021-07-30,45.51995849609375,46.283033228031755,45.260615596114704,45.88902851444209,177334015,Lloyds
2021-08-02,46.11844253540039,46.627155155153524,45.51496819227855,46.29300060075291,131446292,Lloyds
2021-08-03,46.73189163208008,47.20070799981115,46.1433788446383,46.357836991038624,128068426,Lloyds
2021-08-04,47.18575668334961,47.18575668334961,46.43764723859309,47.006210112201536,119502780,Lloyds
2021-08-05,45.79576110839844,46.21975280312034,45.10740443452485,45.90051078883879,209014249,Lloyds
2021-08-06,46.469154357910156,46.728533955617024,45.591247448037315,45.89053277019734,189035870,Lloyds
2021-08-09,46.529014587402344,46.63376427214332,45.88754692670958,46.38934834108105,145241106,Lloyds
2021-08-10,46.529014587402344,46.88815853829698,46.05514642229513,46.47414516125901,146480424,Lloyds
2021-08-11,46.374385833740234,46.593863543943996,45.84564822892559,45.84564822892559,93376765,Lloyds
2021-08-12,46.444217681884766,46.89314761967817,46.27462023622069,46.50407627546382,120589951,Lloyds
2021-08-13,46.11998748779297,46.663692547609244,45.99528494630349,46.46915688733523,97244160,Lloyds
2021-08-16,45.521419525146484,46.12996857279953,45.07248958789262,45.686023997456424,129649585,Lloyds
2021-08-17,44.8829460144043,45.26203904784474,44.51382370543646,45.07748169898085,142452591,Lloyds
2021-08-18,44.5587158203125,45.04256232039889,44.044941926198426,44.8929177390209,210746042,Lloyds
2021-08-19,43.7257080078125,44.30931508250729,43.46632454864582,43.47630288471694,121780565,Lloyds
2021-08-20,43.880332946777344,44.184607466597,43.41643931866047,43.670833580690946,94540376,Lloyds
2021-08-23,43.85040283203125,44.61358176514283,43.76859723541129,44.394104077746746,84657085,Lloyds
2021-08-24,43.65586471557617,44.10978380021399,42.93758065346983,44.03995068036503,130225067,Lloyds
2021-08-25,44.40906524658203,44.53077656227908,43.60598063316557,43.74564686060856,104292224,Lloyds
2021-08-26,44.1197624206543,44.597622702574824,43.98009616800445,44.049929294329374,60504059,Lloyds
2021-08-27,43.98508071899414,44.169641850977996,43.55610367052754,44.005033582366956,86397494,Lloyds
2021-08-31,43.67083740234375,43.795539960539344,43.15705966585707,43.436395984036835,180138382,Lloyds
2021-09-01,43.91524887084961,44.892916370692554,43.84242072715031,43.96013996052286,114135172,Lloyds
2021-09-02,43.52118682861328,44.06488808092093,43.35159319947423,43.87534158853854,124161702,Lloyds
2021-09-03,43.30669403076172,43.92023214666554,43.17500819085067,43.511208004602715,104016579,Lloyds
2021-09-06,43.67083740234375,43.77558709455364,43.21192909591273,43.21192909591273,55784411,Lloyds
2021-09-07,43.1470832824707,43.67582088871186,42.97748963730652,43.59102406612977,86413291,Lloyds
2021-09-08,42.3040885925293,42.892684735512084,42.144469493023095,42.73306563600588,132109308,Lloyds
2021-09-09,42.40385437011719,42.71012302836585,41.2516002691386,41.78532700828967,189086621,Lloyds
2021-09-10,42.463706970214844,43.381519630988684,42.26917131492409,42.633304401218254,151608361,Lloyds
2021-09-13,43.5241813659668,43.72071499081618,42.75701407579898,42.85777166640201,18630685,Lloyds
2021-09-14,43.451358795166016,44.02997667446003,43.34660910509434,43.471311660744426,192641762,Lloyds
2021-09-15,44.03496551513672,44.37415661621,43.32665591765485,43.3416196153225,221126861,Lloyds
2021-09-16,44.66346740722656,44.86299225568829,43.97012150817753,43.97012150817753,185598411,Lloyds
2021-09-17,44.937808990478516,45.34683700695582,44.249452286046065,44.892917899276746,385392982,Lloyds
2021-09-20,43.04233169555664,44.55073474327508,43.04233169555664,44.214534879401675,204629300,Lloyds
2021-09-21,42.373924255371094,44.12474909351016,42.154450358882315,43.44636692846539,181988223,Lloyds
2021-09-22,43.87533950805664,43.9202343996302,42.797911583342746,42.797911583342746,129583974,Lloyds
2021-09-23,44.9527702331543,45.022603346823246,43.985077364285615,44.294341014547584,205133028,Lloyds
2021-09-24,45.32189178466797,45.700988574707274,44.39410457560464,44.843034484122306,324395421,Lloyds
2021-09-27,45.73092269897461,45.860614426220955,45.2371016297175,45.676053268432696,195196130,Lloyds
2021-09-28,45.39173126220703,46.06013514860124,44.76322930223362,45.73092237331426,166065990,Lloyds
2021-09-29,46.32450866699219,46.47913862462241,45.54337088216196,45.89054238528203,205461578,Lloyds
2021-09-30,46.45918273925781,46.81832670000871,46.234719666598444,46.66868211448921,191716362,Lloyds
2021-10-01,45.132347106933594,45.795761759149514,44.52878343556035,45.62616812334655,215095589,Lloyds
2021-10-04,44.69339370727539,45.3518230271297,44.36418095015817,45.01263193474294,152963709,Lloyds
2021-10-05,46.4093017578125,46.53400430860017,44.73828833838173,44.892918283560086,281471241,Lloyds
2021-10-06,45.94042205810547,46.61381511680729,45.5413761519511,46.364409998353274,191400085,Lloyds
2021-10-07,46.38934326171875,46.608820942260564,45.491483482792574,46.444212681854204,154291815,Lloyds
2021-10-08,46.74848937988281,46.91808300967427,46.38934545136025,46.58388111170671,208191732,Lloyds
2021-10-11,47.81594467163086,47.91071982464473,46.65870519385501,46.78839690761826,244678652,Lloyds
2021-10-12,48.40953063964844,48.40953063964844,46.83827777425028,47.08269370267496,174980639,Lloyds
2021-10-13,47.64634323120117,48.833513808291535,47.082689139086256,48.61902529436827,378238931,Lloyds
2021-10-14,48.32473373413086,48.53922228535222,47.88578210155647,48.14017638454461,202565119,Lloyds
2021-10-15,48.99812698364258,49.11285119700441,47.840887486908045,47.885778577627086,221566294,Lloyds
2021-10-18,49.15774154663086,49.40116038098848,48.83850335675667,49.20263263319782,140189076,Lloyds
2021-10-19,49.28245544433594,49.39219050533614,41.790323172401536,49.292429975110394,121304250,Lloyds
2021-10-20,48.93328094482422,49.37722172822676,48.374615944022764,49.34230516567666,114000700,Lloyds
2021-10-21,48.20501708984375,49.127815192331575,47.67129033176335,48.883399261597134,146037620,Lloyds
2021-10-22,48.609046936035156,48.75869150125351,48.020450814792696,48.274845053416136,108911852,Lloyds
2021-10-25,48.658935546875,48.82154587252949,48.23494384096524,48.54919669619811,175889841,Lloyds
2021-10-26,48.88339614868164,49.0529897780103,48.2977912189746,48.53423055558173,140396860,Lloyds
2021-10-27,48.84349060058594,49.20263452944047,48.48434667173141,48.93826575003909,158926004,Lloyds
2021-10-28,49.4620246887207,50.220214570825874,49.03104963198316,49.88102345907933,197110071,Lloyds
2021-10-29,50.100502014160156,50.35988166599263,49.51190577531939,49.706441465598786,261931165,Lloyds
2021-11-01,50.98836898803711,51.281668047902556,49.51189154995256,50.748938465766,160606916,Lloyds
2021-11-02,50.90856170654297,51.45725590542583,41.34537515706924,51.42732470918354,200088158,Lloyds
2021-11-03,50.379825592041016,50.87863574641766,50.180300769166465,50.728991177856884,174756403,Lloyds
2021-11-04,48.13518142700195,50.60927941465848,47.91071837264719,50.56937368769154,307214200,Lloyds
2021-11-05,48.98814392089844,49.217596131097984,47.985534463115236,47.985534463115236,252705505,Lloyds
2021-11-08,49.04302215576172,49.44207186603243,48.399556495900754,48.778653340095914,144957324,Lloyds
2021-11-09,48.26487731933594,48.928292010957975,47.970577314476,48.71879263465628,149628755,Lloyds
2021-11-10,49.1627311706543,49.39717256914936,48.10325805175242,48.130194228275826,185145255,Lloyds
2021-11-11,49.76131057739258,50.12045455887108,49.19266720859165,49.70644114657669,135785483,Lloyds
2021-11-12,49.11285400390625,50.10049991798853,49.11285400390625,49.81118907586524,129816197,Lloyds
2021-11-15,49.511898040771484,49.73636109276142,48.82154343287108,48.883396167332315,102041060,Lloyds
2021-11-16,49.85109329223633,49.895984384156954,49.41712704223758,49.70144870792783,122565303,Lloyds
2021-11-17,49.86605453491211,50.87065821164921,49.86605453491211,50.010709944457766,185774937,Lloyds
2021-11-18,49.771278381347656,50.12044778531646,49.41213444840585,49.70144526167782,92350825,Lloyds
2021-11-19,48.93826675415039,50.27008901296253,48.22995721638734,50.18030302890668,257598027,Lloyds
2021-11-22,49.611656188964844,49.696452999623425,48.82353525249022,49.08291865707093,101510147,Lloyds
2021-11-23,49.71641159057617,50.18030522758726,48.993138324716426,49.17769566263688,129421977,Lloyds
2021-11-24,49.39717483520508,50.030665937512616,49.292425147041925,49.84610478848996,104335977,Lloyds
2021-11-25,49.566776275634766,49.57675080623495,48.983165386588055,49.39717881046984,121090724,Lloyds
2021-11-26,45.890541076660156,47.85585459708945,45.29695568623973,47.386971763942555,499035260,Lloyds
2021-11-29,46.688629150390625,47.307152669115034,46.13993874802449,46.713571180069756,288599389,Lloyds
2021-11-30,46.688629150390625,47.07271509598052,45.39671269214326,45.89053367371084,347879561,Lloyds
2021-12-01,47.576515197753906,47.908722971471455,46.30455147936617,46.30455147936617,160559657,Lloyds
2021-12-02,46.813331604003906,47.352047476908645,46.324499790368414,46.99789272868963,161779350,Lloyds
2021-12-03,46.3693962097168,47.651338284607164,46.21975543155775,47.30715802528762,159110425,Lloyds
2021-12-06,46.164878845214844,46.86320997956497,46.04516167450974,46.369389018669025,187595223,Lloyds
2021-12-07,47.37199783325195,47.741116257475575,46.454185231050936,46.63874634597235,187536547,Lloyds
2021-12-08,47.25229263305664,47.75608820260782,46.57590459118834,47.691244245653074,117947392,Lloyds
2021-12-09,46.58388137817383,47.142550137473435,46.4591788359246,47.142550137473435,93239410,Lloyds
2021-12-10,46.22473907470703,46.75846582209614,46.154905953038906,46.29956136381423,82200068,Lloyds
2021-12-13,44.24446487426758,46.22374497888037,44.19458461352402,46.219756689168065,315907539,Lloyds
2021-12-14,45.082462310791016,45.434622934187495,44.50883365321838,44.64351072618788,143831905,Lloyds
2021-12-15,44.24944305419922,45.41666065498385,44.24944305419922,45.067491305243244,114000489,Lloyds
2021-12-16,46.299556732177734,47.317129867630136,44.24944676607236,44.892912299032815,323349438,Lloyds
2021-12-17,46.05015563964844,47.21238427174785,45.611204051516744,46.24469130529018,359113278,Lloyds
2021-12-20,45.35182571411133,45.80574485527211,44.718338389278465,44.962754339185,209209569,Lloyds
2021-12-21,46.24468994140625,46.339465090556416,45.80074919899688,45.835665758322804,135939459,Lloyds
2021-12-22,46.8482551574707,47.03281630971497,46.18783167149594,46.36440863301896,104721929,Lloyds
2021-12-23,47.521644592285156,47.60145604848488,46.942029684956395,47.08269300004576,97487752,Lloyds
2021-12-24,47.32710647583008,47.99052490008711,47.32710647583008,47.65133384002949,52779157,Lloyds
2021-12-29,47.885772705078125,48.61902420852372,47.6114256100409,48.35465544728019,95297983,Lloyds
2021-12-30,48.22996139526367,48.44943530426787,47.58649575471369,47.58649575471369,69823271,Lloyds
2021-12-31,47.686256408691406,48.21998319340911,47.686256408691406,48.0354258470725,50362743,Lloyds
2022-01-04,49.791229248046875,49.88101522768148,48.48434527905862,49.10287260792787,238638895,Lloyds
2022-01-05,50.55939865112305,51.1180674061922,49.88101652197463,50.08054134918644,268522660,Lloyds
2022-01-06,51.876258850097656,51.876258850097656,49.55080450641757,49.81617417155436,320456504,Lloyds
2022-01-07,52.714256286621094,53.053447337515344,51.98599393144627,52.634444836707445,226744765,Lloyds
2022-01-10,52.68433380126953,53.06342680679941,52.265331261447365,52.82400004600367,254924966,Lloyds
2022-01-11,52.76414108276367,52.92376019071408,52.255356365427915,52.7541665534754,184117239,Lloyds
2022-01-12,53.05345153808594,53.28290376632576,52.50476109615421,53.18314325165442,139325708,Lloyds
2022-01-13,53.84157180786133,53.988221360785886,52.814020253803825,53.12328393405331,142086003,Lloyds
2022-01-14,54.83919143676758,54.909024556282496,53.292876861629686,53.65202079377476,212668176,Lloyds
2022-01-17,54.99881362915039,55.86773938257059,54.78931045321615,55.15843274066897,229444944,Lloyds
2022-01-18,54.24061584472656,55.71709346469824,54.24061584472656,54.78930626073463,220513159,Lloyds
2022-01-19,53.75178909301758,54.74940950926561,53.40261966395884,54.07102732176736,236887004,Lloyds
2022-01-20,52.85393142700195,53.58219390492709,51.79645237112187,53.372694522021234,221857195,Lloyds
2022-01-21,51.626853942871094,52.49478259575745,51.22780427420489,52.005950747542016,187327605,Lloyds
2022-01-24,49.15275192260742,51.62684977394028,49.10785703083844,50.94846767535973,282598008,Lloyds
2022-01-25,50.78886032104492,51.19788458040998,49.7463487084465,50.2700971960126,277583398,Lloyds
2022-01-26,51.90618133544922,52.79406276522763,51.287657834752906,51.287657834752906,149908245,Lloyds
2022-01-27,52.12566375732422,53.15321150928754,50.928518565410066,51.317589896517745,249529611,Lloyds
2022-01-28,51.078163146972656,52.335163124964254,50.63920775337269,51.82637841629661,358298322,Lloyds
2022-01-31,50.928524017333984,51.716645098655015,50.68909723669219,51.34752659188722,156167834,Lloyds
2022-02-01,52.26533126831055,52.26533126831055,51.16795036900986,51.67673508998242,179517363,Lloyds
2022-02-02,52.734214782714844,53.4824300803002,52.5247154127397,52.91378675858491,212887878,Lloyds
2022-02-03,53.17316436767578,54.370309559466875,52.06081979866122,53.06342551929882,261163021,Lloyds
2022-02-04,51.25774002075195,53.84157715028139,51.18790689338251,53.67197969408416,310615405,Lloyds
2022-02-07,52.46485137939453,52.64442333664672,51.4772056145075,51.96604123272054,170499842,Lloyds
2022-02-08,52.37506866455078,53.13325846026973,52.195496696108464,52.85392597852375,165211945,Lloyds
2022-02-09,52.963661193847656,52.963661193847656,51.87625492869448,52.574589890781546,170858759,Lloyds
2022-02-10,53.27293395996094,53.27293395996094,52.38504855594489,52.85393138883179,184243619,Lloyds
2022-02-11,53.83159637451172,53.83159637451172,52.44490461443154,52.89383455975746,177202605,Lloyds
2022-02-14,51.586944580078125,52.823995421285325,51.08813443220125,52.39501838966166,224580586,Lloyds
2022-02-15,52.504764556884766,52.65440533875499,51.101111113109965,51.15797468633305,151011097,Lloyds
2022-02-16,51.806427001953125,52.714261401908736,51.457261388747035,52.52471489839968,213579368,Lloyds
2022-02-17,51.16794967651367,51.94609234710041,50.79882739966946,51.776498710944715,189461870,Lloyds
2022-02-18,51.098114013671875,52.04585027327779,50.53944526438901,50.88861085417861,182220365,Lloyds
2022-02-21,50.798824310302734,51.80342793107457,50.419731332908455,51.18789942755392,118166880,Lloyds
2022-02-22,51.187896728515625,51.57397299727128,48.49931044183015,49.24253646731263,175512574,Lloyds
2022-02-23,52.075782775878906,52.43492670901773,51.08813695974713,51.23778153376151,185341500,Lloyds
2022-02-24,46.434242248535156,49.41513493839049,45.89054092728988,47.88578183717204,706276732,Lloyds
2022-02-25,49.56178283691406,49.95983164966841,46.434240684847516,47.24231459616086,518677124,Lloyds
2022-02-28,48.31974792480469,48.90335497541887,46.9230777708504,47.461793727857334,396856621,Lloyds
2022-03-01,45.67106628417969,49.342310109976616,45.67106628417969,48.40953735740519,438016914,Lloyds
2022-03-02,45.96535873413086,46.46915808025495,45.092440921295676,45.25704919363617,402627643,Lloyds
2022-03-03,45.047550201416016,46.80336432454234,44.89192317702555,46.02521778572999,282139905,Lloyds
2022-03-04,42.9276008605957,44.9607530683306,42.52655706844686,44.593628762616085,490561743,Lloyds
2022-03-07,41.1518440246582,44.99667337347266,38.00435268735852,40.72785608977058,652244747,Lloyds
2022-03-08,41.86015701293945,43.492265802164454,40.03451340070123,40.30387140361251,384654494,Lloyds
2022-03-09,45.272010803222656,45.57628530269167,43.16204216984467,44.69338919583257,331892436,Lloyds
2022-03-10,44.483890533447266,45.85062931587279,44.03994979237891,45.76084333421741,259040367,Lloyds
2022-03-11,45.356807708740234,46.55494991845396,44.44199006386516,44.89291411070484,212963198,Lloyds
2022-03-14,47.62141036987305,47.92568489611161,46.03020461517823,46.48910908551122,297152997,Lloyds
2022-03-15,47.2822151184082,47.89275826190356,46.73352470822809,46.88815463870644,160710514,Lloyds
2022-03-16,48.48933792114258,48.91632084255921,47.865825186112524,48.48434875368881,277001718,Lloyds
2022-03-17,47.885772705078125,49.09987562341121,47.172474063600625,48.783632465546056,294112234,Lloyds
2022-03-18,49.0230598449707,49.0230598449707,47.80596188818755,48.00548670488273,393533448,Lloyds
2022-03-21,48.514278411865234,49.41413238870855,48.28981155101217,48.88339687370544,202484121,Lloyds
2022-03-22,50.120452880859375,50.32795811629443,48.64896043965657,48.883401853362706,242793033,Lloyds
2022-03-23,49.392181396484375,50.56937370302906,49.392181396484375,50.37982720830798,247762719,Lloyds
2022-03-24,49.37721633911133,49.851088271280375,48.88339534962227,49.332325251712085,190132342,Lloyds
2022-03-25,48.63399124145508,49.382206491323615,48.43646055834744,49.28743134187535,236818957,Lloyds
2022-03-28,48.66392135620117,49.42710034486473,48.52425511064441,48.78363854292391,151203320,Lloyds
2022-03-29,49.881019592285156,50.110471825735296,47.84587307957118,49.16273169235792,339933264,Lloyds
2022-03-30,48.0054931640625,48.958222484303306,47.79599379087295,48.61903139196886,222324698,Lloyds
2022-03-31,46.94302749633789,48.823540246617284,46.75846635518526,48.06535042888224,243453766,Lloyds
2022-04-01,47.277225494384766,48.14615496930741,46.7335242565898,46.888154185573796,224342983,Lloyds
2022-04-04,46.77842330932617,47.596471791674276,46.05514998958842,47.357045009612435,297778711,Lloyds
2022-04-05,46.1948127746582,46.95799176925131,45.396717218404625,46.13994334838892,315833767,Lloyds
2022-04-06,45.07748031616211,46.49509656671729,42.02476044275983,45.890539593280764,314994133,Lloyds
2022-04-07,44.24251937866211,45.19552914272214,43.853333500450816,43.94813655525513,287353573,Lloyds
2022-04-08,44.49199676513672,45.10571557753494,44.450084557986784,44.7265071746975,218503989,Lloyds
2022-04-11,44.9859619140625,45.39510647420639,44.597773455143894,44.86620950128413,222249258,Lloyds
2022-04-12,44.02796173095703,45.05581567223144,44.02796173095703,44.69157541111807,182370333,Lloyds
2022-04-13,44.04793167114258,44.47703507673517,43.77849438343975,43.908224293831594,173041476,Lloyds
2022-04-14,44.886173248291016,45.18654406605648,43.87828173868233,44.11279214813197,271041803,Lloyds
2022-04-19,45.275360107421875,45.4879170520854,44.51694709224611,45.250414539816525,238670995,Lloyds
2022-04-20,46.23336410522461,46.67743559463542,45.290331737219475,45.50488343038629,394130211,Lloyds
2022-04-21,46.82712173461914,47.05364943924459,46.04076716428669,46.353114025869736,384394005,Lloyds
2022-04-22,46.013816833496094,46.956845293478146,45.66454463666648,46.2433366050893,280705858,Lloyds
2022-04-25,45.3052978515625,46.18845008080504,44.9360669247697,44.9360669247697,208369479,Lloyds
2022-04-26,45.78928756713867,46.931899687502245,45.78928756713867,46.37307021849666,228502090,Lloyds
2022-04-27,45.674530029296875,47.1314837404516,45.145636760378856,46.383048145534275,157498181,Lloyds
2022-04-28,46.21340560913086,47.33605902671977,45.69947662475047,47.23127849788698,180513125,Lloyds
2022-04-29,45.784297943115234,47.00674113869744,45.27535964291479,47.00674113869744,236270368,Lloyds
2022-05-03,46.08367156982422,46.51277491992584,45.355194763236355,45.99884978838879,263640585,Lloyds
2022-05-04,45.55478286743164,46.38804027632992,45.55478286743164,46.30820531639838,153014211,Lloyds
2022-05-05,43.93316650390625,46.62354186446949,43.80842725069441,46.50778271069389,278830409,Lloyds
2022-05-06,43.27953338623047,44.16767632482058,42.9142995061231,43.828385379059625,249267152,Lloyds
2022-05-09,42.256675720214844,43.4871017606119,42.256675720214844,42.91030826752842,217928445,Lloyds
2022-05-10,42.50115966796875,43.38631046838032,42.34648420791627,42.76061564677356,285482325,Lloyds
2022-05-11,43.02506637573242,43.27454489075485,42.11197409713275,42.53608681132286,283221789,Lloyds
2022-05-12,42.870384216308594,43.209675126124154,41.91238769685517,41.91238769685517,225911923,Lloyds
2022-05-13,43.783477783203125,44.008006915805645,43.23761792915828,43.299488872703584,198089223,Lloyds
2022-05-16,43.573917388916016,43.778487787229544,42.94023984292397,43.778487787229544,183524453,Lloyds
2022-05-17,43.70863342285156,44.25748537386225,43.53898986626676,43.673706584334695,164574627,Lloyds
2022-05-18,43.70863342285156,44.362269696152744,43.643770381817355,44.24251727260358,274192408,Lloyds
2022-05-19,43.33940505981445,43.713622807528665,43.01508225044751,43.389299998161725,367472497,Lloyds
2022-05-20,43.50904846191406,44.161687348436786,43.20967502612021,43.84833937094437,143042487,Lloyds
2022-05-23,44.41216278076172,44.41216278076172,43.5769069820628,44.08783997565837,153652513,Lloyds
2022-05-24,43.91819763183594,44.47703089528237,43.62381480114105,44.21258426927099,209869467,Lloyds
2022-05-25,44.19761276245117,44.66662976223906,43.64876081400329,44.62671609464894,136685508,Lloyds
2022-05-26,45.24043273925781,45.285340851207295,43.987052169307546,44.05291638503611,141324775,Lloyds
2022-05-27,45.140647888183594,45.449001477198365,44.611754598593755,44.96601367055869,115937021,Lloyds
2022-05-30,45.04584884643555,45.55478724808881,44.73649786380393,45.5398153366066,222809031,Lloyds
2022-05-31,44.796363830566406,45.22646456874583,44.49299708813389,44.91112562828905,210154728,Lloyds
2022-06-01,45.03086853027344,45.91402073119254,44.79635813494324,45.40508627429233,167384483,Lloyds
2022-06-06,45.49989700317383,45.739394268008574,44.97499318441276,45.050834873183184,116237977,Lloyds
2022-06-07,45.494903564453125,45.714445882646835,45.16160062348059,45.305301257575024,151939551,Lloyds
2022-06-08,45.83919143676758,46.00384439127602,45.27437009553726,45.494909809926824,233965670,Lloyds
2022-06-09,44.696571350097656,46.103630012640224,44.696571350097656,45.53481930693621,179885942,Lloyds
2022-06-10,43.60884094238281,44.80633845927404,43.28451814307524,44.42713008746489,189741358,Lloyds
2022-06-13,42.73567199707031,43.28951462585532,42.441285358732074,42.90531556645085,267597316,Lloyds
2022-06-14,43.27953338623047,43.993042118930425,42.70074518860306,42.73068139340132,207140046,Lloyds
2022-06-15,43.973087310791016,44.70655484783262,43.8483480373279,43.8483480373279,200365636,Lloyds
2022-06-16,42.151893615722656,44.05192140821747,42.067068023382184,43.78348150806609,356451945,Lloyds
2022-06-17,42.17184829711914,43.207685145483644,41.87547073225006,42.511139244242244,462801860,Lloyds
2022-06-20,43.65374755859375,43.99603438053694,42.41134567471571,42.58098923017943,178986967,Lloyds
2022-06-21,43.35437774658203,44.03295963875532,43.27454659812998,43.623815010245565,135749198,Lloyds
2022-06-22,43.74855422973633,44.332333063730864,42.650850244101804,42.71571329007669,364845777,Lloyds
2022-06-23,42.22174835205078,43.60385775176123,42.22174835205078,43.40926480029912,171396421,Lloyds
2022-06-24,43.304481506347656,43.48410634341174,42.10698386150047,42.31155807300015,154135548,Lloyds
2022-06-27,43.21966552734375,43.80843505972376,42.88536137602263,43.28452858014964,174288024,Lloyds
2022-06-28,43.344398498535156,43.89824110550559,43.33441722617639,43.3893028039295,144944851,Lloyds
2022-06-29,42.92028045654297,43.55395799295595,42.68577385878703,42.82049057693363,140907259,Lloyds
2022-06-30,42.22174835205078,42.610934254975014,41.06915493945942,42.286611400291385,202685856,Lloyds
2022-07-01,42.321533203125,43.42422773235043,41.76769062053243,41.90739797348553,164077179,Lloyds
2022-07-04,42.57600402832031,43.02506611397667,42.47122350945716,42.51612781465279,121946765,Lloyds
2022-07-05,41.268741607666016,43.184738866189186,41.24878286670071,42.995132730389045,240981322,Lloyds
2022-07-06,41.208858489990234,42.261658107634474,41.009278727210635,42.17184569168767,236946426,Lloyds
2022-07-07,42.20677185058594,42.406355416888736,41.83255409129564,42.05209639490272,298265424,Lloyds
2022-07-08,42.111976623535156,42.33151514134232,41.31364608891758,42.21176651283476,186397848,Lloyds
2022-07-11,41.92735290527344,42.38639239666849,41.85749923513678,41.91737544099942,244353890,Lloyds
2022-07-12,42.331512451171875,42.336503087341775,41.28869408932327,41.60802628287672,286282528,Lloyds
2022-07-13,41.827571868896484,42.45625503289436,41.428404692326765,42.11696788157251,122084806,Lloyds
2022-07-14,40.93442916870117,42.05708232084352,40.87954359894617,41.692842067627524,160376313,Lloyds
2022-07-15,41.812599182128906,42.11696326437996,40.80769978912103,40.85958946074677,198862299,Lloyds
2022-07-18,42.69076156616211,42.765605880778544,41.96228477115808,42.01217971198905,133752465,Lloyds
2022-07-19,43.97807693481445,44.25749168278002,42.68078928202231,42.74066550233226,162523267,Lloyds
2022-07-20,43.359371185302734,44.357285349260266,42.980162737111556,44.28743166232247,280399425,Lloyds
2022-07-21,43.23961639404297,43.484104263509316,42.551053282652184,43.30447943503693,171479713,Lloyds
2022-07-22,43.13982391357422,43.553959157835095,42.88036793560668,43.429219901617245,105003022,Lloyds
2022-07-25,43.7186164855957,43.95811372902421,42.720702422250135,42.95022220001081,347369205,Lloyds
2022-07-26,43.43920135498047,44.167678221360006,43.209681559277904,44.13275137868224,121457791,Lloyds
2022-07-27,45.225467681884766,45.91901769178872,44.689589047249555,45.40010189179938,430832156,Lloyds
2022-07-28,44.332332611083984,46.303215219507436,44.06688862084695,46.163504049484644,146966969,Lloyds
2022-07-29,45.1506233215332,45.33823090212433,44.68160627342551,44.966011645532404,171585264,Lloyds
2022-08-01,44.96102523803711,45.80027069651566,44.8213178570881,45.23046253275619,92978858,Lloyds
2022-08-02,45.3052978515625,45.57173918842955,44.70455242619496,44.961016297867,466951554,Lloyds
2022-08-03,45.734397888183594,45.95892700292423,44.84126445134977,44.98596243006203,279571303,Lloyds
2022-08-04,45.0137825012207,45.882122096233765,44.664453106034884,45.18345949845728,278450384,Lloyds
2022-08-05,44.82414245605469,45.160499988153255,44.25523246702068,44.968865706935894,156912354,Lloyds
2022-08-08,45.15351486206055,45.54775637690231,44.60955477684307,45.23335994354845,166802613,Lloyds
2022-08-09,44.90898513793945,45.47290750367669,44.894014421575626,45.01877546781414,101392930,Lloyds
2022-08-10,45.38307189941406,45.50284141794004,44.921953351612316,45.14352905495776,100816356,Lloyds
2022-08-11,45.517822265625,45.80726882329061,45.21540007105791,45.73241142976948,91697725,Lloyds
2022-08-12,45.567726135253906,46.06178265032443,45.3281870437699,45.597671377243316,90989004,Lloyds
2022-08-15,45.777320861816406,45.81225379949143,45.24633640175139,45.71244268655947,85931463,Lloyds
2022-08-16,45.642581939697266,46.07176025501637,45.60764899809711,45.91206626378636,87539860,Lloyds
2022-08-17,45.69747543334961,46.25640628589726,45.53778144796527,46.25640628589726,79019125,Lloyds
2022-08-18,45.62760543823242,45.82223234638768,45.40103821291854,45.70246282000089,158308286,Lloyds
2022-08-19,44.734317779541016,45.527799966372434,44.60955674070753,45.10360938841479,171102566,Lloyds
2022-08-22,44.42989730834961,44.864067062574186,44.15242890000404,44.539687623721655,127196550,Lloyds
2022-08-23,44.28517532348633,44.859076838268955,44.03066555683166,44.36502421236946,123505002,Lloyds
2022-08-24,44.03565216064453,44.32509866453376,43.56655327604955,43.940836366711814,121580935,Lloyds
2022-08-25,44.23527908325195,44.60457073769976,43.87596663788427,44.135471762829916,109529064,Lloyds
2022-08-26,43.586509704589844,44.83212487009676,43.586509704589844,44.64947607038135,256994629,Lloyds
2022-08-30,43.66636276245117,44.74429994505564,43.217222269699306,43.217222269699306,254222677,Lloyds
2022-08-31,43.79611587524414,44.2901685199853,43.62145118340683,44.14045375132205,315293103,Lloyds
2022-09-01,42.618370056152344,43.72125714190107,42.55848338905389,43.4717350734311,161709467,Lloyds
2022-09-02,43.63142776489258,43.87097061885405,42.69322618563619,42.91779451770891,162211138,Lloyds
2022-09-05,43.366939544677734,43.57154567646253,42.643323206890315,42.91779902594846,149622550,Lloyds
2022-09-06,45.143531799316406,45.54276862854581,43.92087519683382,44.040644722640806,255655427,Lloyds
2022-09-07,44.58959197998047,44.95489340788715,44.414927297034836,44.69938229709045,361075744,Lloyds
2022-09-08,45.143531799316406,45.25332211772472,44.509747425874664,44.83911457369502,114521842,Lloyds
2022-09-09,45.8921012878418,46.09171971676396,45.043727724178666,45.14353503493732,136190480,Lloyds
2022-09-12,46.87023162841797,47.04489634170022,46.21149341874977,46.533877838755174,294550070,Lloyds
2022-09-13,46.37617492675781,47.03990458744162,46.27137610781904,46.99000093186194,166685872,Lloyds
2022-09-14,46.12166213989258,46.490957573928256,45.7134436052306,46.256406200458414,276837791,Lloyds
2022-09-15,47.528961181640625,47.80343697209762,46.296321589341105,46.36619126933385,298191736,Lloyds
2022-09-16,47.71361541748047,48.21765111658407,47.00297469223184,47.029923504981625,539075195,Lloyds
2022-09-20,48.90632629394531,48.90632629394531,47.94816244767779,47.94816244767779,465744186,Lloyds
2022-09-21,48.37234878540039,49.75469938202617,47.3213604223306,48.15276814478221,373021503,Lloyds
2022-09-22,47.868316650390625,49.33051624454475,47.512000660642364,47.708622665692104,233704494,Lloyds
2022-09-23,46.136634826660156,48.2426019625665,45.991915358989615,47.6088175030057,214101887,Lloyds
2022-09-26,44.61355209350586,45.68350139463795,43.68133566346549,45.63758789933746,521330757,Lloyds
2022-09-27,43.207244873046875,45.14353486946322,43.05253859231173,44.654473718171666,414152355,Lloyds
2022-09-28,41.774986267089844,42.93376610855434,41.04638224880212,42.528544016393475,644489235,Lloyds
2022-09-29,40.63716506958008,42.15824989447294,40.36268926558534,41.8997461531465,432440428,Lloyds
2022-09-30,41.310874938964844,42.297986510571384,40.83179300244651,40.841772210384384,370821211,Lloyds
2022-10-03,41.700130462646484,42.18420392643378,40.352712699601476,40.92162276021203,453429229,Lloyds
2022-10-04,43.037567138671875,43.32701366421563,41.97959595998816,42.154260653883604,280583748,Lloyds
2022-10-05,42.773075103759766,43.62943660019085,42.25906022084948,43.18229116847129,173548316,Lloyds
2022-10-06,42.44869613647461,43.46674670627034,42.079404514532634,43.06252214451501,152321129,Lloyds
2022-10-07,42.598411560058594,43.172313129222175,42.234107632967124,42.718181097327665,244851276,Lloyds
2022-10-10,42.109344482421875,42.59840943020931,41.85483470437578,41.91970907394356,388395654,Lloyds
2022-10-11,41.415679931640625,41.934686392115516,41.23602370272988,41.929694883699845,145955871,Lloyds
2022-10-12,39.01527404785156,40.997477586809765,38.67592385399771,40.92162265842338,331850142,Lloyds
2022-10-13,41.69015121459961,41.90174393640938,38.4313933314711,38.83062639064998,295253645,Lloyds
2022-10-14,42.36885070800781,43.52363660012878,42.30896403706429,43.017605843240815,237548984,Lloyds
2022-10-17,42.58842468261719,43.16232619974255,41.48953156782001,41.82987927215385,298575085,Lloyds
2022-10-18,42.523555755615234,43.5316271701146,42.47764225770596,42.97768780442749,266762423,Lloyds
2022-10-19,40.532371520996094,41.635258772985864,40.37267752540041,40.72699845914693,264598142,Lloyds
2022-10-20,41.96461868286133,42.63333979083579,39.92852154458848,40.222955751059104,330100240,Lloyds
2022-10-21,41.30588912963867,42.03449705397617,40.84976578104118,41.760021205259626,186908554,Lloyds
2022-10-24,42.45867919921875,42.92279043291434,41.780976358682224,41.894756846370676,158492206,Lloyds
2022-10-25,42.89284896850586,42.95273564526803,41.83986536505367,42.79803315622228,114760954,Lloyds
2022-10-26,42.46865463256836,43.59649543061051,42.05444709156376,43.38190630276273,444133025,Lloyds
2022-10-27,42.69821548461914,43.097452320371914,40.78687931826015,41.1811208391251,276735104,Lloyds
2022-10-28,41.19110870361328,42.52754977108554,41.036406220062815,42.29399592815503,180666966,Lloyds
2022-10-31,41.93967056274414,42.358865818589685,41.525463007036265,41.525463007036265,167719157,Lloyds
2022-11-01,42.12432098388672,42.49860411819841,41.82489143051343,42.249082028657284,390847972,Lloyds
2022-11-02,41.69514465332031,42.49660723647602,41.470572477690396,42.45369016607098,134009654,Lloyds
2022-11-03,42.149269104003906,42.149269104003906,40.881696486510705,41.52047239920544,163806074,Lloyds
2022-11-04,42.668277740478516,43.050545006772914,41.90973225590597,42.37384349941439,172539079,Lloyds
2022-11-07,41.93467330932617,43.157333586156525,41.93467330932617,42.4137551678223,208317356,Lloyds
2022-11-08,42.76808166503906,43.00263302216267,41.69014829265983,41.889766711961066,267421913,Lloyds
2022-11-09,42.4836311340332,43.07150589885669,42.15925545179968,42.72317402393087,103256571,Lloyds
2022-11-10,43.217220306396484,43.33698982988778,42.24209070918602,42.32892237631075,145619544,Lloyds
2022-11-11,43.43181228637695,43.91089421923605,42.91779741489495,43.20724393914464,179249179,Lloyds
2022-11-14,43.521636962890625,43.880949336118924,42.85790737386638,43.66636021363005,98066350,Lloyds
2022-11-15,43.63142776489258,43.74121808098307,43.19725800782688,43.52163744880209,81569717,Lloyds
2022-11-16,43.04754638671875,43.61146486548892,42.91280234364513,43.45676240834941,202488766,Lloyds
2022-11-17,44.335079193115234,44.67942086515718,42.75810170397288,43.10743107604108,217856455,Lloyds
2022-11-18,45.38806915283203,45.58269608918035,44.44986741332204,44.569636957058286,183817838,Lloyds
2022-11-21,45.4279899597168,45.77233165367178,45.21140573525163,45.49286813823286,92791927,Lloyds
2022-11-22,45.48289108276367,45.88711569305052,45.2982433459213,45.43298742095381,83314627,Lloyds
2022-11-23,45.39805221557617,45.61763288548822,45.22338750423938,45.467918100110886,69709484,Lloyds
2022-11-24,45.852176666259766,46.09171954153666,45.34914233928554,45.368107022775234,81675544,Lloyds
2022-11-25,46.22146987915039,47.26447031010116,45.71244272132192,47.26447031010116,110335789,Lloyds
2022-11-28,45.727413177490234,46.25141104745158,45.63758507999414,45.991909769909874,84750573,Lloyds
2022-11-29,46.23644256591797,46.51590607944788,45.36311527873216,45.447951872853054,159989227,Lloyds
2022-11-30,46.81532669067383,47.1047731879414,46.56680217589333,46.70054867764302,322356192,Lloyds
2022-12-01,46.036827087402344,47.20259359839869,46.036827087402344,47.084819137667075,145222762,Lloyds
2022-12-02,46.56081771850586,46.58077613270399,45.74238566982177,46.14161867966028,81679736,Lloyds
2022-12-05,46.28635025024414,46.855260342258504,46.18254896369606,46.396140585089924,123022931,Lloyds
2022-12-06,46.33625030517578,46.66062977633179,45.477893725773995,45.58768405207955,153067676,Lloyds
2022-12-07,46.14661407470703,46.51091417928395,45.98192858816442,46.006882319121104,100195784,Lloyds
2022-12-08,45.812255859375,46.510914644289684,45.812255859375,46.30630851653748,97466662,Lloyds
2022-12-09,46.35121536254883,46.35121536254883,45.72741022778873,46.11167632294741,90398849,Lloyds
2022-12-12,45.68749237060547,46.32626825825289,45.557739828613144,46.25141087604945,88878353,Lloyds
2022-12-13,46.28135299682617,46.69056904392159,45.757358928389486,46.05179314673896,104218283,Lloyds
2022-12-14,46.06676483154297,46.27137476309968,45.87213791525499,46.27137476309968,164442396,Lloyds
2022-12-15,45.378082275390625,45.941003223967286,45.088635770154234,45.91205933492454,92514730,Lloyds
2022-12-16,45.0936279296875,45.55773912327783,44.534697132947194,45.138540073871454,310458569,Lloyds
2022-12-19,44.913970947265625,45.278274831318086,44.82414285307491,45.11858086469066,58932758,Lloyds
2022-12-20,45.432979583740234,45.70246387991373,44.51473637373375,44.589593757238276,256626712,Lloyds
2022-12-21,46.15659713745117,46.17655936240272,45.321199154327175,45.54277490166273,68006226,Lloyds
2022-12-22,46.011871337890625,46.90017316617925,45.87713108611591,46.895181658363924,56008053,Lloyds
2022-12-23,45.9420051574707,46.2544065343399,45.76234895134342,46.12665287138066,21260125,Lloyds
2022-12-28,46.1515998840332,46.50292430972694,45.97194370406068,46.43106336069966,163534062,Lloyds
2022-12-29,46.136634826660156,46.136634826660156,45.353135583943846,45.902087250577324,57363872,Lloyds
2022-12-30,45.32319259643555,46.08173808015195,45.32319259643555,45.857169720522776,70883064,Lloyds
2023-01-03,47.0399055480957,47.0399055480957,45.6775132592589,45.96196829001758,207335617,Lloyds
2023-01-04,47.35429763793945,47.39422208249327,46.88519493294358,47.26446954139566,151327410,Lloyds
2023-01-05,48.22264099121094,48.37734728646795,46.76543280122455,47.28443924027556,227269311,Lloyds
2023-01-06,47.913230895996094,48.371353069636044,47.7385662013738,48.31246393978922,307068898,Lloyds
2023-01-09,48.15776443481445,48.591934251680144,47.763519067008716,48.13281070230072,213765647,Lloyds
2023-01-10,47.943172454833984,48.217648266688606,47.65372592731544,47.65372592731544,101136392,Lloyds
2023-01-11,47.98310089111328,48.028013041839294,47.247510223067714,47.95814715799542,207144770,Lloyds
2023-01-12,48.65679931640625,48.74662740590194,47.69863556672174,48.05794792470451,163754936,Lloyds
2023-01-13,49.5201530456543,49.88445314569942,48.66179649212729,48.8963478535451,176454914,Lloyds
2023-01-16,49.6548957824707,49.8095982595038,49.28061264843198,49.65988729033127,185729358,Lloyds
2023-01-17,49.40537643432617,49.811599910844556,49.22572021542712,49.80461332241409,366897570,Lloyds
2023-01-18,49.37044143676758,49.974284444492454,49.066024178940296,49.36046222831315,118916752,Lloyds
2023-01-19,48.711700439453125,49.192777453084595,48.32244660641689,48.75162488576575,142937793,Lloyds
2023-01-20,49.18080520629883,49.40537356316945,48.77857572114675,49.00613669828288,233192896,Lloyds
2023-01-23,49.714778900146484,49.714778900146484,49.203756662061146,49.43531159100984,91787188,Lloyds
2023-01-24,50.0341682434082,50.163916982887734,49.57804115292026,49.904415696523905,147224990,Lloyds
2023-01-25,50.85260009765625,51.40154790604569,49.85451178880099,50.03416798898732,174361498,Lloyds
2023-01-26,52.39963912963867,52.569312324027884,50.90250658307757,51.102125017433366,183069130,Lloyds
2023-01-27,52.489463806152344,52.75894810381941,52.315796655309754,52.66912000459705,107285597,Lloyds
2023-01-30,52.87872314453125,52.96855125311526,51.88262982160717,52.429582601611216,236093951,Lloyds
2023-01-31,52.479488372802734,52.89169707291541,52.060289277147575,52.689086016927824,262819310,Lloyds
2023-02-01,52.87872314453125,52.978534269294094,52.26988860939577,52.64916326868437,360728092,Lloyds
2023-02-02,53.38774871826172,53.66721224418154,52.689086096057174,52.94858739763916,233055500,Lloyds
2023-02-03,53.228050231933594,53.397723413356374,52.29982781940811,53.31787452275413,113217034,Lloyds
2023-02-06,52.729007720947266,53.6372679389518,52.379674524850266,53.43764951366849,189494435,Lloyds
2023-02-07,53.34782791137695,53.59735002152614,52.85876290022624,53.028439914978414,187980494,Lloyds
2023-02-08,53.54743957519531,53.86682753111952,53.12824050341682,53.62728466047398,187038913,Lloyds
2023-02-09,53.86682891845703,54.22614132997702,53.37975903683411,53.50751650693704,248265487,Lloyds
2023-02-10,53.18812942504883,53.99657855697416,52.90866209622823,53.38774785780499,225038197,Lloyds
2023-02-13,52.96854782104492,53.5973445403904,52.93860638925866,53.32786023209948,72370911,Lloyds
2023-02-14,53.68716812133789,53.936690184953626,52.89767994654688,53.01844701099737,139594661,Lloyds
2023-02-15,52.27986526489258,53.14221195645669,50.82165593987353,52.8986789335132,217595392,Lloyds
2023-02-16,52.83879089355469,52.95856422558687,52.34972978033916,52.549348192988255,88714159,Lloyds
2023-02-17,50.81268310546875,51.70098122147367,50.19386932927521,51.1420541232622,382886231,Lloyds
2023-02-20,51.44147491455078,51.84070797353641,50.922468511205025,50.99233439171263,112028222,Lloyds
2023-02-21,50.87256622314453,51.461438522837575,50.6380148433864,51.461438522837575,232515990,Lloyds
2023-02-22,51.16200256347656,51.44146986548173,49.34049453379173,50.004220333468176,256234450,Lloyds
2023-02-23,51.90058898925781,52.2099977173594,50.97935319964689,51.20192645292152,221996856,Lloyds
2023-02-24,51.56123733520508,52.0602814456145,51.40154337217024,51.90058748257966,340229657,Lloyds
2023-02-27,51.69099426269531,52.20001762331188,51.60116616289183,51.740897916496195,124339369,Lloyds
2023-02-28,52.5194091796875,52.83879715481086,51.22189505482321,51.301743952306545,301689386,Lloyds
2023-03-01,51.86066818237305,52.78889062436765,51.86066818237305,52.5194063211365,363460753,Lloyds
2023-03-02,51.241851806640625,51.770837370055396,50.92246386562742,51.70097149592154,307246676,Lloyds
2023-03-03,51.69099426269531,51.69099426269531,51.14204645607614,51.21191233287832,106907605,Lloyds
2023-03-06,51.6710319519043,51.89061259714079,51.07217668509698,51.64109052115558,112701267,Lloyds
2023-03-07,51.251834869384766,52.08623906915711,51.112103110605986,52.0303463656456,207997923,Lloyds
2023-03-08,51.50135803222656,51.78082536303427,50.66296365461334,50.78273699956162,243927689,Lloyds
2023-03-09,51.36162567138672,51.591185535418994,51.19794152704805,51.471415999272786,148173542,Lloyds
2023-03-10,49.679847717285156,50.141960051486066,48.81649964407447,49.604990331704265,255384226,Lloyds
2023-03-13,47.13471603393555,49.96429911335025,47.089803890286746,49.90441244774733,389541898,Lloyds
2023-03-14,48.142791748046875,48.67577131822974,46.44604080648784,47.34432183654994,225025720,Lloyds
2023-03-15,45.92703628540039,48.48713542179431,45.485883687785055,48.182718160712746,259713819,Lloyds
2023-03-16,47.37425994873047,47.823400432288615,46.65563517503744,46.76043398663357,323320146,Lloyds
2023-03-17,46.16158676147461,48.609896631149034,45.712446236909,47.72359367798089,587411174,Lloyds
2023-03-20,46.016868591308594,46.64067388694081,43.57454749897452,44.72434584631322,275273771,Lloyds
2023-03-21,48.06793212890625,48.60190921436844,46.55582897135467,46.55582897135467,185822724,Lloyds
2023-03-22,47.673683166503906,48.9462471685613,47.608808802941084,47.72857832313568,220510728,Lloyds
2023-03-23,46.760433197021484,48.02800573703444,46.760433197021484,47.518982402533815,238689623,Lloyds
2023-03-24,45.62760543823242,46.515903389793245,44.814164868440066,46.36120092623512,256017626,Lloyds
2023-03-27,46.231449127197266,46.710531047840206,45.757358714060246,46.27137357243534,154546828,Lloyds
2023-03-28,46.311302185058594,47.09978910873804,45.99690190977283,46.865241538518745,238545475,Lloyds
2023-03-29,47.034912109375,47.089807271601664,46.24642142230541,46.24642142230541,94511578,Lloyds
2023-03-30,47.67868423461914,48.00306373228946,47.14969859089548,47.35929624511748,250162359,Lloyds
2023-03-31,47.58385467529297,48.04297433835737,47.32235452852146,47.60880840351784,151161530,Lloyds
2023-04-03,48.142791748046875,48.741643229818365,46.6985555120182,48.02800991354816,134199094,Lloyds
2023-04-04,48.013031005859375,48.73664721422857,47.94316513848638,48.29249447535136,186226167,Lloyds
2023-04-05,48.3374137878418,48.8713908441671,47.93318926884357,48.21265275779005,122312644,Lloyds
2023-04-06,48.92628860473633,49.20874853603595,48.21365286260791,48.27752969099312,143126790,Lloyds
2023-04-11,49.33551025390625,49.80760564390466,48.81650382546912,48.81650382546912,189565733,Lloyds
2023-04-12,49.784645080566406,50.20384033573243,49.38041673319382,49.48022784685574,251841134,Lloyds
2023-04-13,48.42781448364258,48.72234321849687,47.948578770380536,48.2031702436396,163910295,Lloyds
2023-04-14,48.85712814331055,49.111719604162815,48.14326581374822,48.26806689368131,154711084,Lloyds
2023-04-17,48.372894287109375,49.25149486440891,48.16422726890251,49.12669379752195,152695130,Lloyds
2023-04-18,48.7473030090332,49.16663281312727,48.61750881835453,48.717348159721666,100322887,Lloyds
2023-04-19,49.17661666870117,49.30141774372474,48.64246821994537,48.70736340785207,100329243,Lloyds
2023-04-20,48.9270133972168,49.75569053589367,48.75728195858928,49.49111287228824,132038364,Lloyds
2023-04-21,48.78224563598633,49.51607657886137,48.55760141198542,49.47114621061055,111401952,Lloyds
2023-04-24,48.83216857910156,49.28644635843462,48.522660515974856,48.62749677938008,145956656,Lloyds
2023-04-25,48.15325164794922,48.64646503293805,47.76886597022199,48.522661804400016,181788757,Lloyds
2023-04-26,48.52265548706055,48.607523110956045,47.59713259158089,48.23311989328234,134294890,Lloyds
2023-04-27,48.7423095703125,49.18859683146065,48.43779462998377,48.56259571016352,111447928,Lloyds
2023-04-28,48.123294830322266,48.53863316965448,47.16981279812531,48.48272253233103,227729312,Lloyds
2023-05-02,47.604122161865234,48.67741216428818,47.604122161865234,47.92361260789441,227428509,Lloyds
2023-05-03,45.90682601928711,47.97852458306479,45.22790788067139,47.52424685134151,359768316,Lloyds
2023-05-04,45.28282165527344,46.286223366003064,44.97830672718448,45.831945624267334,199743764,Lloyds
2023-05-05,45.737098693847656,46.291215763744546,45.437573071159015,45.51744758617639,177734509,Lloyds
2023-05-09,46.05659103393555,46.34612664123449,45.54041167136969,45.70714572927913,438134925,Lloyds
2023-05-10,46.096519470214844,46.76545515808404,45.82695252181556,46.45594714624889,144013742,Lloyds
2023-05-11,45.8019905090332,46.46093997491076,45.26284899823533,46.07655437340978,183347019,Lloyds
2023-05-12,45.48749542236328,46.221322515647266,45.48749542236328,45.96673107473557,236333824,Lloyds
2023-05-15,46.19636154174805,46.19636154174805,45.53741208709265,45.84192698289658,288425062,Lloyds
2023-05-16,45.62727355957031,46.301198599563726,45.62727355957031,46.046603341387886,236238207,Lloyds
2023-05-17,46.2213249206543,46.2213249206543,45.06317108166979,45.42759190128903,267678810,Lloyds
2023-05-18,46.43598556518555,46.9102319686043,46.31118448143748,46.77544466532537,152617500,Lloyds
2023-05-19,46.64565658569336,46.84633695156109,46.37109266442778,46.585750691428046,143678822,Lloyds
2023-05-22,46.865299224853516,46.95016685206115,46.54580877132663,46.70056469720411,383664314,Lloyds
2023-05-23,47.51426696777344,47.51426696777344,46.810387053797854,47.08495095115571,162101962,Lloyds
2023-05-24,46.69057846069336,47.384472146245955,46.52584012447901,47.13986310099311,382800439,Lloyds
2023-05-25,45.75706481933594,47.10491481319098,45.75706481933594,46.3660908242057,268083564,Lloyds
2023-05-26,45.43258285522461,46.02164406141864,45.232900380330186,45.92679402890284,261876412,Lloyds
2023-05-30,45.143043518066406,45.946762719348484,44.86349033801227,45.143043518066406,324448861,Lloyds
2023-05-31,44.099708557128906,45.31377689672411,44.099708557128906,45.00327098169444,409055760,Lloyds
2023-06-01,44.59391784667969,45.427588054040676,43.965917267294856,44.4191971158894,411702007,Lloyds
2023-06-02,45.3726806640625,45.42958916475446,44.608898658389506,44.70873799965166,120367137,Lloyds
2023-06-05,44.658817291259766,45.7970025131573,44.45913480474886,45.69217006468007,121146438,Lloyds
2023-06-06,45.103111267089844,45.372682067186055,44.079744657312204,44.49408136412732,302399488,Lloyds
2023-06-07,45.43757247924805,45.71712946954059,45.04120491563536,45.32775073546955,149262992,Lloyds
2023-06-08,45.25786590576172,45.89185372233942,45.19296690602914,45.657227080348484,94021170,Lloyds
2023-06-09,45.192970275878906,45.702160857875676,45.118088859864436,45.42759693536496,97731521,Lloyds
2023-06-12,44.90342712402344,45.492488374801184,44.90342712402344,45.33274314452044,122260019,Lloyds
2023-06-13,45.22291564941406,45.32775190386763,44.68377790067894,44.983299718559906,276655969,Lloyds
2023-06-14,45.21293640136719,45.30279333387863,44.93837249407478,45.28282470347311,173033551,Lloyds
2023-06-15,44.883460998535156,45.16301419124635,44.70873644446406,45.16301419124635,173716601,Lloyds
2023-06-16,44.97332000732422,45.11010304108317,44.688773667869825,45.03821901315071,413600501,Lloyds
2023-06-19,44.96832275390625,45.06816208711606,44.7686402788602,44.793602016475866,457173034,Lloyds
2023-06-20,44.74367904663086,45.09312433406509,44.68876627015729,44.92838600464437,143254729,Lloyds
2023-06-21,43.675384521484375,44.41420858463972,43.35290048350508,43.75525904015054,216406659,Lloyds
2023-06-22,42.84171676635742,43.49068393877478,42.84171676635742,43.21112691550749,241900678,Lloyds
2023-06-23,42.252655029296875,42.69195347735364,42.10588959319874,42.58712102299783,190268748,Lloyds
2023-06-26,41.893226623535156,42.12286015919892,41.174374975387174,41.963114925318614,307235863,Lloyds
2023-06-27,42.43236541748047,42.62705478941173,41.97309837644399,41.983080786628896,175392127,Lloyds
2023-06-28,42.58212661743164,42.7318856162909,42.20772340734388,42.48727658544896,139013995,Lloyds
2023-06-29,42.701934814453125,42.93156832754202,42.43236404466362,42.58212685297771,153320601,Lloyds
2023-06-30,43.5206298828125,44.03480968892185,42.86168037647188,43.14123355836595,198448419,Lloyds
2023-07-03,44.15462112426758,44.29939083588547,43.80517961941525,43.845116879577446,90072762,Lloyds
2023-07-04,43.8101692199707,44.36428628230036,43.8101692199707,44.25446072996455,167430547,Lloyds
2023-07-05,43.76025390625,44.1945592408935,43.450745846935035,43.63045971252091,191321250,Lloyds
2023-07-06,43.23108673095703,43.9399558427483,42.96051812235212,43.28100639358826,218259259,Lloyds
2023-07-07,43.02642059326172,43.206134449115794,42.61707321240002,43.14123545145222,92266441,Lloyds
2023-07-10,42.97649002075195,43.27601560347962,42.831724146693176,42.91658795110722,84664497,Lloyds
2023-07-11,43.30097579956055,43.30097579956055,42.652012556424424,42.91159709195364,237726887,Lloyds
2023-07-12,44.45414352416992,44.81556694243239,43.415797687455026,43.48069287401478,376682366,Lloyds
2023-07-13,44.65382385253906,44.778624929610025,44.00486053694604,44.309375469689314,128402399,Lloyds
2023-07-14,44.289405822753906,44.76864149066055,44.289405822753906,44.593920748500814,135149204,Lloyds
2023-07-17,44.768638610839844,44.98329659700685,44.066758298269825,44.13964017089969,83672031,Lloyds
2023-07-18,45.617286682128906,45.75706708267638,44.67379087803578,44.92339302321653,113536894,Lloyds
2023-07-19,46.620689392089844,47.050005395882984,46.10650957114904,46.685584580151016,178293923,Lloyds
2023-07-20,46.26126480102539,46.95016922070726,46.02663815424254,46.69058083372873,145067305,Lloyds
2023-07-21,45.78202438354492,46.510862180432405,45.71413180879345,46.341134552180144,113659310,Lloyds
2023-07-24,45.971717834472656,45.981704052364165,45.239886501875134,45.412611508586686,78816082,Lloyds
2023-07-25,46.021644592285156,46.35611055163125,45.707143452895025,45.90682593009282,95683621,Lloyds
2023-07-26,45.25786590576172,45.38765628797338,43.635451850475285,44.18956514695959,313097530,Lloyds
2023-07-27,44.978309631347656,45.65423424809289,44.82855061665779,45.11309693405802,186380226,Lloyds
2023-07-28,45.05318832397461,45.39863837180192,44.73869098434218,44.79360376233576,245836995,Lloyds
2023-07-31,44.863487243652344,45.22291110380587,44.78361273564522,44.99327760622466,113386275,Lloyds
2023-08-01,44.26943588256836,44.85350397847052,44.1646034403777,44.52902043342718,111305751,Lloyds
2023-08-02,43.1911506652832,44.009849151181534,43.0663496009597,43.610484221895824,144873986,Lloyds
2023-08-03,42.86581039428711,43.125454016229035,41.90214087054775,42.14181161315282,409948546,Lloyds
2023-08-04,43.08050537109375,43.215321326987834,42.666076779917766,43.08050537109375,119146267,Lloyds
2023-08-07,43.110469818115234,43.43003206560314,42.85582418773655,43.1953555043452,107514647,Lloyds
2023-08-08,42.626136779785156,43.09548603760399,42.25664428412436,42.83085209438519,165406529,Lloyds
2023-08-09,42.72100830078125,43.370113522262265,42.636126423807646,43.13543696050471,306523528,Lloyds
2023-08-10,42.94070053100586,43.21532281399041,42.81587291318317,42.96067340698988,162978357,Lloyds
2023-08-11,42.890777587890625,43.145427038482545,42.66109518891179,42.86581053627755,135777375,Lloyds
2023-08-14,42.78092575073242,43.02059647785587,42.6261407076667,42.75096833838086,574256117,Lloyds
2023-08-15,42.41642761230469,42.9057536033876,42.176760693378476,42.696044096967924,98089646,Lloyds
2023-08-16,42.031959533691406,42.36150249447661,41.96006022101313,42.20671745300454,168642832,Lloyds
2023-08-17,42.35650634765625,42.6111519341209,41.900135865376605,41.937083589146475,121142791,Lloyds
2023-08-18,42.186744689941406,42.561227579247095,41.897147484050414,42.19173886177449,139696325,Lloyds
2023-08-21,42.031959533691406,42.65310346340659,42.01198665585034,42.01198665585034,114254017,Lloyds
2023-08-22,41.66746139526367,42.34153364521829,41.66746139526367,42.28161501138498,283173044,Lloyds
2023-08-23,41.812255859375,42.19173286659246,41.705404977726225,41.84720743836632,137362304,Lloyds
2023-08-24,42.071903228759766,42.57620408415827,41.97703301602054,42.2766185500894,88778714,Lloyds
2023-08-25,41.73736572265625,42.44638957634838,41.67745089659569,42.05193379722243,89999773,Lloyds
2023-08-29,42.845829010009766,42.90075346492426,42.1118420301856,42.1118420301856,192034758,Lloyds
2023-08-30,42.76594543457031,43.51491119065933,42.74597255727552,43.03557356389478,110852442,Lloyds
2023-08-31,42.29659652709961,43.16040546075076,42.29659652709961,42.90076183966282,321802013,Lloyds
2023-09-01,42.056922912597656,42.52128180592127,42.01198298901841,42.34152973047751,313465005,Lloyds
2023-09-04,41.917110443115234,42.516285264337135,41.74035640412997,42.26163587008192,64586808,Lloyds
2023-09-05,41.70241165161133,42.201722156014625,41.40782028254306,41.627518123500295,66880505,Lloyds
2023-09-06,41.43777847290039,41.64249761208455,41.17314451010089,41.40282688931247,102192028,Lloyds
2023-09-07,40.973419189453125,41.60954181470592,40.973419189453125,41.14318674358575,75967110,Lloyds
2023-09-08,41.282997131347656,41.35789447701408,40.6488743981714,41.00338443759274,147483289,Lloyds
2023-09-11,41.52266311645508,41.91711506017595,41.220079550795866,41.542632184202596,156914685,Lloyds
2023-09-12,42.421417236328125,42.43140557905081,41.60754253851225,41.892149355123394,165061570,Lloyds
2023-09-13,42.54125213623047,42.83085313409625,42.41642451398867,42.68106227306812,111797115,Lloyds
2023-09-14,43.17038345336914,43.29521107281889,42.326547526869106,42.57121240378499,174804740,Lloyds
2023-09-15,43.14042663574219,43.6347429489045,43.01060484309063,43.46497921265274,410881995,Lloyds
2023-09-18,42.09687042236328,43.160404310956295,42.03695559558312,43.10547984678308,95176139,Lloyds
2023-09-19,42.840843200683594,42.840843200683594,41.57259405055177,41.90713117735369,192122023,Lloyds
2023-09-20,44.49855422973633,44.63836056367722,42.900758304636526,42.94070405988732,301530724,Lloyds
2023-09-21,44.363739013671875,45.53212761331639,44.06914763491315,44.1090895814073,228768917,Lloyds
2023-09-22,45.27747344970703,45.991487572256325,44.18198615958339,44.27885251240378,341794656,Lloyds
2023-09-25,44.688289642333984,45.41228834181496,44.3737253994891,44.9379448917325,157412846,Lloyds
2023-09-26,44.8630485534668,44.8630485534668,44.37372638704029,44.71325768615612,115017094,Lloyds
2023-09-27,44.50853729248047,45.237530159242645,44.21893629064108,44.778165417354714,146505711,Lloyds
2023-09-28,44.19895935058594,44.63835498455305,43.72461594693844,44.63835498455305,194582788,Lloyds
2023-09-29,44.30881881713867,44.79315067847722,44.15403375980103,44.393704509023266,93860934,Lloyds
2023-10-02,43.210330963134766,44.62837094922317,43.210330963134766,44.36373699473743,102276009,Lloyds
2023-10-03,42.755958557128906,43.44001534254094,42.616152220708805,42.97565640546733,77914964,Lloyds
2023-10-04,42.401451110839844,42.93072288574384,42.14181130026288,42.39146657596416,254168072,Lloyds
2023-10-05,42.111839294433594,42.536256202007685,41.98202132710234,42.466353047464324,121200278,Lloyds
2023-10-06,42.56621551513672,42.84582814583528,41.80726531348218,42.12182952301806,80179745,Lloyds
2023-10-09,42.05193328857422,42.59617993570558,41.940088217881154,42.25165826171341,199447444,Lloyds
2023-10-10,43.3101921081543,43.56983570386565,41.812260594153955,42.46635994568448,101122156,Lloyds
2023-10-11,43.21532440185547,43.52988863892955,42.95767695880045,43.125448361343345,100458208,Lloyds
2023-10-12,43.36012268066406,43.59479922890405,42.93570951080552,43.35013814665755,159233092,Lloyds
2023-10-13,43.17038345336914,43.789527379197644,42.730991604303206,43.430027035109134,166940735,Lloyds
2023-10-16,43.44999694824219,43.751582433138665,43.180372637283185,43.35013637451194,111510390,Lloyds
2023-10-17,43.739601135253906,43.96928351913385,43.3551337079724,43.739601135253906,141280133,Lloyds
2023-10-18,42.7909049987793,43.93932058325254,42.7909049987793,43.93932058325254,91714127,Lloyds
2023-10-19,41.82225036621094,43.155408544948074,41.82225036621094,42.6211464390813,153457095,Lloyds
2023-10-20,41.527652740478516,41.98202711711223,41.297970371096774,41.48770698681994,285516284,Lloyds
2023-10-23,41.357887268066406,41.807267454297815,41.11322239424028,41.5576122185511,122817827,Lloyds
2023-10-24,40.519046783447266,40.87754906175868,39.36563696801733,39.94483896148853,154084778,Lloyds
2023-10-25,41.4028205871582,41.59256099155708,39.48347038050996,40.823622460230425,294434604,Lloyds
2023-10-26,41.113224029541016,41.45275531603906,40.54900454570846,41.34790056998717,195470449,Lloyds
2023-10-27,39.70018005371094,40.87355900028301,39.55038537566476,40.69880108218707,210222754,Lloyds
2023-10-30,39.979793548583984,40.48908860747581,39.69019253007835,39.72514411441958,128456500,Lloyds
2023-10-31,39.88492202758789,40.32431771288721,39.81501886118788,40.11460440425032,130698761,Lloyds
2023-11-01,40.089637756347656,40.4641206056989,39.73512778276086,39.944837264132794,100469078,Lloyds
2023-11-02,41.71738815307617,41.80227001232411,39.7401154883601,40.28436584061273,312062950,Lloyds
2023-11-03,42.37648391723633,42.76095132981154,41.427793196151434,41.94208240662756,139741423,Lloyds
2023-11-06,42.071903228759766,42.52627379671958,41.94707560544468,42.37148876282863,77853902,Lloyds
2023-11-07,41.99201202392578,42.53126827479796,41.85220569431524,42.04194231172429,83864994,Lloyds
2023-11-08,41.93210220336914,42.13681755058942,41.44277618193607,41.62252828699824,106611374,Lloyds
2023-11-09,42.2216911315918,42.48133470317232,41.642492980915165,41.852202459120335,90991161,Lloyds
2023-11-10,41.69242858886719,42.14180882057471,41.43578301102319,42.10685723641062,345691791,Lloyds
2023-11-13,41.96205139160156,42.15678216567153,41.70240781988396,41.9570572203741,70595867,Lloyds
2023-11-14,42.19672775268555,42.2866037872484,41.397831784035986,41.91212094480925,139219947,Lloyds
2023-11-15,43.03557586669922,43.21532796253394,42.421422237691075,42.45637382246799,157686991,Lloyds
2023-11-16,42.71601867675781,43.28523239367906,42.51129952464267,43.00062553521844,262838706,Lloyds
2023-11-17,43.315185546875,43.45499187630604,42.35651030840207,42.71102030358414,131097373,Lloyds
2023-11-20,42.99063491821289,43.44500931897132,42.63113073507148,43.27025139923229,68951425,Lloyds
2023-11-21,42.4913215637207,43.215324053520575,42.32155782714212,42.74097680652686,97882442,Lloyds
2023-11-22,42.241668701171875,42.86580684335655,42.18175387756176,42.56622129699529,71422387,Lloyds
2023-11-23,42.28660583496094,42.57620301863246,41.95705908912681,42.08188670931792,109460887,Lloyds
2023-11-24,42.41642761230469,42.56122812181456,41.95706284316529,42.296594152841585,123445468,Lloyds
2023-11-27,41.99201202392578,42.77093898944229,41.93708756451639,42.316564608771266,113174343,Lloyds
2023-11-28,42.391456604003906,42.5162842124907,42.081882763559584,42.33153798053318,121684970,Lloyds
2023-11-29,43.390079498291016,43.53987034980889,42.101857604280326,42.24166392280493,111953267,Lloyds
2023-11-30,43.41006088256836,43.74959221243852,43.01061091468445,43.38009965884287,290285051,Lloyds
2023-12-01,44.428646087646484,44.45061510774327,43.54486444651373,43.59978890147391,160245655,Lloyds
2023-12-04,45.06776428222656,45.12268873891716,44.07912787123226,44.34376181195795,187178392,Lloyds
2023-12-05,44.947933197021484,45.107712417665724,44.53350834341859,44.54349287808012,103673064,Lloyds
2023-12-06,45.74183654785156,45.9665247556497,44.67331235134872,45.06277394323184,171340246,Lloyds
2023-12-07,45.65195846557617,45.65195846557617,45.11769639116678,45.317421349983796,121355246,Lloyds
2023-12-08,46.27110290527344,46.63560124472834,45.307433492383296,45.93656578609605,218162800,Lloyds
2023-12-11,46.05141067504883,46.35798654023038,45.34238684549063,46.22117442235804,102125509,Lloyds
2023-12-12,45.836700439453125,46.47082302934591,45.50215954565942,46.16624335271122,153936602,Lloyds
2023-12-13,46.121307373046875,46.405914175535074,45.8416909322358,45.906603728402345,162422114,Lloyds
2023-12-14,47.47444152832031,48.003709420058875,46.464834149299115,46.58566948014172,267269452,Lloyds
2023-12-15,46.95016860961914,48.07861147606191,46.885259612001406,47.649204114745736,256590061,Lloyds
2023-12-18,46.93518829345703,47.23477383982576,46.515769290428196,46.80037613089402,102858584,Lloyds
2023-12-19,46.660560607910156,46.91521000721325,46.515763927916886,46.73545793822712,71350424,Lloyds
2023-12-20,47.39954376220703,47.784011153573815,46.78039983700068,47.36958635258892,152355344,Lloyds
2023-12-21,47.12492752075195,47.16986745038031,46.625616979406864,46.85529937129315,78173737,Lloyds
2023-12-22,47.97874069213867,47.998713567845584,47.08996867508186,47.23976333816546,84428889,Lloyds
2023-12-27,48.063629150390625,48.30829022545867,47.67915793727553,47.85891001961357,69861559,Lloyds
2023-12-28,47.90385055541992,48.16349033908562,47.74407134790946,48.103571707730396,61253154,Lloyds
2023-12-29,47.64420700073242,47.86889901141807,47.53435808121102,47.70911980377878,63185526,Lloyds
2024-01-02,48.00371170043945,48.15849673814538,47.64420752692145,47.774029325011135,104802741,Lloyds
2024-01-03,47.389564514160156,48.16349355462507,47.234775658517535,48.068623334338014,101964262,Lloyds
2024-01-04,47.49940490722656,47.6242325280576,47.020067300367806,47.25973800851552,103495456,Lloyds
2024-01-05,47.19482421875,47.414522045828924,46.68552921258301,47.22977579947287,103322339,Lloyds
2024-01-08,47.49940490722656,47.49940490722656,46.869274559188135,47.21979225558479,85029299,Lloyds
2024-01-09,47.53435516357422,47.72409557998749,47.3745759657421,47.60925249587227,54516475,Lloyds
2024-01-10,46.93019104003906,47.46944727375504,46.83532463907106,47.37957123480238,62875455,Lloyds
2024-01-11,45.177616119384766,47.17186011042428,45.16263360432413,47.050030511096985,225123886,Lloyds
2024-01-12,44.917972564697266,45.95653932917782,44.910982248104,45.33739536973,103407389,Lloyds
2024-01-15,43.764564514160156,44.72323972544429,43.75457617123449,44.13904737570271,158625054,Lloyds
2024-01-16,43.055545806884766,43.72462004393765,42.955681421882026,43.400067459193096,115578446,Lloyds
2024-01-17,42.21171188354492,42.641119236167334,41.917116695379804,42.5112974341232,150656184,Lloyds
2024-01-18,42.4413948059082,42.790910651123234,42.0719060824756,42.12683054521467,162393003,Lloyds
2024-01-19,42.60616683959961,43.0605374239339,42.321560000562094,42.7309944674132,215285260,Lloyds
2024-01-22,43.36012268066406,43.81449707141584,42.90075792762745,42.90075792762745,92429369,Lloyds
2024-01-23,43.0006217956543,43.789529493495856,43.0006217956543,43.619765751377045,163007851,Lloyds
2024-01-24,42.09687042236328,43.45499570112434,41.92511052219392,43.190361724346374,232089944,Lloyds
2024-01-25,41.467735290527344,41.94207870448201,41.19810718458044,41.93209417141871,180477468,Lloyds
2024-01-26,42.04194259643555,42.60616589974633,41.34790130585685,41.46773856870896,227073805,Lloyds
2024-01-29,42.2216911315918,42.39145866830775,41.817250879419475,42.066906108550334,89192868,Lloyds
2024-01-30,42.95568084716797,42.99562660063462,42.341531077724255,42.36649431656337,144582087,Lloyds
2024-01-31,42.47633743286133,42.7559500500676,42.30657371796786,42.43140132342583,142008721,Lloyds
2024-02-01,42.27163314819336,43.348145814193614,41.94208635544218,42.0669139934048,168984386,Lloyds
2024-02-02,42.25664138793945,42.975649644338795,42.2266839804016,42.78091887647003,89965838,Lloyds
2024-02-05,41.83223342895508,42.55623594564814,40.983407095659025,41.692427097300374,364068881,Lloyds
2024-02-06,41.82225036621094,42.311572544215366,41.562606761629965,42.04693857721177,666773634,Lloyds
2024-02-07,41.52266311645508,42.126828365893005,41.432787073844004,41.77231836710398,131726564,Lloyds
2024-02-08,41.4577522277832,41.95706275213938,41.37187228041774,41.52266503398917,69825516,Lloyds
2024-02-09,41.34291458129883,41.647494317999325,41.1731470153727,41.34790494394582,233075851,Lloyds
2024-02-12,41.34291458129883,41.86219419493406,41.12821089492696,41.587575681301196,163174147,Lloyds
2024-02-13,41.128204345703125,41.8122572442523,40.943458102380596,41.173140458993274,141459585,Lloyds
2024-02-14,41.382850646972656,41.707403216436475,41.03333483951106,41.03333483951106,207374101,Lloyds
2024-02-15,41.52266311645508,41.672453981182336,40.993391394662375,41.6275178645952,139218909,Lloyds
2024-02-16,43.14042663574219,43.2552659139274,41.2180820317228,41.612533962292886,249754009,Lloyds
2024-02-19,42.82086944580078,43.38009476644428,42.57620455858247,43.24528260791395,74502420,Lloyds
2024-02-20,43.58980178833008,43.695654593132446,42.711014370420834,42.755950480308506,138030229,Lloyds
2024-02-21,43.23030471801758,43.872415776432554,43.020595218820006,43.72462105453667,202506236,Lloyds
2024-02-22,45.89163589477539,46.14129117747719,42.3065858828,42.94070862471017,565618186,Lloyds
2024-02-23,45.43225860595703,46.13628819729969,45.32240969302953,45.92657871413078,208409892,Lloyds
2024-02-26,45.851680755615234,46.13129339602227,45.42227345245498,45.42227345245498,269141007,Lloyds
2024-02-27,46.24613952636719,46.46084319209639,45.43226097957576,45.497173782116974,205541890,Lloyds
2024-02-28,46.510772705078125,46.68652868635496,46.15126854431654,46.15126854431654,229599208,Lloyds
2024-02-29,46.50577926635742,47.43949126474607,46.47881607293177,46.51077343795689,467442708,Lloyds
2024-03-01,47.30467987060547,47.68415695067734,46.955164013590014,46.955164013590014,207501949,Lloyds
2024-03-04,47.32963943481445,47.564315962875945,46.83532314110322,46.97512946179435,344381130,Lloyds
2024-03-05,47.73408508300781,47.88687398065121,46.89025289227565,47.08997405328213,148437130,Lloyds
2024-03-06,48.333255767822266,48.52299237796163,47.83194533586471,47.908838814204366,311140311,Lloyds
2024-03-07,48.5379753112793,48.982361370415774,48.20343817632252,48.48804502104405,225634715,Lloyds
2024-03-08,48.488040924072266,49.007324279403505,48.27333726570873,48.642825953554116,149173020,Lloyds
2024-03-11,48.982357025146484,49.06224852998519,48.19344555732906,48.35821892898143,154132465,Lloyds
2024-03-12,49.48167037963867,49.951023474269306,49.03728433408123,49.291933758767726,212228896,Lloyds
2024-03-13,49.18708038330078,49.94103652557525,48.882500661398716,49.60649939149821,246059054,Lloyds
2024-03-14,49.2619743347168,49.55157152117464,48.887491470540425,49.13215254182671,145097694,Lloyds
2024-03-15,49.50164031982422,49.85515222850107,49.07223300541488,49.07223300541488,350528629,Lloyds
2024-03-18,49.3218879699707,49.63146183498276,49.06125012747689,49.326882141348676,119224181,Lloyds
2024-03-19,49.4766731262207,49.5315975832112,48.72770741391749,49.13215148897812,126334621,Lloyds
2024-03-20,49.97099685668945,50.16073347947804,49.41176771295489,49.47168634567402,134881078,Lloyds
2024-03-21,51.41899490356445,51.81844100187926,50.57016480195179,51.039517872144245,184094142,Lloyds
2024-03-22,52.1080436706543,52.59736582348106,51.3590779266063,51.698609216285526,162388748,Lloyds
2024-03-25,51.658660888671875,52.17794423580655,51.59874226073598,51.92828900022853,237240308,Lloyds
2024-03-26,51.5388298034668,52.03814029749854,51.41899635154147,51.458938295892075,260161808,Lloyds
2024-03-27,51.59874725341797,52.18793381876911,51.27320039083253,51.38903774950577,211685995,Lloyds
2024-03-28,51.68861770629883,52.467544622803615,51.498881100828406,52.15797076283305,248468932,Lloyds
2024-04-02,51.888343811035156,52.32773946845742,51.24922701053362,51.24922701053362,174801073,Lloyds
2024-04-03,52.30776596069336,52.40762653102726,51.48889709375829,51.48889709375829,145222987,Lloyds
2024-04-04,53.885589599609375,54.045368811246355,52.42760381724235,52.7471622405163,177550360,Lloyds
2024-04-05,53.2464714050293,53.66389425153734,52.80707953651084,53.32636291354363,121464585,Lloyds
2024-04-08,53.64591979980469,54.20514510571978,53.16658219069031,53.22649701093168,162777728,Lloyds
2024-04-09,52.787105560302734,53.765753662606144,52.62732635603762,53.54605582820284,131247089,Lloyds
2024-04-10,53.0467414855957,53.62594343988381,52.38565569500084,53.0467414855957,148196613,Lloyds
2024-04-11,50.607666015625,51.566673382159365,50.26801709696618,51.207044667019844,276328543,Lloyds
2024-04-12,50.92733383178711,51.666571039589336,50.92733383178711,50.98727321969208,180436946,Lloyds
2024-04-15,51.107154846191406,51.693550311486945,50.8674010740778,50.90736067122289,160595956,Lloyds
2024-04-16,49.648658752441406,50.327956591173105,49.368945411885896,49.96832787528497,190548937,Lloyds
2024-04-17,50.36791229248047,50.78947723368295,49.56873948665647,49.61868707250362,154369436,Lloyds
2024-04-18,50.94731140136719,51.2470007062828,50.567702916070736,50.66760189154678,102401053,Lloyds
2024-04-19,50.867393493652344,51.02723185841306,50.14813990601091,50.647623363619076,139824478,Lloyds
2024-04-22,51.0871696472168,51.85437782612216,51.04321638145764,51.36687917615059,167919394,Lloyds
2024-04-23,51.28696060180664,51.63260381857462,50.82743674414987,51.32692019223496,199643448,Lloyds
2024-04-24,51.72650909423828,53.165023986805394,49.558752573059884,50.20807882472666,309563793,Lloyds
2024-04-25,51.14710998535156,52.1860365560294,50.8673966404727,51.36688012898052,133826433,Lloyds
2024-04-26,52.2459716796875,52.545661008024744,51.02723456968182,51.06719035223864,196220536,Lloyds
2024-04-29,51.8264045715332,52.87032316762507,51.66657001770433,52.62557734067756,174654445,Lloyds
2024-04-30,51.84638595581055,52.56563956470204,51.426817857430414,51.826406159625165,128009937,Lloyds
2024-05-01,52.14607238769531,52.086133002460365,51.926298452590096,52.04617341230374,32667879,Lloyds
2024-05-02,52.006221771240234,52.6855196149323,51.64659305272602,51.946282381235676,106053192,Lloyds
2024-05-03,52.1260986328125,52.86533208258876,51.68655452242545,52.325892795990875,86284744,Lloyds
2024-05-07,53.66450881958008,54.1470077802804,52.86533216561153,52.92527155788618,376963776,Lloyds
2024-05-08,53.88427734375,54.323825252320425,53.50467263640212,53.78438217039668,369327358,Lloyds
2024-05-09,53.88427734375,54.38376083202978,53.54462841928949,54.10405129803521,236469110,Lloyds
2024-05-10,54.24390411376953,54.58355302601218,53.54462649318095,54.22392431766626,87842052,Lloyds
2024-05-13,54.24390411376953,54.48365785625229,54.0441099634933,54.12402914790638,274070760,Lloyds
2024-05-14,54.48365783691406,54.583553006638496,53.82433980876604,54.12402912869579,141611290,Lloyds
2024-05-15,54.44369888305664,54.98314195170886,54.14400955961314,54.703428613839286,267073545,Lloyds
2024-05-16,54.963165283203125,55.162959447120784,54.104053045886914,54.46368177878735,128477030,Lloyds
2024-05-17,55.462646484375,55.50260607765044,54.863264017513096,54.94318320406398,207520212,Lloyds
2024-05-20,56.141944885253906,56.38169482577727,55.60250180294144,55.942150727646705,188240464,Lloyds
2024-05-21,56.12196731567383,56.48159605148769,55.602504009582326,55.922173150137596,221100062,Lloyds
2024-05-22,56.32175827026367,57.3317116413141,55.54256145017065,55.88221036899158,280264588,Lloyds
2024-05-23,55.722373962402344,56.68138510839024,55.50559908433511,56.361712185890006,345190110,Lloyds
2024-05-24,54.74338912963867,56.06202522363148,54.16399026931168,55.16295723813997,210793024,Lloyds
2024-05-28,55.522586822509766,55.98211072075544,54.76336978033666,54.9032245484326,327523091,Lloyds
2024-05-29,54.68345260620117,55.862230103169146,54.623513217234056,55.422686016346454,167372186,Lloyds
2024-05-30,55.48263168334961,55.653452673486605,53.62455233344289,54.16399546291715,166530625,Lloyds
2024-05-31,55.462646484375,55.902190578135155,55.103017766409174,55.60250125008248,352448889,Lloyds
2024-06-03,55.3427734375,56.48159521010826,55.3427734375,56.141946276983276,137984236,Lloyds
2024-06-04,55.582523345947266,56.14194623858125,54.86326588552595,55.44266857547794,262438113,Lloyds
2024-06-05,54.68345260620117,55.90218969581389,54.56357382826694,55.862230103169146,147742816,Lloyds
2024-06-06,55.582523345947266,55.68242233253727,54.30384680364865,54.6035361419053,135516703,Lloyds
2024-06-07,54.74338912963867,56.04204542696413,54.4436998011415,55.602501332552045,116265881,Lloyds
2024-06-10,54.16398620605469,55.08303391926873,53.544623988099545,54.06408723021211,157631432,Lloyds
2024-06-11,53.324859619140625,54.60353616190764,53.24494042983934,54.483661188712404,166452852,Lloyds
2024-06-12,54.92321014404297,55.06306492690436,52.98521536155778,53.76440847221812,254086293,Lloyds
2024-06-13,54.00415802001953,54.74339147459415,53.66450908363865,54.523621323352444,94191527,Lloyds
2024-06-14,54.12403106689453,54.52361938161455,53.23694790439111,53.90425711272287,162745999,Lloyds
2024-06-17,54.48365783691406,54.6634721910232,53.86429559020194,54.46367804081789,99062882,Lloyds
2024-06-18,54.963165283203125,55.083040257251035,54.343806804739444,55.003124878138,102463660,Lloyds
2024-06-19,55.162960052490234,55.36275040784371,54.72341212489636,54.8832466956332,184600116,Lloyds
2024-06-20,56.022071838378906,56.059032367879034,54.76337126976862,55.123000003657275,179094450,Lloyds
2024-06-21,55.50260925292969,56.36171769296147,54.9102194904628,56.16192733666748,246172446,Lloyds
2024-06-24,55.62248229980469,56.36171573827124,55.322792965000495,55.66244189398035,104466620,Lloyds
2024-06-25,55.48263168334961,56.04205080065008,55.28283750827504,55.702401846250396,98819622,Lloyds
2024-06-26,55.74235534667969,55.8822101107084,55.322791054593544,55.52258520781593,317766913,Lloyds
2024-06-27,56.022071838378906,56.22186219208884,55.40270954745657,55.90219305324487,120670478,Lloyds
2024-06-28,54.68345260620117,56.54152793510381,54.20394511597724,56.32175779707071,201729056,Lloyds
2024-07-01,55.56254577636719,56.02207351159227,54.34380857715824,55.10302185189895,129712755,Lloyds
2024-07-02,54.88324737548828,55.90219420559141,54.8233117924425,55.34277510646116,194390185,Lloyds
2024-07-03,55.8222770690918,55.982111636782015,55.16295900102506,55.46264833909963,323106648,Lloyds
2024-07-04,57.2208251953125,57.2208251953125,55.482624850954956,56.082003491611395,154028902,Lloyds
2024-07-05,58.21979522705078,58.50150541335042,56.8611995046456,58.039980863158526,302017954,Lloyds
2024-07-08,58.95903015136719,59.29867906855492,56.86119725905831,58.05995836741245,156999918,Lloyds
2024-07-09,57.78024673461914,59.27869711278794,57.54049299737933,58.87910882097371,176111990,Lloyds
2024-07-10,58.039981842041016,58.659344132896585,57.42062336194218,58.0599616395612,85646094,Lloyds
2024-07-11,59.07891082763672,59.337642166042194,57.68035924171511,58.13988317091406,101253674,Lloyds
2024-07-12,59.03894805908203,59.63833054435212,58.55944435731996,59.49847577434944,69605254,Lloyds
2024-07-15,58.7392578125,59.39857586856072,58.15286620581554,58.439568479882695,82739750,Lloyds
2024-07-16,58.439571380615234,59.09888946940216,58.13988203312242,58.439571380615234,76128129,Lloyds
2024-07-17,58.71927261352539,59.13484320587236,58.43956310358273,58.57941785855406,73138654,Lloyds
2024-07-18,59.13884353637695,59.758201971392516,58.3596467328346,59.0389445560477,123711870,Lloyds
2024-07-19,59.07891082763672,59.51845876926778,58.35965333097271,58.77922147427901,99192792,Lloyds
2024-07-22,58.919071197509766,59.438534477121614,58.89909140089894,59.298679711602375,266395315,Lloyds
2024-07-23,59.45851516723633,59.45851516723633,58.385623318727156,58.93905187981832,175542241,Lloyds
2024-07-24,59.59836959838867,59.93102578410456,58.87911215667721,59.01897073426512,115546240,Lloyds
2024-07-25,60.57735824584961,60.73719281335488,56.64142963930927,56.94111897703708,233616653,Lloyds
2024-07-26,60.59733963012695,64.60319572668864,59.47849762828847,59.758207176058896,140446548,Lloyds
2024-07-29,61.03688049316406,61.65624275983563,58.87911198507504,60.8370901472768,173073957,Lloyds
2024-07-30,59.63833236694336,60.8370935633619,59.63833236694336,60.75717437191416,177951229,Lloyds
2024-07-31,59.518455505371094,60.317628340751924,59.118867182302345,59.93801981491228,164947185,Lloyds
2024-08-01,56.111968994140625,58.84962728551805,48.99805944304147,58.330071558269964,307162236,Lloyds
2024-08-02,55.29267120361328,56.33178266937321,54.99292853772267,55.49250091801862,323675617,Lloyds
2024-08-05,54.51333999633789,64.61469041443348,52.63494676246575,53.294382157882005,347972476,Lloyds
2024-08-06,55.112823486328125,56.05201816606911,54.93297712893,55.432549496939295,170607703,Lloyds
2024-08-07,56.95125198364258,57.15108170025811,55.55244777876865,56.13195357581022,183281204,Lloyds
2024-08-08,57.03118896484375,57.05116850746462,55.75128238932189,56.55159609037146,128445480,Lloyds
2024-08-09,56.911285400390625,57.43084114013412,56.53161313058313,57.37089108159012,302571827,Lloyds
2024-08-12,56.75142288208008,57.35091203842375,56.47166356264729,57.151082319642526,90262928,Lloyds
2024-08-13,56.85133743286133,57.23100969117928,56.43169465862211,56.911283678156416,66305320,Lloyds
2024-08-14,57.27097702026367,57.590703036773476,47.38943600856471,57.37088997113495,81031467,Lloyds
2024-08-15,58.42998123168945,58.42998123168945,48.99805669503807,57.47080324045735,126352321,Lloyds
2024-08-16,58.84962844848633,58.909574695338414,58.01034668964377,58.25013929992175,69518709,Lloyds
2024-08-19,59.16935348510742,59.16935348510742,58.45096663928226,58.82964411667144,96623948,Lloyds
2024-08-20,58.33007049560547,59.4291281757463,58.13024078700677,59.4291281757463,58791998,Lloyds
2024-08-21,58.25013732910156,59.34919882523386,58.07029097176055,59.34919882523386,98362099,Lloyds
2024-08-22,58.25013732910156,58.62981339586979,58.000351145176225,58.569863339611224,140728100,Lloyds
2024-08-23,59.34920120239258,59.58899381416207,58.290106368011934,58.449969379669874,126472239,Lloyds
2024-08-27,59.14936828613281,59.349197992757055,58.523904239203596,59.349197992757055,108241900,Lloyds
2024-08-28,58.13024139404297,59.429128796346376,57.14308742566455,59.36917873971033,125480332,Lloyds
2024-08-29,58.290103912353516,58.74970957507838,57.85048160167339,57.97037790250712,113812197,Lloyds
2024-08-30,58.44997024536133,58.66978331893468,58.23015717178798,58.25014052497055,133560923,Lloyds
2024-09-02,58.07029342651367,58.829645592149525,57.93041376743202,58.50991956812438,81091257,Lloyds
2024-09-03,57.211029052734375,58.54988322506404,56.91128637773652,57.990364581450685,195841719,Lloyds
2024-09-04,57.01120376586914,57.61068912240718,56.3118016422848,56.37174789107764,106283233,Lloyds
2024-09-05,57.530757904052734,58.370035855055036,56.65150943591981,56.77140574157231,120454423,Lloyds
2024-09-06,56.37174606323242,57.61068725438948,56.27083451493788,57.47080759649518,187178475,Lloyds
2024-09-09,57.211029052734375,57.510775539167135,56.351767734123165,56.351767734123165,177753259,Lloyds
2024-09-10,56.43169403076172,58.020334307796524,56.19190142937987,57.35090916655129,181486740,Lloyds
2024-09-11,57.390872955322266,57.550735962551336,56.69546906444755,57.310943357425096,233586461,Lloyds
2024-09-12,57.85048294067383,58.44996827015277,57.45082351339802,58.44996827015277,205053215,Lloyds
2024-09-13,57.99036407470703,58.41999663597578,57.550737931212566,57.91043066264081,70242228,Lloyds
2024-09-16,58.110260009765625,58.230156315663365,57.630670974739814,57.75056728063756,51960051,Lloyds
2024-09-17,58.529903411865234,58.949542392629105,58.30509354808326,58.41000329327423,88268139,Lloyds
2024-09-18,57.830501556396484,58.410003553091194,57.610688482770094,58.29010724540175,75864264,Lloyds
2024-09-19,58.44997024536133,58.749712920230046,58.21017381860541,58.66978331893468,133526447,Lloyds
2024-09-20,58.15022277832031,58.37003202234423,57.69061712730215,58.21016902149293,243847294,Lloyds
2024-09-23,58.05030822753906,58.46995100287389,57.710598861386,58.37003424139668,70463054,Lloyds
2024-09-24,59.22930145263672,59.32921821768977,58.37203733366027,58.390019683365416,374555807,Lloyds
2024-09-25,58.13024139404297,59.60897515481982,57.95039503556953,58.90957307313807,166563532,Lloyds
2024-09-26,58.92955780029297,59.16435742996912,58.62082395828551,58.8496282010147,77995421,Lloyds
2024-09-27,59.34920120239258,59.62896051993527,58.669782449987615,59.08942142630165,101433954,Lloyds
2024-09-30,58.74971008300781,59.36917875601158,58.60983042892,58.82964349187783,138802196,Lloyds
2024-10-01,58.15022277832031,59.329213838886616,57.63066707269494,58.74970807865404,188839955,Lloyds
2024-10-02,57.61068344116211,58.27011879289808,57.41085373821054,57.950392792749405,148415314,Lloyds
2024-10-03,57.390872955322266,58.05030833657152,56.85133768807086,57.590702667217286,150665222,Lloyds
2024-10-04,58.74971008300781,58.84962684409533,57.49078938478277,57.49078938478277,138628645,Lloyds
2024-10-07,59.10940170288086,59.34919811360516,58.4899330413755,59.14936840657402,113145255,Lloyds
2024-10-08,58.21017074584961,58.769693171121155,57.93041143893119,58.60983016553424,105422259,Lloyds
2024-10-09,59.18933868408203,59.249284931806635,58.19019390003323,58.31009020691732,77641000,Lloyds
2024-10-10,59.38916015625,59.74885286147341,59.00948791090048,59.18933426351219,99900763,Lloyds
2024-10-11,59.888736724853516,59.888736724853516,59.10940501632387,59.249284675656384,88510516,Lloyds
2024-10-14,59.588993072509766,59.92870244448418,59.249283700535344,59.768839434815916,92973497,Lloyds
2024-10-15,60.02861785888672,60.068580751829764,59.48907878409121,59.82878814843267,141352890,Lloyds
2024-10-16,61.14766311645508,61.14766311645508,59.888738521818624,59.94868858251773,164722219,Lloyds
2024-10-17,61.80709457397461,61.966957580816654,60.987796187479766,61.14765919432182,172317713,Lloyds
2024-10-18,62.12682342529297,62.216746608963525,61.247574941784784,61.567300970072324,180387256,Lloyds
2024-10-21,61.74714279174805,62.486511559879375,61.50735019390275,61.94697249757554,244248601,Lloyds
2024-10-22,61.94697570800781,62.36661468170238,61.28754031260577,61.4074366177421,159162198,Lloyds
2024-10-23,61.56729507446289,63.41471645229836,60.767980080285476,62.94611582156552,213089101,Lloyds
2024-10-24,62.14680480957031,62.56644377911472,61.647232429769,61.84706214397648,263067192,Lloyds
2024-10-25,57.61068344116211,62.46652730914271,57.530753846842224,62.326647660506985,312290651,Lloyds
2024-10-28,56.07200241088867,57.45082323574836,55.432550379485555,56.55159143444101,302863589,Lloyds
2024-10-29,54.49335861206055,56.3317852068183,54.22858584840666,56.23186843939753,239820524,Lloyds
2024-10-30,53.61410903930664,55.042886387535304,53.12352782142464,53.71402199328611,305260035,Lloyds
2024-10-31,53.354331970214844,54.3264993995815,53.034605950361744,53.034605950361744,224377667,Lloyds
2024-11-01,54.37345504760742,54.91299412320497,53.154501053751694,53.154501053751694,143210419,Lloyds
2024-11-04,54.77311706542969,55.612398841219616,54.15364836302888,54.2735446705889,197160827,Lloyds
2024-11-05,54.813079833984375,55.0728557836079,54.08070504823881,54.353474178493336,135871229,Lloyds
2024-11-06,54.713165283203125,56.091986116751166,54.39343926548688,55.11282471106582,159048486,Lloyds
2024-11-07,54.49335861206055,55.35262375470444,54.273545535169795,55.07286061736122,155565870,Lloyds
2024-11-08,53.034603118896484,54.633233132812705,52.64493347978446,54.41342007661125,187872236,Lloyds
2024-11-11,54.49335861206055,54.81308464493711,53.47423045297837,53.6141101159325,143481639,Lloyds
2024-11-12,53.81393814086914,54.63323655068611,53.81393814086914,54.01376785796873,115216990,Lloyds
2024-11-13,54.55330276489258,55.07285850121205,53.85390447699598,53.89386737099378,123684486,Lloyds
2024-11-14,54.9929313659668,54.9929313659668,54.193616278672074,54.71316822683741,105138172,Lloyds
2024-11-15,56.43169403076172,56.43169403076172,54.75313057535004,54.75313057535004,163161083,Lloyds
2024-11-18,56.1919059753418,57.03518215481261,55.71231311090936,56.95125435639568,102346631,Lloyds
2024-11-19,55.27268600463867,56.41171038383463,54.83306369678039,56.15193443178989,140555210,Lloyds
2024-11-20,55.37260055541992,55.69233038390257,55.19275800583591,55.452533965399276,128349164,Lloyds
2024-11-21,54.97294616699219,55.47251855621084,54.59327008398426,55.41256849738805,75605300,Lloyds
2024-11-22,54.37345504760742,55.37259978992819,53.81393643122601,55.35262024914432,156356317,Lloyds
2024-11-25,54.61324691772461,55.05286919564262,53.77396525156521,54.453383924714934,352150566,Lloyds
2024-11-26,53.37430953979492,54.51333773130987,53.194466995276414,54.43340432358195,119880964,Lloyds
2024-11-27,53.134517669677734,53.43426032990732,52.85475836165475,53.27439732368923,100322878,Lloyds
2024-11-28,53.21445083618164,53.71402324054902,52.81479519954872,53.45424726730937,65853223,Lloyds
2024-11-29,53.01462173461914,53.514194108935975,52.88473185009504,53.11453468490861,112998910,Lloyds
2024-12-02,52.77482604980469,53.35433184153756,52.49506673596663,52.954672411967664,111970703,Lloyds
2024-12-03,52.89472198486328,53.47422777255084,52.81479238636813,53.074568345770814,114764926,Lloyds
2024-12-04,52.954673767089844,53.514196220519054,52.69489779922604,52.9746571202232,123358921,Lloyds
2024-12-05,53.61410903930664,53.65407574547238,52.75484391391767,52.77482726700054,212730770,Lloyds
2024-12-06,53.034603118896484,53.79395142264804,52.95466971248337,53.654071772859695,104208608,Lloyds
2024-12-09,53.1944694519043,53.53417882756711,53.15450274619459,53.374312004728296,77299528,Lloyds
2024-12-10,52.89472198486328,53.28439164111945,52.734858976438225,52.97465539479319,111467937,Lloyds
2024-12-11,54.17362976074219,55.496494914229146,52.4950662697518,52.61496257298404,490155283,Lloyds
2024-12-12,54.95295715332031,55.65235918846765,54.431404273022515,54.53331821909259,100438646,Lloyds
2024-12-13,55.3326416015625,55.57243422570432,54.93098495411816,55.052878458150325,118032599,Lloyds
2024-12-16,55.3326416015625,56.07200663934066,55.1128285199033,55.35262495548016,89541373,Lloyds
2024-12-17,54.17362976074219,55.55244677649984,53.75398698227721,54.952961448903885,222377220,Lloyds
2024-12-18,54.77311706542969,55.372602414664684,53.99378534913722,54.29352802375472,141994525,Lloyds
2024-12-19,54.25355911254883,54.27354246490252,53.67405714003072,53.793953442718134,152444095,Lloyds
2024-12-20,54.153648376464844,54.273544684054606,53.314366600466684,53.81393899543142,349339807,Lloyds
2024-12-23,53.913848876953125,54.453387947507615,53.67405627544091,54.03374898914391,193151547,Lloyds
2024-12-24,54.17362976074219,54.53332248187367,54.13366305585319,54.53332248187367,70289585,Lloyds
2024-12-27,54.313507080078125,54.413420026568026,53.970798126977265,54.09369402407883,63634119,Lloyds
2024-12-30,54.37345504760742,54.63323481501426,53.93283413720706,54.03374949419569,43336037,Lloyds
2024-12-31,54.73314666748047,55.0129097814977,54.35347441724256,54.67320042346113,32226362,Lloyds
2025-01-02,54.9929313659668,55.232723986437726,54.053732803389885,54.5333256672017,42442125,Lloyds
2025-01-03,54.313507080078125,55.11282208630112,54.11367737566373,54.793096083811925,131283503,Lloyds
2025-01-06,55.712310791015625,55.712310791015625,54.1936140921473,54.35347710315632,185826184,Lloyds
2025-01-07,55.29267120361328,55.8721731828105,54.85304888106937,55.512484270602634,169652241,Lloyds
2025-01-08,53.81393814086914,55.69233138330956,52.83477671965946,55.472518313356524,171903554,Lloyds
2025-01-09,53.853904724121094,53.99378438234229,52.81479324671386,53.33434898541748,101445847,Lloyds
2025-01-10,52.83477020263672,54.09369078564055,52.390151137935945,53.73399810151535,195490326,Lloyds
2025-01-13,53.134517669677734,53.59412333612541,52.674912003230055,53.414276977700716,155457937,Lloyds
2025-01-14,53.57413864135742,54.013764756016236,53.15449968983905,53.614105344769065,175172666,Lloyds
2025-01-15,57.07114791870117,57.1111146240519,54.653219416504214,54.653219416504214,209760980,Lloyds
2025-01-16,57.211029052734375,57.930414521877154,56.671493762312195,57.81051821416499,103256947,Lloyds
2025-01-17,58.489933013916016,58.86960526451883,57.45182018286629,57.99036065229002,180340227,Lloyds
2025-01-20,58.609832763671875,58.949542142032506,58.250140032297686,58.390019691957676,108078956,Lloyds
2025-01-21,60.94783020019531,61.787111948852115,60.48822452654474,60.94783020019531,271182833,Lloyds
2025-01-22,61.64723205566406,62.00692477676778,60.668070654567686,61.44740234266924,211020378,Lloyds
2025-01-23,62.486515045166016,62.486515045166016,60.98779788501839,60.98779788501839,213818158,Lloyds
2025-01-24,61.767127990722656,62.36661331469911,61.2675556169307,62.36661331469911,100919100,Lloyds
2025-01-27,61.2475700378418,61.80709244826286,60.30837538137553,60.96781073834857,162717101,Lloyds
2025-01-28,61.52733612060547,61.747145375923765,61.12767669222436,61.26755634872731,169466479,Lloyds
2025-01-29,62.466529846191406,62.58642614825805,61.58728140435499,61.827077819923005,138268536,Lloyds
2025-01-30,62.286685943603516,62.50649901558947,61.88702650570813,62.16678963680885,89430194,Lloyds
2025-01-31,62.286685943603516,62.54646191023111,62.006926623937666,62.246719237527,122019963,Lloyds
2025-02-03,61.22758865356445,61.64723142772255,60.24842726244186,61.06772564708392,113008056,Lloyds
2025-02-04,61.52733612060547,61.66721577710842,60.82393583156951,61.46738606291787,76487003,Lloyds
2025-02-05,61.92699432373047,61.92699432373047,61.00778293607477,61.14766259841934,75820898,Lloyds
2025-02-06,63.285831451416016,63.305814804683045,62.326653363208074,62.54646262627557,167947965,Lloyds
2025-02-07,62.50649642944336,63.52562452361977,62.36661296396311,63.30581146072837,124271192,Lloyds
2025-02-10,62.74629211425781,63.345781275735426,62.47552396736372,62.48651614562194,107969780,Lloyds
2025-02-11,62.74629211425781,63.12596820205014,62.326653131514895,62.7862588206433,94599581,Lloyds
2025-02-12,63.84535217285156,63.84535217285156,62.80624069982538,62.90615365200932,204042858,Lloyds
2025-02-13,64.16508483886719,64.16508483886719,63.086006548637954,63.86533832840226,111306322,Lloyds
2025-02-14,64.10513305664062,64.36490521224223,63.42571048657508,64.24501271669372,170368157,Lloyds
2025-02-17,62.86618423461914,64.76456073569975,61.24757084816772,64.32493461761159,141336733,Lloyds
2025-02-18,63.205894470214844,63.625537242262745,62.68634256034175,63.08599816881603,114328877,Lloyds
2025-02-19,62.7862548828125,63.30581059893362,62.36661211495385,63.12596424291343,101806411,Lloyds
2025-02-20,65.84364318847656,67.54218628240352,63.76142581192252,64.04517951724937,666438787,Lloyds
2025-02-21,67.14252471923828,67.24244529337975,65.32408156375928,65.84364110696445,283408993,Lloyds
2025-02-24,67.2624282836914,67.58215431787872,66.52306325892135,67.08258191303167,177521351,Lloyds
2025-02-25,68.56131744384766,69.17079636855284,66.82280004081822,67.34235959443727,227974016,Lloyds
2025-02-26,71.6986312866211,71.93842389854606,69.54047491068727,70.04004729887161,301841650,Lloyds
2025-02-27,71.6586685180664,71.81852772717653,70.7194699373578,70.7194699373578,155728220,Lloyds
2025-02-28,72.91759490966797,72.91959210168568,71.07117564355394,71.71861650932581,338012901,Lloyds
2025-03-03,72.27812194824219,73.25728708133512,71.67863666932783,72.93756109105621,244900531,Lloyds
2025-03-04,71.35891723632812,72.89760108808393,70.93927826481371,72.01835643973901,134878965,Lloyds
2025-03-05,73.01749420166016,74.07658511092589,72.3980217629727,72.97752750017688,295216104,Lloyds
2025-03-06,72.67778778076172,74.39631798934144,72.26614520081498,74.25643833263096,257764007,Lloyds
2025-03-07,70.85934448242188,72.84764804139984,70.85934448242188,71.89845594657946,188578570,Lloyds
2025-03-10,69.12083435058594,71.55874998839273,69.00093423593545,71.11912385754377,349889268,Lloyds
2025-03-11,67.16251373291016,68.56131795784935,67.00264690817664,68.32151772074907,196281942,Lloyds
2025-03-12,68.14167022705078,68.34150375466172,67.22245886864943,67.40230523206445,206727078,Lloyds
2025-03-13,68.2615737915039,69.38061873403906,67.96182729638217,68.18164037642211,112868480,Lloyds
2025-03-14,69.50050354003906,69.7602832988621,67.74201434012551,68.12168658542906,102579078,Lloyds
2025-03-17,69.76028442382812,70.13995667525434,69.48052512036995,69.68035101630599,81117818,Lloyds
2025-03-18,70.0999984741211,70.75943003728139,69.68035189079794,69.86019824854517,355043864,Lloyds
2025-03-19,70.51963806152344,70.93927702570797,69.84021932875682,69.88018603337478,123062339,Lloyds
2025-03-20,71.47880554199219,71.55873893941713,69.84020900912266,71.35890544585479,153445921,Lloyds
2025-03-21,70.51963806152344,71.21903633516432,69.94013227886701,70.93927702570797,267646157,Lloyds
2025-03-24,72.2981185913086,72.3380852981931,70.99922729760671,71.15909412514473,100425696,Lloyds
2025-03-25,73.3172378540039,73.55703807868649,72.4379932321092,72.51792664033674,154240079,Lloyds
2025-03-26,73.29725646972656,73.99665471695195,72.9175842244998,73.59700293160554,170809473,Lloyds
2025-03-27,73.93671417236328,73.93671417236328,72.13825050821194,72.59786381794932,145705643,Lloyds
2025-03-28,73.33722686767578,74.2164715117524,73.09743425981299,73.37719357279785,122117702,Lloyds
2025-03-31,72.01835632324219,72.85763426491341,71.2190374639528,72.67778790271679,138963541,Lloyds
2025-04-01,72.53791046142578,73.33722934513018,71.88247324559528,72.597864332569,115463759,Lloyds
2025-04-02,72.39803314208984,72.83765930463497,71.71861435582467,72.27813301879479,84774862,Lloyds
2025-04-03,69.64038848876953,71.35891873920657,69.40059587469243,70.67949998026332,167018827,Lloyds
2025-04-04,64.94440460205078,68.84806057362495,63.66550062339252,68.56131111027476,325638829,Lloyds
2025-04-07,63.965248107910156,67.22246235987127,60.72802102118298,61.16764718188953,334145339,Lloyds
2025-04-08,66.2632827758789,67.42229440189084,64.86447853247033,65.08429160794637,193350831,Lloyds
2025-04-09,64.34492492675781,65.73673133963128,63.48365880857977,64.70461765498469,180728014,Lloyds
2025-04-10,66.30498504638672,69.20345608079157,65.96516814340042,69.20345608079157,191915978,Lloyds
2025-04-11,66.72476196289062,67.44438312117597,65.74527591403174,66.82470765145976,398027737,Lloyds
2025-04-14,68.70372009277344,68.96358501197962,67.50435644706016,67.924132960523,86826609,Lloyds
2025-04-15,70.76263427734375,70.92254586294848,68.72371008965159,68.72371008965159,115490880,Lloyds
2025-04-16,70.74263763427734,71.0624684176123,69.98303666434408,70.32286116090661,106517222,Lloyds
2025-04-17,70.28289031982422,71.06247747700326,66.90467676359226,70.92255196804129,84202176,Lloyds
2025-04-22,71.24238586425781,71.36232528798365,70.02302841183538,70.28289335055705,197232243,Lloyds
2025-04-23,73.50119018554688,73.50119018554688,71.96200200538748,71.96200200538748,152942297,Lloyds
2025-04-24,72.62165069580078,73.34126424460239,72.26184010871627,73.30128444321883,120151468,Lloyds
2025-04-25,72.96147155761719,73.20134275366253,72.40176955838879,72.72160036157186,86609543,Lloyds
2025-04-28,72.86152648925781,73.5611539943223,72.86152648925781,73.04143179418409,77187035,Lloyds
2025-04-29,73.1413803100586,74.00092706390245,73.10140050460444,73.40124523282651,109899014,Lloyds
2025-04-30,73.24131774902344,73.4811889293215,70.30286719524457,73.44121675374461,467866561,Lloyds
2025-05-01,71.3023452758789,72.8215473367046,71.06247407562094,71.96200060829827,77820492,Lloyds
2025-05-02,70.5427474975586,72.08193555241432,69.66320710885961,71.4022941726776,191448540,Lloyds
2025-05-06,71.58220672607422,71.64217262215934,70.5427546501786,70.94254508327204,88777942,Lloyds
2025-05-07,72.2018814086914,72.56169206960362,70.76264639041153,71.72213894438778,137274246,Lloyds
2025-05-08,72.60165405273438,73.0814040246102,72.12191170622566,72.64163385250461,168990983,Lloyds
2025-05-09,72.98146057128906,72.98146057128906,72.4617383548028,72.82154897597334,74741640,Lloyds
2025-05-12,73.00144958496094,74.23779619448241,72.5216995791754,73.90097607995403,96104258,Lloyds
2025-05-13,73.36125946044922,73.76104985710516,71.66215218100335,71.66215218100335,81960193,Lloyds
2025-05-14,74.90045166015625,74.90045166015625,73.40124330907462,73.48119529251929,121072846,Lloyds
2025-05-15,74.74053192138672,75.00039683553194,74.27077875459771,74.64058622375177,132893628,Lloyds
2025-05-16,74.9604263305664,75.04038594874088,74.48067624688846,74.76053491049912,104857710,Lloyds
2025-05-19,75.79996490478516,75.79996490478516,74.50065567285306,74.56062156229636,98566048,Lloyds
2025-05-20,77.97881317138672,77.97881317138672,75.95988279950876,76.29969966764605,243945017,Lloyds
2025-05-21,77.93885040283203,78.6584640266882,77.91885668737123,78.03879610403136,181142677,Lloyds
2025-05-22,78.43858337402344,78.55851516048348,77.27919193579028,77.81890785096421,173830624,Lloyds
2025-05-23,77.7789306640625,78.9383221413059,75.7999722418384,78.3386326873562,265113370,Lloyds
2025-05-27,78.43858337402344,79.1482077369277,78.13873865713751,78.37860985542551,103375583,Lloyds
2025-05-28,76.5795669555664,78.69844325682543,76.5795669555664,78.45857205062724,116810465,Lloyds
2025-05-29,77.17923736572266,77.57902773381944,76.29969703083631,77.23920325205872,198915839,Lloyds
2025-05-30,77.15925598144531,77.81891133800615,77.01933047405997,77.17924969699651,241372205,Lloyds
2025-06-02,77.75894165039062,77.91885324016127,76.85941512865614,76.85941512865614,102317832,Lloyds
2025-06-03,76.99934387207031,78.07877574361233,76.39966204078083,77.87887671627036,118194151,Lloyds
2025-06-04,76.53958129882812,77.35914818060327,76.27971639718209,77.09928327895723,107346909,Lloyds
2025-06-05,76.6395263671875,76.6395263671875,75.69003085500972,76.17977008363223,121681757,Lloyds
2025-06-06,76.87940979003906,77.23922043885231,76.31970772538234,76.61955247451628,80805117,Lloyds
2025-06-09,76.93937683105469,77.13926823005241,76.31770344713438,76.99934272568038,78074284,Lloyds
2025-06-10,75.64006042480469,76.91938368880143,75.46015511421963,76.77945818338729,103482213,Lloyds
2025-06-11,76.01985168457031,76.83941856838342,75.68003480303766,76.01985168457031,137687116,Lloyds
2025-06-12,76.77946472167969,77.0793094733113,75.42018173158894,75.44017544856108,132619247,Lloyds
2025-06-13,76.45962524414062,76.49960504820132,75.30023380248424,75.77998382584465,85908285,Lloyds
2025-06-16,77.1192855834961,77.61902172867053,76.49961001834716,76.6795153356247,103355633,Lloyds
2025-06-17,75.70002746582031,77.27919547982023,75.65605196707705,77.1392699722879,109818169,Lloyds
2025-06-18,76.5595703125,76.95936072445384,75.87992889978881,76.01985440016747,71508436,Lloyds
2025-06-19,75.44017028808594,76.6195478715963,75.44017028808594,76.51959454431052,41980242,Lloyds
2025-06-20,75.5201187133789,76.51959093616209,75.44016673083587,75.66004421453911,202054195,Lloyds
2025-06-23,74.8404769897461,75.85994292300734,74.7005514891601,75.08035581249455,81415546,Lloyds
2025-06-24,76.61954498291016,76.87940227302494,75.74000453831245,76.17977476061131,100002889,Lloyds
2025-06-25,75.9798812866211,76.57957077003971,75.440172952134,76.39966545008782,63065900,Lloyds
2025-06-26,75.72001647949219,76.43963768804048,75.58009098064866,75.91990787059214,86863304,Lloyds
2025-06-27,76.5795669555664,76.95936366749423,75.83995199628905,75.9998712173333,98600772,Lloyds
2025-06-30,76.6595230102539,77.09929326610296,75.91991563708204,76.85942204717101,86783208,Lloyds
2025-07-01,76.3197021484375,77.25920851006008,75.93990543594046,76.7994445615529,103026972,Lloyds
2025-07-02,73.50119018554688,77.55904508073287,72.81255081610102,76.93937716592208,270311976,Lloyds
2025-07-03,75.83995056152344,75.93990388546922,73.50118918825814,73.50118918825814,113286062,Lloyds
2025-07-04,75.32022094726562,76.01984839388179,74.98039645507544,75.5600921253387,65462622,Lloyds
2025-07-07,75.64006042480469,75.79997202012021,75.12033820831907,75.46015511421963,152870985,Lloyds
2025-07-08,75.62007141113281,76.01985419664851,75.28024689300305,75.40018630387847,82252537,Lloyds
2025-07-09,75.5201187133789,76.31969954175261,75.26026142572017,76.01985482477049,184166593,Lloyds
2025-07-10,75.99986267089844,76.93936892546236,75.99986267089844,76.07982227242884,178289236,Lloyds
2025-07-11,75.64006042480469,76.1597826412903,75.0203848827077,75.83995182529112,60673496,Lloyds
2025-07-14,76.45962524414062,76.49960504820132,74.78051160043105,74.78051160043105,64842231,Lloyds
2025-07-15,76.19976043701172,77.07930087684139,75.7999700212135,76.71949026515978,81239796,Lloyds
2025-07-16,76.35968017578125,77.31917260503917,75.99986956163852,75.99986956163852,75069499,Lloyds
2025-07-17,78.15872955322266,78.91833062411303,77.55904770793799,77.71896693354371,105260269,Lloyds
2025-07-18,77.75894165039062,78.47855524241034,77.1792459335653,78.3186436526397,150515034,Lloyds
2025-07-21,78.77839660644531,78.77839660644531,77.11927675949455,77.44310324339446,170174629,Lloyds
2025-07-22,77.85888671875,78.47855460899058,77.2991770956506,78.15872380666285,75529349,Lloyds
2025-07-23,77.5990219116211,78.25867723156438,77.21922521628176,78.15872391009334,134766315,Lloyds
2025-07-24,77.99881744384766,79.25815464848299,75.97987917328027,77.9588376377072,140580670,Lloyds
2025-07-25,78.99828338623047,79.95777578055298,77.03931879465105,78.23868238121226,280158764,Lloyds
2025-07-28,78.1987075805664,79.77787558333829,77.9588363729834,79.65793616686268,112590183,Lloyds
2025-07-29,79.17819213867188,79.51800904037766,77.95883478479945,78.15872618281838,102168223,Lloyds
2025-07-30,78.65845489501953,79.75788035668167,78.43857742805443,79.75788035668167,135023233,Lloyds
2025-07-31,77.77099609375,79.4303732134401,77.59106289989927,77.91094328601724,198367912,Lloyds
2025-08-01,75.71176147460938,77.47110747000748,74.37226469651723,77.15122707325786,164670629,Lloyds
2025-08-04,82.52922058105469,82.53322452002591,79.65029694214013,80.68991016283022,466266950,Lloyds
2025-08-05,80.72989654541016,83.88871459960794,80.54996334047449,83.88871459960794,258192353,Lloyds
2025-08-06,80.92981719970703,81.3096727901625,79.99016519117734,81.10975040077547,163354662,Lloyds
2025-08-07,80.45000457763672,81.38964900824027,80.09013815687769,81.00979339812825,86656239,Lloyds
2025-08-08,80.90982818603516,80.9897925660324,80.27506277720822,80.33004257839087,194250259,Lloyds
2025-08-11,82.40927124023438,82.40927124023438,81.12974960672621,81.22971080436581,169210484,Lloyds
2025-08-12,83.00904846191406,83.30893206353683,82.54922083818524,82.70915723374056,72394771,Lloyds
2025-08-13,83.40889739990234,83.86872500438703,82.90908379156457,83.1689813767839,52548412,Lloyds
2025-08-14,83.54884338378906,83.94869578994822,83.1290017892696,83.1290017892696,57366305,Lloyds
2025-08-15,82.74913787841797,84.12862828678581,82.74913787841797,83.9486950868487,85740480,Lloyds
2025-08-18,82.9490737915039,83.38890460197578,82.36928814752872,82.78912976838629,238602929,Lloyds
2025-08-19,82.8490982055664,83.70777911524866,82.82910901758267,83.28893660671032,79553556,Lloyds
2025-08-20,83.42888641357422,83.70878081340827,82.52922039514307,82.64917840645069,184896809,Lloyds
2025-08-21,83.66879272460938,84.08864194044818,83.26894794998226,83.78875073292764,86999236,Lloyds
2025-08-22,84.06864929199219,84.58845972724812,83.60882167714307,83.90871289952538,129810324,Lloyds
2025-08-26,83.00904846191406,84.24858412703311,82.94907326689966,84.02866490991265,270173252,Lloyds
2025-08-27,82.58920288085938,83.92869968224669,82.16935365625181,83.32892488122923,145282073,Lloyds
2025-08-28,82.26932525634766,83.08901929161,81.7415221933831,82.96906127673601,129086340,Lloyds
2025-08-29,79.4903564453125,81.56958297872882,77.9109511689864,81.2497025602456,237182612,Lloyds
2025-09-01,80.0301513671875,80.31004576355387,79.63030658754998,79.77025378573317,83956870,Lloyds
2025-09-02,78.47073364257812,80.39001599811374,77.99090924041916,80.29005480540773,140465038,Lloyds
2025-09-03,78.7706298828125,79.03052747515252,77.35115340006406,78.53071385312084,171791383,Lloyds
2025-09-04,80.45000457763672,80.60994097211258,78.65067247384152,78.81060886831737,71708142,Lloyds
2025-09-05,79.3304214477539,80.86984837213797,79.15048823252587,80.76988716957815,88938849,Lloyds
2025-09-08,80.09013366699219,80.15010885823956,79.49035124831738,79.75025645463978,84965111,Lloyds
2025-09-09,81.5495834350586,81.62955543616326,80.31004029758566,80.70989267655919,156255088,Lloyds
2025-09-10,81.5895767211914,81.94944313174705,81.22270913730277,81.72952392234633,583767076,Lloyds
2025-09-11,82.14936828613281,82.3492906869145,81.32967424044675,82.1893542915993,143717980,Lloyds
2025-09-12,82.56920623779297,82.84910063708085,82.18935064255233,82.2693226499347,166467992,Lloyds
2025-09-15,84.42851257324219,84.42851257324219,82.94506464610662,83.46887137442287,96521867,Lloyds
2025-09-16,82.9090805053711,84.68841566027955,82.89708394203562,84.42851045881142,519724867,Lloyds
2025-09-17,83.0890121459961,83.38889571756529,82.42925456075392,83.0690153319615,61959943,Lloyds
2025-09-18,83.76876068115234,83.8887110616837,83.0290310773084,83.22896108911087,74695669,Lloyds
2025-09-19,82.109375,84.34853772172058,81.3296670289174,84.34853772172058,252775174,Lloyds
2025-09-22,81.9494400024414,82.5492147882811,81.66953798426938,82.12937320084833,124710281,Lloyds
2025-09-23,82.04940795898438,82.96906321484906,81.4896115030465,82.1693583501097,80462567,Lloyds
2025-09-24,82.32929992675781,82.96906074891456,81.00979227774071,81.5295950857866,82081022,Lloyds
2025-09-25,81.34966278076172,82.32930084049653,81.14974038157536,82.02940961516632,89039714,Lloyds
2025-09-26,82.96905517578125,83.14898837158592,81.47961282673438,81.66953680313091,115990917,Lloyds
2025-09-29,82.76913452148438,83.58882851359759,82.56920450721881,83.38889849933203,69134985,Lloyds
2025-09-30,83.78875732421875,83.98867972725931,82.52922483072088,82.92907726335284,99152808,Lloyds
2025-10-01,83.38890075683594,84.02866156670487,82.72915075827441,83.44888357601458,171949071,Lloyds
2025-10-02,83.72877502441406,84.90833540599226,83.56883101431185,83.90870822250396,91325825,Lloyds
2025-10-03,84.32855224609375,84.85835344840453,83.78875263622511,84.12862985423887,63734323,Lloyds
2025-10-06,84.30855560302734,84.68841882549735,83.22896400763732,84.46849961807796,139393600,Lloyds
2025-10-07,83.26895141601562,85.60108192962268,83.0290353893927,84.0486594361638,132788497,Lloyds
2025-10-08,86.3478012084961,86.6077064352484,84.22559903348423,84.26858227413025,168075543,Lloyds
2025-10-09,83.46886444091797,84.78837193300582,82.7891176949,84.46849155997087,333028579,Lloyds
2025-10-10,82.86909484863281,84.28856361559633,82.86909484863281,83.58882763936084,72798782,Lloyds
2025-10-13,83.6488037109375,84.4085225121037,82.98904610363654,82.98904610363654,108901859,Lloyds
2025-10-14,84.14861297607422,84.16860216319843,82.9890418325746,83.46886621560373,87298233,Lloyds
2025-10-15,84.82836151123047,85.28818909020555,83.78874834837595,84.16860392408145,105188882,Lloyds
2025-10-16,84.4485092163086,85.0482840110314,83.76876241520934,84.26857601523672,65744751,Lloyds
2025-10-17,82.40927124023438,84.00867328211957,81.789499612388,82.1693552140387,125348100,Lloyds
2025-10-20,82.96905517578125,83.85772366960342,82.74913597795887,83.4488795734437,65265746,Lloyds
2025-10-21,83.30892181396484,83.74876019409207,82.88908024741602,83.46886581639286,90882361,Lloyds
2025-10-22,84.4485092163086,84.70840679720662,83.54884321094924,83.56883239926822,225710283,Lloyds
2025-10-23,85.42813873291016,86.50773792836463,83.49086532673206,83.82873675439438,262060724,Lloyds
2025-10-24,85.82799530029297,85.82799530029297,83.9426967423229,85.46812888434012,189509936,Lloyds
2025-10-27,87.8072509765625,87.8072509765625,85.38915402276326,85.56808814856802,194368221,Lloyds
2025-10-28,87.8272476196289,87.8272476196289,86.1278844066916,87.74727561214823,100561949,Lloyds
2025-10-29,88.54698181152344,88.90684822423513,87.72728778846914,87.96719618809342,150424830,Lloyds
2025-10-30,88.7868881225586,89.10676852338308,87.8472361085209,89.02679651653938,139509667,Lloyds
2025-10-31,89.04679870605469,89.22673191903795,88.24709384245114,88.62695708461068,85541900,Lloyds
2025-11-03,89.3666763305664,89.5066235333365,88.72691551031726,89.26671513238071,110062034,Lloyds
2025-11-04,88.86685943603516,89.00680663364456,87.36741863889131,88.96682063053468,325730720,Lloyds
2025-11-05,89.526611328125,89.526611328125,88.38703690814376,88.48699810477274,195068630,Lloyds
2025-11-06,91.10601806640625,91.984688136985,90.52623248759903,91.20597925634372,196133174,Lloyds
2025-11-07,90.56622314453125,92.04567476192824,90.3463039394337,91.44589996492147,125847700,Lloyds
2025-11-10,92.88536071777344,92.92534672230438,91.26396369750383,91.7058002770376,106639986,Lloyds
2025-11-11,94.58473205566406,95.08454567493116,93.20524158549449,93.20524158549449,153595500,Lloyds
2025-11-12,95.12452697753906,95.82526203738148,94.48475856007515,94.48475856007515,188622617,Lloyds
2025-11-13,94.08491516113281,95.70430635019193,94.08491516113281,95.44440876833696,80264328,Lloyds
2025-11-14,91.46588897705078,91.74578337334452,90.08640618393862,90.24634257044205,150556292,Lloyds
2025-11-17,90.80613708496094,91.94571918340114,90.54623948719724,91.42590873477216,226193713,Lloyds
2025-11-18,89.04679870605469,89.10677390153218,87.86723822684239,88.2870798482864,111242007,Lloyds
2025-11-19,87.58734130859375,89.0867821650712,87.40740810075444,88.8468661369184,119681922,Lloyds
2025-11-20,87.38740539550781,88.66692695321824,87.38740539550781,88.44701538205868,84605418,Lloyds
2025-11-21,87.0875244140625,87.28744680345272,85.78800600337517,86.0679003991416,90232708,Lloyds
2025-11-24,87.34742736816406,88.12714303847109,86.98756094388413,87.92721301023182,322917616,Lloyds
2025-11-25,90.64619445800781,90.66618364625003,88.68692606860878,89.1067676606478,105398180,Lloyds
2025-11-26,93.76502990722656,95.26447063521069,89.78151509642477,90.80612682597398,237528005,Lloyds
2025-11-27,96.5639877319336,96.5639877319336,93.3851728736828,93.60509208188734,255834317,Lloyds
2025-11-28,96.10415649414062,96.90386128891932,95.88423729424898,96.56398408184583,110022728,Lloyds
2025-12-01,95.46439361572266,95.80426318879381,94.40479126844204,95.46439361572266,303224784,Lloyds
2025-12-02,97.32369995117188,97.70355552268045,95.20448764724269,95.62433684649417,99174451,Lloyds
2025-12-03,95.92422485351562,97.0438100590669,95.50438326139025,96.78390485256298,81719120,Lloyds
2025-12-04,96.9238510131836,97.2857155663186,95.8842378248385,96.62396743339474,115038191,Lloyds
2025-12-05,95.72430419921875,97.42366741330655,95.72430419921875,97.16376220209357,88627417,Lloyds
2025-12-08,95.66432189941406,95.96421311602181,94.98457508478022,95.72430471866588,180313050,Lloyds
2025-12-09,94.28483581542969,96.16413217829533,94.28483581542969,95.50438220178246,198866911,Lloyds
2025-12-10,94.80464172363281,95.50438535237902,93.6990588401635,93.80501450532432,281700134,Lloyds
2025-12-11,94.98457336425781,95.064545370778,93.04530177871989,93.6850625777809,85150003,Lloyds
2025-12-12,93.68506622314453,95.96421511180172,93.68506622314453,95.2844682830311,111083279,Lloyds
2025-12-15,95.10453796386719,95.62434841571606,94.16488588852172,94.16488588852172,101837649,Lloyds
2025-12-16,94.98457336425781,95.064545370778,93.9849461624062,94.96458417590291,131272370,Lloyds
2025-12-17,95.90423583984375,96.92385222636858,95.33944403234086,95.54436943835258,161980289,Lloyds
2025-12-18,96.3040771484375,96.3040771484375,95.04155518099256,96.10415476661161,70326403,Lloyds
2025-12-19,97.38367462158203,97.38367462158203,96.12414991017832,96.84387504817335,331404971,Lloyds
2025-12-22,97.04380798339844,97.30370555779315,96.21311651967856,97.12377998777379,54035416,Lloyds
2025-12-23,97.483642578125,97.93747571287892,96.30408216024621,97.34369537825383,131618177,Lloyds
2025-12-24,96.9638442993164,97.99345915771052,96.94385510978239,97.54362994096286,24322694,Lloyds
2025-12-29,97.22373962402344,97.84350358163854,96.51400525628841,96.96383442723808,47048532,Lloyds
2025-12-30,98.30333709716797,98.58323912490836,97.0638014805194,97.16376267715147,38062581,Lloyds
2025-12-31,98.20337677001953,98.68320119527237,97.96346837066837,98.50326798912137,27897581,Lloyds
2026-01-02,99.2030029296875,100.18763634905321,98.16338970829703,98.20337571218325,132175167,Lloyds
2026-01-05,99.9227294921875,100.28459403417503,97.86349999351592,99.86275430338733,132608434,Lloyds
2026-01-06,100.26261138916016,101.71206778112112,99.80277616497706,100.46253377889605,120174189,Lloyds
2026-01-07,98.86312866210938,100.51251501831644,98.52325145842151,100.26260822575628,94973475,Lloyds
2026-01-08,100.01270294189453,100.4635312027422,98.26835075795292,98.80314733629307,152869111,Lloyds
2026-01-09,100.26261138916016,100.46253377889605,99.42192149576859,100.26261138916016,54519625,Lloyds
2026-01-12,100.96234893798828,101.16227133080967,99.28297490801715,100.01270613226104,70742254,Lloyds
2026-01-13,101.31221771240234,101.56212451861278,100.6624584909451,101.16227210336598,287130200,Lloyds
2026-01-14,100.96234893798828,102.81165776451263,100.81240333009703,101.46216254659218,106333877,Lloyds
2026-01-15,102.16189575195312,102.61173256331533,101.26223738232915,101.41217535956633,450477104,Lloyds
2026-01-16,102.06194305419922,102.29785515165398,101.06231578113841,102.21188867046851,182061276,Lloyds
2026-01-19,102.2618637084961,102.2618637084961,100.06968050651061,100.9623453220477,210707596,Lloyds
2026-01-20,102.36182403564453,102.36182403564453,101.1622668521715,101.91198723188586,218968670,Lloyds
2026-01-21,101.36219787597656,102.11191826318563,100.21262509027929,102.11191826318563,96371059,Lloyds
2026-01-22,101.86201477050781,103.51140120116212,100.41255073230538,102.91161877070572,206313045,Lloyds
2026-01-23,101.61210632324219,102.31184231205691,101.31221511286428,102.11191992283851,92585999,Lloyds
2026-01-26,102.96160125732422,103.561376050018,101.66208285102914,101.96197406065117,85482133,Lloyds
2026-01-27,105.21076202392578,105.21076202392578,103.21150763867304,103.9112436228914,111204857,Lloyds
2026-01-28,104.46104431152344,105.46067152981553,103.8112850943235,105.21076472524251,181089543,Lloyds
2026-01-29,105.41068267822266,107.06006904424004,103.2115059412329,104.91086909012952,213085093,Lloyds
2026-01-30,108.90937805175781,108.90937805175781,105.66058972148954,106.36033332240048,158372522,Lloyds
2026-02-02,111.408447265625,111.408447265625,106.66021811351945,107.90975210091565,270945497,Lloyds
2026-02-03,112.55802154541016,113.5586478266164,111.30848754151673,111.9082623380755,158690388,Lloyds
2026-02-04,112.00823211669922,114.55727693049235,112.00823211669922,113.40770411177762,165261509,Lloyds
2026-02-05,105.76055908203125,111.60837658114235,105.5606290693688,110.55876498767746,349818456,Lloyds
2026-02-06,106.710205078125,107.35996429243538,105.66059345296591,105.96048466774005,121026827,Lloyds
2026-02-09,105.21076202392578,107.12904532531535,100.7124396571071,106.96010961102193,293309438,Lloyds
2026-02-10,102.76168060302734,106.81016624195361,101.81203017422953,105.9105002244532,329522328,Lloyds
2026-02-11,103.01158905029297,104.56100668008311,101.66208618923152,104.11117747742964,218042089,Lloyds
2026-02-12,102.36182403564453,105.9104959236958,102.31183962637687,104.96085316001097,297147110,Lloyds
2026-02-13,100.36257934570312,103.96123598925168,98.14340558799212,103.71132917196982,485862767,Lloyds
2026-02-16,101.36219787597656,102.31184064915466,101.06230667047286,101.31221346620923,132302732,Lloyds
2026-02-17,102.7116928100586,102.7116928100586,100.56249284638724,101.26223644876055,105445006,Lloyds
2026-02-18,104.56100463867188,105.26074826158859,102.31184341621528,103.11154823481999,371033596,Lloyds
2026-02-19,101.96197509765625,105.81053831867928,101.71206829594631,105.46067032159543,406997141,Lloyds
2026-02-20,104.11117553710938,104.81091153409614,102.46178911386873,103.61136193167587,156634925,Lloyds
2026-02-23,103.76130676269531,105.86052236450816,102.76167955930346,104.76093396608718,136108917,Lloyds
2026-02-24,102.56175231933594,103.81128635740423,100.96235027591861,103.76130957181182,240678629,Lloyds
2026-02-25,104.46104431152344,104.51602411359153,102.51177428647404,103.56137828975048,394306624,Lloyds
2026-02-26,104.86089324951172,105.13178831189876,103.66133605137911,104.81090883963321,158508762,Lloyds
2026-02-27,102.41180419921875,105.06081782030309,101.66208379475434,104.46104302204162,206585507,Lloyds
2026-03-02,99.88275146484375,100.16264587032285,98.46128446563895,99.562871054789,397858960,Lloyds
2026-03-03,96.90386199951172,98.62322198230882,95.42441040628741,98.24335877005585,290600128,Lloyds
2026-03-04,98.24336242675781,98.82314804747652,96.08417158713536,96.46402718697668,223619573,Lloyds
2026-03-05,96.86387634277344,99.54287751997995,96.3640627472241,98.4632783232213,208235062,Lloyds
2026-03-06,95.38442993164062,98.16339245377772,94.45577536643248,97.56361763181047,242372375,Lloyds
2026-03-09,95.12452697753906,95.12452697753906,92.32556779737898,93.5651033764555,220609636,Lloyds
2026-03-10,98.98308563232422,99.28297685398466,97.64358879575553,97.84351119249546,305639713,Lloyds
2026-03-11,98.34332275390625,99.12303838860443,97.68357275722367,98.28334756144885,172123493,Lloyds
2026-03-12,95.46439361572266,98.38330308752774,94.54473846047722,98.10340870345738,166278234,Lloyds
2026-03-13,94.14488983154297,95.92422502409102,93.96495663080495,94.34481222056287,128896609,Lloyds
2026-03-16,94.8646240234375,96.08417044334537,93.86100049819676,94.20486640222161,169978969,Lloyds
2026-03-17,96.16413879394531,97.06380484794681,94.6247195339936,94.92460313429363,127819237,Lloyds
2026-03-18,96.50401306152344,98.30333748770013,96.10416064685624,96.66394945146004,142687818,Lloyds
2026-03-19,92.74540710449219,95.36443302110882,91.58584355944781,95.20448901404062,204305277,Lloyds
2026-03-20,90.74616241455078,94.70468549136517,90.74616241455078,94.30483305777211,320796400,Lloyds
2026-03-23,92.64544677734375,94.08491234818166,87.58333177936716,88.88684646823926,484030756,Lloyds
2026-03-24,93.16525268554688,93.72504910778409,88.88684945782504,92.74541108878174,269225011,Lloyds
2026-03-25,95.32445526123047,96.02419128627896,94.20486999460218,94.20486999460218,146150315,Lloyds
2026-03-26,92.28557586669922,94.80463286579246,92.28557586669922,94.34480530351948,136235560,Lloyds
2026-03-27,90.40628814697266,93.04530339559584,90.2263549424506,92.64545098259677,184502356,Lloyds
2026-03-30,91.2459716796875,91.8257572993011,89.47463669473797,89.7465308454423,192654015,Lloyds
2026-03-31,92.30557250976562,93.22523533514975,90.02642370111221,91.16599810543892,177706237,Lloyds
2026-04-01,97.66357421875,97.66357421875,94.4647702349588,95.96421103233911,271379348,Lloyds
2026-04-02,97.90348815917969,98.32332974316184,95.42440940445398,95.74428979604278,538057257,Lloyds
2026-04-07,95.6943130493164,98.69818997188091,95.6943130493164,98.36331578263396,177714148,Lloyds
2026-04-08,102.10192108154297,105.21276042411212,101.72206549302201,103.50140067977581,400162167,Lloyds
2026-04-09,100.6064224243164,101.06635942435615,99.5665618739968,100.526431390823,130290302,Lloyds
2026-04-10,100.88638305664062,101.86624651419488,100.64841621694889,100.90637700076091,147792950,Lloyds
2026-04-13,100.64642333984375,100.64642333984375,99.05663388443514,100.04649818482754,371164805,Lloyds
2026-04-14,102.98609924316406,102.98609924316406,100.46644269583128,101.20634069037398,134499764,Lloyds
2026-04-15,103.26605987548828,103.66600741625042,102.59615213102147,102.64614843425355,184197318,Lloyds
2026-04-16,102.84612274169922,105.02582892128956,102.84612274169922,103.64601785706574,87423412,Lloyds
2026-04-17,105.10581970214844,105.34578518482705,101.76626637625824,103.12608349204567,122946430,Lloyds
2026-04-20,102.76612854003906,103.78499584633819,102.22620049804729,103.52602811340135,164941696,Lloyds
2026-04-21,100.6064224243164,103.32604890780824,100.6064224243164,102.96610451381763,249510693,Lloyds
2026-04-22,100.24647521972656,103.00609735259033,100.14448397719319,101.24634030135218,149549392,Lloyds
2026-04-23,98.86665344238281,99.67654932053628,98.10676149646282,99.25660020178951,105076459,Lloyds
2026-04-24,97.75680541992188,98.64669235835125,96.94691714698742,97.9867777445786,126546373,Lloyds
2026-04-27,97.4868392944336,98.69167847241847,97.3068632859862,97.93677550136971,368096376,Lloyds
2026-04-28,98.55670166015625,98.66169085113383,96.69695198165694,98.13676015297646,116713493,Lloyds
2026-04-29,97.03690338134766,99.43657333009332,96.29699777306517,98.04676156057165,230506680,Lloyds
2026-04-30,99.67655181884766,99.67655181884766,96.36699323161533,97.51683959412692,326409592,Lloyds
2026-05-01,98.22673797607422,99.26659851807099,97.68680994686254,98.71667733102623,392552213,Lloyds
2026-05-05,94.88719177246094,97.43984856807214,93.4743804875641,97.17688358001585,254011089,Lloyds
2026-05-06,99.44657897949219,100.24647408710122,96.13702803778091,96.13702803778091,208957934,Lloyds
2026-05-07,97.95677947998047,100.26646528815665,97.95677947998047,99.80652828379577,163570389,Lloyds
2026-05-08,98.9366455078125,100.08649186262177,96.75693935266308,97.21688399727886,154902984,Lloyds
2026-05-11,98.32672882080078,100.08649350676392,98.06676939106157,98.96664949344982,143750152,Lloyds
2026-05-12,94.04730224609375,98.28673546415538,93.90732175221447,96.8469273804088,430174656,Lloyds
2026-05-13,95.04717254638672,96.26700917071966,93.20742445145949,95.70708716415315,130769782,Lloyds
2026-05-14,96.58695983886719,96.58695983886719,95.38712486083992,95.44711432123185,125794431,Lloyds
2026-05-15,94.04730224609375,95.00717175913654,93.2874103159962,94.70721682726587,312591198,Lloyds
2026-05-18,95.22714233398438,95.70708089988909,93.32739727100714,93.46738539185142,113148046,Lloyds
2026-05-19,96.2870101928711,96.86692614133729,95.60710163377763,95.64709715235551,253517435,Lloyds
2026-05-20,99.84652709960938,100.13648888705313,95.40712372109341,95.6670907767956,142214573,Lloyds
2026-05-21,98.50669860839844,99.8365209184314,97.62682013527262,99.14661924055736,115922191,Lloyds
2026-05-22,99.58655548095703,100.1864729733963,98.56669650664675,99.30659449304302,87415656,Lloyds
2026-05-26,101.4863052368164,101.83625648782206,84.62857944139719,101.18634266260291,125740938,Lloyds
2026-05-27,101.98623657226562,102.36118597142837,101.21133962165628,101.43630773548091,114692992,Lloyds
2026-05-28,101.1363525390625,101.73627005054257,100.23647245765987,101.43630748062002,118880616,Lloyds
2026-05-29,101.8862533569336,102.23620460987627,100.98637325767729,101.13635454561421,261739739,Lloyds
2026-06-01,100.08648681640625,101.63628064627584,99.2466038625633,101.63628064627584,189165876,Lloyds
2026-06-02,100.08648681640625,101.48629936784253,99.10662337025614,101.03636316090734,271000478,Lloyds
2026-06-03,98.88665771484375,100.78640288823594,98.88665771484375,99.94651225617864,158041376,Lloyds
2026-06-04,100.48643493652344,100.98636744864545,98.84665690703244,99.4265804519015,66317235,Lloyds
2026-06-05,99.14662170410156,101.03636603231865,99.14662170410156,100.38645222621388,149365664,Lloyds
2026-06-08,99.046630859375,100.661418431146,97.98677633196324,98.42671940146927,200022948,Lloyds
2026-06-09,98.166748046875,100.78639714757153,97.92678257782612,99.2466041001421,142096164,Lloyds
2026-06-10,97.20687866210938,98.6866746228267,96.38698964918093,98.52670018605187,146610619,Lloyds
2026-06-11,98.14675903320312,98.74667655014373,96.82692981622267,97.40685338822345,193790160,Lloyds
2026-06-12,102.33618927001953,102.53616686276055,99.82652578676719,100.78640297519375,137096021,Lloyds
2026-06-15,102.63614654541016,105.03582413584073,102.08621772922396,104.73586157640011,122036349,Lloyds
2026-06-16,104.03596496582031,104.6858711672551,102.63615232356618,102.83612228887453,104141542,Lloyds
2026-06-17,105.78572845458984,105.83571713154203,103.88598327800788,104.73586706984673,105409865,Lloyds
2026-06-18,106.03569030761719,106.08567898248714,104.5358927509514,105.83571272304285,143177282,Lloyds
2026-06-19,105.0858154296875,105.18580040920514,103.98596539826347,104.98583045016986,272953521,Lloyds
2026-06-22,109.18526458740234,109.18526458740234,104.22093808577236,105.03583057378678,223116460,Lloyds
2026-06-23,109.03528594970703,109.92516522737495,104.06695478311798,107.53548838576809,129195238,Lloyds
2026-06-24,107.73545837402344,109.03528598115807,107.53548841678652,108.43536085271754,177262180,Lloyds
2026-06-25,110.03514862060547,110.33510354990901,107.38550478908483,107.38550478908483,197719671,Lloyds
2026-06-26,109.18526458740234,110.13514099827506,108.13541082174122,109.28525719892123,193811050,Lloyds
2026-06-29,108.78532409667969,109.88517416245763,108.28439223927022,108.73532779117674,106141480,Lloyds
2026-06-30,111.08500671386719,112.10487334762676,109.18526157293653,109.98515667281207,157247918,Lloyds
2026-07-01,112.1348648071289,112.18485348168446,110.23511972162744,110.98501849524396,176089442,Lloyds
2026-07-02,114.63452911376953,114.98448035439253,111.28498273346673,111.43495638775879,247137631,Lloyds
2026-07-03,115.03447723388672,115.43441715182071,113.28471339364816,114.98448092996249,134138615,Lloyds
2026-07-06,115.33443450927734,115.98434833163626,114.18458815100621,115.18445322283065,135372893,Lloyds
2026-07-07,113.83463287353516,115.7343779684527,113.83463287353516,115.7343779684527,84064881,Lloyds
2026-07-08,110.48509216308594,113.98461996915653,110.48509216308594,113.68465739157581,117518740,Lloyds
2026-07-09,111.68492126464844,112.50281165594362,111.5849362869051,111.83490254544583,92279275,Lloyds
2026-07-10,112.1348648071289,113.03474486114169,111.58493598846421,111.88489854925673,104607880,Lloyds
2026-07-13,110.78504943847656,112.63479823605442,110.38510189696558,111.88489945635814,90678286,Lloyds
2026-07-14,111.93489074707031,112.48481958304455,109.08527684330619,110.13513821076063,131358848,Lloyds
2026-07-15,112.48481750488281,112.83476874478058,110.93502363458069,111.68492241794657,93655434,Lloyds
2026-07-16,112.63480377197266,113.20972314665073,111.03502115566542,112.48482248298896,149375768,Lloyds
2026-07-17,111.48495483398438,111.48495483398438,108.93529586491046,111.38496985307982,131512154,Lloyds
2026-07-20,110.93502807617188,112.4348257029522,110.23512556835381,110.68506180504183,223925928,Lloyds
2026-07-21,113.2347183227539,113.2347183227539,110.28412012404466,111.1350032172765,125532585,Lloyds
2026-07-22,114.83450317382812,115.53441330844106,113.13473558530347,113.33470555041278,122777033,Lloyds
2026-07-23,112.43482208251953,114.78451105817356,112.3348371029601,114.78451105817356,178840138,Lloyds
2026-07-24,113.48468017578125,114.13459396677806,112.08486761710307,112.43481884968142,80805596,Lloyds
2026-07-27,114.68451690673828,115.4344156858888,113.93461812758778,115.03447577303375,170584786,Lloyds
2026-07-28,113.03474426269531,115.13445929203195,112.08486791079117,115.13445929203195,118337711,Lloyds
2026-07-29,111.33496856689453,113.78464244545617,111.33496856689453,113.48467988779892,82994855,Lloyds
2026-07-30,115.63439178466797,116.18431297195907,107.58547527387623,109.4852203489836,180358508,Lloyds
2026-07-31,114.68451690673828,117.68411202334032,113.83463314937401,116.98420954747913,171072558,Lloyds
2026-08-03,116.58426666259766,116.73424795009093,115.03448036747422,116.18431910540397,111049507,Lloyds
2026-08-04,117.03421020507812,117.88409399406271,115.58440126776078,117.08419888186243,186249486,Lloyds
2026-08-05,117.08419799804688,117.43414924635594,115.88436296716861,117.33416426517692,275724367,Lloyds
2026-08-06,114.69999694824219,117.0999984741211,114.69999694824219,115.94999694824219,103069655,Lloyds
2026-08-07,115.1500015258789,116.25,113.9000015258789,114.4000015258789,212351175,Lloyds
2026-08-10,114.6500015258789,115.05000305175781,114.3499984741211,114.9000015258789,125890758,Lloyds
2026-08-11,113.80000305175781,114.5,112.96900177001953,114.19999694824219,167448882,Lloyds
2026-08-12,115.19999694824219,115.19999694824219,113.9000015258789,114.0999984741211,76063752,Lloyds
2026-08-13,115.30000305175781,116.55000305175781,114.94999694824219,115.9000015258789,178883815,Lloyds
2026-08-14,115.19999694824219,115.80000305175781,114.19999694824219,115.5,89453469,Lloyds
2026-08-17,114.69999694824219,116.05000305175781,114.55000305175781,115.55000305175781,76457161,Lloyds
2026-08-18,112.75,114.6500015258789,112.69999694824219,114.5,205098198,Lloyds
2026-08-19,110.3499984741211,112.9000015258789,110.3499984741211,112.44999694824219,115206024,Lloyds
2026-08-20,109.75,110.8479995727539,109.30000305175781,110.25,86253702,Lloyds
2026-08-21,111.25,111.63899993896484,109.5,109.8499984741211,92666524,Lloyds
2026-08-24,111.5999984741211,111.94999694824219,110.8499984741211,111.1500015258789,73937357,Lloyds
